producto_id,nombre_producto,categoria,mes_pronosticado,horizonte,prediccion_xgboost,prediccion_baseline,prediccion_final,metodo_usado
0002101,OMEPRAZOL CÁPSULA 20MG,MEDICAMENTOS,2022-07,1,1686.06,1991.67,1686.06,XGBoost
0002101,OMEPRAZOL CÁPSULA 20MG,MEDICAMENTOS,2022-08,2,1741.2,1638.35,1741.2,XGBoost
0002101,OMEPRAZOL CÁPSULA 20MG,MEDICAMENTOS,2022-09,3,1727.06,1622.09,1727.06,XGBoost
0004721,OXACILINA POLVO LIOFILIZADO 1G,MEDICAMENTOS,2022-07,1,0.3,16.33,16.33,Media móvil
0004721,OXACILINA POLVO LIOFILIZADO 1G,MEDICAMENTOS,2022-08,2,0.01,5.44,5.44,Media móvil
0004721,OXACILINA POLVO LIOFILIZADO 1G,MEDICAMENTOS,2022-09,3,0.2,7.26,7.26,Media móvil
0006422,"OXIMETAZOLINA SOLUCIÓN NASAL 0,05% ",MEDICAMENTOS,2022-07,1,0.44,1.33,1.33,Media móvil
0006422,"OXIMETAZOLINA SOLUCIÓN NASAL 0,05% ",MEDICAMENTOS,2022-08,2,0.3,1.44,1.44,Media móvil
0006422,"OXIMETAZOLINA SOLUCIÓN NASAL 0,05% ",MEDICAMENTOS,2022-09,3,0.64,0.93,0.64,XGBoost
100317,"LACTULOSA SOLUCIÓN ORAL 66,7%/15ML",MEDICAMENTOS,2022-07,1,181.44,170.67,181.44,XGBoost
100317,"LACTULOSA SOLUCIÓN ORAL 66,7%/15ML",MEDICAMENTOS,2022-08,2,173.05,170.48,173.05,XGBoost
100317,"LACTULOSA SOLUCIÓN ORAL 66,7%/15ML",MEDICAMENTOS,2022-09,3,187.18,162.5,187.18,XGBoost
103662,PALIVIZUMAB POLVO LIOFILIZADO 50 MG,MEDICAMENTOS,2022-07,1,2.06,1.33,2.06,XGBoost
103662,PALIVIZUMAB POLVO LIOFILIZADO 50 MG,MEDICAMENTOS,2022-08,2,1.51,2.02,1.51,XGBoost
103662,PALIVIZUMAB POLVO LIOFILIZADO 50 MG,MEDICAMENTOS,2022-09,3,2.2,1.52,2.2,XGBoost
105719,CLARITROMICINA 250MG/5ML GRANULOS PARA RECONSTITUIR A SUSPENSION ORAL,MEDICAMENTOS,2022-07,1,0.28,0.33,0.28,XGBoost
105719,CLARITROMICINA 250MG/5ML GRANULOS PARA RECONSTITUIR A SUSPENSION ORAL,MEDICAMENTOS,2022-08,2,0.3,0.09,0.3,XGBoost
105719,CLARITROMICINA 250MG/5ML GRANULOS PARA RECONSTITUIR A SUSPENSION ORAL,MEDICAMENTOS,2022-09,3,0.3,0.19,0.3,XGBoost
110028,"EPOPROSTENOL POLVO LIOFILIZADO 1,5MG",MEDICAMENTOS,2022-07,1,0.28,0.0,0.28,XGBoost
110028,"EPOPROSTENOL POLVO LIOFILIZADO 1,5MG",MEDICAMENTOS,2022-08,2,0.35,0.09,0.35,XGBoost
110028,"EPOPROSTENOL POLVO LIOFILIZADO 1,5MG",MEDICAMENTOS,2022-09,3,0.35,0.21,0.35,XGBoost
118494,DEXAMETASONA SOLUCIÓN OFTÁLMICA 5ML,MEDICAMENTOS,2022-07,1,1.13,2.0,2.0,Media móvil
118494,DEXAMETASONA SOLUCIÓN OFTÁLMICA 5ML,MEDICAMENTOS,2022-08,2,1.12,1.67,1.67,Media móvil
118494,DEXAMETASONA SOLUCIÓN OFTÁLMICA 5ML,MEDICAMENTOS,2022-09,3,1.33,2.22,2.22,Media móvil
119580,N-ACETILCISTEINA GRANULOS PARA SUSPENCIÓN ORAL 200MG,MEDICAMENTOS,2022-07,1,0.24,0.0,0.24,XGBoost
119580,N-ACETILCISTEINA GRANULOS PARA SUSPENCIÓN ORAL 200MG,MEDICAMENTOS,2022-08,2,0.25,0.08,0.25,XGBoost
119580,N-ACETILCISTEINA GRANULOS PARA SUSPENCIÓN ORAL 200MG,MEDICAMENTOS,2022-09,3,0.25,0.16,0.25,XGBoost
120804,CARBOXIMETILCELULOSA 0.5 % SOL. OFTALMICA ,MEDICAMENTOS,2022-07,1,0.08,0.67,0.67,Media móvil
120804,CARBOXIMETILCELULOSA 0.5 % SOL. OFTALMICA ,MEDICAMENTOS,2022-08,2,0.14,0.22,0.14,XGBoost
120804,CARBOXIMETILCELULOSA 0.5 % SOL. OFTALMICA ,MEDICAMENTOS,2022-09,3,0.14,0.27,0.14,XGBoost
120898,"FRESUBIN HP ENERGY SOLUCIÓN ORAL 1,5KCAL/1ML (1500KCAL/1000ML) ALIMENTO LÍQUIDO ",NUTRICION,2022-07,1,52.58,126.67,126.67,Media móvil
120898,"FRESUBIN HP ENERGY SOLUCIÓN ORAL 1,5KCAL/1ML (1500KCAL/1000ML) ALIMENTO LÍQUIDO ",NUTRICION,2022-08,2,29.06,140.89,140.89,Media móvil
120898,"FRESUBIN HP ENERGY SOLUCIÓN ORAL 1,5KCAL/1ML (1500KCAL/1000ML) ALIMENTO LÍQUIDO ",NUTRICION,2022-09,3,35.84,126.52,126.52,Media móvil
120900,"(FRESUBIN HP ENERGY SOLUCIÓN ORAL 1,5KCAL/1ML (750KCAL/500ML)) ALIMENTO LÍQUIDO ",NUTRICION,2022-07,1,94.65,114.33,114.33,Media móvil
120900,"(FRESUBIN HP ENERGY SOLUCIÓN ORAL 1,5KCAL/1ML (750KCAL/500ML)) ALIMENTO LÍQUIDO ",NUTRICION,2022-08,2,117.63,116.78,116.78,Media móvil
120900,"(FRESUBIN HP ENERGY SOLUCIÓN ORAL 1,5KCAL/1ML (750KCAL/500ML)) ALIMENTO LÍQUIDO ",NUTRICION,2022-09,3,47.35,152.7,152.7,Media móvil
125690,FINASTERIDE 5MG TABLETA ,MEDICAMENTOS,2022-07,1,0.29,0.0,0.29,XGBoost
125690,FINASTERIDE 5MG TABLETA ,MEDICAMENTOS,2022-08,2,0.14,0.1,0.14,XGBoost
125690,FINASTERIDE 5MG TABLETA ,MEDICAMENTOS,2022-09,3,0.44,0.14,0.44,XGBoost
129788,POSACONAZOL 100MG TABLETA,MEDICAMENTOS,2022-07,1,0.0,0.0,0.0,XGBoost
129788,POSACONAZOL 100MG TABLETA,MEDICAMENTOS,2022-08,2,0.0,0.0,0.0,XGBoost
129788,POSACONAZOL 100MG TABLETA,MEDICAMENTOS,2022-09,3,0.4,0.0,0.4,XGBoost
131059,HIDROXICLOROQUINA SULFATO TABLETA 200MG,MEDICAMENTOS,2022-07,1,0.54,84.67,84.67,Media móvil
131059,HIDROXICLOROQUINA SULFATO TABLETA 200MG,MEDICAMENTOS,2022-08,2,0.0,112.89,112.89,Media móvil
131059,HIDROXICLOROQUINA SULFATO TABLETA 200MG,MEDICAMENTOS,2022-09,3,0.0,72.85,72.85,Media móvil
131589,"TIOTROPIO BROMURO SUSPENSIÓN PARA INHALACIÓN 2,5MCG/1PUFF/60PUFF",MEDICAMENTOS,2022-07,1,0.89,2.0,2.0,Media móvil
131589,"TIOTROPIO BROMURO SUSPENSIÓN PARA INHALACIÓN 2,5MCG/1PUFF/60PUFF",MEDICAMENTOS,2022-08,2,1.05,1.0,1.05,XGBoost
131589,"TIOTROPIO BROMURO SUSPENSIÓN PARA INHALACIÓN 2,5MCG/1PUFF/60PUFF",MEDICAMENTOS,2022-09,3,0.91,1.35,0.91,XGBoost
134746,LEVETIRACETAM SOL. INYECTABLE 500MG/5ML,MEDICAMENTOS,2022-07,1,231.73,149.67,231.73,XGBoost
134746,LEVETIRACETAM SOL. INYECTABLE 500MG/5ML,MEDICAMENTOS,2022-08,2,208.79,190.58,208.79,XGBoost
134746,LEVETIRACETAM SOL. INYECTABLE 500MG/5ML,MEDICAMENTOS,2022-09,3,165.16,227.17,165.16,XGBoost
136905,CICLOSERINA 250MG TABLETA ,MEDICAMENTOS,2022-07,1,0.1,6.0,6.0,Media móvil
136905,CICLOSERINA 250MG TABLETA ,MEDICAMENTOS,2022-08,2,0.0,8.0,8.0,Media móvil
136905,CICLOSERINA 250MG TABLETA ,MEDICAMENTOS,2022-09,3,0.0,4.67,4.67,Media móvil
145329,DEXMEDETOMIDINA 200MCG/2ML SOL. INYECTABLE,MEDICAMENTOS,2022-07,1,365.15,422.0,365.15,XGBoost
145329,DEXMEDETOMIDINA 200MCG/2ML SOL. INYECTABLE,MEDICAMENTOS,2022-08,2,405.74,454.72,405.74,XGBoost
145329,DEXMEDETOMIDINA 200MCG/2ML SOL. INYECTABLE,MEDICAMENTOS,2022-09,3,380.98,413.63,380.98,XGBoost
145537,CISATRACURIO 10MG/5ML SOL. INYECTABLE,MEDICAMENTOS,2022-07,1,0.99,50.67,50.67,Media móvil
145537,CISATRACURIO 10MG/5ML SOL. INYECTABLE,MEDICAMENTOS,2022-08,2,0.0,67.56,67.56,Media móvil
145537,CISATRACURIO 10MG/5ML SOL. INYECTABLE,MEDICAMENTOS,2022-09,3,0.36,39.41,39.41,Media móvil
145933,LEVOTIROXINA SODICA TABLETA 25MCG,MEDICAMENTOS,2022-07,1,79.81,58.0,79.81,XGBoost
145933,LEVOTIROXINA SODICA TABLETA 25MCG,MEDICAMENTOS,2022-08,2,87.81,67.6,87.81,XGBoost
145933,LEVOTIROXINA SODICA TABLETA 25MCG,MEDICAMENTOS,2022-09,3,86.5,75.21,86.5,XGBoost
151766,CLOBAZAM TABLETA 10 MG ,CONTROLADOS,2022-07,1,2.22,56.33,56.33,Media móvil
151766,CLOBAZAM TABLETA 10 MG ,CONTROLADOS,2022-08,2,10.49,18.78,10.49,XGBoost
151766,CLOBAZAM TABLETA 10 MG ,CONTROLADOS,2022-09,3,5.76,22.27,22.27,Media móvil
152912,PARACETAMOL SOLUCIÓN INYECTABLE 1G/100ML,MEDICAMENTOS,2022-07,1,27.52,11.0,11.0,Media móvil
152912,PARACETAMOL SOLUCIÓN INYECTABLE 1G/100ML,MEDICAMENTOS,2022-08,2,20.14,5.0,5.0,Media móvil
152912,PARACETAMOL SOLUCIÓN INYECTABLE 1G/100ML,MEDICAMENTOS,2022-09,3,11.19,5.33,5.33,Media móvil
153257,ANFOTERICINA B LIPOSOMAL 50MG POLVO LIOFILIZADO 50MG,MEDICAMENTOS,2022-07,1,53.5,55.33,55.33,Media móvil
153257,ANFOTERICINA B LIPOSOMAL 50MG POLVO LIOFILIZADO 50MG,MEDICAMENTOS,2022-08,2,38.36,42.44,42.44,Media móvil
153257,ANFOTERICINA B LIPOSOMAL 50MG POLVO LIOFILIZADO 50MG,MEDICAMENTOS,2022-09,3,43.28,50.59,50.59,Media móvil
157471,OCTEOTRIDE ACETATO SOLUCIÓN INYECTABLE 20MG,MEDICAMENTOS,2022-07,1,5.49,0.0,5.49,XGBoost
157471,OCTEOTRIDE ACETATO SOLUCIÓN INYECTABLE 20MG,MEDICAMENTOS,2022-08,2,11.92,1.83,11.92,XGBoost
157471,OCTEOTRIDE ACETATO SOLUCIÓN INYECTABLE 20MG,MEDICAMENTOS,2022-09,3,19.13,5.8,19.13,XGBoost
160729,LEVETIRACETAM 1000MG TABLETA,MEDICAMENTOS,2022-07,1,0.0,9.67,9.67,Media móvil
160729,LEVETIRACETAM 1000MG TABLETA,MEDICAMENTOS,2022-08,2,0.0,3.22,3.22,Media móvil
160729,LEVETIRACETAM 1000MG TABLETA,MEDICAMENTOS,2022-09,3,0.0,4.3,4.3,Media móvil
162236,INSULINA DEGLUDEC SOL. INYECTABLE 100UI/ML x 3 ML,MEDICAMENTOS,2022-07,1,2.73,4.33,4.33,Media móvil
162236,INSULINA DEGLUDEC SOL. INYECTABLE 100UI/ML x 3 ML,MEDICAMENTOS,2022-08,2,2.71,4.44,4.44,Media móvil
162236,INSULINA DEGLUDEC SOL. INYECTABLE 100UI/ML x 3 ML,MEDICAMENTOS,2022-09,3,2.54,4.26,4.26,Media móvil
162378,ACETAMINOFEN/HIDROCODONA TABLETA 325MG/5MG,MEDICAMENTOS,2022-07,1,0.51,0.0,0.51,XGBoost
162378,ACETAMINOFEN/HIDROCODONA TABLETA 325MG/5MG,MEDICAMENTOS,2022-08,2,0.52,0.17,0.52,XGBoost
162378,ACETAMINOFEN/HIDROCODONA TABLETA 325MG/5MG,MEDICAMENTOS,2022-09,3,0.51,0.34,0.51,XGBoost
162558,LEVOFLOXACINA SOLUCIÓN INYECTABLE 500MG/100ML,MEDICAMENTOS,2022-07,1,3.1,12.67,12.67,Media móvil
162558,LEVOFLOXACINA SOLUCIÓN INYECTABLE 500MG/100ML,MEDICAMENTOS,2022-08,2,6.98,16.89,16.89,Media móvil
162558,LEVOFLOXACINA SOLUCIÓN INYECTABLE 500MG/100ML,MEDICAMENTOS,2022-09,3,6.23,14.19,14.19,Media móvil
162958,INDACATEROL/GLICOPIRRONIO POLVO PARA INHALACIÓN EN CÁPSULA 110MCG/50MCG,MEDICAMENTOS,2022-07,1,15.75,10.0,15.75,XGBoost
162958,INDACATEROL/GLICOPIRRONIO POLVO PARA INHALACIÓN EN CÁPSULA 110MCG/50MCG,MEDICAMENTOS,2022-08,2,3.61,5.25,3.61,XGBoost
162958,INDACATEROL/GLICOPIRRONIO POLVO PARA INHALACIÓN EN CÁPSULA 110MCG/50MCG,MEDICAMENTOS,2022-09,3,7.71,6.45,7.71,XGBoost
164333,FOSFOMICINA DISODICA 4G POLVO LIOFILIZADO ,MEDICAMENTOS,2022-07,1,1.66,5.67,5.67,Media móvil
164333,FOSFOMICINA DISODICA 4G POLVO LIOFILIZADO ,MEDICAMENTOS,2022-08,2,0.91,6.56,6.56,Media móvil
164333,FOSFOMICINA DISODICA 4G POLVO LIOFILIZADO ,MEDICAMENTOS,2022-09,3,1.35,5.74,5.74,Media móvil
171762,"NEPRO BP SOLUCIÓN ORAL 1,8KCAL/1ML (426,6KCAL/237ML)) ALIMENTO PARA PROPÓSITOS",NUTRICION,2022-07,1,3.99,18.0,18.0,Media móvil
171762,"NEPRO BP SOLUCIÓN ORAL 1,8KCAL/1ML (426,6KCAL/237ML)) ALIMENTO PARA PROPÓSITOS",NUTRICION,2022-08,2,5.9,18.33,18.33,Media móvil
171762,"NEPRO BP SOLUCIÓN ORAL 1,8KCAL/1ML (426,6KCAL/237ML)) ALIMENTO PARA PROPÓSITOS",NUTRICION,2022-09,3,7.22,14.44,14.44,Media móvil
19973360,DOBUTAMINA 250MG/20ML SOL. INYECTABLE,MEDICAMENTOS,2022-07,1,46.22,40.0,40.0,Media móvil
19973360,DOBUTAMINA 250MG/20ML SOL. INYECTABLE,MEDICAMENTOS,2022-08,2,35.8,34.33,34.33,Media móvil
19973360,DOBUTAMINA 250MG/20ML SOL. INYECTABLE,MEDICAMENTOS,2022-09,3,43.07,36.11,36.11,Media móvil
200061,SENSOR NEONATAL ADHESIVO M-LNCS PARA EQUIPOS  MARCA MASIMO,DISPOSITIVOS MEDICO,2022-07,1,0.61,1.67,1.67,Media móvil
200061,SENSOR NEONATAL ADHESIVO M-LNCS PARA EQUIPOS  MARCA MASIMO,DISPOSITIVOS MEDICO,2022-08,2,0.88,0.56,0.88,XGBoost
200061,SENSOR NEONATAL ADHESIVO M-LNCS PARA EQUIPOS  MARCA MASIMO,DISPOSITIVOS MEDICO,2022-09,3,0.63,0.85,0.63,XGBoost
200072,SENSOR SPO2 NEONATAL EM0602,DISPOSITIVOS MEDICO,2022-07,1,0.13,0.0,0.13,XGBoost
200072,SENSOR SPO2 NEONATAL EM0602,DISPOSITIVOS MEDICO,2022-08,2,0.17,0.04,0.17,XGBoost
200072,SENSOR SPO2 NEONATAL EM0602,DISPOSITIVOS MEDICO,2022-09,3,0.01,0.1,0.1,Media móvil
2001990802,SACCHAROMYCES BOULARDII POLVO PARA SUSPENSIÓN ORAL 250MG,MEDICAMENTOS,2022-07,1,1.93,0.0,1.93,XGBoost
2001990802,SACCHAROMYCES BOULARDII POLVO PARA SUSPENSIÓN ORAL 250MG,MEDICAMENTOS,2022-08,2,3.54,0.64,3.54,XGBoost
2001990802,SACCHAROMYCES BOULARDII POLVO PARA SUSPENSIÓN ORAL 250MG,MEDICAMENTOS,2022-09,3,3.44,1.82,3.44,XGBoost
20039341,TICAGRELOR TABLETA 90MG,MEDICAMENTOS,2022-07,1,0.4,1.0,1.0,Media móvil
20039341,TICAGRELOR TABLETA 90MG,MEDICAMENTOS,2022-08,2,0.9,0.33,0.9,XGBoost
20039341,TICAGRELOR TABLETA 90MG,MEDICAMENTOS,2022-09,3,0.69,0.63,0.69,XGBoost
6421,"OXIMETAZOLINA SOLUCIÓN NASAL 0, 025% ",MEDICAMENTOS,2022-07,1,0.19,0.67,0.67,Media móvil
6421,"OXIMETAZOLINA SOLUCIÓN NASAL 0, 025% ",MEDICAMENTOS,2022-08,2,0.24,0.22,0.24,XGBoost
6421,"OXIMETAZOLINA SOLUCIÓN NASAL 0, 025% ",MEDICAMENTOS,2022-09,3,0.24,0.3,0.24,XGBoost
700010,NIFEDIPINO CÁPSULA 10MG,MEDICAMENTOS,2022-07,1,173.42,184.0,173.42,XGBoost
700010,NIFEDIPINO CÁPSULA 10MG,MEDICAMENTOS,2022-08,2,167.86,222.14,167.86,XGBoost
700010,NIFEDIPINO CÁPSULA 10MG,MEDICAMENTOS,2022-09,3,128.27,210.09,128.27,XGBoost
700021,ALFAMETILDOPA TABLETA 250MG,MEDICAMENTOS,2022-07,1,24.9,17.0,17.0,Media móvil
700021,ALFAMETILDOPA TABLETA 250MG,MEDICAMENTOS,2022-08,2,20.97,13.67,13.67,Media móvil
700021,ALFAMETILDOPA TABLETA 250MG,MEDICAMENTOS,2022-09,3,24.29,11.89,11.89,Media móvil
700067,TRIMETOPRIM/SULFAMETOXAZOL TABLETA 160MG/800MG,MEDICAMENTOS,2022-07,1,65.27,72.67,72.67,Media móvil
700067,TRIMETOPRIM/SULFAMETOXAZOL TABLETA 160MG/800MG,MEDICAMENTOS,2022-08,2,67.23,84.22,84.22,Media móvil
700067,TRIMETOPRIM/SULFAMETOXAZOL TABLETA 160MG/800MG,MEDICAMENTOS,2022-09,3,66.12,86.96,86.96,Media móvil
700131,CLOTRIMAZOL 100MG TABLETA VAGINAL,MEDICAMENTOS,2022-07,1,1.88,3.0,1.88,XGBoost
700131,CLOTRIMAZOL 100MG TABLETA VAGINAL,MEDICAMENTOS,2022-08,2,1.73,1.29,1.73,XGBoost
700131,CLOTRIMAZOL 100MG TABLETA VAGINAL,MEDICAMENTOS,2022-09,3,1.71,1.87,1.71,XGBoost
700142,WARFARINA SODICA TABLETA 5MG,MEDICAMENTOS,2022-07,1,38.67,27.67,27.67,Media móvil
700142,WARFARINA SODICA TABLETA 5MG,MEDICAMENTOS,2022-08,2,54.48,22.56,22.56,Media móvil
700142,WARFARINA SODICA TABLETA 5MG,MEDICAMENTOS,2022-09,3,59.15,20.41,20.41,Media móvil
700145,DIOSMINA TABLETA 500MG,MEDICAMENTOS,2022-07,1,0.0,6.67,6.67,Media móvil
700145,DIOSMINA TABLETA 500MG,MEDICAMENTOS,2022-08,2,0.0,8.89,8.89,Media móvil
700145,DIOSMINA TABLETA 500MG,MEDICAMENTOS,2022-09,3,0.0,5.19,5.19,Media móvil
700203,MUPIROCINA UNGÜENTO TÓPICO 2%/15G,MEDICAMENTOS,2022-07,1,0.14,0.33,0.33,Media móvil
700203,MUPIROCINA UNGÜENTO TÓPICO 2%/15G,MEDICAMENTOS,2022-08,2,0.13,0.44,0.44,Media móvil
700203,MUPIROCINA UNGÜENTO TÓPICO 2%/15G,MEDICAMENTOS,2022-09,3,0.15,0.26,0.15,XGBoost
700245,SULFADIAZINA DE PLATA CREMA TOPICA 1% ,MEDICAMENTOS,2022-07,1,0.2,0.33,0.2,XGBoost
700245,SULFADIAZINA DE PLATA CREMA TOPICA 1% ,MEDICAMENTOS,2022-08,2,0.22,0.07,0.22,XGBoost
700245,SULFADIAZINA DE PLATA CREMA TOPICA 1% ,MEDICAMENTOS,2022-09,3,0.22,0.14,0.22,XGBoost
700290,"BETAMETILDIGOXINA 0,6MG/ML/45 GOTAS SOLUCIÓN ORAL ",MEDICAMENTOS,2022-07,1,1.2,2.0,1.2,XGBoost
700290,"BETAMETILDIGOXINA 0,6MG/ML/45 GOTAS SOLUCIÓN ORAL ",MEDICAMENTOS,2022-08,2,1.29,1.07,1.29,XGBoost
700290,"BETAMETILDIGOXINA 0,6MG/ML/45 GOTAS SOLUCIÓN ORAL ",MEDICAMENTOS,2022-09,3,1.38,1.5,1.38,XGBoost
700302,GLUTAPAK 10 ENTEREX ALIMENTO 15g,NUTRICION,2022-07,1,0.0,1.67,1.67,Media móvil
700302,GLUTAPAK 10 ENTEREX ALIMENTO 15g,NUTRICION,2022-08,2,0.22,1.22,1.22,Media móvil
700302,GLUTAPAK 10 ENTEREX ALIMENTO 15g,NUTRICION,2022-09,3,0.22,0.96,0.96,Media móvil
700307,PREPARADO MAGISTRAL DE OMEPRAZOL ENTERAL 20 MG/10 ML,MEDICAMENTOS,2022-07,1,16.65,86.33,86.33,Media móvil
700307,PREPARADO MAGISTRAL DE OMEPRAZOL ENTERAL 20 MG/10 ML,MEDICAMENTOS,2022-08,2,9.82,87.11,87.11,Media móvil
700307,PREPARADO MAGISTRAL DE OMEPRAZOL ENTERAL 20 MG/10 ML,MEDICAMENTOS,2022-09,3,21.16,77.15,77.15,Media móvil
700308,PREPARADO MAGISTRAL DE NIFEDIPINO ENTERAL 30 MG/ 10 ML,MEDICAMENTOS,2022-07,1,0.0,6.0,6.0,Media móvil
700308,PREPARADO MAGISTRAL DE NIFEDIPINO ENTERAL 30 MG/ 10 ML,MEDICAMENTOS,2022-08,2,0.0,8.0,8.0,Media móvil
700308,PREPARADO MAGISTRAL DE NIFEDIPINO ENTERAL 30 MG/ 10 ML,MEDICAMENTOS,2022-09,3,0.0,4.67,4.67,Media móvil
700310,TROPICAMIDA 1% 15ML SOLUCION OFTALMICA,MEDICAMENTOS,2022-07,1,0.0,0.33,0.33,Media móvil
700310,TROPICAMIDA 1% 15ML SOLUCION OFTALMICA,MEDICAMENTOS,2022-08,2,0.07,0.11,0.07,XGBoost
700310,TROPICAMIDA 1% 15ML SOLUCION OFTALMICA,MEDICAMENTOS,2022-09,3,0.18,0.14,0.18,XGBoost
700319,circuito neonatal REFERENCIA MP02650,DISPOSITIVOS MEDICO,2022-07,1,1.31,4.0,4.0,Media móvil
700319,circuito neonatal REFERENCIA MP02650,DISPOSITIVOS MEDICO,2022-08,2,1.41,3.33,3.33,Media móvil
700319,circuito neonatal REFERENCIA MP02650,DISPOSITIVOS MEDICO,2022-09,3,1.53,3.11,3.11,Media móvil
700320,LEVETIRACETAM 100 MG/ML SOLUCION ORAL x 300 ML,MEDICAMENTOS,2022-07,1,0.43,1.33,1.33,Media móvil
700320,LEVETIRACETAM 100 MG/ML SOLUCION ORAL x 300 ML,MEDICAMENTOS,2022-08,2,0.43,1.78,1.78,Media móvil
700320,LEVETIRACETAM 100 MG/ML SOLUCION ORAL x 300 ML,MEDICAMENTOS,2022-09,3,0.63,1.04,0.63,XGBoost
700326,IPRATROPIO BROMURO SOL. PARA INHALACIÓN 250MCG/1ML x 20ML,MEDICAMENTOS,2022-07,1,2.75,1.33,1.33,Media móvil
700326,IPRATROPIO BROMURO SOL. PARA INHALACIÓN 250MCG/1ML x 20ML,MEDICAMENTOS,2022-08,2,3.53,1.11,1.11,Media móvil
700326,IPRATROPIO BROMURO SOL. PARA INHALACIÓN 250MCG/1ML x 20ML,MEDICAMENTOS,2022-09,3,3.53,0.81,0.81,Media móvil
700401,SUCRALFATO SUSPENSIÓN ORAL 20%/200ML,MEDICAMENTOS,2022-07,1,1.08,0.33,1.08,XGBoost
700401,SUCRALFATO SUSPENSIÓN ORAL 20%/200ML,MEDICAMENTOS,2022-08,2,1.35,0.69,1.35,XGBoost
700401,SUCRALFATO SUSPENSIÓN ORAL 20%/200ML,MEDICAMENTOS,2022-09,3,1.4,1.14,1.4,XGBoost
700410,EQUIPO PERFUSOR 50CC,DISPOSITIVOS MEDICO,2022-07,1,1.55,1.33,1.55,XGBoost
700410,EQUIPO PERFUSOR 50CC,DISPOSITIVOS MEDICO,2022-08,2,1.48,1.85,1.48,XGBoost
700410,EQUIPO PERFUSOR 50CC,DISPOSITIVOS MEDICO,2022-09,3,1.64,2.34,1.64,XGBoost
700422,FENOBARBITAL SOLUCIÓN ORAL 4MG/1ML ,CONTROLADOS,2022-07,1,0.72,0.67,0.67,Media móvil
700422,FENOBARBITAL SOLUCIÓN ORAL 4MG/1ML ,CONTROLADOS,2022-08,2,0.81,0.56,0.56,Media móvil
700422,FENOBARBITAL SOLUCIÓN ORAL 4MG/1ML ,CONTROLADOS,2022-09,3,0.73,0.41,0.41,Media móvil
700441,POTASIO GLUCONATO ELIXIR 20MEQ/15ML ,MEDICAMENTOS,2022-07,1,33.97,30.67,30.67,Media móvil
700441,POTASIO GLUCONATO ELIXIR 20MEQ/15ML ,MEDICAMENTOS,2022-08,2,39.73,32.89,32.89,Media móvil
700441,POTASIO GLUCONATO ELIXIR 20MEQ/15ML ,MEDICAMENTOS,2022-09,3,33.14,30.52,30.52,Media móvil
700525,PROPOFOL EMULSIÓN INYECTABLE 1%/20ML,MEDICAMENTOS,2022-07,1,1.87,3.0,1.87,XGBoost
700525,PROPOFOL EMULSIÓN INYECTABLE 1%/20ML,MEDICAMENTOS,2022-08,2,1.52,2.62,1.52,XGBoost
700525,PROPOFOL EMULSIÓN INYECTABLE 1%/20ML,MEDICAMENTOS,2022-09,3,1.81,1.8,1.81,XGBoost
700543,MIDAZOLAM 5MG/5ML SOL. INYECTABLE,CONTROLADOS,2022-07,1,8983.71,11077.33,8983.71,XGBoost
700543,MIDAZOLAM 5MG/5ML SOL. INYECTABLE,CONTROLADOS,2022-08,2,9277.57,12366.9,9277.57,XGBoost
700543,MIDAZOLAM 5MG/5ML SOL. INYECTABLE,CONTROLADOS,2022-09,3,9277.57,10888.43,9277.57,XGBoost
700544,SOMATOSTATINA POLVO LIOFILIZADO 3MG,MEDICAMENTOS,2022-07,1,0.39,31.33,31.33,Media móvil
700544,SOMATOSTATINA POLVO LIOFILIZADO 3MG,MEDICAMENTOS,2022-08,2,1.81,41.78,41.78,Media móvil
700544,SOMATOSTATINA POLVO LIOFILIZADO 3MG,MEDICAMENTOS,2022-09,3,2.52,38.7,38.7,Media móvil
700550,ROCURONIO BROMURO SOLUCIÓN INYECTABLE 50MG/5ML,MEDICAMENTOS,2022-07,1,0.19,13.33,13.33,Media móvil
700550,ROCURONIO BROMURO SOLUCIÓN INYECTABLE 50MG/5ML,MEDICAMENTOS,2022-08,2,0.0,17.78,17.78,Media móvil
700550,ROCURONIO BROMURO SOLUCIÓN INYECTABLE 50MG/5ML,MEDICAMENTOS,2022-09,3,0.0,18.37,18.37,Media móvil
700554,ASCORBICO ACIDO 500MG/5ML SOL. INYECTABLE (VITAMINA C),MEDICAMENTOS,2022-07,1,313.32,137.33,313.32,XGBoost
700554,ASCORBICO ACIDO 500MG/5ML SOL. INYECTABLE (VITAMINA C),MEDICAMENTOS,2022-08,2,265.19,241.77,265.19,XGBoost
700554,ASCORBICO ACIDO 500MG/5ML SOL. INYECTABLE (VITAMINA C),MEDICAMENTOS,2022-09,3,239.6,270.17,239.6,XGBoost
700567,ALIZAPRIDA SOL. INYECTABLE 50MG,MEDICAMENTOS,2022-07,1,0.15,0.0,0.15,XGBoost
700567,ALIZAPRIDA SOL. INYECTABLE 50MG,MEDICAMENTOS,2022-08,2,0.15,0.05,0.15,XGBoost
700567,ALIZAPRIDA SOL. INYECTABLE 50MG,MEDICAMENTOS,2022-09,3,0.15,0.1,0.15,XGBoost
700572,"METILERGOMETRINA SOL. INYECTABLE 0,2MG ",CONTROLADOS,2022-07,1,0.41,0.0,0.41,XGBoost
700572,"METILERGOMETRINA SOL. INYECTABLE 0,2MG ",CONTROLADOS,2022-08,2,0.32,0.14,0.32,XGBoost
700572,"METILERGOMETRINA SOL. INYECTABLE 0,2MG ",CONTROLADOS,2022-09,3,0.48,0.24,0.48,XGBoost
700575,"ENOXAPARINA 20MG/0,2ML SOL. INYECTABLE ",MEDICAMENTOS,2022-07,1,117.2,153.33,117.2,XGBoost
700575,"ENOXAPARINA 20MG/0,2ML SOL. INYECTABLE ",MEDICAMENTOS,2022-08,2,119.58,99.73,119.58,XGBoost
700575,"ENOXAPARINA 20MG/0,2ML SOL. INYECTABLE ",MEDICAMENTOS,2022-09,3,131.53,107.59,131.53,XGBoost
700577,"ENOXAPARINA 60MG/0,6ML SOL. INYECTABLE ",MEDICAMENTOS,2022-07,1,381.59,371.67,381.59,XGBoost
700577,"ENOXAPARINA 60MG/0,6ML SOL. INYECTABLE ",MEDICAMENTOS,2022-08,2,393.3,369.86,393.3,XGBoost
700577,"ENOXAPARINA 60MG/0,6ML SOL. INYECTABLE ",MEDICAMENTOS,2022-09,3,371.22,386.63,371.22,XGBoost
700578,"ENOXAPARINA 80MG/0,8ML SOL. INYECTABLE ",MEDICAMENTOS,2022-07,1,157.58,158.0,157.58,XGBoost
700578,"ENOXAPARINA 80MG/0,8ML SOL. INYECTABLE ",MEDICAMENTOS,2022-08,2,156.04,131.53,156.04,XGBoost
700578,"ENOXAPARINA 80MG/0,8ML SOL. INYECTABLE ",MEDICAMENTOS,2022-09,3,172.8,142.54,172.8,XGBoost
700587,MEPERIDINA 100MG/2ML SOL. INYECTABLE,CONTROLADOS,2022-07,1,27.11,61.33,61.33,Media móvil
700587,MEPERIDINA 100MG/2ML SOL. INYECTABLE,CONTROLADOS,2022-08,2,40.7,47.11,47.11,Media móvil
700587,MEPERIDINA 100MG/2ML SOL. INYECTABLE,CONTROLADOS,2022-09,3,44.46,46.81,46.81,Media móvil
700605,INMUNOGLOBULINA HUMANA NORMAL  6 GR/200ML SOL. INYECTABLE,MEDICAMENTOS,2022-07,1,4.65,0.0,4.65,XGBoost
700605,INMUNOGLOBULINA HUMANA NORMAL  6 GR/200ML SOL. INYECTABLE,MEDICAMENTOS,2022-08,2,11.07,1.55,11.07,XGBoost
700605,INMUNOGLOBULINA HUMANA NORMAL  6 GR/200ML SOL. INYECTABLE,MEDICAMENTOS,2022-09,3,7.36,5.24,7.36,XGBoost
700628,CLARITROMICINA 500MG POLVO LIOFILIZADO ,MEDICAMENTOS,2022-07,1,237.67,307.33,237.67,XGBoost
700628,CLARITROMICINA 500MG POLVO LIOFILIZADO ,MEDICAMENTOS,2022-08,2,203.1,342.56,203.1,XGBoost
700628,CLARITROMICINA 500MG POLVO LIOFILIZADO ,MEDICAMENTOS,2022-09,3,197.95,300.26,197.95,XGBoost
700629,FOSFOLIPIDOS NATURALES 200MG/8ML SUSPENSION INYECTABLE (SURFACTANTE PULMONAR),MEDICAMENTOS,2022-07,1,4.3,4.33,4.33,Media móvil
700629,FOSFOLIPIDOS NATURALES 200MG/8ML SUSPENSION INYECTABLE (SURFACTANTE PULMONAR),MEDICAMENTOS,2022-08,2,3.57,4.78,4.78,Media móvil
700629,FOSFOLIPIDOS NATURALES 200MG/8ML SUSPENSION INYECTABLE (SURFACTANTE PULMONAR),MEDICAMENTOS,2022-09,3,4.26,4.04,4.04,Media móvil
700630,ALPROSTADIL SOLUCIÓN INYECTABLE 500MCG/1ML,MEDICAMENTOS,2022-07,1,0.43,0.33,0.43,XGBoost
700630,ALPROSTADIL SOLUCIÓN INYECTABLE 500MCG/1ML,MEDICAMENTOS,2022-08,2,0.5,0.48,0.5,XGBoost
700630,ALPROSTADIL SOLUCIÓN INYECTABLE 500MCG/1ML,MEDICAMENTOS,2022-09,3,0.5,0.31,0.5,XGBoost
700631,"OCTREOTIDE SOLUCIÓN INYECTABLE 0,1MG/1ML",MEDICAMENTOS,2022-07,1,7.14,0.0,7.14,XGBoost
700631,"OCTREOTIDE SOLUCIÓN INYECTABLE 0,1MG/1ML",MEDICAMENTOS,2022-08,2,14.4,2.38,14.4,XGBoost
700631,"OCTREOTIDE SOLUCIÓN INYECTABLE 0,1MG/1ML",MEDICAMENTOS,2022-09,3,23.35,7.18,23.35,XGBoost
700634,MEROPENEM POLVO LIOFILIZADO 1000 MG,MEDICAMENTOS,2022-07,1,1625.99,1681.0,1625.99,XGBoost
700634,MEROPENEM POLVO LIOFILIZADO 1000 MG,MEDICAMENTOS,2022-08,2,1624.88,1710.33,1624.88,XGBoost
700634,MEROPENEM POLVO LIOFILIZADO 1000 MG,MEDICAMENTOS,2022-09,3,1596.6,1677.29,1596.6,XGBoost
700639,ANFOTERICINA B 50MG POLVO LIOFILIZADO ,MEDICAMENTOS,2022-07,1,6.5,30.67,30.67,Media móvil
700639,ANFOTERICINA B 50MG POLVO LIOFILIZADO ,MEDICAMENTOS,2022-08,2,6.58,39.89,39.89,Media móvil
700639,ANFOTERICINA B 50MG POLVO LIOFILIZADO ,MEDICAMENTOS,2022-09,3,8.89,32.85,32.85,Media móvil
700640,TRIMETOPRIM/SULFAMETOXAZOL  80MG/400MG/5ML SOL. INYECTABLE,MEDICAMENTOS,2022-07,1,494.88,852.67,494.88,XGBoost
700640,TRIMETOPRIM/SULFAMETOXAZOL  80MG/400MG/5ML SOL. INYECTABLE,MEDICAMENTOS,2022-08,2,691.41,648.96,691.41,XGBoost
700640,TRIMETOPRIM/SULFAMETOXAZOL  80MG/400MG/5ML SOL. INYECTABLE,MEDICAMENTOS,2022-09,3,714.48,666.1,714.48,XGBoost
700644,ADENOSINA 6MG/2ML SOL. INYECTABLE ,MEDICAMENTOS,2022-07,1,0.39,0.0,0.39,XGBoost
700644,ADENOSINA 6MG/2ML SOL. INYECTABLE ,MEDICAMENTOS,2022-08,2,0.4,0.13,0.4,XGBoost
700644,ADENOSINA 6MG/2ML SOL. INYECTABLE ,MEDICAMENTOS,2022-09,3,0.26,0.26,0.26,XGBoost
700645,CEFEPIME 1G POLVO LIOFILIZADO,MEDICAMENTOS,2022-07,1,855.66,931.67,855.66,XGBoost
700645,CEFEPIME 1G POLVO LIOFILIZADO,MEDICAMENTOS,2022-08,2,815.42,905.55,815.42,XGBoost
700645,CEFEPIME 1G POLVO LIOFILIZADO,MEDICAMENTOS,2022-09,3,699.73,901.69,699.73,XGBoost
700646,MILRINONA SOL. INYECTABLE 10MG/10ML,MEDICAMENTOS,2022-07,1,86.39,56.0,56.0,Media móvil
700646,MILRINONA SOL. INYECTABLE 10MG/10ML,MEDICAMENTOS,2022-08,2,73.67,46.67,46.67,Media móvil
700646,MILRINONA SOL. INYECTABLE 10MG/10ML,MEDICAMENTOS,2022-09,3,71.59,56.89,56.89,Media móvil
700651,KETOPROFENO SOLUCIÓN INYECTABLE 100MG/2ML,MEDICAMENTOS,2022-07,1,0.15,0.0,0.15,XGBoost
700651,KETOPROFENO SOLUCIÓN INYECTABLE 100MG/2ML,MEDICAMENTOS,2022-08,2,0.18,0.05,0.18,XGBoost
700651,KETOPROFENO SOLUCIÓN INYECTABLE 100MG/2ML,MEDICAMENTOS,2022-09,3,0.18,0.11,0.18,XGBoost
700694,LIDOCAINA CLORHIDRATO 2% JALEA 30G,MEDICAMENTOS,2022-07,1,120.83,133.67,120.83,XGBoost
700694,LIDOCAINA CLORHIDRATO 2% JALEA 30G,MEDICAMENTOS,2022-08,2,144.4,136.61,144.4,XGBoost
700694,LIDOCAINA CLORHIDRATO 2% JALEA 30G,MEDICAMENTOS,2022-09,3,140.21,119.74,140.21,XGBoost
700741,SACUBITRIL/ VALSARTAN 50 MG TABLETA,MEDICAMENTOS,2022-07,1,11.49,27.33,27.33,Media móvil
700741,SACUBITRIL/ VALSARTAN 50 MG TABLETA,MEDICAMENTOS,2022-08,2,14.18,28.44,28.44,Media móvil
700741,SACUBITRIL/ VALSARTAN 50 MG TABLETA,MEDICAMENTOS,2022-09,3,11.85,25.93,25.93,Media móvil
700749,"BUDESONIDA SUSPENSIÓN PARA INHALACIÓN 0,5MG/1ML (1MG/2ML)",MEDICAMENTOS,2022-07,1,2.2,3.33,2.2,XGBoost
700749,"BUDESONIDA SUSPENSIÓN PARA INHALACIÓN 0,5MG/1ML (1MG/2ML)",MEDICAMENTOS,2022-08,2,2.28,4.07,2.28,XGBoost
700749,"BUDESONIDA SUSPENSIÓN PARA INHALACIÓN 0,5MG/1ML (1MG/2ML)",MEDICAMENTOS,2022-09,3,2.33,2.83,2.33,XGBoost
700757,SALBUTAMOL 5 MG SOL. PARA NEBULIZACIÓN X 10 ML,MEDICAMENTOS,2022-07,1,0.58,1.33,1.33,Media móvil
700757,SALBUTAMOL 5 MG SOL. PARA NEBULIZACIÓN X 10 ML,MEDICAMENTOS,2022-08,2,0.72,0.44,0.72,XGBoost
700757,SALBUTAMOL 5 MG SOL. PARA NEBULIZACIÓN X 10 ML,MEDICAMENTOS,2022-09,3,0.51,0.68,0.51,XGBoost
700762,LIDOCAINA CLORHIDRATO SOLUCIÓN TÓPICA 10%/80G,MEDICAMENTOS,2022-07,1,0.3,0.33,0.3,XGBoost
700762,LIDOCAINA CLORHIDRATO SOLUCIÓN TÓPICA 10%/80G,MEDICAMENTOS,2022-08,2,0.32,0.1,0.32,XGBoost
700762,LIDOCAINA CLORHIDRATO SOLUCIÓN TÓPICA 10%/80G,MEDICAMENTOS,2022-09,3,0.32,0.21,0.32,XGBoost
700779,FENOBARBITAL TABLETA 100MG ,CONTROLADOS,2022-07,1,0.53,0.0,0.53,XGBoost
700779,FENOBARBITAL TABLETA 100MG ,CONTROLADOS,2022-08,2,0.48,0.18,0.48,XGBoost
700779,FENOBARBITAL TABLETA 100MG ,CONTROLADOS,2022-09,3,0.46,0.34,0.46,XGBoost
700786,GASA VASELINADA,DISPOSITIVOS MEDICO,2022-07,1,1.21,0.33,1.21,XGBoost
700786,GASA VASELINADA,DISPOSITIVOS MEDICO,2022-08,2,1.78,0.74,1.78,XGBoost
700786,GASA VASELINADA,DISPOSITIVOS MEDICO,2022-09,3,1.79,1.0,1.79,XGBoost
700791,DEGARELIX 80 MG POLVO PARA RECONSTITUCION,MEDICAMENTOS,2022-07,1,0.0,1.0,1.0,Media móvil
700791,DEGARELIX 80 MG POLVO PARA RECONSTITUCION,MEDICAMENTOS,2022-08,2,0.0,0.33,0.33,Media móvil
700791,DEGARELIX 80 MG POLVO PARA RECONSTITUCION,MEDICAMENTOS,2022-09,3,0.05,0.44,0.44,Media móvil
700800,HALOPERIDOL 5MG TABLETA  ,MEDICAMENTOS,2022-07,1,8.47,34.0,34.0,Media móvil
700800,HALOPERIDOL 5MG TABLETA  ,MEDICAMENTOS,2022-08,2,3.56,18.67,18.67,Media móvil
700800,HALOPERIDOL 5MG TABLETA  ,MEDICAMENTOS,2022-09,3,2.9,23.22,23.22,Media móvil
700809,"PIPERACILINA/TAZOBACTAM POLVO LIOFILIZADO 4,5G",MEDICAMENTOS,2022-07,1,3328.56,3003.33,3328.56,XGBoost
700809,"PIPERACILINA/TAZOBACTAM POLVO LIOFILIZADO 4,5G",MEDICAMENTOS,2022-08,2,3834.16,3194.19,3834.16,XGBoost
700809,"PIPERACILINA/TAZOBACTAM POLVO LIOFILIZADO 4,5G",MEDICAMENTOS,2022-09,3,3856.35,3462.24,3856.35,XGBoost
700813,FOSFOLIPIDOS NATURALES 100MG/4ML SUSPENSION INYECTABLE (SURFACTANTE PULMONAR),MEDICAMENTOS,2022-07,1,3.14,2.67,2.67,Media móvil
700813,FOSFOLIPIDOS NATURALES 100MG/4ML SUSPENSION INYECTABLE (SURFACTANTE PULMONAR),MEDICAMENTOS,2022-08,2,2.44,2.89,2.89,Media móvil
700813,FOSFOLIPIDOS NATURALES 100MG/4ML SUSPENSION INYECTABLE (SURFACTANTE PULMONAR),MEDICAMENTOS,2022-09,3,2.53,2.85,2.85,Media móvil
700815,"FOSFOLIPIDOS NATURALES 120MG/1,5ML SUSPENSION INYECTABLE SURFACTANTE PULMONAR)",MEDICAMENTOS,2022-07,1,1.08,2.33,2.33,Media móvil
700815,"FOSFOLIPIDOS NATURALES 120MG/1,5ML SUSPENSION INYECTABLE SURFACTANTE PULMONAR)",MEDICAMENTOS,2022-08,2,1.71,2.44,1.71,XGBoost
700815,"FOSFOLIPIDOS NATURALES 120MG/1,5ML SUSPENSION INYECTABLE SURFACTANTE PULMONAR)",MEDICAMENTOS,2022-09,3,2.12,1.68,2.12,XGBoost
700817,"BUPIVACAINA 0,5% x 10ML SOL. INYECTABLE",MEDICAMENTOS,2022-07,1,0.06,0.0,0.06,XGBoost
700817,"BUPIVACAINA 0,5% x 10ML SOL. INYECTABLE",MEDICAMENTOS,2022-08,2,0.07,0.02,0.07,XGBoost
700817,"BUPIVACAINA 0,5% x 10ML SOL. INYECTABLE",MEDICAMENTOS,2022-09,3,0.04,0.04,0.04,XGBoost
700820,DALTEPARINA SODICA 2.500 UI (ANTIFACTOR XA)  SOL. INYECTABLE,MEDICAMENTOS,2022-07,1,71.36,80.0,71.36,XGBoost
700820,DALTEPARINA SODICA 2.500 UI (ANTIFACTOR XA)  SOL. INYECTABLE,MEDICAMENTOS,2022-08,2,80.25,78.79,80.25,XGBoost
700820,DALTEPARINA SODICA 2.500 UI (ANTIFACTOR XA)  SOL. INYECTABLE,MEDICAMENTOS,2022-09,3,76.7,74.87,76.7,XGBoost
700821,DALTEPARINA SODICA 5.000 UI (ANTIFACTOR XA) SOL. INYECTABLE,MEDICAMENTOS,2022-07,1,22.78,27.33,27.33,Media móvil
700821,DALTEPARINA SODICA 5.000 UI (ANTIFACTOR XA) SOL. INYECTABLE,MEDICAMENTOS,2022-08,2,12.43,24.11,24.11,Media móvil
700821,DALTEPARINA SODICA 5.000 UI (ANTIFACTOR XA) SOL. INYECTABLE,MEDICAMENTOS,2022-09,3,19.11,32.15,32.15,Media móvil
700850,TRANEXAMICO ACIDO 500MG  SOL. INYECTABLE,MEDICAMENTOS,2022-07,1,130.43,103.0,130.43,XGBoost
700850,TRANEXAMICO ACIDO 500MG  SOL. INYECTABLE,MEDICAMENTOS,2022-08,2,164.07,119.48,164.07,XGBoost
700850,TRANEXAMICO ACIDO 500MG  SOL. INYECTABLE,MEDICAMENTOS,2022-09,3,150.97,131.17,150.97,XGBoost
700851,AGUA ESTERIL PARA INYECCION 5ML,MEDICAMENTOS,2022-07,1,2762.48,2856.0,2762.48,XGBoost
700851,AGUA ESTERIL PARA INYECCION 5ML,MEDICAMENTOS,2022-08,2,2494.15,2513.16,2494.15,XGBoost
700851,AGUA ESTERIL PARA INYECCION 5ML,MEDICAMENTOS,2022-09,3,2494.15,2474.21,2494.15,XGBoost
700860,EPINEFRINA 1MG/ML SOL. INYECTABLE ,MEDICAMENTOS,2022-07,1,74.82,57.0,57.0,Media móvil
700860,EPINEFRINA 1MG/ML SOL. INYECTABLE ,MEDICAMENTOS,2022-08,2,81.27,51.33,51.33,Media móvil
700860,EPINEFRINA 1MG/ML SOL. INYECTABLE ,MEDICAMENTOS,2022-09,3,76.16,47.44,47.44,Media móvil
700873,URSODEOXICOLICO ACIDO TABLETA 600MG,MEDICAMENTOS,2022-07,1,2.29,0.0,2.29,XGBoost
700873,URSODEOXICOLICO ACIDO TABLETA 600MG,MEDICAMENTOS,2022-08,2,2.79,0.76,2.79,XGBoost
700873,URSODEOXICOLICO ACIDO TABLETA 600MG,MEDICAMENTOS,2022-09,3,3.71,1.69,3.71,XGBoost
700883,"FENTANYL 0,5MG/10ML SOL. INYECTABLE",CONTROLADOS,2022-07,1,1361.47,1405.0,1361.47,XGBoost
700883,"FENTANYL 0,5MG/10ML SOL. INYECTABLE",CONTROLADOS,2022-08,2,1302.98,1581.49,1302.98,XGBoost
700883,"FENTANYL 0,5MG/10ML SOL. INYECTABLE",CONTROLADOS,2022-09,3,1307.78,1470.48,1307.78,XGBoost
700887,"BETAMETILDIGOXINA 0,2MG/2ML SOL. INYECTABLE",MEDICAMENTOS,2022-07,1,37.78,32.67,32.67,Media móvil
700887,"BETAMETILDIGOXINA 0,2MG/2ML SOL. INYECTABLE",MEDICAMENTOS,2022-08,2,37.16,33.89,33.89,Media móvil
700887,"BETAMETILDIGOXINA 0,2MG/2ML SOL. INYECTABLE",MEDICAMENTOS,2022-09,3,38.89,34.52,34.52,Media móvil
700893,FENITOINA 250MG/5ML SOL. INYECTABLE ,MEDICAMENTOS,2022-07,1,194.4,182.33,194.4,XGBoost
700893,FENITOINA 250MG/5ML SOL. INYECTABLE ,MEDICAMENTOS,2022-08,2,174.42,174.8,174.42,XGBoost
700893,FENITOINA 250MG/5ML SOL. INYECTABLE ,MEDICAMENTOS,2022-09,3,160.23,201.28,160.23,XGBoost
700895,"AMPICILINA/SULBACTAM 1,5G POLVO LIOFILIZADO ",MEDICAMENTOS,2022-07,1,3162.52,3239.67,3162.52,XGBoost
700895,"AMPICILINA/SULBACTAM 1,5G POLVO LIOFILIZADO ",MEDICAMENTOS,2022-08,2,3614.16,3181.17,3614.16,XGBoost
700895,"AMPICILINA/SULBACTAM 1,5G POLVO LIOFILIZADO ",MEDICAMENTOS,2022-09,3,3431.56,3227.9,3431.56,XGBoost
700901,COMPLEJO B SOLUCIÓN INYECTABLE 10ML,MEDICAMENTOS,2022-07,1,0.1,0.0,0.1,XGBoost
700901,COMPLEJO B SOLUCIÓN INYECTABLE 10ML,MEDICAMENTOS,2022-08,2,0.11,0.03,0.11,XGBoost
700901,COMPLEJO B SOLUCIÓN INYECTABLE 10ML,MEDICAMENTOS,2022-09,3,0.07,0.07,0.07,XGBoost
700907,"FITOMENADIONA 2MG/0,2ML SOL. INYECTABLE (VITAMINA K)",MEDICAMENTOS,2022-07,1,2.53,3.67,3.67,Media móvil
700907,"FITOMENADIONA 2MG/0,2ML SOL. INYECTABLE (VITAMINA K)",MEDICAMENTOS,2022-08,2,3.31,1.89,1.89,Media móvil
700907,"FITOMENADIONA 2MG/0,2ML SOL. INYECTABLE (VITAMINA K)",MEDICAMENTOS,2022-09,3,3.15,2.19,2.19,Media móvil
700917,CLEMASTINA SOLUCIÓN INYECTABLE 2MG,MEDICAMENTOS,2022-07,1,0.1,0.0,0.1,XGBoost
700917,CLEMASTINA SOLUCIÓN INYECTABLE 2MG,MEDICAMENTOS,2022-08,2,0.31,0.03,0.31,XGBoost
700917,CLEMASTINA SOLUCIÓN INYECTABLE 2MG,MEDICAMENTOS,2022-09,3,0.31,0.14,0.31,XGBoost
700944,METILPREDNISOLONA SUCCINATO 40MG/ML SOL. INYECTABLE,MEDICAMENTOS,2022-07,1,0.59,0.67,0.59,XGBoost
700944,METILPREDNISOLONA SUCCINATO 40MG/ML SOL. INYECTABLE,MEDICAMENTOS,2022-08,2,0.74,0.86,0.74,XGBoost
700944,METILPREDNISOLONA SUCCINATO 40MG/ML SOL. INYECTABLE,MEDICAMENTOS,2022-09,3,1.06,1.11,1.06,XGBoost
700948,MEDROXIPROGESTERONA ACETATO SUSPENSIÓN INYECTABLE 50MG/ML (150MG/3ML),MEDICAMENTOS,2022-07,1,23.9,20.33,20.33,Media móvil
700948,MEDROXIPROGESTERONA ACETATO SUSPENSIÓN INYECTABLE 50MG/ML (150MG/3ML),MEDICAMENTOS,2022-08,2,6.03,6.78,6.78,Media móvil
700948,MEDROXIPROGESTERONA ACETATO SUSPENSIÓN INYECTABLE 50MG/ML (150MG/3ML),MEDICAMENTOS,2022-09,3,21.57,9.04,9.04,Media móvil
700949,METILPREDNISOLONA ACETATO 40MG/ML SUSPENSION INYECTABLE,MEDICAMENTOS,2022-07,1,0.45,0.0,0.45,XGBoost
700949,METILPREDNISOLONA ACETATO 40MG/ML SUSPENSION INYECTABLE,MEDICAMENTOS,2022-08,2,0.37,0.15,0.37,XGBoost
700949,METILPREDNISOLONA ACETATO 40MG/ML SUSPENSION INYECTABLE,MEDICAMENTOS,2022-09,3,0.45,0.27,0.45,XGBoost
700964,"ENSURE PLUS HN SOLUCIÓN ORAL 1,5KCAL/1ML (355,5KCAL/237ML) ALIMENTO DE USO ESPEC",NUTRICION,2022-07,1,28.1,60.33,60.33,Media móvil
700964,"ENSURE PLUS HN SOLUCIÓN ORAL 1,5KCAL/1ML (355,5KCAL/237ML) ALIMENTO DE USO ESPEC",NUTRICION,2022-08,2,78.92,38.44,78.92,XGBoost
700964,"ENSURE PLUS HN SOLUCIÓN ORAL 1,5KCAL/1ML (355,5KCAL/237ML) ALIMENTO DE USO ESPEC",NUTRICION,2022-09,3,65.4,53.08,65.4,XGBoost
700966,JEVITY SOLUCIÓN ORAL 1KCAL/1ML (1500KCAL/1500ML)) ALIMENTO PARA PROPÓSITOS MÉD,NUTRICION,2022-07,1,20.31,32.33,32.33,Media móvil
700966,JEVITY SOLUCIÓN ORAL 1KCAL/1ML (1500KCAL/1500ML)) ALIMENTO PARA PROPÓSITOS MÉD,NUTRICION,2022-08,2,15.62,29.44,29.44,Media móvil
700966,JEVITY SOLUCIÓN ORAL 1KCAL/1ML (1500KCAL/1500ML)) ALIMENTO PARA PROPÓSITOS MÉD,NUTRICION,2022-09,3,19.35,30.26,30.26,Media móvil
700967,"ENSURE PLUS HN SOLUCIÓN ORAL 1,5KCAL/1ML (1500KCAL/1000ML) ALIMENTO DE USO ESPEC",NUTRICION,2022-07,1,8.85,11.0,8.85,XGBoost
700967,"ENSURE PLUS HN SOLUCIÓN ORAL 1,5KCAL/1ML (1500KCAL/1000ML) ALIMENTO DE USO ESPEC",NUTRICION,2022-08,2,17.84,12.28,17.84,XGBoost
700967,"ENSURE PLUS HN SOLUCIÓN ORAL 1,5KCAL/1ML (1500KCAL/1000ML) ALIMENTO DE USO ESPEC",NUTRICION,2022-09,3,21.33,11.9,21.33,XGBoost
700968,"ENSURE SOLUCIÓN ORAL 1,05KCAL/1ML (248,9KCAL/237ML) ALIMENTO LIQUIDO CON PROTEÍN",NUTRICION,2022-07,1,24.85,103.67,103.67,Media móvil
700968,"ENSURE SOLUCIÓN ORAL 1,05KCAL/1ML (248,9KCAL/237ML) ALIMENTO LIQUIDO CON PROTEÍN",NUTRICION,2022-08,2,82.08,75.89,75.89,Media móvil
700968,"ENSURE SOLUCIÓN ORAL 1,05KCAL/1ML (248,9KCAL/237ML) ALIMENTO LIQUIDO CON PROTEÍN",NUTRICION,2022-09,3,57.19,66.52,66.52,Media móvil
700971,"(OSMOLITE HN PLUS SOLUCIÓN ORAL 1,2KCAL/1ML (1800KCAL/1500ML)) ALIMENTO PARA PR",NUTRICION,2022-07,1,18.24,17.0,17.0,Media móvil
700971,"(OSMOLITE HN PLUS SOLUCIÓN ORAL 1,2KCAL/1ML (1800KCAL/1500ML)) ALIMENTO PARA PR",NUTRICION,2022-08,2,11.92,21.0,21.0,Media móvil
700971,"(OSMOLITE HN PLUS SOLUCIÓN ORAL 1,2KCAL/1ML (1800KCAL/1500ML)) ALIMENTO PARA PR",NUTRICION,2022-09,3,21.85,24.33,24.33,Media móvil
700974,GLUCERNA SOLUCIÓN ORAL 1KCAL/1ML (1500KCAL/1500ML)) ALIMENTO LÍQUIDO PARA PROP,NUTRICION,2022-07,1,18.47,22.0,22.0,Media móvil
700974,GLUCERNA SOLUCIÓN ORAL 1KCAL/1ML (1500KCAL/1500ML)) ALIMENTO LÍQUIDO PARA PROP,NUTRICION,2022-08,2,23.92,22.67,22.67,Media móvil
700974,GLUCERNA SOLUCIÓN ORAL 1KCAL/1ML (1500KCAL/1500ML)) ALIMENTO LÍQUIDO PARA PROP,NUTRICION,2022-09,3,25.3,21.56,21.56,Media móvil
700975,(NUTREN SOLUCIÓN ORAL 1KCAL/1ML (250KCAL/250ML)) ALIMENTO LÍQUIDO PARA USOS NUT,NUTRICION,2022-07,1,113.55,204.33,113.55,XGBoost
700975,(NUTREN SOLUCIÓN ORAL 1KCAL/1ML (250KCAL/250ML)) ALIMENTO LÍQUIDO PARA USOS NUT,NUTRICION,2022-08,2,184.59,93.18,184.59,XGBoost
700975,(NUTREN SOLUCIÓN ORAL 1KCAL/1ML (250KCAL/250ML)) ALIMENTO LÍQUIDO PARA USOS NUT,NUTRICION,2022-09,3,234.77,121.05,234.77,XGBoost
700980,(PEPTAMEN PREBIO SOL. ORAL 1KCAL/1ML (250KCAL/250ML)) ALIMENTO LIQUIDO CON PROTE,NUTRICION,2022-07,1,14.84,52.0,52.0,Media móvil
700980,(PEPTAMEN PREBIO SOL. ORAL 1KCAL/1ML (250KCAL/250ML)) ALIMENTO LIQUIDO CON PROTE,NUTRICION,2022-08,2,3.43,69.33,69.33,Media móvil
700980,(PEPTAMEN PREBIO SOL. ORAL 1KCAL/1ML (250KCAL/250ML)) ALIMENTO LIQUIDO CON PROTE,NUTRICION,2022-09,3,5.23,40.44,40.44,Media móvil
700997,SODIO BICARBONATO POLVO SOL. ORAL x 2.8 GRAMOS,MEDICAMENTOS,2022-07,1,0.4,0.33,0.4,XGBoost
700997,SODIO BICARBONATO POLVO SOL. ORAL x 2.8 GRAMOS,MEDICAMENTOS,2022-08,2,0.4,0.47,0.4,XGBoost
700997,SODIO BICARBONATO POLVO SOL. ORAL x 2.8 GRAMOS,MEDICAMENTOS,2022-09,3,0.42,0.27,0.42,XGBoost
701003,BUDESONIDA 100 MCG/PUFF x 200 PUFF,MEDICAMENTOS,2022-07,1,0.0,0.33,0.33,Media móvil
701003,BUDESONIDA 100 MCG/PUFF x 200 PUFF,MEDICAMENTOS,2022-08,2,0.12,0.11,0.12,XGBoost
701003,BUDESONIDA 100 MCG/PUFF x 200 PUFF,MEDICAMENTOS,2022-09,3,0.12,0.15,0.12,XGBoost
701035,"BETAMETILDIGOXINA TABLETA 0,1MG",MEDICAMENTOS,2022-07,1,0.37,8.67,8.67,Media móvil
701035,"BETAMETILDIGOXINA TABLETA 0,1MG",MEDICAMENTOS,2022-08,2,0.08,10.22,10.22,Media móvil
701035,"BETAMETILDIGOXINA TABLETA 0,1MG",MEDICAMENTOS,2022-09,3,0.87,6.3,6.3,Media móvil
701079,PREDNISONA TABLETA 50MG,MEDICAMENTOS,2022-07,1,65.23,162.33,162.33,Media móvil
701079,PREDNISONA TABLETA 50MG,MEDICAMENTOS,2022-08,2,58.12,156.78,156.78,Media móvil
701079,PREDNISONA TABLETA 50MG,MEDICAMENTOS,2022-09,3,103.47,134.04,103.47,XGBoost
701175,PROPAFENONA TABLETA 150MG,MEDICAMENTOS,2022-07,1,0.8,8.0,8.0,Media móvil
701175,PROPAFENONA TABLETA 150MG,MEDICAMENTOS,2022-08,2,0.54,10.67,10.67,Media móvil
701175,PROPAFENONA TABLETA 150MG,MEDICAMENTOS,2022-09,3,0.37,14.22,14.22,Media móvil
701210,METIMAZOL TABLETA 5MG,MEDICAMENTOS,2022-07,1,189.14,131.67,189.14,XGBoost
701210,METIMAZOL TABLETA 5MG,MEDICAMENTOS,2022-08,2,188.12,159.05,188.12,XGBoost
701210,METIMAZOL TABLETA 5MG,MEDICAMENTOS,2022-09,3,170.17,194.75,170.17,XGBoost
701277,BOLSA NUTRICION ENTERAL 1500 ML,DISPOSITIVOS MEDICO,2022-07,1,93.08,109.0,109.0,Media móvil
701277,BOLSA NUTRICION ENTERAL 1500 ML,DISPOSITIVOS MEDICO,2022-08,2,83.95,115.0,115.0,Media móvil
701277,BOLSA NUTRICION ENTERAL 1500 ML,DISPOSITIVOS MEDICO,2022-09,3,77.43,112.0,112.0,Media móvil
701278,SET ENTERAL TAPA ROSCA Y PUNZON,DISPOSITIVOS MEDICO,2022-07,1,15.81,18.33,15.81,XGBoost
701278,SET ENTERAL TAPA ROSCA Y PUNZON,DISPOSITIVOS MEDICO,2022-08,2,8.59,15.6,8.59,XGBoost
701278,SET ENTERAL TAPA ROSCA Y PUNZON,DISPOSITIVOS MEDICO,2022-09,3,11.39,17.8,11.39,XGBoost
701279,EQUIPO CON PUNZON EN CRUZ AMIKA ,DISPOSITIVOS MEDICO,2022-07,1,485.28,524.33,485.28,XGBoost
701279,EQUIPO CON PUNZON EN CRUZ AMIKA ,DISPOSITIVOS MEDICO,2022-08,2,476.41,508.43,476.41,XGBoost
701279,EQUIPO CON PUNZON EN CRUZ AMIKA ,DISPOSITIVOS MEDICO,2022-09,3,489.02,517.23,489.02,XGBoost
701289,TRANEXAMICO ÁCIDO TABLETA 500MG,MEDICAMENTOS,2022-07,1,4.86,2.0,2.0,Media móvil
701289,TRANEXAMICO ÁCIDO TABLETA 500MG,MEDICAMENTOS,2022-08,2,5.21,2.0,2.0,Media móvil
701289,TRANEXAMICO ÁCIDO TABLETA 500MG,MEDICAMENTOS,2022-09,3,6.88,1.33,1.33,Media móvil
701399,AGUA ESTERIL PARA INYECCION 500ML,MEDICAMENTOS,2022-07,1,336.99,320.33,336.99,XGBoost
701399,AGUA ESTERIL PARA INYECCION 500ML,MEDICAMENTOS,2022-08,2,358.63,298.66,358.63,XGBoost
701399,AGUA ESTERIL PARA INYECCION 500ML,MEDICAMENTOS,2022-09,3,343.91,330.87,343.91,XGBoost
701405,PROLENE 2 0 8423T (CT1)75CM,DISPOSITIVOS MEDICO,2022-07,1,0.0,0.33,0.33,Media móvil
701405,PROLENE 2 0 8423T (CT1)75CM,DISPOSITIVOS MEDICO,2022-08,2,0.15,0.11,0.15,XGBoost
701405,PROLENE 2 0 8423T (CT1)75CM,DISPOSITIVOS MEDICO,2022-09,3,0.07,0.16,0.16,Media móvil
701428,SEDA 2-0 185T (SC26)45CM ,DISPOSITIVOS MEDICO,2022-07,1,3.98,10.0,10.0,Media móvil
701428,SEDA 2-0 185T (SC26)45CM ,DISPOSITIVOS MEDICO,2022-08,2,5.32,13.0,13.0,Media móvil
701428,SEDA 2-0 185T (SC26)45CM ,DISPOSITIVOS MEDICO,2022-09,3,5.89,15.33,15.33,Media móvil
701429,SEDA 2-0 623H (KS)75CM  ,DISPOSITIVOS MEDICO,2022-07,1,37.92,53.33,53.33,Media móvil
701429,SEDA 2-0 623H (KS)75CM  ,DISPOSITIVOS MEDICO,2022-08,2,26.72,43.78,43.78,Media móvil
701429,SEDA 2-0 623H (KS)75CM  ,DISPOSITIVOS MEDICO,2022-09,3,41.2,52.7,52.7,Media móvil
701442,DEXTROSA 50% EN AGUA DESTILADA 500 ML,MEDICAMENTOS,2022-07,1,0.91,0.67,0.91,XGBoost
701442,DEXTROSA 50% EN AGUA DESTILADA 500 ML,MEDICAMENTOS,2022-08,2,0.84,0.97,0.84,XGBoost
701442,DEXTROSA 50% EN AGUA DESTILADA 500 ML,MEDICAMENTOS,2022-09,3,0.85,0.92,0.85,XGBoost
701452,NITROGLICERINA SOLUCIÓN INYECTABLE 50MG/250ML,MEDICAMENTOS,2022-07,1,37.01,31.0,31.0,Media móvil
701452,NITROGLICERINA SOLUCIÓN INYECTABLE 50MG/250ML,MEDICAMENTOS,2022-08,2,32.47,33.33,33.33,Media móvil
701452,NITROGLICERINA SOLUCIÓN INYECTABLE 50MG/250ML,MEDICAMENTOS,2022-09,3,34.01,36.11,36.11,Media móvil
701479,"SODIO CLORURO ENEMA RECTAL 2,5G/1000ML",MEDICAMENTOS,2022-07,1,24.73,28.67,28.67,Media móvil
701479,"SODIO CLORURO ENEMA RECTAL 2,5G/1000ML",MEDICAMENTOS,2022-08,2,26.64,27.56,27.56,Media móvil
701479,"SODIO CLORURO ENEMA RECTAL 2,5G/1000ML",MEDICAMENTOS,2022-09,3,29.76,26.74,26.74,Media móvil
701694,DUODERM CGF 20 X 20 CM/8X8,MEDICAMENTOS,2022-07,1,5.56,9.33,9.33,Media móvil
701694,DUODERM CGF 20 X 20 CM/8X8,MEDICAMENTOS,2022-08,2,9.89,7.11,7.11,Media móvil
701694,DUODERM CGF 20 X 20 CM/8X8,MEDICAMENTOS,2022-09,3,7.85,6.81,6.81,Media móvil
701715,DUODERM ET 10X10/4X4   ,DISPOSITIVOS MEDICO,2022-07,1,2.81,3.33,3.33,Media móvil
701715,DUODERM ET 10X10/4X4   ,DISPOSITIVOS MEDICO,2022-08,2,3.02,3.44,3.44,Media móvil
701715,DUODERM ET 10X10/4X4   ,DISPOSITIVOS MEDICO,2022-09,3,3.55,2.59,2.59,Media móvil
701725,DUODERM GEL TBX30GR,MEDICAMENTOS,2022-07,1,1.81,2.33,2.33,Media móvil
701725,DUODERM GEL TBX30GR,MEDICAMENTOS,2022-08,2,2.23,2.44,2.44,Media móvil
701725,DUODERM GEL TBX30GR,MEDICAMENTOS,2022-09,3,1.98,2.93,2.93,Media móvil
701727,DUODERM PASTA TBX30GR ,MEDICAMENTOS,2022-07,1,0.08,0.0,0.08,XGBoost
701727,DUODERM PASTA TBX30GR ,MEDICAMENTOS,2022-08,2,0.12,0.03,0.12,XGBoost
701727,DUODERM PASTA TBX30GR ,MEDICAMENTOS,2022-09,3,0.05,0.07,0.05,XGBoost
701829,SURGICEL 4X8 REF 1952 (10.2CMX20.3CM) ,DISPOSITIVOS MEDICO,2022-07,1,0.14,0.0,0.14,XGBoost
701829,SURGICEL 4X8 REF 1952 (10.2CMX20.3CM) ,DISPOSITIVOS MEDICO,2022-08,2,0.15,0.05,0.15,XGBoost
701829,SURGICEL 4X8 REF 1952 (10.2CMX20.3CM) ,DISPOSITIVOS MEDICO,2022-09,3,0.15,0.1,0.15,XGBoost
701833,TEGADERM 10CMX12CM REF 1626W ,MEDICAMENTOS,2022-07,1,0.11,5.0,5.0,Media móvil
701833,TEGADERM 10CMX12CM REF 1626W ,MEDICAMENTOS,2022-08,2,0.23,3.67,3.67,Media móvil
701833,TEGADERM 10CMX12CM REF 1626W ,MEDICAMENTOS,2022-09,3,0.0,2.89,2.89,Media móvil
701835,TEGADERM 6CMX7CM REF 1624W X100 ,DISPOSITIVOS MEDICO,2022-07,1,0.0,7.33,7.33,Media móvil
701835,TEGADERM 6CMX7CM REF 1624W X100 ,DISPOSITIVOS MEDICO,2022-08,2,0.0,9.44,9.44,Media móvil
701835,TEGADERM 6CMX7CM REF 1624W X100 ,DISPOSITIVOS MEDICO,2022-09,3,0.0,5.93,5.93,Media móvil
701841,ALGODON LAMINADO 4X5,DISPOSITIVOS MEDICO,2022-07,1,0.26,1.67,1.67,Media móvil
701841,ALGODON LAMINADO 4X5,DISPOSITIVOS MEDICO,2022-08,2,0.59,0.56,0.59,XGBoost
701841,ALGODON LAMINADO 4X5,DISPOSITIVOS MEDICO,2022-09,3,0.37,0.75,0.75,Media móvil
701842,ALGODON LAMINADO 5X5,DISPOSITIVOS MEDICO,2022-07,1,0.12,0.67,0.67,Media móvil
701842,ALGODON LAMINADO 5X5,DISPOSITIVOS MEDICO,2022-08,2,0.05,0.89,0.89,Media móvil
701842,ALGODON LAMINADO 5X5,DISPOSITIVOS MEDICO,2022-09,3,0.25,0.52,0.52,Media móvil
701843,ALGODON LAMINADO 6X5,DISPOSITIVOS MEDICO,2022-07,1,9.0,7.67,7.67,Media móvil
701843,ALGODON LAMINADO 6X5,DISPOSITIVOS MEDICO,2022-08,2,8.62,7.56,7.56,Media móvil
701843,ALGODON LAMINADO 6X5,DISPOSITIVOS MEDICO,2022-09,3,8.82,9.41,9.41,Media móvil
701847,BACTIGRAS 10X10 ,DISPOSITIVOS MEDICO,2022-07,1,28.35,11.33,11.33,Media móvil
701847,BACTIGRAS 10X10 ,DISPOSITIVOS MEDICO,2022-08,2,26.0,11.44,11.44,Media móvil
701847,BACTIGRAS 10X10 ,DISPOSITIVOS MEDICO,2022-09,3,26.98,11.26,11.26,Media móvil
701848,BACTIGRAS 15X20 ,DISPOSITIVOS MEDICO,2022-07,1,80.55,63.33,63.33,Media móvil
701848,BACTIGRAS 15X20 ,DISPOSITIVOS MEDICO,2022-08,2,79.37,65.78,65.78,Media móvil
701848,BACTIGRAS 15X20 ,DISPOSITIVOS MEDICO,2022-09,3,73.9,61.37,61.37,Media móvil
701849,BACTIGRAS 5X5 ,DISPOSITIVOS MEDICO,2022-07,1,1.0,4.33,4.33,Media móvil
701849,BACTIGRAS 5X5 ,DISPOSITIVOS MEDICO,2022-08,2,1.13,1.44,1.13,XGBoost
701849,BACTIGRAS 5X5 ,DISPOSITIVOS MEDICO,2022-09,3,1.26,1.82,1.26,XGBoost
701853,VENDA SEMIELASTICA 3X4.1,DISPOSITIVOS MEDICO,2022-07,1,0.0,9.33,9.33,Media móvil
701853,VENDA SEMIELASTICA 3X4.1,DISPOSITIVOS MEDICO,2022-08,2,0.0,12.44,12.44,Media móvil
701853,VENDA SEMIELASTICA 3X4.1,DISPOSITIVOS MEDICO,2022-09,3,0.0,16.59,16.59,Media móvil
701854,VENDA SEMIELASTICA 4X4.1    ,DISPOSITIVOS MEDICO,2022-07,1,3.61,12.0,12.0,Media móvil
701854,VENDA SEMIELASTICA 4X4.1    ,DISPOSITIVOS MEDICO,2022-08,2,5.56,16.0,16.0,Media móvil
701854,VENDA SEMIELASTICA 4X4.1    ,DISPOSITIVOS MEDICO,2022-09,3,4.21,14.33,14.33,Media móvil
701855,VENDA SEMIELASTICA 6X4.1  ,DISPOSITIVOS MEDICO,2022-07,1,8.34,39.0,39.0,Media móvil
701855,VENDA SEMIELASTICA 6X4.1  ,DISPOSITIVOS MEDICO,2022-08,2,69.91,31.0,69.91,XGBoost
701855,VENDA SEMIELASTICA 6X4.1  ,DISPOSITIVOS MEDICO,2022-09,3,40.8,36.3,40.8,XGBoost
701863,VENDA ELASTICA 4X5  ,DISPOSITIVOS MEDICO,2022-07,1,2.16,2.67,2.67,Media móvil
701863,VENDA ELASTICA 4X5  ,DISPOSITIVOS MEDICO,2022-08,2,2.02,1.89,1.89,Media móvil
701863,VENDA ELASTICA 4X5  ,DISPOSITIVOS MEDICO,2022-09,3,1.81,2.52,2.52,Media móvil
701864,VENDA ELASTICA 5X5 ,DISPOSITIVOS MEDICO,2022-07,1,5.66,7.33,7.33,Media móvil
701864,VENDA ELASTICA 5X5 ,DISPOSITIVOS MEDICO,2022-08,2,12.17,4.78,4.78,Media móvil
701864,VENDA ELASTICA 5X5 ,DISPOSITIVOS MEDICO,2022-09,3,8.46,5.37,5.37,Media móvil
701865,VENDA ELASTICA 6X5,DISPOSITIVOS MEDICO,2022-07,1,74.1,58.33,74.1,XGBoost
701865,VENDA ELASTICA 6X5,DISPOSITIVOS MEDICO,2022-08,2,86.7,60.37,86.7,XGBoost
701865,VENDA ELASTICA 6X5,DISPOSITIVOS MEDICO,2022-09,3,91.43,69.93,91.43,XGBoost
701866,VENDA ELASTICA 3X5 ,DISPOSITIVOS MEDICO,2022-07,1,0.25,0.0,0.25,XGBoost
701866,VENDA ELASTICA 3X5 ,DISPOSITIVOS MEDICO,2022-08,2,0.25,0.08,0.25,XGBoost
701866,VENDA ELASTICA 3X5 ,DISPOSITIVOS MEDICO,2022-09,3,0.25,0.17,0.25,XGBoost
701930,PRESTOBARBA    ,DISPOSITIVOS MEDICO,2022-07,1,53.75,47.33,47.33,Media móvil
701930,PRESTOBARBA    ,DISPOSITIVOS MEDICO,2022-08,2,51.73,49.44,49.44,Media móvil
701930,PRESTOBARBA    ,DISPOSITIVOS MEDICO,2022-09,3,52.11,50.59,50.59,Media móvil
701942,BATA T/XL (BATA PACIENTE),DISPOSITIVOS MEDICO,2022-07,1,9.32,27.33,27.33,Media móvil
701942,BATA T/XL (BATA PACIENTE),DISPOSITIVOS MEDICO,2022-08,2,15.96,9.11,9.11,Media móvil
701942,BATA T/XL (BATA PACIENTE),DISPOSITIVOS MEDICO,2022-09,3,19.96,12.15,12.15,Media móvil
701943,BATON QUIRURGICO,DISPOSITIVOS MEDICO,2022-07,1,16.95,62.0,62.0,Media móvil
701943,BATON QUIRURGICO,DISPOSITIVOS MEDICO,2022-08,2,108.25,20.67,108.25,XGBoost
701943,BATON QUIRURGICO,DISPOSITIVOS MEDICO,2022-09,3,141.99,56.75,141.99,XGBoost
701954,BARRERA STOMAHESIVE 45 50MM,DISPOSITIVOS MEDICO,2022-07,1,0.89,1.33,0.89,XGBoost
701954,BARRERA STOMAHESIVE 45 50MM,DISPOSITIVOS MEDICO,2022-08,2,0.82,0.96,0.82,XGBoost
701954,BARRERA STOMAHESIVE 45 50MM,DISPOSITIVOS MEDICO,2022-09,3,0.78,0.9,0.78,XGBoost
701961,CATETER TROCAR RECTO 10FR (TUBO TORAX),DISPOSITIVOS MEDICO,2022-07,1,13.44,7.67,7.67,Media móvil
701961,CATETER TROCAR RECTO 10FR (TUBO TORAX),DISPOSITIVOS MEDICO,2022-08,2,8.79,6.89,6.89,Media móvil
701961,CATETER TROCAR RECTO 10FR (TUBO TORAX),DISPOSITIVOS MEDICO,2022-09,3,8.72,9.19,9.19,Media móvil
701962,CATETER TROCAR RECTO 20FR,DISPOSITIVOS MEDICO,2022-07,1,0.11,0.0,0.11,XGBoost
701962,CATETER TROCAR RECTO 20FR,DISPOSITIVOS MEDICO,2022-08,2,0.19,0.04,0.19,XGBoost
701962,CATETER TROCAR RECTO 20FR,DISPOSITIVOS MEDICO,2022-09,3,0.19,0.1,0.19,XGBoost
701964,CATETER TROCAR RECTO 28FR ,DISPOSITIVOS MEDICO,2022-07,1,0.29,1.0,1.0,Media móvil
701964,CATETER TROCAR RECTO 28FR ,DISPOSITIVOS MEDICO,2022-08,2,0.12,1.0,1.0,Media móvil
701964,CATETER TROCAR RECTO 28FR ,DISPOSITIVOS MEDICO,2022-09,3,0.22,1.33,1.33,Media móvil
701965,CATETER TROCAR RECTO 32FR,DISPOSITIVOS MEDICO,2022-07,1,0.51,1.0,0.51,XGBoost
701965,CATETER TROCAR RECTO 32FR,DISPOSITIVOS MEDICO,2022-08,2,0.47,0.84,0.47,XGBoost
701965,CATETER TROCAR RECTO 32FR,DISPOSITIVOS MEDICO,2022-09,3,0.62,0.33,0.62,XGBoost
701966,CATETER TROCAR RECTO 36FR,DISPOSITIVOS MEDICO,2022-07,1,0.15,0.0,0.15,XGBoost
701966,CATETER TROCAR RECTO 36FR,DISPOSITIVOS MEDICO,2022-08,2,0.13,0.05,0.13,XGBoost
701966,CATETER TROCAR RECTO 36FR,DISPOSITIVOS MEDICO,2022-09,3,0.33,0.09,0.33,XGBoost
701977,VENDA YESO 4X5  ,DISPOSITIVOS MEDICO,2022-07,1,0.17,0.0,0.17,XGBoost
701977,VENDA YESO 4X5  ,DISPOSITIVOS MEDICO,2022-08,2,0.18,0.06,0.18,XGBoost
701977,VENDA YESO 4X5  ,DISPOSITIVOS MEDICO,2022-09,3,0.04,0.11,0.11,Media móvil
701978,VENDA YESO 5X5    ,DISPOSITIVOS MEDICO,2022-07,1,0.18,0.67,0.67,Media móvil
701978,VENDA YESO 5X5    ,DISPOSITIVOS MEDICO,2022-08,2,0.12,0.89,0.89,Media móvil
701978,VENDA YESO 5X5    ,DISPOSITIVOS MEDICO,2022-09,3,0.08,1.19,1.19,Media móvil
701979,VENDA YESO 6X5 ,DISPOSITIVOS MEDICO,2022-07,1,0.13,0.0,0.13,XGBoost
701979,VENDA YESO 6X5 ,DISPOSITIVOS MEDICO,2022-08,2,0.2,0.04,0.2,XGBoost
701979,VENDA YESO 6X5 ,DISPOSITIVOS MEDICO,2022-09,3,0.4,0.11,0.4,XGBoost
701996,SUNITINIB 50 MG CAPSULA,MEDICAMENTOS,2022-07,1,0.0,7.67,7.67,Media móvil
701996,SUNITINIB 50 MG CAPSULA,MEDICAMENTOS,2022-08,2,0.0,2.56,2.56,Media móvil
701996,SUNITINIB 50 MG CAPSULA,MEDICAMENTOS,2022-09,3,0.0,3.41,3.41,Media móvil
702017,SONDA ENTERAL 6FR (ALIMENTACION)  ,DISPOSITIVOS MEDICO,2022-07,1,0.14,0.0,0.14,XGBoost
702017,SONDA ENTERAL 6FR (ALIMENTACION)  ,DISPOSITIVOS MEDICO,2022-08,2,0.16,0.05,0.16,XGBoost
702017,SONDA ENTERAL 6FR (ALIMENTACION)  ,DISPOSITIVOS MEDICO,2022-09,3,0.16,0.1,0.16,XGBoost
702019,SONDA ENTERAL 12FR X 43 (ALIMENTACION)   ,DISPOSITIVOS MEDICO,2022-07,1,60.42,71.67,71.67,Media móvil
702019,SONDA ENTERAL 12FR X 43 (ALIMENTACION)   ,DISPOSITIVOS MEDICO,2022-08,2,53.71,78.56,78.56,Media móvil
702019,SONDA ENTERAL 12FR X 43 (ALIMENTACION)   ,DISPOSITIVOS MEDICO,2022-09,3,54.56,82.07,82.07,Media móvil
702020,SONDA FOLEY 2 VÍAS 16FRX5CM    ,DISPOSITIVOS MEDICO,2022-07,1,0.06,8.67,8.67,Media móvil
702020,SONDA FOLEY 2 VÍAS 16FRX5CM    ,DISPOSITIVOS MEDICO,2022-08,2,0.37,2.89,2.89,Media móvil
702020,SONDA FOLEY 2 VÍAS 16FRX5CM    ,DISPOSITIVOS MEDICO,2022-09,3,0.55,3.85,3.85,Media móvil
702021,SONDA FOLEY 2 VIAS 16FRX30CM   ,DISPOSITIVOS MEDICO,2022-07,1,17.87,16.0,16.0,Media móvil
702021,SONDA FOLEY 2 VIAS 16FRX30CM   ,DISPOSITIVOS MEDICO,2022-08,2,25.98,21.33,21.33,Media móvil
702021,SONDA FOLEY 2 VIAS 16FRX30CM   ,DISPOSITIVOS MEDICO,2022-09,3,29.01,20.11,20.11,Media móvil
702022,SONDA FOLEY 2 VÍAS 18FRX5CM ,DISPOSITIVOS MEDICO,2022-07,1,4.33,9.0,9.0,Media móvil
702022,SONDA FOLEY 2 VÍAS 18FRX5CM ,DISPOSITIVOS MEDICO,2022-08,2,10.03,3.0,3.0,Media móvil
702022,SONDA FOLEY 2 VÍAS 18FRX5CM ,DISPOSITIVOS MEDICO,2022-09,3,9.51,4.0,4.0,Media móvil
702023,SONDA FOLEY 2 VÍAS 18FRX30CM    ,DISPOSITIVOS MEDICO,2022-07,1,4.08,17.33,17.33,Media móvil
702023,SONDA FOLEY 2 VÍAS 18FRX30CM    ,DISPOSITIVOS MEDICO,2022-08,2,8.84,23.11,23.11,Media móvil
702023,SONDA FOLEY 2 VÍAS 18FRX30CM    ,DISPOSITIVOS MEDICO,2022-09,3,8.3,21.81,21.81,Media móvil
702024,SONDA FOLEY 2 VIAS 14FRX5CM,DISPOSITIVOS MEDICO,2022-07,1,1.14,2.0,2.0,Media móvil
702024,SONDA FOLEY 2 VIAS 14FRX5CM,DISPOSITIVOS MEDICO,2022-08,2,1.77,1.67,1.67,Media móvil
702024,SONDA FOLEY 2 VIAS 14FRX5CM,DISPOSITIVOS MEDICO,2022-09,3,1.76,1.22,1.22,Media móvil
702025,SONDA FOLEY 2 VÍAS 12FRX5CM,DISPOSITIVOS MEDICO,2022-07,1,0.09,0.67,0.67,Media móvil
702025,SONDA FOLEY 2 VÍAS 12FRX5CM,DISPOSITIVOS MEDICO,2022-08,2,0.2,0.89,0.89,Media móvil
702025,SONDA FOLEY 2 VÍAS 12FRX5CM,DISPOSITIVOS MEDICO,2022-09,3,0.1,0.52,0.52,Media móvil
702028,SONDA FOLEY 2 VÍAS 24FRX5CM    ,DISPOSITIVOS MEDICO,2022-07,1,0.09,0.0,0.09,XGBoost
702028,SONDA FOLEY 2 VÍAS 24FRX5CM    ,DISPOSITIVOS MEDICO,2022-08,2,0.07,0.03,0.07,XGBoost
702028,SONDA FOLEY 2 VÍAS 24FRX5CM    ,DISPOSITIVOS MEDICO,2022-09,3,0.13,0.05,0.13,XGBoost
702029,SONDA FOLEY 2 VÍAS 24FRX5CM-30CM    ,DISPOSITIVOS MEDICO,2022-07,1,0.24,1.0,1.0,Media móvil
702029,SONDA FOLEY 2 VÍAS 24FRX5CM-30CM    ,DISPOSITIVOS MEDICO,2022-08,2,0.19,0.67,0.67,Media móvil
702029,SONDA FOLEY 2 VÍAS 24FRX5CM-30CM    ,DISPOSITIVOS MEDICO,2022-09,3,0.08,0.89,0.89,Media móvil
702031,SONDA FOLEY 2 VÍAS 22FRX30CM    ,DISPOSITIVOS MEDICO,2022-07,1,0.51,3.0,3.0,Media móvil
702031,SONDA FOLEY 2 VÍAS 22FRX30CM    ,DISPOSITIVOS MEDICO,2022-08,2,0.64,2.33,2.33,Media móvil
702031,SONDA FOLEY 2 VÍAS 22FRX30CM    ,DISPOSITIVOS MEDICO,2022-09,3,0.95,1.78,0.95,XGBoost
702032,SONDA FOLEY 2 VÍAS 20FRX15CM    ,DISPOSITIVOS MEDICO,2022-07,1,0.82,4.0,4.0,Media móvil
702032,SONDA FOLEY 2 VÍAS 20FRX15CM    ,DISPOSITIVOS MEDICO,2022-08,2,1.11,1.33,1.11,XGBoost
702032,SONDA FOLEY 2 VÍAS 20FRX15CM    ,DISPOSITIVOS MEDICO,2022-09,3,0.99,1.7,0.99,XGBoost
702033,SONDA FOLEY 2 VÍAS 20FRX30CM   ,DISPOSITIVOS MEDICO,2022-07,1,0.76,2.33,2.33,Media móvil
702033,SONDA FOLEY 2 VÍAS 20FRX30CM   ,DISPOSITIVOS MEDICO,2022-08,2,0.84,3.11,3.11,Media móvil
702033,SONDA FOLEY 2 VÍAS 20FRX30CM   ,DISPOSITIVOS MEDICO,2022-09,3,0.9,3.48,3.48,Media móvil
702035,SONDA FOLEY 3 VÍAS 20FRX30CM       ,DISPOSITIVOS MEDICO,2022-07,1,0.67,1.0,1.0,Media móvil
702035,SONDA FOLEY 3 VÍAS 20FRX30CM       ,DISPOSITIVOS MEDICO,2022-08,2,1.04,1.0,1.0,Media móvil
702035,SONDA FOLEY 3 VÍAS 20FRX30CM       ,DISPOSITIVOS MEDICO,2022-09,3,1.29,0.67,0.67,Media móvil
702037,SONDA FOLEY 3 VÍAS 22FRX30CM     ,DISPOSITIVOS MEDICO,2022-07,1,0.69,1.0,1.0,Media móvil
702037,SONDA FOLEY 3 VÍAS 22FRX30CM     ,DISPOSITIVOS MEDICO,2022-08,2,0.75,1.33,1.33,Media móvil
702037,SONDA FOLEY 3 VÍAS 22FRX30CM     ,DISPOSITIVOS MEDICO,2022-09,3,0.92,1.11,1.11,Media móvil
702039,SONDA FOLEY 3 VÍAS 24FRX30CM    ,DISPOSITIVOS MEDICO,2022-07,1,0.0,2.0,2.0,Media móvil
702039,SONDA FOLEY 3 VÍAS 24FRX30CM    ,DISPOSITIVOS MEDICO,2022-08,2,0.14,2.33,2.33,Media móvil
702039,SONDA FOLEY 3 VÍAS 24FRX30CM    ,DISPOSITIVOS MEDICO,2022-09,3,0.01,1.44,1.44,Media móvil
702040,SONDA NASOGASTRICA # 6 ,DISPOSITIVOS MEDICO,2022-07,1,0.72,0.0,0.72,XGBoost
702040,SONDA NASOGASTRICA # 6 ,DISPOSITIVOS MEDICO,2022-08,2,0.98,0.24,0.98,XGBoost
702040,SONDA NASOGASTRICA # 6 ,DISPOSITIVOS MEDICO,2022-09,3,0.72,0.57,0.72,XGBoost
702041,SONDA NASOGASTRICA # 8,DISPOSITIVOS MEDICO,2022-07,1,0.4,1.67,1.67,Media móvil
702041,SONDA NASOGASTRICA # 8,DISPOSITIVOS MEDICO,2022-08,2,0.33,1.56,1.56,Media móvil
702041,SONDA NASOGASTRICA # 8,DISPOSITIVOS MEDICO,2022-09,3,0.34,1.41,1.41,Media móvil
702043,SONDA NASOGASTRICA # 12,DISPOSITIVOS MEDICO,2022-07,1,0.28,0.0,0.28,XGBoost
702043,SONDA NASOGASTRICA # 12,DISPOSITIVOS MEDICO,2022-08,2,0.29,0.09,0.29,XGBoost
702043,SONDA NASOGASTRICA # 12,DISPOSITIVOS MEDICO,2022-09,3,0.39,0.19,0.39,XGBoost
702044,SONDA NASOGASTRICA # 14,DISPOSITIVOS MEDICO,2022-07,1,3.1,4.33,4.33,Media móvil
702044,SONDA NASOGASTRICA # 14,DISPOSITIVOS MEDICO,2022-08,2,3.36,4.11,4.11,Media móvil
702044,SONDA NASOGASTRICA # 14,DISPOSITIVOS MEDICO,2022-09,3,4.37,3.48,3.48,Media móvil
702045,SONDA NASOGASTRICA # 16   ,DISPOSITIVOS MEDICO,2022-07,1,22.13,14.33,14.33,Media móvil
702045,SONDA NASOGASTRICA # 16   ,DISPOSITIVOS MEDICO,2022-08,2,23.91,15.11,15.11,Media móvil
702045,SONDA NASOGASTRICA # 16   ,DISPOSITIVOS MEDICO,2022-09,3,26.47,16.15,16.15,Media móvil
702046,SONDA NASOGASTRICA # 18 ,DISPOSITIVOS MEDICO,2022-07,1,5.79,7.67,7.67,Media móvil
702046,SONDA NASOGASTRICA # 18 ,DISPOSITIVOS MEDICO,2022-08,2,5.2,8.22,8.22,Media móvil
702046,SONDA NASOGASTRICA # 18 ,DISPOSITIVOS MEDICO,2022-09,3,6.85,7.63,7.63,Media móvil
702047,SONDA NASOGASTRICA # 20,DISPOSITIVOS MEDICO,2022-07,1,1.14,0.33,0.33,Media móvil
702047,SONDA NASOGASTRICA # 20,DISPOSITIVOS MEDICO,2022-08,2,0.89,0.44,0.44,Media móvil
702047,SONDA NASOGASTRICA # 20,DISPOSITIVOS MEDICO,2022-09,3,1.1,0.59,0.59,Media móvil
702050,SONDA NELATON # 6 ,DISPOSITIVOS MEDICO,2022-07,1,165.99,203.33,165.99,XGBoost
702050,SONDA NELATON # 6 ,DISPOSITIVOS MEDICO,2022-08,2,188.24,201.66,188.24,XGBoost
702050,SONDA NELATON # 6 ,DISPOSITIVOS MEDICO,2022-09,3,144.69,172.08,144.69,XGBoost
702051,SONDA NELATON # 8,DISPOSITIVOS MEDICO,2022-07,1,73.05,64.33,73.05,XGBoost
702051,SONDA NELATON # 8,DISPOSITIVOS MEDICO,2022-08,2,82.0,63.68,82.0,XGBoost
702051,SONDA NELATON # 8,DISPOSITIVOS MEDICO,2022-09,3,76.08,66.02,76.08,XGBoost
702052,SONDA NELATON # 10   ,DISPOSITIVOS MEDICO,2022-07,1,26.7,27.33,27.33,Media móvil
702052,SONDA NELATON # 10   ,DISPOSITIVOS MEDICO,2022-08,2,17.31,28.44,28.44,Media móvil
702052,SONDA NELATON # 10   ,DISPOSITIVOS MEDICO,2022-09,3,23.4,32.26,32.26,Media móvil
702054,SONDA NELATON # 12 ,DISPOSITIVOS MEDICO,2022-07,1,46.56,40.0,40.0,Media móvil
702054,SONDA NELATON # 12 ,DISPOSITIVOS MEDICO,2022-08,2,35.39,30.33,30.33,Media móvil
702054,SONDA NELATON # 12 ,DISPOSITIVOS MEDICO,2022-09,3,29.91,35.44,35.44,Media móvil
702055,SONDA NELATON # 14   ,DISPOSITIVOS MEDICO,2022-07,1,81.36,91.33,81.36,XGBoost
702055,SONDA NELATON # 14   ,DISPOSITIVOS MEDICO,2022-08,2,88.65,94.79,88.65,XGBoost
702055,SONDA NELATON # 14   ,DISPOSITIVOS MEDICO,2022-09,3,90.77,79.0,90.77,XGBoost
702056,SONDA NELATON # 16 ,DISPOSITIVOS MEDICO,2022-07,1,5.42,11.0,11.0,Media móvil
702056,SONDA NELATON # 16 ,DISPOSITIVOS MEDICO,2022-08,2,8.09,9.0,9.0,Media móvil
702056,SONDA NELATON # 16 ,DISPOSITIVOS MEDICO,2022-09,3,6.12,6.67,6.67,Media móvil
702057,SONDA NELATON # 18,DISPOSITIVOS MEDICO,2022-07,1,1.14,6.67,6.67,Media móvil
702057,SONDA NELATON # 18,DISPOSITIVOS MEDICO,2022-08,2,2.85,3.22,2.85,XGBoost
702057,SONDA NELATON # 18,DISPOSITIVOS MEDICO,2022-09,3,2.78,4.17,2.78,XGBoost
702058,SONDA NELATON # 20 ,DISPOSITIVOS MEDICO,2022-07,1,1.73,0.33,1.73,XGBoost
702058,SONDA NELATON # 20 ,DISPOSITIVOS MEDICO,2022-08,2,2.74,0.91,2.74,XGBoost
702058,SONDA NELATON # 20 ,DISPOSITIVOS MEDICO,2022-09,3,2.46,1.49,2.46,XGBoost
702060,S/SUCCION  6 1129,DISPOSITIVOS MEDICO,2022-07,1,12.41,26.0,26.0,Media móvil
702060,S/SUCCION  6 1129,DISPOSITIVOS MEDICO,2022-08,2,16.8,28.33,28.33,Media móvil
702060,S/SUCCION  6 1129,DISPOSITIVOS MEDICO,2022-09,3,15.19,25.78,25.78,Media móvil
702061,SONDA SUCCION # 8   ,DISPOSITIVOS MEDICO,2022-07,1,19.67,41.33,41.33,Media móvil
702061,SONDA SUCCION # 8   ,DISPOSITIVOS MEDICO,2022-08,2,23.56,48.44,48.44,Media móvil
702061,SONDA SUCCION # 8   ,DISPOSITIVOS MEDICO,2022-09,3,21.93,43.93,43.93,Media móvil
702062,S/SUCCION 10  ,DISPOSITIVOS MEDICO,2022-07,1,1.02,0.67,1.02,XGBoost
702062,S/SUCCION 10  ,DISPOSITIVOS MEDICO,2022-08,2,0.84,1.01,0.84,XGBoost
702062,S/SUCCION 10  ,DISPOSITIVOS MEDICO,2022-09,3,0.56,1.29,1.29,Media móvil
702063,SONDA SUCCION # 12,DISPOSITIVOS MEDICO,2022-07,1,31.96,23.0,23.0,Media móvil
702063,SONDA SUCCION # 12,DISPOSITIVOS MEDICO,2022-08,2,11.92,25.67,25.67,Media móvil
702063,SONDA SUCCION # 12,DISPOSITIVOS MEDICO,2022-09,3,18.28,28.89,28.89,Media móvil
702064,SONDA SUCCION # 14  ,DISPOSITIVOS MEDICO,2022-07,1,1149.47,1282.0,1149.47,XGBoost
702064,SONDA SUCCION # 14  ,DISPOSITIVOS MEDICO,2022-08,2,1152.07,1302.16,1152.07,XGBoost
702064,SONDA SUCCION # 14  ,DISPOSITIVOS MEDICO,2022-09,3,1102.81,1225.51,1102.81,XGBoost
702065,SONDA SUCCION # 16,DISPOSITIVOS MEDICO,2022-07,1,397.59,386.67,397.59,XGBoost
702065,SONDA SUCCION # 16,DISPOSITIVOS MEDICO,2022-08,2,402.88,395.53,402.88,XGBoost
702065,SONDA SUCCION # 16,DISPOSITIVOS MEDICO,2022-09,3,478.37,433.49,478.37,XGBoost
702069,S/TRACH-CARE 6FR S/CERRADO -196-4,DISPOSITIVOS MEDICO,2022-07,1,4.4,7.67,7.67,Media móvil
702069,S/TRACH-CARE 6FR S/CERRADO -196-4,DISPOSITIVOS MEDICO,2022-08,2,4.46,7.89,7.89,Media móvil
702069,S/TRACH-CARE 6FR S/CERRADO -196-4,DISPOSITIVOS MEDICO,2022-09,3,5.22,8.19,8.19,Media móvil
702070,S/TRACH-CARE 8FR S/CERRADO- 198-4,DISPOSITIVOS MEDICO,2022-07,1,4.56,5.67,5.67,Media móvil
702070,S/TRACH-CARE 8FR S/CERRADO- 198-4,DISPOSITIVOS MEDICO,2022-08,2,5.26,6.56,6.56,Media móvil
702070,S/TRACH-CARE 8FR S/CERRADO- 198-4,DISPOSITIVOS MEDICO,2022-09,3,6.36,5.74,5.74,Media móvil
702074,S/TRACH-CARE 14FR S/CERRADO/LARGA 22106,DISPOSITIVOS MEDICO,2022-07,1,89.38,69.67,69.67,Media móvil
702074,S/TRACH-CARE 14FR S/CERRADO/LARGA 22106,DISPOSITIVOS MEDICO,2022-08,2,80.33,77.89,77.89,Media móvil
702074,S/TRACH-CARE 14FR S/CERRADO/LARGA 22106,DISPOSITIVOS MEDICO,2022-09,3,85.09,78.85,78.85,Media móvil
702075,S/TRACH-CARE 16FR S/CERRADO/22606,DISPOSITIVOS MEDICO,2022-07,1,50.91,78.33,78.33,Media móvil
702075,S/TRACH-CARE 16FR S/CERRADO/22606,DISPOSITIVOS MEDICO,2022-08,2,55.04,85.11,85.11,Media móvil
702075,S/TRACH-CARE 16FR S/CERRADO/22606,DISPOSITIVOS MEDICO,2022-09,3,45.81,88.81,88.81,Media móvil
702077,BRAZALETE NEO/1,DISPOSITIVOS MEDICO,2022-07,1,0.76,1.33,0.76,XGBoost
702077,BRAZALETE NEO/1,DISPOSITIVOS MEDICO,2022-08,2,0.47,1.59,1.59,Media móvil
702077,BRAZALETE NEO/1,DISPOSITIVOS MEDICO,2022-09,3,0.86,1.11,0.86,XGBoost
702078,BRAZALETE NEO/2,DISPOSITIVOS MEDICO,2022-07,1,4.91,6.67,6.67,Media móvil
702078,BRAZALETE NEO/2,DISPOSITIVOS MEDICO,2022-08,2,5.64,7.56,7.56,Media móvil
702078,BRAZALETE NEO/2,DISPOSITIVOS MEDICO,2022-09,3,5.94,7.07,7.07,Media móvil
702079,BRAZALETE NEO/3,DISPOSITIVOS MEDICO,2022-07,1,20.73,16.0,16.0,Media móvil
702079,BRAZALETE NEO/3,DISPOSITIVOS MEDICO,2022-08,2,21.96,15.0,15.0,Media móvil
702079,BRAZALETE NEO/3,DISPOSITIVOS MEDICO,2022-09,3,21.11,16.0,16.0,Media móvil
702080,BRAZALETE NEO/4,DISPOSITIVOS MEDICO,2022-07,1,6.86,5.0,5.0,Media móvil
702080,BRAZALETE NEO/4,DISPOSITIVOS MEDICO,2022-08,2,6.83,4.67,4.67,Media móvil
702080,BRAZALETE NEO/4,DISPOSITIVOS MEDICO,2022-09,3,6.13,4.56,4.56,Media móvil
702085,CANULA NASAL OXIGENO NEONATAL,DISPOSITIVOS MEDICO,2022-07,1,2.35,1.0,2.35,XGBoost
702085,CANULA NASAL OXIGENO NEONATAL,DISPOSITIVOS MEDICO,2022-08,2,2.68,1.78,2.68,XGBoost
702085,CANULA NASAL OXIGENO NEONATAL,DISPOSITIVOS MEDICO,2022-09,3,2.58,2.34,2.58,XGBoost
702088,CANULA NASAL OXIGENO PEDIATRICA,DISPOSITIVOS MEDICO,2022-07,1,1.53,1.0,1.0,Media móvil
702088,CANULA NASAL OXIGENO PEDIATRICA,DISPOSITIVOS MEDICO,2022-08,2,1.59,1.33,1.33,Media móvil
702088,CANULA NASAL OXIGENO PEDIATRICA,DISPOSITIVOS MEDICO,2022-09,3,1.64,1.11,1.11,Media móvil
702089,CATETER UMBILICAL 3.5 FR,DISPOSITIVOS MEDICO,2022-07,1,5.89,8.0,8.0,Media móvil
702089,CATETER UMBILICAL 3.5 FR,DISPOSITIVOS MEDICO,2022-08,2,8.48,10.0,10.0,Media móvil
702089,CATETER UMBILICAL 3.5 FR,DISPOSITIVOS MEDICO,2022-09,3,9.66,8.0,8.0,Media móvil
702090,CATETER UMBILICAL 5.0FR,DISPOSITIVOS MEDICO,2022-07,1,10.53,9.33,9.33,Media móvil
702090,CATETER UMBILICAL 5.0FR,DISPOSITIVOS MEDICO,2022-08,2,10.74,11.44,11.44,Media móvil
702090,CATETER UMBILICAL 5.0FR,DISPOSITIVOS MEDICO,2022-09,3,12.14,9.93,9.93,Media móvil
702145,AGUJA 18X1.5,DISPOSITIVOS MEDICO,2022-07,1,3947.45,4188.33,3947.45,XGBoost
702145,AGUJA 18X1.5,DISPOSITIVOS MEDICO,2022-08,2,3977.81,4017.15,3977.81,XGBoost
702145,AGUJA 18X1.5,DISPOSITIVOS MEDICO,2022-09,3,3953.78,4102.08,3953.78,XGBoost
702148,AGUJA 21GA X1 ,DISPOSITIVOS MEDICO,2022-07,1,0.29,1.0,1.0,Media móvil
702148,AGUJA 21GA X1 ,DISPOSITIVOS MEDICO,2022-08,2,0.37,0.33,0.37,XGBoost
702148,AGUJA 21GA X1 ,DISPOSITIVOS MEDICO,2022-09,3,0.27,0.46,0.27,XGBoost
702151,AGUJA 23X1,DISPOSITIVOS MEDICO,2022-07,1,1.33,6.0,6.0,Media móvil
702151,AGUJA 23X1,DISPOSITIVOS MEDICO,2022-08,2,1.52,5.67,5.67,Media móvil
702151,AGUJA 23X1,DISPOSITIVOS MEDICO,2022-09,3,1.58,5.56,5.56,Media móvil
702153,AGUJA 25GA X1,DISPOSITIVOS MEDICO,2022-07,1,0.11,0.67,0.67,Media móvil
702153,AGUJA 25GA X1,DISPOSITIVOS MEDICO,2022-08,2,0.05,0.89,0.89,Media móvil
702153,AGUJA 25GA X1,DISPOSITIVOS MEDICO,2022-09,3,0.0,1.19,1.19,Media móvil
702154,AGUJA 26GA X1/2 0,DISPOSITIVOS MEDICO,2022-07,1,1.26,6.0,6.0,Media móvil
702154,AGUJA 26GA X1/2 0,DISPOSITIVOS MEDICO,2022-08,2,0.0,8.0,8.0,Media móvil
702154,AGUJA 26GA X1/2 0,DISPOSITIVOS MEDICO,2022-09,3,0.0,10.0,10.0,Media móvil
702197,CATETER V/CT 16GX20CM/CV-04301-01CV50016,DISPOSITIVOS MEDICO,2022-07,1,1.19,0.33,0.33,Media móvil
702197,CATETER V/CT 16GX20CM/CV-04301-01CV50016,DISPOSITIVOS MEDICO,2022-08,2,1.38,0.11,0.11,Media móvil
702197,CATETER V/CT 16GX20CM/CV-04301-01CV50016,DISPOSITIVOS MEDICO,2022-09,3,1.18,0.15,0.15,Media móvil
702204,INTRODUCTOR 7.0FR/SI-09700 ARROW,DISPOSITIVOS MEDICO,2022-07,1,0.87,1.33,1.33,Media móvil
702204,INTRODUCTOR 7.0FR/SI-09700 ARROW,DISPOSITIVOS MEDICO,2022-08,2,1.44,1.11,1.11,Media móvil
702204,INTRODUCTOR 7.0FR/SI-09700 ARROW,DISPOSITIVOS MEDICO,2022-09,3,1.4,0.81,0.81,Media móvil
702207,JELCO 14G X 2-1/4 ,DISPOSITIVOS MEDICO,2022-07,1,0.3,0.0,0.3,XGBoost
702207,JELCO 14G X 2-1/4 ,DISPOSITIVOS MEDICO,2022-08,2,0.34,0.1,0.34,XGBoost
702207,JELCO 14G X 2-1/4 ,DISPOSITIVOS MEDICO,2022-09,3,0.34,0.21,0.34,XGBoost
702208,JELCO 16G X 2-1/4 LARGO,DISPOSITIVOS MEDICO,2022-07,1,0.64,1.67,1.67,Media móvil
702208,JELCO 16G X 2-1/4 LARGO,DISPOSITIVOS MEDICO,2022-08,2,0.73,2.22,2.22,Media móvil
702208,JELCO 16G X 2-1/4 LARGO,DISPOSITIVOS MEDICO,2022-09,3,0.88,1.96,1.96,Media móvil
702209,JELCO 18G X 1-1/4 ,DISPOSITIVOS MEDICO,2022-07,1,395.77,392.67,395.77,XGBoost
702209,JELCO 18G X 1-1/4 ,DISPOSITIVOS MEDICO,2022-08,2,411.33,402.26,411.33,XGBoost
702209,JELCO 18G X 1-1/4 ,DISPOSITIVOS MEDICO,2022-09,3,391.94,396.7,391.94,XGBoost
702210,JELCO 20G X 1-1/4,DISPOSITIVOS MEDICO,2022-07,1,692.1,736.33,692.1,XGBoost
702210,JELCO 20G X 1-1/4,DISPOSITIVOS MEDICO,2022-08,2,702.64,672.03,702.64,XGBoost
702210,JELCO 20G X 1-1/4,DISPOSITIVOS MEDICO,2022-09,3,674.36,704.58,674.36,XGBoost
702211,CATETER INTRAVENOSO 22G X 1 ,DISPOSITIVOS MEDICO,2022-07,1,1489.16,1444.0,1489.16,XGBoost
702211,CATETER INTRAVENOSO 22G X 1 ,DISPOSITIVOS MEDICO,2022-08,2,1492.47,1434.72,1492.47,XGBoost
702211,CATETER INTRAVENOSO 22G X 1 ,DISPOSITIVOS MEDICO,2022-09,3,1488.44,1456.88,1488.44,XGBoost
702212,JELCO 24G X 3/4,DISPOSITIVOS MEDICO,2022-07,1,177.07,194.0,177.07,XGBoost
702212,JELCO 24G X 3/4,DISPOSITIVOS MEDICO,2022-08,2,185.21,194.36,185.21,XGBoost
702212,JELCO 24G X 3/4,DISPOSITIVOS MEDICO,2022-09,3,185.27,187.09,185.27,XGBoost
702216,CATETER EPICUTANEO CAVA 24 G 2FR REF 218400,DISPOSITIVOS MEDICO,2022-07,1,9.39,7.33,7.33,Media móvil
702216,CATETER EPICUTANEO CAVA 24 G 2FR REF 218400,DISPOSITIVOS MEDICO,2022-08,2,9.05,6.78,6.78,Media móvil
702216,CATETER EPICUTANEO CAVA 24 G 2FR REF 218400,DISPOSITIVOS MEDICO,2022-09,3,9.0,7.37,7.37,Media móvil
702222,PERICRANEAL 23     ,DISPOSITIVOS MEDICO,2022-07,1,231.76,218.0,231.76,XGBoost
702222,PERICRANEAL 23     ,DISPOSITIVOS MEDICO,2022-08,2,241.66,223.59,241.66,XGBoost
702222,PERICRANEAL 23     ,DISPOSITIVOS MEDICO,2022-09,3,236.92,241.81,236.92,XGBoost
702226,PERIFIX 18GA C/A 4514017 ,DISPOSITIVOS MEDICO,2022-07,1,0.0,0.67,0.67,Media móvil
702226,PERIFIX 18GA C/A 4514017 ,DISPOSITIVOS MEDICO,2022-08,2,0.0,0.56,0.56,Media móvil
702226,PERIFIX 18GA C/A 4514017 ,DISPOSITIVOS MEDICO,2022-09,3,0.0,0.74,0.74,Media móvil
702228,SPINOCAN 18G 3/2   ,DISPOSITIVOS MEDICO,2022-07,1,3.43,4.0,4.0,Media móvil
702228,SPINOCAN 18G 3/2   ,DISPOSITIVOS MEDICO,2022-08,2,2.22,4.67,4.67,Media móvil
702228,SPINOCAN 18G 3/2   ,DISPOSITIVOS MEDICO,2022-09,3,2.8,3.56,3.56,Media móvil
702229,SPINOCAN 20G X31/2 ,DISPOSITIVOS MEDICO,2022-07,1,4.43,7.0,7.0,Media móvil
702229,SPINOCAN 20G X31/2 ,DISPOSITIVOS MEDICO,2022-08,2,4.52,7.33,7.33,Media móvil
702229,SPINOCAN 20G X31/2 ,DISPOSITIVOS MEDICO,2022-09,3,4.4,7.78,7.78,Media móvil
702230,SPINOCAN 22G X31/2  ,DISPOSITIVOS MEDICO,2022-07,1,1.99,4.67,4.67,Media móvil
702230,SPINOCAN 22G X31/2  ,DISPOSITIVOS MEDICO,2022-08,2,3.13,4.56,4.56,Media móvil
702230,SPINOCAN 22G X31/2  ,DISPOSITIVOS MEDICO,2022-09,3,2.18,4.41,4.41,Media móvil
702231,SPINOCAN 25X3.1/2,DISPOSITIVOS MEDICO,2022-07,1,0.32,0.0,0.32,XGBoost
702231,SPINOCAN 25X3.1/2,DISPOSITIVOS MEDICO,2022-08,2,0.33,0.11,0.33,XGBoost
702231,SPINOCAN 25X3.1/2,DISPOSITIVOS MEDICO,2022-09,3,0.33,0.22,0.33,XGBoost
702233,SPINOCAN 27G ,DISPOSITIVOS MEDICO,2022-07,1,0.12,0.0,0.12,XGBoost
702233,SPINOCAN 27G ,DISPOSITIVOS MEDICO,2022-08,2,0.16,0.04,0.16,XGBoost
702233,SPINOCAN 27G ,DISPOSITIVOS MEDICO,2022-09,3,0.16,0.09,0.16,XGBoost
702235,AGUJA SURECAN GRIPPER PLUS SEGURIDAD 20 GA  X19 MM REF-0821276724,DISPOSITIVOS MEDICO,2022-07,1,0.16,0.0,0.16,XGBoost
702235,AGUJA SURECAN GRIPPER PLUS SEGURIDAD 20 GA  X19 MM REF-0821276724,DISPOSITIVOS MEDICO,2022-08,2,0.14,0.05,0.14,XGBoost
702235,AGUJA SURECAN GRIPPER PLUS SEGURIDAD 20 GA  X19 MM REF-0821276724,DISPOSITIVOS MEDICO,2022-09,3,0.35,0.1,0.35,XGBoost
702240,GUANTE ESTERIL 6.5 (PAR),DISPOSITIVOS MEDICO,2022-07,1,123.87,127.33,123.87,XGBoost
702240,GUANTE ESTERIL 6.5 (PAR),DISPOSITIVOS MEDICO,2022-08,2,50.85,168.62,168.62,Media móvil
702240,GUANTE ESTERIL 6.5 (PAR),DISPOSITIVOS MEDICO,2022-09,3,48.74,158.5,158.5,Media móvil
702241,GUANTE ESTERIL 7.0 (PAR),DISPOSITIVOS MEDICO,2022-07,1,470.95,506.33,470.95,XGBoost
702241,GUANTE ESTERIL 7.0 (PAR),DISPOSITIVOS MEDICO,2022-08,2,326.44,663.32,663.32,Media móvil
702241,GUANTE ESTERIL 7.0 (PAR),DISPOSITIVOS MEDICO,2022-09,3,334.58,609.42,334.58,XGBoost
702242,GUANTE ESTERIL 7.5 (PAR),DISPOSITIVOS MEDICO,2022-07,1,515.9,588.67,515.9,XGBoost
702242,GUANTE ESTERIL 7.5 (PAR),DISPOSITIVOS MEDICO,2022-08,2,352.08,760.63,760.63,Media móvil
702242,GUANTE ESTERIL 7.5 (PAR),DISPOSITIVOS MEDICO,2022-09,3,217.52,739.51,739.51,Media móvil
702243,GUANTE ESTERIL 8.0 (PAR),DISPOSITIVOS MEDICO,2022-07,1,1.59,13.0,13.0,Media móvil
702243,GUANTE ESTERIL 8.0 (PAR),DISPOSITIVOS MEDICO,2022-08,2,3.1,17.33,17.33,Media móvil
702243,GUANTE ESTERIL 8.0 (PAR),DISPOSITIVOS MEDICO,2022-09,3,3.48,19.11,19.11,Media móvil
702249,BISTURI # 11 ,DISPOSITIVOS MEDICO,2022-07,1,138.52,132.67,138.52,XGBoost
702249,BISTURI # 11 ,DISPOSITIVOS MEDICO,2022-08,2,147.61,147.17,147.61,XGBoost
702249,BISTURI # 11 ,DISPOSITIVOS MEDICO,2022-09,3,125.99,141.71,125.99,XGBoost
702251,BISTURI # 15 ,DISPOSITIVOS MEDICO,2022-07,1,8.1,9.67,9.67,Media móvil
702251,BISTURI # 15 ,DISPOSITIVOS MEDICO,2022-08,2,7.89,8.22,8.22,Media móvil
702251,BISTURI # 15 ,DISPOSITIVOS MEDICO,2022-09,3,7.39,8.3,8.3,Media móvil
702256,HEMINA 350 MG PANHEMATIN,MEDICAMENTOS,2022-07,1,0.25,0.0,0.25,XGBoost
702256,HEMINA 350 MG PANHEMATIN,MEDICAMENTOS,2022-08,2,0.29,0.08,0.29,XGBoost
702256,HEMINA 350 MG PANHEMATIN,MEDICAMENTOS,2022-09,3,0.29,0.18,0.29,XGBoost
702257,JERINGA 3ML,DISPOSITIVOS MEDICO,2022-07,1,3904.13,4213.67,3904.13,XGBoost
702257,JERINGA 3ML,DISPOSITIVOS MEDICO,2022-08,2,3986.91,3937.04,3986.91,XGBoost
702257,JERINGA 3ML,DISPOSITIVOS MEDICO,2022-09,3,3986.91,3936.01,3986.91,XGBoost
702258,JERINGA 5ML,DISPOSITIVOS MEDICO,2022-07,1,6997.42,6982.67,6997.42,XGBoost
702258,JERINGA 5ML,DISPOSITIVOS MEDICO,2022-08,2,6984.2,6869.81,6984.2,XGBoost
702258,JERINGA 5ML,DISPOSITIVOS MEDICO,2022-09,3,6984.2,6854.54,6984.2,XGBoost
702259,JERINGA 10ML ,DISPOSITIVOS MEDICO,2022-07,1,9949.43,13456.67,9949.43,XGBoost
702259,JERINGA 10ML ,DISPOSITIVOS MEDICO,2022-08,2,10025.94,11954.48,10025.94,XGBoost
702259,JERINGA 10ML ,DISPOSITIVOS MEDICO,2022-09,3,10025.94,11024.79,10025.94,XGBoost
702261,JERINGA 50ML ROSCA,DISPOSITIVOS MEDICO,2022-07,1,149.93,117.67,149.93,XGBoost
702261,JERINGA 50ML ROSCA,DISPOSITIVOS MEDICO,2022-08,2,152.37,144.31,152.37,XGBoost
702261,JERINGA 50ML ROSCA,DISPOSITIVOS MEDICO,2022-09,3,128.36,152.43,128.36,XGBoost
702262,JERINGA 50ML PUNTA CATETER,DISPOSITIVOS MEDICO,2022-07,1,110.37,106.0,110.37,XGBoost
702262,JERINGA 50ML PUNTA CATETER,DISPOSITIVOS MEDICO,2022-08,2,94.91,115.12,94.91,XGBoost
702262,JERINGA 50ML PUNTA CATETER,DISPOSITIVOS MEDICO,2022-09,3,96.19,111.76,96.19,XGBoost
702263,JERINGA 1ML INSULINA,DISPOSITIVOS MEDICO,2022-07,1,2970.96,2761.0,2970.96,XGBoost
702263,JERINGA 1ML INSULINA,DISPOSITIVOS MEDICO,2022-08,2,3248.39,2836.99,3248.39,XGBoost
702263,JERINGA 1ML INSULINA,DISPOSITIVOS MEDICO,2022-09,3,3788.22,3111.12,3788.22,XGBoost
702264,JERINGA DE GASES (JERINGA HEPARINIZADA),DISPOSITIVOS MEDICO,2022-07,1,1517.32,1472.33,1517.32,XGBoost
702264,JERINGA DE GASES (JERINGA HEPARINIZADA),DISPOSITIVOS MEDICO,2022-08,2,1495.5,1515.11,1495.5,XGBoost
702264,JERINGA DE GASES (JERINGA HEPARINIZADA),DISPOSITIVOS MEDICO,2022-09,3,1466.32,1591.61,1466.32,XGBoost
702298,BARRERA STOMAHESIVE 38 MM ,DISPOSITIVOS MEDICO,2022-07,1,0.31,0.33,0.31,XGBoost
702298,BARRERA STOMAHESIVE 38 MM ,DISPOSITIVOS MEDICO,2022-08,2,0.33,0.1,0.33,XGBoost
702298,BARRERA STOMAHESIVE 38 MM ,DISPOSITIVOS MEDICO,2022-09,3,0.33,0.22,0.33,XGBoost
702302,BARRERA STOMAHESIVE 57 - 60 MM ,DISPOSITIVOS MEDICO,2022-07,1,13.34,16.67,16.67,Media móvil
702302,BARRERA STOMAHESIVE 57 - 60 MM ,DISPOSITIVOS MEDICO,2022-08,2,14.34,16.22,16.22,Media móvil
702302,BARRERA STOMAHESIVE 57 - 60 MM ,DISPOSITIVOS MEDICO,2022-09,3,11.94,16.96,16.96,Media móvil
702303,BARRERA STOMAHESIVE 70MM ,DISPOSITIVOS MEDICO,2022-07,1,6.12,15.67,15.67,Media móvil
702303,BARRERA STOMAHESIVE 70MM ,DISPOSITIVOS MEDICO,2022-08,2,8.16,14.89,14.89,Media móvil
702303,BARRERA STOMAHESIVE 70MM ,DISPOSITIVOS MEDICO,2022-09,3,11.43,12.52,12.52,Media móvil
702307,BARRERA STOMAHESIVE 32MM NINOS ,DISPOSITIVOS MEDICO,2022-07,1,0.47,0.67,0.47,XGBoost
702307,BARRERA STOMAHESIVE 32MM NINOS ,DISPOSITIVOS MEDICO,2022-08,2,0.65,0.16,0.65,XGBoost
702307,BARRERA STOMAHESIVE 32MM NINOS ,DISPOSITIVOS MEDICO,2022-09,3,0.7,0.37,0.7,XGBoost
702310,BARRERA STOMAHESIVE 20MMX20MM LISA ,DISPOSITIVOS MEDICO,2022-07,1,15.04,16.33,16.33,Media móvil
702310,BARRERA STOMAHESIVE 20MMX20MM LISA ,DISPOSITIVOS MEDICO,2022-08,2,15.37,18.11,18.11,Media móvil
702310,BARRERA STOMAHESIVE 20MMX20MM LISA ,DISPOSITIVOS MEDICO,2022-09,3,11.65,19.81,19.81,Media móvil
702321,BOLSA OSTOMIA 32MM NINOS ,DISPOSITIVOS MEDICO,2022-07,1,0.41,0.0,0.41,XGBoost
702321,BOLSA OSTOMIA 32MM NINOS ,DISPOSITIVOS MEDICO,2022-08,2,0.32,0.14,0.32,XGBoost
702321,BOLSA OSTOMIA 32MM NINOS ,DISPOSITIVOS MEDICO,2022-09,3,0.44,0.24,0.44,XGBoost
702323,BOLSA OSTOMIA OP/57 - 60 MM ,DISPOSITIVOS MEDICO,2022-07,1,15.05,17.0,17.0,Media móvil
702323,BOLSA OSTOMIA OP/57 - 60 MM ,DISPOSITIVOS MEDICO,2022-08,2,11.95,14.67,14.67,Media móvil
702323,BOLSA OSTOMIA OP/57 - 60 MM ,DISPOSITIVOS MEDICO,2022-09,3,15.52,15.89,15.89,Media móvil
702324,BOLSA OSTOMIA OP /70MM ,DISPOSITIVOS MEDICO,2022-07,1,5.65,15.0,15.0,Media móvil
702324,BOLSA OSTOMIA OP /70MM ,DISPOSITIVOS MEDICO,2022-08,2,7.4,15.0,15.0,Media móvil
702324,BOLSA OSTOMIA OP /70MM ,DISPOSITIVOS MEDICO,2022-09,3,7.77,12.33,12.33,Media móvil
702326,BOLSA OSTOMIA  OP45MM ,DISPOSITIVOS MEDICO,2022-07,1,0.6,1.67,1.67,Media móvil
702326,BOLSA OSTOMIA  OP45MM ,DISPOSITIVOS MEDICO,2022-08,2,0.53,1.56,1.56,Media móvil
702326,BOLSA OSTOMIA  OP45MM ,DISPOSITIVOS MEDICO,2022-09,3,0.5,2.07,2.07,Media móvil
702358,CYSTOFLOW 2000 ML ADULTO,DISPOSITIVOS MEDICO,2022-07,1,85.03,73.33,73.33,Media móvil
702358,CYSTOFLOW 2000 ML ADULTO,DISPOSITIVOS MEDICO,2022-08,2,69.92,69.78,69.78,Media móvil
702358,CYSTOFLOW 2000 ML ADULTO,DISPOSITIVOS MEDICO,2022-09,3,71.99,69.04,69.04,Media móvil
702368,LLAVE DE 3 VIAS,DISPOSITIVOS MEDICO,2022-07,1,281.32,250.67,281.32,XGBoost
702368,LLAVE DE 3 VIAS,DISPOSITIVOS MEDICO,2022-08,2,276.5,267.44,276.5,XGBoost
702368,LLAVE DE 3 VIAS,DISPOSITIVOS MEDICO,2022-09,3,247.91,276.94,247.91,XGBoost
702377,BURETROL,DISPOSITIVOS MEDICO,2022-07,1,975.29,905.33,975.29,XGBoost
702377,BURETROL,DISPOSITIVOS MEDICO,2022-08,2,948.1,800.1,948.1,XGBoost
702377,BURETROL,DISPOSITIVOS MEDICO,2022-09,3,984.66,889.13,984.66,XGBoost
702381,EQUIPO MACROGOTEO S/A (SOLO CX E IMAGENES),DISPOSITIVOS MEDICO,2022-07,1,256.38,246.33,256.38,XGBoost
702381,EQUIPO MACROGOTEO S/A (SOLO CX E IMAGENES),DISPOSITIVOS MEDICO,2022-08,2,284.26,225.13,284.26,XGBoost
702381,EQUIPO MACROGOTEO S/A (SOLO CX E IMAGENES),DISPOSITIVOS MEDICO,2022-09,3,287.56,248.55,287.56,XGBoost
702382,EXTENSION DE ANESTESIA ADULTO ,DISPOSITIVOS MEDICO,2022-07,1,1155.91,1168.67,1155.91,XGBoost
702382,EXTENSION DE ANESTESIA ADULTO ,DISPOSITIVOS MEDICO,2022-08,2,1254.19,1111.97,1254.19,XGBoost
702382,EXTENSION DE ANESTESIA ADULTO ,DISPOSITIVOS MEDICO,2022-09,3,1250.05,1171.03,1250.05,XGBoost
702383,EXTENSION DE ANESTESIA PEDIATRICO,DISPOSITIVOS MEDICO,2022-07,1,176.21,148.33,176.21,XGBoost
702383,EXTENSION DE ANESTESIA PEDIATRICO,DISPOSITIVOS MEDICO,2022-08,2,163.37,177.74,163.37,XGBoost
702383,EXTENSION DE ANESTESIA PEDIATRICO,DISPOSITIVOS MEDICO,2022-09,3,166.19,169.53,166.19,XGBoost
702417,HUMIDIFICADOR 3PSI,DISPOSITIVOS MEDICO,2022-07,1,34.97,44.0,44.0,Media móvil
702417,HUMIDIFICADOR 3PSI,DISPOSITIVOS MEDICO,2022-08,2,36.73,45.0,45.0,Media móvil
702417,HUMIDIFICADOR 3PSI,DISPOSITIVOS MEDICO,2022-09,3,35.98,43.67,43.67,Media móvil
702435,NARIZ DE CAMELLO ADULTO,MEDICAMENTOS,2022-07,1,217.55,218.0,217.55,XGBoost
702435,NARIZ DE CAMELLO ADULTO,MEDICAMENTOS,2022-08,2,193.55,245.18,193.55,XGBoost
702435,NARIZ DE CAMELLO ADULTO,MEDICAMENTOS,2022-09,3,186.69,236.7,186.69,XGBoost
702437,NIPLE CONECTOR MAG 02 HUDSON ,DISPOSITIVOS MEDICO,2022-07,1,1.03,1.0,1.0,Media móvil
702437,NIPLE CONECTOR MAG 02 HUDSON ,DISPOSITIVOS MEDICO,2022-08,2,1.35,1.33,1.33,Media móvil
702437,NIPLE CONECTOR MAG 02 HUDSON ,DISPOSITIVOS MEDICO,2022-09,3,1.42,1.11,1.11,Media móvil
702445,BUPRENORFINA PARCHE TRANSDERMICO 20MG ,CONTROLADOS,2022-07,1,0.38,0.0,0.38,XGBoost
702445,BUPRENORFINA PARCHE TRANSDERMICO 20MG ,CONTROLADOS,2022-08,2,0.39,0.13,0.39,XGBoost
702445,BUPRENORFINA PARCHE TRANSDERMICO 20MG ,CONTROLADOS,2022-09,3,0.39,0.26,0.39,XGBoost
702452,STOMAHESIVE PASTA TBX2 ONZ.,DISPOSITIVOS MEDICO,2022-07,1,16.01,16.67,16.67,Media móvil
702452,STOMAHESIVE PASTA TBX2 ONZ.,DISPOSITIVOS MEDICO,2022-08,2,9.84,18.22,18.22,Media móvil
702452,STOMAHESIVE PASTA TBX2 ONZ.,DISPOSITIVOS MEDICO,2022-09,3,13.64,21.96,21.96,Media móvil
702460,PINZA P/BOLSA DE OSTOMIA ,DISPOSITIVOS MEDICO,2022-07,1,8.73,10.67,10.67,Media móvil
702460,PINZA P/BOLSA DE OSTOMIA ,DISPOSITIVOS MEDICO,2022-08,2,7.34,10.56,10.56,Media móvil
702460,PINZA P/BOLSA DE OSTOMIA ,DISPOSITIVOS MEDICO,2022-09,3,6.76,10.74,10.74,Media móvil
702473,FENOBARBITAL SOLUCIÓN INYECTABLE 40 MG/1ML ,CONTROLADOS,2022-07,1,5.74,21.0,21.0,Media móvil
702473,FENOBARBITAL SOLUCIÓN INYECTABLE 40 MG/1ML ,CONTROLADOS,2022-08,2,3.78,14.67,14.67,Media móvil
702473,FENOBARBITAL SOLUCIÓN INYECTABLE 40 MG/1ML ,CONTROLADOS,2022-09,3,2.86,11.89,11.89,Media móvil
702484,KIT MICRONEBULIZADOR ADULTO,DISPOSITIVOS MEDICO,2022-07,1,4.45,4.33,4.33,Media móvil
702484,KIT MICRONEBULIZADOR ADULTO,DISPOSITIVOS MEDICO,2022-08,2,4.77,3.78,3.78,Media móvil
702484,KIT MICRONEBULIZADOR ADULTO,DISPOSITIVOS MEDICO,2022-09,3,4.63,4.37,4.37,Media móvil
702486,STOMAHESIVE POLVO X 1 ONZA,DISPOSITIVOS MEDICO,2022-07,1,8.96,8.33,8.33,Media móvil
702486,STOMAHESIVE POLVO X 1 ONZA,DISPOSITIVOS MEDICO,2022-08,2,8.05,9.44,9.44,Media móvil
702486,STOMAHESIVE POLVO X 1 ONZA,DISPOSITIVOS MEDICO,2022-09,3,8.92,8.93,8.93,Media móvil
702487,TAPON HEPARINIZADO,DISPOSITIVOS MEDICO,2022-07,1,409.85,425.67,409.85,XGBoost
702487,TAPON HEPARINIZADO,DISPOSITIVOS MEDICO,2022-08,2,413.55,407.62,413.55,XGBoost
702487,TAPON HEPARINIZADO,DISPOSITIVOS MEDICO,2022-09,3,385.44,402.8,385.44,XGBoost
702490,TAPON HEPARINA ROJO,DISPOSITIVOS MEDICO,2022-07,1,231.65,242.0,231.65,XGBoost
702490,TAPON HEPARINA ROJO,DISPOSITIVOS MEDICO,2022-08,2,283.79,229.88,283.79,XGBoost
702490,TAPON HEPARINA ROJO,DISPOSITIVOS MEDICO,2022-09,3,280.85,241.15,280.85,XGBoost
702531,EXTENSION DE MONITOREO MACHO MACHO,MEDICAMENTOS,2022-07,1,14.08,5.67,5.67,Media móvil
702531,EXTENSION DE MONITOREO MACHO MACHO,MEDICAMENTOS,2022-08,2,12.46,4.89,4.89,Media móvil
702531,EXTENSION DE MONITOREO MACHO MACHO,MEDICAMENTOS,2022-09,3,11.15,4.52,4.52,Media móvil
702558,TIOPENTAL POLVO LIOFILIZADO 1G ,MEDICAMENTOS,2022-07,1,4.29,0.0,4.29,XGBoost
702558,TIOPENTAL POLVO LIOFILIZADO 1G ,MEDICAMENTOS,2022-08,2,9.14,1.43,9.14,XGBoost
702558,TIOPENTAL POLVO LIOFILIZADO 1G ,MEDICAMENTOS,2022-09,3,6.27,4.48,6.27,XGBoost
702585,CANULA NASAL OXIGENO ADULTO,DISPOSITIVOS MEDICO,2022-07,1,165.47,157.67,165.47,XGBoost
702585,CANULA NASAL OXIGENO ADULTO,DISPOSITIVOS MEDICO,2022-08,2,163.54,157.82,163.54,XGBoost
702585,CANULA NASAL OXIGENO ADULTO,DISPOSITIVOS MEDICO,2022-09,3,159.14,160.34,159.14,XGBoost
702609,CANULA GUEDEL 3 (ISO 9.0),DISPOSITIVOS MEDICO,2022-07,1,0.4,10.0,10.0,Media móvil
702609,CANULA GUEDEL 3 (ISO 9.0),DISPOSITIVOS MEDICO,2022-08,2,0.16,13.33,13.33,Media móvil
702609,CANULA GUEDEL 3 (ISO 9.0),DISPOSITIVOS MEDICO,2022-09,3,0.07,16.11,16.11,Media móvil
702619,CANULA GUEDEL 2 (ISO 8.0),DISPOSITIVOS MEDICO,2022-07,1,0.21,0.0,0.21,XGBoost
702619,CANULA GUEDEL 2 (ISO 8.0),DISPOSITIVOS MEDICO,2022-08,2,0.16,0.07,0.16,XGBoost
702619,CANULA GUEDEL 2 (ISO 8.0),DISPOSITIVOS MEDICO,2022-09,3,0.21,0.12,0.21,XGBoost
702620,INCENTIVO RESPIRATORIO HUDSON,DISPOSITIVOS MEDICO,2022-07,1,0.1,0.0,0.1,XGBoost
702620,INCENTIVO RESPIRATORIO HUDSON,DISPOSITIVOS MEDICO,2022-08,2,0.11,0.03,0.11,XGBoost
702620,INCENTIVO RESPIRATORIO HUDSON,DISPOSITIVOS MEDICO,2022-09,3,0.07,0.07,0.07,XGBoost
702626,LINER FLEX 1500CC TAPA AZUL - GEL SOLIDIFICANTE,DISPOSITIVOS MEDICO,2022-07,1,86.32,88.67,88.67,Media móvil
702626,LINER FLEX 1500CC TAPA AZUL - GEL SOLIDIFICANTE,DISPOSITIVOS MEDICO,2022-08,2,75.31,93.56,93.56,Media móvil
702626,LINER FLEX 1500CC TAPA AZUL - GEL SOLIDIFICANTE,DISPOSITIVOS MEDICO,2022-09,3,77.37,93.07,93.07,Media móvil
702627,LINER FLEX 1000CC TAPA AZUL-GEL SOLIDIFICANTE,DISPOSITIVOS MEDICO,2022-07,1,80.81,79.67,79.67,Media móvil
702627,LINER FLEX 1000CC TAPA AZUL-GEL SOLIDIFICANTE,DISPOSITIVOS MEDICO,2022-08,2,86.68,80.22,80.22,Media móvil
702627,LINER FLEX 1000CC TAPA AZUL-GEL SOLIDIFICANTE,DISPOSITIVOS MEDICO,2022-09,3,82.04,78.96,78.96,Media móvil
702635,MASCARA C/RESERVORIO ADULTO,DISPOSITIVOS MEDICO,2022-07,1,10.34,11.0,11.0,Media móvil
702635,MASCARA C/RESERVORIO ADULTO,DISPOSITIVOS MEDICO,2022-08,2,9.14,13.0,13.0,Media móvil
702635,MASCARA C/RESERVORIO ADULTO,DISPOSITIVOS MEDICO,2022-09,3,7.56,13.33,13.33,Media móvil
702636,MASCARA NO REINHALACION C/RESERVORIO  PEDIATRICA,DISPOSITIVOS MEDICO,2022-07,1,0.11,0.33,0.33,Media móvil
702636,MASCARA NO REINHALACION C/RESERVORIO  PEDIATRICA,DISPOSITIVOS MEDICO,2022-08,2,0.09,0.11,0.09,XGBoost
702636,MASCARA NO REINHALACION C/RESERVORIO  PEDIATRICA,DISPOSITIVOS MEDICO,2022-09,3,0.16,0.14,0.16,XGBoost
702641,MASCARA VENTURY ADULTO,DISPOSITIVOS MEDICO,2022-07,1,48.84,54.0,54.0,Media móvil
702641,MASCARA VENTURY ADULTO,DISPOSITIVOS MEDICO,2022-08,2,51.23,54.33,54.33,Media móvil
702641,MASCARA VENTURY ADULTO,DISPOSITIVOS MEDICO,2022-09,3,49.09,53.44,53.44,Media móvil
702642,CANULA YANKAWER DESECHABLE ,DISPOSITIVOS MEDICO,2022-07,1,0.24,0.0,0.24,XGBoost
702642,CANULA YANKAWER DESECHABLE ,DISPOSITIVOS MEDICO,2022-08,2,0.11,0.08,0.11,XGBoost
702642,CANULA YANKAWER DESECHABLE ,DISPOSITIVOS MEDICO,2022-09,3,0.18,0.12,0.18,XGBoost
702673,RECOLECTOR/ORINA PED/BLX40  ,DISPOSITIVOS MEDICO,2022-07,1,105.84,83.33,105.84,XGBoost
702673,RECOLECTOR/ORINA PED/BLX40  ,DISPOSITIVOS MEDICO,2022-08,2,90.17,76.28,90.17,XGBoost
702673,RECOLECTOR/ORINA PED/BLX40  ,DISPOSITIVOS MEDICO,2022-09,3,97.66,92.33,97.66,XGBoost
702694,TUBO ENDOTRAQUEAL 8.5 C/BL,DISPOSITIVOS MEDICO,2022-07,1,0.29,1.0,1.0,Media móvil
702694,TUBO ENDOTRAQUEAL 8.5 C/BL,DISPOSITIVOS MEDICO,2022-08,2,0.27,1.0,1.0,Media móvil
702694,TUBO ENDOTRAQUEAL 8.5 C/BL,DISPOSITIVOS MEDICO,2022-09,3,0.25,1.0,1.0,Media móvil
702695,TUBO ENDOTRAQUEAL 8.0 C/BL,DISPOSITIVOS MEDICO,2022-07,1,12.78,12.33,12.33,Media móvil
702695,TUBO ENDOTRAQUEAL 8.0 C/BL,DISPOSITIVOS MEDICO,2022-08,2,12.88,12.11,12.11,Media móvil
702695,TUBO ENDOTRAQUEAL 8.0 C/BL,DISPOSITIVOS MEDICO,2022-09,3,11.47,12.81,12.81,Media móvil
702696,TUBO ENDOTRAQUEAL 7.5 C/BL,DISPOSITIVOS MEDICO,2022-07,1,18.17,20.67,20.67,Media móvil
702696,TUBO ENDOTRAQUEAL 7.5 C/BL,DISPOSITIVOS MEDICO,2022-08,2,21.11,20.22,20.22,Media móvil
702696,TUBO ENDOTRAQUEAL 7.5 C/BL,DISPOSITIVOS MEDICO,2022-09,3,22.58,18.96,18.96,Media móvil
702697,TUBO ENDOTRAQUEAL 7.0 C/BL ,DISPOSITIVOS MEDICO,2022-07,1,2.91,1.33,1.33,Media móvil
702697,TUBO ENDOTRAQUEAL 7.0 C/BL ,DISPOSITIVOS MEDICO,2022-08,2,3.11,1.11,1.11,Media móvil
702697,TUBO ENDOTRAQUEAL 7.0 C/BL ,DISPOSITIVOS MEDICO,2022-09,3,3.3,1.48,1.48,Media móvil
702698,TUBO ENDOTRAQUEAL 6.5 C/BL,DISPOSITIVOS MEDICO,2022-07,1,0.24,0.67,0.67,Media móvil
702698,TUBO ENDOTRAQUEAL 6.5 C/BL,DISPOSITIVOS MEDICO,2022-08,2,0.27,0.89,0.89,Media móvil
702698,TUBO ENDOTRAQUEAL 6.5 C/BL,DISPOSITIVOS MEDICO,2022-09,3,0.21,1.19,1.19,Media móvil
702703,TUBO ENDOTRAQUEAL 4.0 S/BL,DISPOSITIVOS MEDICO,2022-07,1,2.09,2.67,2.67,Media móvil
702703,TUBO ENDOTRAQUEAL 4.0 S/BL,DISPOSITIVOS MEDICO,2022-08,2,1.85,2.89,2.89,Media móvil
702703,TUBO ENDOTRAQUEAL 4.0 S/BL,DISPOSITIVOS MEDICO,2022-09,3,2.38,2.85,2.85,Media móvil
702704,TUBO ENDOTRAQUEAL 3.5 S/BL    ,DISPOSITIVOS MEDICO,2022-07,1,4.22,1.33,1.33,Media móvil
702704,TUBO ENDOTRAQUEAL 3.5 S/BL    ,DISPOSITIVOS MEDICO,2022-08,2,3.65,1.78,1.78,Media móvil
702704,TUBO ENDOTRAQUEAL 3.5 S/BL    ,DISPOSITIVOS MEDICO,2022-09,3,4.41,1.7,1.7,Media móvil
702705,TUBO ENDOTRAQUEAL 3.0 S/BL,DISPOSITIVOS MEDICO,2022-07,1,1.58,3.67,3.67,Media móvil
702705,TUBO ENDOTRAQUEAL 3.0 S/BL,DISPOSITIVOS MEDICO,2022-08,2,2.4,3.22,3.22,Media móvil
702705,TUBO ENDOTRAQUEAL 3.0 S/BL,DISPOSITIVOS MEDICO,2022-09,3,2.17,2.3,2.3,Media móvil
702706,TUBO ENDOTRAQUEAL 2.5 S/BL ,DISPOSITIVOS MEDICO,2022-07,1,0.54,0.33,0.54,XGBoost
702706,TUBO ENDOTRAQUEAL 2.5 S/BL ,DISPOSITIVOS MEDICO,2022-08,2,0.44,0.18,0.44,XGBoost
702706,TUBO ENDOTRAQUEAL 2.5 S/BL ,DISPOSITIVOS MEDICO,2022-09,3,0.67,0.32,0.67,XGBoost
702707,TUBO ENDOTRAQUEAL 2.0 S/BL,DISPOSITIVOS MEDICO,2022-07,1,0.18,0.0,0.18,XGBoost
702707,TUBO ENDOTRAQUEAL 2.0 S/BL,DISPOSITIVOS MEDICO,2022-08,2,0.19,0.06,0.19,XGBoost
702707,TUBO ENDOTRAQUEAL 2.0 S/BL,DISPOSITIVOS MEDICO,2022-09,3,0.19,0.13,0.19,XGBoost
702713,TUBO ENDOTRAQUEAL 5.5 C/BL,DISPOSITIVOS MEDICO,2022-07,1,0.0,0.67,0.67,Media móvil
702713,TUBO ENDOTRAQUEAL 5.5 C/BL,DISPOSITIVOS MEDICO,2022-08,2,0.0,0.89,0.89,Media móvil
702713,TUBO ENDOTRAQUEAL 5.5 C/BL,DISPOSITIVOS MEDICO,2022-09,3,0.0,1.19,1.19,Media móvil
702715,"ENOXAPARINA 40MG/0,4ML SOL. INYECTABLE ",MEDICAMENTOS,2022-07,1,2173.66,2278.33,2173.66,XGBoost
702715,"ENOXAPARINA 40MG/0,4ML SOL. INYECTABLE ",MEDICAMENTOS,2022-08,2,2201.11,2238.55,2201.11,XGBoost
702715,"ENOXAPARINA 40MG/0,4ML SOL. INYECTABLE ",MEDICAMENTOS,2022-09,3,2201.11,2242.59,2201.11,XGBoost
702869,MASCARA P/TRAQUEOSTOMIA ADULTO - 1075,DISPOSITIVOS MEDICO,2022-07,1,6.64,9.0,9.0,Media móvil
702869,MASCARA P/TRAQUEOSTOMIA ADULTO - 1075,DISPOSITIVOS MEDICO,2022-08,2,6.73,9.0,9.0,Media móvil
702869,MASCARA P/TRAQUEOSTOMIA ADULTO - 1075,DISPOSITIVOS MEDICO,2022-09,3,6.17,10.0,10.0,Media móvil
703178,CLORURO DE SODIO 9% SOL. INYECTABLE x 250ML,MEDICAMENTOS,2022-07,1,1101.61,1062.0,1101.61,XGBoost
703178,CLORURO DE SODIO 9% SOL. INYECTABLE x 250ML,MEDICAMENTOS,2022-08,2,1113.09,1052.54,1113.09,XGBoost
703178,CLORURO DE SODIO 9% SOL. INYECTABLE x 250ML,MEDICAMENTOS,2022-09,3,1098.65,1089.9,1098.65,XGBoost
703179,HARTMAN SOLUCION INYECTABLE 500 ML,MEDICAMENTOS,2022-07,1,639.0,770.0,639.0,XGBoost
703179,HARTMAN SOLUCION INYECTABLE 500 ML,MEDICAMENTOS,2022-08,2,752.88,649.33,752.88,XGBoost
703179,HARTMAN SOLUCION INYECTABLE 500 ML,MEDICAMENTOS,2022-09,3,775.79,693.63,775.79,XGBoost
703180,CLORURO DE SODIO 9% SOL. INYECTABLE x 500ML,MEDICAMENTOS,2022-07,1,2301.39,2448.0,2301.39,XGBoost
703180,CLORURO DE SODIO 9% SOL. INYECTABLE x 500ML,MEDICAMENTOS,2022-08,2,2395.36,2390.46,2395.36,XGBoost
703180,CLORURO DE SODIO 9% SOL. INYECTABLE x 500ML,MEDICAMENTOS,2022-09,3,2395.36,2370.25,2395.36,XGBoost
703187,CANISTER 1100ML,DISPOSITIVOS MEDICO,2022-07,1,18.65,10.67,10.67,Media móvil
703187,CANISTER 1100ML,DISPOSITIVOS MEDICO,2022-08,2,13.4,9.56,9.56,Media móvil
703187,CANISTER 1100ML,DISPOSITIVOS MEDICO,2022-09,3,8.66,6.74,6.74,Media móvil
703366,URGOTUL AG 10X12CM,DISPOSITIVOS MEDICO,2022-07,1,0.0,0.33,0.33,Media móvil
703366,URGOTUL AG 10X12CM,DISPOSITIVOS MEDICO,2022-08,2,0.07,0.11,0.07,XGBoost
703366,URGOTUL AG 10X12CM,DISPOSITIVOS MEDICO,2022-09,3,0.18,0.14,0.18,XGBoost
703609,BRAZALETE NEO/5,DISPOSITIVOS MEDICO,2022-07,1,0.18,0.33,0.18,XGBoost
703609,BRAZALETE NEO/5,DISPOSITIVOS MEDICO,2022-08,2,0.29,0.06,0.29,XGBoost
703609,BRAZALETE NEO/5,DISPOSITIVOS MEDICO,2022-09,3,0.29,0.16,0.29,XGBoost
703645,NIFEDIPINO CÁPSULA 30MG,MEDICAMENTOS,2022-07,1,1619.85,1532.0,1619.85,XGBoost
703645,NIFEDIPINO CÁPSULA 30MG,MEDICAMENTOS,2022-08,2,1554.96,1754.62,1554.96,XGBoost
703645,NIFEDIPINO CÁPSULA 30MG,MEDICAMENTOS,2022-09,3,1441.65,1736.27,1441.65,XGBoost
703652,URSODEOXICOLICO ACIDO TABLETA 300MG,MEDICAMENTOS,2022-07,1,2.11,20.33,20.33,Media móvil
703652,URSODEOXICOLICO ACIDO TABLETA 300MG,MEDICAMENTOS,2022-08,2,0.98,11.78,11.78,Media móvil
703652,URSODEOXICOLICO ACIDO TABLETA 300MG,MEDICAMENTOS,2022-09,3,1.96,15.7,15.7,Media móvil
703654,OXIDO DE ZINC  5G/CALAMINA 5G /CREMA TÓPICA 5%/60G,MEDICAMENTOS,2022-07,1,2.72,8.67,8.67,Media móvil
703654,OXIDO DE ZINC  5G/CALAMINA 5G /CREMA TÓPICA 5%/60G,MEDICAMENTOS,2022-08,2,3.86,7.56,7.56,Media móvil
703654,OXIDO DE ZINC  5G/CALAMINA 5G /CREMA TÓPICA 5%/60G,MEDICAMENTOS,2022-09,3,4.64,6.41,6.41,Media móvil
703665,KIT MICRONEBULIZADOR PEDIATRICO,DISPOSITIVOS MEDICO,2022-07,1,2.52,2.67,2.67,Media móvil
703665,KIT MICRONEBULIZADOR PEDIATRICO,DISPOSITIVOS MEDICO,2022-08,2,2.99,2.56,2.56,Media móvil
703665,KIT MICRONEBULIZADOR PEDIATRICO,DISPOSITIVOS MEDICO,2022-09,3,2.85,3.07,3.07,Media móvil
703668,VALPROICO ÁCIDO 500MG/5 ML SOL. INYECTABLE,MEDICAMENTOS,2022-07,1,158.19,239.67,158.19,XGBoost
703668,VALPROICO ÁCIDO 500MG/5 ML SOL. INYECTABLE,MEDICAMENTOS,2022-08,2,126.53,236.73,126.53,XGBoost
703668,VALPROICO ÁCIDO 500MG/5 ML SOL. INYECTABLE,MEDICAMENTOS,2022-09,3,139.88,177.57,139.88,XGBoost
703672,ASCORBICO ACIDO 500MG TABLETA  (VITAMINA C),MEDICAMENTOS,2022-07,1,777.72,953.0,777.72,XGBoost
703672,ASCORBICO ACIDO 500MG TABLETA  (VITAMINA C),MEDICAMENTOS,2022-08,2,724.53,965.57,724.53,XGBoost
703672,ASCORBICO ACIDO 500MG TABLETA  (VITAMINA C),MEDICAMENTOS,2022-09,3,391.36,967.41,967.41,Media móvil
703686,CARBONATO DE LITIO 300MG TABLETA ,MEDICAMENTOS,2022-07,1,0.15,0.0,0.15,XGBoost
703686,CARBONATO DE LITIO 300MG TABLETA ,MEDICAMENTOS,2022-08,2,0.16,0.05,0.16,XGBoost
703686,CARBONATO DE LITIO 300MG TABLETA ,MEDICAMENTOS,2022-09,3,0.12,0.1,0.12,XGBoost
703694,DOMPERIDONA 10MG TABLETA ,MEDICAMENTOS,2022-07,1,0.09,0.0,0.09,XGBoost
703694,DOMPERIDONA 10MG TABLETA ,MEDICAMENTOS,2022-08,2,0.11,0.03,0.11,XGBoost
703694,DOMPERIDONA 10MG TABLETA ,MEDICAMENTOS,2022-09,3,0.11,0.07,0.11,XGBoost
703708,REMIFENTANIL POLVO LIOFILIZADO 2MG ,CONTROLADOS,2022-07,1,0.05,0.33,0.33,Media móvil
703708,REMIFENTANIL POLVO LIOFILIZADO 2MG ,CONTROLADOS,2022-08,2,0.0,0.11,0.11,Media móvil
703708,REMIFENTANIL POLVO LIOFILIZADO 2MG ,CONTROLADOS,2022-09,3,0.16,0.15,0.16,XGBoost
703723,CLORURO DE SODIO 9% SOL. INYECTABLE x 100ML,MEDICAMENTOS,2022-07,1,7770.69,6814.0,7770.69,XGBoost
703723,CLORURO DE SODIO 9% SOL. INYECTABLE x 100ML,MEDICAMENTOS,2022-08,2,8036.13,7725.23,8036.13,XGBoost
703723,CLORURO DE SODIO 9% SOL. INYECTABLE x 100ML,MEDICAMENTOS,2022-09,3,7728.5,7906.27,7728.5,XGBoost
703730,S/TRACH-CARE 14FR/ 4445P02514  CORTA ,DISPOSITIVOS MEDICO,2022-07,1,29.66,29.33,29.33,Media móvil
703730,S/TRACH-CARE 14FR/ 4445P02514  CORTA ,DISPOSITIVOS MEDICO,2022-08,2,27.23,36.11,36.11,Media móvil
703730,S/TRACH-CARE 14FR/ 4445P02514  CORTA ,DISPOSITIVOS MEDICO,2022-09,3,26.46,34.81,34.81,Media móvil
703735,CLORURO DE SODIO 9% SOL. INYECTABLE x 1000ML,MEDICAMENTOS,2022-07,1,1156.3,1057.0,1156.3,XGBoost
703735,CLORURO DE SODIO 9% SOL. INYECTABLE x 1000ML,MEDICAMENTOS,2022-08,2,1239.07,1127.43,1239.07,XGBoost
703735,CLORURO DE SODIO 9% SOL. INYECTABLE x 1000ML,MEDICAMENTOS,2022-09,3,1245.14,1149.13,1245.14,XGBoost
703754,MORFINA 10MG/1ML SOL. INYECTABLE,CONTROLADOS,2022-07,1,177.63,181.33,177.63,XGBoost
703754,MORFINA 10MG/1ML SOL. INYECTABLE,CONTROLADOS,2022-08,2,188.53,155.54,188.53,XGBoost
703754,MORFINA 10MG/1ML SOL. INYECTABLE,CONTROLADOS,2022-09,3,189.19,165.05,189.19,XGBoost
703755,MORFINA SOLUCION ORAL 30MG/ML x 30ML,CONTROLADOS,2022-07,1,0.28,0.0,0.28,XGBoost
703755,MORFINA SOLUCION ORAL 30MG/ML x 30ML,CONTROLADOS,2022-08,2,0.16,0.09,0.16,XGBoost
703755,MORFINA SOLUCION ORAL 30MG/ML x 30ML,CONTROLADOS,2022-09,3,0.29,0.14,0.29,XGBoost
703775,HARTMAN SOLUCION INYECTABLE 1000 ML,MEDICAMENTOS,2022-07,1,1580.43,1642.67,1580.43,XGBoost
703775,HARTMAN SOLUCION INYECTABLE 1000 ML,MEDICAMENTOS,2022-08,2,1564.65,1490.48,1564.65,XGBoost
703775,HARTMAN SOLUCION INYECTABLE 1000 ML,MEDICAMENTOS,2022-09,3,1595.46,1533.36,1595.46,XGBoost
703782,HIDROMORFONA 2MG/1ML SOL. INYECTABLE,MEDICAMENTOS,2022-07,1,167.62,212.33,167.62,XGBoost
703782,HIDROMORFONA 2MG/1ML SOL. INYECTABLE,MEDICAMENTOS,2022-08,2,159.85,204.21,159.85,XGBoost
703782,HIDROMORFONA 2MG/1ML SOL. INYECTABLE,MEDICAMENTOS,2022-09,3,165.02,179.82,165.02,XGBoost
703789,RISPERIDONA 1 MG TABLETA ,MEDICAMENTOS,2022-07,1,30.93,26.67,26.67,Media móvil
703789,RISPERIDONA 1 MG TABLETA ,MEDICAMENTOS,2022-08,2,44.73,22.89,22.89,Media móvil
703789,RISPERIDONA 1 MG TABLETA ,MEDICAMENTOS,2022-09,3,24.1,25.85,25.85,Media móvil
704102,HIERRO SACAROSA SOL. INYECTABLE 100MG/5ML,MEDICAMENTOS,2022-07,1,30.81,43.33,43.33,Media móvil
704102,HIERRO SACAROSA SOL. INYECTABLE 100MG/5ML,MEDICAMENTOS,2022-08,2,34.84,43.11,43.11,Media móvil
704102,HIERRO SACAROSA SOL. INYECTABLE 100MG/5ML,MEDICAMENTOS,2022-09,3,26.55,38.81,38.81,Media móvil
704205,"METOTREXATE TABLETA 2,5MG",MEDICAMENTOS,2022-07,1,4.14,9.0,9.0,Media móvil
704205,"METOTREXATE TABLETA 2,5MG",MEDICAMENTOS,2022-08,2,13.77,3.0,3.0,Media móvil
704205,"METOTREXATE TABLETA 2,5MG",MEDICAMENTOS,2022-09,3,10.1,4.0,4.0,Media móvil
704252,CASPOFUNGINA 50MG POLVO LIOFILIZADO ,MEDICAMENTOS,2022-07,1,21.6,44.33,44.33,Media móvil
704252,CASPOFUNGINA 50MG POLVO LIOFILIZADO ,MEDICAMENTOS,2022-08,2,21.09,43.11,43.11,Media móvil
704252,CASPOFUNGINA 50MG POLVO LIOFILIZADO ,MEDICAMENTOS,2022-09,3,27.29,43.81,43.81,Media móvil
704256,CLORURO DE SODIO 9% SOL. INYECTABLE x 50ML,MEDICAMENTOS,2022-07,1,863.96,962.67,863.96,XGBoost
704256,CLORURO DE SODIO 9% SOL. INYECTABLE x 50ML,MEDICAMENTOS,2022-08,2,863.79,973.65,863.79,XGBoost
704256,CLORURO DE SODIO 9% SOL. INYECTABLE x 50ML,MEDICAMENTOS,2022-09,3,848.02,899.58,848.02,XGBoost
704292,FOSFOMICINA GRANULOS PARA SUSPENCIÓN ORAL 3G,MEDICAMENTOS,2022-07,1,0.52,1.67,1.67,Media móvil
704292,FOSFOMICINA GRANULOS PARA SUSPENCIÓN ORAL 3G,MEDICAMENTOS,2022-08,2,0.39,1.89,1.89,Media móvil
704292,FOSFOMICINA GRANULOS PARA SUSPENCIÓN ORAL 3G,MEDICAMENTOS,2022-09,3,0.48,1.52,1.52,Media móvil
704298,CONDON  S/LUBRICAR X 3 ,DISPOSITIVOS MEDICO,2022-07,1,1.33,3.0,3.0,Media móvil
704298,CONDON  S/LUBRICAR X 3 ,DISPOSITIVOS MEDICO,2022-08,2,1.61,2.33,1.61,XGBoost
704298,CONDON  S/LUBRICAR X 3 ,DISPOSITIVOS MEDICO,2022-09,3,1.52,2.87,1.52,XGBoost
704308,ALGODON LAMINADO 3X5 ,DISPOSITIVOS MEDICO,2022-07,1,0.35,0.67,0.35,XGBoost
704308,ALGODON LAMINADO 3X5 ,DISPOSITIVOS MEDICO,2022-08,2,0.37,0.12,0.37,XGBoost
704308,ALGODON LAMINADO 3X5 ,DISPOSITIVOS MEDICO,2022-09,3,0.37,0.24,0.37,XGBoost
704336,CIPROFLOXACINO SOLUCIÓN OFTÁLMICA 0.3% x 10 ML ,MEDICAMENTOS,2022-07,1,0.12,0.33,0.33,Media móvil
704336,CIPROFLOXACINO SOLUCIÓN OFTÁLMICA 0.3% x 10 ML ,MEDICAMENTOS,2022-08,2,0.29,0.11,0.29,XGBoost
704336,CIPROFLOXACINO SOLUCIÓN OFTÁLMICA 0.3% x 10 ML ,MEDICAMENTOS,2022-09,3,0.29,0.21,0.29,XGBoost
704346,ACICLOVIR UNGÜENTO TOPICO 5% x 15 GRAMOS,MEDICAMENTOS,2022-07,1,0.48,0.33,0.48,XGBoost
704346,ACICLOVIR UNGÜENTO TOPICO 5% x 15 GRAMOS,MEDICAMENTOS,2022-08,2,0.62,0.49,0.62,XGBoost
704346,ACICLOVIR UNGÜENTO TOPICO 5% x 15 GRAMOS,MEDICAMENTOS,2022-09,3,0.71,0.37,0.71,XGBoost
704381,BOLSA OSTOMIA OP/38MM ,DISPOSITIVOS MEDICO,2022-07,1,0.28,0.33,0.28,XGBoost
704381,BOLSA OSTOMIA OP/38MM ,DISPOSITIVOS MEDICO,2022-08,2,0.3,0.09,0.3,XGBoost
704381,BOLSA OSTOMIA OP/38MM ,DISPOSITIVOS MEDICO,2022-09,3,0.3,0.19,0.3,XGBoost
704417,"EPOPROSTENOL TERMOESTABLE 1.5 MG POLVO LIOFILIZADO 1,5MG",MEDICAMENTOS,2022-07,1,0.32,0.0,0.32,XGBoost
704417,"EPOPROSTENOL TERMOESTABLE 1.5 MG POLVO LIOFILIZADO 1,5MG",MEDICAMENTOS,2022-08,2,0.41,0.11,0.41,XGBoost
704417,"EPOPROSTENOL TERMOESTABLE 1.5 MG POLVO LIOFILIZADO 1,5MG",MEDICAMENTOS,2022-09,3,0.41,0.24,0.41,XGBoost
704444,"PULMOCARE SOLUCIÓN ORAL 1,5KCAL/1ML (355,5KCAL/237ML)) ALIMENTO PARA PROPÓSITO",NUTRICION,2022-07,1,247.16,426.67,247.16,XGBoost
704444,"PULMOCARE SOLUCIÓN ORAL 1,5KCAL/1ML (355,5KCAL/237ML)) ALIMENTO PARA PROPÓSITO",NUTRICION,2022-08,2,219.7,377.39,219.7,XGBoost
704444,"PULMOCARE SOLUCIÓN ORAL 1,5KCAL/1ML (355,5KCAL/237ML)) ALIMENTO PARA PROPÓSITO",NUTRICION,2022-09,3,218.25,305.95,218.25,XGBoost
705183,AGUJA BIOPSIA MEDULA OSEA  DBMNJ1104TL RP-M,DISPOSITIVOS MEDICO,2022-07,1,3.63,1.67,1.67,Media móvil
705183,AGUJA BIOPSIA MEDULA OSEA  DBMNJ1104TL RP-M,DISPOSITIVOS MEDICO,2022-08,2,3.36,1.56,1.56,Media móvil
705183,AGUJA BIOPSIA MEDULA OSEA  DBMNJ1104TL RP-M,DISPOSITIVOS MEDICO,2022-09,3,3.47,1.74,1.74,Media móvil
705294,ELECTRODO BIPOLAR  6FRX110X10 AI-06210,MEDICAMENTOS,2022-07,1,0.89,1.0,1.0,Media móvil
705294,ELECTRODO BIPOLAR  6FRX110X10 AI-06210,MEDICAMENTOS,2022-08,2,1.28,1.0,1.0,Media móvil
705294,ELECTRODO BIPOLAR  6FRX110X10 AI-06210,MEDICAMENTOS,2022-09,3,1.4,0.67,0.67,Media móvil
705297,PIRIDOXINA CÁPSULA 50MG (VITAMINA B6),MEDICAMENTOS,2022-07,1,83.31,101.0,101.0,Media móvil
705297,PIRIDOXINA CÁPSULA 50MG (VITAMINA B6),MEDICAMENTOS,2022-08,2,75.7,112.33,112.33,Media móvil
705297,PIRIDOXINA CÁPSULA 50MG (VITAMINA B6),MEDICAMENTOS,2022-09,3,88.74,110.78,110.78,Media móvil
705353,FLUCONAZOL 50 MG/5ML SUSPENSION ,MEDICAMENTOS,2022-07,1,1.07,3.0,3.0,Media móvil
705353,FLUCONAZOL 50 MG/5ML SUSPENSION ,MEDICAMENTOS,2022-08,2,1.11,3.33,3.33,Media móvil
705353,FLUCONAZOL 50 MG/5ML SUSPENSION ,MEDICAMENTOS,2022-09,3,0.77,2.44,2.44,Media móvil
705431,CATETER SWAN GANZ 5L 831HF75P,DISPOSITIVOS MEDICO,2022-07,1,0.54,1.33,1.33,Media móvil
705431,CATETER SWAN GANZ 5L 831HF75P,DISPOSITIVOS MEDICO,2022-08,2,0.96,0.78,0.78,Media móvil
705431,CATETER SWAN GANZ 5L 831HF75P,DISPOSITIVOS MEDICO,2022-09,3,0.75,0.7,0.7,Media móvil
705488,PROPANOLOL TABLETA 40MG,MEDICAMENTOS,2022-07,1,138.48,114.33,138.48,XGBoost
705488,PROPANOLOL TABLETA 40MG,MEDICAMENTOS,2022-08,2,131.55,122.49,131.55,XGBoost
705488,PROPANOLOL TABLETA 40MG,MEDICAMENTOS,2022-09,3,137.14,138.01,137.14,XGBoost
705498,MULTIVITAMINAS Y MINERALES CON LUTEINA TABLETA -,MEDICAMENTOS,2022-07,1,0.0,10.0,10.0,Media móvil
705498,MULTIVITAMINAS Y MINERALES CON LUTEINA TABLETA -,MEDICAMENTOS,2022-08,2,0.0,3.33,3.33,Media móvil
705498,MULTIVITAMINAS Y MINERALES CON LUTEINA TABLETA -,MEDICAMENTOS,2022-09,3,0.0,4.44,4.44,Media móvil
705505,GASA ESTERIL 7.5 X 7.5 ,DISPOSITIVOS MEDICO,2022-07,1,0.02,0.0,0.0,Media móvil
705505,GASA ESTERIL 7.5 X 7.5 ,DISPOSITIVOS MEDICO,2022-08,2,2.07,0.0,0.0,Media móvil
705505,GASA ESTERIL 7.5 X 7.5 ,DISPOSITIVOS MEDICO,2022-09,3,1.73,0.0,0.0,Media móvil
705561,PREGABALINA CAPSULA 25MG,MEDICAMENTOS,2022-07,1,1.15,0.0,1.15,XGBoost
705561,PREGABALINA CAPSULA 25MG,MEDICAMENTOS,2022-08,2,1.55,0.38,1.55,XGBoost
705561,PREGABALINA CAPSULA 25MG,MEDICAMENTOS,2022-09,3,1.63,0.9,1.63,XGBoost
705570,AMBRISENTAN 10 MG TABLETA,MEDICAMENTOS,2022-07,1,0.45,5.67,5.67,Media móvil
705570,AMBRISENTAN 10 MG TABLETA,MEDICAMENTOS,2022-08,2,0.0,7.56,7.56,Media móvil
705570,AMBRISENTAN 10 MG TABLETA,MEDICAMENTOS,2022-09,3,0.0,10.07,10.07,Media móvil
705579,COLAGENASA UNGUENTO 40 G ,MEDICAMENTOS,2022-07,1,0.15,0.0,0.15,XGBoost
705579,COLAGENASA UNGUENTO 40 G ,MEDICAMENTOS,2022-08,2,0.18,0.05,0.18,XGBoost
705579,COLAGENASA UNGUENTO 40 G ,MEDICAMENTOS,2022-09,3,0.18,0.11,0.18,XGBoost
705632,SALBUTAMOL SUSP. PARA INHALACIÓN 100MCG//1PUFF/200PUFF,MEDICAMENTOS,2022-07,1,42.3,19.33,19.33,Media móvil
705632,SALBUTAMOL SUSP. PARA INHALACIÓN 100MCG//1PUFF/200PUFF,MEDICAMENTOS,2022-08,2,39.85,16.44,16.44,Media móvil
705632,SALBUTAMOL SUSP. PARA INHALACIÓN 100MCG//1PUFF/200PUFF,MEDICAMENTOS,2022-09,3,39.27,17.26,17.26,Media móvil
705740,MOXIFLOXACINO SOLUCION INFUSION FCO. 400 MG/250 ML  (AVELOX ),MEDICAMENTOS,2022-07,1,0.24,0.0,0.24,XGBoost
705740,MOXIFLOXACINO SOLUCION INFUSION FCO. 400 MG/250 ML  (AVELOX ),MEDICAMENTOS,2022-08,2,0.25,0.08,0.25,XGBoost
705740,MOXIFLOXACINO SOLUCION INFUSION FCO. 400 MG/250 ML  (AVELOX ),MEDICAMENTOS,2022-09,3,0.25,0.16,0.25,XGBoost
705846,MEDROXIPROGESTERONA TABLETA 5MG,MEDICAMENTOS,2022-07,1,0.42,0.33,0.42,XGBoost
705846,MEDROXIPROGESTERONA TABLETA 5MG,MEDICAMENTOS,2022-08,2,0.47,0.14,0.47,XGBoost
705846,MEDROXIPROGESTERONA TABLETA 5MG,MEDICAMENTOS,2022-09,3,0.45,0.3,0.45,XGBoost
705888,IOBAN REF/6650    ,DISPOSITIVOS MEDICO,2022-07,1,0.16,0.67,0.67,Media móvil
705888,IOBAN REF/6650    ,DISPOSITIVOS MEDICO,2022-08,2,0.22,0.89,0.89,Media móvil
705888,IOBAN REF/6650    ,DISPOSITIVOS MEDICO,2022-09,3,0.15,0.52,0.52,Media móvil
705891,PARCHE OCULAR AD,DISPOSITIVOS MEDICO,2022-07,1,0.05,0.33,0.33,Media móvil
705891,PARCHE OCULAR AD,DISPOSITIVOS MEDICO,2022-08,2,0.05,0.44,0.44,Media móvil
705891,PARCHE OCULAR AD,DISPOSITIVOS MEDICO,2022-09,3,0.07,0.26,0.26,Media móvil
705958,MEMANTINA TABLETA 10MG,MEDICAMENTOS,2022-07,1,0.33,0.0,0.33,XGBoost
705958,MEMANTINA TABLETA 10MG,MEDICAMENTOS,2022-08,2,0.64,0.11,0.64,XGBoost
705958,MEMANTINA TABLETA 10MG,MEDICAMENTOS,2022-09,3,0.64,0.32,0.64,XGBoost
705961,MESALAZINA TABLETA 500MG,MEDICAMENTOS,2022-07,1,4.08,8.67,8.67,Media móvil
705961,MESALAZINA TABLETA 500MG,MEDICAMENTOS,2022-08,2,3.01,8.89,8.89,Media móvil
705961,MESALAZINA TABLETA 500MG,MEDICAMENTOS,2022-09,3,3.8,11.85,11.85,Media móvil
706053,ALTEPLASA 50 MG POLVO LIOFILIZADO 50MG,MEDICAMENTOS,2022-07,1,0.35,0.67,0.35,XGBoost
706053,ALTEPLASA 50 MG POLVO LIOFILIZADO 50MG,MEDICAMENTOS,2022-08,2,0.31,0.78,0.78,Media móvil
706053,ALTEPLASA 50 MG POLVO LIOFILIZADO 50MG,MEDICAMENTOS,2022-09,3,0.17,0.38,0.38,Media móvil
706122,"FONDAPARINA 2,5MG/0,5ML SOL. INYECTABLE ",MEDICAMENTOS,2022-07,1,0.65,0.0,0.65,XGBoost
706122,"FONDAPARINA 2,5MG/0,5ML SOL. INYECTABLE ",MEDICAMENTOS,2022-08,2,0.76,0.22,0.76,XGBoost
706122,"FONDAPARINA 2,5MG/0,5ML SOL. INYECTABLE ",MEDICAMENTOS,2022-09,3,0.81,0.47,0.81,XGBoost
706123,CATETER GASTROSTOMIA FLOW-20PUSH/ COOK,DISPOSITIVOS MEDICO,2022-07,1,8.56,9.33,9.33,Media móvil
706123,CATETER GASTROSTOMIA FLOW-20PUSH/ COOK,DISPOSITIVOS MEDICO,2022-08,2,9.33,8.78,8.78,Media móvil
706123,CATETER GASTROSTOMIA FLOW-20PUSH/ COOK,DISPOSITIVOS MEDICO,2022-09,3,8.91,10.04,10.04,Media móvil
706175,CATETER YUGULAR CURVO (MAHURKAR CURVO) 5FR,DISPOSITIVOS MEDICO,2022-07,1,9.5,12.67,12.67,Media móvil
706175,CATETER YUGULAR CURVO (MAHURKAR CURVO) 5FR,DISPOSITIVOS MEDICO,2022-08,2,8.3,13.89,13.89,Media móvil
706175,CATETER YUGULAR CURVO (MAHURKAR CURVO) 5FR,DISPOSITIVOS MEDICO,2022-09,3,9.91,13.52,13.52,Media móvil
706196,"BUDESONIDA/FORMOTEROL POLVO PARA INHALACIÓN 160MCG/4,5MCG/1PUFF x 120PUFF",MEDICAMENTOS,2022-07,1,0.39,0.33,0.39,XGBoost
706196,"BUDESONIDA/FORMOTEROL POLVO PARA INHALACIÓN 160MCG/4,5MCG/1PUFF x 120PUFF",MEDICAMENTOS,2022-08,2,0.33,0.13,0.33,XGBoost
706196,"BUDESONIDA/FORMOTEROL POLVO PARA INHALACIÓN 160MCG/4,5MCG/1PUFF x 120PUFF",MEDICAMENTOS,2022-09,3,0.36,0.24,0.36,XGBoost
706261,GELATINA FLUIDA MODIFICADA EN SOLUCIÓN IÓNICA SOLUCIÓN INYECTABLE 20G/500ML,MEDICAMENTOS,2022-07,1,0.2,0.0,0.2,XGBoost
706261,GELATINA FLUIDA MODIFICADA EN SOLUCIÓN IÓNICA SOLUCIÓN INYECTABLE 20G/500ML,MEDICAMENTOS,2022-08,2,0.21,0.07,0.21,XGBoost
706261,GELATINA FLUIDA MODIFICADA EN SOLUCIÓN IÓNICA SOLUCIÓN INYECTABLE 20G/500ML,MEDICAMENTOS,2022-09,3,0.21,0.14,0.21,XGBoost
706577,APLICADOR NITRATO DE PLATA,DISPOSITIVOS MEDICO,2022-07,1,0.03,0.0,0.03,XGBoost
706577,APLICADOR NITRATO DE PLATA,DISPOSITIVOS MEDICO,2022-08,2,0.22,0.01,0.22,XGBoost
706577,APLICADOR NITRATO DE PLATA,DISPOSITIVOS MEDICO,2022-09,3,0.22,0.08,0.22,XGBoost
706670,ACICLOVIR TABLETA 800MG,MEDICAMENTOS,2022-07,1,0.2,70.33,70.33,Media móvil
706670,ACICLOVIR TABLETA 800MG,MEDICAMENTOS,2022-08,2,4.01,30.78,30.78,Media móvil
706670,ACICLOVIR TABLETA 800MG,MEDICAMENTOS,2022-09,3,1.64,35.7,35.7,Media móvil
706682,QUETIAPINA TABLETA 100MG,MEDICAMENTOS,2022-07,1,10.63,48.33,48.33,Media móvil
706682,QUETIAPINA TABLETA 100MG,MEDICAMENTOS,2022-08,2,17.58,64.44,64.44,Media móvil
706682,QUETIAPINA TABLETA 100MG,MEDICAMENTOS,2022-09,3,13.17,58.59,58.59,Media móvil
706722,CALCIO CARBONATO/VITAMINA D TABLETA 600MG/125UI,MEDICAMENTOS,2022-07,1,8.7,26.67,26.67,Media móvil
706722,CALCIO CARBONATO/VITAMINA D TABLETA 600MG/125UI,MEDICAMENTOS,2022-08,2,9.52,8.89,9.52,XGBoost
706722,CALCIO CARBONATO/VITAMINA D TABLETA 600MG/125UI,MEDICAMENTOS,2022-09,3,20.69,12.06,20.69,XGBoost
707118,AZITROMICINA TABLETA 500MG,MEDICAMENTOS,2022-07,1,1.52,34.0,34.0,Media móvil
707118,AZITROMICINA TABLETA 500MG,MEDICAMENTOS,2022-08,2,1.08,41.0,41.0,Media móvil
707118,AZITROMICINA TABLETA 500MG,MEDICAMENTOS,2022-09,3,0.86,29.0,29.0,Media móvil
707121,CIPROFLOXACINO 500MG TABLETA,MEDICAMENTOS,2022-07,1,29.38,45.67,45.67,Media móvil
707121,CIPROFLOXACINO 500MG TABLETA,MEDICAMENTOS,2022-08,2,45.23,32.56,32.56,Media móvil
707121,CIPROFLOXACINO 500MG TABLETA,MEDICAMENTOS,2022-09,3,25.53,33.41,33.41,Media móvil
707126,ACETAMINOFEN JARABE 150 MG/5 ML FRASCO x 60 ML,MEDICAMENTOS,2022-07,1,0.91,1.33,0.91,XGBoost
707126,ACETAMINOFEN JARABE 150 MG/5 ML FRASCO x 60 ML,MEDICAMENTOS,2022-08,2,0.69,1.3,0.69,XGBoost
707126,ACETAMINOFEN JARABE 150 MG/5 ML FRASCO x 60 ML,MEDICAMENTOS,2022-09,3,0.59,0.87,0.59,XGBoost
707137,LORATADINA JARABE 1MG/1ML (100MG/100ML),MEDICAMENTOS,2022-07,1,0.18,0.67,0.67,Media móvil
707137,LORATADINA JARABE 1MG/1ML (100MG/100ML),MEDICAMENTOS,2022-08,2,0.17,0.89,0.89,Media móvil
707137,LORATADINA JARABE 1MG/1ML (100MG/100ML),MEDICAMENTOS,2022-09,3,0.15,0.85,0.85,Media móvil
707251,SILDENAFIL TABLETA 50MG,MEDICAMENTOS,2022-07,1,3.55,15.0,15.0,Media móvil
707251,SILDENAFIL TABLETA 50MG,MEDICAMENTOS,2022-08,2,1.87,18.0,18.0,Media móvil
707251,SILDENAFIL TABLETA 50MG,MEDICAMENTOS,2022-09,3,1.27,21.67,21.67,Media móvil
707258,TRANSDUCTOR PLASTICO,DISPOSITIVOS MEDICO,2022-07,1,197.92,212.0,197.92,XGBoost
707258,TRANSDUCTOR PLASTICO,DISPOSITIVOS MEDICO,2022-08,2,181.85,222.64,181.85,XGBoost
707258,TRANSDUCTOR PLASTICO,DISPOSITIVOS MEDICO,2022-09,3,179.22,210.26,179.22,XGBoost
707300,SURFACTANTE PULMONAR PORCINO SUSPENSIÓN INYECTABLE 240MG/3ML,MEDICAMENTOS,2022-07,1,0.51,0.67,0.51,XGBoost
707300,SURFACTANTE PULMONAR PORCINO SUSPENSIÓN INYECTABLE 240MG/3ML,MEDICAMENTOS,2022-08,2,0.69,0.84,0.69,XGBoost
707300,SURFACTANTE PULMONAR PORCINO SUSPENSIÓN INYECTABLE 240MG/3ML,MEDICAMENTOS,2022-09,3,0.78,0.4,0.78,XGBoost
707547,AGUJA COAXIAL MCXS 14X10,DISPOSITIVOS MEDICO,2022-07,1,0.09,0.0,0.09,XGBoost
707547,AGUJA COAXIAL MCXS 14X10,DISPOSITIVOS MEDICO,2022-08,2,0.11,0.03,0.11,XGBoost
707547,AGUJA COAXIAL MCXS 14X10,DISPOSITIVOS MEDICO,2022-09,3,0.11,0.07,0.11,XGBoost
707596,ONDANSETRON SOL. INYECTABLE 4MG/2ML,MEDICAMENTOS,2022-07,1,181.11,51.67,181.11,XGBoost
707596,ONDANSETRON SOL. INYECTABLE 4MG/2ML,MEDICAMENTOS,2022-08,2,168.72,111.04,168.72,XGBoost
707596,ONDANSETRON SOL. INYECTABLE 4MG/2ML,MEDICAMENTOS,2022-09,3,195.88,142.61,195.88,XGBoost
707597,ONDANSETRON SOL. INYECTABLE 8MG/4ML,MEDICAMENTOS,2022-07,1,297.78,382.0,297.78,XGBoost
707597,ONDANSETRON SOL. INYECTABLE 8MG/4ML,MEDICAMENTOS,2022-08,2,271.69,373.26,271.69,XGBoost
707597,ONDANSETRON SOL. INYECTABLE 8MG/4ML,MEDICAMENTOS,2022-09,3,262.54,350.16,262.54,XGBoost
707610,COLECALCIFEROL 25.000 UI,MEDICAMENTOS,2022-07,1,0.25,0.0,0.25,XGBoost
707610,COLECALCIFEROL 25.000 UI,MEDICAMENTOS,2022-08,2,0.29,0.08,0.29,XGBoost
707610,COLECALCIFEROL 25.000 UI,MEDICAMENTOS,2022-09,3,0.29,0.18,0.29,XGBoost
707621,CEFTOLOZANO/TAZOBACTAM 1.5G (1+0.5G) POLVO PARA RECONSTITUCION,MEDICAMENTOS,2022-07,1,1.41,0.0,1.41,XGBoost
707621,CEFTOLOZANO/TAZOBACTAM 1.5G (1+0.5G) POLVO PARA RECONSTITUCION,MEDICAMENTOS,2022-08,2,1.97,0.47,1.97,XGBoost
707621,CEFTOLOZANO/TAZOBACTAM 1.5G (1+0.5G) POLVO PARA RECONSTITUCION,MEDICAMENTOS,2022-09,3,1.68,1.13,1.68,XGBoost
707755,METOPROLOL SUCCINATO TABLETA 50MG,MEDICAMENTOS,2022-07,1,84.42,123.67,84.42,XGBoost
707755,METOPROLOL SUCCINATO TABLETA 50MG,MEDICAMENTOS,2022-08,2,82.87,102.47,82.87,XGBoost
707755,METOPROLOL SUCCINATO TABLETA 50MG,MEDICAMENTOS,2022-09,3,75.41,82.76,75.41,XGBoost
707781,DREN BALKE 19FR REDONDO S/U REF 2232,DISPOSITIVOS MEDICO,2022-07,1,0.08,0.0,0.08,XGBoost
707781,DREN BALKE 19FR REDONDO S/U REF 2232,DISPOSITIVOS MEDICO,2022-08,2,0.0,0.03,0.03,Media móvil
707781,DREN BALKE 19FR REDONDO S/U REF 2232,DISPOSITIVOS MEDICO,2022-09,3,0.15,0.04,0.15,XGBoost
707878,CATETER PREMICATH 28GX1FRX20CM    ,DISPOSITIVOS MEDICO,2022-07,1,1.23,2.0,2.0,Media móvil
707878,CATETER PREMICATH 28GX1FRX20CM    ,DISPOSITIVOS MEDICO,2022-08,2,2.16,2.33,2.33,Media móvil
707878,CATETER PREMICATH 28GX1FRX20CM    ,DISPOSITIVOS MEDICO,2022-09,3,2.49,3.11,3.11,Media móvil
708178,AGUJA P/ASPIRACION DE MEDULA OSEA DBMNI 1501 RP.M,DISPOSITIVOS MEDICO,2022-07,1,3.93,4.0,4.0,Media móvil
708178,AGUJA P/ASPIRACION DE MEDULA OSEA DBMNI 1501 RP.M,DISPOSITIVOS MEDICO,2022-08,2,4.39,3.67,3.67,Media móvil
708178,AGUJA P/ASPIRACION DE MEDULA OSEA DBMNI 1501 RP.M,DISPOSITIVOS MEDICO,2022-09,3,5.14,3.89,3.89,Media móvil
708344,JERINGA  5ML LIBRE DE LATEX,DISPOSITIVOS MEDICO,2022-07,1,6880.97,6982.67,6880.97,XGBoost
708344,JERINGA  5ML LIBRE DE LATEX,DISPOSITIVOS MEDICO,2022-08,2,6867.97,6830.99,6867.97,XGBoost
708344,JERINGA  5ML LIBRE DE LATEX,DISPOSITIVOS MEDICO,2022-09,3,6842.81,6776.98,6842.81,XGBoost
708346,JERINGA 20ML ,DISPOSITIVOS MEDICO,2022-07,1,640.04,685.33,640.04,XGBoost
708346,JERINGA 20ML ,DISPOSITIVOS MEDICO,2022-08,2,631.97,726.68,631.97,XGBoost
708346,JERINGA 20ML ,DISPOSITIVOS MEDICO,2022-09,3,635.07,692.0,635.07,XGBoost
708363,CIANOCOBALAMINA 1MG/1ML (VITAMINA B12) SOL. INYECTABLE,MEDICAMENTOS,2022-07,1,21.94,36.33,36.33,Media móvil
708363,CIANOCOBALAMINA 1MG/1ML (VITAMINA B12) SOL. INYECTABLE,MEDICAMENTOS,2022-08,2,37.87,38.11,38.11,Media móvil
708363,CIANOCOBALAMINA 1MG/1ML (VITAMINA B12) SOL. INYECTABLE,MEDICAMENTOS,2022-09,3,23.43,30.48,30.48,Media móvil
708677,DOMPERIDONA 1MG/1ML SUSPENSION,MEDICAMENTOS,2022-07,1,4.19,0.67,0.67,Media móvil
708677,DOMPERIDONA 1MG/1ML SUSPENSION,MEDICAMENTOS,2022-08,2,2.89,0.56,0.56,Media móvil
708677,DOMPERIDONA 1MG/1ML SUSPENSION,MEDICAMENTOS,2022-09,3,4.17,0.74,0.74,Media móvil
708756,CATETER RECTO COAXIAL 2L 11FR X 20CM (MAHURKAR RECTO),DISPOSITIVOS MEDICO,2022-07,1,10.6,11.67,11.67,Media móvil
708756,CATETER RECTO COAXIAL 2L 11FR X 20CM (MAHURKAR RECTO),DISPOSITIVOS MEDICO,2022-08,2,9.02,12.89,12.89,Media móvil
708756,CATETER RECTO COAXIAL 2L 11FR X 20CM (MAHURKAR RECTO),DISPOSITIVOS MEDICO,2022-09,3,9.21,12.52,12.52,Media móvil
708771,HARTMAN SOLUCION INYECTABLE 3000 ML,MEDICAMENTOS,2022-07,1,0.0,2.33,2.33,Media móvil
708771,HARTMAN SOLUCION INYECTABLE 3000 ML,MEDICAMENTOS,2022-08,2,0.0,0.78,0.78,Media móvil
708771,HARTMAN SOLUCION INYECTABLE 3000 ML,MEDICAMENTOS,2022-09,3,0.0,1.04,1.04,Media móvil
708786,SENSOR NEONATAL PULSOXIMETRO,DISPOSITIVOS MEDICO,2022-07,1,29.63,34.0,34.0,Media móvil
708786,SENSOR NEONATAL PULSOXIMETRO,DISPOSITIVOS MEDICO,2022-08,2,38.93,34.33,34.33,Media móvil
708786,SENSOR NEONATAL PULSOXIMETRO,DISPOSITIVOS MEDICO,2022-09,3,34.61,31.78,31.78,Media móvil
708833,QUETIAPINA TABLETA 25MG,MEDICAMENTOS,2022-07,1,225.99,264.33,225.99,XGBoost
708833,QUETIAPINA TABLETA 25MG,MEDICAMENTOS,2022-08,2,187.22,323.33,187.22,XGBoost
708833,QUETIAPINA TABLETA 25MG,MEDICAMENTOS,2022-09,3,125.07,245.41,125.07,XGBoost
708836,TOPIRAMATO TABLETA 100MG,MEDICAMENTOS,2022-07,1,0.46,0.0,0.46,XGBoost
708836,TOPIRAMATO TABLETA 100MG,MEDICAMENTOS,2022-08,2,0.47,0.15,0.47,XGBoost
708836,TOPIRAMATO TABLETA 100MG,MEDICAMENTOS,2022-09,3,0.47,0.31,0.47,XGBoost
708852,TRAMPA DE LUKEN    ,DISPOSITIVOS MEDICO,2022-07,1,89.44,119.67,119.67,Media móvil
708852,TRAMPA DE LUKEN    ,DISPOSITIVOS MEDICO,2022-08,2,83.42,139.89,139.89,Media móvil
708852,TRAMPA DE LUKEN    ,DISPOSITIVOS MEDICO,2022-09,3,81.33,143.52,143.52,Media móvil
708883,AQUACEL AG+ APOSITO 20 X 30 ,DISPOSITIVOS MEDICO,2022-07,1,2.95,3.67,3.67,Media móvil
708883,AQUACEL AG+ APOSITO 20 X 30 ,DISPOSITIVOS MEDICO,2022-08,2,3.71,3.56,3.56,Media móvil
708883,AQUACEL AG+ APOSITO 20 X 30 ,DISPOSITIVOS MEDICO,2022-09,3,3.04,3.74,3.74,Media móvil
708919,ZIDOVUDINA SOLUCIÓN INYECTABLE 10MG/1ML,MEDICAMENTOS,2022-07,1,0.13,0.0,0.13,XGBoost
708919,ZIDOVUDINA SOLUCIÓN INYECTABLE 10MG/1ML,MEDICAMENTOS,2022-08,2,0.0,0.04,0.04,Media móvil
708919,ZIDOVUDINA SOLUCIÓN INYECTABLE 10MG/1ML,MEDICAMENTOS,2022-09,3,0.25,0.06,0.25,XGBoost
709134,LEVETIRACETAM TABLETA 500MG,MEDICAMENTOS,2022-07,1,208.28,303.0,208.28,XGBoost
709134,LEVETIRACETAM TABLETA 500MG,MEDICAMENTOS,2022-08,2,180.62,293.43,180.62,XGBoost
709134,LEVETIRACETAM TABLETA 500MG,MEDICAMENTOS,2022-09,3,165.15,249.3,165.15,XGBoost
709707,CATETER VENOSO CENTRAL (CVC) BILUMEN 7FRX20CM ,DISPOSITIVOS MEDICO,2022-07,1,2.79,7.67,7.67,Media móvil
709707,CATETER VENOSO CENTRAL (CVC) BILUMEN 7FRX20CM ,DISPOSITIVOS MEDICO,2022-08,2,4.88,5.22,5.22,Media móvil
709707,CATETER VENOSO CENTRAL (CVC) BILUMEN 7FRX20CM ,DISPOSITIVOS MEDICO,2022-09,3,4.32,5.96,5.96,Media móvil
709736,"ALPRAZOLAM TABLETA 0,25 MG ",CONTROLADOS,2022-07,1,57.66,132.67,132.67,Media móvil
709736,"ALPRAZOLAM TABLETA 0,25 MG ",CONTROLADOS,2022-08,2,128.95,90.89,128.95,XGBoost
709736,"ALPRAZOLAM TABLETA 0,25 MG ",CONTROLADOS,2022-09,3,123.3,105.54,123.3,XGBoost
709757,DIAZEPAM SOLUCIÓN INYECTABLE 10MG/2ML ,CONTROLADOS,2022-07,1,0.53,1.67,1.67,Media móvil
709757,DIAZEPAM SOLUCIÓN INYECTABLE 10MG/2ML ,CONTROLADOS,2022-08,2,0.34,1.89,1.89,Media móvil
709757,DIAZEPAM SOLUCIÓN INYECTABLE 10MG/2ML ,CONTROLADOS,2022-09,3,0.57,1.52,1.52,Media móvil
710039,SEDA  0 CS424 (GS-21)SOFSILK  TYCO,DISPOSITIVOS MEDICO,2022-07,1,0.72,1.33,0.72,XGBoost
710039,SEDA  0 CS424 (GS-21)SOFSILK  TYCO,DISPOSITIVOS MEDICO,2022-08,2,0.55,1.57,1.57,Media móvil
710039,SEDA  0 CS424 (GS-21)SOFSILK  TYCO,DISPOSITIVOS MEDICO,2022-09,3,0.77,2.1,2.1,Media móvil
710045,SEDA 3-0 SS684( C-14)SOFSILK,DISPOSITIVOS MEDICO,2022-07,1,11.59,10.67,10.67,Media móvil
710045,SEDA 3-0 SS684( C-14)SOFSILK,DISPOSITIVOS MEDICO,2022-08,2,9.82,12.56,12.56,Media móvil
710045,SEDA 3-0 SS684( C-14)SOFSILK,DISPOSITIVOS MEDICO,2022-09,3,15.17,10.41,10.41,Media móvil
710108,SURGIPRO 4-0 SP5682 (P-12) TYCO,DISPOSITIVOS MEDICO,2022-07,1,0.09,0.0,0.09,XGBoost
710108,SURGIPRO 4-0 SP5682 (P-12) TYCO,DISPOSITIVOS MEDICO,2022-08,2,0.11,0.03,0.11,XGBoost
710108,SURGIPRO 4-0 SP5682 (P-12) TYCO,DISPOSITIVOS MEDICO,2022-09,3,0.11,0.07,0.11,XGBoost
710110,SEDA 2-0 SS685 (C-15) SOFSILK CURVA,DISPOSITIVOS MEDICO,2022-07,1,2.76,0.0,0.0,Media móvil
710110,SEDA 2-0 SS685 (C-15) SOFSILK CURVA,DISPOSITIVOS MEDICO,2022-08,2,3.04,0.0,0.0,Media móvil
710110,SEDA 2-0 SS685 (C-15) SOFSILK CURVA,DISPOSITIVOS MEDICO,2022-09,3,3.99,0.0,0.0,Media móvil
710111,SEDA 2-0 SS623 (SC-2) SOFSILK RECTA,DISPOSITIVOS MEDICO,2022-07,1,74.16,84.33,84.33,Media móvil
710111,SEDA 2-0 SS623 (SC-2) SOFSILK RECTA,DISPOSITIVOS MEDICO,2022-08,2,83.58,85.11,85.11,Media móvil
710111,SEDA 2-0 SS623 (SC-2) SOFSILK RECTA,DISPOSITIVOS MEDICO,2022-09,3,86.51,77.15,77.15,Media móvil
710176,PROPOFOL SOLUCIÓN INYECTABLE 10MG/1ML (500MG/50ML),MEDICAMENTOS,2022-07,1,0.03,2.0,2.0,Media móvil
710176,PROPOFOL SOLUCIÓN INYECTABLE 10MG/1ML (500MG/50ML),MEDICAMENTOS,2022-08,2,0.14,2.67,2.67,Media móvil
710176,PROPOFOL SOLUCIÓN INYECTABLE 10MG/1ML (500MG/50ML),MEDICAMENTOS,2022-09,3,0.13,3.56,3.56,Media móvil
710356,"CARVEDILOL TABLETA 6,25MG",MEDICAMENTOS,2022-07,1,432.81,439.33,432.81,XGBoost
710356,"CARVEDILOL TABLETA 6,25MG",MEDICAMENTOS,2022-08,2,469.92,487.6,469.92,XGBoost
710356,"CARVEDILOL TABLETA 6,25MG",MEDICAMENTOS,2022-09,3,470.19,462.91,470.19,XGBoost
710703,HIDROXICARBAMIDA CÁPSULA 500MG,MEDICAMENTOS,2022-07,1,37.43,15.67,15.67,Media móvil
710703,HIDROXICARBAMIDA CÁPSULA 500MG,MEDICAMENTOS,2022-08,2,33.11,9.89,9.89,Media móvil
710703,HIDROXICARBAMIDA CÁPSULA 500MG,MEDICAMENTOS,2022-09,3,25.4,8.52,8.52,Media móvil
710768,CYSTOFLOW 500 ML,DISPOSITIVOS MEDICO,2022-07,1,10.08,14.67,14.67,Media móvil
710768,CYSTOFLOW 500 ML,DISPOSITIVOS MEDICO,2022-08,2,15.4,10.89,10.89,Media móvil
710768,CYSTOFLOW 500 ML,DISPOSITIVOS MEDICO,2022-09,3,13.93,10.85,10.85,Media móvil
711321,ADAPTADOR P/CO-SET REF-93505,DISPOSITIVOS MEDICO,2022-07,1,0.34,1.33,1.33,Media móvil
711321,ADAPTADOR P/CO-SET REF-93505,DISPOSITIVOS MEDICO,2022-08,2,0.65,0.78,0.65,XGBoost
711321,ADAPTADOR P/CO-SET REF-93505,DISPOSITIVOS MEDICO,2022-09,3,0.48,0.66,0.48,XGBoost
711417,AZUL DE METILENO 1% x 5ML,MEDICAMENTOS,2022-07,1,1.74,4.0,4.0,Media móvil
711417,AZUL DE METILENO 1% x 5ML,MEDICAMENTOS,2022-08,2,3.28,3.33,3.33,Media móvil
711417,AZUL DE METILENO 1% x 5ML,MEDICAMENTOS,2022-09,3,2.18,2.44,2.44,Media móvil
711979,"FLUDROCORTISONA TABLETA 0,1MG",MEDICAMENTOS,2022-07,1,3.52,4.33,3.52,XGBoost
711979,"FLUDROCORTISONA TABLETA 0,1MG",MEDICAMENTOS,2022-08,2,3.28,5.51,3.28,XGBoost
711979,"FLUDROCORTISONA TABLETA 0,1MG",MEDICAMENTOS,2022-09,3,2.05,5.93,5.93,Media móvil
712599,ARTEMETER/LUMEFANTRINA TABLETA 20/120MG,MEDICAMENTOS,2022-07,1,0.04,18.0,18.0,Media móvil
712599,ARTEMETER/LUMEFANTRINA TABLETA 20/120MG,MEDICAMENTOS,2022-08,2,0.15,24.0,24.0,Media móvil
712599,ARTEMETER/LUMEFANTRINA TABLETA 20/120MG,MEDICAMENTOS,2022-09,3,0.44,25.33,25.33,Media móvil
712920,SONDA FOLEY 2 VIAS 8X3 SILICONADA PEDIATRICA ,DISPOSITIVOS MEDICO,2022-07,1,0.1,0.0,0.1,XGBoost
712920,SONDA FOLEY 2 VIAS 8X3 SILICONADA PEDIATRICA ,DISPOSITIVOS MEDICO,2022-08,2,0.11,0.03,0.11,XGBoost
712920,SONDA FOLEY 2 VIAS 8X3 SILICONADA PEDIATRICA ,DISPOSITIVOS MEDICO,2022-09,3,0.07,0.07,0.07,XGBoost
712991,CANULA NASAL OXIGENO PEDIATRICA NO ESTERIL ,DISPOSITIVOS MEDICO,2022-07,1,0.12,0.0,0.12,XGBoost
712991,CANULA NASAL OXIGENO PEDIATRICA NO ESTERIL ,DISPOSITIVOS MEDICO,2022-08,2,0.16,0.04,0.16,XGBoost
712991,CANULA NASAL OXIGENO PEDIATRICA NO ESTERIL ,DISPOSITIVOS MEDICO,2022-09,3,0.16,0.09,0.16,XGBoost
713099,CATETER VENOSO CENTRAL TRILUMEN (CVC) 7FRX20CM ,DISPOSITIVOS MEDICO,2022-07,1,32.5,32.0,32.0,Media móvil
713099,CATETER VENOSO CENTRAL TRILUMEN (CVC) 7FRX20CM ,DISPOSITIVOS MEDICO,2022-08,2,36.74,34.0,34.0,Media móvil
713099,CATETER VENOSO CENTRAL TRILUMEN (CVC) 7FRX20CM ,DISPOSITIVOS MEDICO,2022-09,3,30.7,33.0,33.0,Media móvil
713258,"ALPRAZOLAM TABLETA 0,50 MG ",CONTROLADOS,2022-07,1,21.27,28.0,28.0,Media móvil
713258,"ALPRAZOLAM TABLETA 0,50 MG ",CONTROLADOS,2022-08,2,39.41,32.33,32.33,Media móvil
713258,"ALPRAZOLAM TABLETA 0,50 MG ",CONTROLADOS,2022-09,3,33.04,30.11,30.11,Media móvil
713549,LOPINAVIR/RITONAVIR TABLETA 200MG/50MG,MEDICAMENTOS,2022-07,1,0.37,0.0,0.37,XGBoost
713549,LOPINAVIR/RITONAVIR TABLETA 200MG/50MG,MEDICAMENTOS,2022-08,2,0.33,0.12,0.33,XGBoost
713549,LOPINAVIR/RITONAVIR TABLETA 200MG/50MG,MEDICAMENTOS,2022-09,3,0.68,0.23,0.68,XGBoost
713679,APOSITO ESTERIL 1685 IV (TEGADERM 8.5 X 11.5),DISPOSITIVOS MEDICO,2022-07,1,230.85,248.67,230.85,XGBoost
713679,APOSITO ESTERIL 1685 IV (TEGADERM 8.5 X 11.5),DISPOSITIVOS MEDICO,2022-08,2,234.61,242.62,234.61,XGBoost
713679,APOSITO ESTERIL 1685 IV (TEGADERM 8.5 X 11.5),DISPOSITIVOS MEDICO,2022-09,3,234.61,243.49,234.61,XGBoost
713842,ESTILETE GUIA ENDOTRAQUEAL 14MM,DISPOSITIVOS MEDICO,2022-07,1,0.9,19.33,19.33,Media móvil
713842,ESTILETE GUIA ENDOTRAQUEAL 14MM,DISPOSITIVOS MEDICO,2022-08,2,2.16,25.78,25.78,Media móvil
713842,ESTILETE GUIA ENDOTRAQUEAL 14MM,DISPOSITIVOS MEDICO,2022-09,3,2.2,25.04,25.04,Media móvil
713863,INMUNOGLOBULINA HUMANA ANTIHEPATITIS B SOLUCIÓN INYECTABLE 50UI/1ML (100UI/2ML),MEDICAMENTOS,2022-07,1,0.11,0.33,0.33,Media móvil
713863,INMUNOGLOBULINA HUMANA ANTIHEPATITIS B SOLUCIÓN INYECTABLE 50UI/1ML (100UI/2ML),MEDICAMENTOS,2022-08,2,0.12,0.44,0.44,Media móvil
713863,INMUNOGLOBULINA HUMANA ANTIHEPATITIS B SOLUCIÓN INYECTABLE 50UI/1ML (100UI/2ML),MEDICAMENTOS,2022-09,3,0.12,0.59,0.59,Media móvil
713981,PIRIDOSTIGMINA TABLETA 60MG,MEDICAMENTOS,2022-07,1,1.79,2.67,1.79,XGBoost
713981,PIRIDOSTIGMINA TABLETA 60MG,MEDICAMENTOS,2022-08,2,3.88,3.26,3.88,XGBoost
713981,PIRIDOSTIGMINA TABLETA 60MG,MEDICAMENTOS,2022-09,3,4.51,1.89,4.51,XGBoost
714048,LAGRIMAS ARTIFICIALES SOLUCIÓN OFTÁLMICA 5MG/1ML (75MG/15ML),MEDICAMENTOS,2022-07,1,0.29,0.0,0.29,XGBoost
714048,LAGRIMAS ARTIFICIALES SOLUCIÓN OFTÁLMICA 5MG/1ML (75MG/15ML),MEDICAMENTOS,2022-08,2,0.33,0.1,0.33,XGBoost
714048,LAGRIMAS ARTIFICIALES SOLUCIÓN OFTÁLMICA 5MG/1ML (75MG/15ML),MEDICAMENTOS,2022-09,3,0.33,0.21,0.33,XGBoost
714463,RIVAROXABAN TABLETA 20MG,MEDICAMENTOS,2022-07,1,0.87,0.0,0.87,XGBoost
714463,RIVAROXABAN TABLETA 20MG,MEDICAMENTOS,2022-08,2,0.92,0.29,0.92,XGBoost
714463,RIVAROXABAN TABLETA 20MG,MEDICAMENTOS,2022-09,3,0.85,0.6,0.85,XGBoost
714819,MOSAPRIDA TABLETA 5MG,MEDICAMENTOS,2022-07,1,0.15,0.0,0.15,XGBoost
714819,MOSAPRIDA TABLETA 5MG,MEDICAMENTOS,2022-08,2,0.16,0.05,0.16,XGBoost
714819,MOSAPRIDA TABLETA 5MG,MEDICAMENTOS,2022-09,3,0.16,0.1,0.16,XGBoost
714878,"GLUCERNA SOLUCIÓN ORAL 0,93KCAL/1ML (220,4KCAL/237ML)) ALIMENTO LIQUIDO CON CA",NUTRICION,2022-07,1,0.02,0.0,0.02,XGBoost
714878,"GLUCERNA SOLUCIÓN ORAL 0,93KCAL/1ML (220,4KCAL/237ML)) ALIMENTO LIQUIDO CON CA",NUTRICION,2022-08,2,1.44,0.01,1.44,XGBoost
714878,"GLUCERNA SOLUCIÓN ORAL 0,93KCAL/1ML (220,4KCAL/237ML)) ALIMENTO LIQUIDO CON CA",NUTRICION,2022-09,3,2.35,0.49,2.35,XGBoost
714955,CLOZAPINA TABLETA 25 MG,CONTROLADOS,2022-07,1,153.6,247.0,153.6,XGBoost
714955,CLOZAPINA TABLETA 25 MG,CONTROLADOS,2022-08,2,171.14,193.53,171.14,XGBoost
714955,CLOZAPINA TABLETA 25 MG,CONTROLADOS,2022-09,3,178.26,169.58,178.26,XGBoost
715020,DULOXETINA TABLETA 30MG,MEDICAMENTOS,2022-07,1,1.25,1.0,1.25,XGBoost
715020,DULOXETINA TABLETA 30MG,MEDICAMENTOS,2022-08,2,1.62,0.42,1.62,XGBoost
715020,DULOXETINA TABLETA 30MG,MEDICAMENTOS,2022-09,3,1.4,0.95,1.4,XGBoost
715068,SET DE LINEA (CATETER ARTERIAL CATH 20X8),DISPOSITIVOS MEDICO,2022-07,1,98.89,112.67,98.89,XGBoost
715068,SET DE LINEA (CATETER ARTERIAL CATH 20X8),DISPOSITIVOS MEDICO,2022-08,2,90.43,113.63,90.43,XGBoost
715068,SET DE LINEA (CATETER ARTERIAL CATH 20X8),DISPOSITIVOS MEDICO,2022-09,3,97.57,106.11,97.57,XGBoost
715131,CEFOTAXIMA SOLUCIÓN INYECTABLE 1G,MEDICAMENTOS,2022-07,1,0.0,1.33,1.33,Media móvil
715131,CEFOTAXIMA SOLUCIÓN INYECTABLE 1G,MEDICAMENTOS,2022-08,2,1.38,1.78,1.38,XGBoost
715131,CEFOTAXIMA SOLUCIÓN INYECTABLE 1G,MEDICAMENTOS,2022-09,3,1.32,2.24,1.32,XGBoost
715385,CAFEINA CITRATO 20MG/ML SOL. INYECTABLE (10MG/ML CAFEINA BASE),MEDICAMENTOS,2022-07,1,165.35,134.33,165.35,XGBoost
715385,CAFEINA CITRATO 20MG/ML SOL. INYECTABLE (10MG/ML CAFEINA BASE),MEDICAMENTOS,2022-08,2,138.15,176.45,138.15,XGBoost
715385,CAFEINA CITRATO 20MG/ML SOL. INYECTABLE (10MG/ML CAFEINA BASE),MEDICAMENTOS,2022-09,3,117.18,146.83,117.18,XGBoost
715460,BOLSA ACTIVE LIFE ADULTO-22771 ,DISPOSITIVOS MEDICO,2022-07,1,19.92,16.0,16.0,Media móvil
715460,BOLSA ACTIVE LIFE ADULTO-22771 ,DISPOSITIVOS MEDICO,2022-08,2,18.25,18.67,18.67,Media móvil
715460,BOLSA ACTIVE LIFE ADULTO-22771 ,DISPOSITIVOS MEDICO,2022-09,3,19.17,18.56,18.56,Media móvil
715545,LORAZEPAM TABLETA 2MG,CONTROLADOS,2022-07,1,302.12,443.0,302.12,XGBoost
715545,LORAZEPAM TABLETA 2MG,CONTROLADOS,2022-08,2,289.74,488.04,289.74,XGBoost
715545,LORAZEPAM TABLETA 2MG,CONTROLADOS,2022-09,3,223.74,433.95,223.74,XGBoost
715571,ACIDO POLIACRILICO 0.2% GEL OFTALMICO ESTERIL,MEDICAMENTOS,2022-07,1,0.12,0.0,0.12,XGBoost
715571,ACIDO POLIACRILICO 0.2% GEL OFTALMICO ESTERIL,MEDICAMENTOS,2022-08,2,0.13,0.04,0.13,XGBoost
715571,ACIDO POLIACRILICO 0.2% GEL OFTALMICO ESTERIL,MEDICAMENTOS,2022-09,3,0.13,0.09,0.13,XGBoost
715576,DORIPENEM POLVO LIOFILIZADO 500MG,MEDICAMENTOS,2022-07,1,3.64,92.67,92.67,Media móvil
715576,DORIPENEM POLVO LIOFILIZADO 500MG,MEDICAMENTOS,2022-08,2,0.0,121.89,121.89,Media móvil
715576,DORIPENEM POLVO LIOFILIZADO 500MG,MEDICAMENTOS,2022-09,3,0.73,96.19,96.19,Media móvil
715623,OXICODONA TABLETA DE LIBERACIÓN CONTROLADA 10MG ,CONTROLADOS,2022-07,1,44.78,28.0,28.0,Media móvil
715623,OXICODONA TABLETA DE LIBERACIÓN CONTROLADA 10MG ,CONTROLADOS,2022-08,2,38.04,37.33,37.33,Media móvil
715623,OXICODONA TABLETA DE LIBERACIÓN CONTROLADA 10MG ,CONTROLADOS,2022-09,3,73.34,36.11,36.11,Media móvil
715706,CAUCHO TUBO P/SUCCION 3MT ESTERIL  ,DISPOSITIVOS MEDICO,2022-07,1,144.12,181.0,144.12,XGBoost
715706,CAUCHO TUBO P/SUCCION 3MT ESTERIL  ,DISPOSITIVOS MEDICO,2022-08,2,145.98,180.37,145.98,XGBoost
715706,CAUCHO TUBO P/SUCCION 3MT ESTERIL  ,DISPOSITIVOS MEDICO,2022-09,3,146.87,163.03,146.87,XGBoost
715794,GLUTAPAK R POLVO PARA SOLUCIÓN ORAL 15G) ALIMENTO A BASE DE GLUTAMINA Y LACTOB,NUTRICION,2022-07,1,72.09,87.67,87.67,Media móvil
715794,GLUTAPAK R POLVO PARA SOLUCIÓN ORAL 15G) ALIMENTO A BASE DE GLUTAMINA Y LACTOB,NUTRICION,2022-08,2,82.05,83.56,83.56,Media móvil
715794,GLUTAPAK R POLVO PARA SOLUCIÓN ORAL 15G) ALIMENTO A BASE DE GLUTAMINA Y LACTOB,NUTRICION,2022-09,3,82.92,69.41,69.41,Media móvil
715826,PLEUR-EVAC 2500CC -A8000106 (PLEUROVAC),DISPOSITIVOS MEDICO,2022-07,1,8.5,7.0,7.0,Media móvil
715826,PLEUR-EVAC 2500CC -A8000106 (PLEUROVAC),DISPOSITIVOS MEDICO,2022-08,2,6.53,7.67,7.67,Media móvil
715826,PLEUR-EVAC 2500CC -A8000106 (PLEUROVAC),DISPOSITIVOS MEDICO,2022-09,3,5.92,8.89,8.89,Media móvil
716204,KETAMINA SOL. INYECTABLE 500MG,CONTROLADOS,2022-07,1,11.75,1.33,11.75,XGBoost
716204,KETAMINA SOL. INYECTABLE 500MG,CONTROLADOS,2022-08,2,11.98,4.92,11.98,XGBoost
716204,KETAMINA SOL. INYECTABLE 500MG,CONTROLADOS,2022-09,3,7.29,8.24,7.29,XGBoost
716715,CLONAZEPAM TABLETA 2 MG ,CONTROLADOS,2022-07,1,1.22,62.67,62.67,Media móvil
716715,CLONAZEPAM TABLETA 2 MG ,CONTROLADOS,2022-08,2,4.01,51.22,51.22,Media móvil
716715,CLONAZEPAM TABLETA 2 MG ,CONTROLADOS,2022-09,3,1.59,49.96,49.96,Media móvil
716732,IBUPROFENO 10MG/2ML SOL. INYECTABLE,MEDICAMENTOS,2022-07,1,0.16,0.0,0.16,XGBoost
716732,IBUPROFENO 10MG/2ML SOL. INYECTABLE,MEDICAMENTOS,2022-08,2,0.12,0.05,0.12,XGBoost
716732,IBUPROFENO 10MG/2ML SOL. INYECTABLE,MEDICAMENTOS,2022-09,3,0.29,0.1,0.29,XGBoost
716753,BOLSA RECOLECTORA 1000 CC REF: Z-01000,DISPOSITIVOS MEDICO,2022-07,1,1.57,0.67,1.57,XGBoost
716753,BOLSA RECOLECTORA 1000 CC REF: Z-01000,DISPOSITIVOS MEDICO,2022-08,2,1.86,0.86,1.86,XGBoost
716753,BOLSA RECOLECTORA 1000 CC REF: Z-01000,DISPOSITIVOS MEDICO,2022-09,3,1.7,1.14,1.7,XGBoost
716754,CONECTOR EN Y -SUPLESALUD,DISPOSITIVOS MEDICO,2022-07,1,0.02,0.0,0.02,XGBoost
716754,CONECTOR EN Y -SUPLESALUD,DISPOSITIVOS MEDICO,2022-08,2,0.16,0.01,0.16,XGBoost
716754,CONECTOR EN Y -SUPLESALUD,DISPOSITIVOS MEDICO,2022-09,3,0.16,0.06,0.16,XGBoost
716842,TERLIPRESINA ACETATO 1MG,MEDICAMENTOS,2022-07,1,6.53,13.67,13.67,Media móvil
716842,TERLIPRESINA ACETATO 1MG,MEDICAMENTOS,2022-08,2,13.95,4.56,13.95,XGBoost
716842,TERLIPRESINA ACETATO 1MG,MEDICAMENTOS,2022-09,3,13.78,9.21,13.78,XGBoost
716958,CATETER  UMBILICAL 2.5 FR,DISPOSITIVOS MEDICO,2022-07,1,0.68,1.33,0.68,XGBoost
716958,CATETER  UMBILICAL 2.5 FR,DISPOSITIVOS MEDICO,2022-08,2,0.64,1.23,0.64,XGBoost
716958,CATETER  UMBILICAL 2.5 FR,DISPOSITIVOS MEDICO,2022-09,3,0.92,0.44,0.92,XGBoost
717140,NUTRICION ENTERAL CETOGENICA 300 G LATA,NUTRICION,2022-07,1,0.3,0.0,0.3,XGBoost
717140,NUTRICION ENTERAL CETOGENICA 300 G LATA,NUTRICION,2022-08,2,0.34,0.1,0.34,XGBoost
717140,NUTRICION ENTERAL CETOGENICA 300 G LATA,NUTRICION,2022-09,3,0.34,0.21,0.34,XGBoost
717160,PROGESTERONA CÁPSULA 200MG,MEDICAMENTOS,2022-07,1,0.2,0.0,0.2,XGBoost
717160,PROGESTERONA CÁPSULA 200MG,MEDICAMENTOS,2022-08,2,0.21,0.07,0.21,XGBoost
717160,PROGESTERONA CÁPSULA 200MG,MEDICAMENTOS,2022-09,3,0.09,0.14,0.09,XGBoost
717191,MOXIFLOXACINO TABLETA 400MG,MEDICAMENTOS,2022-07,1,0.96,5.33,5.33,Media móvil
717191,MOXIFLOXACINO TABLETA 400MG,MEDICAMENTOS,2022-08,2,0.04,7.11,7.11,Media móvil
717191,MOXIFLOXACINO TABLETA 400MG,MEDICAMENTOS,2022-09,3,0.43,5.81,5.81,Media móvil
717218,"CLONAZEPAM SOL. ORAL 2,5MG/1ML x 20ML",CONTROLADOS,2022-07,1,5.6,2.33,2.33,Media móvil
717218,"CLONAZEPAM SOL. ORAL 2,5MG/1ML x 20ML",CONTROLADOS,2022-08,2,5.41,2.11,2.11,Media móvil
717218,"CLONAZEPAM SOL. ORAL 2,5MG/1ML x 20ML",CONTROLADOS,2022-09,3,6.24,2.81,2.81,Media móvil
717219,"CLONAZEPAM TABLETA 0,5 MG ",CONTROLADOS,2022-07,1,51.78,131.33,131.33,Media móvil
717219,"CLONAZEPAM TABLETA 0,5 MG ",CONTROLADOS,2022-08,2,81.4,124.11,81.4,XGBoost
717219,"CLONAZEPAM TABLETA 0,5 MG ",CONTROLADOS,2022-09,3,75.4,92.91,75.4,XGBoost
717248,N-ACETILCISTEINA GRANULOS PARA SUSPENCIÓN ORAL 600MG,MEDICAMENTOS,2022-07,1,0.66,0.0,0.66,XGBoost
717248,N-ACETILCISTEINA GRANULOS PARA SUSPENCIÓN ORAL 600MG,MEDICAMENTOS,2022-08,2,0.61,0.22,0.61,XGBoost
717248,N-ACETILCISTEINA GRANULOS PARA SUSPENCIÓN ORAL 600MG,MEDICAMENTOS,2022-09,3,0.38,0.42,0.38,XGBoost
717262,OXITOCINA 10UI SOL. INYECTABLE,CONTROLADOS,2022-07,1,0.08,1.33,1.33,Media móvil
717262,OXITOCINA 10UI SOL. INYECTABLE,CONTROLADOS,2022-08,2,0.37,1.78,1.78,Media móvil
717262,OXITOCINA 10UI SOL. INYECTABLE,CONTROLADOS,2022-09,3,0.34,1.04,1.04,Media móvil
717274,PREGABALINA TABLETA 75MG,MEDICAMENTOS,2022-07,1,124.86,100.0,124.86,XGBoost
717274,PREGABALINA TABLETA 75MG,MEDICAMENTOS,2022-08,2,145.72,129.29,145.72,XGBoost
717274,PREGABALINA TABLETA 75MG,MEDICAMENTOS,2022-09,3,148.53,122.86,148.53,XGBoost
717280,SACUBITRIL/ VALSARTAN 100 MG TABLETA,MEDICAMENTOS,2022-07,1,0.05,0.0,0.05,XGBoost
717280,SACUBITRIL/ VALSARTAN 100 MG TABLETA,MEDICAMENTOS,2022-08,2,0.29,0.02,0.29,XGBoost
717280,SACUBITRIL/ VALSARTAN 100 MG TABLETA,MEDICAMENTOS,2022-09,3,0.29,0.11,0.29,XGBoost
717389,VASO DESECHABLE 7 ONZ,DISPOSITIVOS MEDICO,2022-07,1,1.59,266.0,266.0,Media móvil
717389,VASO DESECHABLE 7 ONZ,DISPOSITIVOS MEDICO,2022-08,2,126.47,88.67,126.47,XGBoost
717389,VASO DESECHABLE 7 ONZ,DISPOSITIVOS MEDICO,2022-09,3,210.62,130.82,210.62,XGBoost
717421,NUTRAMIGEN PREMIUM CON LGG 357G LATA,MEDICAMENTOS,2022-07,1,0.12,0.0,0.12,XGBoost
717421,NUTRAMIGEN PREMIUM CON LGG 357G LATA,MEDICAMENTOS,2022-08,2,0.16,0.04,0.16,XGBoost
717421,NUTRAMIGEN PREMIUM CON LGG 357G LATA,MEDICAMENTOS,2022-09,3,0.16,0.09,0.16,XGBoost
717432,FLUTICASONA/SALMETEROL SUSPENSIÓN PARA INHALACIÓN 250MCG/25MCG/1PUFF/120PUFF,MEDICAMENTOS,2022-07,1,3.34,1.67,1.67,Media móvil
717432,FLUTICASONA/SALMETEROL SUSPENSIÓN PARA INHALACIÓN 250MCG/25MCG/1PUFF/120PUFF,MEDICAMENTOS,2022-08,2,3.4,0.89,0.89,Media móvil
717432,FLUTICASONA/SALMETEROL SUSPENSIÓN PARA INHALACIÓN 250MCG/25MCG/1PUFF/120PUFF,MEDICAMENTOS,2022-09,3,3.09,1.19,1.19,Media móvil
717442,BUDESONIDA/FORMOTEROL SUSPENSIÓN PARA INHALACIÓN 320MCG/9MCG/1PUFF/60PUFF,MEDICAMENTOS,2022-07,1,0.1,0.33,0.33,Media móvil
717442,BUDESONIDA/FORMOTEROL SUSPENSIÓN PARA INHALACIÓN 320MCG/9MCG/1PUFF/60PUFF,MEDICAMENTOS,2022-08,2,0.1,0.44,0.44,Media móvil
717442,BUDESONIDA/FORMOTEROL SUSPENSIÓN PARA INHALACIÓN 320MCG/9MCG/1PUFF/60PUFF,MEDICAMENTOS,2022-09,3,0.09,0.59,0.59,Media móvil
717450,N-ACETILCISTEINA SOLUCIÓN INYECTABLE 300MG/3ML,MEDICAMENTOS,2022-07,1,2.56,11.0,11.0,Media móvil
717450,N-ACETILCISTEINA SOLUCIÓN INYECTABLE 300MG/3ML,MEDICAMENTOS,2022-08,2,6.02,6.33,6.02,XGBoost
717450,N-ACETILCISTEINA SOLUCIÓN INYECTABLE 300MG/3ML,MEDICAMENTOS,2022-09,3,2.83,6.01,6.01,Media móvil
717455,IVABRADINE TABLETA 5MG,MEDICAMENTOS,2022-07,1,0.25,0.0,0.25,XGBoost
717455,IVABRADINE TABLETA 5MG,MEDICAMENTOS,2022-08,2,0.34,0.08,0.34,XGBoost
717455,IVABRADINE TABLETA 5MG,MEDICAMENTOS,2022-09,3,0.34,0.2,0.34,XGBoost
717519,OMEPRAZOL POLVO LIOFILIZADO 40MG,MEDICAMENTOS,2022-07,1,1633.62,1720.33,1633.62,XGBoost
717519,OMEPRAZOL POLVO LIOFILIZADO 40MG,MEDICAMENTOS,2022-08,2,1625.54,1746.54,1625.54,XGBoost
717519,OMEPRAZOL POLVO LIOFILIZADO 40MG,MEDICAMENTOS,2022-09,3,1589.46,1727.72,1589.46,XGBoost
717705,DABIGATRAN CÁPSULA 150MG,MEDICAMENTOS,2022-07,1,0.0,0.67,0.67,Media móvil
717705,DABIGATRAN CÁPSULA 150MG,MEDICAMENTOS,2022-08,2,0.17,0.22,0.17,XGBoost
717705,DABIGATRAN CÁPSULA 150MG,MEDICAMENTOS,2022-09,3,0.17,0.28,0.17,XGBoost
717716,TERMOMETRO,DISPOSITIVOS MEDICO,2022-07,1,291.0,295.33,291.0,XGBoost
717716,TERMOMETRO,DISPOSITIVOS MEDICO,2022-08,2,275.26,292.33,275.26,XGBoost
717716,TERMOMETRO,DISPOSITIVOS MEDICO,2022-09,3,298.58,286.75,298.58,XGBoost
717763,LACOSAMIDA TABLETA 100MG,MEDICAMENTOS,2022-07,1,4.28,134.0,134.0,Media móvil
717763,LACOSAMIDA TABLETA 100MG,MEDICAMENTOS,2022-08,2,33.64,99.0,99.0,Media móvil
717763,LACOSAMIDA TABLETA 100MG,MEDICAMENTOS,2022-09,3,16.31,114.33,114.33,Media móvil
717813,BOLSA OSTOMIA OP/100MM,DISPOSITIVOS MEDICO,2022-07,1,3.44,3.33,3.44,XGBoost
717813,BOLSA OSTOMIA OP/100MM,DISPOSITIVOS MEDICO,2022-08,2,4.01,3.81,4.01,XGBoost
717813,BOLSA OSTOMIA OP/100MM,DISPOSITIVOS MEDICO,2022-09,3,5.29,3.82,5.29,XGBoost
717814,BARRERA STOMAHESIVE 100MM ,DISPOSITIVOS MEDICO,2022-07,1,4.28,5.33,5.33,Media móvil
717814,BARRERA STOMAHESIVE 100MM ,DISPOSITIVOS MEDICO,2022-08,2,3.39,6.11,6.11,Media móvil
717814,BARRERA STOMAHESIVE 100MM ,DISPOSITIVOS MEDICO,2022-09,3,3.28,6.81,6.81,Media móvil
717825,TENOFOVIR/EMTRICITABINA 300MG/200MG TABLETA,MEDICAMENTOS,2022-07,1,7.83,10.33,7.83,XGBoost
717825,TENOFOVIR/EMTRICITABINA 300MG/200MG TABLETA,MEDICAMENTOS,2022-08,2,6.52,11.61,6.52,XGBoost
717825,TENOFOVIR/EMTRICITABINA 300MG/200MG TABLETA,MEDICAMENTOS,2022-09,3,3.62,9.78,9.78,Media móvil
717838,MECHAS NASALES REF 2248 ,DISPOSITIVOS MEDICO,2022-07,1,0.05,1.67,1.67,Media móvil
717838,MECHAS NASALES REF 2248 ,DISPOSITIVOS MEDICO,2022-08,2,0.0,1.56,1.56,Media móvil
717838,MECHAS NASALES REF 2248 ,DISPOSITIVOS MEDICO,2022-09,3,0.32,1.07,1.07,Media móvil
717864,"TAMSULOSINA CÁPSULA DE LIBERACIÓN CONTROLADA 0,4MG",MEDICAMENTOS,2022-07,1,23.52,12.33,12.33,Media móvil
717864,"TAMSULOSINA CÁPSULA DE LIBERACIÓN CONTROLADA 0,4MG",MEDICAMENTOS,2022-08,2,18.74,8.44,8.44,Media móvil
717864,"TAMSULOSINA CÁPSULA DE LIBERACIÓN CONTROLADA 0,4MG",MEDICAMENTOS,2022-09,3,29.87,10.93,10.93,Media móvil
717923,INSULINA GLULISINA SOL. INYECTABLE 100UI/ML x 10ML (1000UI),MEDICAMENTOS,2022-07,1,16.37,26.33,26.33,Media móvil
717923,INSULINA GLULISINA SOL. INYECTABLE 100UI/ML x 10ML (1000UI),MEDICAMENTOS,2022-08,2,19.43,29.44,29.44,Media móvil
717923,INSULINA GLULISINA SOL. INYECTABLE 100UI/ML x 10ML (1000UI),MEDICAMENTOS,2022-09,3,20.19,30.59,30.59,Media móvil
718001,ESCITALOPRAN 10MG TABLETA ,MEDICAMENTOS,2022-07,1,45.14,34.0,34.0,Media móvil
718001,ESCITALOPRAN 10MG TABLETA ,MEDICAMENTOS,2022-08,2,79.69,35.0,35.0,Media móvil
718001,ESCITALOPRAN 10MG TABLETA ,MEDICAMENTOS,2022-09,3,59.58,29.67,29.67,Media móvil
718005,ABACAVIR/LAMIVUDINA TABLETA 600MG/300MG,MEDICAMENTOS,2022-07,1,0.57,1.33,1.33,Media móvil
718005,ABACAVIR/LAMIVUDINA TABLETA 600MG/300MG,MEDICAMENTOS,2022-08,2,0.52,1.78,1.78,Media móvil
718005,ABACAVIR/LAMIVUDINA TABLETA 600MG/300MG,MEDICAMENTOS,2022-09,3,0.45,2.04,2.04,Media móvil
718072,ENTEREX POLVO PARA SOLUCIÓN ORAL 110G ALIMENTO PARA USOS NUTRICIONALES ESPECIALE,NUTRICION,2022-07,1,3.72,0.0,3.72,XGBoost
718072,ENTEREX POLVO PARA SOLUCIÓN ORAL 110G ALIMENTO PARA USOS NUTRICIONALES ESPECIALE,NUTRICION,2022-08,2,12.67,1.24,12.67,XGBoost
718072,ENTEREX POLVO PARA SOLUCIÓN ORAL 110G ALIMENTO PARA USOS NUTRICIONALES ESPECIALE,NUTRICION,2022-09,3,4.98,5.46,4.98,XGBoost
718218,ELECTRODO PEDIATRICO,MEDICAMENTOS,2022-07,1,266.57,259.67,266.57,XGBoost
718218,ELECTRODO PEDIATRICO,MEDICAMENTOS,2022-08,2,285.32,274.86,285.32,XGBoost
718218,ELECTRODO PEDIATRICO,MEDICAMENTOS,2022-09,3,264.39,262.96,264.39,XGBoost
718219,ELECTRODO ADULTO,MEDICAMENTOS,2022-07,1,2204.92,2130.67,2204.92,XGBoost
718219,ELECTRODO ADULTO,MEDICAMENTOS,2022-08,2,2221.27,2065.64,2221.27,XGBoost
718219,ELECTRODO ADULTO,MEDICAMENTOS,2022-09,3,2222.63,2170.73,2222.63,XGBoost
718228,GABAPENTIN 400MG CAPSULA ,MEDICAMENTOS,2022-07,1,0.88,0.0,0.88,XGBoost
718228,GABAPENTIN 400MG CAPSULA ,MEDICAMENTOS,2022-08,2,0.82,0.29,0.82,XGBoost
718228,GABAPENTIN 400MG CAPSULA ,MEDICAMENTOS,2022-09,3,0.79,0.57,0.79,XGBoost
718292,LORAZEPAM TABLETA 1MG,MEDICAMENTOS,2022-07,1,188.64,280.33,188.64,XGBoost
718292,LORAZEPAM TABLETA 1MG,MEDICAMENTOS,2022-08,2,159.73,317.88,159.73,XGBoost
718292,LORAZEPAM TABLETA 1MG,MEDICAMENTOS,2022-09,3,122.95,286.12,286.12,Media móvil
718376,ATAZANAVIR 300MG CAPSULA,MEDICAMENTOS,2022-07,1,2.18,0.0,2.18,XGBoost
718376,ATAZANAVIR 300MG CAPSULA,MEDICAMENTOS,2022-08,2,3.14,0.73,3.14,XGBoost
718376,ATAZANAVIR 300MG CAPSULA,MEDICAMENTOS,2022-09,3,2.48,1.77,2.48,XGBoost
718747,RIFAXIMINA CÁPSULA 200MG,MEDICAMENTOS,2022-07,1,20.31,57.67,57.67,Media móvil
718747,RIFAXIMINA CÁPSULA 200MG,MEDICAMENTOS,2022-08,2,31.21,34.56,34.56,Media móvil
718747,RIFAXIMINA CÁPSULA 200MG,MEDICAMENTOS,2022-09,3,50.55,46.07,46.07,Media móvil
718798,SERTRALINA TABLETA 50MG,MEDICAMENTOS,2022-07,1,75.05,81.0,75.05,XGBoost
718798,SERTRALINA TABLETA 50MG,MEDICAMENTOS,2022-08,2,76.36,58.68,76.36,XGBoost
718798,SERTRALINA TABLETA 50MG,MEDICAMENTOS,2022-09,3,76.45,65.47,76.45,XGBoost
718800,MIRTAZAPINA TABLETA 30MG,MEDICAMENTOS,2022-07,1,0.0,2.0,2.0,Media móvil
718800,MIRTAZAPINA TABLETA 30MG,MEDICAMENTOS,2022-08,2,0.0,0.67,0.67,Media móvil
718800,MIRTAZAPINA TABLETA 30MG,MEDICAMENTOS,2022-09,3,0.0,0.89,0.89,Media móvil
718999,INMUNOGLOBULINA HUMANA NORMAL  5G/100ML (50MG/ML) SOL. INYECTABLE ,MEDICAMENTOS,2022-07,1,0.23,0.0,0.23,XGBoost
718999,INMUNOGLOBULINA HUMANA NORMAL  5G/100ML (50MG/ML) SOL. INYECTABLE ,MEDICAMENTOS,2022-08,2,0.41,0.08,0.41,XGBoost
718999,INMUNOGLOBULINA HUMANA NORMAL  5G/100ML (50MG/ML) SOL. INYECTABLE ,MEDICAMENTOS,2022-09,3,0.43,0.21,0.43,XGBoost
719016,ACETAMINOFEN/CODEINA TABLETA 325MG/8MG,MEDICAMENTOS,2022-07,1,0.6,0.0,0.6,XGBoost
719016,ACETAMINOFEN/CODEINA TABLETA 325MG/8MG,MEDICAMENTOS,2022-08,2,0.56,0.2,0.56,XGBoost
719016,ACETAMINOFEN/CODEINA TABLETA 325MG/8MG,MEDICAMENTOS,2022-09,3,0.61,0.39,0.61,XGBoost
719059,METADONA TABLETA 10MG ,CONTROLADOS,2022-07,1,140.29,126.33,126.33,Media móvil
719059,METADONA TABLETA 10MG ,CONTROLADOS,2022-08,2,53.58,165.78,165.78,Media móvil
719059,METADONA TABLETA 10MG ,CONTROLADOS,2022-09,3,45.15,165.04,165.04,Media móvil
719158,RIVAROXABAN TABLETA 15MG,MEDICAMENTOS,2022-07,1,0.47,0.0,0.47,XGBoost
719158,RIVAROXABAN TABLETA 15MG,MEDICAMENTOS,2022-08,2,0.73,0.16,0.73,XGBoost
719158,RIVAROXABAN TABLETA 15MG,MEDICAMENTOS,2022-09,3,0.52,0.4,0.52,XGBoost
719225,"DUTASTERIDA/TAMSULOSINA CÁPSULA 0,5MG/0,4MG (0,9MG)",MEDICAMENTOS,2022-07,1,10.06,17.0,17.0,Media móvil
719225,"DUTASTERIDA/TAMSULOSINA CÁPSULA 0,5MG/0,4MG (0,9MG)",MEDICAMENTOS,2022-08,2,15.61,22.67,22.67,Media móvil
719225,"DUTASTERIDA/TAMSULOSINA CÁPSULA 0,5MG/0,4MG (0,9MG)",MEDICAMENTOS,2022-09,3,17.04,21.89,21.89,Media móvil
719246,"BISOPROLOL TABLETA 2,5MG",MEDICAMENTOS,2022-07,1,2.03,2.0,2.03,XGBoost
719246,"BISOPROLOL TABLETA 2,5MG",MEDICAMENTOS,2022-08,2,2.15,0.68,2.15,XGBoost
719246,"BISOPROLOL TABLETA 2,5MG",MEDICAMENTOS,2022-09,3,2.36,1.39,2.36,XGBoost
719247,INSULINA DETERMIR SOL. INYECTABLE 100UI/ML x 3ML (300UI),MEDICAMENTOS,2022-07,1,2.01,3.0,3.0,Media móvil
719247,INSULINA DETERMIR SOL. INYECTABLE 100UI/ML x 3ML (300UI),MEDICAMENTOS,2022-08,2,1.97,3.67,3.67,Media móvil
719247,INSULINA DETERMIR SOL. INYECTABLE 100UI/ML x 3ML (300UI),MEDICAMENTOS,2022-09,3,2.2,2.89,2.89,Media móvil
719274,MASCARA VENTURY PEDIATRICA,DISPOSITIVOS MEDICO,2022-07,1,2.18,3.33,3.33,Media móvil
719274,MASCARA VENTURY PEDIATRICA,DISPOSITIVOS MEDICO,2022-08,2,1.41,4.44,4.44,Media móvil
719274,MASCARA VENTURY PEDIATRICA,DISPOSITIVOS MEDICO,2022-09,3,1.73,3.59,3.59,Media móvil
719275,AGUJA P/INSULINA TIPO LAPICERO,DISPOSITIVOS MEDICO,2022-07,1,32.42,65.33,65.33,Media móvil
719275,AGUJA P/INSULINA TIPO LAPICERO,DISPOSITIVOS MEDICO,2022-08,2,38.03,66.78,66.78,Media móvil
719275,AGUJA P/INSULINA TIPO LAPICERO,DISPOSITIVOS MEDICO,2022-09,3,37.21,62.04,62.04,Media móvil
719419,INSULINA ASPARTATO SOL. INYECTABLE 100UI/ML x 10ML (1000UI),MEDICAMENTOS,2022-07,1,3.06,4.0,4.0,Media móvil
719419,INSULINA ASPARTATO SOL. INYECTABLE 100UI/ML x 10ML (1000UI),MEDICAMENTOS,2022-08,2,3.21,4.33,4.33,Media móvil
719419,INSULINA ASPARTATO SOL. INYECTABLE 100UI/ML x 10ML (1000UI),MEDICAMENTOS,2022-09,3,3.19,4.11,4.11,Media móvil
719423,LOPINAVIR/RITONAVIR 80MG/20MG/ML SUSPENSION ORAL  ,MEDICAMENTOS,2022-07,1,532.84,589.33,532.84,XGBoost
719423,LOPINAVIR/RITONAVIR 80MG/20MG/ML SUSPENSION ORAL  ,MEDICAMENTOS,2022-08,2,180.3,766.95,766.95,Media móvil
719423,LOPINAVIR/RITONAVIR 80MG/20MG/ML SUSPENSION ORAL  ,MEDICAMENTOS,2022-09,3,155.65,785.26,785.26,Media móvil
719455,S/FOLEY 3V  20FR SILICONA,DISPOSITIVOS MEDICO,2022-07,1,0.03,0.0,0.03,XGBoost
719455,S/FOLEY 3V  20FR SILICONA,DISPOSITIVOS MEDICO,2022-08,2,0.11,0.01,0.11,XGBoost
719455,S/FOLEY 3V  20FR SILICONA,DISPOSITIVOS MEDICO,2022-09,3,0.11,0.04,0.11,XGBoost
719533,CAOLIN/PECTINA SUSPENSIÓN ORAL 20G/1G/120ML,MEDICAMENTOS,2022-07,1,0.24,0.0,0.24,XGBoost
719533,CAOLIN/PECTINA SUSPENSIÓN ORAL 20G/1G/120ML,MEDICAMENTOS,2022-08,2,0.31,0.08,0.31,XGBoost
719533,CAOLIN/PECTINA SUSPENSIÓN ORAL 20G/1G/120ML,MEDICAMENTOS,2022-09,3,0.31,0.19,0.31,XGBoost
719540,"GLUCERNA SOLUCIÓN ORAL 1,5KCAL/1ML (1500KCAL/1000ML)) ALIMENTO LÍQUIDO PARA PR",NUTRICION,2022-07,1,6.29,8.33,8.33,Media móvil
719540,"GLUCERNA SOLUCIÓN ORAL 1,5KCAL/1ML (1500KCAL/1000ML)) ALIMENTO LÍQUIDO PARA PR",NUTRICION,2022-08,2,10.77,5.44,5.44,Media móvil
719540,"GLUCERNA SOLUCIÓN ORAL 1,5KCAL/1ML (1500KCAL/1000ML)) ALIMENTO LÍQUIDO PARA PR",NUTRICION,2022-09,3,9.12,6.26,6.26,Media móvil
719561,OXIBUTININA TABLETA 5MG,MEDICAMENTOS,2022-07,1,0.88,0.0,0.88,XGBoost
719561,OXIBUTININA TABLETA 5MG,MEDICAMENTOS,2022-08,2,0.93,0.29,0.93,XGBoost
719561,OXIBUTININA TABLETA 5MG,MEDICAMENTOS,2022-09,3,0.99,0.6,0.99,XGBoost
719612,CATETER 2L 4FRX5CM 22G PEDIAT. REF- CS12402,DISPOSITIVOS MEDICO,2022-07,1,0.14,1.0,1.0,Media móvil
719612,CATETER 2L 4FRX5CM 22G PEDIAT. REF- CS12402,DISPOSITIVOS MEDICO,2022-08,2,0.26,1.0,1.0,Media móvil
719612,CATETER 2L 4FRX5CM 22G PEDIAT. REF- CS12402,DISPOSITIVOS MEDICO,2022-09,3,0.19,0.67,0.67,Media móvil
719618,BOLSA RECOLECTORA 200CC -SUPLESALUD,DISPOSITIVOS MEDICO,2022-07,1,0.29,0.0,0.29,XGBoost
719618,BOLSA RECOLECTORA 200CC -SUPLESALUD,DISPOSITIVOS MEDICO,2022-08,2,0.3,0.1,0.3,XGBoost
719618,BOLSA RECOLECTORA 200CC -SUPLESALUD,DISPOSITIVOS MEDICO,2022-09,3,0.3,0.19,0.3,XGBoost
719619,"APIXABAN TABLETA 2,5MG",MEDICAMENTOS,2022-07,1,2.09,3.0,2.09,XGBoost
719619,"APIXABAN TABLETA 2,5MG",MEDICAMENTOS,2022-08,2,4.31,0.7,4.31,XGBoost
719619,"APIXABAN TABLETA 2,5MG",MEDICAMENTOS,2022-09,3,3.74,2.13,3.74,XGBoost
719669,CANULA FENESTRADA  8 C/BALON ,DISPOSITIVOS MEDICO,2022-07,1,0.09,0.0,0.09,XGBoost
719669,CANULA FENESTRADA  8 C/BALON ,DISPOSITIVOS MEDICO,2022-08,2,0.11,0.03,0.11,XGBoost
719669,CANULA FENESTRADA  8 C/BALON ,DISPOSITIVOS MEDICO,2022-09,3,0.11,0.07,0.11,XGBoost
719743,"FONDAPARINA 7,5MG/0,6ML SOL. INYECTABLE ",MEDICAMENTOS,2022-07,1,0.67,1.0,0.67,XGBoost
719743,"FONDAPARINA 7,5MG/0,6ML SOL. INYECTABLE ",MEDICAMENTOS,2022-08,2,0.47,1.22,1.22,Media móvil
719743,"FONDAPARINA 7,5MG/0,6ML SOL. INYECTABLE ",MEDICAMENTOS,2022-09,3,0.58,1.63,1.63,Media móvil
719747,BROMURO DE GLICOPIRRONIO 50 MCG POLVO PARA INHALACION EN CAPSULAS,MEDICAMENTOS,2022-07,1,0.61,10.0,10.0,Media móvil
719747,BROMURO DE GLICOPIRRONIO 50 MCG POLVO PARA INHALACION EN CAPSULAS,MEDICAMENTOS,2022-08,2,0.0,13.33,13.33,Media móvil
719747,BROMURO DE GLICOPIRRONIO 50 MCG POLVO PARA INHALACION EN CAPSULAS,MEDICAMENTOS,2022-09,3,0.0,17.78,17.78,Media móvil
719766,LIDOCAINA SOL. INYECTABLE 2% x 10ML,CONTROLADOS,2022-07,1,178.71,177.67,178.71,XGBoost
719766,LIDOCAINA SOL. INYECTABLE 2% x 10ML,CONTROLADOS,2022-08,2,170.08,183.9,170.08,XGBoost
719766,LIDOCAINA SOL. INYECTABLE 2% x 10ML,CONTROLADOS,2022-09,3,139.9,174.6,139.9,XGBoost
719773,ACETAMINOFEN/CODEINA TABLETA 325MG/30MG,MEDICAMENTOS,2022-07,1,0.33,0.0,0.33,XGBoost
719773,ACETAMINOFEN/CODEINA TABLETA 325MG/30MG,MEDICAMENTOS,2022-08,2,0.62,0.11,0.62,XGBoost
719773,ACETAMINOFEN/CODEINA TABLETA 325MG/30MG,MEDICAMENTOS,2022-09,3,1.25,0.32,1.25,XGBoost
719819,LINEZOLID 600MG SOL. INYECTABLE ,MEDICAMENTOS,2022-07,1,101.29,108.0,108.0,Media móvil
719819,LINEZOLID 600MG SOL. INYECTABLE ,MEDICAMENTOS,2022-08,2,85.9,129.67,129.67,Media móvil
719819,LINEZOLID 600MG SOL. INYECTABLE ,MEDICAMENTOS,2022-09,3,93.94,125.89,125.89,Media móvil
719841,LIDOCAINA/EPINEFRINA SOLUCIÓN INYECTABLE 2%/50ML,MEDICAMENTOS,2022-07,1,1.08,1.0,1.08,XGBoost
719841,LIDOCAINA/EPINEFRINA SOLUCIÓN INYECTABLE 2%/50ML,MEDICAMENTOS,2022-08,2,0.79,1.36,0.79,XGBoost
719841,LIDOCAINA/EPINEFRINA SOLUCIÓN INYECTABLE 2%/50ML,MEDICAMENTOS,2022-09,3,0.56,1.62,1.62,Media móvil
719849,CANULA 7.0 C/B  FENESTRADA TRACOE REF- T 302-07,DISPOSITIVOS MEDICO,2022-07,1,0.07,0.33,0.33,Media móvil
719849,CANULA 7.0 C/B  FENESTRADA TRACOE REF- T 302-07,DISPOSITIVOS MEDICO,2022-08,2,0.06,0.44,0.44,Media móvil
719849,CANULA 7.0 C/B  FENESTRADA TRACOE REF- T 302-07,DISPOSITIVOS MEDICO,2022-09,3,0.05,0.59,0.59,Media móvil
719877,BARRERA  57 MM REF 411451 CONVEX  SUR-FIT PLUS ,DISPOSITIVOS MEDICO,2022-07,1,2.76,2.67,2.76,XGBoost
719877,BARRERA  57 MM REF 411451 CONVEX  SUR-FIT PLUS ,DISPOSITIVOS MEDICO,2022-08,2,3.42,1.92,3.42,XGBoost
719877,BARRERA  57 MM REF 411451 CONVEX  SUR-FIT PLUS ,DISPOSITIVOS MEDICO,2022-09,3,2.62,3.06,2.62,XGBoost
719878,UNNA BOTA,DISPOSITIVOS MEDICO,2022-07,1,0.83,0.0,0.83,XGBoost
719878,UNNA BOTA,DISPOSITIVOS MEDICO,2022-08,2,0.84,0.28,0.84,XGBoost
719878,UNNA BOTA,DISPOSITIVOS MEDICO,2022-09,3,0.79,0.56,0.79,XGBoost
719888,APIXABAN 5 MG TABLETA,MEDICAMENTOS,2022-07,1,1.08,3.0,3.0,Media móvil
719888,APIXABAN 5 MG TABLETA,MEDICAMENTOS,2022-08,2,1.57,1.0,1.57,XGBoost
719888,APIXABAN 5 MG TABLETA,MEDICAMENTOS,2022-09,3,1.32,1.52,1.32,XGBoost
719930,SONDA DE RECAMBIO PARA GASTROSTOMIA  REF-PEG-18-BRT-S,DISPOSITIVOS MEDICO,2022-07,1,0.12,0.0,0.12,XGBoost
719930,SONDA DE RECAMBIO PARA GASTROSTOMIA  REF-PEG-18-BRT-S,DISPOSITIVOS MEDICO,2022-08,2,0.16,0.04,0.16,XGBoost
719930,SONDA DE RECAMBIO PARA GASTROSTOMIA  REF-PEG-18-BRT-S,DISPOSITIVOS MEDICO,2022-09,3,0.16,0.09,0.16,XGBoost
719935,ATORVASTATINA 40 MG TABLETA,MEDICAMENTOS,2022-07,1,976.91,909.0,976.91,XGBoost
719935,ATORVASTATINA 40 MG TABLETA,MEDICAMENTOS,2022-08,2,946.97,944.64,946.97,XGBoost
719935,ATORVASTATINA 40 MG TABLETA,MEDICAMENTOS,2022-09,3,934.81,975.29,934.81,XGBoost
719944,ROMIPLOSTIN POLVO LIOFILIZADO 250MCG (NPLATE),MEDICAMENTOS,2022-07,1,0.12,0.0,0.12,XGBoost
719944,ROMIPLOSTIN POLVO LIOFILIZADO 250MCG (NPLATE),MEDICAMENTOS,2022-08,2,0.16,0.04,0.16,XGBoost
719944,ROMIPLOSTIN POLVO LIOFILIZADO 250MCG (NPLATE),MEDICAMENTOS,2022-09,3,0.16,0.09,0.16,XGBoost
719945,TELMISARTAN/AMLODIPINO TABLETA 80MG/10MG,MEDICAMENTOS,2022-07,1,0.0,2.33,2.33,Media móvil
719945,TELMISARTAN/AMLODIPINO TABLETA 80MG/10MG,MEDICAMENTOS,2022-08,2,0.0,0.78,0.78,Media móvil
719945,TELMISARTAN/AMLODIPINO TABLETA 80MG/10MG,MEDICAMENTOS,2022-09,3,0.0,1.04,1.04,Media móvil
720012,CIRCUITO DE VENTILADOR REF-5513000 ALMA LISA PEDIATRICO,DISPOSITIVOS MEDICO,2022-07,1,3.27,8.0,8.0,Media móvil
720012,CIRCUITO DE VENTILADOR REF-5513000 ALMA LISA PEDIATRICO,DISPOSITIVOS MEDICO,2022-08,2,7.13,10.67,10.67,Media móvil
720012,CIRCUITO DE VENTILADOR REF-5513000 ALMA LISA PEDIATRICO,DISPOSITIVOS MEDICO,2022-09,3,8.03,8.89,8.89,Media móvil
720013,CIRCUITO DE VENTILACION REF-5068850 ALMA LISA NEONATAL - INTERSURGICAL,DISPOSITIVOS MEDICO,2022-07,1,6.33,8.0,8.0,Media móvil
720013,CIRCUITO DE VENTILACION REF-5068850 ALMA LISA NEONATAL - INTERSURGICAL,DISPOSITIVOS MEDICO,2022-08,2,10.42,10.67,10.67,Media móvil
720013,CIRCUITO DE VENTILACION REF-5068850 ALMA LISA NEONATAL - INTERSURGICAL,DISPOSITIVOS MEDICO,2022-09,3,9.97,8.89,8.89,Media móvil
720068,TEGADERM 1683 IV 6.5X7CM ADVANCED,DISPOSITIVOS MEDICO,2022-07,1,1632.14,1290.33,1632.14,XGBoost
720068,TEGADERM 1683 IV 6.5X7CM ADVANCED,DISPOSITIVOS MEDICO,2022-08,2,1545.62,1629.05,1545.62,XGBoost
720068,TEGADERM 1683 IV 6.5X7CM ADVANCED,DISPOSITIVOS MEDICO,2022-09,3,1583.28,1599.92,1583.28,XGBoost
720104,PARCHES DE ELECTRODO PARA DESFIBRILADOR,DISPOSITIVOS MEDICO,2022-07,1,0.19,0.0,0.19,XGBoost
720104,PARCHES DE ELECTRODO PARA DESFIBRILADOR,DISPOSITIVOS MEDICO,2022-08,2,0.23,0.06,0.23,XGBoost
720104,PARCHES DE ELECTRODO PARA DESFIBRILADOR,DISPOSITIVOS MEDICO,2022-09,3,0.32,0.14,0.32,XGBoost
720151,CATETER VENOSO CENTRAL BILUMEN 22G (3FR)X6CM-157064-VYGON,DISPOSITIVOS MEDICO,2022-07,1,0.08,0.0,0.08,XGBoost
720151,CATETER VENOSO CENTRAL BILUMEN 22G (3FR)X6CM-157064-VYGON,DISPOSITIVOS MEDICO,2022-08,2,0.12,0.03,0.12,XGBoost
720151,CATETER VENOSO CENTRAL BILUMEN 22G (3FR)X6CM-157064-VYGON,DISPOSITIVOS MEDICO,2022-09,3,0.05,0.07,0.05,XGBoost
720207,DIBEN 1.5 KCAL HP 1000 ML ALIMENTO LIQUIDO PARA USOS NUTRICIONALES ESPECIALES AL,NUTRICION,2022-07,1,112.8,117.0,112.8,XGBoost
720207,DIBEN 1.5 KCAL HP 1000 ML ALIMENTO LIQUIDO PARA USOS NUTRICIONALES ESPECIALES AL,NUTRICION,2022-08,2,97.58,131.93,97.58,XGBoost
720207,DIBEN 1.5 KCAL HP 1000 ML ALIMENTO LIQUIDO PARA USOS NUTRICIONALES ESPECIALES AL,NUTRICION,2022-09,3,97.26,129.13,97.26,XGBoost
720208,APOSITO ESTERIL DE ALGINATO DE CALCIO CON PLATA ALGISITE,DISPOSITIVOS MEDICO,2022-07,1,0.7,0.0,0.7,XGBoost
720208,APOSITO ESTERIL DE ALGINATO DE CALCIO CON PLATA ALGISITE,DISPOSITIVOS MEDICO,2022-08,2,0.92,0.23,0.92,XGBoost
720208,APOSITO ESTERIL DE ALGINATO DE CALCIO CON PLATA ALGISITE,DISPOSITIVOS MEDICO,2022-09,3,0.73,0.54,0.73,XGBoost
720209,MINOCICLINA 100 MG TAB,MEDICAMENTOS,2022-07,1,0.34,1.0,1.0,Media móvil
720209,MINOCICLINA 100 MG TAB,MEDICAMENTOS,2022-08,2,0.62,0.33,0.62,XGBoost
720209,MINOCICLINA 100 MG TAB,MEDICAMENTOS,2022-09,3,0.36,0.54,0.36,XGBoost
720211,ESOMEPRAZOL 10 MG GRANULOS SOBRE (NEDOX),MEDICAMENTOS,2022-07,1,0.12,0.0,0.12,XGBoost
720211,ESOMEPRAZOL 10 MG GRANULOS SOBRE (NEDOX),MEDICAMENTOS,2022-08,2,0.14,0.04,0.14,XGBoost
720211,ESOMEPRAZOL 10 MG GRANULOS SOBRE (NEDOX),MEDICAMENTOS,2022-09,3,0.02,0.09,0.09,Media móvil
720281,FENTANILO 25 MCG/HORA PARCHE,CONTROLADOS,2022-07,1,0.13,0.0,0.13,XGBoost
720281,FENTANILO 25 MCG/HORA PARCHE,CONTROLADOS,2022-08,2,0.17,0.04,0.17,XGBoost
720281,FENTANILO 25 MCG/HORA PARCHE,CONTROLADOS,2022-09,3,0.01,0.1,0.1,Media móvil
730033,"CARBONATO DE CALCIO/VITAMINA D3/ZINC SUSPENSIÓN ORAL 300MG/100UI/7,5MG/5ML (108",MEDICAMENTOS,2022-07,1,0.61,0.67,0.67,Media móvil
730033,"CARBONATO DE CALCIO/VITAMINA D3/ZINC SUSPENSIÓN ORAL 300MG/100UI/7,5MG/5ML (108",MEDICAMENTOS,2022-08,2,0.59,0.89,0.89,Media móvil
730033,"CARBONATO DE CALCIO/VITAMINA D3/ZINC SUSPENSIÓN ORAL 300MG/100UI/7,5MG/5ML (108",MEDICAMENTOS,2022-09,3,0.54,0.85,0.85,Media móvil
730034,(FRESUBIN ORIGINAL SOLUCIÓN ORAL 1KCAL/1ML (1000KCAL/1000ML)) ALIMENTO LÍQUIDO ,NUTRICION,2022-07,1,31.15,37.33,37.33,Media móvil
730034,(FRESUBIN ORIGINAL SOLUCIÓN ORAL 1KCAL/1ML (1000KCAL/1000ML)) ALIMENTO LÍQUIDO ,NUTRICION,2022-08,2,31.96,37.11,37.11,Media móvil
730034,(FRESUBIN ORIGINAL SOLUCIÓN ORAL 1KCAL/1ML (1000KCAL/1000ML)) ALIMENTO LÍQUIDO ,NUTRICION,2022-09,3,26.11,37.48,37.48,Media móvil
730035,FRESUBIN DRINK SOLUCIÓN ORAL 2KCAL/1ML (400KCAL/200ML) ALIMENTO LÍQUIDO NUTRICIO,NUTRICION,2022-07,1,180.62,242.33,180.62,XGBoost
730035,FRESUBIN DRINK SOLUCIÓN ORAL 2KCAL/1ML (400KCAL/200ML) ALIMENTO LÍQUIDO NUTRICIO,NUTRICION,2022-08,2,167.34,232.87,167.34,XGBoost
730035,FRESUBIN DRINK SOLUCIÓN ORAL 2KCAL/1ML (400KCAL/200ML) ALIMENTO LÍQUIDO NUTRICIO,NUTRICION,2022-09,3,160.58,208.32,160.58,XGBoost
730036,"DIBEN DRINK SOLUCIÓN ORAL 1,5KCAL/1ML (300KCAL/200ML) ALIMENTO LÍQUIDO PARA ADMI",NUTRICION,2022-07,1,159.5,223.67,159.5,XGBoost
730036,"DIBEN DRINK SOLUCIÓN ORAL 1,5KCAL/1ML (300KCAL/200ML) ALIMENTO LÍQUIDO PARA ADMI",NUTRICION,2022-08,2,167.68,182.17,167.68,XGBoost
730036,"DIBEN DRINK SOLUCIÓN ORAL 1,5KCAL/1ML (300KCAL/200ML) ALIMENTO LÍQUIDO PARA ADMI",NUTRICION,2022-09,3,162.61,190.06,162.61,XGBoost
730037,"DIBEN SOLUCIÓN ORAL 1,05KCAL/1ML (525KCAL/500ML) ALIMENTO LÍQUIDO PARA ADMINISTR",NUTRICION,2022-07,1,71.11,127.67,71.11,XGBoost
730037,"DIBEN SOLUCIÓN ORAL 1,05KCAL/1ML (525KCAL/500ML) ALIMENTO LÍQUIDO PARA ADMINISTR",NUTRICION,2022-08,2,71.48,99.7,71.48,XGBoost
730037,"DIBEN SOLUCIÓN ORAL 1,05KCAL/1ML (525KCAL/500ML) ALIMENTO LÍQUIDO PARA ADMINISTR",NUTRICION,2022-09,3,56.5,71.87,56.5,XGBoost
730038,"SURVIMED OPD SOLUCIÓN ORAL 1,33KCAL/1ML (665KCAL/500ML)) ALIMENTO LIQUIDO OLIG",NUTRICION,2022-07,1,17.19,47.33,47.33,Media móvil
730038,"SURVIMED OPD SOLUCIÓN ORAL 1,33KCAL/1ML (665KCAL/500ML)) ALIMENTO LIQUIDO OLIG",NUTRICION,2022-08,2,18.51,39.11,39.11,Media móvil
730038,"SURVIMED OPD SOLUCIÓN ORAL 1,33KCAL/1ML (665KCAL/500ML)) ALIMENTO LIQUIDO OLIG",NUTRICION,2022-09,3,15.2,35.15,35.15,Media móvil
730039,"RECONVAN SOLUCIÓN ORAL 1,0KCAL/1ML (500KCAL/500ML)) ALIMENTO LÍQUIDO PARA ADMI",NUTRICION,2022-07,1,82.94,59.33,59.33,Media móvil
730039,"RECONVAN SOLUCIÓN ORAL 1,0KCAL/1ML (500KCAL/500ML)) ALIMENTO LÍQUIDO PARA ADMI",NUTRICION,2022-08,2,57.82,56.11,56.11,Media móvil
730039,"RECONVAN SOLUCIÓN ORAL 1,0KCAL/1ML (500KCAL/500ML)) ALIMENTO LÍQUIDO PARA ADMI",NUTRICION,2022-09,3,69.91,67.81,67.81,Media móvil
730040,"SUPPORTAN DRINK SOLUCIÓN ORAL 1,5KCAL/1ML (300KCAL/200ML)) ALIMENTO LIQUIDO RI",NUTRICION,2022-07,1,83.54,96.67,83.54,XGBoost
730040,"SUPPORTAN DRINK SOLUCIÓN ORAL 1,5KCAL/1ML (300KCAL/200ML)) ALIMENTO LIQUIDO RI",NUTRICION,2022-08,2,126.53,89.85,126.53,XGBoost
730040,"SUPPORTAN DRINK SOLUCIÓN ORAL 1,5KCAL/1ML (300KCAL/200ML)) ALIMENTO LIQUIDO RI",NUTRICION,2022-09,3,161.03,89.69,161.03,XGBoost
730041,(FRESUBIN HP SOLUCIÓN ORAL 2KCAL/1ML (1000KCAL/500ML)) ALIMENTO LÍQUIDO PARA AD,NUTRICION,2022-07,1,71.38,38.33,38.33,Media móvil
730041,(FRESUBIN HP SOLUCIÓN ORAL 2KCAL/1ML (1000KCAL/500ML)) ALIMENTO LÍQUIDO PARA AD,NUTRICION,2022-08,2,44.97,47.78,47.78,Media móvil
730041,(FRESUBIN HP SOLUCIÓN ORAL 2KCAL/1ML (1000KCAL/500ML)) ALIMENTO LÍQUIDO PARA AD,NUTRICION,2022-09,3,31.12,61.04,61.04,Media móvil
730053,SISTEMA DRENAJE TORAXICO PEDIATRICO THORAMETRIX X1500-LM INSTRUMENT,DISPOSITIVOS MEDICO,2022-07,1,0.34,0.33,0.34,XGBoost
730053,SISTEMA DRENAJE TORAXICO PEDIATRICO THORAMETRIX X1500-LM INSTRUMENT,DISPOSITIVOS MEDICO,2022-08,2,0.27,0.45,0.27,XGBoost
730053,SISTEMA DRENAJE TORAXICO PEDIATRICO THORAMETRIX X1500-LM INSTRUMENT,DISPOSITIVOS MEDICO,2022-09,3,0.27,0.54,0.27,XGBoost
730058,EQUIPO BOMBA SIN AGUJA,DISPOSITIVOS MEDICO,2022-07,1,1771.63,1890.67,1771.63,XGBoost
730058,EQUIPO BOMBA SIN AGUJA,DISPOSITIVOS MEDICO,2022-08,2,1832.66,1774.88,1832.66,XGBoost
730058,EQUIPO BOMBA SIN AGUJA,DISPOSITIVOS MEDICO,2022-09,3,1821.03,1824.1,1821.03,XGBoost
730063,SURVIMED OPD SOLUCIÓN ORAL 1KCAL/1ML (1000KCAL/1000ML)) ALIMENTO LIQUIDO OLIGO,NUTRICION,2022-07,1,24.98,34.0,34.0,Media móvil
730063,SURVIMED OPD SOLUCIÓN ORAL 1KCAL/1ML (1000KCAL/1000ML)) ALIMENTO LIQUIDO OLIGO,NUTRICION,2022-08,2,69.11,19.33,19.33,Media móvil
730063,SURVIMED OPD SOLUCIÓN ORAL 1KCAL/1ML (1000KCAL/1000ML)) ALIMENTO LIQUIDO OLIGO,NUTRICION,2022-09,3,25.28,17.78,17.78,Media móvil
730066,EQUIPO DE INFUSION DE LIQUIDOS FOTOSENSIBLES,DISPOSITIVOS MEDICO,2022-07,1,29.85,34.67,34.67,Media móvil
730066,EQUIPO DE INFUSION DE LIQUIDOS FOTOSENSIBLES,DISPOSITIVOS MEDICO,2022-08,2,33.54,35.22,35.22,Media móvil
730066,EQUIPO DE INFUSION DE LIQUIDOS FOTOSENSIBLES,DISPOSITIVOS MEDICO,2022-09,3,31.62,35.96,35.96,Media móvil
730082,VECURONIO BROMURO SOLUCIÓN INYECTABLE 4MG,MEDICAMENTOS,2022-07,1,0.0,18.0,18.0,Media móvil
730082,VECURONIO BROMURO SOLUCIÓN INYECTABLE 4MG,MEDICAMENTOS,2022-08,2,0.0,24.0,24.0,Media móvil
730082,VECURONIO BROMURO SOLUCIÓN INYECTABLE 4MG,MEDICAMENTOS,2022-09,3,0.0,14.0,14.0,Media móvil
730083,EQUIPO PERFUSOR 20CC REF C0020C FRESENIUS,DISPOSITIVOS MEDICO,2022-07,1,112.32,103.0,112.32,XGBoost
730083,EQUIPO PERFUSOR 20CC REF C0020C FRESENIUS,DISPOSITIVOS MEDICO,2022-08,2,113.34,107.77,113.34,XGBoost
730083,EQUIPO PERFUSOR 20CC REF C0020C FRESENIUS,DISPOSITIVOS MEDICO,2022-09,3,110.58,119.55,110.58,XGBoost
730084,DALTEPARINA SODICA 7.500 UI (ANTIFACTOR XA) SOL. INYECTABLE,MEDICAMENTOS,2022-07,1,2.66,1.0,2.66,XGBoost
730084,DALTEPARINA SODICA 7.500 UI (ANTIFACTOR XA) SOL. INYECTABLE,MEDICAMENTOS,2022-08,2,2.29,1.89,2.29,XGBoost
730084,DALTEPARINA SODICA 7.500 UI (ANTIFACTOR XA) SOL. INYECTABLE,MEDICAMENTOS,2022-09,3,1.84,2.65,1.84,XGBoost
730096,HIALURONATO DE SODIO GOTAS OFTALMICAS,MEDICAMENTOS,2022-07,1,0.0,1.0,1.0,Media móvil
730096,HIALURONATO DE SODIO GOTAS OFTALMICAS,MEDICAMENTOS,2022-08,2,0.0,0.33,0.33,Media móvil
730096,HIALURONATO DE SODIO GOTAS OFTALMICAS,MEDICAMENTOS,2022-09,3,0.06,0.44,0.44,Media móvil
730113,APOSITO URGOSORB SILVER ALGINATO Y PLATA10X20CM-REF 503136-SUPLESA,DISPOSITIVOS MEDICO,2022-07,1,0.25,0.0,0.25,XGBoost
730113,APOSITO URGOSORB SILVER ALGINATO Y PLATA10X20CM-REF 503136-SUPLESA,DISPOSITIVOS MEDICO,2022-08,2,0.25,0.08,0.25,XGBoost
730113,APOSITO URGOSORB SILVER ALGINATO Y PLATA10X20CM-REF 503136-SUPLESA,DISPOSITIVOS MEDICO,2022-09,3,0.13,0.17,0.13,XGBoost
730116,TEGADERM REF 1682 IV 5X5.7CM AVANCED-NIÑOS,DISPOSITIVOS MEDICO,2022-07,1,137.65,102.0,137.65,XGBoost
730116,TEGADERM REF 1682 IV 5X5.7CM AVANCED-NIÑOS,DISPOSITIVOS MEDICO,2022-08,2,140.25,133.22,140.25,XGBoost
730116,TEGADERM REF 1682 IV 5X5.7CM AVANCED-NIÑOS,DISPOSITIVOS MEDICO,2022-09,3,108.46,141.3,108.46,XGBoost
730122,CATETER PICC ALTA PRESION 4.5FR X 50CM REF 01PR45041-HP,DISPOSITIVOS MEDICO,2022-07,1,0.0,2.33,2.33,Media móvil
730122,CATETER PICC ALTA PRESION 4.5FR X 50CM REF 01PR45041-HP,DISPOSITIVOS MEDICO,2022-08,2,0.0,0.78,0.78,Media móvil
730122,CATETER PICC ALTA PRESION 4.5FR X 50CM REF 01PR45041-HP,DISPOSITIVOS MEDICO,2022-09,3,0.0,1.04,1.04,Media móvil
730123,CATETER PICC ALTA PRESION 5FR X 50 CM REF 01PR05052,DISPOSITIVOS MEDICO,2022-07,1,4.67,6.67,6.67,Media móvil
730123,CATETER PICC ALTA PRESION 5FR X 50 CM REF 01PR05052,DISPOSITIVOS MEDICO,2022-08,2,3.23,7.89,7.89,Media móvil
730123,CATETER PICC ALTA PRESION 5FR X 50 CM REF 01PR05052,DISPOSITIVOS MEDICO,2022-09,3,4.08,7.19,7.19,Media móvil
730124,CATETER PICC ALTA PRESION 5.5FR X 50 CM REF PR45052-HP,DISPOSITIVOS MEDICO,2022-07,1,0.0,1.33,1.33,Media móvil
730124,CATETER PICC ALTA PRESION 5.5FR X 50 CM REF PR45052-HP,DISPOSITIVOS MEDICO,2022-08,2,0.0,0.44,0.44,Media móvil
730124,CATETER PICC ALTA PRESION 5.5FR X 50 CM REF PR45052-HP,DISPOSITIVOS MEDICO,2022-09,3,0.0,0.59,0.59,Media móvil
730125,CATETER PICC BILUMEN INSERCION PERIFERICA 4FR X 50CM REF PR05042,DISPOSITIVOS MEDICO,2022-07,1,0.56,1.0,0.56,XGBoost
730125,CATETER PICC BILUMEN INSERCION PERIFERICA 4FR X 50CM REF PR05042,DISPOSITIVOS MEDICO,2022-08,2,0.3,1.19,1.19,Media móvil
730125,CATETER PICC BILUMEN INSERCION PERIFERICA 4FR X 50CM REF PR05042,DISPOSITIVOS MEDICO,2022-09,3,0.41,1.25,1.25,Media móvil
730126,CATETER PICC MONOLUMEN INSERCION PERIFERICA 4FR X 50CM REF 01PR05041 ,DISPOSITIVOS MEDICO,2022-07,1,0.62,1.0,0.62,XGBoost
730126,CATETER PICC MONOLUMEN INSERCION PERIFERICA 4FR X 50CM REF 01PR05041 ,DISPOSITIVOS MEDICO,2022-08,2,0.44,1.21,1.21,Media móvil
730126,CATETER PICC MONOLUMEN INSERCION PERIFERICA 4FR X 50CM REF 01PR05041 ,DISPOSITIVOS MEDICO,2022-09,3,0.52,1.28,1.28,Media móvil
730134,CLOROQUINA 150MG TABLETA ,MEDICAMENTOS,2022-07,1,39.12,22.0,22.0,Media móvil
730134,CLOROQUINA 150MG TABLETA ,MEDICAMENTOS,2022-08,2,27.18,8.67,8.67,Media móvil
730134,CLOROQUINA 150MG TABLETA ,MEDICAMENTOS,2022-09,3,29.88,10.22,10.22,Media móvil
730136,ISONIAZIDA TABLETA 100MG,MEDICAMENTOS,2022-07,1,0.62,5.33,5.33,Media móvil
730136,ISONIAZIDA TABLETA 100MG,MEDICAMENTOS,2022-08,2,0.0,7.11,7.11,Media móvil
730136,ISONIAZIDA TABLETA 100MG,MEDICAMENTOS,2022-09,3,0.0,9.48,9.48,Media móvil
730138,OSELTAMIVIR CAPSULA 75MG,MEDICAMENTOS,2022-07,1,16.23,1.33,16.23,XGBoost
730138,OSELTAMIVIR CAPSULA 75MG,MEDICAMENTOS,2022-08,2,8.65,5.41,8.65,XGBoost
730138,OSELTAMIVIR CAPSULA 75MG,MEDICAMENTOS,2022-09,3,7.85,8.29,7.85,XGBoost
730139,PIRAZINAMIDA TABLETA 400MG,MEDICAMENTOS,2022-07,1,0.48,4.33,4.33,Media móvil
730139,PIRAZINAMIDA TABLETA 400MG,MEDICAMENTOS,2022-08,2,0.08,5.78,5.78,Media móvil
730139,PIRAZINAMIDA TABLETA 400MG,MEDICAMENTOS,2022-09,3,0.0,7.7,7.7,Media móvil
730141,PRIMAQUINA TABLETA 15MG,MEDICAMENTOS,2022-07,1,0.43,0.33,0.43,XGBoost
730141,PRIMAQUINA TABLETA 15MG,MEDICAMENTOS,2022-08,2,0.27,0.48,0.27,XGBoost
730141,PRIMAQUINA TABLETA 15MG,MEDICAMENTOS,2022-09,3,0.27,0.57,0.57,Media móvil
730143,RIFAMPICINA/ISONIACIDA TABLETA 150/150MG,MEDICAMENTOS,2022-07,1,0.74,0.0,0.74,XGBoost
730143,RIFAMPICINA/ISONIACIDA TABLETA 150/150MG,MEDICAMENTOS,2022-08,2,0.75,0.25,0.75,XGBoost
730143,RIFAMPICINA/ISONIACIDA TABLETA 150/150MG,MEDICAMENTOS,2022-09,3,0.63,0.5,0.63,XGBoost
730144,RIFAMPICINA/ISONIAZIDA/PIRAZINAMIDA/ETAMBUTOL TABLETA 150/75/400/275MG,MEDICAMENTOS,2022-07,1,287.18,293.0,287.18,XGBoost
730144,RIFAMPICINA/ISONIAZIDA/PIRAZINAMIDA/ETAMBUTOL TABLETA 150/75/400/275MG,MEDICAMENTOS,2022-08,2,289.03,300.39,289.03,XGBoost
730144,RIFAMPICINA/ISONIAZIDA/PIRAZINAMIDA/ETAMBUTOL TABLETA 150/75/400/275MG,MEDICAMENTOS,2022-09,3,277.51,291.74,277.51,XGBoost
730167,CANISTER 250 ML,DISPOSITIVOS MEDICO,2022-07,1,0.0,1.33,1.33,Media móvil
730167,CANISTER 250 ML,DISPOSITIVOS MEDICO,2022-08,2,0.0,1.78,1.78,Media móvil
730167,CANISTER 250 ML,DISPOSITIVOS MEDICO,2022-09,3,0.0,1.04,1.04,Media móvil
730176,FRESUBIN RENAL 2KCAL/ML (400KCAL/200ML) ALIMENTO PARA PROPÓSITOS MÉDICOS ESPECIA,NUTRICION,2022-07,1,0.86,10.67,10.67,Media móvil
730176,FRESUBIN RENAL 2KCAL/ML (400KCAL/200ML) ALIMENTO PARA PROPÓSITOS MÉDICOS ESPECIA,NUTRICION,2022-08,2,0.0,14.22,14.22,Media móvil
730176,FRESUBIN RENAL 2KCAL/ML (400KCAL/200ML) ALIMENTO PARA PROPÓSITOS MÉDICOS ESPECIA,NUTRICION,2022-09,3,0.0,18.96,18.96,Media móvil
730189,APOSITO PERIFERICO IV3000 7X9CM (TEGADERM PERIFERICO),DISPOSITIVOS MEDICO,2022-07,1,0.0,143.0,143.0,Media móvil
730189,APOSITO PERIFERICO IV3000 7X9CM (TEGADERM PERIFERICO),DISPOSITIVOS MEDICO,2022-08,2,18.16,47.67,47.67,Media móvil
730189,APOSITO PERIFERICO IV3000 7X9CM (TEGADERM PERIFERICO),DISPOSITIVOS MEDICO,2022-09,3,26.28,63.56,63.56,Media móvil
730194,APOSITO TRANSPARENTE OPSITE 15X20CM REF: 4631 CX10,DISPOSITIVOS MEDICO,2022-07,1,2.08,1.67,1.67,Media móvil
730194,APOSITO TRANSPARENTE OPSITE 15X20CM REF: 4631 CX10,DISPOSITIVOS MEDICO,2022-08,2,2.47,1.89,1.89,Media móvil
730194,APOSITO TRANSPARENTE OPSITE 15X20CM REF: 4631 CX10,DISPOSITIVOS MEDICO,2022-09,3,2.65,1.19,1.19,Media móvil
730200,FIXO ROLL 10 X 10 CINTA ADHESIVA HIPOALERGENICA ,DISPOSITIVOS MEDICO,2022-07,1,0.47,0.33,0.47,XGBoost
730200,FIXO ROLL 10 X 10 CINTA ADHESIVA HIPOALERGENICA ,DISPOSITIVOS MEDICO,2022-08,2,0.5,0.16,0.5,XGBoost
730200,FIXO ROLL 10 X 10 CINTA ADHESIVA HIPOALERGENICA ,DISPOSITIVOS MEDICO,2022-09,3,0.45,0.32,0.45,XGBoost
730205,ACETATO DE LEUPROLIDE 45MG SOL. INYECTABLE,MEDICAMENTOS,2022-07,1,0.08,0.0,0.08,XGBoost
730205,ACETATO DE LEUPROLIDE 45MG SOL. INYECTABLE,MEDICAMENTOS,2022-08,2,0.05,0.03,0.05,XGBoost
730205,ACETATO DE LEUPROLIDE 45MG SOL. INYECTABLE,MEDICAMENTOS,2022-09,3,0.16,0.04,0.16,XGBoost
730230,ALIMENTO DE USO ESPECIAL CON HMB ARGININA Y GLUTAMINA SOBRE x 24 GRAMOS,NUTRICION,2022-07,1,80.77,103.67,80.77,XGBoost
730230,ALIMENTO DE USO ESPECIAL CON HMB ARGININA Y GLUTAMINA SOBRE x 24 GRAMOS,NUTRICION,2022-08,2,98.12,72.26,98.12,XGBoost
730230,ALIMENTO DE USO ESPECIAL CON HMB ARGININA Y GLUTAMINA SOBRE x 24 GRAMOS,NUTRICION,2022-09,3,102.62,78.96,102.62,XGBoost
730237,ETAMBUTOL 400 MG TABLETA,MEDICAMENTOS,2022-07,1,0.49,10.33,10.33,Media móvil
730237,ETAMBUTOL 400 MG TABLETA,MEDICAMENTOS,2022-08,2,0.0,13.78,13.78,Media móvil
730237,ETAMBUTOL 400 MG TABLETA,MEDICAMENTOS,2022-09,3,0.0,13.37,13.37,Media móvil
730242,COLISTIMETATO 150 MG - EQUIVALENTE A 150 MG DE COLISTINA BASE,MEDICAMENTOS,2022-07,1,37.8,70.33,70.33,Media móvil
730242,COLISTIMETATO 150 MG - EQUIVALENTE A 150 MG DE COLISTINA BASE,MEDICAMENTOS,2022-08,2,33.15,84.44,84.44,Media móvil
730242,COLISTIMETATO 150 MG - EQUIVALENTE A 150 MG DE COLISTINA BASE,MEDICAMENTOS,2022-09,3,35.63,83.26,83.26,Media móvil
770020,ONDANSETRON 8MG TABLETA,MEDICAMENTOS,2022-07,1,1.25,0.0,1.25,XGBoost
770020,ONDANSETRON 8MG TABLETA,MEDICAMENTOS,2022-08,2,3.07,0.42,3.07,XGBoost
770020,ONDANSETRON 8MG TABLETA,MEDICAMENTOS,2022-09,3,3.78,1.44,3.78,XGBoost
770054,"ERITROPOYETINA 30.000UI/0,6ML SOL. INYECTABLE ",MEDICAMENTOS,2022-07,1,0.02,0.0,0.02,XGBoost
770054,"ERITROPOYETINA 30.000UI/0,6ML SOL. INYECTABLE ",MEDICAMENTOS,2022-08,2,0.22,0.01,0.22,XGBoost
770054,"ERITROPOYETINA 30.000UI/0,6ML SOL. INYECTABLE ",MEDICAMENTOS,2022-09,3,0.22,0.08,0.22,XGBoost
770065,TRETINOINA TABLETA 10MG (ONCOLOGICO),MEDICAMENTOS,2022-07,1,0.33,29.67,29.67,Media móvil
770065,TRETINOINA TABLETA 10MG (ONCOLOGICO),MEDICAMENTOS,2022-08,2,0.0,9.89,9.89,Media móvil
770065,TRETINOINA TABLETA 10MG (ONCOLOGICO),MEDICAMENTOS,2022-09,3,0.0,13.19,13.19,Media móvil
770066,ELTROMBOPAG 25 MG TAB ORAL,MEDICAMENTOS,2022-07,1,1.42,28.33,28.33,Media móvil
770066,ELTROMBOPAG 25 MG TAB ORAL,MEDICAMENTOS,2022-08,2,1.89,32.44,32.44,Media móvil
770066,ELTROMBOPAG 25 MG TAB ORAL,MEDICAMENTOS,2022-09,3,0.27,20.26,20.26,Media móvil
770074,IMATINIB 400MG TABLETA ,MEDICAMENTOS,2022-07,1,0.17,0.33,0.17,XGBoost
770074,IMATINIB 400MG TABLETA ,MEDICAMENTOS,2022-08,2,0.2,0.06,0.2,XGBoost
770074,IMATINIB 400MG TABLETA ,MEDICAMENTOS,2022-09,3,0.2,0.12,0.2,XGBoost
770075,FILGRASTIM SOLUCIÓN INYECTABLE 300MCG (ONCOLOGICO),MEDICAMENTOS,2022-07,1,5.82,6.33,6.33,Media móvil
770075,FILGRASTIM SOLUCIÓN INYECTABLE 300MCG (ONCOLOGICO),MEDICAMENTOS,2022-08,2,11.68,2.78,2.78,Media móvil
770075,FILGRASTIM SOLUCIÓN INYECTABLE 300MCG (ONCOLOGICO),MEDICAMENTOS,2022-09,3,15.2,3.04,3.04,Media móvil
770117,ELTROMBOPAG TABLETA 50MG (ONCOLOGICO),MEDICAMENTOS,2022-07,1,0.71,2.67,2.67,Media móvil
770117,ELTROMBOPAG TABLETA 50MG (ONCOLOGICO),MEDICAMENTOS,2022-08,2,1.14,1.22,1.14,XGBoost
770117,ELTROMBOPAG TABLETA 50MG (ONCOLOGICO),MEDICAMENTOS,2022-09,3,1.35,1.27,1.35,XGBoost
770143,"RASBURICASA SOLUCIÓN INYECTABLE 1,5MG/1ML (ONCOLOGICO)",MEDICAMENTOS,2022-07,1,0.76,0.0,0.76,XGBoost
770143,"RASBURICASA SOLUCIÓN INYECTABLE 1,5MG/1ML (ONCOLOGICO)",MEDICAMENTOS,2022-08,2,0.77,0.25,0.77,XGBoost
770143,"RASBURICASA SOLUCIÓN INYECTABLE 1,5MG/1ML (ONCOLOGICO)",MEDICAMENTOS,2022-09,3,0.59,0.51,0.59,XGBoost
770152,RIOCIGUAT 0.5 MG,MEDICAMENTOS,2022-07,1,0.0,0.0,0.0,XGBoost
770152,RIOCIGUAT 0.5 MG,MEDICAMENTOS,2022-08,2,0.96,0.0,0.96,XGBoost
770152,RIOCIGUAT 0.5 MG,MEDICAMENTOS,2022-09,3,0.96,0.32,0.96,XGBoost
A0000001,ABACAVIR/LAMIVUDINA/ZIDOVUDINA TABLETA 300MG/150MG/300MG,MEDICAMENTOS,2022-07,1,0.06,18.0,18.0,Media móvil
A0000001,ABACAVIR/LAMIVUDINA/ZIDOVUDINA TABLETA 300MG/150MG/300MG,MEDICAMENTOS,2022-08,2,0.15,24.0,24.0,Media móvil
A0000001,ABACAVIR/LAMIVUDINA/ZIDOVUDINA TABLETA 300MG/150MG/300MG,MEDICAMENTOS,2022-09,3,0.5,25.33,25.33,Media móvil
A0000034,ALPROSTADIL SOLUCIÓN INYECTABLE 20MCG/1ML,MEDICAMENTOS,2022-07,1,0.94,17.33,17.33,Media móvil
A0000034,ALPROSTADIL SOLUCIÓN INYECTABLE 20MCG/1ML,MEDICAMENTOS,2022-08,2,0.41,23.11,23.11,Media móvil
A0000034,ALPROSTADIL SOLUCIÓN INYECTABLE 20MCG/1ML,MEDICAMENTOS,2022-09,3,0.66,28.81,28.81,Media móvil
A0000039,AMLODIPINO 10 MG TABLETA ,MEDICAMENTOS,2022-07,1,365.1,348.67,365.1,XGBoost
A0000039,AMLODIPINO 10 MG TABLETA ,MEDICAMENTOS,2022-08,2,387.72,365.03,387.72,XGBoost
A0000039,AMLODIPINO 10 MG TABLETA ,MEDICAMENTOS,2022-09,3,392.34,347.27,392.34,XGBoost
A0000051,ATORVASTATINA 20 MG TABLETA,MEDICAMENTOS,2022-07,1,134.07,60.0,134.07,XGBoost
A0000051,ATORVASTATINA 20 MG TABLETA,MEDICAMENTOS,2022-08,2,181.4,79.69,181.4,XGBoost
A0000051,ATORVASTATINA 20 MG TABLETA,MEDICAMENTOS,2022-09,3,157.67,127.82,157.67,XGBoost
A001011,ACETAMINOFEN TABLETA 500MG,MEDICAMENTOS,2022-07,1,9206.77,9160.67,9206.77,XGBoost
A001011,ACETAMINOFEN TABLETA 500MG,MEDICAMENTOS,2022-08,2,9277.57,8845.59,9277.57,XGBoost
A001011,ACETAMINOFEN TABLETA 500MG,MEDICAMENTOS,2022-09,3,9277.57,8809.11,9277.57,XGBoost
A001201,ACETAMINOFEN SOL. ORAL 100MG/28 GOTAS ,MEDICAMENTOS,2022-07,1,0.28,0.0,0.28,XGBoost
A001201,ACETAMINOFEN SOL. ORAL 100MG/28 GOTAS ,MEDICAMENTOS,2022-08,2,0.24,0.09,0.24,XGBoost
A001201,ACETAMINOFEN SOL. ORAL 100MG/28 GOTAS ,MEDICAMENTOS,2022-09,3,0.32,0.17,0.32,XGBoost
A001221,"ACETAMINOFEN JARABE 2,5MG/1ML FRASCO x 60ML",MEDICAMENTOS,2022-07,1,0.89,1.33,0.89,XGBoost
A001221,"ACETAMINOFEN JARABE 2,5MG/1ML FRASCO x 60ML",MEDICAMENTOS,2022-08,2,0.67,1.3,0.67,XGBoost
A001221,"ACETAMINOFEN JARABE 2,5MG/1ML FRASCO x 60ML",MEDICAMENTOS,2022-09,3,0.57,0.85,0.57,XGBoost
A002011,ACETAZOLAMIDA 250MG TABLETA ,MEDICAMENTOS,2022-07,1,13.53,19.33,13.53,XGBoost
A002011,ACETAZOLAMIDA 250MG TABLETA ,MEDICAMENTOS,2022-08,2,3.76,18.84,18.84,Media móvil
A002011,ACETAZOLAMIDA 250MG TABLETA ,MEDICAMENTOS,2022-09,3,12.95,25.13,12.95,XGBoost
A002451,BECLOMETASONA 50MCG/ PUFF SOL. PARA INHALACIÓN,MEDICAMENTOS,2022-07,1,15.1,12.0,12.0,Media móvil
A002451,BECLOMETASONA 50MCG/ PUFF SOL. PARA INHALACIÓN,MEDICAMENTOS,2022-08,2,33.13,8.67,8.67,Media móvil
A002451,BECLOMETASONA 50MCG/ PUFF SOL. PARA INHALACIÓN,MEDICAMENTOS,2022-09,3,33.17,8.89,8.89,Media móvil
A003011,ACETILSALICILICO ÁCIDO TABLETA 100MG,MEDICAMENTOS,2022-07,1,629.29,560.0,629.29,XGBoost
A003011,ACETILSALICILICO ÁCIDO TABLETA 100MG,MEDICAMENTOS,2022-08,2,634.0,584.1,634.0,XGBoost
A003011,ACETILSALICILICO ÁCIDO TABLETA 100MG,MEDICAMENTOS,2022-09,3,599.96,627.1,599.96,XGBoost
A006011,ACICLOVIR TABLETA 200MG,MEDICAMENTOS,2022-07,1,70.96,156.33,156.33,Media móvil
A006011,ACICLOVIR TABLETA 200MG,MEDICAMENTOS,2022-08,2,215.09,120.11,215.09,XGBoost
A006011,ACICLOVIR TABLETA 200MG,MEDICAMENTOS,2022-09,3,211.45,132.81,211.45,XGBoost
A006721,ACICLOVIR POLVO LIOFILIZADO 250MG,MEDICAMENTOS,2022-07,1,103.43,84.67,103.43,XGBoost
A006721,ACICLOVIR POLVO LIOFILIZADO 250MG,MEDICAMENTOS,2022-08,2,88.38,99.14,88.38,XGBoost
A006721,ACICLOVIR POLVO LIOFILIZADO 250MG,MEDICAMENTOS,2022-09,3,63.9,117.27,63.9,XGBoost
A008011,ALBENDAZOL TABLETA 200 MG,MEDICAMENTOS,2022-07,1,58.36,70.67,70.67,Media móvil
A008011,ALBENDAZOL TABLETA 200 MG,MEDICAMENTOS,2022-08,2,55.5,71.22,71.22,Media móvil
A008011,ALBENDAZOL TABLETA 200 MG,MEDICAMENTOS,2022-09,3,44.95,77.96,77.96,Media móvil
A008231,ALBENDAZOL 100MG/20ML SOLUCION ORAL x 20 ML,MEDICAMENTOS,2022-07,1,0.23,0.0,0.23,XGBoost
A008231,ALBENDAZOL 100MG/20ML SOLUCION ORAL x 20 ML,MEDICAMENTOS,2022-08,2,0.24,0.08,0.24,XGBoost
A008231,ALBENDAZOL 100MG/20ML SOLUCION ORAL x 20 ML,MEDICAMENTOS,2022-09,3,0.24,0.16,0.24,XGBoost
A009701,ALBUMINA HUMANA SOL. INYECTABLE 20% x 50 ML ,MEDICAMENTOS,2022-07,1,161.23,133.0,161.23,XGBoost
A009701,ALBUMINA HUMANA SOL. INYECTABLE 20% x 50 ML ,MEDICAMENTOS,2022-08,2,179.5,131.41,179.5,XGBoost
A009701,ALBUMINA HUMANA SOL. INYECTABLE 20% x 50 ML ,MEDICAMENTOS,2022-09,3,168.99,165.58,168.99,XGBoost
A013011,ALOPURINOL TABLETA 100MG,MEDICAMENTOS,2022-07,1,9.66,9.33,9.33,Media móvil
A013011,ALOPURINOL TABLETA 100MG,MEDICAMENTOS,2022-08,2,5.87,3.11,3.11,Media móvil
A013011,ALOPURINOL TABLETA 100MG,MEDICAMENTOS,2022-09,3,8.7,4.15,4.15,Media móvil
A013012,ALOPURINOL TABLETA 300MG,MEDICAMENTOS,2022-07,1,39.17,65.33,65.33,Media móvil
A013012,ALOPURINOL TABLETA 300MG,MEDICAMENTOS,2022-08,2,40.71,56.44,56.44,Media móvil
A013012,ALOPURINOL TABLETA 300MG,MEDICAMENTOS,2022-09,3,39.26,58.26,58.26,Media móvil
A017231,ALUMINIO HIDROXIDO SUSPENSIÓN ORAL 6G/100ML ,MEDICAMENTOS,2022-07,1,8.67,7.33,7.33,Media móvil
A017231,ALUMINIO HIDROXIDO SUSPENSIÓN ORAL 6G/100ML ,MEDICAMENTOS,2022-08,2,6.07,8.78,8.78,Media móvil
A017231,ALUMINIO HIDROXIDO SUSPENSIÓN ORAL 6G/100ML ,MEDICAMENTOS,2022-09,3,5.84,9.04,9.04,Media móvil
A018232,"ALUMINIO HIDROXIDO/MAGNESIO/SIMETICONA SUSPENSIÓN ORAL 4%/4%/0,4%",MEDICAMENTOS,2022-07,1,1.72,1.0,1.0,Media móvil
A018232,"ALUMINIO HIDROXIDO/MAGNESIO/SIMETICONA SUSPENSIÓN ORAL 4%/4%/0,4%",MEDICAMENTOS,2022-08,2,2.1,0.67,0.67,Media móvil
A018232,"ALUMINIO HIDROXIDO/MAGNESIO/SIMETICONA SUSPENSIÓN ORAL 4%/4%/0,4%",MEDICAMENTOS,2022-09,3,1.51,0.56,0.56,Media móvil
A019101,AMANTADINA 100MG CAPSULA ,MEDICAMENTOS,2022-07,1,3.04,5.33,3.04,XGBoost
A019101,AMANTADINA 100MG CAPSULA ,MEDICAMENTOS,2022-08,2,8.12,1.01,8.12,XGBoost
A019101,AMANTADINA 100MG CAPSULA ,MEDICAMENTOS,2022-09,3,5.58,3.72,5.58,XGBoost
A020701,AMIKACINA 100MG/2ML SOL. INYECTABLE ,MEDICAMENTOS,2022-07,1,2.44,13.33,13.33,Media móvil
A020701,AMIKACINA 100MG/2ML SOL. INYECTABLE ,MEDICAMENTOS,2022-08,2,1.23,16.78,16.78,Media móvil
A020701,AMIKACINA 100MG/2ML SOL. INYECTABLE ,MEDICAMENTOS,2022-09,3,0.96,22.04,22.04,Media móvil
A020702,AMIKACINA 500MG/2ML SOL. INYECTABLE ,MEDICAMENTOS,2022-07,1,43.4,34.67,34.67,Media móvil
A020702,AMIKACINA 500MG/2ML SOL. INYECTABLE ,MEDICAMENTOS,2022-08,2,38.24,34.89,34.89,Media móvil
A020702,AMIKACINA 500MG/2ML SOL. INYECTABLE ,MEDICAMENTOS,2022-09,3,33.42,36.85,36.85,Media móvil
A022701,AMINOFILINA 240MG/10ML SOL. INYECTABLE ,MEDICAMENTOS,2022-07,1,0.23,0.0,0.23,XGBoost
A022701,AMINOFILINA 240MG/10ML SOL. INYECTABLE ,MEDICAMENTOS,2022-08,2,0.24,0.08,0.24,XGBoost
A022701,AMINOFILINA 240MG/10ML SOL. INYECTABLE ,MEDICAMENTOS,2022-09,3,0.24,0.16,0.24,XGBoost
A023011,AMIODARONA TABLETA 200MG,MEDICAMENTOS,2022-07,1,116.58,161.33,116.58,XGBoost
A023011,AMIODARONA TABLETA 200MG,MEDICAMENTOS,2022-08,2,130.94,136.53,130.94,XGBoost
A023011,AMIODARONA TABLETA 200MG,MEDICAMENTOS,2022-09,3,139.51,139.84,139.51,XGBoost
A023721,AMIODARONA 150MG/3ML SOL. INYECTABLE ,MEDICAMENTOS,2022-07,1,117.11,109.67,117.11,XGBoost
A023721,AMIODARONA 150MG/3ML SOL. INYECTABLE ,MEDICAMENTOS,2022-08,2,118.17,116.7,118.17,XGBoost
A023721,AMIODARONA 150MG/3ML SOL. INYECTABLE ,MEDICAMENTOS,2022-09,3,115.2,116.43,115.2,XGBoost
A024011,AMITRIPTILINA 25MG TABLETA ,MEDICAMENTOS,2022-07,1,13.5,38.0,38.0,Media móvil
A024011,AMITRIPTILINA 25MG TABLETA ,MEDICAMENTOS,2022-08,2,33.32,42.0,42.0,Media móvil
A024011,AMITRIPTILINA 25MG TABLETA ,MEDICAMENTOS,2022-09,3,22.64,37.67,37.67,Media móvil
A025142,AMOXICILINA 500MG CAPSULA ,MEDICAMENTOS,2022-07,1,6.35,21.67,21.67,Media móvil
A025142,AMOXICILINA 500MG CAPSULA ,MEDICAMENTOS,2022-08,2,3.27,23.89,23.89,Media móvil
A025142,AMOXICILINA 500MG CAPSULA ,MEDICAMENTOS,2022-09,3,4.65,31.85,31.85,Media móvil
A026721,AMPICILINA 500MG POLVO LIOFILIZADO ,MEDICAMENTOS,2022-07,1,219.67,327.0,219.67,XGBoost
A026721,AMPICILINA 500MG POLVO LIOFILIZADO ,MEDICAMENTOS,2022-08,2,239.49,339.22,239.49,XGBoost
A026721,AMPICILINA 500MG POLVO LIOFILIZADO ,MEDICAMENTOS,2022-09,3,203.43,225.39,203.43,XGBoost
A026722,AMPICILINA 1 G POLVO LIOFILIZADO ,MEDICAMENTOS,2022-07,1,76.75,73.0,76.75,XGBoost
A026722,AMPICILINA 1 G POLVO LIOFILIZADO ,MEDICAMENTOS,2022-08,2,98.82,63.58,98.82,XGBoost
A026722,AMPICILINA 1 G POLVO LIOFILIZADO ,MEDICAMENTOS,2022-09,3,100.2,82.86,100.2,XGBoost
A027142,AMPICILINA TABLETA 500MG,MEDICAMENTOS,2022-07,1,0.71,1.33,0.71,XGBoost
A027142,AMPICILINA TABLETA 500MG,MEDICAMENTOS,2022-08,2,0.81,0.24,0.81,XGBoost
A027142,AMPICILINA TABLETA 500MG,MEDICAMENTOS,2022-09,3,0.92,0.51,0.92,XGBoost
A033701,ATROPINA 1MG/1ML SOL. INYECTABLE ,MEDICAMENTOS,2022-07,1,6.23,12.67,12.67,Media móvil
A033701,ATROPINA 1MG/1ML SOL. INYECTABLE ,MEDICAMENTOS,2022-08,2,5.8,12.89,12.89,Media móvil
A033701,ATROPINA 1MG/1ML SOL. INYECTABLE ,MEDICAMENTOS,2022-09,3,4.54,13.19,13.19,Media móvil
A034011,AZATIOPRINA 50MG TABLETA,MEDICAMENTOS,2022-07,1,30.39,38.0,38.0,Media móvil
A034011,AZATIOPRINA 50MG TABLETA,MEDICAMENTOS,2022-08,2,68.58,35.33,35.33,Media móvil
A034011,AZATIOPRINA 50MG TABLETA,MEDICAMENTOS,2022-09,3,49.88,27.11,27.11,Media móvil
A035722,AZTREONAM 1G POLVO LIOFILIZADO,MEDICAMENTOS,2022-07,1,122.0,68.67,122.0,XGBoost
A035722,AZTREONAM 1G POLVO LIOFILIZADO,MEDICAMENTOS,2022-08,2,137.29,95.0,137.29,XGBoost
A035722,AZTREONAM 1G POLVO LIOFILIZADO,MEDICAMENTOS,2022-09,3,138.94,110.09,138.94,XGBoost
A036701,AZUL DE METILENO SOLUCIÓN INYECTABLE 10MG/1ML,MEDICAMENTOS,2022-07,1,1.01,4.0,4.0,Media móvil
A036701,AZUL DE METILENO SOLUCIÓN INYECTABLE 10MG/1ML,MEDICAMENTOS,2022-08,2,2.0,3.33,3.33,Media móvil
A036701,AZUL DE METILENO SOLUCIÓN INYECTABLE 10MG/1ML,MEDICAMENTOS,2022-09,3,1.1,2.44,2.44,Media móvil
A037011,AMLODIPINO 5 MG TABLETA ,MEDICAMENTOS,2022-07,1,196.41,203.0,196.41,XGBoost
A037011,AMLODIPINO 5 MG TABLETA ,MEDICAMENTOS,2022-08,2,182.06,179.8,182.06,XGBoost
A037011,AMLODIPINO 5 MG TABLETA ,MEDICAMENTOS,2022-09,3,160.39,194.16,160.39,XGBoost
A037101,ABACAVIR TABLETA 300MG,MEDICAMENTOS,2022-07,1,0.79,0.0,0.79,XGBoost
A037101,ABACAVIR TABLETA 300MG,MEDICAMENTOS,2022-08,2,0.63,0.26,0.63,XGBoost
A037101,ABACAVIR TABLETA 300MG,MEDICAMENTOS,2022-09,3,0.54,0.48,0.54,XGBoost
B00000010,BECLOMETASONA NASAL 50 MCG/PUFF,MEDICAMENTOS,2022-07,1,1.14,1.0,1.14,XGBoost
B00000010,BECLOMETASONA NASAL 50 MCG/PUFF,MEDICAMENTOS,2022-08,2,1.24,1.38,1.24,XGBoost
B00000010,BECLOMETASONA NASAL 50 MCG/PUFF,MEDICAMENTOS,2022-09,3,0.96,1.46,0.96,XGBoost
B004311,"BETAMETASONA CREMA TÓPICA 0,05%",MEDICAMENTOS,2022-07,1,2.77,4.0,4.0,Media móvil
B004311,"BETAMETASONA CREMA TÓPICA 0,05%",MEDICAMENTOS,2022-08,2,2.83,3.0,3.0,Media móvil
B004311,"BETAMETASONA CREMA TÓPICA 0,05%",MEDICAMENTOS,2022-09,3,2.07,3.33,3.33,Media móvil
B004332,"BETAMETASONA UNGÜENTO TÓPICO 0,05% x 40G",MEDICAMENTOS,2022-07,1,1.03,4.33,4.33,Media móvil
B004332,"BETAMETASONA UNGÜENTO TÓPICO 0,05% x 40G",MEDICAMENTOS,2022-08,2,0.74,3.11,3.11,Media móvil
B004332,"BETAMETASONA UNGÜENTO TÓPICO 0,05% x 40G",MEDICAMENTOS,2022-09,3,0.76,3.48,3.48,Media móvil
B005701,BETAMETASONA 4MG/1ML SOL. INYECTABLE,MEDICAMENTOS,2022-07,1,31.06,27.67,27.67,Media móvil
B005701,BETAMETASONA 4MG/1ML SOL. INYECTABLE,MEDICAMENTOS,2022-08,2,30.28,32.89,32.89,Media móvil
B005701,BETAMETASONA 4MG/1ML SOL. INYECTABLE,MEDICAMENTOS,2022-09,3,25.3,28.52,28.52,Media móvil
B008011,BIPERIDENO 2MG TABLETA,MEDICAMENTOS,2022-07,1,9.26,17.67,17.67,Media móvil
B008011,BIPERIDENO 2MG TABLETA,MEDICAMENTOS,2022-08,2,5.83,18.22,18.22,Media móvil
B008011,BIPERIDENO 2MG TABLETA,MEDICAMENTOS,2022-09,3,5.78,22.63,22.63,Media móvil
B010021,BISACODILO 5MG TABLETA,MEDICAMENTOS,2022-07,1,425.53,421.33,425.53,XGBoost
B010021,BISACODILO 5MG TABLETA,MEDICAMENTOS,2022-08,2,408.37,390.18,408.37,XGBoost
B010021,BISACODILO 5MG TABLETA,MEDICAMENTOS,2022-09,3,399.84,402.3,399.84,XGBoost
B012011,"BROMOCRIPTINA 2,5MG TABLETA",MEDICAMENTOS,2022-07,1,1.21,2.67,2.67,Media móvil
B012011,"BROMOCRIPTINA 2,5MG TABLETA",MEDICAMENTOS,2022-08,2,1.94,3.56,1.94,XGBoost
B012011,"BROMOCRIPTINA 2,5MG TABLETA",MEDICAMENTOS,2022-09,3,1.82,2.87,1.82,XGBoost
BISAPRO,BISOPROLOL TABLETA 10MG,MEDICAMENTOS,2022-07,1,1.06,0.33,1.06,XGBoost
BISAPRO,BISOPROLOL TABLETA 10MG,MEDICAMENTOS,2022-08,2,1.27,0.35,1.27,XGBoost
BISAPRO,BISOPROLOL TABLETA 10MG,MEDICAMENTOS,2022-09,3,0.89,0.78,0.89,XGBoost
C0000005,CARVEDILOL TABLETA 25MG,MEDICAMENTOS,2022-07,1,1.95,0.0,1.95,XGBoost
C0000005,CARVEDILOL TABLETA 25MG,MEDICAMENTOS,2022-08,2,2.79,0.65,2.79,XGBoost
C0000005,CARVEDILOL TABLETA 25MG,MEDICAMENTOS,2022-09,3,2.92,1.58,2.92,XGBoost
C0000008,CASPOFUNGINA 70MG POLVO LIOFILIZADO ,MEDICAMENTOS,2022-07,1,5.72,8.67,8.67,Media móvil
C0000008,CASPOFUNGINA 70MG POLVO LIOFILIZADO ,MEDICAMENTOS,2022-08,2,4.7,10.89,10.89,Media móvil
C0000008,CASPOFUNGINA 70MG POLVO LIOFILIZADO ,MEDICAMENTOS,2022-09,3,3.78,10.19,10.19,Media móvil
C0000019,CETIRIZINA 10MG TABLETA ,MEDICAMENTOS,2022-07,1,0.03,9.33,9.33,Media móvil
C0000019,CETIRIZINA 10MG TABLETA ,MEDICAMENTOS,2022-08,2,0.24,3.11,3.11,Media móvil
C0000019,CETIRIZINA 10MG TABLETA ,MEDICAMENTOS,2022-09,3,0.48,4.15,4.15,Media móvil
C0000028,CLARITROMICINA TABLETA 500MG,MEDICAMENTOS,2022-07,1,168.16,113.0,168.16,XGBoost
C0000028,CLARITROMICINA TABLETA 500MG,MEDICAMENTOS,2022-08,2,136.44,161.05,136.44,XGBoost
C0000028,CLARITROMICINA TABLETA 500MG,MEDICAMENTOS,2022-09,3,101.12,180.53,101.12,XGBoost
C0000030,CLINDAMICINA CÁPSULA 300MG,MEDICAMENTOS,2022-07,1,1.74,1.33,1.74,XGBoost
C0000030,CLINDAMICINA CÁPSULA 300MG,MEDICAMENTOS,2022-08,2,2.36,0.58,2.36,XGBoost
C0000030,CLINDAMICINA CÁPSULA 300MG,MEDICAMENTOS,2022-09,3,3.3,1.37,3.3,XGBoost
C0000035,CLOPIDOGREL TABLETA 75MG,MEDICAMENTOS,2022-07,1,191.69,196.67,191.69,XGBoost
C0000035,CLOPIDOGREL TABLETA 75MG,MEDICAMENTOS,2022-08,2,200.72,184.23,200.72,XGBoost
C0000035,CLOPIDOGREL TABLETA 75MG,MEDICAMENTOS,2022-09,3,164.9,197.8,164.9,XGBoost
C0000047,"CARVEDILOL TABLETA 12,5MG",MEDICAMENTOS,2022-07,1,83.2,76.0,83.2,XGBoost
C0000047,"CARVEDILOL TABLETA 12,5MG",MEDICAMENTOS,2022-08,2,88.41,75.07,88.41,XGBoost
C0000047,"CARVEDILOL TABLETA 12,5MG",MEDICAMENTOS,2022-09,3,84.69,89.87,84.69,XGBoost
C001011,CALCIO CARBONATO 600MG TABLETA ,MEDICAMENTOS,2022-07,1,191.23,122.33,191.23,XGBoost
C001011,CALCIO CARBONATO 600MG TABLETA ,MEDICAMENTOS,2022-08,2,173.55,164.74,173.55,XGBoost
C001011,CALCIO CARBONATO 600MG TABLETA ,MEDICAMENTOS,2022-09,3,168.95,188.59,168.95,XGBoost
C002701,CALCIO GLUCONATO SOL. INYECTABLE 10%/10ML,MEDICAMENTOS,2022-07,1,227.15,300.67,227.15,XGBoost
C002701,CALCIO GLUCONATO SOL. INYECTABLE 10%/10ML,MEDICAMENTOS,2022-08,2,200.67,314.05,200.67,XGBoost
C002701,CALCIO GLUCONATO SOL. INYECTABLE 10%/10ML,MEDICAMENTOS,2022-09,3,215.26,289.61,215.26,XGBoost
C003101,"CALCITRIOL 0,25MCG CÁPSULA ",MEDICAMENTOS,2022-07,1,33.0,56.33,56.33,Media móvil
C003101,"CALCITRIOL 0,25MCG CÁPSULA ",MEDICAMENTOS,2022-08,2,26.48,59.78,59.78,Media móvil
C003101,"CALCITRIOL 0,25MCG CÁPSULA ",MEDICAMENTOS,2022-09,3,21.15,57.7,57.7,Media móvil
C003102,"CALCITRIOL 0,50MCG CÁPSULA ",MEDICAMENTOS,2022-07,1,79.0,59.67,59.67,Media móvil
C003102,"CALCITRIOL 0,50MCG CÁPSULA ",MEDICAMENTOS,2022-08,2,63.54,71.56,71.56,Media móvil
C003102,"CALCITRIOL 0,50MCG CÁPSULA ",MEDICAMENTOS,2022-09,3,27.66,91.74,91.74,Media móvil
C004011,CAPTOPRIL 25MG TABLETA ,MEDICAMENTOS,2022-07,1,0.44,19.0,19.0,Media móvil
C004011,CAPTOPRIL 25MG TABLETA ,MEDICAMENTOS,2022-08,2,0.38,24.33,24.33,Media móvil
C004011,CAPTOPRIL 25MG TABLETA ,MEDICAMENTOS,2022-09,3,1.33,18.44,18.44,Media móvil
C004012,CAPTOPRIL 50MG TABLETA ,MEDICAMENTOS,2022-07,1,0.0,9.33,9.33,Media móvil
C004012,CAPTOPRIL 50MG TABLETA ,MEDICAMENTOS,2022-08,2,0.21,3.11,3.11,Media móvil
C004012,CAPTOPRIL 50MG TABLETA ,MEDICAMENTOS,2022-09,3,0.14,4.15,4.15,Media móvil
C005011,CARBAMAZEPINA 200MG TABLETA ,MEDICAMENTOS,2022-07,1,145.06,121.33,145.06,XGBoost
C005011,CARBAMAZEPINA 200MG TABLETA ,MEDICAMENTOS,2022-08,2,149.98,141.02,149.98,XGBoost
C005011,CARBAMAZEPINA 200MG TABLETA ,MEDICAMENTOS,2022-09,3,147.8,154.35,147.8,XGBoost
C008142,CEFALEXINA 500MG CAPSULA ,MEDICAMENTOS,2022-07,1,10.54,33.33,33.33,Media móvil
C008142,CEFALEXINA 500MG CAPSULA ,MEDICAMENTOS,2022-08,2,10.94,35.11,35.11,Media móvil
C008142,CEFALEXINA 500MG CAPSULA ,MEDICAMENTOS,2022-09,3,40.63,24.48,40.63,XGBoost
C008232,CEFALEXINA 250MG/5ML POLVO PARA SOLUCION ORAL,MEDICAMENTOS,2022-07,1,0.81,0.33,0.81,XGBoost
C008232,CEFALEXINA 250MG/5ML POLVO PARA SOLUCION ORAL,MEDICAMENTOS,2022-08,2,0.78,0.27,0.78,XGBoost
C008232,CEFALEXINA 250MG/5ML POLVO PARA SOLUCION ORAL,MEDICAMENTOS,2022-09,3,0.93,0.53,0.93,XGBoost
C009141,CEFRADINA 500MG CÁPSULA ,MEDICAMENTOS,2022-07,1,1.31,0.0,1.31,XGBoost
C009141,CEFRADINA 500MG CÁPSULA ,MEDICAMENTOS,2022-08,2,1.74,0.44,1.74,XGBoost
C009141,CEFRADINA 500MG CÁPSULA ,MEDICAMENTOS,2022-09,3,1.71,1.02,1.71,XGBoost
C011723,CEFTRIAXONA 1G POLVO LIOFILIZADO,MEDICAMENTOS,2022-07,1,334.77,354.33,334.77,XGBoost
C011723,CEFTRIAXONA 1G POLVO LIOFILIZADO,MEDICAMENTOS,2022-08,2,335.73,345.26,335.73,XGBoost
C011723,CEFTRIAXONA 1G POLVO LIOFILIZADO,MEDICAMENTOS,2022-09,3,334.3,342.84,334.3,XGBoost
C014103,CICLOSPORINA 100MG CAPSULA,MEDICAMENTOS,2022-07,1,0.29,0.0,0.29,XGBoost
C014103,CICLOSPORINA 100MG CAPSULA,MEDICAMENTOS,2022-08,2,0.23,0.1,0.23,XGBoost
C014103,CICLOSPORINA 100MG CAPSULA,MEDICAMENTOS,2022-09,3,0.23,0.17,0.23,XGBoost
C015701,CIPROFLOXACINO 100MG/10ML SOL. INYECTABLE ,MEDICAMENTOS,2022-07,1,648.21,522.33,648.21,XGBoost
C015701,CIPROFLOXACINO 100MG/10ML SOL. INYECTABLE ,MEDICAMENTOS,2022-08,2,654.95,583.74,654.95,XGBoost
C015701,CIPROFLOXACINO 100MG/10ML SOL. INYECTABLE ,MEDICAMENTOS,2022-09,3,695.18,661.72,695.18,XGBoost
C019701,CLINDAMICINA 600MG SOL. INYECTABLE ,MEDICAMENTOS,2022-07,1,621.99,572.0,621.99,XGBoost
C019701,CLINDAMICINA 600MG SOL. INYECTABLE ,MEDICAMENTOS,2022-08,2,620.5,580.0,620.5,XGBoost
C019701,CLINDAMICINA 600MG SOL. INYECTABLE ,MEDICAMENTOS,2022-09,3,526.37,622.16,526.37,XGBoost
C022011,CLORAMBUCILO 2MG TABLETA,MEDICAMENTOS,2022-07,1,0.0,0.0,0.0,XGBoost
C022011,CLORAMBUCILO 2MG TABLETA,MEDICAMENTOS,2022-08,2,0.0,0.0,0.0,XGBoost
C022011,CLORAMBUCILO 2MG TABLETA,MEDICAMENTOS,2022-09,3,0.43,0.0,0.43,XGBoost
C031321,CLOTRIMAZOL CREMA TÓPICA 1% ,MEDICAMENTOS,2022-07,1,38.57,28.67,28.67,Media móvil
C031321,CLOTRIMAZOL CREMA TÓPICA 1% ,MEDICAMENTOS,2022-08,2,35.27,23.22,23.22,Media móvil
C031321,CLOTRIMAZOL CREMA TÓPICA 1% ,MEDICAMENTOS,2022-09,3,27.7,23.96,23.96,Media móvil
C031511,CLOTRIMAZOL CREMA VAGINAL 1%,MEDICAMENTOS,2022-07,1,3.56,3.33,3.33,Media móvil
C031511,CLOTRIMAZOL CREMA VAGINAL 1%,MEDICAMENTOS,2022-08,2,4.44,3.44,3.44,Media móvil
C031511,CLOTRIMAZOL CREMA VAGINAL 1%,MEDICAMENTOS,2022-09,3,4.34,3.59,3.59,Media móvil
C032013,CLOZAPINA TABLETA 100MG ,CONTROLADOS,2022-07,1,0.76,11.33,11.33,Media móvil
C032013,CLOZAPINA TABLETA 100MG ,CONTROLADOS,2022-08,2,1.55,15.11,15.11,Media móvil
C032013,CLOZAPINA TABLETA 100MG ,CONTROLADOS,2022-09,3,2.32,8.81,8.81,Media móvil
C034011,"COLCHICINA 0,5MG TABLETA",MEDICAMENTOS,2022-07,1,28.12,8.67,8.67,Media móvil
C034011,"COLCHICINA 0,5MG TABLETA",MEDICAMENTOS,2022-08,2,10.1,4.56,4.56,Media móvil
C034011,"COLCHICINA 0,5MG TABLETA",MEDICAMENTOS,2022-09,3,17.1,4.41,4.41,Media móvil
C035251,COLESTIRAMINA 4G POLVO PARA SOLUCIÓN ORAL,MEDICAMENTOS,2022-07,1,18.37,40.67,40.67,Media móvil
C035251,COLESTIRAMINA 4G POLVO PARA SOLUCIÓN ORAL,MEDICAMENTOS,2022-08,2,37.2,35.89,35.89,Media móvil
C035251,COLESTIRAMINA 4G POLVO PARA SOLUCIÓN ORAL,MEDICAMENTOS,2022-09,3,31.02,44.52,44.52,Media móvil
C041602,SODIO CROMOGLICATO SOLUCIÓN OFTÁLMICA 40MG/1ML (400MG/10ML),MEDICAMENTOS,2022-07,1,0.24,0.67,0.67,Media móvil
C041602,SODIO CROMOGLICATO SOLUCIÓN OFTÁLMICA 40MG/1ML (400MG/10ML),MEDICAMENTOS,2022-08,2,0.06,0.89,0.89,Media móvil
C041602,SODIO CROMOGLICATO SOLUCIÓN OFTÁLMICA 40MG/1ML (400MG/10ML),MEDICAMENTOS,2022-09,3,0.16,1.19,1.19,Media móvil
C044721,CEFAZOLINA 1G SOL. INYECTABLE ,MEDICAMENTOS,2022-07,1,215.2,208.67,215.2,XGBoost
C044721,CEFAZOLINA 1G SOL. INYECTABLE ,MEDICAMENTOS,2022-08,2,150.98,280.4,150.98,XGBoost
C044721,CEFAZOLINA 1G SOL. INYECTABLE ,MEDICAMENTOS,2022-09,3,119.25,242.06,242.06,Media móvil
C044723,CEFALOTINA 1G SOL. INYECTABLE ,MEDICAMENTOS,2022-07,1,814.05,564.0,814.05,XGBoost
C044723,CEFALOTINA 1G SOL. INYECTABLE ,MEDICAMENTOS,2022-08,2,839.2,584.35,839.2,XGBoost
C044723,CEFALOTINA 1G SOL. INYECTABLE ,MEDICAMENTOS,2022-09,3,856.35,698.42,856.35,XGBoost
C046101,CALCIO CARBONATO/VITAMINA D TABLETA 600MG/200UI,MEDICAMENTOS,2022-07,1,4.85,80.33,80.33,Media móvil
C046101,CALCIO CARBONATO/VITAMINA D TABLETA 600MG/200UI,MEDICAMENTOS,2022-08,2,2.54,106.11,106.11,Media móvil
C046101,CALCIO CARBONATO/VITAMINA D TABLETA 600MG/200UI,MEDICAMENTOS,2022-09,3,0.21,120.81,120.81,Media móvil
C047011,CLONIDINA 150MCG TABLETA ,MEDICAMENTOS,2022-07,1,823.13,862.0,823.13,XGBoost
C047011,CLONIDINA 150MCG TABLETA ,MEDICAMENTOS,2022-08,2,784.42,860.38,784.42,XGBoost
C047011,CLONIDINA 150MCG TABLETA ,MEDICAMENTOS,2022-09,3,708.13,890.85,708.13,XGBoost
D0000002,DEFLAZACORT 6 MG TABLETA,MEDICAMENTOS,2022-07,1,0.21,0.0,0.21,XGBoost
D0000002,DEFLAZACORT 6 MG TABLETA,MEDICAMENTOS,2022-08,2,0.25,0.07,0.25,XGBoost
D0000002,DEFLAZACORT 6 MG TABLETA,MEDICAMENTOS,2022-09,3,0.25,0.15,0.25,XGBoost
D0000005,"DESMOPRESINA SOLUCIÓN NASAL 10MCG/0,1ML (500MCG/5ML)",MEDICAMENTOS,2022-07,1,0.0,0.33,0.33,Media móvil
D0000005,"DESMOPRESINA SOLUCIÓN NASAL 10MCG/0,1ML (500MCG/5ML)",MEDICAMENTOS,2022-08,2,0.12,0.11,0.12,XGBoost
D0000005,"DESMOPRESINA SOLUCIÓN NASAL 10MCG/0,1ML (500MCG/5ML)",MEDICAMENTOS,2022-09,3,0.12,0.15,0.12,XGBoost
D0000011,DILTIAZEM 60MG TABLETA ,MEDICAMENTOS,2022-07,1,24.21,55.0,55.0,Media móvil
D0000011,DILTIAZEM 60MG TABLETA ,MEDICAMENTOS,2022-08,2,17.77,65.33,65.33,Media móvil
D0000011,DILTIAZEM 60MG TABLETA ,MEDICAMENTOS,2022-09,3,9.04,79.44,79.44,Media móvil
D0000020,"DIPIRONA 2,5G/5ML SOL. INYECTABLE ",MEDICAMENTOS,2022-07,1,4.43,62.0,62.0,Media móvil
D0000020,"DIPIRONA 2,5G/5ML SOL. INYECTABLE ",MEDICAMENTOS,2022-08,2,2.48,82.67,82.67,Media móvil
D0000020,"DIPIRONA 2,5G/5ML SOL. INYECTABLE ",MEDICAMENTOS,2022-09,3,0.0,88.56,88.56,Media móvil
D0000030,DIPIRONA 1G/2ML SOL. INYECTABLE ,MEDICAMENTOS,2022-07,1,6502.81,6190.0,6502.81,XGBoost
D0000030,DIPIRONA 1G/2ML SOL. INYECTABLE ,MEDICAMENTOS,2022-08,2,6394.05,5959.94,6394.05,XGBoost
D0000030,DIPIRONA 1G/2ML SOL. INYECTABLE ,MEDICAMENTOS,2022-09,3,6394.05,6135.29,6394.05,XGBoost
D0000031,DAPTOMICINA POLVO LIOFILIZADO 500MG,MEDICAMENTOS,2022-07,1,1.25,8.0,8.0,Media móvil
D0000031,DAPTOMICINA POLVO LIOFILIZADO 500MG,MEDICAMENTOS,2022-08,2,2.78,5.67,5.67,Media móvil
D0000031,DAPTOMICINA POLVO LIOFILIZADO 500MG,MEDICAMENTOS,2022-09,3,1.82,4.56,4.56,Media móvil
D0000038,"LEVOSIMENDAN SOLUCIÓN INYECTABLE 12,5MG/1ML",MEDICAMENTOS,2022-07,1,1.02,2.0,1.02,XGBoost
D0000038,"LEVOSIMENDAN SOLUCIÓN INYECTABLE 12,5MG/1ML",MEDICAMENTOS,2022-08,2,1.54,1.34,1.54,XGBoost
D0000038,"LEVOSIMENDAN SOLUCIÓN INYECTABLE 12,5MG/1ML",MEDICAMENTOS,2022-09,3,1.42,1.52,1.42,XGBoost
D002101,DANAZOL 200MG TABLETA},MEDICAMENTOS,2022-07,1,0.0,11.67,11.67,Media móvil
D002101,DANAZOL 200MG TABLETA},MEDICAMENTOS,2022-08,2,0.0,15.56,15.56,Media móvil
D002101,DANAZOL 200MG TABLETA},MEDICAMENTOS,2022-09,3,0.0,13.74,13.74,Media móvil
D005711,DEXAMETASONA 8MG/2ML SOL. INYECTABLE,MEDICAMENTOS,2022-07,1,345.32,418.33,345.32,XGBoost
D005711,DEXAMETASONA 8MG/2ML SOL. INYECTABLE,MEDICAMENTOS,2022-08,2,376.47,448.44,376.47,XGBoost
D005711,DEXAMETASONA 8MG/2ML SOL. INYECTABLE,MEDICAMENTOS,2022-09,3,363.06,429.6,363.06,XGBoost
D006701,DEXAMETASONA 4MG/1ML SOL. INYECTABLE ,MEDICAMENTOS,2022-07,1,146.63,224.0,146.63,XGBoost
D006701,DEXAMETASONA 4MG/1ML SOL. INYECTABLE ,MEDICAMENTOS,2022-08,2,163.64,178.88,163.64,XGBoost
D006701,DEXAMETASONA 4MG/1ML SOL. INYECTABLE ,MEDICAMENTOS,2022-09,3,165.97,178.42,165.97,XGBoost
D009701,DEXTROSA AL 5% AGUA DESTILADA 500 ML,MEDICAMENTOS,2022-07,1,197.85,216.67,197.85,XGBoost
D009701,DEXTROSA AL 5% AGUA DESTILADA 500 ML,MEDICAMENTOS,2022-08,2,173.87,236.95,173.87,XGBoost
D009701,DEXTROSA AL 5% AGUA DESTILADA 500 ML,MEDICAMENTOS,2022-09,3,174.38,200.24,174.38,XGBoost
D009702,DEXTROSA AL 10% AGUA DESTILADA 500 ML,MEDICAMENTOS,2022-07,1,199.64,260.0,199.64,XGBoost
D009702,DEXTROSA AL 10% AGUA DESTILADA 500 ML,MEDICAMENTOS,2022-08,2,207.01,254.88,207.01,XGBoost
D009702,DEXTROSA AL 10% AGUA DESTILADA 500 ML,MEDICAMENTOS,2022-09,3,204.85,230.22,204.85,XGBoost
D009705,DEXTROSA AL 10% AGUA DESTILADA 250 ML,MEDICAMENTOS,2022-07,1,77.82,87.67,87.67,Media móvil
D009705,DEXTROSA AL 10% AGUA DESTILADA 250 ML,MEDICAMENTOS,2022-08,2,72.63,91.22,91.22,Media móvil
D009705,DEXTROSA AL 10% AGUA DESTILADA 250 ML,MEDICAMENTOS,2022-09,3,63.87,88.63,88.63,Media móvil
D009706,DEXTROSA AL 5% AGUA DESTILADA 250 ML,MEDICAMENTOS,2022-07,1,531.7,693.33,531.7,XGBoost
D009706,DEXTROSA AL 5% AGUA DESTILADA 250 ML,MEDICAMENTOS,2022-08,2,511.41,692.57,511.41,XGBoost
D009706,DEXTROSA AL 5% AGUA DESTILADA 250 ML,MEDICAMENTOS,2022-09,3,512.62,658.7,512.62,XGBoost
D010701,DEXTROSA 5% EN SOL. SALINA 0.9% 500 ML,MEDICAMENTOS,2022-07,1,35.39,52.33,52.33,Media móvil
D010701,DEXTROSA 5% EN SOL. SALINA 0.9% 500 ML,MEDICAMENTOS,2022-08,2,34.86,55.78,55.78,Media móvil
D010701,DEXTROSA 5% EN SOL. SALINA 0.9% 500 ML,MEDICAMENTOS,2022-09,3,18.0,51.7,51.7,Media móvil
D015021,DICLOFENACO 50MG TABLETA ,MEDICAMENTOS,2022-07,1,4.37,7.0,7.0,Media móvil
D015021,DICLOFENACO 50MG TABLETA ,MEDICAMENTOS,2022-08,2,4.41,6.0,6.0,Media móvil
D015021,DICLOFENACO 50MG TABLETA ,MEDICAMENTOS,2022-09,3,5.69,8.0,8.0,Media móvil
D015701,DICLOFENACO 75MG/3ML SOL. INYECTABLE ,MEDICAMENTOS,2022-07,1,131.12,123.67,131.12,XGBoost
D015701,DICLOFENACO 75MG/3ML SOL. INYECTABLE ,MEDICAMENTOS,2022-08,2,188.36,111.37,188.36,XGBoost
D015701,DICLOFENACO 75MG/3ML SOL. INYECTABLE ,MEDICAMENTOS,2022-09,3,181.18,135.83,181.18,XGBoost
D018101,DIFENHIDRAMINA 50MG CAPSULA ,MEDICAMENTOS,2022-07,1,0.83,0.0,0.83,XGBoost
D018101,DIFENHIDRAMINA 50MG CAPSULA ,MEDICAMENTOS,2022-08,2,0.81,0.28,0.81,XGBoost
D018101,DIFENHIDRAMINA 50MG CAPSULA ,MEDICAMENTOS,2022-09,3,0.8,0.55,0.8,XGBoost
D018221,"DIFENHIDRAMINA JARABE 12,5MG/5ML (300MG/120ML)",MEDICAMENTOS,2022-07,1,4.28,3.67,3.67,Media móvil
D018221,"DIFENHIDRAMINA JARABE 12,5MG/5ML (300MG/120ML)",MEDICAMENTOS,2022-08,2,4.24,4.56,4.56,Media móvil
D018221,"DIFENHIDRAMINA JARABE 12,5MG/5ML (300MG/120ML)",MEDICAMENTOS,2022-09,3,4.68,3.74,3.74,Media móvil
D020201,"DIHIDROCODEINA JARABE 12,1MG/ML (294,4MG/120ML)",MEDICAMENTOS,2022-07,1,5.03,4.0,4.0,Media móvil
D020201,"DIHIDROCODEINA JARABE 12,1MG/ML (294,4MG/120ML)",MEDICAMENTOS,2022-08,2,4.92,3.33,3.33,Media móvil
D020201,"DIHIDROCODEINA JARABE 12,1MG/ML (294,4MG/120ML)",MEDICAMENTOS,2022-09,3,5.05,4.44,4.44,Media móvil
D020221,"DIFENHIDRAMINA JARABE 2,42MG/1ML (290,4MG/120ML)",MEDICAMENTOS,2022-07,1,6.07,5.67,5.67,Media móvil
D020221,"DIFENHIDRAMINA JARABE 2,42MG/1ML (290,4MG/120ML)",MEDICAMENTOS,2022-08,2,4.51,5.22,5.22,Media móvil
D020221,"DIFENHIDRAMINA JARABE 2,42MG/1ML (290,4MG/120ML)",MEDICAMENTOS,2022-09,3,4.95,4.63,4.63,Media móvil
D023011,DIMENHIDRINATO 50MG TABLETA,MEDICAMENTOS,2022-07,1,6.92,22.67,22.67,Media móvil
D023011,DIMENHIDRINATO 50MG TABLETA,MEDICAMENTOS,2022-08,2,10.11,20.22,20.22,Media móvil
D023011,DIMENHIDRINATO 50MG TABLETA,MEDICAMENTOS,2022-09,3,9.17,14.96,9.17,XGBoost
D029701,DOPAMINA 200MG/5ML SOL. INYECTABLE ,MEDICAMENTOS,2022-07,1,1.97,35.33,35.33,Media móvil
D029701,DOPAMINA 200MG/5ML SOL. INYECTABLE ,MEDICAMENTOS,2022-08,2,2.56,44.78,44.78,Media móvil
D029701,DOPAMINA 200MG/5ML SOL. INYECTABLE ,MEDICAMENTOS,2022-09,3,1.95,39.37,39.37,Media móvil
D031141,DOXICICLINA 100MG TABLETA ,MEDICAMENTOS,2022-07,1,14.21,21.0,21.0,Media móvil
D031141,DOXICICLINA 100MG TABLETA ,MEDICAMENTOS,2022-08,2,10.81,24.33,24.33,Media móvil
D031141,DOXICICLINA 100MG TABLETA ,MEDICAMENTOS,2022-09,3,8.45,26.78,26.78,Media móvil
D035701,DESMOPRESINA 15MCG/1ML SOL. INYECTABLE,MEDICAMENTOS,2022-07,1,1.32,1.33,1.33,Media móvil
D035701,DESMOPRESINA 15MCG/1ML SOL. INYECTABLE,MEDICAMENTOS,2022-08,2,1.25,1.78,1.78,Media móvil
D035701,DESMOPRESINA 15MCG/1ML SOL. INYECTABLE,MEDICAMENTOS,2022-09,3,1.26,1.7,1.7,Media móvil
E0000003,SODIO FOSFATO MONOBASICO SOLUCIÓN ORAL 133ML,MEDICAMENTOS,2022-07,1,0.37,3.0,3.0,Media móvil
E0000003,SODIO FOSFATO MONOBASICO SOLUCIÓN ORAL 133ML,MEDICAMENTOS,2022-08,2,0.33,2.0,2.0,Media móvil
E0000003,SODIO FOSFATO MONOBASICO SOLUCIÓN ORAL 133ML,MEDICAMENTOS,2022-09,3,0.29,2.67,2.67,Media móvil
E0000017,ERTAPENEM POLVO LIOFILIZADO 1G ,MEDICAMENTOS,2022-07,1,15.1,14.67,14.67,Media móvil
E0000017,ERTAPENEM POLVO LIOFILIZADO 1G ,MEDICAMENTOS,2022-08,2,12.11,8.89,8.89,Media móvil
E0000017,ERTAPENEM POLVO LIOFILIZADO 1G ,MEDICAMENTOS,2022-09,3,18.4,11.85,11.85,Media móvil
E0000021,SODIO FOSFATO MONOBASICO/DIBASICO ENEMA RECTAL 16G/6G/133ML,MEDICAMENTOS,2022-07,1,4.59,7.0,7.0,Media móvil
E0000021,SODIO FOSFATO MONOBASICO/DIBASICO ENEMA RECTAL 16G/6G/133ML,MEDICAMENTOS,2022-08,2,7.36,4.33,4.33,Media móvil
E0000021,SODIO FOSFATO MONOBASICO/DIBASICO ENEMA RECTAL 16G/6G/133ML,MEDICAMENTOS,2022-09,3,6.55,5.11,5.11,Media móvil
E0000034,ENTEROGERMINA SUSPENSIÓN ORAL 2000000000UI/5ML,MEDICAMENTOS,2022-07,1,0.76,0.33,0.76,XGBoost
E0000034,ENTEROGERMINA SUSPENSIÓN ORAL 2000000000UI/5ML,MEDICAMENTOS,2022-08,2,0.85,0.25,0.85,XGBoost
E0000034,ENTEROGERMINA SUSPENSIÓN ORAL 2000000000UI/5ML,MEDICAMENTOS,2022-09,3,0.82,0.53,0.82,XGBoost
E002011,ENALAPRIL 5MG TABLETA ,MEDICAMENTOS,2022-07,1,175.19,174.0,175.19,XGBoost
E002011,ENALAPRIL 5MG TABLETA ,MEDICAMENTOS,2022-08,2,184.46,189.73,184.46,XGBoost
E002011,ENALAPRIL 5MG TABLETA ,MEDICAMENTOS,2022-09,3,178.4,175.22,178.4,XGBoost
E002012,ENALAPRIL 20MG TABLETA ,MEDICAMENTOS,2022-07,1,177.24,171.0,177.24,XGBoost
E002012,ENALAPRIL 20MG TABLETA ,MEDICAMENTOS,2022-08,2,171.22,188.75,171.22,XGBoost
E002012,ENALAPRIL 20MG TABLETA ,MEDICAMENTOS,2022-09,3,151.57,175.16,151.57,XGBoost
E007141,ERITROMICINA 500MG TABLETA ,MEDICAMENTOS,2022-07,1,5.51,20.67,20.67,Media móvil
E007141,ERITROMICINA 500MG TABLETA ,MEDICAMENTOS,2022-08,2,9.97,27.56,27.56,Media móvil
E007141,ERITROMICINA 500MG TABLETA ,MEDICAMENTOS,2022-09,3,15.25,29.07,29.07,Media móvil
E007231,ERITROMICINA 250MG/5ML SUSPENSION ORAL,MEDICAMENTOS,2022-07,1,0.36,2.0,2.0,Media móvil
E007231,ERITROMICINA 250MG/5ML SUSPENSION ORAL,MEDICAMENTOS,2022-08,2,0.61,0.67,0.61,XGBoost
E007231,ERITROMICINA 250MG/5ML SUSPENSION ORAL,MEDICAMENTOS,2022-09,3,0.36,0.87,0.87,Media móvil
E008011,ESPIRONOLACTONA 25MG TABLETA ,MEDICAMENTOS,2022-07,1,455.32,482.67,455.32,XGBoost
E008011,ESPIRONOLACTONA 25MG TABLETA ,MEDICAMENTOS,2022-08,2,424.63,429.77,424.63,XGBoost
E008011,ESPIRONOLACTONA 25MG TABLETA ,MEDICAMENTOS,2022-09,3,424.67,401.98,424.67,XGBoost
E008012,ESPIRONOLACTONA 100MG TABLETA ,MEDICAMENTOS,2022-07,1,71.86,63.0,63.0,Media móvil
E008012,ESPIRONOLACTONA 100MG TABLETA ,MEDICAMENTOS,2022-08,2,75.48,57.0,57.0,Media móvil
E008012,ESPIRONOLACTONA 100MG TABLETA ,MEDICAMENTOS,2022-09,3,66.1,52.0,52.0,Media móvil
E010721,ESTREPTOQUINASA 750.000UI POLVO LIOFILIZADO,MEDICAMENTOS,2022-07,1,0.16,1.0,1.0,Media móvil
E010721,ESTREPTOQUINASA 750.000UI POLVO LIOFILIZADO,MEDICAMENTOS,2022-08,2,0.1,1.33,1.33,Media móvil
E010721,ESTREPTOQUINASA 750.000UI POLVO LIOFILIZADO,MEDICAMENTOS,2022-09,3,0.25,0.78,0.78,Media móvil
E020722,ERITROPOYETINA 2.000UI/ML SOL. INYECTABLE,MEDICAMENTOS,2022-07,1,114.4,92.67,114.4,XGBoost
E020722,ERITROPOYETINA 2.000UI/ML SOL. INYECTABLE,MEDICAMENTOS,2022-08,2,128.36,105.47,128.36,XGBoost
E020722,ERITROPOYETINA 2.000UI/ML SOL. INYECTABLE,MEDICAMENTOS,2022-09,3,126.02,111.92,126.02,XGBoost
E038162,EFAVIRENZ 600MG TABLETA,MEDICAMENTOS,2022-07,1,3.88,6.67,3.88,XGBoost
E038162,EFAVIRENZ 600MG TABLETA,MEDICAMENTOS,2022-08,2,3.56,7.29,7.29,Media móvil
E038162,EFAVIRENZ 600MG TABLETA,MEDICAMENTOS,2022-09,3,6.46,5.39,6.46,XGBoost
F0000005,"FLUMAZENIL 0,5MG/5ML  SOL. INYECTABLE",MEDICAMENTOS,2022-07,1,0.22,0.67,0.67,Media móvil
F0000005,"FLUMAZENIL 0,5MG/5ML  SOL. INYECTABLE",MEDICAMENTOS,2022-08,2,0.17,0.56,0.56,Media móvil
F0000005,"FLUMAZENIL 0,5MG/5ML  SOL. INYECTABLE",MEDICAMENTOS,2022-09,3,0.16,0.41,0.41,Media móvil
F002141,FENITOINA 100MG TABLETA ,MEDICAMENTOS,2022-07,1,143.75,162.33,143.75,XGBoost
F002141,FENITOINA 100MG TABLETA ,MEDICAMENTOS,2022-08,2,61.68,187.58,187.58,Media móvil
F002141,FENITOINA 100MG TABLETA ,MEDICAMENTOS,2022-09,3,142.04,155.78,142.04,XGBoost
F002231,FENITOINA 125MG/5ML SUSPENSION ORAL,MEDICAMENTOS,2022-07,1,1.52,2.33,2.33,Media móvil
F002231,FENITOINA 125MG/5ML SUSPENSION ORAL,MEDICAMENTOS,2022-08,2,2.95,0.78,0.78,Media móvil
F002231,FENITOINA 125MG/5ML SUSPENSION ORAL,MEDICAMENTOS,2022-09,3,2.48,1.04,1.04,Media móvil
F008701,FITOMENADIONA 10MG/1ML SOL. INYECTABLE (VITAMINA K),MEDICAMENTOS,2022-07,1,75.43,71.33,71.33,Media móvil
F008701,FITOMENADIONA 10MG/1ML SOL. INYECTABLE (VITAMINA K),MEDICAMENTOS,2022-08,2,74.92,73.78,73.78,Media móvil
F008701,FITOMENADIONA 10MG/1ML SOL. INYECTABLE (VITAMINA K),MEDICAMENTOS,2022-09,3,61.16,71.04,71.04,Media móvil
F009101,FLUCONAZOL 200MG CAPSULA ,MEDICAMENTOS,2022-07,1,80.76,127.67,80.76,XGBoost
F009101,FLUCONAZOL 200MG CAPSULA ,MEDICAMENTOS,2022-08,2,89.68,110.59,89.68,XGBoost
F009101,FLUCONAZOL 200MG CAPSULA ,MEDICAMENTOS,2022-09,3,80.95,88.48,80.95,XGBoost
F009701,FLUCONAZOL 200MG/100ML SOL. INYECTABLE,MEDICAMENTOS,2022-07,1,245.77,285.67,245.77,XGBoost
F009701,FLUCONAZOL 200MG/100ML SOL. INYECTABLE,MEDICAMENTOS,2022-08,2,243.36,314.92,243.36,XGBoost
F009701,FLUCONAZOL 200MG/100ML SOL. INYECTABLE,MEDICAMENTOS,2022-09,3,231.02,276.04,231.02,XGBoost
F013141,FLUOXETINA 20M GCAPSULA ,MEDICAMENTOS,2022-07,1,8.97,36.0,36.0,Media móvil
F013141,FLUOXETINA 20M GCAPSULA ,MEDICAMENTOS,2022-08,2,8.24,26.33,26.33,Media móvil
F013141,FLUOXETINA 20M GCAPSULA ,MEDICAMENTOS,2022-09,3,8.65,28.44,28.44,Media móvil
F013201,FLUOXETINA 20MG/5ML JARABE,MEDICAMENTOS,2022-07,1,0.31,0.0,0.31,XGBoost
F013201,FLUOXETINA 20MG/5ML JARABE,MEDICAMENTOS,2022-08,2,0.32,0.1,0.32,XGBoost
F013201,FLUOXETINA 20MG/5ML JARABE,MEDICAMENTOS,2022-09,3,0.32,0.21,0.32,XGBoost
F014011,FOLICO ÁCIDO 1MG TABLETA,MEDICAMENTOS,2022-07,1,393.52,414.67,393.52,XGBoost
F014011,FOLICO ÁCIDO 1MG TABLETA,MEDICAMENTOS,2022-08,2,389.57,431.51,389.57,XGBoost
F014011,FOLICO ÁCIDO 1MG TABLETA,MEDICAMENTOS,2022-09,3,377.56,409.03,377.56,XGBoost
F015011,FOLINICO ÁCIDO 15MG TABLETA ,MEDICAMENTOS,2022-07,1,0.74,2.33,2.33,Media móvil
F015011,FOLINICO ÁCIDO 15MG TABLETA ,MEDICAMENTOS,2022-08,2,1.29,0.78,1.29,XGBoost
F015011,FOLINICO ÁCIDO 15MG TABLETA ,MEDICAMENTOS,2022-09,3,1.34,1.21,1.34,XGBoost
F015701,CALCIO FOLINATO 50MG/5ML SOL. INYECTABLE,MEDICAMENTOS,2022-07,1,0.58,14.33,14.33,Media móvil
F015701,CALCIO FOLINATO 50MG/5ML SOL. INYECTABLE,MEDICAMENTOS,2022-08,2,3.01,19.11,19.11,Media móvil
F015701,CALCIO FOLINATO 50MG/5ML SOL. INYECTABLE,MEDICAMENTOS,2022-09,3,2.78,17.81,17.81,Media móvil
F017011,FUROSEMIDA 40MG TABLETA ,MEDICAMENTOS,2022-07,1,353.49,303.0,353.49,XGBoost
F017011,FUROSEMIDA 40MG TABLETA ,MEDICAMENTOS,2022-08,2,345.07,335.83,345.07,XGBoost
F017011,FUROSEMIDA 40MG TABLETA ,MEDICAMENTOS,2022-09,3,344.24,363.85,344.24,XGBoost
F017701,FUROSEMIDA 20MG/2ML SOL. INYECTABLE,MEDICAMENTOS,2022-07,1,1040.2,1118.67,1040.2,XGBoost
F017701,FUROSEMIDA 20MG/2ML SOL. INYECTABLE,MEDICAMENTOS,2022-08,2,966.38,1125.73,966.38,XGBoost
F017701,FUROSEMIDA 20MG/2ML SOL. INYECTABLE,MEDICAMENTOS,2022-09,3,934.16,1062.19,934.16,XGBoost
G0000001,GABAPENTIN CÁPSULA 300MG,MEDICAMENTOS,2022-07,1,10.62,0.0,10.62,XGBoost
G0000001,GABAPENTIN CÁPSULA 300MG,MEDICAMENTOS,2022-08,2,11.26,3.54,11.26,XGBoost
G0000001,GABAPENTIN CÁPSULA 300MG,MEDICAMENTOS,2022-09,3,7.27,7.29,7.27,XGBoost
G002011,GEMFIBROZIL 600MG TABLETA ,MEDICAMENTOS,2022-07,1,0.23,1.33,1.33,Media móvil
G002011,GEMFIBROZIL 600MG TABLETA ,MEDICAMENTOS,2022-08,2,0.18,1.78,1.78,Media móvil
G002011,GEMFIBROZIL 600MG TABLETA ,MEDICAMENTOS,2022-09,3,0.44,1.04,1.04,Media móvil
G003601,GENTAMICINA SOL. OFTÁLMICA 0.3% GOTAS,MEDICAMENTOS,2022-07,1,3.32,3.33,3.33,Media móvil
G003601,GENTAMICINA SOL. OFTÁLMICA 0.3% GOTAS,MEDICAMENTOS,2022-08,2,3.11,3.11,3.11,Media móvil
G003601,GENTAMICINA SOL. OFTÁLMICA 0.3% GOTAS,MEDICAMENTOS,2022-09,3,3.26,2.81,2.81,Media móvil
G003703,GENTAMICINA 80MG/2ML SOL. INYECTABLE ,MEDICAMENTOS,2022-07,1,92.12,112.0,92.12,XGBoost
G003703,GENTAMICINA 80MG/2ML SOL. INYECTABLE ,MEDICAMENTOS,2022-08,2,91.25,107.04,91.25,XGBoost
G003703,GENTAMICINA 80MG/2ML SOL. INYECTABLE ,MEDICAMENTOS,2022-09,3,77.4,90.79,77.4,XGBoost
G003704,GENTAMICINA 160MG/2ML SOL. INYECTABLE ,MEDICAMENTOS,2022-07,1,20.63,32.67,32.67,Media móvil
G003704,GENTAMICINA 160MG/2ML SOL. INYECTABLE ,MEDICAMENTOS,2022-08,2,21.88,37.22,37.22,Media móvil
G003704,GENTAMICINA 160MG/2ML SOL. INYECTABLE ,MEDICAMENTOS,2022-09,3,24.7,36.63,36.63,Media móvil
G006702,GONADOTROPINA CRIONICA 5000 UI/ML SOL. INYECTABLE,MEDICAMENTOS,2022-07,1,0.11,0.33,0.33,Media móvil
G006702,GONADOTROPINA CRIONICA 5000 UI/ML SOL. INYECTABLE,MEDICAMENTOS,2022-08,2,0.11,0.44,0.44,Media móvil
G006702,GONADOTROPINA CRIONICA 5000 UI/ML SOL. INYECTABLE,MEDICAMENTOS,2022-09,3,0.09,0.59,0.59,Media móvil
H0000002,HIDROXICINA TABLETA 25MG,MEDICAMENTOS,2022-07,1,152.29,238.0,152.29,XGBoost
H0000002,HIDROXICINA TABLETA 25MG,MEDICAMENTOS,2022-08,2,205.85,129.76,205.85,XGBoost
H0000002,HIDROXICINA TABLETA 25MG,MEDICAMENTOS,2022-09,3,240.96,149.38,240.96,XGBoost
H0000004,L-ASPARTATO/L-ORNITINA SOLUCIÓN INYECTABLE 5G/10ML,MEDICAMENTOS,2022-07,1,16.97,10.33,16.97,XGBoost
H0000004,L-ASPARTATO/L-ORNITINA SOLUCIÓN INYECTABLE 5G/10ML,MEDICAMENTOS,2022-08,2,17.23,9.66,17.23,XGBoost
H0000004,L-ASPARTATO/L-ORNITINA SOLUCIÓN INYECTABLE 5G/10ML,MEDICAMENTOS,2022-09,3,22.56,11.4,22.56,XGBoost
H0000005,L-ASPARTATO/L-ORNITINA GRANULOS PARA SUSPENCIÓN ORAL 3G,MEDICAMENTOS,2022-07,1,2.87,7.0,7.0,Media móvil
H0000005,L-ASPARTATO/L-ORNITINA GRANULOS PARA SUSPENCIÓN ORAL 3G,MEDICAMENTOS,2022-08,2,3.59,7.67,7.67,Media móvil
H0000005,L-ASPARTATO/L-ORNITINA GRANULOS PARA SUSPENCIÓN ORAL 3G,MEDICAMENTOS,2022-09,3,7.44,4.89,7.44,XGBoost
H001201,HALOPERIDOL 2MG/20 GOTAS SOL. ORAL,MEDICAMENTOS,2022-07,1,16.81,16.33,16.33,Media móvil
H001201,HALOPERIDOL 2MG/20 GOTAS SOL. ORAL,MEDICAMENTOS,2022-08,2,14.56,14.11,14.11,Media móvil
H001201,HALOPERIDOL 2MG/20 GOTAS SOL. ORAL,MEDICAMENTOS,2022-09,3,16.66,15.81,15.81,Media móvil
H001701,HALOPERIDOL 5MG/1ML SOL. INYECTABLE ,MEDICAMENTOS,2022-07,1,159.69,173.33,159.69,XGBoost
H001701,HALOPERIDOL 5MG/1ML SOL. INYECTABLE ,MEDICAMENTOS,2022-08,2,152.09,160.56,152.09,XGBoost
H001701,HALOPERIDOL 5MG/1ML SOL. INYECTABLE ,MEDICAMENTOS,2022-09,3,143.5,174.59,143.5,XGBoost
H004701,HEPARINA SODICA 5.000 UI/ML SOL. INYECTABLE,MEDICAMENTOS,2022-07,1,94.81,128.0,94.81,XGBoost
H004701,HEPARINA SODICA 5.000 UI/ML SOL. INYECTABLE,MEDICAMENTOS,2022-08,2,76.46,123.27,76.46,XGBoost
H004701,HEPARINA SODICA 5.000 UI/ML SOL. INYECTABLE,MEDICAMENTOS,2022-09,3,81.64,109.42,81.64,XGBoost
H006011,HIDROCLOROTIAZIDA TABLETA 25MG,MEDICAMENTOS,2022-07,1,135.83,111.0,135.83,XGBoost
H006011,HIDROCLOROTIAZIDA TABLETA 25MG,MEDICAMENTOS,2022-08,2,156.0,130.28,156.0,XGBoost
H006011,HIDROCLOROTIAZIDA TABLETA 25MG,MEDICAMENTOS,2022-09,3,146.85,129.94,146.85,XGBoost
H007321,HIDROCORTISONA ACETATO CREMA TÓPICA 1%,MEDICAMENTOS,2022-07,1,1.9,1.67,1.9,XGBoost
H007321,HIDROCORTISONA ACETATO CREMA TÓPICA 1%,MEDICAMENTOS,2022-08,2,2.19,0.63,2.19,XGBoost
H007321,HIDROCORTISONA ACETATO CREMA TÓPICA 1%,MEDICAMENTOS,2022-09,3,4.54,1.37,4.54,XGBoost
H008721,HIDROCORTISONA POLVO LIOFILIZADO 100MG,MEDICAMENTOS,2022-07,1,314.59,300.33,314.59,XGBoost
H008721,HIDROCORTISONA POLVO LIOFILIZADO 100MG,MEDICAMENTOS,2022-08,2,326.75,311.86,326.75,XGBoost
H008721,HIDROCORTISONA POLVO LIOFILIZADO 100MG,MEDICAMENTOS,2022-09,3,320.78,315.11,320.78,XGBoost
H011161,FERROSO SULFATO 300MG TABLETA ,MEDICAMENTOS,2022-07,1,59.2,94.33,94.33,Media móvil
H011161,FERROSO SULFATO 300MG TABLETA ,MEDICAMENTOS,2022-08,2,48.61,117.44,117.44,Media móvil
H011161,FERROSO SULFATO 300MG TABLETA ,MEDICAMENTOS,2022-09,3,32.83,124.26,124.26,Media móvil
H011201,FERROSO SULFATO SOLUCIÓN ORAL 25MG/1ML GOTAS,MEDICAMENTOS,2022-07,1,1.41,0.67,1.41,XGBoost
H011201,FERROSO SULFATO SOLUCIÓN ORAL 25MG/1ML GOTAS,MEDICAMENTOS,2022-08,2,1.15,0.8,1.15,XGBoost
H011201,FERROSO SULFATO SOLUCIÓN ORAL 25MG/1ML GOTAS,MEDICAMENTOS,2022-09,3,1.52,1.19,1.52,XGBoost
H013021,N-BUTILBROMURO HIOSCINA TABLETA 10MG,MEDICAMENTOS,2022-07,1,14.01,19.33,19.33,Media móvil
H013021,N-BUTILBROMURO HIOSCINA TABLETA 10MG,MEDICAMENTOS,2022-08,2,20.28,18.11,18.11,Media móvil
H013021,N-BUTILBROMURO HIOSCINA TABLETA 10MG,MEDICAMENTOS,2022-09,3,7.41,12.48,12.48,Media móvil
H013701,N-BUTILBROMURO HIOSCINA SOL. INYECTABLE 20MG/1ML,MEDICAMENTOS,2022-07,1,312.14,341.67,312.14,XGBoost
H013701,N-BUTILBROMURO HIOSCINA SOL. INYECTABLE 20MG/1ML,MEDICAMENTOS,2022-08,2,333.54,304.38,333.54,XGBoost
H013701,N-BUTILBROMURO HIOSCINA SOL. INYECTABLE 20MG/1ML,MEDICAMENTOS,2022-09,3,335.5,303.56,335.5,XGBoost
H014701,HIDROXICINA CLORHIDRATO SOL. 100MG/1ML,MEDICAMENTOS,2022-07,1,20.64,25.33,25.33,Media móvil
H014701,HIDROXICINA CLORHIDRATO SOL. 100MG/1ML,MEDICAMENTOS,2022-08,2,17.28,23.44,23.44,Media móvil
H014701,HIDROXICINA CLORHIDRATO SOL. 100MG/1ML,MEDICAMENTOS,2022-09,3,14.43,22.26,22.26,Media móvil
H019701,"N-BUTILBROMURO HIOSCINA/DIPIRONA SOL. INYECTABLE 2,5G/5ML",MEDICAMENTOS,2022-07,1,400.07,453.0,400.07,XGBoost
H019701,"N-BUTILBROMURO HIOSCINA/DIPIRONA SOL. INYECTABLE 2,5G/5ML",MEDICAMENTOS,2022-08,2,415.44,400.02,415.44,XGBoost
H019701,"N-BUTILBROMURO HIOSCINA/DIPIRONA SOL. INYECTABLE 2,5G/5ML",MEDICAMENTOS,2022-09,3,421.56,360.5,421.56,XGBoost
I00000006,INSULINA LISPRO SOL. INYECTABLE 100UI/ML x 10ML (1000UI),MEDICAMENTOS,2022-07,1,2.53,2.33,2.33,Media móvil
I00000006,INSULINA LISPRO SOL. INYECTABLE 100UI/ML x 10ML (1000UI),MEDICAMENTOS,2022-08,2,3.56,1.44,1.44,Media móvil
I00000006,INSULINA LISPRO SOL. INYECTABLE 100UI/ML x 10ML (1000UI),MEDICAMENTOS,2022-09,3,4.19,1.59,1.59,Media móvil
I00000007,"IVERMECTINA SOL. ORAL 0,6% GOTAS x 5ML",MEDICAMENTOS,2022-07,1,1.74,6.0,6.0,Media móvil
I00000007,"IVERMECTINA SOL. ORAL 0,6% GOTAS x 5ML",MEDICAMENTOS,2022-08,2,0.79,7.0,7.0,Media móvil
I00000007,"IVERMECTINA SOL. ORAL 0,6% GOTAS x 5ML",MEDICAMENTOS,2022-09,3,0.58,8.0,8.0,Media móvil
I0000012,CLOSTRIDIOPEPTIDASA UNGÜENTO TÓPICO 120UI/40G,MEDICAMENTOS,2022-07,1,0.23,0.0,0.23,XGBoost
I0000012,CLOSTRIDIOPEPTIDASA UNGÜENTO TÓPICO 120UI/40G,MEDICAMENTOS,2022-08,2,0.24,0.08,0.24,XGBoost
I0000012,CLOSTRIDIOPEPTIDASA UNGÜENTO TÓPICO 120UI/40G,MEDICAMENTOS,2022-09,3,0.24,0.16,0.24,XGBoost
I002011,IBUPROFENO TABLETA 400MG,MEDICAMENTOS,2022-07,1,1.84,14.67,14.67,Media móvil
I002011,IBUPROFENO TABLETA 400MG,MEDICAMENTOS,2022-08,2,5.35,17.56,17.56,Media móvil
I002011,IBUPROFENO TABLETA 400MG,MEDICAMENTOS,2022-09,3,4.7,10.74,10.74,Media móvil
I004721,IMIPENEM/CILASTATINA 500MG/500MG POLVO LIOFILIZADO ,MEDICAMENTOS,2022-07,1,0.0,77.0,77.0,Media móvil
I004721,IMIPENEM/CILASTATINA 500MG/500MG POLVO LIOFILIZADO ,MEDICAMENTOS,2022-08,2,0.94,26.67,26.67,Media móvil
I004721,IMIPENEM/CILASTATINA 500MG/500MG POLVO LIOFILIZADO ,MEDICAMENTOS,2022-09,3,0.59,34.56,34.56,Media móvil
I005022,IMIPRAMINA TABLETA 25MG,MEDICAMENTOS,2022-07,1,9.39,0.0,9.39,XGBoost
I005022,IMIPRAMINA TABLETA 25MG,MEDICAMENTOS,2022-08,2,12.75,3.13,12.75,XGBoost
I005022,IMIPRAMINA TABLETA 25MG,MEDICAMENTOS,2022-09,3,6.17,7.38,6.17,XGBoost
I007701,INMUNOGLOBULINA ANTI-D SOLUCIÓN INYECTABLE 300MCG/2ML,MEDICAMENTOS,2022-07,1,2.13,4.0,4.0,Media móvil
I007701,INMUNOGLOBULINA ANTI-D SOLUCIÓN INYECTABLE 300MCG/2ML,MEDICAMENTOS,2022-08,2,1.77,4.33,4.33,Media móvil
I007701,INMUNOGLOBULINA ANTI-D SOLUCIÓN INYECTABLE 300MCG/2ML,MEDICAMENTOS,2022-09,3,2.11,3.78,3.78,Media móvil
I008701,INSULINA ZINC CRISTALINA SOL. INYECTABLE 100UI/ML x 10ML (1000UI),MEDICAMENTOS,2022-07,1,16.96,14.33,14.33,Media móvil
I008701,INSULINA ZINC CRISTALINA SOL. INYECTABLE 100UI/ML x 10ML (1000UI),MEDICAMENTOS,2022-08,2,15.07,14.11,14.11,Media móvil
I008701,INSULINA ZINC CRISTALINA SOL. INYECTABLE 100UI/ML x 10ML (1000UI),MEDICAMENTOS,2022-09,3,17.42,14.81,14.81,Media móvil
I009711,INSULINA ZINC NPH SOL. INYECTABLE 100UI/ML x 10ML (1000UI),MEDICAMENTOS,2022-07,1,0.65,1.0,0.65,XGBoost
I009711,INSULINA ZINC NPH SOL. INYECTABLE 100UI/ML x 10ML (1000UI),MEDICAMENTOS,2022-08,2,0.89,0.55,0.89,XGBoost
I009711,INSULINA ZINC NPH SOL. INYECTABLE 100UI/ML x 10ML (1000UI),MEDICAMENTOS,2022-09,3,0.84,0.85,0.84,XGBoost
I017471,IPRATROPIO BROMURO SUSPENSIÓN PARA INHALACIÓN 20MCG//1PUFF/200PUFF,MEDICAMENTOS,2022-07,1,42.51,30.0,30.0,Media móvil
I017471,IPRATROPIO BROMURO SUSPENSIÓN PARA INHALACIÓN 20MCG//1PUFF/200PUFF,MEDICAMENTOS,2022-08,2,39.93,27.33,27.33,Media móvil
I017471,IPRATROPIO BROMURO SUSPENSIÓN PARA INHALACIÓN 20MCG//1PUFF/200PUFF,MEDICAMENTOS,2022-09,3,37.55,28.11,28.11,Media móvil
I020011,ISOSORBIDE DINITRATO 10MG TABLETA,MEDICAMENTOS,2022-07,1,9.27,2.33,2.33,Media móvil
I020011,ISOSORBIDE DINITRATO 10MG TABLETA,MEDICAMENTOS,2022-08,2,21.73,3.11,3.11,Media móvil
I020011,ISOSORBIDE DINITRATO 10MG TABLETA,MEDICAMENTOS,2022-09,3,23.77,1.81,1.81,Media móvil
I020061,ISOSORBIDE DINITRATO TABLETA 5MG,MEDICAMENTOS,2022-07,1,2.97,3.0,3.0,Media móvil
I020061,ISOSORBIDE DINITRATO TABLETA 5MG,MEDICAMENTOS,2022-08,2,3.33,2.67,2.67,Media móvil
I020061,ISOSORBIDE DINITRATO TABLETA 5MG,MEDICAMENTOS,2022-09,3,4.69,3.22,3.22,Media móvil
I021701,IBANDRONICO ÁCIDO SOLUCIÓN INYECTABLE 6MG,MEDICAMENTOS,2022-07,1,0.05,0.33,0.33,Media móvil
I021701,IBANDRONICO ÁCIDO SOLUCIÓN INYECTABLE 6MG,MEDICAMENTOS,2022-08,2,0.05,0.44,0.44,Media móvil
I021701,IBANDRONICO ÁCIDO SOLUCIÓN INYECTABLE 6MG,MEDICAMENTOS,2022-09,3,0.07,0.26,0.26,Media móvil
J000006,METFORMINA/SITAGLIPTINA TABLETA 1000MG/50MG,MEDICAMENTOS,2022-07,1,2.62,0.0,2.62,XGBoost
J000006,METFORMINA/SITAGLIPTINA TABLETA 1000MG/50MG,MEDICAMENTOS,2022-08,2,3.59,0.87,3.59,XGBoost
J000006,METFORMINA/SITAGLIPTINA TABLETA 1000MG/50MG,MEDICAMENTOS,2022-09,3,2.62,2.07,2.62,XGBoost
K0000008,POLIETILENGLICOL/SODIO SULFATO/SODIO BICARBONATO/SODIO CLORURO/POTASIO CLORURO P,MEDICAMENTOS,2022-07,1,54.57,74.67,74.67,Media móvil
K0000008,POLIETILENGLICOL/SODIO SULFATO/SODIO BICARBONATO/SODIO CLORURO/POTASIO CLORURO P,MEDICAMENTOS,2022-08,2,55.8,74.22,74.22,Media móvil
K0000008,POLIETILENGLICOL/SODIO SULFATO/SODIO BICARBONATO/SODIO CLORURO/POTASIO CLORURO P,MEDICAMENTOS,2022-09,3,59.29,69.96,69.96,Media móvil
K002101,KETOCONAZOL TABLETA 200MG,MEDICAMENTOS,2022-07,1,0.31,9.33,9.33,Media móvil
K002101,KETOCONAZOL TABLETA 200MG,MEDICAMENTOS,2022-08,2,0.6,12.44,12.44,Media móvil
K002101,KETOCONAZOL TABLETA 200MG,MEDICAMENTOS,2022-09,3,1.01,7.26,7.26,Media móvil
L0000005,LAMOTRIGINA TABLETA 100MG,MEDICAMENTOS,2022-07,1,0.72,6.0,6.0,Media móvil
L0000005,LAMOTRIGINA TABLETA 100MG,MEDICAMENTOS,2022-08,2,2.0,2.33,2.0,XGBoost
L0000005,LAMOTRIGINA TABLETA 100MG,MEDICAMENTOS,2022-09,3,1.03,2.67,2.67,Media móvil
L0000006,LEVOFLOXACINA TABLETA 500MG,MEDICAMENTOS,2022-07,1,1.42,1.0,1.42,XGBoost
L0000006,LEVOFLOXACINA TABLETA 500MG,MEDICAMENTOS,2022-08,2,1.78,1.47,1.78,XGBoost
L0000006,LEVOFLOXACINA TABLETA 500MG,MEDICAMENTOS,2022-09,3,1.71,1.07,1.71,XGBoost
L0000009,LABETALOL SOLUCIÓN INYECTABLE 100MG/20ML,MEDICAMENTOS,2022-07,1,7.76,22.67,22.67,Media móvil
L0000009,LABETALOL SOLUCIÓN INYECTABLE 100MG/20ML,MEDICAMENTOS,2022-08,2,6.89,17.56,17.56,Media móvil
L0000009,LABETALOL SOLUCIÓN INYECTABLE 100MG/20ML,MEDICAMENTOS,2022-09,3,6.12,17.07,17.07,Media móvil
L000001,BACLOFENO TABLETA 10MG,MEDICAMENTOS,2022-07,1,0.77,0.0,0.77,XGBoost
L000001,BACLOFENO TABLETA 10MG,MEDICAMENTOS,2022-08,2,0.65,0.26,0.65,XGBoost
L000001,BACLOFENO TABLETA 10MG,MEDICAMENTOS,2022-09,3,0.7,0.47,0.7,XGBoost
L0000017,INSULINA GLARGINA 100UI/ML x 10 ML (1000UI) SOL. INYECTABLE ,MEDICAMENTOS,2022-07,1,38.76,30.33,30.33,Media móvil
L0000017,INSULINA GLARGINA 100UI/ML x 10 ML (1000UI) SOL. INYECTABLE ,MEDICAMENTOS,2022-08,2,39.72,30.44,30.44,Media móvil
L0000017,INSULINA GLARGINA 100UI/ML x 10 ML (1000UI) SOL. INYECTABLE ,MEDICAMENTOS,2022-09,3,36.47,30.26,30.26,Media móvil
L00006,NEVIRAPINA SUSPENSIÓN ORAL 10MG/1ML (2400MG/240ML),MEDICAMENTOS,2022-07,1,0.07,0.0,0.07,XGBoost
L00006,NEVIRAPINA SUSPENSIÓN ORAL 10MG/1ML (2400MG/240ML),MEDICAMENTOS,2022-08,2,0.22,0.02,0.22,XGBoost
L00006,NEVIRAPINA SUSPENSIÓN ORAL 10MG/1ML (2400MG/240ML),MEDICAMENTOS,2022-09,3,0.22,0.09,0.22,XGBoost
L001141,LAMIVUDINA 150 MG TABLETA,MEDICAMENTOS,2022-07,1,0.74,0.0,0.74,XGBoost
L001141,LAMIVUDINA 150 MG TABLETA,MEDICAMENTOS,2022-08,2,0.65,0.25,0.65,XGBoost
L001141,LAMIVUDINA 150 MG TABLETA,MEDICAMENTOS,2022-09,3,0.54,0.46,0.54,XGBoost
L003011,LEVODOPA/CARBIDOPA TABLETA 250MG/25MG,MEDICAMENTOS,2022-07,1,16.25,21.33,21.33,Media móvil
L003011,LEVODOPA/CARBIDOPA TABLETA 250MG/25MG,MEDICAMENTOS,2022-08,2,26.17,9.78,9.78,Media móvil
L003011,LEVODOPA/CARBIDOPA TABLETA 250MG/25MG,MEDICAMENTOS,2022-09,3,38.47,10.37,10.37,Media móvil
L004011,LEVOMEPROMAZINA TABLETA 25MG,MEDICAMENTOS,2022-07,1,3.97,8.33,8.33,Media móvil
L004011,LEVOMEPROMAZINA TABLETA 25MG,MEDICAMENTOS,2022-08,2,6.38,2.78,6.38,XGBoost
L004011,LEVOMEPROMAZINA TABLETA 25MG,MEDICAMENTOS,2022-09,3,4.68,4.9,4.68,XGBoost
L004201,LEVOMEPROMAZINA 4MG/ML SOLUCION ORAL,MEDICAMENTOS,2022-07,1,2.06,2.67,2.67,Media móvil
L004201,LEVOMEPROMAZINA 4MG/ML SOLUCION ORAL,MEDICAMENTOS,2022-08,2,2.27,2.56,2.56,Media móvil
L004201,LEVOMEPROMAZINA 4MG/ML SOLUCION ORAL,MEDICAMENTOS,2022-09,3,2.24,2.41,2.41,Media móvil
L006011,LEVOTIROXINA TABLETA 50MCG,MEDICAMENTOS,2022-07,1,265.57,240.0,265.57,XGBoost
L006011,LEVOTIROXINA TABLETA 50MCG,MEDICAMENTOS,2022-08,2,297.6,214.52,297.6,XGBoost
L006011,LEVOTIROXINA TABLETA 50MCG,MEDICAMENTOS,2022-09,3,290.18,247.06,290.18,XGBoost
L006012,LEVOTIROXINA TABLETA 100MCG,MEDICAMENTOS,2022-07,1,87.6,55.0,87.6,XGBoost
L006012,LEVOTIROXINA TABLETA 100MCG,MEDICAMENTOS,2022-08,2,89.01,58.87,89.01,XGBoost
L006012,LEVOTIROXINA TABLETA 100MCG,MEDICAMENTOS,2022-09,3,88.84,77.87,88.84,XGBoost
L015141,LOPERAMIDA TABLETA 2MG,MEDICAMENTOS,2022-07,1,450.56,439.33,450.56,XGBoost
L015141,LOPERAMIDA TABLETA 2MG,MEDICAMENTOS,2022-08,2,480.15,475.19,480.15,XGBoost
L015141,LOPERAMIDA TABLETA 2MG,MEDICAMENTOS,2022-09,3,493.79,490.24,493.79,XGBoost
L016011,LORATADINA TABLETA 10MG,MEDICAMENTOS,2022-07,1,147.46,170.67,147.46,XGBoost
L016011,LORATADINA TABLETA 10MG,MEDICAMENTOS,2022-08,2,153.83,148.82,153.83,XGBoost
L016011,LORATADINA TABLETA 10MG,MEDICAMENTOS,2022-09,3,147.37,157.43,147.37,XGBoost
L018011,LOVASTATINA TABLETA 20MG,MEDICAMENTOS,2022-07,1,1.21,0.0,1.21,XGBoost
L018011,LOVASTATINA TABLETA 20MG,MEDICAMENTOS,2022-08,2,1.67,0.4,1.67,XGBoost
L018011,LOVASTATINA TABLETA 20MG,MEDICAMENTOS,2022-09,3,1.76,0.96,1.76,XGBoost
L021161,LOSARTAN TABLETA 50MG,MEDICAMENTOS,2022-07,1,1819.85,1859.67,1819.85,XGBoost
L021161,LOSARTAN TABLETA 50MG,MEDICAMENTOS,2022-08,2,1841.92,1867.28,1841.92,XGBoost
L021161,LOSARTAN TABLETA 50MG,MEDICAMENTOS,2022-09,3,1841.92,1862.26,1841.92,XGBoost
M0000005,METOPROLOL SOL. INYECTABLE 5MG/5ML,MEDICAMENTOS,2022-07,1,3.99,2.67,3.99,XGBoost
M0000005,METOPROLOL SOL. INYECTABLE 5MG/5ML,MEDICAMENTOS,2022-08,2,4.6,3.66,4.6,XGBoost
M0000005,METOPROLOL SOL. INYECTABLE 5MG/5ML,MEDICAMENTOS,2022-09,3,3.39,4.86,3.39,XGBoost
M0000009,MOXIFLOXACINA TABLETA 400MG,MEDICAMENTOS,2022-07,1,0.97,5.33,5.33,Media móvil
M0000009,MOXIFLOXACINA TABLETA 400MG,MEDICAMENTOS,2022-08,2,0.42,7.11,7.11,Media móvil
M0000009,MOXIFLOXACINA TABLETA 400MG,MEDICAMENTOS,2022-09,3,0.44,5.81,5.81,Media móvil
M0000015,MEMANTINA TBL. 10 MG,MEDICAMENTOS,2022-07,1,0.32,0.0,0.32,XGBoost
M0000015,MEMANTINA TBL. 10 MG,MEDICAMENTOS,2022-08,2,0.76,0.11,0.76,XGBoost
M0000015,MEMANTINA TBL. 10 MG,MEDICAMENTOS,2022-09,3,0.51,0.36,0.51,XGBoost
M001701,MAGNESIO SULFATO SOLUCIÓN INYECTABLE 20%/10ML,MEDICAMENTOS,2022-07,1,364.16,360.33,364.16,XGBoost
M001701,MAGNESIO SULFATO SOLUCIÓN INYECTABLE 20%/10ML,MEDICAMENTOS,2022-08,2,367.39,376.05,367.39,XGBoost
M001701,MAGNESIO SULFATO SOLUCIÓN INYECTABLE 20%/10ML,MEDICAMENTOS,2022-09,3,373.99,381.52,373.99,XGBoost
M002702,MANITOL AL 20 % SOL. INYECTABLE x 500 ML,MEDICAMENTOS,2022-07,1,5.81,9.33,9.33,Media móvil
M002702,MANITOL AL 20 % SOL. INYECTABLE x 500 ML,MEDICAMENTOS,2022-08,2,3.81,11.44,11.44,Media móvil
M002702,MANITOL AL 20 % SOL. INYECTABLE x 500 ML,MEDICAMENTOS,2022-09,3,2.18,12.93,12.93,Media móvil
M009011,MERCAPTOPURINA TBL. 50 MG,MEDICAMENTOS,2022-07,1,0.7,14.0,14.0,Media móvil
M009011,MERCAPTOPURINA TBL. 50 MG,MEDICAMENTOS,2022-08,2,0.59,13.33,13.33,Media móvil
M009011,MERCAPTOPURINA TBL. 50 MG,MEDICAMENTOS,2022-09,3,0.73,9.11,9.11,Media móvil
M011011,METFORMINA TABLETA 850MG,MEDICAMENTOS,2022-07,1,22.62,17.67,17.67,Media móvil
M011011,METFORMINA TABLETA 850MG,MEDICAMENTOS,2022-08,2,47.04,8.56,8.56,Media móvil
M011011,METFORMINA TABLETA 850MG,MEDICAMENTOS,2022-09,3,46.23,10.07,10.07,Media móvil
M013721,METILPREDNISOLONA SUCCINATO 500MG POLVO LIOFILIZADO ,MEDICAMENTOS,2022-07,1,36.05,52.0,52.0,Media móvil
M013721,METILPREDNISOLONA SUCCINATO 500MG POLVO LIOFILIZADO ,MEDICAMENTOS,2022-08,2,32.69,53.0,53.0,Media móvil
M013721,METILPREDNISOLONA SUCCINATO 500MG POLVO LIOFILIZADO ,MEDICAMENTOS,2022-09,3,31.71,46.0,46.0,Media móvil
M015011,METOCARBAMOL TABLETA 750MG,MEDICAMENTOS,2022-07,1,3.22,3.0,3.22,XGBoost
M015011,METOCARBAMOL TABLETA 750MG,MEDICAMENTOS,2022-08,2,2.66,4.07,2.66,XGBoost
M015011,METOCARBAMOL TABLETA 750MG,MEDICAMENTOS,2022-09,3,4.07,1.96,4.07,XGBoost
M016011,METOCLOPRAMIDA TABLETA 10MG,MEDICAMENTOS,2022-07,1,46.24,50.67,50.67,Media móvil
M016011,METOCLOPRAMIDA TABLETA 10MG,MEDICAMENTOS,2022-08,2,40.32,60.89,60.89,Media móvil
M016011,METOCLOPRAMIDA TABLETA 10MG,MEDICAMENTOS,2022-09,3,39.86,51.85,51.85,Media móvil
M016701,METOCLOPRAMIDA SOLUCIÓN INYECTABLE 10MG/2ML,MEDICAMENTOS,2022-07,1,889.87,859.33,889.87,XGBoost
M016701,METOCLOPRAMIDA SOLUCIÓN INYECTABLE 10MG/2ML,MEDICAMENTOS,2022-08,2,913.03,720.96,913.03,XGBoost
M016701,METOCLOPRAMIDA SOLUCIÓN INYECTABLE 10MG/2ML,MEDICAMENTOS,2022-09,3,913.03,782.97,913.03,XGBoost
M017161,METOPROLOL TABLETA 50MG,MEDICAMENTOS,2022-07,1,621.44,530.67,621.44,XGBoost
M017161,METOPROLOL TABLETA 50MG,MEDICAMENTOS,2022-08,2,619.95,566.81,619.95,XGBoost
M017161,METOPROLOL TABLETA 50MG,MEDICAMENTOS,2022-09,3,608.42,616.46,608.42,XGBoost
M017162,METOPROLOL TARTRATO TABLETA 100MG,MEDICAMENTOS,2022-07,1,4.23,6.67,4.23,XGBoost
M017162,METOPROLOL TARTRATO TABLETA 100MG,MEDICAMENTOS,2022-08,2,9.21,3.74,9.21,XGBoost
M017162,METOPROLOL TARTRATO TABLETA 100MG,MEDICAMENTOS,2022-09,3,5.27,4.48,5.27,XGBoost
M020012,METRONIDAZOL 500MG TABLETA ,MEDICAMENTOS,2022-07,1,44.85,118.0,118.0,Media móvil
M020012,METRONIDAZOL 500MG TABLETA ,MEDICAMENTOS,2022-08,2,148.33,90.33,148.33,XGBoost
M020012,METRONIDAZOL 500MG TABLETA ,MEDICAMENTOS,2022-09,3,127.27,96.44,127.27,XGBoost
M020501,METRONIDAZOL OVULO VAGINAL 500MG,MEDICAMENTOS,2022-07,1,4.3,11.33,11.33,Media móvil
M020501,METRONIDAZOL OVULO VAGINAL 500MG,MEDICAMENTOS,2022-08,2,7.18,8.11,8.11,Media móvil
M020501,METRONIDAZOL OVULO VAGINAL 500MG,MEDICAMENTOS,2022-09,3,6.91,8.81,8.81,Media móvil
M021701,METRONIDAZOL 500MG/100ML SOL. INYECTABLE,MEDICAMENTOS,2022-07,1,178.04,224.0,178.04,XGBoost
M021701,METRONIDAZOL 500MG/100ML SOL. INYECTABLE,MEDICAMENTOS,2022-08,2,202.28,196.01,202.28,XGBoost
M021701,METRONIDAZOL 500MG/100ML SOL. INYECTABLE,MEDICAMENTOS,2022-09,3,210.64,177.11,210.64,XGBoost
M022232,METRONIDAZOL SUSPENSIÓN ORAL 250MG/5ML X 120ML),MEDICAMENTOS,2022-07,1,1.69,1.67,1.67,Media móvil
M022232,METRONIDAZOL SUSPENSIÓN ORAL 250MG/5ML X 120ML),MEDICAMENTOS,2022-08,2,1.5,1.89,1.89,Media móvil
M022232,METRONIDAZOL SUSPENSIÓN ORAL 250MG/5ML X 120ML),MEDICAMENTOS,2022-09,3,1.69,2.52,2.52,Media móvil
M026161,MINOXIDIL TABLETA 10MG,MEDICAMENTOS,2022-07,1,119.65,151.0,119.65,XGBoost
M026161,MINOXIDIL TABLETA 10MG,MEDICAMENTOS,2022-08,2,111.47,159.22,111.47,XGBoost
M026161,MINOXIDIL TABLETA 10MG,MEDICAMENTOS,2022-09,3,96.46,150.37,96.46,XGBoost
M026541,MESALAZINA ENEMA RECTAL 4G/60ML,MEDICAMENTOS,2022-07,1,0.17,0.0,0.17,XGBoost
M026541,MESALAZINA ENEMA RECTAL 4G/60ML,MEDICAMENTOS,2022-08,2,0.06,0.06,0.06,XGBoost
M026541,MESALAZINA ENEMA RECTAL 4G/60ML,MEDICAMENTOS,2022-09,3,0.31,0.08,0.31,XGBoost
M026721,MEROPENEM POLVO LIOFILIZADO 500MG,MEDICAMENTOS,2022-07,1,48.32,32.67,32.67,Media móvil
M026721,MEROPENEM POLVO LIOFILIZADO 500MG,MEDICAMENTOS,2022-08,2,20.67,33.89,33.89,Media móvil
M026721,MEROPENEM POLVO LIOFILIZADO 500MG,MEDICAMENTOS,2022-09,3,28.25,40.19,40.19,Media móvil
MAT527,INTRODUCTOR 8.5FR/S109880,DISPOSITIVOS MEDICO,2022-07,1,0.24,0.67,0.67,Media móvil
MAT527,INTRODUCTOR 8.5FR/S109880,DISPOSITIVOS MEDICO,2022-08,2,0.25,0.56,0.56,Media móvil
MAT527,INTRODUCTOR 8.5FR/S109880,DISPOSITIVOS MEDICO,2022-09,3,0.21,0.41,0.21,XGBoost
N0000002,"NITROFURAZONA POMADA 0,2%/40G",MEDICAMENTOS,2022-07,1,0.1,0.0,0.1,XGBoost
N0000002,"NITROFURAZONA POMADA 0,2%/40G",MEDICAMENTOS,2022-08,2,0.07,0.03,0.07,XGBoost
N0000002,"NITROFURAZONA POMADA 0,2%/40G",MEDICAMENTOS,2022-09,3,0.16,0.06,0.16,XGBoost
N0000003,NOREPINEFRINA SOL. INYECTABLE 4MG/4ML,MEDICAMENTOS,2022-07,1,969.69,1035.33,969.69,XGBoost
N0000003,NOREPINEFRINA SOL. INYECTABLE 4MG/4ML,MEDICAMENTOS,2022-08,2,872.22,1150.23,872.22,XGBoost
N0000003,NOREPINEFRINA SOL. INYECTABLE 4MG/4ML,MEDICAMENTOS,2022-09,3,857.49,1022.64,857.49,XGBoost
N0000018,NITAZOXANIDA TABLETA 500MG,MEDICAMENTOS,2022-07,1,42.93,167.0,167.0,Media móvil
N0000018,NITAZOXANIDA TABLETA 500MG,MEDICAMENTOS,2022-08,2,20.8,221.33,221.33,Media móvil
N0000018,NITAZOXANIDA TABLETA 500MG,MEDICAMENTOS,2022-09,3,0.76,274.78,274.78,Media móvil
N0000019,ESOMEPRAZOL 20MG TABLETA ,MEDICAMENTOS,2022-07,1,148.83,133.67,148.83,XGBoost
N0000019,ESOMEPRAZOL 20MG TABLETA ,MEDICAMENTOS,2022-08,2,195.98,141.94,195.98,XGBoost
N0000019,ESOMEPRAZOL 20MG TABLETA ,MEDICAMENTOS,2022-09,3,203.78,156.93,203.78,XGBoost
N0000020,ESOMEPRAZOL 40MG TABLETA ,MEDICAMENTOS,2022-07,1,177.7,117.0,177.7,XGBoost
N0000020,ESOMEPRAZOL 40MG TABLETA ,MEDICAMENTOS,2022-08,2,157.59,155.23,157.59,XGBoost
N0000020,ESOMEPRAZOL 40MG TABLETA ,MEDICAMENTOS,2022-09,3,166.31,156.1,166.31,XGBoost
N0000030,ESOMEPRAZOL 40MG SOL. INYECTABLE ,MEDICAMENTOS,2022-07,1,194.03,193.67,194.03,XGBoost
N0000030,ESOMEPRAZOL 40MG SOL. INYECTABLE ,MEDICAMENTOS,2022-08,2,197.81,236.34,197.81,XGBoost
N0000030,ESOMEPRAZOL 40MG SOL. INYECTABLE ,MEDICAMENTOS,2022-09,3,185.77,188.95,185.77,XGBoost
N001701,"NALOXONA 0,4MG/1ML SOL. INYECTABLE",MEDICAMENTOS,2022-07,1,0.49,0.67,0.49,XGBoost
N001701,"NALOXONA 0,4MG/1ML SOL. INYECTABLE",MEDICAMENTOS,2022-08,2,0.47,0.83,0.47,XGBoost
N001701,"NALOXONA 0,4MG/1ML SOL. INYECTABLE",MEDICAMENTOS,2022-09,3,0.49,0.32,0.49,XGBoost
N002141,NAPROXENO TABLETA 250MG,MEDICAMENTOS,2022-07,1,9.19,30.33,30.33,Media móvil
N002141,NAPROXENO TABLETA 250MG,MEDICAMENTOS,2022-08,2,99.4,20.44,20.44,Media móvil
N002141,NAPROXENO TABLETA 250MG,MEDICAMENTOS,2022-09,3,46.91,17.26,17.26,Media móvil
N008141,NIMODIPINO TABLETA 30MG,MEDICAMENTOS,2022-07,1,131.87,269.67,269.67,Media móvil
N008141,NIMODIPINO TABLETA 30MG,MEDICAMENTOS,2022-08,2,290.68,168.89,290.68,XGBoost
N008141,NIMODIPINO TABLETA 30MG,MEDICAMENTOS,2022-09,3,203.91,220.78,203.91,XGBoost
N009231,NISTATINA SUSPENSIÓN ORAL 100000UI/1ML (6000000UI/60ML),MEDICAMENTOS,2022-07,1,16.21,18.67,18.67,Media móvil
N009231,NISTATINA SUSPENSIÓN ORAL 100000UI/1ML (6000000UI/60ML),MEDICAMENTOS,2022-08,2,17.47,18.22,18.22,Media móvil
N009231,NISTATINA SUSPENSIÓN ORAL 100000UI/1ML (6000000UI/60ML),MEDICAMENTOS,2022-09,3,19.08,16.63,16.63,Media móvil
N009321,NISTATINA CREMA 100.000 UI/GR ,MEDICAMENTOS,2022-07,1,1.83,3.0,3.0,Media móvil
N009321,NISTATINA CREMA 100.000 UI/GR ,MEDICAMENTOS,2022-08,2,1.88,3.67,3.67,Media móvil
N009321,NISTATINA CREMA 100.000 UI/GR ,MEDICAMENTOS,2022-09,3,1.61,2.56,2.56,Media móvil
N010142,NITROFURANTOINA TABLETA 100MG,MEDICAMENTOS,2022-07,1,0.52,0.0,0.52,XGBoost
N010142,NITROFURANTOINA TABLETA 100MG,MEDICAMENTOS,2022-08,2,0.46,0.17,0.46,XGBoost
N010142,NITROFURANTOINA TABLETA 100MG,MEDICAMENTOS,2022-09,3,0.46,0.32,0.46,XGBoost
N011701,NITROGLICERINA SOLUCIÓN INYECTABLE 50MG/10ML,MEDICAMENTOS,2022-07,1,0.57,1.0,0.57,XGBoost
N011701,NITROGLICERINA SOLUCIÓN INYECTABLE 50MG/10ML,MEDICAMENTOS,2022-08,2,0.23,0.86,0.86,Media móvil
N011701,NITROGLICERINA SOLUCIÓN INYECTABLE 50MG/10ML,MEDICAMENTOS,2022-09,3,0.33,1.14,1.14,Media móvil
P0000002,"PEGFILGRASTIM SOL. INYECTABLE 6MG/0,6ML",MEDICAMENTOS,2022-07,1,1.67,1.67,1.67,Media móvil
P0000002,"PEGFILGRASTIM SOL. INYECTABLE 6MG/0,6ML",MEDICAMENTOS,2022-08,2,1.1,2.22,2.22,Media móvil
P0000002,"PEGFILGRASTIM SOL. INYECTABLE 6MG/0,6ML",MEDICAMENTOS,2022-09,3,1.85,1.63,1.63,Media móvil
P0000003,PENTOXIFILINA TABLETA 400MG,MEDICAMENTOS,2022-07,1,1.03,0.67,1.03,XGBoost
P0000003,PENTOXIFILINA TABLETA 400MG,MEDICAMENTOS,2022-08,2,1.65,0.34,1.65,XGBoost
P0000003,PENTOXIFILINA TABLETA 400MG,MEDICAMENTOS,2022-09,3,1.69,0.89,1.69,XGBoost
P0000013,PREGABALINA CÁPSULA 150MG,MEDICAMENTOS,2022-07,1,9.24,11.33,11.33,Media móvil
P0000013,PREGABALINA CÁPSULA 150MG,MEDICAMENTOS,2022-08,2,9.07,8.78,8.78,Media móvil
P0000013,PREGABALINA CÁPSULA 150MG,MEDICAMENTOS,2022-09,3,9.23,11.7,11.7,Media móvil
P0000020,PRALIDOXIMA POLVO LIOFILIZADO 200MG,MEDICAMENTOS,2022-07,1,0.6,23.33,23.33,Media móvil
P0000020,PRALIDOXIMA POLVO LIOFILIZADO 200MG,MEDICAMENTOS,2022-08,2,0.0,31.11,31.11,Media móvil
P0000020,PRALIDOXIMA POLVO LIOFILIZADO 200MG,MEDICAMENTOS,2022-09,3,0.0,41.48,41.48,Media móvil
P0000025,POLIMIXINA B SOLUCIÓN INYECTABLE 500000UI,MEDICAMENTOS,2022-07,1,2.92,56.33,56.33,Media móvil
P0000025,POLIMIXINA B SOLUCIÓN INYECTABLE 500000UI,MEDICAMENTOS,2022-08,2,1.0,62.11,62.11,Media móvil
P0000025,POLIMIXINA B SOLUCIÓN INYECTABLE 500000UI,MEDICAMENTOS,2022-09,3,1.48,51.81,51.81,Media móvil
P001701,PANCURONIO SOL. INYECTABLE 4MG/2ML,MEDICAMENTOS,2022-07,1,0.22,0.67,0.67,Media móvil
P001701,PANCURONIO SOL. INYECTABLE 4MG/2ML,MEDICAMENTOS,2022-08,2,0.24,0.56,0.56,Media móvil
P001701,PANCURONIO SOL. INYECTABLE 4MG/2ML,MEDICAMENTOS,2022-09,3,0.21,0.41,0.21,XGBoost
P005721,PENICILINA G BENZATINICA POLVO LIOFILIZADO 1200000UI,MEDICAMENTOS,2022-07,1,0.1,0.33,0.33,Media móvil
P005721,PENICILINA G BENZATINICA POLVO LIOFILIZADO 1200000UI,MEDICAMENTOS,2022-08,2,0.13,0.11,0.13,XGBoost
P005721,PENICILINA G BENZATINICA POLVO LIOFILIZADO 1200000UI,MEDICAMENTOS,2022-09,3,0.08,0.15,0.08,XGBoost
P005722,PENICILINA G BENZATINICA POLVO LIOFILIZADO 2400000UI,MEDICAMENTOS,2022-07,1,1.67,5.33,5.33,Media móvil
P005722,PENICILINA G BENZATINICA POLVO LIOFILIZADO 2400000UI,MEDICAMENTOS,2022-08,2,1.46,5.44,5.44,Media móvil
P005722,PENICILINA G BENZATINICA POLVO LIOFILIZADO 2400000UI,MEDICAMENTOS,2022-09,3,1.08,4.26,4.26,Media móvil
P007721,PENICILINA G CRISTALINA POLVO LIOFILIZADO 1000000UI,MEDICAMENTOS,2022-07,1,351.67,434.67,351.67,XGBoost
P007721,PENICILINA G CRISTALINA POLVO LIOFILIZADO 1000000UI,MEDICAMENTOS,2022-08,2,294.29,508.56,294.29,XGBoost
P007721,PENICILINA G CRISTALINA POLVO LIOFILIZADO 1000000UI,MEDICAMENTOS,2022-09,3,317.51,489.32,317.51,XGBoost
P012141,PIRANTEL PAMOATO TABLETA 250MG,MEDICAMENTOS,2022-07,1,0.17,0.0,0.17,XGBoost
P012141,PIRANTEL PAMOATO TABLETA 250MG,MEDICAMENTOS,2022-08,2,0.3,0.06,0.3,XGBoost
P012141,PIRANTEL PAMOATO TABLETA 250MG,MEDICAMENTOS,2022-09,3,0.3,0.16,0.3,XGBoost
P012231,PIRANTEL PAMOATO SUSPENSIÓN ORAL 250MG/5ML (750MG/15ML),MEDICAMENTOS,2022-07,1,0.0,0.33,0.33,Media móvil
P012231,PIRANTEL PAMOATO SUSPENSIÓN ORAL 250MG/5ML (750MG/15ML),MEDICAMENTOS,2022-08,2,0.18,0.11,0.18,XGBoost
P012231,PIRANTEL PAMOATO SUSPENSIÓN ORAL 250MG/5ML (750MG/15ML),MEDICAMENTOS,2022-09,3,0.18,0.17,0.18,XGBoost
P022701,POTASIO CLORURO 20MEQ/10ML SOL. INYECTABLE,MEDICAMENTOS,2022-07,1,2070.93,1892.67,2070.93,XGBoost
P022701,POTASIO CLORURO 20MEQ/10ML SOL. INYECTABLE,MEDICAMENTOS,2022-08,2,2213.74,1987.64,2213.74,XGBoost
P022701,POTASIO CLORURO 20MEQ/10ML SOL. INYECTABLE,MEDICAMENTOS,2022-09,3,2233.31,2014.56,2233.31,XGBoost
P026011,PRAZOSINA TABLETA 1MG,MEDICAMENTOS,2022-07,1,992.88,1043.0,992.88,XGBoost
P026011,PRAZOSINA TABLETA 1MG,MEDICAMENTOS,2022-08,2,890.36,1141.96,890.36,XGBoost
P026011,PRAZOSINA TABLETA 1MG,MEDICAMENTOS,2022-09,3,876.85,1059.08,876.85,XGBoost
P027011,PREDNISOLONA TABLETA 5MG,MEDICAMENTOS,2022-07,1,559.65,481.0,559.65,XGBoost
P027011,PREDNISOLONA TABLETA 5MG,MEDICAMENTOS,2022-08,2,568.41,433.55,568.41,XGBoost
P027011,PREDNISOLONA TABLETA 5MG,MEDICAMENTOS,2022-09,3,613.6,476.02,613.6,XGBoost
P035011,PROPRANOLOL TABLETA 40MG,MEDICAMENTOS,2022-07,1,139.51,114.33,139.51,XGBoost
P035011,PROPRANOLOL TABLETA 40MG,MEDICAMENTOS,2022-08,2,140.94,122.84,140.94,XGBoost
P035011,PROPRANOLOL TABLETA 40MG,MEDICAMENTOS,2022-09,3,123.31,141.48,123.31,XGBoost
P036701,PROTAMINA SOLUCIÓN INYECTABLE 5000UI,MEDICAMENTOS,2022-07,1,0.38,1.0,1.0,Media móvil
P036701,PROTAMINA SOLUCIÓN INYECTABLE 5000UI,MEDICAMENTOS,2022-08,2,0.38,0.67,0.67,Media móvil
P036701,PROTAMINA SOLUCIÓN INYECTABLE 5000UI,MEDICAMENTOS,2022-09,3,0.33,0.89,0.89,Media móvil
P039701,"POTASIO FOSFATO DIBASICO/MONOBASICO SOLUCIÓN INYECTABLE 3,8MEQ/2,6MM/1ML (38MEQ",MEDICAMENTOS,2022-07,1,35.45,34.67,34.67,Media móvil
P039701,"POTASIO FOSFATO DIBASICO/MONOBASICO SOLUCIÓN INYECTABLE 3,8MEQ/2,6MM/1ML (38MEQ",MEDICAMENTOS,2022-08,2,46.64,28.89,28.89,Media móvil
P039701,"POTASIO FOSFATO DIBASICO/MONOBASICO SOLUCIÓN INYECTABLE 3,8MEQ/2,6MM/1ML (38MEQ",MEDICAMENTOS,2022-09,3,25.68,30.85,30.85,Media móvil
R0000009,ROCIVERINA SOLUCIÓN INYECTABLE 20MG/2ML,MEDICAMENTOS,2022-07,1,1.14,0.0,1.14,XGBoost
R0000009,ROCIVERINA SOLUCIÓN INYECTABLE 20MG/2ML,MEDICAMENTOS,2022-08,2,2.35,0.38,2.35,XGBoost
R0000009,ROCIVERINA SOLUCIÓN INYECTABLE 20MG/2ML,MEDICAMENTOS,2022-09,3,4.23,1.16,4.23,XGBoost
R0000014,ROSUVASTATINA TABLETA 20MG,MEDICAMENTOS,2022-07,1,4.77,6.33,6.33,Media móvil
R0000014,ROSUVASTATINA TABLETA 20MG,MEDICAMENTOS,2022-08,2,7.86,2.11,2.11,Media móvil
R0000014,ROSUVASTATINA TABLETA 20MG,MEDICAMENTOS,2022-09,3,10.03,2.81,2.81,Media móvil
R001011,RANITIDINA TABLETA 150MG,MEDICAMENTOS,2022-07,1,369.55,325.33,369.55,XGBoost
R001011,RANITIDINA TABLETA 150MG,MEDICAMENTOS,2022-08,2,435.67,338.18,435.67,XGBoost
R001011,RANITIDINA TABLETA 150MG,MEDICAMENTOS,2022-09,3,485.94,361.41,485.94,XGBoost
R001701,RANITIDINA SOL. INYECTABLE 50MG/2ML,MEDICAMENTOS,2022-07,1,1555.22,1402.33,1555.22,XGBoost
R001701,RANITIDINA SOL. INYECTABLE 50MG/2ML,MEDICAMENTOS,2022-08,2,1621.05,1388.41,1621.05,XGBoost
R001701,RANITIDINA SOL. INYECTABLE 50MG/2ML,MEDICAMENTOS,2022-09,3,1697.91,1506.09,1697.91,XGBoost
R002251,POLIESTIRENO SULFONATO CÁLCICO POLVO PARA SUSPENSIÓN ORAL 15G,MEDICAMENTOS,2022-07,1,117.96,140.33,117.96,XGBoost
R002251,POLIESTIRENO SULFONATO CÁLCICO POLVO PARA SUSPENSIÓN ORAL 15G,MEDICAMENTOS,2022-08,2,96.97,160.32,96.97,XGBoost
R002251,POLIESTIRENO SULFONATO CÁLCICO POLVO PARA SUSPENSIÓN ORAL 15G,MEDICAMENTOS,2022-09,3,20.19,168.98,168.98,Media móvil
R005101,RIFAMPICINA CÁPSULA 300MG,MEDICAMENTOS,2022-07,1,36.91,24.0,36.91,XGBoost
R005101,RIFAMPICINA CÁPSULA 300MG,MEDICAMENTOS,2022-08,2,20.24,23.64,20.24,XGBoost
R005101,RIFAMPICINA CÁPSULA 300MG,MEDICAMENTOS,2022-09,3,17.94,29.72,17.94,XGBoost
R008703,AGUA ESTERIL PARA IRRIGACION 3000 ML ,MEDICAMENTOS,2022-07,1,24.98,35.33,35.33,Media móvil
R008703,AGUA ESTERIL PARA IRRIGACION 3000 ML ,MEDICAMENTOS,2022-08,2,44.06,37.11,37.11,Media móvil
R008703,AGUA ESTERIL PARA IRRIGACION 3000 ML ,MEDICAMENTOS,2022-09,3,37.56,34.48,34.48,Media móvil
R009141,RITONAVIR TABLETA 100MG,MEDICAMENTOS,2022-07,1,0.72,0.0,0.72,XGBoost
R009141,RITONAVIR TABLETA 100MG,MEDICAMENTOS,2022-08,2,0.72,0.24,0.72,XGBoost
R009141,RITONAVIR TABLETA 100MG,MEDICAMENTOS,2022-09,3,0.71,0.48,0.71,XGBoost
S0000002,SECNIDAZOL TABLETA 500MG,MEDICAMENTOS,2022-07,1,0.25,0.0,0.25,XGBoost
S0000002,SECNIDAZOL TABLETA 500MG,MEDICAMENTOS,2022-08,2,0.29,0.08,0.29,XGBoost
S0000002,SECNIDAZOL TABLETA 500MG,MEDICAMENTOS,2022-09,3,0.29,0.18,0.29,XGBoost
S0000012,"BUDESONIDA/FORMOTEROL SUSPENSIÓN PARA INHALACIÓN 160MCG/4,5MCG/1PUFF/120PUFF",MEDICAMENTOS,2022-07,1,1.94,1.33,1.33,Media móvil
S0000012,"BUDESONIDA/FORMOTEROL SUSPENSIÓN PARA INHALACIÓN 160MCG/4,5MCG/1PUFF/120PUFF",MEDICAMENTOS,2022-08,2,2.35,0.44,0.44,Media móvil
S0000012,"BUDESONIDA/FORMOTEROL SUSPENSIÓN PARA INHALACIÓN 160MCG/4,5MCG/1PUFF/120PUFF",MEDICAMENTOS,2022-09,3,2.04,0.59,0.59,Media móvil
S003701,SODIO BICARBONATO SOLUCIÓN INYECTABLE 1MEQ/1ML (10MEQ/10ML),MEDICAMENTOS,2022-07,1,533.45,632.67,533.45,XGBoost
S003701,SODIO BICARBONATO SOLUCIÓN INYECTABLE 1MEQ/1ML (10MEQ/10ML),MEDICAMENTOS,2022-08,2,518.45,642.15,518.45,XGBoost
S003701,SODIO BICARBONATO SOLUCIÓN INYECTABLE 1MEQ/1ML (10MEQ/10ML),MEDICAMENTOS,2022-09,3,518.45,634.63,518.45,XGBoost
S004702,SODIO CLORURO SOL. INYECTABLE 20MEQ/10ML,MEDICAMENTOS,2022-07,1,1431.05,1440.67,1431.05,XGBoost
S004702,SODIO CLORURO SOL. INYECTABLE 20MEQ/10ML,MEDICAMENTOS,2022-08,2,1446.84,1430.02,1446.84,XGBoost
S004702,SODIO CLORURO SOL. INYECTABLE 20MEQ/10ML,MEDICAMENTOS,2022-09,3,1446.84,1427.63,1446.84,XGBoost
S010721,NITROPRUSIATO POLVO LIOFILIZADO 50MG,MEDICAMENTOS,2022-07,1,27.56,50.67,50.67,Media móvil
S010721,NITROPRUSIATO POLVO LIOFILIZADO 50MG,MEDICAMENTOS,2022-08,2,15.84,51.89,51.89,Media móvil
S010721,NITROPRUSIATO POLVO LIOFILIZADO 50MG,MEDICAMENTOS,2022-09,3,12.54,50.85,50.85,Media móvil
S013701,SUCCINILCOLINA SOLUCIÓN INYECTABLE 10%/10ML,MEDICAMENTOS,2022-07,1,0.2,1.33,1.33,Media móvil
S013701,SUCCINILCOLINA SOLUCIÓN INYECTABLE 10%/10ML,MEDICAMENTOS,2022-08,2,0.18,1.78,1.78,Media móvil
S013701,SUCCINILCOLINA SOLUCIÓN INYECTABLE 10%/10ML,MEDICAMENTOS,2022-09,3,0.11,2.04,2.04,Media móvil
S014011,SUCRALFATO TABLETA 1G,MEDICAMENTOS,2022-07,1,494.2,564.0,494.2,XGBoost
S014011,SUCRALFATO TABLETA 1G,MEDICAMENTOS,2022-08,2,525.27,667.73,525.27,XGBoost
S014011,SUCRALFATO TABLETA 1G,MEDICAMENTOS,2022-09,3,503.82,575.82,503.82,XGBoost
S020011,SULFASALAZINA TABLETA 500MG,MEDICAMENTOS,2022-07,1,0.57,7.33,7.33,Media móvil
S020011,SULFASALAZINA TABLETA 500MG,MEDICAMENTOS,2022-08,2,0.47,9.78,9.78,Media móvil
S020011,SULFASALAZINA TABLETA 500MG,MEDICAMENTOS,2022-09,3,0.38,13.04,13.04,Media móvil
T0000001,TIGECICLINA 50MG POLVO PARA RECONSTITUCION,MEDICAMENTOS,2022-07,1,11.44,17.67,17.67,Media móvil
T0000001,TIGECICLINA 50MG POLVO PARA RECONSTITUCION,MEDICAMENTOS,2022-08,2,12.24,23.56,23.56,Media móvil
T0000001,TIGECICLINA 50MG POLVO PARA RECONSTITUCION,MEDICAMENTOS,2022-09,3,20.24,24.74,24.74,Media móvil
T0000003,TIZANIDINA TABLETA 2MG,MEDICAMENTOS,2022-07,1,0.4,0.0,0.4,XGBoost
T0000003,TIZANIDINA TABLETA 2MG,MEDICAMENTOS,2022-08,2,0.38,0.13,0.38,XGBoost
T0000003,TIZANIDINA TABLETA 2MG,MEDICAMENTOS,2022-09,3,0.38,0.26,0.38,XGBoost
T0000006,TRIMEBUTINA SOL. INYECTABLE 50MG/5ML,MEDICAMENTOS,2022-07,1,0.31,0.0,0.31,XGBoost
T0000006,TRIMEBUTINA SOL. INYECTABLE 50MG/5ML,MEDICAMENTOS,2022-08,2,0.32,0.1,0.32,XGBoost
T0000006,TRIMEBUTINA SOL. INYECTABLE 50MG/5ML,MEDICAMENTOS,2022-09,3,0.32,0.21,0.32,XGBoost
T0000007,TRIMEBUTINA MALEATO TABLETA 200MG,MEDICAMENTOS,2022-07,1,0.18,0.0,0.18,XGBoost
T0000007,TRIMEBUTINA MALEATO TABLETA 200MG,MEDICAMENTOS,2022-08,2,0.22,0.06,0.22,XGBoost
T0000007,TRIMEBUTINA MALEATO TABLETA 200MG,MEDICAMENTOS,2022-09,3,0.22,0.13,0.22,XGBoost
T001011,TALIDOMIDA TABLETA 100MG,MEDICAMENTOS,2022-07,1,0.75,0.0,0.75,XGBoost
T001011,TALIDOMIDA TABLETA 100MG,MEDICAMENTOS,2022-08,2,0.97,0.25,0.97,XGBoost
T001011,TALIDOMIDA TABLETA 100MG,MEDICAMENTOS,2022-09,3,0.87,0.57,0.87,XGBoost
T002012,TAMOXIFENO TABLETA 20MG,MEDICAMENTOS,2022-07,1,0.37,8.33,8.33,Media móvil
T002012,TAMOXIFENO TABLETA 20MG,MEDICAMENTOS,2022-08,2,0.0,2.78,2.78,Media móvil
T002012,TAMOXIFENO TABLETA 20MG,MEDICAMENTOS,2022-09,3,0.03,3.7,3.7,Media móvil
T004151,TEOFILINA CAPSULA 125MG,MEDICAMENTOS,2022-07,1,0.52,5.67,5.67,Media móvil
T004151,TEOFILINA CAPSULA 125MG,MEDICAMENTOS,2022-08,2,0.43,1.89,1.89,Media móvil
T004151,TEOFILINA CAPSULA 125MG,MEDICAMENTOS,2022-09,3,0.36,2.52,2.52,Media móvil
T005461,TERBUTALINA SUSPENSIÓN PARA INHALACIÓN 10MG//1ML/10ML,MEDICAMENTOS,2022-07,1,0.0,0.33,0.33,Media móvil
T005461,TERBUTALINA SUSPENSIÓN PARA INHALACIÓN 10MG//1ML/10ML,MEDICAMENTOS,2022-08,2,0.0,0.44,0.44,Media móvil
T005461,TERBUTALINA SUSPENSIÓN PARA INHALACIÓN 10MG//1ML/10ML,MEDICAMENTOS,2022-09,3,0.0,0.59,0.59,Media móvil
T005701,"TERBUTALINA SOLUCIÓN INYECTABLE 0,5MG/1ML",MEDICAMENTOS,2022-07,1,0.0,0.33,0.33,Media móvil
T005701,"TERBUTALINA SOLUCIÓN INYECTABLE 0,5MG/1ML",MEDICAMENTOS,2022-08,2,0.0,0.44,0.44,Media móvil
T005701,"TERBUTALINA SOLUCIÓN INYECTABLE 0,5MG/1ML",MEDICAMENTOS,2022-09,3,0.0,0.59,0.59,Media móvil
T008101,TETRACICLINA TABLETA 500MG,MEDICAMENTOS,2022-07,1,0.12,0.0,0.12,XGBoost
T008101,TETRACICLINA TABLETA 500MG,MEDICAMENTOS,2022-08,2,0.16,0.04,0.16,XGBoost
T008101,TETRACICLINA TABLETA 500MG,MEDICAMENTOS,2022-09,3,0.16,0.09,0.16,XGBoost
T009141,TIAMINA 300MG TABLETA ,MEDICAMENTOS,2022-07,1,4.01,18.0,18.0,Media móvil
T009141,TIAMINA 300MG TABLETA ,MEDICAMENTOS,2022-08,2,6.89,21.0,21.0,Media móvil
T009141,TIAMINA 300MG TABLETA ,MEDICAMENTOS,2022-09,3,9.74,23.33,23.33,Media móvil
T009701,TIAMINA 1000MG/10ML SOL. INYECTABLE,MEDICAMENTOS,2022-07,1,7.02,12.67,12.67,Media móvil
T009701,TIAMINA 1000MG/10ML SOL. INYECTABLE,MEDICAMENTOS,2022-08,2,10.92,12.89,12.89,Media móvil
T009701,TIAMINA 1000MG/10ML SOL. INYECTABLE,MEDICAMENTOS,2022-09,3,10.19,10.52,10.52,Media móvil
T011602,TIMOLOL SOLUCIÓN OFTÁLMICA 5MG/1ML,MEDICAMENTOS,2022-07,1,0.12,0.0,0.12,XGBoost
T011602,TIMOLOL SOLUCIÓN OFTÁLMICA 5MG/1ML,MEDICAMENTOS,2022-08,2,0.16,0.04,0.16,XGBoost
T011602,TIMOLOL SOLUCIÓN OFTÁLMICA 5MG/1ML,MEDICAMENTOS,2022-09,3,0.16,0.09,0.16,XGBoost
T012011,TINIDAZOL TABLETA 500MG,MEDICAMENTOS,2022-07,1,9.05,44.33,44.33,Media móvil
T012011,TINIDAZOL TABLETA 500MG,MEDICAMENTOS,2022-08,2,9.28,52.44,52.44,Media móvil
T012011,TINIDAZOL TABLETA 500MG,MEDICAMENTOS,2022-09,3,13.17,56.93,56.93,Media móvil
T019701,"TOXOIDE TETANICO SOL. INYECTABLE 40UI/0,5ML",MEDICAMENTOS,2022-07,1,0.15,0.33,0.33,Media móvil
T019701,"TOXOIDE TETANICO SOL. INYECTABLE 40UI/0,5ML",MEDICAMENTOS,2022-08,2,0.12,0.11,0.12,XGBoost
T019701,"TOXOIDE TETANICO SOL. INYECTABLE 40UI/0,5ML",MEDICAMENTOS,2022-09,3,0.2,0.15,0.2,XGBoost
T020201,TRAMADOL SOL. ORAL 100MG/1ML,MEDICAMENTOS,2022-07,1,4.36,2.67,2.67,Media móvil
T020201,TRAMADOL SOL. ORAL 100MG/1ML,MEDICAMENTOS,2022-08,2,3.36,2.89,2.89,Media móvil
T020201,TRAMADOL SOL. ORAL 100MG/1ML,MEDICAMENTOS,2022-09,3,4.83,2.19,2.19,Media móvil
T020701,TRAMADOL SOL. INYECTABLE 50MG/1ML,MEDICAMENTOS,2022-07,1,1100.1,950.67,1100.1,XGBoost
T020701,TRAMADOL SOL. INYECTABLE 50MG/1ML,MEDICAMENTOS,2022-08,2,1114.0,1007.37,1114.0,XGBoost
T020701,TRAMADOL SOL. INYECTABLE 50MG/1ML,MEDICAMENTOS,2022-09,3,1098.95,1082.04,1098.95,XGBoost
T020702,TRAMADOL SOL. INYECTABLE 100MG/2ML,MEDICAMENTOS,2022-07,1,35.61,24.0,24.0,Media móvil
T020702,TRAMADOL SOL. INYECTABLE 100MG/2ML,MEDICAMENTOS,2022-08,2,27.35,27.0,27.0,Media móvil
T020702,TRAMADOL SOL. INYECTABLE 100MG/2ML,MEDICAMENTOS,2022-09,3,36.43,27.33,27.33,Media móvil
T023011,TRAZODONA TABLETA 50MG,MEDICAMENTOS,2022-07,1,378.01,381.0,378.01,XGBoost
T023011,TRAZODONA TABLETA 50MG,MEDICAMENTOS,2022-08,2,352.94,338.34,352.94,XGBoost
T023011,TRAZODONA TABLETA 50MG,MEDICAMENTOS,2022-09,3,356.92,352.98,356.92,XGBoost
T025011,TRIMETOPRIM/SULFAMETOXAZOL TABLETA 80MG/400MG,MEDICAMENTOS,2022-07,1,0.73,0.0,0.73,XGBoost
T025011,TRIMETOPRIM/SULFAMETOXAZOL TABLETA 80MG/400MG,MEDICAMENTOS,2022-08,2,0.92,0.24,0.92,XGBoost
T025011,TRIMETOPRIM/SULFAMETOXAZOL TABLETA 80MG/400MG,MEDICAMENTOS,2022-09,3,1.06,0.55,1.06,XGBoost
V000000013,VORICONAZOL TABLETA 200MG,MEDICAMENTOS,2022-07,1,3.44,46.33,46.33,Media móvil
V000000013,VORICONAZOL TABLETA 200MG,MEDICAMENTOS,2022-08,2,3.89,53.78,53.78,Media móvil
V000000013,VORICONAZOL TABLETA 200MG,MEDICAMENTOS,2022-09,3,2.09,52.37,52.37,Media móvil
V0000002,VALGANCICLOVIR TBL. 450 MG,MEDICAMENTOS,2022-07,1,0.21,0.0,0.21,XGBoost
V0000002,VALGANCICLOVIR TBL. 450 MG,MEDICAMENTOS,2022-08,2,0.25,0.07,0.25,XGBoost
V0000002,VALGANCICLOVIR TBL. 450 MG,MEDICAMENTOS,2022-09,3,0.25,0.15,0.25,XGBoost
V0000004,VALSARTAN TABLETA 160MG,MEDICAMENTOS,2022-07,1,8.84,13.33,13.33,Media móvil
V0000004,VALSARTAN TABLETA 160MG,MEDICAMENTOS,2022-08,2,15.14,17.78,17.78,Media móvil
V0000004,VALSARTAN TABLETA 160MG,MEDICAMENTOS,2022-09,3,19.17,16.37,16.37,Media móvil
V0000005,VALSARTAN TABLETA 80MG,MEDICAMENTOS,2022-07,1,1.64,9.67,9.67,Media móvil
V0000005,VALSARTAN TABLETA 80MG,MEDICAMENTOS,2022-08,2,3.08,12.89,12.89,Media móvil
V0000005,VALSARTAN TABLETA 80MG,MEDICAMENTOS,2022-09,3,3.3,17.19,17.19,Media móvil
V0000011,VORICONAZOL POLVO LIOFILIZADO 200MG,MEDICAMENTOS,2022-07,1,2.02,58.0,58.0,Media móvil
V0000011,VORICONAZOL POLVO LIOFILIZADO 200MG,MEDICAMENTOS,2022-08,2,2.74,31.33,31.33,Media móvil
V0000011,VORICONAZOL POLVO LIOFILIZADO 200MG,MEDICAMENTOS,2022-09,3,2.56,29.78,29.78,Media móvil
V0000012,VASOPRESINA 20UI/ML SOL. INYECTABLE ,MEDICAMENTOS,2022-07,1,53.92,66.33,66.33,Media móvil
V0000012,VASOPRESINA 20UI/ML SOL. INYECTABLE ,MEDICAMENTOS,2022-08,2,48.18,72.11,72.11,Media móvil
V0000012,VASOPRESINA 20UI/ML SOL. INYECTABLE ,MEDICAMENTOS,2022-09,3,52.07,72.81,72.81,Media móvil
V0000013,TRIMETAZIDINA TABLETA 35MG,MEDICAMENTOS,2022-07,1,2.82,1.33,2.82,XGBoost
V0000013,TRIMETAZIDINA TABLETA 35MG,MEDICAMENTOS,2022-08,2,4.64,0.94,4.64,XGBoost
V0000013,TRIMETAZIDINA TABLETA 35MG,MEDICAMENTOS,2022-09,3,4.09,2.49,4.09,XGBoost
V011141,VALPROICO ÁCIDO CÁPSULA 250MG,MEDICAMENTOS,2022-07,1,393.88,457.67,393.88,XGBoost
V011141,VALPROICO ÁCIDO CÁPSULA 250MG,MEDICAMENTOS,2022-08,2,338.16,394.29,338.16,XGBoost
V011141,VALPROICO ÁCIDO CÁPSULA 250MG,MEDICAMENTOS,2022-09,3,356.47,428.01,356.47,XGBoost
V012221,VALPROICO ÁCIDO JARABE 250MG/5ML X 120ML,MEDICAMENTOS,2022-07,1,3.68,14.0,14.0,Media móvil
V012221,VALPROICO ÁCIDO JARABE 250MG/5ML X 120ML,MEDICAMENTOS,2022-08,2,4.49,18.0,18.0,Media móvil
V012221,VALPROICO ÁCIDO JARABE 250MG/5ML X 120ML,MEDICAMENTOS,2022-09,3,3.72,16.67,16.67,Media móvil
V013721,VANCOMICINA 500MG POLVO LIOFILIZADO ,MEDICAMENTOS,2022-07,1,1612.93,1658.33,1612.93,XGBoost
V013721,VANCOMICINA 500MG POLVO LIOFILIZADO ,MEDICAMENTOS,2022-08,2,1702.39,1566.98,1702.39,XGBoost
V013721,VANCOMICINA 500MG POLVO LIOFILIZADO ,MEDICAMENTOS,2022-09,3,1688.57,1562.44,1688.57,XGBoost
V015721,VECURONIO BROMURO POLVO LIOFILIZADO 10MG,MEDICAMENTOS,2022-07,1,150.21,240.67,150.21,XGBoost
V015721,VECURONIO BROMURO POLVO LIOFILIZADO 10MG,MEDICAMENTOS,2022-08,2,188.09,255.4,188.09,XGBoost
V015721,VECURONIO BROMURO POLVO LIOFILIZADO 10MG,MEDICAMENTOS,2022-09,3,128.43,250.44,128.43,XGBoost
V016011,VERAPAMILO TABLETA 120MG,MEDICAMENTOS,2022-07,1,4.52,12.33,12.33,Media móvil
V016011,VERAPAMILO TABLETA 120MG,MEDICAMENTOS,2022-08,2,3.61,16.44,16.44,Media móvil
V016011,VERAPAMILO TABLETA 120MG,MEDICAMENTOS,2022-09,3,7.7,21.93,21.93,Media móvil
V016141,VERAPAMILO TABLETA 80MG,MEDICAMENTOS,2022-07,1,4.39,22.0,22.0,Media móvil
V016141,VERAPAMILO TABLETA 80MG,MEDICAMENTOS,2022-08,2,4.68,22.0,22.0,Media móvil
V016141,VERAPAMILO TABLETA 80MG,MEDICAMENTOS,2022-09,3,4.7,20.0,20.0,Media móvil
Z001201,ZIDOVUDINA SOLUCIÓN ORAL 10MG/1ML X 240ML,MEDICAMENTOS,2022-07,1,0.21,0.0,0.21,XGBoost
Z001201,ZIDOVUDINA SOLUCIÓN ORAL 10MG/1ML X 240ML,MEDICAMENTOS,2022-08,2,0.16,0.07,0.16,XGBoost
Z001201,ZIDOVUDINA SOLUCIÓN ORAL 10MG/1ML X 240ML,MEDICAMENTOS,2022-09,3,0.21,0.12,0.21,XGBoost
Z002721,ZOLEDRONICO ÁCIDO POLVO LIOFILIZADO 4MG/5ML ,MEDICAMENTOS,2022-07,1,0.56,1.0,0.56,XGBoost
Z002721,ZOLEDRONICO ÁCIDO POLVO LIOFILIZADO 4MG/5ML ,MEDICAMENTOS,2022-08,2,0.62,1.19,0.62,XGBoost
Z002721,ZOLEDRONICO ÁCIDO POLVO LIOFILIZADO 4MG/5ML ,MEDICAMENTOS,2022-09,3,0.56,1.06,0.56,XGBoost
