producto_id,nombre_producto,categoria,categoria_abc,variabilidad,metodo_pronostico,demanda_promedio_mensual_pronosticada,lead_time_semanas,lead_time_meses,stock_seguridad,punto_reorden,inventario_actual,eoq,limite_presupuesto_unidades,cantidad_sugerida_pedido,fecha_estimada_pedido,dias_para_pedido,ordenar
0002101,OMEPRAZOL CÁPSULA 20MG,MEDICAMENTOS,A,Baja,XGBoost,1718.11,1.0,0.23,18.51,413.93,481.0,,15.0,0.0,2022-06-02,1.0,NO
0004721,OXACILINA POLVO LIOFILIZADO 1G,MEDICAMENTOS,C,Alta,XGBoost,9.68,1.0,0.23,3.77,6.0,21.0,,0.0,0.0,2022-07-18,47.0,NO
0006422,"OXIMETAZOLINA SOLUCIÓN NASAL 0,05% ",MEDICAMENTOS,C,Alta,XGBoost,1.14,1.0,0.23,0.28,0.54,2.0,,0.0,0.0,2022-07-10,39.0,NO
100317,"LACTULOSA SOLUCIÓN ORAL 66,7%/15ML",MEDICAMENTOS,B,Baja,XGBoost,180.56,1.0,0.23,4.59,46.15,43.0,,0.0,3.15,2022-06-01,0.0,SI
103662,PALIVIZUMAB POLVO LIOFILIZADO 50 MG,MEDICAMENTOS,C,Alta,XGBoost,1.92,1.0,0.23,0.24,0.68,2.0,,0.0,0.0,2022-06-21,21.0,NO
105719,CLARITROMICINA 250MG/5ML GRANULOS PARA RECONSTITUIR A SUSPENSION ORAL,MEDICAMENTOS,C,Alta,XGBoost,0.29,1.0,0.23,0.01,0.07,1.0,,0.0,0.0,2022-09-04,96.0,NO
110028,"EPOPROSTENOL POLVO LIOFILIZADO 1,5MG",MEDICAMENTOS,C,Alta,XGBoost,0.33,1.0,0.23,0.03,0.1,,,,,,,NO
118494,DEXAMETASONA SOLUCIÓN OFTÁLMICA 5ML,MEDICAMENTOS,C,Media,Media móvil,1.96,1.0,0.23,0.18,0.63,3.0,,0.0,0.0,2022-07-07,37.0,NO
119580,N-ACETILCISTEINA GRANULOS PARA SUSPENCIÓN ORAL 200MG,MEDICAMENTOS,C,Alta,XGBoost,0.25,1.0,0.23,0.0,0.06,2.0,,2.0,0.0,2023-01-26,239.0,NO
120804,CARBOXIMETILCELULOSA 0.5 % SOL. OFTALMICA ,MEDICAMENTOS,C,Alta,XGBoost,0.32,1.0,0.23,0.2,0.27,1.0,,0.0,0.0,2022-08-10,70.0,NO
120898,"FRESUBIN HP ENERGY SOLUCIÓN ORAL 1,5KCAL/1ML (1500KCAL/1000ML) ALIMENTO LÍQUIDO ",NUTRICION,C,Media,Media móvil,131.36,1.0,0.23,5.33,35.57,7.0,,0.0,28.57,2022-06-01,0.0,SI
120900,"(FRESUBIN HP ENERGY SOLUCIÓN ORAL 1,5KCAL/1ML (750KCAL/500ML)) ALIMENTO LÍQUIDO ",NUTRICION,C,Media,Media móvil,127.94,1.0,0.23,13.88,43.33,24.0,,0.0,19.33,2022-06-01,0.0,SI
125690,FINASTERIDE 5MG TABLETA ,MEDICAMENTOS,C,Alta,XGBoost,0.29,1.0,0.23,0.1,0.16,26.0,,0.0,0.0,2029-11-02,2712.0,NO
129788,POSACONAZOL 100MG TABLETA,MEDICAMENTOS,C,Alta,XGBoost,0.13,1.0,0.23,0.15,0.18,38.0,,0.0,0.0,2046-01-20,8634.0,NO
131059,HIDROXICLOROQUINA SULFATO TABLETA 200MG,MEDICAMENTOS,C,Alta,XGBoost,90.14,1.0,0.23,13.3,34.04,35.0,,1.0,0.0,2022-06-01,0.0,NO
131589,"TIOTROPIO BROMURO SUSPENSIÓN PARA INHALACIÓN 2,5MCG/1PUFF/60PUFF",MEDICAMENTOS,C,Alta,XGBoost,1.32,1.0,0.23,0.38,0.69,2.0,,0.0,0.0,2022-07-01,30.0,NO
134746,LEVETIRACETAM SOL. INYECTABLE 500MG/5ML,MEDICAMENTOS,B,Media,XGBoost,201.89,1.0,0.23,21.86,68.32,95.0,,0.0,0.0,2022-06-05,4.0,NO
136905,CICLOSERINA 250MG TABLETA ,MEDICAMENTOS,C,Alta,XGBoost,6.22,1.0,0.23,1.08,2.52,17.0,,,0.0,2022-08-10,71.0,NO
145329,DEXMEDETOMIDINA 200MCG/2ML SOL. INYECTABLE,MEDICAMENTOS,B,Baja,XGBoost,383.96,1.0,0.23,13.22,101.59,136.0,,0.0,0.0,2022-06-03,3.0,NO
145537,CISATRACURIO 10MG/5ML SOL. INYECTABLE,MEDICAMENTOS,C,Alta,XGBoost,52.55,1.0,0.23,9.16,21.25,0.0,,,21.25,2022-06-01,0.0,SI
145933,LEVOTIROXINA SODICA TABLETA 25MCG,MEDICAMENTOS,B,Baja,XGBoost,84.71,1.0,0.23,2.77,22.27,37.0,,13.0,0.0,2022-06-06,5.0,NO
151766,CLOBAZAM TABLETA 10 MG ,CONTROLADOS,C,Alta,XGBoost,29.7,1.0,0.23,15.39,22.22,149.0,,0.0,0.0,2022-10-08,130.0,NO
152912,PARACETAMOL SOLUCIÓN INYECTABLE 1G/100ML,MEDICAMENTOS,C,Media,Media móvil,7.11,1.0,0.23,2.18,3.82,21.0,,0.0,0.0,2022-08-13,74.0,NO
153257,ANFOTERICINA B LIPOSOMAL 50MG POLVO LIOFILIZADO 50MG,MEDICAMENTOS,C,Media,Media móvil,49.45,1.0,0.23,4.21,15.6,42.0,,0.0,0.0,2022-06-17,16.0,NO
157471,OCTEOTRIDE ACETATO SOLUCIÓN INYECTABLE 20MG,MEDICAMENTOS,C,Alta,XGBoost,12.18,1.0,0.23,4.41,7.21,27.0,,0.0,0.0,2022-07-20,49.0,NO
160729,LEVETIRACETAM 1000MG TABLETA,MEDICAMENTOS,C,Alta,XGBoost,5.73,1.0,0.23,2.23,3.55,,,,,,,NO
162236,INSULINA DEGLUDEC SOL. INYECTABLE 100UI/ML x 3 ML,MEDICAMENTOS,C,Media,Media móvil,4.34,1.0,0.23,0.06,1.06,1.0,,0.0,0.06,2022-06-01,0.0,SI
162378,ACETAMINOFEN/HIDROCODONA TABLETA 325MG/5MG,MEDICAMENTOS,C,Alta,XGBoost,0.51,1.0,0.23,0.0,0.12,0.0,,,0.12,2022-06-01,0.0,SI
162558,LEVOFLOXACINA SOLUCIÓN INYECTABLE 500MG/100ML,MEDICAMENTOS,C,Alta,XGBoost,14.58,1.0,0.23,1.38,4.74,14.0,,0.0,0.0,2022-06-20,19.0,NO
162958,INDACATEROL/GLICOPIRRONIO POLVO PARA INHALACIÓN EN CÁPSULA 110MCG/50MCG,MEDICAMENTOS,C,Alta,XGBoost,9.02,1.0,0.23,3.99,6.07,26.0,,0.0,0.0,2022-08-07,67.0,NO
164333,FOSFOMICINA DISODICA 4G POLVO LIOFILIZADO ,MEDICAMENTOS,C,Alta,XGBoost,5.99,1.0,0.23,0.32,1.7,21.0,,0.0,0.0,2022-09-07,98.0,NO
171762,"NEPRO BP SOLUCIÓN ORAL 1,8KCAL/1ML (426,6KCAL/237ML)) ALIMENTO PARA PROPÓSITOS",NUTRICION,C,Media,Media móvil,16.92,1.0,0.23,1.39,5.29,48.0,,0.0,0.0,2022-08-16,77.0,NO
19973360,DOBUTAMINA 250MG/20ML SOL. INYECTABLE,MEDICAMENTOS,C,Baja,Media móvil,36.81,1.0,0.23,1.87,10.35,21.0,,0.0,0.0,2022-06-09,9.0,NO
200061,SENSOR NEONATAL ADHESIVO M-LNCS PARA EQUIPOS  MARCA MASIMO,DISPOSITIVOS MEDICO,C,Alta,XGBoost,1.06,1.0,0.23,0.35,0.59,0.0,,,0.59,2022-06-01,0.0,SI
200072,SENSOR SPO2 NEONATAL EM0602,DISPOSITIVOS MEDICO,C,Alta,XGBoost,0.13,1.0,0.23,0.02,0.05,,,,,,,NO
2001990802,SACCHAROMYCES BOULARDII POLVO PARA SUSPENSIÓN ORAL 250MG,MEDICAMENTOS,C,Alta,XGBoost,2.97,1.0,0.23,0.58,1.27,20.0,,0.0,0.0,2022-12-10,192.0,NO
20039341,TICAGRELOR TABLETA 90MG,MEDICAMENTOS,C,Alta,XGBoost,0.86,1.0,0.23,0.1,0.3,23.0,,0.0,0.0,2024-08-09,800.0,NO
6421,"OXIMETAZOLINA SOLUCIÓN NASAL 0, 025% ",MEDICAMENTOS,C,Alta,XGBoost,0.38,1.0,0.23,0.16,0.25,3.0,,0.0,0.0,2023-01-05,218.0,NO
700010,NIFEDIPINO CÁPSULA 10MG,MEDICAMENTOS,B,Media,XGBoost,156.52,1.0,0.23,15.91,51.93,106.0,,3.0,0.0,2022-06-11,11.0,NO
700021,ALFAMETILDOPA TABLETA 250MG,MEDICAMENTOS,C,Media,Media móvil,14.19,1.0,0.23,1.68,4.94,31.0,,3.0,0.0,2022-07-26,56.0,NO
700067,TRIMETOPRIM/SULFAMETOXAZOL TABLETA 160MG/800MG,MEDICAMENTOS,C,Baja,Media móvil,81.28,1.0,0.23,4.9,23.61,43.0,,10.0,0.0,2022-06-08,7.0,NO
700131,CLOTRIMAZOL 100MG TABLETA VAGINAL,MEDICAMENTOS,C,Alta,XGBoost,1.77,1.0,0.23,0.06,0.47,11.0,,5.0,0.0,2022-11-28,181.0,NO
700142,WARFARINA SODICA TABLETA 5MG,MEDICAMENTOS,C,Baja,Media móvil,23.55,1.0,0.23,2.41,7.83,39.0,,27.0,0.0,2022-07-11,40.0,NO
700145,DIOSMINA TABLETA 500MG,MEDICAMENTOS,C,Alta,XGBoost,6.92,1.0,0.23,1.2,2.8,10.0,,1.0,0.0,2022-07-02,32.0,NO
700203,MUPIROCINA UNGÜENTO TÓPICO 2%/15G,MEDICAMENTOS,C,Alta,XGBoost,0.31,1.0,0.23,0.09,0.17,1.0,,0.0,0.0,2022-08-22,83.0,NO
700245,SULFADIAZINA DE PLATA CREMA TOPICA 1% ,MEDICAMENTOS,C,Alta,XGBoost,0.21,1.0,0.23,0.01,0.06,0.0,,,0.06,2022-06-01,0.0,SI
700290,"BETAMETILDIGOXINA 0,6MG/ML/45 GOTAS SOLUCIÓN ORAL ",MEDICAMENTOS,C,Alta,XGBoost,1.29,1.0,0.23,0.06,0.36,6.0,,0.0,0.0,2022-10-12,133.0,NO
700302,GLUTAPAK 10 ENTEREX ALIMENTO 15g,NUTRICION,C,Alta,XGBoost,1.28,1.0,0.23,0.23,0.53,33.0,,0.0,0.0,2024-07-10,770.0,NO
700307,PREPARADO MAGISTRAL DE OMEPRAZOL ENTERAL 20 MG/10 ML,MEDICAMENTOS,C,Media,Media móvil,83.53,1.0,0.23,3.58,22.8,31.0,,0.0,0.0,2022-06-03,3.0,NO
700308,PREPARADO MAGISTRAL DE NIFEDIPINO ENTERAL 30 MG/ 10 ML,MEDICAMENTOS,C,Alta,XGBoost,6.22,1.0,0.23,1.08,2.52,,,,,,,NO
700310,TROPICAMIDA 1% 15ML SOLUCION OFTALMICA,MEDICAMENTOS,C,Alta,XGBoost,0.19,1.0,0.23,0.08,0.13,,,,,,,NO
700319,circuito neonatal REFERENCIA MP02650,DISPOSITIVOS MEDICO,C,Media,Media móvil,3.48,1.0,0.23,0.3,1.1,3.0,,0.0,0.0,2022-06-17,17.0,NO
700320,LEVETIRACETAM 100 MG/ML SOLUCION ORAL x 300 ML,MEDICAMENTOS,C,Alta,XGBoost,1.25,1.0,0.23,0.37,0.66,2.0,,0.0,0.0,2022-07-03,33.0,NO
700326,IPRATROPIO BROMURO SOL. PARA INHALACIÓN 250MCG/1ML x 20ML,MEDICAMENTOS,C,Media,Media móvil,1.08,1.0,0.23,0.17,0.42,1.0,,0.0,0.0,2022-06-17,16.0,NO
700401,SUCRALFATO SUSPENSIÓN ORAL 20%/200ML,MEDICAMENTOS,C,Alta,XGBoost,1.28,1.0,0.23,0.11,0.41,2.0,,0.0,0.0,2022-07-09,38.0,NO
700410,EQUIPO PERFUSOR 50CC,DISPOSITIVOS MEDICO,C,Alta,XGBoost,1.56,1.0,0.23,0.05,0.41,5.0,,0.0,0.0,2022-08-29,90.0,NO
700422,FENOBARBITAL SOLUCIÓN ORAL 4MG/1ML ,CONTROLADOS,C,Media,Media móvil,0.55,1.0,0.23,0.08,0.21,10.0,,0.0,0.0,2023-11-28,545.0,NO
700441,POTASIO GLUCONATO ELIXIR 20MEQ/15ML ,MEDICAMENTOS,C,Baja,Media móvil,31.36,1.0,0.23,0.86,8.08,7.0,,0.0,1.08,2022-06-01,0.0,SI
700525,PROPOFOL EMULSIÓN INYECTABLE 1%/20ML,MEDICAMENTOS,C,Alta,XGBoost,1.73,1.0,0.23,0.12,0.52,7.0,,0.0,0.0,2022-09-22,114.0,NO
700543,MIDAZOLAM 5MG/5ML SOL. INYECTABLE,CONTROLADOS,A,Baja,XGBoost,9179.62,1.0,0.23,109.65,2222.34,2137.0,,0.0,85.34,2022-06-01,0.0,SI
700544,SOMATOSTATINA POLVO LIOFILIZADO 3MG,MEDICAMENTOS,C,Alta,XGBoost,37.27,1.0,0.23,3.47,12.05,18.0,,0.0,0.0,2022-06-05,5.0,NO
700550,ROCURONIO BROMURO SOLUCIÓN INYECTABLE 50MG/5ML,MEDICAMENTOS,C,Alta,XGBoost,16.49,1.0,0.23,1.78,5.58,69.0,,0.0,0.0,2022-09-26,117.0,NO
700554,ASCORBICO ACIDO 500MG/5ML SOL. INYECTABLE (VITAMINA C),MEDICAMENTOS,B,Media,XGBoost,272.7,1.0,0.23,24.19,86.95,118.0,,0.0,0.0,2022-06-04,3.0,NO
700567,ALIZAPRIDA SOL. INYECTABLE 50MG,MEDICAMENTOS,C,Alta,XGBoost,0.15,1.0,0.23,0.0,0.03,3.0,,0.0,0.0,2024-01-23,602.0,NO
700572,"METILERGOMETRINA SOL. INYECTABLE 0,2MG ",CONTROLADOS,C,Alta,XGBoost,0.4,1.0,0.23,0.05,0.14,48.0,,0.0,0.0,2032-04-20,3612.0,NO
700575,"ENOXAPARINA 20MG/0,2ML SOL. INYECTABLE ",MEDICAMENTOS,B,Baja,XGBoost,122.77,1.0,0.23,4.96,33.22,66.0,,0.0,0.0,2022-06-09,8.0,NO
700577,"ENOXAPARINA 60MG/0,6ML SOL. INYECTABLE ",MEDICAMENTOS,B,Baja,XGBoost,382.04,1.0,0.23,7.14,95.07,89.0,,0.0,6.07,2022-06-01,0.0,SI
700578,"ENOXAPARINA 80MG/0,8ML SOL. INYECTABLE ",MEDICAMENTOS,B,Baja,XGBoost,162.14,1.0,0.23,5.99,43.3,50.0,,0.0,0.0,2022-06-02,1.0,NO
700587,MEPERIDINA 100MG/2ML SOL. INYECTABLE,CONTROLADOS,C,Baja,Media móvil,51.75,1.0,0.23,5.36,17.27,463.0,,0.0,0.0,2023-02-18,262.0,NO
700605,INMUNOGLOBULINA HUMANA NORMAL  6 GR/200ML SOL. INYECTABLE,MEDICAMENTOS,C,Alta,XGBoost,7.69,1.0,0.23,2.08,3.85,0.0,,,3.85,2022-06-01,0.0,SI
700628,CLARITROMICINA 500MG POLVO LIOFILIZADO ,MEDICAMENTOS,B,Media,XGBoost,212.91,1.0,0.23,13.96,62.96,58.0,,0.0,4.96,2022-06-01,0.0,SI
700629,FOSFOLIPIDOS NATURALES 200MG/8ML SUSPENSION INYECTABLE (SURFACTANTE PULMONAR),MEDICAMENTOS,C,Baja,Media móvil,4.38,1.0,0.23,0.24,1.25,3.0,,0.0,0.0,2022-06-13,12.0,NO
700630,ALPROSTADIL SOLUCIÓN INYECTABLE 500MCG/1ML,MEDICAMENTOS,C,Alta,XGBoost,0.48,1.0,0.23,0.03,0.14,5.0,,0.0,0.0,2023-04-07,311.0,NO
700631,"OCTREOTIDE SOLUCIÓN INYECTABLE 0,1MG/1ML",MEDICAMENTOS,C,Alta,XGBoost,14.96,1.0,0.23,5.25,8.69,,,,,,,NO
700634,MEROPENEM POLVO LIOFILIZADO 1000 MG,MEDICAMENTOS,A,Baja,XGBoost,1615.82,1.0,0.23,10.77,382.65,136.0,,0.0,246.65,2022-06-01,0.0,SI
700639,ANFOTERICINA B 50MG POLVO LIOFILIZADO ,MEDICAMENTOS,C,Media,Media móvil,34.47,1.0,0.23,3.11,11.05,22.0,,0.0,0.0,2022-06-10,10.0,NO
700640,TRIMETOPRIM/SULFAMETOXAZOL  80MG/400MG/5ML SOL. INYECTABLE,MEDICAMENTOS,A,Baja,XGBoost,633.59,1.0,0.23,78.0,223.82,186.0,,0.0,37.82,2022-06-01,0.0,SI
700644,ADENOSINA 6MG/2ML SOL. INYECTABLE ,MEDICAMENTOS,C,Alta,XGBoost,0.35,1.0,0.23,0.05,0.13,2.0,,0.0,0.0,2022-11-10,163.0,NO
700645,CEFEPIME 1G POLVO LIOFILIZADO,MEDICAMENTOS,A,Baja,XGBoost,790.27,1.0,0.23,52.32,234.2,209.0,,0.0,25.2,2022-06-01,0.0,SI
700646,MILRINONA SOL. INYECTABLE 10MG/10ML,MEDICAMENTOS,C,Baja,Media móvil,53.19,1.0,0.23,3.66,15.9,36.0,,0.0,0.0,2022-06-12,12.0,NO
700651,KETOPROFENO SOLUCIÓN INYECTABLE 100MG/2ML,MEDICAMENTOS,C,Alta,XGBoost,0.17,1.0,0.23,0.01,0.05,,,,,,,NO
700694,LIDOCAINA CLORHIDRATO 2% JALEA 30G,MEDICAMENTOS,B,Baja,XGBoost,135.15,1.0,0.23,8.13,39.23,64.0,,0.0,0.0,2022-06-06,6.0,NO
700741,SACUBITRIL/ VALSARTAN 50 MG TABLETA,MEDICAMENTOS,C,Media,Media móvil,27.23,1.0,0.23,0.81,7.08,18.0,,0.0,0.0,2022-06-13,12.0,NO
700749,"BUDESONIDA SUSPENSIÓN PARA INHALACIÓN 0,5MG/1ML (1MG/2ML)",MEDICAMENTOS,C,Alta,XGBoost,2.27,1.0,0.23,0.04,0.56,0.0,,,0.56,2022-06-01,0.0,SI
700757,SALBUTAMOL 5 MG SOL. PARA NEBULIZACIÓN X 10 ML,MEDICAMENTOS,C,Alta,XGBoost,0.85,1.0,0.23,0.28,0.47,0.0,,,0.47,2022-06-01,0.0,SI
700762,LIDOCAINA CLORHIDRATO SOLUCIÓN TÓPICA 10%/80G,MEDICAMENTOS,C,Alta,XGBoost,0.31,1.0,0.23,0.01,0.08,3.0,,0.0,0.0,2023-03-11,284.0,NO
700779,FENOBARBITAL TABLETA 100MG ,CONTROLADOS,C,Alta,XGBoost,0.49,1.0,0.23,0.02,0.14,34.0,,3.0,0.0,2028-03-04,2104.0,NO
700786,GASA VASELINADA,DISPOSITIVOS MEDICO,C,Alta,XGBoost,1.59,1.0,0.23,0.21,0.58,3.0,,2.0,0.0,2022-07-17,46.0,NO
700791,DEGARELIX 80 MG POLVO PARA RECONSTITUCION,MEDICAMENTOS,C,Alta,XGBoost,0.59,1.0,0.23,0.23,0.37,,,,,,,NO
700800,HALOPERIDOL 5MG TABLETA  ,MEDICAMENTOS,C,Alta,XGBoost,25.3,1.0,0.23,5.09,10.91,36.0,,11.0,0.0,2022-07-01,30.0,NO
700809,"PIPERACILINA/TAZOBACTAM POLVO LIOFILIZADO 4,5G",MEDICAMENTOS,A,Baja,XGBoost,3673.02,1.0,0.23,192.94,1038.28,572.0,,0.0,466.28,2022-06-01,0.0,SI
700813,FOSFOLIPIDOS NATURALES 100MG/4ML SUSPENSION INYECTABLE (SURFACTANTE PULMONAR),MEDICAMENTOS,C,Baja,Media móvil,2.8,1.0,0.23,0.08,0.72,4.0,,0.0,0.0,2022-07-06,36.0,NO
700815,"FOSFOLIPIDOS NATURALES 120MG/1,5ML SUSPENSION INYECTABLE SURFACTANTE PULMONAR)",MEDICAMENTOS,C,Alta,XGBoost,2.05,1.0,0.23,0.2,0.68,0.0,,,0.68,2022-06-01,0.0,SI
700817,"BUPIVACAINA 0,5% x 10ML SOL. INYECTABLE",MEDICAMENTOS,C,Alta,XGBoost,0.06,1.0,0.23,0.01,0.02,0.0,,,0.02,2022-06-01,0.0,SI
700820,DALTEPARINA SODICA 2.500 UI (ANTIFACTOR XA)  SOL. INYECTABLE,MEDICAMENTOS,B,Media,XGBoost,76.1,1.0,0.23,2.89,20.41,31.0,,0.0,0.0,2022-06-05,4.0,NO
700821,DALTEPARINA SODICA 5.000 UI (ANTIFACTOR XA) SOL. INYECTABLE,MEDICAMENTOS,C,Media,Media móvil,27.86,1.0,0.23,2.62,9.03,27.0,,0.0,0.0,2022-06-20,20.0,NO
700850,TRANEXAMICO ACIDO 500MG  SOL. INYECTABLE,MEDICAMENTOS,B,Baja,XGBoost,148.49,1.0,0.23,10.96,45.13,63.0,,0.0,0.0,2022-06-04,4.0,NO
700851,AGUA ESTERIL PARA INYECCION 5ML,MEDICAMENTOS,A,Baja,XGBoost,2583.59,1.0,0.23,100.13,694.74,0.0,,,694.74,2022-06-01,0.0,SI
700860,EPINEFRINA 1MG/ML SOL. INYECTABLE ,MEDICAMENTOS,C,Baja,Media móvil,51.92,1.0,0.23,3.11,15.06,70.0,,1.0,0.0,2022-07-03,32.0,NO
700873,URSODEOXICOLICO ACIDO TABLETA 600MG,MEDICAMENTOS,C,Alta,XGBoost,2.93,1.0,0.23,0.47,1.14,24.0,,0.0,0.0,2023-01-24,237.0,NO
700883,"FENTANYL 0,5MG/10ML SOL. INYECTABLE",CONTROLADOS,A,Baja,XGBoost,1324.08,1.0,0.23,20.99,325.72,1168.0,,0.0,0.0,2022-06-20,19.0,NO
700887,"BETAMETILDIGOXINA 0,2MG/2ML SOL. INYECTABLE",MEDICAMENTOS,C,Baja,Media móvil,33.69,1.0,0.23,0.61,8.36,20.0,,0.0,0.0,2022-06-11,11.0,NO
700893,FENITOINA 250MG/5ML SOL. INYECTABLE ,MEDICAMENTOS,B,Baja,XGBoost,176.35,1.0,0.23,11.09,51.68,59.0,,0.0,0.0,2022-06-02,1.0,NO
700895,"AMPICILINA/SULBACTAM 1,5G POLVO LIOFILIZADO ",MEDICAMENTOS,A,Baja,XGBoost,3402.75,1.0,0.23,146.84,929.98,278.0,,0.0,651.98,2022-06-01,0.0,SI
700901,COMPLEJO B SOLUCIÓN INYECTABLE 10ML,MEDICAMENTOS,C,Alta,XGBoost,0.09,1.0,0.23,0.01,0.03,1.0,,0.0,0.0,2023-04-11,315.0,NO
700907,"FITOMENADIONA 2MG/0,2ML SOL. INYECTABLE (VITAMINA K)",MEDICAMENTOS,C,Media,Media móvil,2.58,1.0,0.23,0.62,1.21,5.0,,0.0,0.0,2022-07-15,45.0,NO
700917,CLEMASTINA SOLUCIÓN INYECTABLE 2MG,MEDICAMENTOS,C,Alta,XGBoost,0.24,1.0,0.23,0.08,0.13,3.0,,0.0,0.0,2023-05-30,364.0,NO
700944,METILPREDNISOLONA SUCCINATO 40MG/ML SOL. INYECTABLE,MEDICAMENTOS,C,Alta,XGBoost,0.8,1.0,0.23,0.16,0.34,12.0,,0.0,0.0,2023-08-20,446.0,NO
700948,MEDROXIPROGESTERONA ACETATO SUSPENSIÓN INYECTABLE 50MG/ML (150MG/3ML),MEDICAMENTOS,C,Media,Media móvil,12.05,1.0,0.23,4.69,7.47,0.0,,,7.47,2022-06-01,0.0,SI
700949,METILPREDNISOLONA ACETATO 40MG/ML SUSPENSION INYECTABLE,MEDICAMENTOS,C,Alta,XGBoost,0.42,1.0,0.23,0.03,0.13,5.0,,0.0,0.0,2023-05-17,350.0,NO
700964,"ENSURE PLUS HN SOLUCIÓN ORAL 1,5KCAL/1ML (355,5KCAL/237ML) ALIMENTO DE USO ESPEC",NUTRICION,B,Media,XGBoost,68.22,1.0,0.23,6.21,21.91,16.0,,0.0,5.91,2022-06-01,0.0,SI
700966,JEVITY SOLUCIÓN ORAL 1KCAL/1ML (1500KCAL/1500ML)) ALIMENTO PARA PROPÓSITOS MÉD,NUTRICION,C,Media,Media móvil,30.68,1.0,0.23,0.96,8.02,10.0,,0.0,0.0,2022-06-02,2.0,NO
700967,"ENSURE PLUS HN SOLUCIÓN ORAL 1,5KCAL/1ML (1500KCAL/1000ML) ALIMENTO DE USO ESPEC",NUTRICION,C,Alta,XGBoost,16.01,1.0,0.23,4.16,7.85,5.0,,0.0,2.85,2022-06-01,0.0,SI
700968,"ENSURE SOLUCIÓN ORAL 1,05KCAL/1ML (248,9KCAL/237ML) ALIMENTO LIQUIDO CON PROTEÍN",NUTRICION,C,Media,Media móvil,82.03,1.0,0.23,12.49,31.37,29.0,,0.0,2.37,2022-06-01,0.0,SI
700971,"(OSMOLITE HN PLUS SOLUCIÓN ORAL 1,2KCAL/1ML (1800KCAL/1500ML)) ALIMENTO PARA PR",NUTRICION,C,Media,Media móvil,20.78,1.0,0.23,2.37,7.15,5.0,,0.0,2.15,2022-06-01,0.0,SI
700974,GLUCERNA SOLUCIÓN ORAL 1KCAL/1ML (1500KCAL/1500ML)) ALIMENTO LÍQUIDO PARA PROP,NUTRICION,C,Media,Media móvil,22.08,1.0,0.23,0.36,5.44,14.0,,0.0,0.0,2022-06-12,12.0,NO
700975,(NUTREN SOLUCIÓN ORAL 1KCAL/1ML (250KCAL/250ML)) ALIMENTO LÍQUIDO PARA USOS NUT,NUTRICION,B,Media,XGBoost,177.64,1.0,0.23,39.37,80.25,65.0,,0.0,15.25,2022-06-01,0.0,SI
700980,(PEPTAMEN PREBIO SOL. ORAL 1KCAL/1ML (250KCAL/250ML)) ALIMENTO LIQUIDO CON PROTE,NUTRICION,C,Alta,XGBoost,53.92,1.0,0.23,9.4,21.81,49.0,,0.0,0.0,2022-06-16,15.0,NO
700997,SODIO BICARBONATO POLVO SOL. ORAL x 2.8 GRAMOS,MEDICAMENTOS,C,Alta,XGBoost,0.41,1.0,0.23,0.01,0.1,1.0,,0.0,0.0,2022-08-07,67.0,NO
701003,BUDESONIDA 100 MCG/PUFF x 200 PUFF,MEDICAMENTOS,C,Alta,XGBoost,0.19,1.0,0.23,0.08,0.12,,,,,,,NO
701035,"BETAMETILDIGOXINA TABLETA 0,1MG",MEDICAMENTOS,C,Alta,XGBoost,8.4,1.0,0.23,1.28,3.21,19.0,,1.0,0.0,2022-07-28,57.0,NO
701079,PREDNISONA TABLETA 50MG,MEDICAMENTOS,B,Baja,XGBoost,140.86,1.0,0.23,21.0,53.42,162.0,,1.0,0.0,2022-06-24,23.0,NO
701175,PROPAFENONA TABLETA 150MG,MEDICAMENTOS,C,Alta,XGBoost,10.96,1.0,0.23,2.02,4.54,14.0,,2.0,0.0,2022-06-27,26.0,NO
701210,METIMAZOL TABLETA 5MG,MEDICAMENTOS,B,Media,XGBoost,182.48,1.0,0.23,6.9,48.89,33.0,,14.0,15.89,2022-06-01,0.0,SI
701277,BOLSA NUTRICION ENTERAL 1500 ML,DISPOSITIVOS MEDICO,C,Baja,Media móvil,112.0,1.0,0.23,1.94,27.72,34.0,,0.0,0.0,2022-06-02,2.0,NO
701278,SET ENTERAL TAPA ROSCA Y PUNZON,DISPOSITIVOS MEDICO,C,Alta,XGBoost,11.93,1.0,0.23,2.35,5.1,5.0,,0.0,0.1,2022-06-01,0.0,SI
701279,EQUIPO CON PUNZON EN CRUZ AMIKA ,DISPOSITIVOS MEDICO,A,Baja,XGBoost,483.57,1.0,0.23,4.19,115.48,50.0,,0.0,65.48,2022-06-01,0.0,SI
701289,TRANEXAMICO ÁCIDO TABLETA 500MG,MEDICAMENTOS,C,Media,Media móvil,1.78,1.0,0.23,0.25,0.66,15.0,,0.0,0.0,2023-02-01,246.0,NO
701399,AGUA ESTERIL PARA INYECCION 500ML,MEDICAMENTOS,B,Baja,XGBoost,346.51,1.0,0.23,7.14,86.89,33.0,,0.0,53.89,2022-06-01,0.0,SI
701405,PROLENE 2 0 8423T (CT1)75CM,DISPOSITIVOS MEDICO,C,Alta,XGBoost,0.21,1.0,0.23,0.07,0.11,,,,,,,NO
701428,SEDA 2-0 185T (SC26)45CM ,DISPOSITIVOS MEDICO,C,Media,Media móvil,12.78,1.0,0.23,1.73,4.67,31.0,,0.0,0.0,2022-08-02,63.0,NO
701429,SEDA 2-0 623H (KS)75CM  ,DISPOSITIVOS MEDICO,C,Media,Media móvil,49.94,1.0,0.23,3.45,14.94,0.0,,,14.94,2022-06-01,0.0,SI
701442,DEXTROSA 50% EN AGUA DESTILADA 500 ML,MEDICAMENTOS,C,Alta,XGBoost,0.87,1.0,0.23,0.02,0.22,0.0,,,0.22,2022-06-01,0.0,SI
701452,NITROGLICERINA SOLUCIÓN INYECTABLE 50MG/250ML,MEDICAMENTOS,C,Baja,Media móvil,33.48,1.0,0.23,1.65,9.36,22.0,,0.0,0.0,2022-06-12,11.0,NO
701479,"SODIO CLORURO ENEMA RECTAL 2,5G/1000ML",MEDICAMENTOS,C,Baja,Media móvil,27.66,1.0,0.23,0.63,6.99,12.0,,0.0,0.0,2022-06-06,6.0,NO
701694,DUODERM CGF 20 X 20 CM/8X8,MEDICAMENTOS,C,Media,Media móvil,7.75,1.0,0.23,0.89,2.67,5.0,,0.0,0.0,2022-06-10,9.0,NO
701715,DUODERM ET 10X10/4X4   ,DISPOSITIVOS MEDICO,C,Media,Media móvil,3.12,1.0,0.23,0.3,1.02,8.0,,0.0,0.0,2022-08-08,68.0,NO
701725,DUODERM GEL TBX30GR,MEDICAMENTOS,C,Media,Media móvil,2.57,1.0,0.23,0.21,0.8,1.0,,0.0,0.0,2022-06-03,2.0,NO
701727,DUODERM PASTA TBX30GR ,MEDICAMENTOS,C,Alta,XGBoost,0.08,1.0,0.23,0.02,0.04,,,,,,,NO
701829,SURGICEL 4X8 REF 1952 (10.2CMX20.3CM) ,DISPOSITIVOS MEDICO,C,Alta,XGBoost,0.15,1.0,0.23,0.0,0.04,0.0,,,0.04,2022-06-01,0.0,SI
701833,TEGADERM 10CMX12CM REF 1626W ,MEDICAMENTOS,C,Alta,XGBoost,3.85,1.0,0.23,0.69,1.58,0.0,,,1.58,2022-06-01,0.0,SI
701835,TEGADERM 6CMX7CM REF 1624W X100 ,DISPOSITIVOS MEDICO,C,Alta,XGBoost,7.57,1.0,0.23,1.14,2.88,0.0,,,2.88,2022-06-01,0.0,SI
701841,ALGODON LAMINADO 4X5,DISPOSITIVOS MEDICO,C,Alta,XGBoost,1.0,1.0,0.23,0.38,0.61,1.0,,1.0,0.0,2022-06-12,12.0,NO
701842,ALGODON LAMINADO 5X5,DISPOSITIVOS MEDICO,C,Alta,XGBoost,0.69,1.0,0.23,0.12,0.28,12.0,,0.0,0.0,2023-10-28,515.0,NO
701843,ALGODON LAMINADO 6X5,DISPOSITIVOS MEDICO,C,Media,Media móvil,8.21,1.0,0.23,0.67,2.56,4.0,,0.0,0.0,2022-06-06,5.0,NO
701847,BACTIGRAS 10X10 ,DISPOSITIVOS MEDICO,C,Media,Media móvil,11.34,1.0,0.23,0.06,2.67,8.0,,0.0,0.0,2022-06-15,14.0,NO
701848,BACTIGRAS 15X20 ,DISPOSITIVOS MEDICO,C,Baja,Media móvil,63.49,1.0,0.23,1.43,16.04,9.0,,0.0,7.04,2022-06-01,0.0,SI
701849,BACTIGRAS 5X5 ,DISPOSITIVOS MEDICO,C,Alta,XGBoost,2.24,1.0,0.23,1.17,1.69,0.0,,,1.69,2022-06-01,0.0,SI
701853,VENDA SEMIELASTICA 3X4.1,DISPOSITIVOS MEDICO,C,Alta,XGBoost,12.79,1.0,0.23,2.35,5.3,0.0,,,5.3,2022-06-01,0.0,SI
701854,VENDA SEMIELASTICA 4X4.1    ,DISPOSITIVOS MEDICO,C,Media,Media móvil,14.11,1.0,0.23,1.3,4.55,0.0,,,4.55,2022-06-01,0.0,SI
701855,VENDA SEMIELASTICA 6X4.1  ,DISPOSITIVOS MEDICO,B,Baja,XGBoost,49.9,1.0,0.23,11.21,22.7,0.0,,,22.7,2022-06-01,0.0,SI
701863,VENDA ELASTICA 4X5  ,DISPOSITIVOS MEDICO,C,Media,Media móvil,2.36,1.0,0.23,0.27,0.81,19.0,,0.0,0.0,2023-01-21,235.0,NO
701864,VENDA ELASTICA 5X5 ,DISPOSITIVOS MEDICO,C,Media,Media móvil,5.83,1.0,0.23,0.86,2.2,20.0,,0.0,0.0,2022-09-01,93.0,NO
701865,VENDA ELASTICA 6X5,DISPOSITIVOS MEDICO,B,Baja,XGBoost,84.08,1.0,0.23,5.79,25.14,19.0,,0.0,6.14,2022-06-01,0.0,SI
701866,VENDA ELASTICA 3X5 ,DISPOSITIVOS MEDICO,C,Alta,XGBoost,0.25,1.0,0.23,0.0,0.06,0.0,,,0.06,2022-06-01,0.0,SI
701930,PRESTOBARBA    ,DISPOSITIVOS MEDICO,C,Baja,Media móvil,49.12,1.0,0.23,1.07,12.37,29.0,,0.0,0.0,2022-06-11,10.0,NO
701942,BATA T/XL (BATA PACIENTE),DISPOSITIVOS MEDICO,C,Media,Media móvil,16.2,1.0,0.23,6.31,10.04,0.0,,,10.04,2022-06-01,0.0,SI
701943,BATON QUIRURGICO,DISPOSITIVOS MEDICO,B,Media,XGBoost,104.08,1.0,0.23,25.95,49.91,16.0,,0.0,33.91,2022-06-01,0.0,SI
701954,BARRERA STOMAHESIVE 45 50MM,DISPOSITIVOS MEDICO,C,Alta,XGBoost,0.83,1.0,0.23,0.04,0.23,3.0,,0.0,0.0,2022-09-10,102.0,NO
701961,CATETER TROCAR RECTO 10FR (TUBO TORAX),DISPOSITIVOS MEDICO,C,Media,Media móvil,7.92,1.0,0.23,0.76,2.58,4.0,,0.0,0.0,2022-06-06,5.0,NO
701962,CATETER TROCAR RECTO 20FR,DISPOSITIVOS MEDICO,C,Alta,XGBoost,0.16,1.0,0.23,0.03,0.07,2.0,,0.0,0.0,2023-05-27,360.0,NO
701964,CATETER TROCAR RECTO 28FR ,DISPOSITIVOS MEDICO,C,Alta,XGBoost,1.11,1.0,0.23,0.12,0.38,1.0,,0.0,0.0,2022-06-18,17.0,NO
701965,CATETER TROCAR RECTO 32FR,DISPOSITIVOS MEDICO,C,Alta,XGBoost,0.53,1.0,0.23,0.05,0.17,1.0,,0.0,0.0,2022-07-18,47.0,NO
701966,CATETER TROCAR RECTO 36FR,DISPOSITIVOS MEDICO,C,Alta,XGBoost,0.2,1.0,0.23,0.07,0.12,1.0,,0.0,0.0,2022-10-11,132.0,NO
701977,VENDA YESO 4X5  ,DISPOSITIVOS MEDICO,C,Alta,XGBoost,0.15,1.0,0.23,0.02,0.06,0.0,,,0.06,2022-06-01,0.0,SI
701978,VENDA YESO 5X5    ,DISPOSITIVOS MEDICO,C,Alta,XGBoost,0.92,1.0,0.23,0.17,0.38,2.0,,0.0,0.0,2022-07-24,54.0,NO
701979,VENDA YESO 6X5 ,DISPOSITIVOS MEDICO,C,Alta,XGBoost,0.24,1.0,0.23,0.09,0.15,0.0,,,0.15,2022-06-01,0.0,SI
701996,SUNITINIB 50 MG CAPSULA,MEDICAMENTOS,C,Alta,XGBoost,4.55,1.0,0.23,1.77,2.82,1.0,,0.0,1.82,2022-06-01,0.0,SI
702017,SONDA ENTERAL 6FR (ALIMENTACION)  ,DISPOSITIVOS MEDICO,C,Alta,XGBoost,0.15,1.0,0.23,0.01,0.04,1.0,,0.0,0.0,2022-12-08,190.0,NO
702019,SONDA ENTERAL 12FR X 43 (ALIMENTACION)   ,DISPOSITIVOS MEDICO,C,Baja,Media móvil,77.43,1.0,0.23,3.42,21.24,11.0,,0.0,10.24,2022-06-01,0.0,SI
702020,SONDA FOLEY 2 VÍAS 16FRX5CM    ,DISPOSITIVOS MEDICO,C,Alta,XGBoost,5.14,1.0,0.23,2.0,3.18,0.0,,,3.18,2022-06-01,0.0,SI
702021,SONDA FOLEY 2 VIAS 16FRX30CM   ,DISPOSITIVOS MEDICO,C,Baja,Media móvil,19.15,1.0,0.23,1.8,6.21,13.0,,0.0,0.0,2022-06-11,11.0,NO
702022,SONDA FOLEY 2 VÍAS 18FRX5CM ,DISPOSITIVOS MEDICO,C,Media,Media móvil,5.33,1.0,0.23,2.08,3.31,16.0,,0.0,0.0,2022-08-12,72.0,NO
702023,SONDA FOLEY 2 VÍAS 18FRX30CM    ,DISPOSITIVOS MEDICO,C,Media,Media móvil,20.75,1.0,0.23,1.96,6.74,0.0,,,6.74,2022-06-01,0.0,SI
702024,SONDA FOLEY 2 VIAS 14FRX5CM,DISPOSITIVOS MEDICO,C,Media,Media móvil,1.63,1.0,0.23,0.25,0.63,1.0,,0.0,0.0,2022-06-07,7.0,NO
702025,SONDA FOLEY 2 VÍAS 12FRX5CM,DISPOSITIVOS MEDICO,C,Alta,XGBoost,0.69,1.0,0.23,0.12,0.28,3.0,,0.0,0.0,2022-09-28,119.0,NO
702028,SONDA FOLEY 2 VÍAS 24FRX5CM    ,DISPOSITIVOS MEDICO,C,Alta,XGBoost,0.1,1.0,0.23,0.02,0.04,0.0,,,0.04,2022-06-01,0.0,SI
702029,SONDA FOLEY 2 VÍAS 24FRX5CM-30CM    ,DISPOSITIVOS MEDICO,C,Alta,XGBoost,0.85,1.0,0.23,0.11,0.3,0.0,,,0.3,2022-06-01,0.0,SI
702031,SONDA FOLEY 2 VÍAS 22FRX30CM    ,DISPOSITIVOS MEDICO,C,Alta,XGBoost,2.09,1.0,0.23,0.68,1.16,2.0,,0.0,0.0,2022-06-13,12.0,NO
702032,SONDA FOLEY 2 VÍAS 20FRX15CM    ,DISPOSITIVOS MEDICO,C,Alta,XGBoost,2.03,1.0,0.23,1.1,1.57,0.0,,,1.57,2022-06-01,0.0,SI
702033,SONDA FOLEY 2 VÍAS 20FRX30CM   ,DISPOSITIVOS MEDICO,C,Alta,XGBoost,2.97,1.0,0.23,0.38,1.06,7.0,,0.0,0.0,2022-07-31,61.0,NO
702035,SONDA FOLEY 3 VÍAS 20FRX30CM       ,DISPOSITIVOS MEDICO,C,Media,Media móvil,0.89,1.0,0.23,0.12,0.33,0.0,,,0.33,2022-06-01,0.0,SI
702037,SONDA FOLEY 3 VÍAS 22FRX30CM     ,DISPOSITIVOS MEDICO,C,Media,Media móvil,1.15,1.0,0.23,0.11,0.37,0.0,,,0.37,2022-06-01,0.0,SI
702039,SONDA FOLEY 3 VÍAS 24FRX30CM    ,DISPOSITIVOS MEDICO,C,Alta,XGBoost,1.92,1.0,0.23,0.29,0.73,,,,,,,NO
702040,SONDA NASOGASTRICA # 6 ,DISPOSITIVOS MEDICO,C,Alta,XGBoost,0.81,1.0,0.23,0.1,0.28,8.0,,1.0,0.0,2023-03-19,291.0,NO
702041,SONDA NASOGASTRICA # 8,DISPOSITIVOS MEDICO,C,Alta,XGBoost,1.55,1.0,0.23,0.08,0.44,1.0,,1.0,0.0,2022-06-12,11.0,NO
702043,SONDA NASOGASTRICA # 12,DISPOSITIVOS MEDICO,C,Alta,XGBoost,0.32,1.0,0.23,0.04,0.11,0.0,,,0.11,2022-06-01,0.0,SI
702044,SONDA NASOGASTRICA # 14,DISPOSITIVOS MEDICO,C,Baja,Media móvil,3.97,1.0,0.23,0.29,1.2,2.0,,0.0,0.0,2022-06-07,6.0,NO
702045,SONDA NASOGASTRICA # 16   ,DISPOSITIVOS MEDICO,C,Baja,Media móvil,15.2,1.0,0.23,0.59,4.09,7.0,,0.0,0.0,2022-06-06,6.0,NO
702046,SONDA NASOGASTRICA # 18 ,DISPOSITIVOS MEDICO,C,Baja,Media móvil,7.84,1.0,0.23,0.21,2.02,5.0,,0.0,0.0,2022-06-12,12.0,NO
702047,SONDA NASOGASTRICA # 20,DISPOSITIVOS MEDICO,C,Media,Media móvil,0.45,1.0,0.23,0.08,0.19,2.0,,0.0,0.0,2022-09-30,122.0,NO
702050,SONDA NELATON # 6 ,DISPOSITIVOS MEDICO,B,Baja,XGBoost,166.31,1.0,0.23,14.07,52.35,55.0,,1.0,0.0,2022-06-01,0.0,NO
702051,SONDA NELATON # 8,DISPOSITIVOS MEDICO,B,Media,XGBoost,77.04,1.0,0.23,2.94,20.67,76.0,,1.0,0.0,2022-06-22,22.0,NO
702052,SONDA NELATON # 10   ,DISPOSITIVOS MEDICO,C,Baja,Media móvil,29.34,1.0,0.23,1.67,8.42,3.0,,1.0,5.42,2022-06-01,0.0,SI
702054,SONDA NELATON # 12 ,DISPOSITIVOS MEDICO,C,Baja,Media móvil,35.26,1.0,0.23,3.13,11.24,6.0,,1.0,5.24,2022-06-01,0.0,SI
702055,SONDA NELATON # 14   ,DISPOSITIVOS MEDICO,B,Baja,XGBoost,86.93,1.0,0.23,3.19,23.2,40.0,,1.0,0.0,2022-06-06,6.0,NO
702056,SONDA NELATON # 16 ,DISPOSITIVOS MEDICO,C,Media,Media móvil,8.89,1.0,0.23,1.4,3.45,1.0,,1.0,2.45,2022-06-01,0.0,SI
702057,SONDA NELATON # 18,DISPOSITIVOS MEDICO,C,Alta,XGBoost,4.1,1.0,0.23,1.44,2.38,0.0,,,2.38,2022-06-01,0.0,SI
702058,SONDA NELATON # 20 ,DISPOSITIVOS MEDICO,C,Alta,XGBoost,2.31,1.0,0.23,0.34,0.87,10.0,,1.0,0.0,2022-09-29,120.0,NO
702060,S/SUCCION  6 1129,DISPOSITIVOS MEDICO,C,Media,Media móvil,26.7,1.0,0.23,0.91,7.06,7.0,,0.0,0.06,2022-06-01,0.0,SI
702061,SONDA SUCCION # 8   ,DISPOSITIVOS MEDICO,C,Media,Media móvil,44.57,1.0,0.23,2.33,12.58,35.0,,0.0,0.0,2022-06-16,15.0,NO
702062,S/SUCCION 10  ,DISPOSITIVOS MEDICO,C,Alta,XGBoost,1.05,1.0,0.23,0.15,0.39,17.0,,0.0,0.0,2023-09-25,482.0,NO
702063,SONDA SUCCION # 12,DISPOSITIVOS MEDICO,C,Media,Media móvil,25.85,1.0,0.23,1.91,7.86,12.0,,0.0,0.0,2022-06-05,5.0,NO
702064,SONDA SUCCION # 14  ,DISPOSITIVOS MEDICO,A,Baja,XGBoost,1134.78,1.0,0.23,17.92,279.09,206.0,,0.0,73.09,2022-06-01,0.0,SI
702065,SONDA SUCCION # 16,DISPOSITIVOS MEDICO,B,Baja,XGBoost,426.28,1.0,0.23,29.21,127.31,84.0,,0.0,43.31,2022-06-01,0.0,SI
702069,S/TRACH-CARE 6FR S/CERRADO -196-4,DISPOSITIVOS MEDICO,C,Media,Media móvil,7.92,1.0,0.23,0.17,1.99,3.0,,0.0,0.0,2022-06-04,4.0,NO
702070,S/TRACH-CARE 8FR S/CERRADO- 198-4,DISPOSITIVOS MEDICO,C,Media,Media móvil,5.99,1.0,0.23,0.32,1.7,4.0,,0.0,0.0,2022-06-12,12.0,NO
702074,S/TRACH-CARE 14FR S/CERRADO/LARGA 22106,DISPOSITIVOS MEDICO,C,Baja,Media móvil,75.47,1.0,0.23,3.26,20.63,18.0,,0.0,2.63,2022-06-01,0.0,SI
702075,S/TRACH-CARE 16FR S/CERRADO/22606,DISPOSITIVOS MEDICO,C,Baja,Media móvil,84.08,1.0,0.23,3.44,22.79,28.0,,0.0,0.0,2022-06-02,2.0,NO
702077,BRAZALETE NEO/1,DISPOSITIVOS MEDICO,C,Alta,XGBoost,1.07,1.0,0.23,0.29,0.54,7.0,,0.0,0.0,2022-12-01,184.0,NO
702078,BRAZALETE NEO/2,DISPOSITIVOS MEDICO,C,Media,Media móvil,7.1,1.0,0.23,0.29,1.92,5.0,,0.0,0.0,2022-06-14,13.0,NO
702079,BRAZALETE NEO/3,DISPOSITIVOS MEDICO,C,Baja,Media móvil,15.67,1.0,0.23,0.37,3.98,10.0,,0.0,0.0,2022-06-12,12.0,NO
702080,BRAZALETE NEO/4,DISPOSITIVOS MEDICO,C,Baja,Media móvil,4.74,1.0,0.23,0.15,1.24,6.0,,0.0,0.0,2022-07-01,31.0,NO
702085,CANULA NASAL OXIGENO NEONATAL,DISPOSITIVOS MEDICO,C,Alta,XGBoost,2.54,1.0,0.23,0.11,0.69,2.0,,0.0,0.0,2022-06-16,16.0,NO
702088,CANULA NASAL OXIGENO PEDIATRICA,DISPOSITIVOS MEDICO,C,Media,Media móvil,1.15,1.0,0.23,0.11,0.37,3.0,,0.0,0.0,2022-08-09,70.0,NO
702089,CATETER UMBILICAL 3.5 FR,DISPOSITIVOS MEDICO,C,Media,Media móvil,8.67,1.0,0.23,0.75,2.74,11.0,,0.0,0.0,2022-06-30,29.0,NO
702090,CATETER UMBILICAL 5.0FR,DISPOSITIVOS MEDICO,C,Baja,Media móvil,10.23,1.0,0.23,0.7,3.06,14.0,,0.0,0.0,2022-07-03,33.0,NO
702145,AGUJA 18X1.5,DISPOSITIVOS MEDICO,A,Baja,XGBoost,3959.68,1.0,0.23,10.35,921.67,329.01,,9.0,592.66,2022-06-01,0.0,SI
702148,AGUJA 21GA X1 ,DISPOSITIVOS MEDICO,C,Alta,XGBoost,0.55,1.0,0.23,0.26,0.38,0.0,,,0.38,2022-06-01,0.0,SI
702151,AGUJA 23X1,DISPOSITIVOS MEDICO,C,Media,Media móvil,5.74,1.0,0.23,0.15,1.47,23.0,,7.0,0.0,2022-09-23,114.0,NO
702153,AGUJA 25GA X1,DISPOSITIVOS MEDICO,C,Alta,XGBoost,0.92,1.0,0.23,0.17,0.38,,,,,,,NO
702154,AGUJA 26GA X1/2 0,DISPOSITIVOS MEDICO,C,Alta,XGBoost,8.0,1.0,0.23,1.29,3.13,0.0,,,3.13,2022-06-01,0.0,SI
702197,CATETER V/CT 16GX20CM/CV-04301-01CV50016,DISPOSITIVOS MEDICO,C,Media,Media móvil,0.2,1.0,0.23,0.08,0.12,3.0,,0.0,0.0,2023-08-20,446.0,NO
702204,INTRODUCTOR 7.0FR/SI-09700 ARROW,DISPOSITIVOS MEDICO,C,Media,Media móvil,1.08,1.0,0.23,0.17,0.42,1.0,,0.0,0.0,2022-06-17,16.0,NO
702207,JELCO 14G X 2-1/4 ,DISPOSITIVOS MEDICO,C,Alta,XGBoost,0.33,1.0,0.23,0.01,0.09,,,,,,,NO
702208,JELCO 16G X 2-1/4 LARGO,DISPOSITIVOS MEDICO,C,Alta,XGBoost,1.95,1.0,0.23,0.18,0.63,0.0,,,0.63,2022-06-01,0.0,SI
702209,JELCO 18G X 1-1/4 ,DISPOSITIVOS MEDICO,B,Baja,XGBoost,399.68,1.0,0.23,6.64,98.62,102.0,,0.0,0.0,2022-06-01,0.0,NO
702210,JELCO 20G X 1-1/4,DISPOSITIVOS MEDICO,A,Baja,XGBoost,689.7,1.0,0.23,9.24,167.97,136.0,,0.0,31.97,2022-06-01,0.0,SI
702211,CATETER INTRAVENOSO 22G X 1 ,DISPOSITIVOS MEDICO,A,Baja,XGBoost,1490.02,1.0,0.23,1.39,344.32,261.0,,1.0,83.32,2022-06-01,0.0,SI
702212,JELCO 24G X 3/4,DISPOSITIVOS MEDICO,B,Baja,XGBoost,182.52,1.0,0.23,3.05,45.05,111.0,,0.0,0.0,2022-06-11,11.0,NO
702216,CATETER EPICUTANEO CAVA 24 G 2FR REF 218400,DISPOSITIVOS MEDICO,C,Baja,Media móvil,7.16,1.0,0.23,0.21,1.86,6.0,,0.0,0.0,2022-06-18,18.0,NO
702222,PERICRANEAL 23     ,DISPOSITIVOS MEDICO,B,Baja,XGBoost,236.78,1.0,0.23,3.2,57.7,1.0,,1.0,56.7,2022-06-01,0.0,SI
702226,PERIFIX 18GA C/A 4514017 ,DISPOSITIVOS MEDICO,C,Alta,XGBoost,0.66,1.0,0.23,0.06,0.21,,,,,,,NO
702228,SPINOCAN 18G 3/2   ,DISPOSITIVOS MEDICO,C,Media,Media móvil,4.08,1.0,0.23,0.36,1.3,0.0,,,1.3,2022-06-01,0.0,SI
702229,SPINOCAN 20G X31/2 ,DISPOSITIVOS MEDICO,C,Media,Media móvil,7.37,1.0,0.23,0.25,1.95,2.0,,0.0,0.0,2022-06-01,0.0,NO
702230,SPINOCAN 22G X31/2  ,DISPOSITIVOS MEDICO,C,Media,Media móvil,4.55,1.0,0.23,0.08,1.13,2.0,,0.0,0.0,2022-06-06,6.0,NO
702231,SPINOCAN 25X3.1/2,DISPOSITIVOS MEDICO,C,Alta,XGBoost,0.33,1.0,0.23,0.0,0.08,4.0,,0.0,0.0,2023-06-01,365.0,NO
702233,SPINOCAN 27G ,DISPOSITIVOS MEDICO,C,Alta,XGBoost,0.15,1.0,0.23,0.01,0.05,,,,,,,NO
702235,AGUJA SURECAN GRIPPER PLUS SEGURIDAD 20 GA  X19 MM REF-0821276724,DISPOSITIVOS MEDICO,C,Alta,XGBoost,0.22,1.0,0.23,0.07,0.12,3.0,,0.0,0.0,2023-07-09,404.0,NO
702240,GUANTE ESTERIL 6.5 (PAR),DISPOSITIVOS MEDICO,B,Alta,XGBoost,150.33,1.0,0.23,15.17,49.77,50.0,,0.0,0.0,2022-06-01,0.0,NO
702241,GUANTE ESTERIL 7.0 (PAR),DISPOSITIVOS MEDICO,B,Alta,XGBoost,489.62,1.0,0.23,106.75,219.43,93.0,,0.0,126.43,2022-06-01,0.0,SI
702242,GUANTE ESTERIL 7.5 (PAR),DISPOSITIVOS MEDICO,B,Alta,XGBoost,672.01,1.0,0.23,87.65,242.31,119.0,,0.0,123.31,2022-06-01,0.0,SI
702243,GUANTE ESTERIL 8.0 (PAR),DISPOSITIVOS MEDICO,C,Alta,XGBoost,16.48,1.0,0.23,2.03,5.82,156.0,,0.0,0.0,2023-03-05,277.0,NO
702249,BISTURI # 11 ,DISPOSITIVOS MEDICO,B,Baja,XGBoost,137.37,1.0,0.23,7.02,38.63,35.0,,2.0,3.63,2022-06-01,0.0,SI
702251,BISTURI # 15 ,DISPOSITIVOS MEDICO,C,Baja,Media móvil,8.73,1.0,0.23,0.53,2.54,105.0,,2.0,0.0,2023-05-24,357.0,NO
702256,HEMINA 350 MG PANHEMATIN,MEDICAMENTOS,C,Alta,XGBoost,0.28,1.0,0.23,0.01,0.08,,,,,,,NO
702257,JERINGA 3ML,DISPOSITIVOS MEDICO,A,Baja,XGBoost,3959.32,1.0,0.23,30.89,942.12,272.0,,2.0,670.12,2022-06-01,0.0,SI
702258,JERINGA 5ML,DISPOSITIVOS MEDICO,A,Baja,XGBoost,6988.61,1.0,0.23,4.93,1613.36,,,,,,,NO
702259,JERINGA 10ML ,DISPOSITIVOS MEDICO,A,Baja,XGBoost,10000.44,1.0,0.23,28.55,2330.15,701.0,,1.0,1629.15,2022-06-01,0.0,SI
702261,JERINGA 50ML ROSCA,DISPOSITIVOS MEDICO,B,Media,XGBoost,143.55,1.0,0.23,8.54,41.58,75.0,,0.0,0.0,2022-06-08,7.0,NO
702262,JERINGA 50ML PUNTA CATETER,DISPOSITIVOS MEDICO,B,Baja,XGBoost,100.49,1.0,0.23,5.55,28.67,21.0,,0.0,7.67,2022-06-01,0.0,SI
702263,JERINGA 1ML INSULINA,DISPOSITIVOS MEDICO,A,Baja,XGBoost,3335.86,1.0,0.23,268.6,1036.35,263.0,,2.0,773.35,2022-06-01,0.0,SI
702264,JERINGA DE GASES (JERINGA HEPARINIZADA),DISPOSITIVOS MEDICO,A,Baja,XGBoost,1493.05,1.0,0.23,16.54,360.16,151.0,,0.0,209.16,2022-06-01,0.0,SI
702298,BARRERA STOMAHESIVE 38 MM ,DISPOSITIVOS MEDICO,C,Alta,XGBoost,0.32,1.0,0.23,0.01,0.08,6.0,,0.0,0.0,2023-12-10,557.0,NO
702302,BARRERA STOMAHESIVE 57 - 60 MM ,DISPOSITIVOS MEDICO,C,Baja,Media móvil,16.62,1.0,0.23,0.24,4.07,2.0,,0.0,2.07,2022-06-01,0.0,SI
702303,BARRERA STOMAHESIVE 70MM ,DISPOSITIVOS MEDICO,C,Media,Media móvil,14.36,1.0,0.23,1.06,4.37,9.0,,0.0,0.0,2022-06-10,10.0,NO
702307,BARRERA STOMAHESIVE 32MM NINOS ,DISPOSITIVOS MEDICO,C,Alta,XGBoost,0.61,1.0,0.23,0.08,0.22,5.0,,0.0,0.0,2023-01-26,240.0,NO
702310,BARRERA STOMAHESIVE 20MMX20MM LISA ,DISPOSITIVOS MEDICO,C,Media,Media móvil,18.08,1.0,0.23,1.12,5.29,5.0,,0.0,0.29,2022-06-01,0.0,SI
702321,BOLSA OSTOMIA 32MM NINOS ,DISPOSITIVOS MEDICO,C,Alta,XGBoost,0.39,1.0,0.23,0.04,0.13,6.0,,0.0,0.0,2023-09-02,458.0,NO
702323,BOLSA OSTOMIA OP/57 - 60 MM ,DISPOSITIVOS MEDICO,C,Media,Media móvil,15.85,1.0,0.23,0.75,4.4,9.0,,0.0,0.0,2022-06-09,9.0,NO
702324,BOLSA OSTOMIA OP /70MM ,DISPOSITIVOS MEDICO,C,Media,Media móvil,14.11,1.0,0.23,1.0,4.24,15.0,,0.0,0.0,2022-06-24,23.0,NO
702326,BOLSA OSTOMIA  OP45MM ,DISPOSITIVOS MEDICO,C,Alta,XGBoost,1.77,1.0,0.23,0.17,0.58,10.0,,0.0,0.0,2022-11-10,162.0,NO
702358,CYSTOFLOW 2000 ML ADULTO,DISPOSITIVOS MEDICO,C,Baja,Media móvil,70.72,1.0,0.23,1.48,17.76,34.0,,0.0,0.0,2022-06-07,7.0,NO
702368,LLAVE DE 3 VIAS,DISPOSITIVOS MEDICO,B,Baja,XGBoost,268.58,1.0,0.23,11.67,73.48,16.0,,0.0,57.48,2022-06-01,0.0,SI
702377,BURETROL,DISPOSITIVOS MEDICO,A,Baja,XGBoost,969.35,1.0,0.23,12.27,235.37,120.0,,0.0,115.37,2022-06-01,0.0,SI
702381,EQUIPO MACROGOTEO S/A (SOLO CX E IMAGENES),DISPOSITIVOS MEDICO,B,Baja,XGBoost,276.07,1.0,0.23,11.07,74.61,46.0,,0.0,28.61,2022-06-01,0.0,SI
702382,EXTENSION DE ANESTESIA ADULTO ,DISPOSITIVOS MEDICO,A,Baja,XGBoost,1220.05,1.0,0.23,35.93,316.72,195.0,,0.0,121.72,2022-06-01,0.0,SI
702383,EXTENSION DE ANESTESIA PEDIATRICO,DISPOSITIVOS MEDICO,B,Baja,XGBoost,168.59,1.0,0.23,4.36,43.16,37.0,,0.0,6.16,2022-06-01,0.0,SI
702417,HUMIDIFICADOR 3PSI,DISPOSITIVOS MEDICO,C,Baja,Media móvil,44.22,1.0,0.23,0.45,10.63,17.0,,0.0,0.0,2022-06-05,4.0,NO
702435,NARIZ DE CAMELLO ADULTO,MEDICAMENTOS,B,Baja,XGBoost,199.26,1.0,0.23,10.47,56.33,58.0,,0.0,0.0,2022-06-01,0.0,NO
702437,NIPLE CONECTOR MAG 02 HUDSON ,DISPOSITIVOS MEDICO,C,Media,Media móvil,1.15,1.0,0.23,0.11,0.37,12.0,,0.0,0.0,2023-04-05,309.0,NO
702445,BUPRENORFINA PARCHE TRANSDERMICO 20MG ,CONTROLADOS,C,Alta,XGBoost,0.39,1.0,0.23,0.0,0.09,7.0,,0.0,0.0,2023-11-26,544.0,NO
702452,STOMAHESIVE PASTA TBX2 ONZ.,DISPOSITIVOS MEDICO,C,Media,Media móvil,18.95,1.0,0.23,1.76,6.12,6.0,,0.0,0.12,2022-06-01,0.0,SI
702460,PINZA P/BOLSA DE OSTOMIA ,DISPOSITIVOS MEDICO,C,Baja,Media móvil,10.66,1.0,0.23,0.06,2.51,7.0,,0.0,0.0,2022-06-13,13.0,NO
702473,FENOBARBITAL SOLUCIÓN INYECTABLE 40 MG/1ML ,CONTROLADOS,C,Media,Media móvil,15.85,1.0,0.23,3.02,6.67,47.0,,0.0,0.0,2022-08-17,77.0,NO
702484,KIT MICRONEBULIZADOR ADULTO,DISPOSITIVOS MEDICO,C,Baja,Media móvil,4.16,1.0,0.23,0.21,1.17,9.0,,0.0,0.0,2022-07-28,57.0,NO
702486,STOMAHESIVE POLVO X 1 ONZA,DISPOSITIVOS MEDICO,C,Baja,Media móvil,8.9,1.0,0.23,0.36,2.41,3.0,,0.0,0.0,2022-06-03,2.0,NO
702487,TAPON HEPARINIZADO,DISPOSITIVOS MEDICO,A,Baja,XGBoost,402.95,1.0,0.23,9.87,102.61,110.0,,3.0,0.0,2022-06-01,1.0,NO
702490,TAPON HEPARINA ROJO,DISPOSITIVOS MEDICO,B,Baja,XGBoost,265.43,1.0,0.23,18.93,80.02,111.0,,0.0,0.0,2022-06-04,4.0,NO
702531,EXTENSION DE MONITOREO MACHO MACHO,MEDICAMENTOS,C,Baja,Media móvil,5.03,1.0,0.23,0.38,1.54,12.0,,0.0,0.0,2022-08-03,63.0,NO
702558,TIOPENTAL POLVO LIOFILIZADO 1G ,MEDICAMENTOS,C,Alta,XGBoost,6.57,1.0,0.23,1.58,3.09,53.0,,0.0,0.0,2023-01-18,231.0,NO
702585,CANULA NASAL OXIGENO ADULTO,DISPOSITIVOS MEDICO,B,Baja,XGBoost,162.72,1.0,0.23,2.1,39.55,43.0,,0.0,0.0,2022-06-01,1.0,NO
702609,CANULA GUEDEL 3 (ISO 9.0),DISPOSITIVOS MEDICO,C,Alta,XGBoost,13.15,1.0,0.23,1.98,5.0,18.0,,0.0,0.0,2022-07-01,30.0,NO
702619,CANULA GUEDEL 2 (ISO 8.0),DISPOSITIVOS MEDICO,C,Alta,XGBoost,0.19,1.0,0.23,0.02,0.06,,,,,,,NO
702620,INCENTIVO RESPIRATORIO HUDSON,DISPOSITIVOS MEDICO,C,Alta,XGBoost,0.09,1.0,0.23,0.01,0.03,1.0,,0.0,0.0,2023-04-11,315.0,NO
702626,LINER FLEX 1500CC TAPA AZUL - GEL SOLIDIFICANTE,DISPOSITIVOS MEDICO,C,Baja,Media móvil,91.77,1.0,0.23,1.74,22.86,9.0,,0.0,13.86,2022-06-01,0.0,SI
702627,LINER FLEX 1000CC TAPA AZUL-GEL SOLIDIFICANTE,DISPOSITIVOS MEDICO,C,Baja,Media móvil,79.62,1.0,0.23,0.41,18.73,13.0,,0.0,5.73,2022-06-01,0.0,SI
702635,MASCARA C/RESERVORIO ADULTO,DISPOSITIVOS MEDICO,C,Baja,Media móvil,12.44,1.0,0.23,0.81,3.68,13.0,,0.0,0.0,2022-06-23,23.0,NO
702636,MASCARA NO REINHALACION C/RESERVORIO  PEDIATRICA,DISPOSITIVOS MEDICO,C,Alta,XGBoost,0.19,1.0,0.23,0.08,0.12,4.0,,0.0,0.0,2024-02-01,610.0,NO
702641,MASCARA VENTURY ADULTO,DISPOSITIVOS MEDICO,C,Baja,Media móvil,53.92,1.0,0.23,0.29,12.7,12.0,,0.0,0.7,2022-06-01,0.0,SI
702642,CANULA YANKAWER DESECHABLE ,DISPOSITIVOS MEDICO,C,Alta,XGBoost,0.18,1.0,0.23,0.04,0.08,5.0,,0.0,0.0,2024-09-25,847.0,NO
702673,RECOLECTOR/ORINA PED/BLX40  ,DISPOSITIVOS MEDICO,B,Baja,XGBoost,97.89,1.0,0.23,5.07,27.59,0.0,,,27.59,2022-06-01,0.0,SI
702694,TUBO ENDOTRAQUEAL 8.5 C/BL,DISPOSITIVOS MEDICO,C,Alta,XGBoost,1.0,1.0,0.23,0.0,0.23,10.0,,0.0,0.0,2023-03-25,297.0,NO
702695,TUBO ENDOTRAQUEAL 8.0 C/BL,DISPOSITIVOS MEDICO,C,Baja,Media móvil,12.42,1.0,0.23,0.23,3.09,8.0,,0.0,0.0,2022-06-13,12.0,NO
702696,TUBO ENDOTRAQUEAL 7.5 C/BL,DISPOSITIVOS MEDICO,C,Baja,Media móvil,19.95,1.0,0.23,0.57,5.16,10.0,,0.0,0.0,2022-06-08,7.0,NO
702697,TUBO ENDOTRAQUEAL 7.0 C/BL ,DISPOSITIVOS MEDICO,C,Media,Media móvil,1.31,1.0,0.23,0.12,0.42,7.0,,0.0,0.0,2022-11-01,153.0,NO
702698,TUBO ENDOTRAQUEAL 6.5 C/BL,DISPOSITIVOS MEDICO,C,Alta,XGBoost,0.92,1.0,0.23,0.17,0.38,3.0,,0.0,0.0,2022-08-27,87.0,NO
702703,TUBO ENDOTRAQUEAL 4.0 S/BL,DISPOSITIVOS MEDICO,C,Media,Media móvil,2.8,1.0,0.23,0.08,0.72,4.0,,0.0,0.0,2022-07-06,36.0,NO
702704,TUBO ENDOTRAQUEAL 3.5 S/BL    ,DISPOSITIVOS MEDICO,C,Media,Media móvil,1.6,1.0,0.23,0.16,0.52,1.0,,0.0,0.0,2022-06-10,9.0,NO
702705,TUBO ENDOTRAQUEAL 3.0 S/BL,DISPOSITIVOS MEDICO,C,Media,Media móvil,3.06,1.0,0.23,0.45,1.16,2.0,,0.0,0.0,2022-06-09,8.0,NO
702706,TUBO ENDOTRAQUEAL 2.5 S/BL ,DISPOSITIVOS MEDICO,C,Alta,XGBoost,0.55,1.0,0.23,0.07,0.2,12.0,,0.0,0.0,2024-03-15,653.0,NO
702707,TUBO ENDOTRAQUEAL 2.0 S/BL,DISPOSITIVOS MEDICO,C,Alta,XGBoost,0.19,1.0,0.23,0.0,0.05,4.0,,0.0,0.0,2024-03-06,645.0,NO
702713,TUBO ENDOTRAQUEAL 5.5 C/BL,DISPOSITIVOS MEDICO,C,Alta,XGBoost,0.92,1.0,0.23,0.17,0.38,,,,,,,NO
702715,"ENOXAPARINA 40MG/0,4ML SOL. INYECTABLE ",MEDICAMENTOS,A,Baja,XGBoost,2191.96,1.0,0.23,10.24,514.72,100.0,,0.0,414.72,2022-06-01,0.0,SI
702869,MASCARA P/TRAQUEOSTOMIA ADULTO - 1075,DISPOSITIVOS MEDICO,C,Baja,Media móvil,9.33,1.0,0.23,0.37,2.52,8.0,,0.0,0.0,2022-06-18,18.0,NO
703178,CLORURO DE SODIO 9% SOL. INYECTABLE x 250ML,MEDICAMENTOS,A,Baja,XGBoost,1104.45,1.0,0.23,4.93,259.12,259.0,,0.0,0.12,2022-06-01,0.0,SI
703179,HARTMAN SOLUCION INYECTABLE 500 ML,MEDICAMENTOS,A,Baja,XGBoost,722.56,1.0,0.23,47.35,213.65,28.0,,0.0,185.65,2022-06-01,0.0,SI
703180,CLORURO DE SODIO 9% SOL. INYECTABLE x 500ML,MEDICAMENTOS,A,Baja,XGBoost,2364.04,1.0,0.23,35.06,579.15,94.0,,0.0,485.15,2022-06-01,0.0,SI
703187,CANISTER 1100ML,DISPOSITIVOS MEDICO,C,Baja,Media móvil,8.99,1.0,0.23,1.31,3.38,10.0,,0.0,0.0,2022-06-23,22.0,NO
703366,URGOTUL AG 10X12CM,DISPOSITIVOS MEDICO,C,Alta,XGBoost,0.19,1.0,0.23,0.08,0.13,,,,,,,NO
703609,BRAZALETE NEO/5,DISPOSITIVOS MEDICO,C,Alta,XGBoost,0.25,1.0,0.23,0.04,0.1,4.0,,0.0,0.0,2023-09-12,469.0,NO
703645,NIFEDIPINO CÁPSULA 30MG,MEDICAMENTOS,A,Baja,XGBoost,1538.82,1.0,0.23,58.29,412.45,268.0,,9.0,144.45,2022-06-01,0.0,SI
703652,URSODEOXICOLICO ACIDO TABLETA 300MG,MEDICAMENTOS,C,Alta,XGBoost,15.94,1.0,0.23,2.77,6.43,25.0,,0.0,0.0,2022-07-06,35.0,NO
703654,OXIDO DE ZINC  5G/CALAMINA 5G /CREMA TÓPICA 5%/60G,MEDICAMENTOS,C,Media,Media móvil,7.55,1.0,0.23,0.73,2.47,10.0,,0.0,0.0,2022-07-01,30.0,NO
703665,KIT MICRONEBULIZADOR PEDIATRICO,DISPOSITIVOS MEDICO,C,Media,Media móvil,2.77,1.0,0.23,0.17,0.81,3.0,,0.0,0.0,2022-06-25,24.0,NO
703668,VALPROICO ÁCIDO 500MG/5 ML SOL. INYECTABLE,MEDICAMENTOS,B,Media,XGBoost,141.53,1.0,0.23,10.27,42.85,49.0,,0.0,0.0,2022-06-02,1.0,NO
703672,ASCORBICO ACIDO 500MG TABLETA  (VITAMINA C),MEDICAMENTOS,A,Media,XGBoost,823.22,1.0,0.23,82.52,271.98,579.0,,7.0,0.0,2022-06-12,11.0,NO
703686,CARBONATO DE LITIO 300MG TABLETA ,MEDICAMENTOS,C,Alta,XGBoost,0.14,1.0,0.23,0.01,0.05,13.0,,3.0,0.0,2029-12-11,2751.0,NO
703694,DOMPERIDONA 10MG TABLETA ,MEDICAMENTOS,C,Alta,XGBoost,0.1,1.0,0.23,0.01,0.03,0.0,,,0.03,2022-06-01,0.0,SI
703708,REMIFENTANIL POLVO LIOFILIZADO 2MG ,CONTROLADOS,C,Alta,XGBoost,0.2,1.0,0.23,0.07,0.12,224.0,,0.0,0.0,2115-09-16,34074.0,NO
703723,CLORURO DE SODIO 9% SOL. INYECTABLE x 100ML,MEDICAMENTOS,A,Baja,XGBoost,7845.11,1.0,0.23,107.79,1913.33,909.0,,0.0,1004.33,2022-06-01,0.0,SI
703730,S/TRACH-CARE 14FR/ 4445P02514  CORTA ,DISPOSITIVOS MEDICO,C,Baja,Media móvil,33.42,1.0,0.23,2.33,10.02,7.0,,0.0,3.02,2022-06-01,0.0,SI
703735,CLORURO DE SODIO 9% SOL. INYECTABLE x 1000ML,MEDICAMENTOS,A,Baja,XGBoost,1213.5,1.0,0.23,32.08,311.37,62.0,,0.0,249.37,2022-06-01,0.0,SI
703754,MORFINA 10MG/1ML SOL. INYECTABLE,CONTROLADOS,B,Baja,XGBoost,185.12,1.0,0.23,4.2,46.8,455.0,,0.0,0.0,2022-08-07,67.0,NO
703755,MORFINA SOLUCION ORAL 30MG/ML x 30ML,CONTROLADOS,C,Alta,XGBoost,0.24,1.0,0.23,0.05,0.1,5.0,,0.0,0.0,2024-02-03,613.0,NO
703775,HARTMAN SOLUCION INYECTABLE 1000 ML,MEDICAMENTOS,A,Baja,XGBoost,1580.18,1.0,0.23,9.96,373.64,35.0,,0.0,338.64,2022-06-01,0.0,SI
703782,HIDROMORFONA 2MG/1ML SOL. INYECTABLE,MEDICAMENTOS,B,Media,XGBoost,164.16,1.0,0.23,2.56,40.34,478.0,,0.0,0.0,2022-08-21,81.0,NO
703789,RISPERIDONA 1 MG TABLETA ,MEDICAMENTOS,C,Media,Media móvil,25.14,1.0,0.23,1.29,7.07,28.0,,2.0,0.0,2022-06-26,25.0,NO
704102,HIERRO SACAROSA SOL. INYECTABLE 100MG/5ML,MEDICAMENTOS,C,Baja,Media móvil,41.75,1.0,0.23,1.65,11.26,7.0,,0.0,4.26,2022-06-01,0.0,SI
704205,"METOTREXATE TABLETA 2,5MG",MEDICAMENTOS,C,Media,Media móvil,5.33,1.0,0.23,2.08,3.31,21.0,,2.0,0.0,2022-09-09,101.0,NO
704252,CASPOFUNGINA 50MG POLVO LIOFILIZADO ,MEDICAMENTOS,C,Baja,Media móvil,43.75,1.0,0.23,0.4,10.46,22.0,,0.0,0.0,2022-06-09,8.0,NO
704256,CLORURO DE SODIO 9% SOL. INYECTABLE x 50ML,MEDICAMENTOS,A,Baja,XGBoost,858.59,1.0,0.23,5.92,203.52,57.0,,0.0,146.52,2022-06-01,0.0,SI
704292,FOSFOMICINA GRANULOS PARA SUSPENCIÓN ORAL 3G,MEDICAMENTOS,C,Alta,XGBoost,1.69,1.0,0.23,0.12,0.51,5.0,,0.0,0.0,2022-08-20,81.0,NO
704298,CONDON  S/LUBRICAR X 3 ,DISPOSITIVOS MEDICO,C,Alta,XGBoost,2.04,1.0,0.23,0.54,1.01,5.0,,3.0,0.0,2022-07-30,59.0,NO
704308,ALGODON LAMINADO 3X5 ,DISPOSITIVOS MEDICO,C,Alta,XGBoost,0.36,1.0,0.23,0.01,0.09,0.0,,,0.09,2022-06-01,0.0,SI
704336,CIPROFLOXACINO SOLUCIÓN OFTÁLMICA 0.3% x 10 ML ,MEDICAMENTOS,C,Alta,XGBoost,0.3,1.0,0.23,0.01,0.08,,,,,,,NO
704346,ACICLOVIR UNGÜENTO TOPICO 5% x 15 GRAMOS,MEDICAMENTOS,C,Alta,XGBoost,0.6,1.0,0.23,0.07,0.21,0.0,,,0.21,2022-06-01,0.0,SI
704381,BOLSA OSTOMIA OP/38MM ,DISPOSITIVOS MEDICO,C,Alta,XGBoost,0.29,1.0,0.23,0.01,0.07,2.0,,0.0,0.0,2022-12-17,200.0,NO
704417,"EPOPROSTENOL TERMOESTABLE 1.5 MG POLVO LIOFILIZADO 1,5MG",MEDICAMENTOS,C,Alta,XGBoost,0.38,1.0,0.23,0.03,0.12,,,,,,,NO
704444,"PULMOCARE SOLUCIÓN ORAL 1,5KCAL/1ML (355,5KCAL/237ML)) ALIMENTO PARA PROPÓSITO",NUTRICION,B,Media,XGBoost,228.37,1.0,0.23,10.53,63.09,88.0,,0.0,0.0,2022-06-04,3.0,NO
705183,AGUJA BIOPSIA MEDULA OSEA  DBMNJ1104TL RP-M,DISPOSITIVOS MEDICO,C,Media,Media móvil,1.66,1.0,0.23,0.06,0.44,3.0,,0.0,0.0,2022-07-18,47.0,NO
705294,ELECTRODO BIPOLAR  6FRX110X10 AI-06210,MEDICAMENTOS,C,Media,Media móvil,0.89,1.0,0.23,0.12,0.33,2.0,,0.0,0.0,2022-07-28,57.0,NO
705297,PIRIDOXINA CÁPSULA 50MG (VITAMINA B6),MEDICAMENTOS,C,Baja,Media móvil,108.04,1.0,0.23,3.97,28.83,38.0,,10.0,0.0,2022-06-03,3.0,NO
705353,FLUCONAZOL 50 MG/5ML SUSPENSION ,MEDICAMENTOS,C,Alta,XGBoost,2.92,1.0,0.23,0.29,0.96,2.0,,0.0,0.0,2022-06-11,11.0,NO
705431,CATETER SWAN GANZ 5L 831HF75P,DISPOSITIVOS MEDICO,C,Media,Media móvil,0.94,1.0,0.23,0.22,0.44,1.0,,0.0,0.0,2022-06-19,18.0,NO
705488,PROPANOLOL TABLETA 40MG,MEDICAMENTOS,B,Baja,XGBoost,135.72,1.0,0.23,2.38,33.61,42.0,,11.0,0.0,2022-06-02,2.0,NO
705498,MULTIVITAMINAS Y MINERALES CON LUTEINA TABLETA -,MEDICAMENTOS,C,Alta,XGBoost,5.92,1.0,0.23,2.31,3.67,,,,,,,NO
705505,GASA ESTERIL 7.5 X 7.5 ,DISPOSITIVOS MEDICO,C,Media,Media móvil,0.0,1.0,0.23,0.0,0.0,48.0,,2.0,0.0,,,NO
705561,PREGABALINA CAPSULA 25MG,MEDICAMENTOS,C,Alta,XGBoost,1.44,1.0,0.23,0.17,0.5,30.0,,1.0,0.0,2024-02-13,622.0,NO
705570,AMBRISENTAN 10 MG TABLETA,MEDICAMENTOS,C,Alta,XGBoost,7.77,1.0,0.23,1.43,3.21,12.0,,0.0,0.0,2022-07-05,34.0,NO
705579,COLAGENASA UNGUENTO 40 G ,MEDICAMENTOS,C,Alta,XGBoost,0.17,1.0,0.23,0.01,0.05,,,,,,,NO
705632,SALBUTAMOL SUSP. PARA INHALACIÓN 100MCG//1PUFF/200PUFF,MEDICAMENTOS,C,Baja,Media móvil,17.68,1.0,0.23,0.96,5.03,17.0,,0.0,0.0,2022-06-21,21.0,NO
705740,MOXIFLOXACINO SOLUCION INFUSION FCO. 400 MG/250 ML  (AVELOX ),MEDICAMENTOS,C,Alta,XGBoost,0.25,1.0,0.23,0.0,0.06,3.0,,0.0,0.0,2023-05-29,363.0,NO
705846,MEDROXIPROGESTERONA TABLETA 5MG,MEDICAMENTOS,C,Alta,XGBoost,0.45,1.0,0.23,0.02,0.12,19.0,,1.0,0.0,2025-12-08,1287.0,NO
705888,IOBAN REF/6650    ,DISPOSITIVOS MEDICO,C,Alta,XGBoost,0.69,1.0,0.23,0.12,0.28,0.0,,,0.28,2022-06-01,0.0,SI
705891,PARCHE OCULAR AD,DISPOSITIVOS MEDICO,C,Alta,XGBoost,0.34,1.0,0.23,0.06,0.14,0.0,,,0.14,2022-06-01,0.0,SI
705958,MEMANTINA TABLETA 10MG,MEDICAMENTOS,C,Alta,XGBoost,0.54,1.0,0.23,0.12,0.24,0.0,,,0.24,2022-06-01,0.0,SI
705961,MESALAZINA TABLETA 500MG,MEDICAMENTOS,C,Alta,XGBoost,9.8,1.0,0.23,1.15,3.4,33.0,,2.0,0.0,2022-08-31,92.0,NO
706053,ALTEPLASA 50 MG POLVO LIOFILIZADO 50MG,MEDICAMENTOS,C,Alta,XGBoost,0.5,1.0,0.23,0.16,0.27,2.0,,0.0,0.0,2022-09-13,105.0,NO
706122,"FONDAPARINA 2,5MG/0,5ML SOL. INYECTABLE ",MEDICAMENTOS,C,Alta,XGBoost,0.74,1.0,0.23,0.05,0.22,0.0,,,0.22,2022-06-01,0.0,SI
706123,CATETER GASTROSTOMIA FLOW-20PUSH/ COOK,DISPOSITIVOS MEDICO,C,Baja,Media móvil,9.38,1.0,0.23,0.41,2.57,4.0,,0.0,0.0,2022-06-05,5.0,NO
706175,CATETER YUGULAR CURVO (MAHURKAR CURVO) 5FR,DISPOSITIVOS MEDICO,C,Baja,Media móvil,13.36,1.0,0.23,0.4,3.48,8.0,,0.0,0.0,2022-06-11,10.0,NO
706196,"BUDESONIDA/FORMOTEROL POLVO PARA INHALACIÓN 160MCG/4,5MCG/1PUFF x 120PUFF",MEDICAMENTOS,C,Alta,XGBoost,0.36,1.0,0.23,0.02,0.1,3.0,,0.0,0.0,2023-02-01,245.0,NO
706261,GELATINA FLUIDA MODIFICADA EN SOLUCIÓN IÓNICA SOLUCIÓN INYECTABLE 20G/500ML,MEDICAMENTOS,C,Alta,XGBoost,0.21,1.0,0.23,0.0,0.05,1.0,,0.0,0.0,2022-10-18,140.0,NO
706577,APLICADOR NITRATO DE PLATA,DISPOSITIVOS MEDICO,C,Alta,XGBoost,0.16,1.0,0.23,0.07,0.11,3.0,,0.0,0.0,2023-12-15,562.0,NO
706670,ACICLOVIR TABLETA 800MG,MEDICAMENTOS,C,Alta,XGBoost,45.6,1.0,0.23,13.93,24.43,20.0,,4.0,4.43,2022-06-01,0.0,SI
706682,QUETIAPINA TABLETA 100MG,MEDICAMENTOS,C,Alta,XGBoost,57.12,1.0,0.23,5.27,18.42,30.0,,5.0,0.0,2022-06-07,6.0,NO
706722,CALCIO CARBONATO/VITAMINA D TABLETA 600MG/125UI,MEDICAMENTOS,C,Alta,XGBoost,18.96,1.0,0.23,5.63,9.99,0.0,,,9.99,2022-06-01,0.0,SI
707118,AZITROMICINA TABLETA 500MG,MEDICAMENTOS,C,Alta,XGBoost,34.67,1.0,0.23,3.9,11.87,82.0,,0.0,0.0,2022-08-01,62.0,NO
707121,CIPROFLOXACINO 500MG TABLETA,MEDICAMENTOS,C,Media,Media móvil,37.21,1.0,0.23,4.74,13.31,45.0,,10.0,0.0,2022-06-26,26.0,NO
707126,ACETAMINOFEN JARABE 150 MG/5 ML FRASCO x 60 ML,MEDICAMENTOS,C,Alta,XGBoost,0.73,1.0,0.23,0.11,0.27,4.0,,0.0,0.0,2022-11-03,155.0,NO
707137,LORATADINA JARABE 1MG/1ML (100MG/100ML),MEDICAMENTOS,C,Alta,XGBoost,0.8,1.0,0.23,0.08,0.26,0.0,,,0.26,2022-06-01,0.0,SI
707251,SILDENAFIL TABLETA 50MG,MEDICAMENTOS,C,Alta,XGBoost,18.22,1.0,0.23,2.16,6.35,22.0,,8.0,0.0,2022-06-27,26.0,NO
707258,TRANSDUCTOR PLASTICO,DISPOSITIVOS MEDICO,B,Baja,XGBoost,186.33,1.0,0.23,6.54,49.43,23.0,,0.0,26.43,2022-06-01,0.0,SI
707300,SURFACTANTE PULMONAR PORCINO SUSPENSIÓN INYECTABLE 240MG/3ML,MEDICAMENTOS,C,Alta,XGBoost,0.66,1.0,0.23,0.09,0.24,0.0,,,0.24,2022-06-01,0.0,SI
707547,AGUJA COAXIAL MCXS 14X10,DISPOSITIVOS MEDICO,C,Alta,XGBoost,0.1,1.0,0.23,0.01,0.03,0.0,,,0.03,2022-06-01,0.0,SI
707596,ONDANSETRON SOL. INYECTABLE 4MG/2ML,MEDICAMENTOS,B,Media,XGBoost,181.9,1.0,0.23,8.79,50.65,55.0,,0.0,0.0,2022-06-01,1.0,NO
707597,ONDANSETRON SOL. INYECTABLE 8MG/4ML,MEDICAMENTOS,B,Baja,XGBoost,277.34,1.0,0.23,11.82,75.65,115.0,,1.0,0.0,2022-06-05,4.0,NO
707610,COLECALCIFEROL 25.000 UI,MEDICAMENTOS,C,Alta,XGBoost,0.28,1.0,0.23,0.01,0.08,,,,,,,NO
707621,CEFTOLOZANO/TAZOBACTAM 1.5G (1+0.5G) POLVO PARA RECONSTITUCION,MEDICAMENTOS,C,Alta,XGBoost,1.69,1.0,0.23,0.18,0.57,20.0,,0.0,0.0,2023-05-17,351.0,NO
707755,METOPROLOL SUCCINATO TABLETA 50MG,MEDICAMENTOS,B,Baja,XGBoost,80.9,1.0,0.23,3.11,21.73,32.0,,1.0,0.0,2022-06-04,4.0,NO
707781,DREN BALKE 19FR REDONDO S/U REF 2232,DISPOSITIVOS MEDICO,C,Alta,XGBoost,0.09,1.0,0.23,0.04,0.06,0.0,,,0.06,2022-06-01,0.0,SI
707878,CATETER PREMICATH 28GX1FRX20CM    ,DISPOSITIVOS MEDICO,C,Media,Media móvil,2.48,1.0,0.23,0.37,0.94,5.0,,0.0,0.0,2022-07-20,50.0,NO
708178,AGUJA P/ASPIRACION DE MEDULA OSEA DBMNI 1501 RP.M,DISPOSITIVOS MEDICO,C,Baja,Media móvil,3.85,1.0,0.23,0.11,1.0,4.0,,0.0,0.0,2022-06-24,24.0,NO
708344,JERINGA  5ML LIBRE DE LATEX,DISPOSITIVOS MEDICO,A,Baja,XGBoost,6863.92,1.0,0.23,12.54,1592.27,540.0,,2.0,1052.27,2022-06-01,0.0,SI
708346,JERINGA 20ML ,DISPOSITIVOS MEDICO,A,Baja,XGBoost,635.69,1.0,0.23,2.63,148.94,73.0,,1.0,75.94,2022-06-01,0.0,SI
708363,CIANOCOBALAMINA 1MG/1ML (VITAMINA B12) SOL. INYECTABLE,MEDICAMENTOS,C,Media,Media móvil,34.97,1.0,0.23,2.58,10.63,16.0,,0.0,0.0,2022-06-05,5.0,NO
708677,DOMPERIDONA 1MG/1ML SUSPENSION,MEDICAMENTOS,C,Media,Media móvil,0.66,1.0,0.23,0.06,0.21,3.0,,0.0,0.0,2022-10-08,129.0,NO
708756,CATETER RECTO COAXIAL 2L 11FR X 20CM (MAHURKAR RECTO),DISPOSITIVOS MEDICO,C,Baja,Media móvil,12.36,1.0,0.23,0.4,3.25,7.0,,0.0,0.0,2022-06-10,9.0,NO
708771,HARTMAN SOLUCION INYECTABLE 3000 ML,MEDICAMENTOS,C,Alta,XGBoost,1.38,1.0,0.23,0.54,0.85,,,,,,,NO
708786,SENSOR NEONATAL PULSOXIMETRO,DISPOSITIVOS MEDICO,C,Baja,Media móvil,33.37,1.0,0.23,0.9,8.58,14.0,,0.0,0.0,2022-06-05,5.0,NO
708833,QUETIAPINA TABLETA 25MG,MEDICAMENTOS,B,Media,XGBoost,179.43,1.0,0.23,32.9,74.2,0.0,,,74.2,2022-06-01,0.0,SI
708836,TOPIRAMATO TABLETA 100MG,MEDICAMENTOS,C,Alta,XGBoost,0.47,1.0,0.23,0.0,0.11,17.0,,1.0,0.0,2025-06-06,1102.0,NO
708852,TRAMPA DE LUKEN    ,DISPOSITIVOS MEDICO,C,Media,Media móvil,134.36,1.0,0.23,8.31,39.23,17.0,,0.0,22.23,2022-06-01,0.0,SI
708883,AQUACEL AG+ APOSITO 20 X 30 ,DISPOSITIVOS MEDICO,C,Baja,Media móvil,3.66,1.0,0.23,0.06,0.9,4.0,,0.0,0.0,2022-06-26,26.0,NO
708919,ZIDOVUDINA SOLUCIÓN INYECTABLE 10MG/1ML,MEDICAMENTOS,C,Alta,XGBoost,0.14,1.0,0.23,0.07,0.1,0.0,,,0.1,2022-06-01,0.0,SI
709134,LEVETIRACETAM TABLETA 500MG,MEDICAMENTOS,B,Media,XGBoost,184.68,1.0,0.23,14.12,56.63,17.0,,0.0,39.63,2022-06-01,0.0,SI
709707,CATETER VENOSO CENTRAL (CVC) BILUMEN 7FRX20CM ,DISPOSITIVOS MEDICO,C,Media,Media móvil,6.28,1.0,0.23,0.81,2.26,11.0,,0.0,0.0,2022-07-13,42.0,NO
709736,"ALPRAZOLAM TABLETA 0,25 MG ",CONTROLADOS,B,Media,XGBoost,128.31,1.0,0.23,3.05,32.58,401.0,,11.0,0.0,2022-08-27,87.0,NO
709757,DIAZEPAM SOLUCIÓN INYECTABLE 10MG/2ML ,CONTROLADOS,C,Media,Media móvil,1.69,1.0,0.23,0.12,0.51,76.0,,0.0,0.0,2026-02-17,1357.0,NO
710039,SEDA  0 CS424 (GS-21)SOFSILK  TYCO,DISPOSITIVOS MEDICO,C,Alta,XGBoost,1.46,1.0,0.23,0.45,0.79,26.0,,0.0,0.0,2023-11-07,524.0,NO
710045,SEDA 3-0 SS684( C-14)SOFSILK,DISPOSITIVOS MEDICO,C,Baja,Media móvil,11.21,1.0,0.23,0.76,3.34,7.0,,0.0,0.0,2022-06-10,10.0,NO
710108,SURGIPRO 4-0 SP5682 (P-12) TYCO,DISPOSITIVOS MEDICO,C,Alta,XGBoost,0.1,1.0,0.23,0.01,0.03,0.0,,,0.03,2022-06-01,0.0,SI
710110,SEDA 2-0 SS685 (C-15) SOFSILK CURVA,DISPOSITIVOS MEDICO,C,Media,Media móvil,0.0,1.0,0.23,0.0,0.0,,,,,,,NO
710111,SEDA 2-0 SS623 (SC-2) SOFSILK RECTA,DISPOSITIVOS MEDICO,C,Baja,Media móvil,82.2,1.0,0.23,2.84,21.75,,,,,,,NO
710176,PROPOFOL SOLUCIÓN INYECTABLE 10MG/1ML (500MG/50ML),MEDICAMENTOS,C,Alta,XGBoost,2.74,1.0,0.23,0.51,1.14,9.0,,0.0,0.0,2022-08-27,87.0,NO
710356,"CARVEDILOL TABLETA 6,25MG",MEDICAMENTOS,B,Baja,XGBoost,457.64,1.0,0.23,13.9,119.22,1.0,,42.0,118.22,2022-06-01,0.0,SI
710703,HIDROXICARBAMIDA CÁPSULA 500MG,MEDICAMENTOS,C,Media,Media móvil,11.36,1.0,0.23,2.45,5.07,24.0,,0.0,0.0,2022-07-21,51.0,NO
710768,CYSTOFLOW 500 ML,DISPOSITIVOS MEDICO,C,Baja,Media móvil,12.14,1.0,0.23,1.42,4.21,6.0,,0.0,0.0,2022-06-05,4.0,NO
711321,ADAPTADOR P/CO-SET REF-93505,DISPOSITIVOS MEDICO,C,Alta,XGBoost,0.82,1.0,0.23,0.29,0.48,3.0,,0.0,0.0,2022-09-02,94.0,NO
711417,AZUL DE METILENO 1% x 5ML,MEDICAMENTOS,C,Media,Media móvil,3.26,1.0,0.23,0.51,1.26,5.0,,0.0,0.0,2022-07-06,35.0,NO
711979,"FLUDROCORTISONA TABLETA 0,1MG",MEDICAMENTOS,C,Alta,XGBoost,4.24,1.0,0.23,0.95,1.92,52.0,,0.0,0.0,2023-05-26,359.0,NO
712599,ARTEMETER/LUMEFANTRINA TABLETA 20/120MG,MEDICAMENTOS,C,Alta,XGBoost,22.44,1.0,0.23,2.52,7.69,,,,,,,NO
712920,SONDA FOLEY 2 VIAS 8X3 SILICONADA PEDIATRICA ,DISPOSITIVOS MEDICO,C,Alta,XGBoost,0.09,1.0,0.23,0.01,0.03,1.0,,0.0,0.0,2023-04-11,315.0,NO
712991,CANULA NASAL OXIGENO PEDIATRICA NO ESTERIL ,DISPOSITIVOS MEDICO,C,Alta,XGBoost,0.15,1.0,0.23,0.01,0.05,,,,,,,NO
713099,CATETER VENOSO CENTRAL TRILUMEN (CVC) 7FRX20CM ,DISPOSITIVOS MEDICO,C,Baja,Media móvil,33.0,1.0,0.23,0.65,8.24,18.0,,0.0,0.0,2022-06-10,9.0,NO
713258,"ALPRAZOLAM TABLETA 0,50 MG ",CONTROLADOS,C,Media,Media móvil,30.15,1.0,0.23,1.4,8.34,307.0,,11.0,0.0,2023-03-29,302.0,NO
713549,LOPINAVIR/RITONAVIR TABLETA 200MG/50MG,MEDICAMENTOS,C,Alta,XGBoost,0.46,1.0,0.23,0.12,0.23,0.0,,,0.23,2022-06-01,0.0,SI
713679,APOSITO ESTERIL 1685 IV (TEGADERM 8.5 X 11.5),DISPOSITIVOS MEDICO,B,Baja,XGBoost,233.36,1.0,0.23,1.4,55.11,51.0,,0.0,4.11,2022-06-01,0.0,SI
713842,ESTILETE GUIA ENDOTRAQUEAL 14MM,DISPOSITIVOS MEDICO,C,Alta,XGBoost,23.38,1.0,0.23,2.28,7.66,7.0,,0.0,0.66,2022-06-01,0.0,SI
713863,INMUNOGLOBULINA HUMANA ANTIHEPATITIS B SOLUCIÓN INYECTABLE 50UI/1ML (100UI/2ML),MEDICAMENTOS,C,Alta,XGBoost,0.45,1.0,0.23,0.08,0.19,,,,,,,NO
713981,PIRIDOSTIGMINA TABLETA 60MG,MEDICAMENTOS,C,Alta,XGBoost,3.39,1.0,0.23,0.92,1.7,10.0,,0.0,0.0,2022-08-14,74.0,NO
714048,LAGRIMAS ARTIFICIALES SOLUCIÓN OFTÁLMICA 5MG/1ML (75MG/15ML),MEDICAMENTOS,C,Alta,XGBoost,0.32,1.0,0.23,0.01,0.09,,,,,,,NO
714463,RIVAROXABAN TABLETA 20MG,MEDICAMENTOS,C,Alta,XGBoost,0.88,1.0,0.23,0.02,0.23,13.0,,0.0,0.0,2023-08-16,442.0,NO
714819,MOSAPRIDA TABLETA 5MG,MEDICAMENTOS,C,Alta,XGBoost,0.16,1.0,0.23,0.0,0.04,9.0,,0.0,0.0,2027-03-07,1741.0,NO
714878,"GLUCERNA SOLUCIÓN ORAL 0,93KCAL/1ML (220,4KCAL/237ML)) ALIMENTO LIQUIDO CON CA",NUTRICION,C,Alta,XGBoost,1.27,1.0,0.23,0.76,1.05,0.0,,,1.05,2022-06-01,0.0,SI
714955,CLOZAPINA TABLETA 25 MG,CONTROLADOS,B,Baja,XGBoost,167.67,1.0,0.23,8.2,46.79,389.0,,14.0,0.0,2022-08-02,62.0,NO
715020,DULOXETINA TABLETA 30MG,MEDICAMENTOS,C,Alta,XGBoost,1.42,1.0,0.23,0.12,0.45,12.0,,0.0,0.0,2023-02-03,247.0,NO
715068,SET DE LINEA (CATETER ARTERIAL CATH 20X8),DISPOSITIVOS MEDICO,B,Baja,XGBoost,95.63,1.0,0.23,2.94,24.95,27.0,,0.0,0.0,2022-06-01,1.0,NO
715131,CEFOTAXIMA SOLUCIÓN INYECTABLE 1G,MEDICAMENTOS,C,Alta,XGBoost,1.34,1.0,0.23,0.02,0.33,19.0,,0.0,0.0,2023-07-29,423.0,NO
715385,CAFEINA CITRATO 20MG/ML SOL. INYECTABLE (10MG/ML CAFEINA BASE),MEDICAMENTOS,B,Media,XGBoost,140.23,1.0,0.23,15.61,47.88,105.0,,0.0,0.0,2022-06-13,12.0,NO
715460,BOLSA ACTIVE LIFE ADULTO-22771 ,DISPOSITIVOS MEDICO,C,Media,Media móvil,17.74,1.0,0.23,0.98,5.06,13.0,,0.0,0.0,2022-06-14,14.0,NO
715545,LORAZEPAM TABLETA 2MG,CONTROLADOS,B,Media,XGBoost,271.87,1.0,0.23,27.23,89.8,63.0,,17.0,26.8,2022-06-01,0.0,SI
715571,ACIDO POLIACRILICO 0.2% GEL OFTALMICO ESTERIL,MEDICAMENTOS,C,Alta,XGBoost,0.13,1.0,0.23,0.0,0.03,4.0,,0.0,0.0,2025-01-09,953.0,NO
715576,DORIPENEM POLVO LIOFILIZADO 500MG,MEDICAMENTOS,C,Alta,XGBoost,103.58,1.0,0.23,10.31,34.15,48.0,,0.0,0.0,2022-06-05,4.0,NO
715623,OXICODONA TABLETA DE LIBERACIÓN CONTROLADA 10MG ,CONTROLADOS,C,Media,Media móvil,33.81,1.0,0.23,3.28,11.06,431.0,,1.0,0.0,2023-06-14,378.0,NO
715706,CAUCHO TUBO P/SUCCION 3MT ESTERIL  ,DISPOSITIVOS MEDICO,B,Baja,XGBoost,145.66,1.0,0.23,0.91,34.43,19.0,,0.0,15.43,2022-06-01,0.0,SI
715794,GLUTAPAK R POLVO PARA SOLUCIÓN ORAL 15G) ALIMENTO A BASE DE GLUTAMINA Y LACTOB,NUTRICION,C,Baja,Media móvil,80.21,1.0,0.23,6.19,24.65,22.0,,0.0,2.65,2022-06-01,0.0,SI
715826,PLEUR-EVAC 2500CC -A8000106 (PLEUROVAC),DISPOSITIVOS MEDICO,C,Baja,Media móvil,7.85,1.0,0.23,0.62,2.43,3.0,,0.0,0.0,2022-06-03,2.0,NO
716204,KETAMINA SOL. INYECTABLE 500MG,CONTROLADOS,C,Alta,XGBoost,10.34,1.0,0.23,1.71,4.09,12.0,,0.0,0.0,2022-06-24,23.0,NO
716715,CLONAZEPAM TABLETA 2 MG ,CONTROLADOS,C,Alta,XGBoost,54.62,1.0,0.23,4.53,17.1,124.0,,8.0,0.0,2022-07-30,60.0,NO
716732,IBUPROFENO 10MG/2ML SOL. INYECTABLE,MEDICAMENTOS,C,Alta,XGBoost,0.19,1.0,0.23,0.06,0.1,,,,,,,NO
716753,BOLSA RECOLECTORA 1000 CC REF: Z-01000,DISPOSITIVOS MEDICO,C,Alta,XGBoost,1.71,1.0,0.23,0.09,0.49,0.0,,,0.49,2022-06-01,0.0,SI
716754,CONECTOR EN Y -SUPLESALUD,DISPOSITIVOS MEDICO,C,Alta,XGBoost,0.11,1.0,0.23,0.05,0.08,,,,,,,NO
716842,TERLIPRESINA ACETATO 1MG,MEDICAMENTOS,C,Alta,XGBoost,13.8,1.0,0.23,0.09,3.27,35.0,,0.0,0.0,2022-08-09,70.0,NO
716958,CATETER  UMBILICAL 2.5 FR,DISPOSITIVOS MEDICO,C,Alta,XGBoost,0.75,1.0,0.23,0.1,0.27,11.0,,0.0,0.0,2023-08-12,437.0,NO
717140,NUTRICION ENTERAL CETOGENICA 300 G LATA,NUTRICION,C,Alta,XGBoost,0.33,1.0,0.23,0.01,0.09,,,,,,,NO
717160,PROGESTERONA CÁPSULA 200MG,MEDICAMENTOS,C,Alta,XGBoost,0.17,1.0,0.23,0.04,0.08,18.0,,0.0,0.0,2031-05-17,3273.0,NO
717191,MOXIFLOXACINO TABLETA 400MG,MEDICAMENTOS,C,Alta,XGBoost,6.08,1.0,0.23,0.6,2.0,,,,,,,NO
717218,"CLONAZEPAM SOL. ORAL 2,5MG/1ML x 20ML",CONTROLADOS,C,Media,Media móvil,2.42,1.0,0.23,0.23,0.79,29.0,,0.0,0.0,2023-05-22,355.0,NO
717219,"CLONAZEPAM TABLETA 0,5 MG ",CONTROLADOS,B,Media,XGBoost,96.04,1.0,0.23,19.85,41.95,345.0,,8.0,0.0,2022-09-05,96.0,NO
717248,N-ACETILCISTEINA GRANULOS PARA SUSPENCIÓN ORAL 600MG,MEDICAMENTOS,C,Alta,XGBoost,0.55,1.0,0.23,0.1,0.22,34.0,,2.0,0.0,2027-07-14,1869.0,NO
717262,OXITOCINA 10UI SOL. INYECTABLE,CONTROLADOS,C,Alta,XGBoost,1.38,1.0,0.23,0.24,0.56,635.0,,0.0,0.0,2060-08-20,13961.0,NO
717274,PREGABALINA TABLETA 75MG,MEDICAMENTOS,B,Media,XGBoost,139.7,1.0,0.23,8.36,40.51,97.0,,7.0,0.0,2022-06-13,12.0,NO
717280,SACUBITRIL/ VALSARTAN 100 MG TABLETA,MEDICAMENTOS,C,Alta,XGBoost,0.21,1.0,0.23,0.09,0.14,10.0,,0.0,0.0,2026-04-30,1430.0,NO
717389,VASO DESECHABLE 7 ONZ,DISPOSITIVOS MEDICO,A,Alta,XGBoost,201.03,1.0,0.23,45.41,91.68,0.0,,,91.68,2022-06-01,0.0,SI
717421,NUTRAMIGEN PREMIUM CON LGG 357G LATA,MEDICAMENTOS,C,Alta,XGBoost,0.15,1.0,0.23,0.01,0.05,,,,,,,NO
717432,FLUTICASONA/SALMETEROL SUSPENSIÓN PARA INHALACIÓN 250MCG/25MCG/1PUFF/120PUFF,MEDICAMENTOS,C,Media,Media móvil,1.25,1.0,0.23,0.25,0.54,3.0,,0.0,0.0,2022-07-30,60.0,NO
717442,BUDESONIDA/FORMOTEROL SUSPENSIÓN PARA INHALACIÓN 320MCG/9MCG/1PUFF/60PUFF,MEDICAMENTOS,C,Alta,XGBoost,0.45,1.0,0.23,0.08,0.19,0.0,,,0.19,2022-06-01,0.0,SI
717450,N-ACETILCISTEINA SOLUCIÓN INYECTABLE 300MG/3ML,MEDICAMENTOS,C,Alta,XGBoost,7.68,1.0,0.23,1.86,3.63,12.0,,0.0,0.0,2022-07-04,33.0,NO
717455,IVABRADINE TABLETA 5MG,MEDICAMENTOS,C,Alta,XGBoost,0.31,1.0,0.23,0.03,0.1,6.0,,0.0,0.0,2023-12-31,579.0,NO
717519,OMEPRAZOL POLVO LIOFILIZADO 40MG,MEDICAMENTOS,A,Baja,XGBoost,1616.21,1.0,0.23,15.2,387.17,217.0,,0.0,170.17,2022-06-01,0.0,SI
717705,DABIGATRAN CÁPSULA 150MG,MEDICAMENTOS,C,Alta,XGBoost,0.34,1.0,0.23,0.19,0.26,,,,,,,NO
717716,TERMOMETRO,DISPOSITIVOS MEDICO,B,Baja,XGBoost,288.28,1.0,0.23,7.69,74.04,61.0,,0.0,13.04,2022-06-01,0.0,SI
717763,LACOSAMIDA TABLETA 100MG,MEDICAMENTOS,C,Alta,XGBoost,115.78,1.0,0.23,11.34,37.99,55.0,,0.0,0.0,2022-06-05,4.0,NO
717813,BOLSA OSTOMIA OP/100MM,DISPOSITIVOS MEDICO,C,Alta,XGBoost,4.25,1.0,0.23,0.61,1.59,8.0,,0.0,0.0,2022-07-16,46.0,NO
717814,BARRERA STOMAHESIVE 100MM ,DISPOSITIVOS MEDICO,C,Media,Media móvil,6.08,1.0,0.23,0.48,1.88,6.0,,0.0,0.0,2022-06-21,21.0,NO
717825,TENOFOVIR/EMTRICITABINA 300MG/200MG TABLETA,MEDICAMENTOS,C,Alta,XGBoost,8.04,1.0,0.23,1.06,2.91,31.0,,1.0,0.0,2022-09-15,106.0,NO
717838,MECHAS NASALES REF 2248 ,DISPOSITIVOS MEDICO,C,Alta,XGBoost,1.43,1.0,0.23,0.21,0.54,,,,,,,NO
717864,"TAMSULOSINA CÁPSULA DE LIBERACIÓN CONTROLADA 0,4MG",MEDICAMENTOS,C,Media,Media móvil,10.57,1.0,0.23,1.27,3.71,48.0,,1.0,0.0,2022-10-06,128.0,NO
717923,INSULINA GLULISINA SOL. INYECTABLE 100UI/ML x 10ML (1000UI),MEDICAMENTOS,C,Baja,Media móvil,28.79,1.0,0.23,1.42,8.05,7.0,,0.0,1.05,2022-06-01,0.0,SI
718001,ESCITALOPRAN 10MG TABLETA ,MEDICAMENTOS,C,Media,Media móvil,32.89,1.0,0.23,1.83,9.4,42.0,,2.0,0.0,2022-07-01,30.0,NO
718005,ABACAVIR/LAMIVUDINA TABLETA 600MG/300MG,MEDICAMENTOS,C,Alta,XGBoost,1.72,1.0,0.23,0.23,0.63,23.0,,0.0,0.0,2023-07-02,397.0,NO
718072,ENTEREX POLVO PARA SOLUCIÓN ORAL 110G ALIMENTO PARA USOS NUTRICIONALES ESPECIALE,NUTRICION,C,Alta,XGBoost,7.12,1.0,0.23,3.13,4.77,16.0,,0.0,0.0,2022-07-18,48.0,NO
718218,ELECTRODO PEDIATRICO,MEDICAMENTOS,B,Baja,XGBoost,272.09,1.0,0.23,7.44,70.06,72.0,,1.0,0.0,2022-06-01,0.0,NO
718219,ELECTRODO ADULTO,MEDICAMENTOS,A,Baja,XGBoost,2216.27,1.0,0.23,6.37,516.44,918.0,,2.0,0.0,2022-06-06,6.0,NO
718228,GABAPENTIN 400MG CAPSULA ,MEDICAMENTOS,C,Alta,XGBoost,0.83,1.0,0.23,0.03,0.22,32.0,,2.0,0.0,2025-08-09,1165.0,NO
718292,LORAZEPAM TABLETA 1MG,MEDICAMENTOS,B,Alta,XGBoost,211.5,1.0,0.23,42.8,91.48,78.0,,2.0,13.48,2022-06-01,0.0,SI
718376,ATAZANAVIR 300MG CAPSULA,MEDICAMENTOS,C,Alta,XGBoost,2.6,1.0,0.23,0.32,0.92,24.0,,0.0,0.0,2023-02-26,270.0,NO
718747,RIFAXIMINA CÁPSULA 200MG,MEDICAMENTOS,C,Media,Media móvil,46.1,1.0,0.23,7.47,18.08,65.0,,1.0,0.0,2022-07-01,31.0,NO
718798,SERTRALINA TABLETA 50MG,MEDICAMENTOS,B,Baja,XGBoost,75.95,1.0,0.23,0.51,17.99,,,,,,,NO
718800,MIRTAZAPINA TABLETA 30MG,MEDICAMENTOS,C,Alta,XGBoost,1.19,1.0,0.23,0.46,0.73,,,,,,,NO
718999,INMUNOGLOBULINA HUMANA NORMAL  5G/100ML (50MG/ML) SOL. INYECTABLE ,MEDICAMENTOS,C,Alta,XGBoost,0.36,1.0,0.23,0.07,0.15,16.0,,0.0,0.0,2026-02-12,1352.0,NO
719016,ACETAMINOFEN/CODEINA TABLETA 325MG/8MG,MEDICAMENTOS,C,Alta,XGBoost,0.59,1.0,0.23,0.02,0.15,,,,,,,NO
719059,METADONA TABLETA 10MG ,CONTROLADOS,C,Media,Media móvil,152.38,1.0,0.23,14.58,49.66,,,,,,,NO
719158,RIVAROXABAN TABLETA 15MG,MEDICAMENTOS,C,Alta,XGBoost,0.57,1.0,0.23,0.09,0.22,,,,,,,NO
719225,"DUTASTERIDA/TAMSULOSINA CÁPSULA 0,5MG/0,4MG (0,9MG)",MEDICAMENTOS,C,Media,Media móvil,20.52,1.0,0.23,1.99,6.71,,,,,,,NO
719246,"BISOPROLOL TABLETA 2,5MG",MEDICAMENTOS,C,Alta,XGBoost,2.18,1.0,0.23,0.11,0.61,,,,,,,NO
719247,INSULINA DETERMIR SOL. INYECTABLE 100UI/ML x 3ML (300UI),MEDICAMENTOS,C,Media,Media móvil,3.19,1.0,0.23,0.27,1.01,,,,,,,NO
719274,MASCARA VENTURY PEDIATRICA,DISPOSITIVOS MEDICO,C,Media,Media móvil,3.79,1.0,0.23,0.38,1.25,,,,,,,NO
719275,AGUJA P/INSULINA TIPO LAPICERO,DISPOSITIVOS MEDICO,C,Media,Media móvil,64.72,1.0,0.23,1.57,16.46,,,,,,,NO
719419,INSULINA ASPARTATO SOL. INYECTABLE 100UI/ML x 10ML (1000UI),MEDICAMENTOS,C,Media,Media móvil,4.15,1.0,0.23,0.11,1.06,6.0,,0.0,0.0,2022-07-07,36.0,NO
719423,LOPINAVIR/RITONAVIR 80MG/20MG/ML SUSPENSION ORAL  ,MEDICAMENTOS,B,Alta,XGBoost,695.02,1.0,0.23,90.97,250.92,47.0,,0.0,203.92,2022-06-01,0.0,SI
719455,S/FOLEY 3V  20FR SILICONA,DISPOSITIVOS MEDICO,C,Alta,XGBoost,0.08,1.0,0.23,0.03,0.05,0.0,,,0.05,2022-06-01,0.0,SI
719533,CAOLIN/PECTINA SUSPENSIÓN ORAL 20G/1G/120ML,MEDICAMENTOS,C,Alta,XGBoost,0.29,1.0,0.23,0.03,0.09,3.0,,0.0,0.0,2023-04-05,309.0,NO
719540,"GLUCERNA SOLUCIÓN ORAL 1,5KCAL/1ML (1500KCAL/1000ML)) ALIMENTO LÍQUIDO PARA PR",NUTRICION,C,Media,Media móvil,6.68,1.0,0.23,0.96,2.5,5.0,,0.0,0.0,2022-06-12,11.0,NO
719561,OXIBUTININA TABLETA 5MG,MEDICAMENTOS,C,Alta,XGBoost,0.93,1.0,0.23,0.04,0.25,2.0,,0.0,0.0,2022-07-28,57.0,NO
719612,CATETER 2L 4FRX5CM 22G PEDIAT. REF- CS12402,DISPOSITIVOS MEDICO,C,Alta,XGBoost,0.89,1.0,0.23,0.12,0.33,0.0,,,0.33,2022-06-01,0.0,SI
719618,BOLSA RECOLECTORA 200CC -SUPLESALUD,DISPOSITIVOS MEDICO,C,Alta,XGBoost,0.3,1.0,0.23,0.0,0.07,1.0,,0.0,0.0,2022-09-04,95.0,NO
719619,"APIXABAN TABLETA 2,5MG",MEDICAMENTOS,C,Alta,XGBoost,3.38,1.0,0.23,0.75,1.52,18.0,,0.0,0.0,2022-10-27,148.0,NO
719669,CANULA FENESTRADA  8 C/BALON ,DISPOSITIVOS MEDICO,C,Alta,XGBoost,0.1,1.0,0.23,0.01,0.03,0.0,,,0.03,2022-06-01,0.0,SI
719743,"FONDAPARINA 7,5MG/0,6ML SOL. INYECTABLE ",MEDICAMENTOS,C,Alta,XGBoost,1.17,1.0,0.23,0.31,0.58,3.0,,0.0,0.0,2022-08-02,63.0,NO
719747,BROMURO DE GLICOPIRRONIO 50 MCG POLVO PARA INHALACION EN CAPSULAS,MEDICAMENTOS,C,Alta,XGBoost,13.7,1.0,0.23,2.52,5.68,,,,,,,NO
719766,LIDOCAINA SOL. INYECTABLE 2% x 10ML,CONTROLADOS,B,Baja,XGBoost,162.9,1.0,0.23,13.17,50.66,35.0,,0.0,15.66,2022-06-01,0.0,SI
719773,ACETAMINOFEN/CODEINA TABLETA 325MG/30MG,MEDICAMENTOS,C,Alta,XGBoost,0.73,1.0,0.23,0.3,0.47,13.0,,3.0,0.0,2023-11-02,520.0,NO
719819,LINEZOLID 600MG SOL. INYECTABLE ,MEDICAMENTOS,C,Baja,Media móvil,121.19,1.0,0.23,7.48,35.37,57.0,,0.0,0.0,2022-06-06,5.0,NO
719841,LIDOCAINA/EPINEFRINA SOLUCIÓN INYECTABLE 2%/50ML,MEDICAMENTOS,C,Alta,XGBoost,1.16,1.0,0.23,0.27,0.54,3.0,,0.0,0.0,2022-08-04,64.0,NO
719849,CANULA 7.0 C/B  FENESTRADA TRACOE REF- T 302-07,DISPOSITIVOS MEDICO,C,Alta,XGBoost,0.45,1.0,0.23,0.08,0.19,0.0,,,0.19,2022-06-01,0.0,SI
719877,BARRERA  57 MM REF 411451 CONVEX  SUR-FIT PLUS ,DISPOSITIVOS MEDICO,C,Alta,XGBoost,2.93,1.0,0.23,0.28,0.95,6.0,,0.0,0.0,2022-07-23,52.0,NO
719878,UNNA BOTA,DISPOSITIVOS MEDICO,C,Alta,XGBoost,0.82,1.0,0.23,0.02,0.21,2.0,,0.0,0.0,2022-08-06,67.0,NO
719888,APIXABAN 5 MG TABLETA,MEDICAMENTOS,C,Alta,XGBoost,1.96,1.0,0.23,0.59,1.04,27.0,,0.0,0.0,2023-07-08,403.0,NO
719930,SONDA DE RECAMBIO PARA GASTROSTOMIA  REF-PEG-18-BRT-S,DISPOSITIVOS MEDICO,C,Alta,XGBoost,0.15,1.0,0.23,0.01,0.05,,,,,,,NO
719935,ATORVASTATINA 40 MG TABLETA,MEDICAMENTOS,A,Baja,XGBoost,952.9,1.0,0.23,14.0,233.31,663.0,,6.0,0.0,2022-06-14,14.0,NO
719944,ROMIPLOSTIN POLVO LIOFILIZADO 250MCG (NPLATE),MEDICAMENTOS,C,Alta,XGBoost,0.15,1.0,0.23,0.01,0.05,,,,,,,NO
719945,TELMISARTAN/AMLODIPINO TABLETA 80MG/10MG,MEDICAMENTOS,C,Alta,XGBoost,1.38,1.0,0.23,0.54,0.85,,,,,,,NO
720012,CIRCUITO DE VENTILADOR REF-5513000 ALMA LISA PEDIATRICO,DISPOSITIVOS MEDICO,C,Baja,Media móvil,9.19,1.0,0.23,0.88,2.99,,,,,,,NO
720013,CIRCUITO DE VENTILACION REF-5068850 ALMA LISA NEONATAL - INTERSURGICAL,DISPOSITIVOS MEDICO,C,Baja,Media móvil,9.19,1.0,0.23,0.88,2.99,6.0,,0.0,0.0,2022-06-10,10.0,NO
720068,TEGADERM 1683 IV 6.5X7CM ADVANCED,DISPOSITIVOS MEDICO,A,Baja,XGBoost,1587.01,1.0,0.23,28.04,393.29,73.0,,0.0,320.29,2022-06-01,0.0,SI
720104,PARCHES DE ELECTRODO PARA DESFIBRILADOR,DISPOSITIVOS MEDICO,C,Alta,XGBoost,0.25,1.0,0.23,0.04,0.1,1.0,,0.0,0.0,2022-09-20,111.0,NO
720151,CATETER VENOSO CENTRAL BILUMEN 22G (3FR)X6CM-157064-VYGON,DISPOSITIVOS MEDICO,C,Alta,XGBoost,0.08,1.0,0.23,0.02,0.04,,,,,,,NO
720207,DIBEN 1.5 KCAL HP 1000 ML ALIMENTO LIQUIDO PARA USOS NUTRICIONALES ESPECIALES AL,NUTRICION,B,Baja,XGBoost,102.55,1.0,0.23,5.74,29.34,23.0,,0.0,6.34,2022-06-01,0.0,SI
720208,APOSITO ESTERIL DE ALGINATO DE CALCIO CON PLATA ALGISITE,DISPOSITIVOS MEDICO,C,Alta,XGBoost,0.78,1.0,0.23,0.08,0.26,5.0,,0.0,0.0,2022-12-02,184.0,NO
720209,MINOCICLINA 100 MG TAB,MEDICAMENTOS,C,Alta,XGBoost,0.66,1.0,0.23,0.21,0.36,40.0,,0.0,0.0,2027-06-03,1828.0,NO
720211,ESOMEPRAZOL 10 MG GRANULOS SOBRE (NEDOX),MEDICAMENTOS,C,Alta,XGBoost,0.12,1.0,0.23,0.02,0.04,,,,,,,NO
720281,FENTANILO 25 MCG/HORA PARCHE,CONTROLADOS,C,Alta,XGBoost,0.13,1.0,0.23,0.02,0.05,,,,,,,NO
730033,"CARBONATO DE CALCIO/VITAMINA D3/ZINC SUSPENSIÓN ORAL 300MG/100UI/7,5MG/5ML (108",MEDICAMENTOS,C,Media,Media móvil,0.8,1.0,0.23,0.08,0.26,1.0,,0.0,0.0,2022-06-29,28.0,NO
730034,(FRESUBIN ORIGINAL SOLUCIÓN ORAL 1KCAL/1ML (1000KCAL/1000ML)) ALIMENTO LÍQUIDO ,NUTRICION,C,Baja,Media móvil,37.31,1.0,0.23,0.12,8.71,14.0,,0.0,0.0,2022-06-05,4.0,NO
730035,FRESUBIN DRINK SOLUCIÓN ORAL 2KCAL/1ML (400KCAL/200ML) ALIMENTO LÍQUIDO NUTRICIO,NUTRICION,B,Baja,XGBoost,169.51,1.0,0.23,6.59,45.6,68.0,,0.0,0.0,2022-06-05,4.0,NO
730036,"DIBEN DRINK SOLUCIÓN ORAL 1,5KCAL/1ML (300KCAL/200ML) ALIMENTO LÍQUIDO PARA ADMI",NUTRICION,B,Baja,XGBoost,163.26,1.0,0.23,2.67,40.24,65.0,,0.0,0.0,2022-06-05,5.0,NO
730037,"DIBEN SOLUCIÓN ORAL 1,05KCAL/1ML (525KCAL/500ML) ALIMENTO LÍQUIDO PARA ADMINISTR",NUTRICION,B,Baja,XGBoost,66.36,1.0,0.23,5.52,20.8,13.0,,0.0,7.8,2022-06-01,0.0,SI
730038,"SURVIMED OPD SOLUCIÓN ORAL 1,33KCAL/1ML (665KCAL/500ML)) ALIMENTO LIQUIDO OLIG",NUTRICION,C,Media,Media móvil,40.53,1.0,0.23,4.02,13.34,23.0,,0.0,0.0,2022-06-08,7.0,NO
730039,"RECONVAN SOLUCIÓN ORAL 1,0KCAL/1ML (500KCAL/500ML)) ALIMENTO LÍQUIDO PARA ADMI",NUTRICION,C,Media,Media móvil,61.08,1.0,0.23,3.91,17.96,12.0,,0.0,5.96,2022-06-01,0.0,SI
730040,"SUPPORTAN DRINK SOLUCIÓN ORAL 1,5KCAL/1ML (300KCAL/200ML)) ALIMENTO LIQUIDO RI",NUTRICION,B,Media,XGBoost,123.7,1.0,0.23,25.09,53.56,31.0,,0.0,22.56,2022-06-01,0.0,SI
730041,(FRESUBIN HP SOLUCIÓN ORAL 2KCAL/1ML (1000KCAL/500ML)) ALIMENTO LÍQUIDO PARA AD,NUTRICION,C,Media,Media móvil,49.05,1.0,0.23,7.37,18.66,34.0,,0.0,0.0,2022-06-10,10.0,NO
730053,SISTEMA DRENAJE TORAXICO PEDIATRICO THORAMETRIX X1500-LM INSTRUMENT,DISPOSITIVOS MEDICO,C,Alta,XGBoost,0.29,1.0,0.23,0.03,0.09,2.0,,0.0,0.0,2022-12-15,198.0,NO
730058,EQUIPO BOMBA SIN AGUJA,DISPOSITIVOS MEDICO,A,Baja,XGBoost,1808.44,1.0,0.23,20.94,437.16,98.0,,0.0,339.16,2022-06-01,0.0,SI
730063,SURVIMED OPD SOLUCIÓN ORAL 1KCAL/1ML (1000KCAL/1000ML)) ALIMENTO LIQUIDO OLIGO,NUTRICION,C,Media,Media móvil,23.7,1.0,0.23,5.79,11.24,0.0,,,11.24,2022-06-01,0.0,SI
730066,EQUIPO DE INFUSION DE LIQUIDOS FOTOSENSIBLES,DISPOSITIVOS MEDICO,C,Baja,Media móvil,35.28,1.0,0.23,0.42,8.54,32.0,,0.0,0.0,2022-06-21,20.0,NO
730082,VECURONIO BROMURO SOLUCIÓN INYECTABLE 4MG,MEDICAMENTOS,C,Alta,XGBoost,18.67,1.0,0.23,3.25,7.55,,,,,,,NO
730083,EQUIPO PERFUSOR 20CC REF C0020C FRESENIUS,DISPOSITIVOS MEDICO,B,Baja,XGBoost,112.08,1.0,0.23,0.9,26.7,65.0,,0.0,0.0,2022-06-11,10.0,NO
730084,DALTEPARINA SODICA 7.500 UI (ANTIFACTOR XA) SOL. INYECTABLE,MEDICAMENTOS,C,Alta,XGBoost,2.26,1.0,0.23,0.27,0.79,12.0,,0.0,0.0,2022-10-29,151.0,NO
730096,HIALURONATO DE SODIO GOTAS OFTALMICAS,MEDICAMENTOS,C,Alta,XGBoost,0.59,1.0,0.23,0.23,0.37,,,,,,,NO
730113,APOSITO URGOSORB SILVER ALGINATO Y PLATA10X20CM-REF 503136-SUPLESA,DISPOSITIVOS MEDICO,C,Alta,XGBoost,0.21,1.0,0.23,0.04,0.09,6.0,,0.0,0.0,2024-10-04,856.0,NO
730116,TEGADERM REF 1682 IV 5X5.7CM AVANCED-NIÑOS,DISPOSITIVOS MEDICO,B,Baja,XGBoost,128.79,1.0,0.23,11.41,41.05,38.0,,0.0,3.05,2022-06-01,0.0,SI
730122,CATETER PICC ALTA PRESION 4.5FR X 50CM REF 01PR45041-HP,DISPOSITIVOS MEDICO,C,Alta,XGBoost,1.38,1.0,0.23,0.54,0.85,,,,,,,NO
730123,CATETER PICC ALTA PRESION 5FR X 50 CM REF 01PR05052,DISPOSITIVOS MEDICO,C,Media,Media móvil,7.25,1.0,0.23,0.4,2.06,5.0,,0.0,0.0,2022-06-13,12.0,NO
730124,CATETER PICC ALTA PRESION 5.5FR X 50 CM REF PR45052-HP,DISPOSITIVOS MEDICO,C,Alta,XGBoost,0.79,1.0,0.23,0.31,0.49,,,,,,,NO
730125,CATETER PICC BILUMEN INSERCION PERIFERICA 4FR X 50CM REF PR05042,DISPOSITIVOS MEDICO,C,Alta,XGBoost,1.0,1.0,0.23,0.25,0.48,0.0,,,0.48,2022-06-01,0.0,SI
730126,CATETER PICC MONOLUMEN INSERCION PERIFERICA 4FR X 50CM REF 01PR05041 ,DISPOSITIVOS MEDICO,C,Alta,XGBoost,1.04,1.0,0.23,0.23,0.47,1.0,,0.0,0.0,2022-06-16,15.0,NO
730134,CLOROQUINA 150MG TABLETA ,MEDICAMENTOS,C,Media,Media móvil,13.63,1.0,0.23,4.71,7.85,1.0,,3.0,6.85,2022-06-01,0.0,SI
730136,ISONIAZIDA TABLETA 100MG,MEDICAMENTOS,C,Alta,XGBoost,7.31,1.0,0.23,1.35,3.03,10.0,,,0.0,2022-06-30,29.0,NO
730138,OSELTAMIVIR CAPSULA 75MG,MEDICAMENTOS,C,Alta,XGBoost,10.91,1.0,0.23,2.99,5.5,10.0,,,0.0,2022-06-13,13.0,NO
730139,PIRAZINAMIDA TABLETA 400MG,MEDICAMENTOS,C,Alta,XGBoost,5.94,1.0,0.23,1.09,2.46,7.0,,,0.0,2022-06-24,23.0,NO
730141,PRIMAQUINA TABLETA 15MG,MEDICAMENTOS,C,Alta,XGBoost,0.42,1.0,0.23,0.1,0.19,25.0,,,0.0,2027-04-19,1784.0,NO
730143,RIFAMPICINA/ISONIACIDA TABLETA 150/150MG,MEDICAMENTOS,C,Alta,XGBoost,0.71,1.0,0.23,0.04,0.21,192.0,,,0.0,2045-01-12,8262.0,NO
730144,RIFAMPICINA/ISONIAZIDA/PIRAZINAMIDA/ETAMBUTOL TABLETA 150/75/400/275MG,MEDICAMENTOS,B,Baja,XGBoost,284.57,1.0,0.23,4.0,69.49,94.0,,,0.0,2022-06-03,3.0,NO
730167,CANISTER 250 ML,DISPOSITIVOS MEDICO,C,Alta,XGBoost,1.38,1.0,0.23,0.24,0.56,,,,,,,NO
730176,FRESUBIN RENAL 2KCAL/ML (400KCAL/200ML) ALIMENTO PARA PROPÓSITOS MÉDICOS ESPECIA,NUTRICION,C,Alta,XGBoost,14.62,1.0,0.23,2.69,6.05,43.0,,0.0,0.0,2022-08-16,77.0,NO
730189,APOSITO PERIFERICO IV3000 7X9CM (TEGADERM PERIFERICO),DISPOSITIVOS MEDICO,C,Alta,XGBoost,84.74,1.0,0.23,33.01,52.51,,,,,,,NO
730194,APOSITO TRANSPARENTE OPSITE 15X20CM REF: 4631 CX10,DISPOSITIVOS MEDICO,C,Media,Media móvil,1.58,1.0,0.23,0.23,0.6,11.0,,0.0,0.0,2022-12-18,200.0,NO
730200,FIXO ROLL 10 X 10 CINTA ADHESIVA HIPOALERGENICA ,DISPOSITIVOS MEDICO,C,Alta,XGBoost,0.47,1.0,0.23,0.02,0.13,3.0,,0.0,0.0,2022-12-02,185.0,NO
730205,ACETATO DE LEUPROLIDE 45MG SOL. INYECTABLE,MEDICAMENTOS,C,Alta,XGBoost,0.1,1.0,0.23,0.04,0.06,,,,,,,NO
730230,ALIMENTO DE USO ESPECIAL CON HMB ARGININA Y GLUTAMINA SOBRE x 24 GRAMOS,NUTRICION,B,Baja,XGBoost,93.84,1.0,0.23,7.46,29.05,22.0,,0.0,7.05,2022-06-01,0.0,SI
730237,ETAMBUTOL 400 MG TABLETA,MEDICAMENTOS,C,Alta,XGBoost,12.49,1.0,0.23,1.22,4.09,10.0,,,0.0,2022-06-15,14.0,NO
730242,COLISTIMETATO 150 MG - EQUIVALENTE A 150 MG DE COLISTINA BASE,MEDICAMENTOS,C,Media,Media móvil,79.34,1.0,0.23,5.06,23.32,37.0,,0.0,0.0,2022-06-06,5.0,NO
770020,ONDANSETRON 8MG TABLETA,MEDICAMENTOS,C,Alta,XGBoost,2.7,1.0,0.23,0.84,1.46,16.0,,1.0,0.0,2022-11-11,164.0,NO
770054,"ERITROPOYETINA 30.000UI/0,6ML SOL. INYECTABLE ",MEDICAMENTOS,C,Alta,XGBoost,0.15,1.0,0.23,0.07,0.11,2.0,,0.0,0.0,2023-06-11,375.0,NO
770065,TRETINOINA TABLETA 10MG (ONCOLOGICO),MEDICAMENTOS,C,Alta,XGBoost,17.58,1.0,0.23,6.85,10.9,21.0,,0.0,0.0,2022-06-18,17.0,NO
770066,ELTROMBOPAG 25 MG TAB ORAL,MEDICAMENTOS,C,Alta,XGBoost,27.01,1.0,0.23,4.0,10.22,39.0,,0.0,0.0,2022-07-03,32.0,NO
770074,IMATINIB 400MG TABLETA ,MEDICAMENTOS,C,Alta,XGBoost,0.19,1.0,0.23,0.01,0.05,15.0,,0.0,0.0,2028-12-20,2394.0,NO
770075,FILGRASTIM SOLUCIÓN INYECTABLE 300MCG (ONCOLOGICO),MEDICAMENTOS,C,Media,Media móvil,4.05,1.0,0.23,1.28,2.21,5.0,,0.0,0.0,2022-06-21,21.0,NO
770117,ELTROMBOPAG TABLETA 50MG (ONCOLOGICO),MEDICAMENTOS,C,Alta,XGBoost,1.72,1.0,0.23,0.54,0.93,37.0,,0.0,0.0,2024-02-29,638.0,NO
770143,"RASBURICASA SOLUCIÓN INYECTABLE 1,5MG/1ML (ONCOLOGICO)",MEDICAMENTOS,C,Alta,XGBoost,0.71,1.0,0.23,0.07,0.23,6.0,,0.0,0.0,2023-02-04,249.0,NO
770152,RIOCIGUAT 0.5 MG,MEDICAMENTOS,C,Alta,XGBoost,0.64,1.0,0.23,0.36,0.51,15.0,,0.0,0.0,2024-04-20,689.0,NO
A0000001,ABACAVIR/LAMIVUDINA/ZIDOVUDINA TABLETA 300MG/150MG/300MG,MEDICAMENTOS,C,Alta,XGBoost,22.44,1.0,0.23,2.52,7.69,20.0,,,0.0,2022-06-17,17.0,NO
A0000034,ALPROSTADIL SOLUCIÓN INYECTABLE 20MCG/1ML,MEDICAMENTOS,C,Alta,XGBoost,23.08,1.0,0.23,3.71,9.02,26.0,,0.0,0.0,2022-06-23,22.0,NO
A0000039,AMLODIPINO 10 MG TABLETA ,MEDICAMENTOS,B,Baja,XGBoost,381.72,1.0,0.23,9.42,97.27,169.0,,43.0,0.0,2022-06-06,6.0,NO
A0000051,ATORVASTATINA 20 MG TABLETA,MEDICAMENTOS,B,Alta,XGBoost,157.71,1.0,0.23,15.3,51.59,180.0,,30.0,0.0,2022-06-25,25.0,NO
A001011,ACETAMINOFEN TABLETA 500MG,MEDICAMENTOS,A,Baja,XGBoost,9253.97,1.0,0.23,26.42,2156.22,2211.0,,48.0,0.0,2022-06-01,0.0,NO
A001201,ACETAMINOFEN SOL. ORAL 100MG/28 GOTAS ,MEDICAMENTOS,C,Alta,XGBoost,0.28,1.0,0.23,0.03,0.09,3.0,,0.0,0.0,2023-04-13,316.0,NO
A001221,"ACETAMINOFEN JARABE 2,5MG/1ML FRASCO x 60ML",MEDICAMENTOS,C,Alta,XGBoost,0.71,1.0,0.23,0.11,0.27,3.0,,0.0,0.0,2022-09-26,117.0,NO
A002011,ACETAZOLAMIDA 250MG TABLETA ,MEDICAMENTOS,C,Alta,XGBoost,15.11,1.0,0.23,2.1,5.57,32.0,,2.0,0.0,2022-07-24,53.0,NO
A002451,BECLOMETASONA 50MCG/ PUFF SOL. PARA INHALACIÓN,MEDICAMENTOS,C,Baja,Media móvil,9.85,1.0,0.23,1.2,3.47,15.0,,0.0,0.0,2022-07-06,36.0,NO
A003011,ACETILSALICILICO ÁCIDO TABLETA 100MG,MEDICAMENTOS,A,Baja,XGBoost,621.08,1.0,0.23,11.92,154.86,177.0,,83.0,0.0,2022-06-02,1.0,NO
A006011,ACICLOVIR TABLETA 200MG,MEDICAMENTOS,B,Media,XGBoost,194.29,1.0,0.23,21.28,66.0,144.0,,15.0,0.0,2022-06-13,12.0,NO
A006721,ACICLOVIR POLVO LIOFILIZADO 250MG,MEDICAMENTOS,B,Media,XGBoost,85.24,1.0,0.23,12.89,32.51,149.0,,0.0,0.0,2022-07-12,42.0,NO
A008011,ALBENDAZOL TABLETA 200 MG,MEDICAMENTOS,C,Baja,Media móvil,73.28,1.0,0.23,2.62,19.49,22.0,,15.0,0.0,2022-06-02,1.0,NO
A008231,ALBENDAZOL 100MG/20ML SOLUCION ORAL x 20 ML,MEDICAMENTOS,C,Alta,XGBoost,0.24,1.0,0.23,0.0,0.06,2.0,,1.0,0.0,2023-02-05,250.0,NO
A009701,ALBUMINA HUMANA SOL. INYECTABLE 20% x 50 ML ,MEDICAMENTOS,B,Media,XGBoost,169.91,1.0,0.23,5.93,45.03,51.0,,0.0,0.0,2022-06-02,1.0,NO
A013011,ALOPURINOL TABLETA 100MG,MEDICAMENTOS,C,Media,Media móvil,5.53,1.0,0.23,2.15,3.43,0.0,,,3.43,2022-06-01,0.0,SI
A013012,ALOPURINOL TABLETA 300MG,MEDICAMENTOS,C,Media,Media móvil,60.01,1.0,0.23,3.04,16.85,47.0,,8.0,0.0,2022-06-16,15.0,NO
A017231,ALUMINIO HIDROXIDO SUSPENSIÓN ORAL 6G/100ML ,MEDICAMENTOS,C,Baja,Media móvil,8.38,1.0,0.23,0.6,2.52,2.0,,0.0,0.52,2022-06-01,0.0,SI
A018232,"ALUMINIO HIDROXIDO/MAGNESIO/SIMETICONA SUSPENSIÓN ORAL 4%/4%/0,4%",MEDICAMENTOS,C,Media,Media móvil,0.74,1.0,0.23,0.15,0.32,4.0,,0.0,0.0,2022-10-29,151.0,NO
A019101,AMANTADINA 100MG CAPSULA ,MEDICAMENTOS,C,Alta,XGBoost,5.58,1.0,0.23,1.64,2.93,39.0,,1.0,0.0,2022-12-14,197.0,NO
A020701,AMIKACINA 100MG/2ML SOL. INYECTABLE ,MEDICAMENTOS,C,Alta,XGBoost,17.38,1.0,0.23,2.83,6.84,14.0,,1.0,0.0,2022-06-13,13.0,NO
A020702,AMIKACINA 500MG/2ML SOL. INYECTABLE ,MEDICAMENTOS,C,Media,Media móvil,35.47,1.0,0.23,0.78,8.94,47.0,,0.0,0.0,2022-07-03,33.0,NO
A022701,AMINOFILINA 240MG/10ML SOL. INYECTABLE ,MEDICAMENTOS,C,Alta,XGBoost,0.24,1.0,0.23,0.0,0.06,0.0,,,0.06,2022-06-01,0.0,SI
A023011,AMIODARONA TABLETA 200MG,MEDICAMENTOS,B,Baja,XGBoost,129.01,1.0,0.23,7.49,37.18,97.0,,3.0,0.0,2022-06-15,14.0,NO
A023721,AMIODARONA 150MG/3ML SOL. INYECTABLE ,MEDICAMENTOS,B,Baja,XGBoost,116.83,1.0,0.23,0.97,27.86,100.0,,0.0,0.0,2022-06-19,19.0,NO
A024011,AMITRIPTILINA 25MG TABLETA ,MEDICAMENTOS,C,Media,Media móvil,39.22,1.0,0.23,1.56,10.59,23.0,,27.0,0.0,2022-06-10,10.0,NO
A025142,AMOXICILINA 500MG CAPSULA ,MEDICAMENTOS,C,Alta,XGBoost,25.8,1.0,0.23,3.46,9.4,27.0,,4.0,0.0,2022-06-21,21.0,NO
A026721,AMPICILINA 500MG POLVO LIOFILIZADO ,MEDICAMENTOS,B,Baja,XGBoost,220.86,1.0,0.23,11.67,62.5,81.0,,0.0,0.0,2022-06-03,3.0,NO
A026722,AMPICILINA 1 G POLVO LIOFILIZADO ,MEDICAMENTOS,B,Baja,XGBoost,91.92,1.0,0.23,8.5,29.66,52.0,,1.0,0.0,2022-06-08,7.0,NO
A027142,AMPICILINA TABLETA 500MG,MEDICAMENTOS,C,Alta,XGBoost,0.81,1.0,0.23,0.07,0.26,10.0,,4.0,0.0,2023-05-31,365.0,NO
A033701,ATROPINA 1MG/1ML SOL. INYECTABLE ,MEDICAMENTOS,C,Baja,Media móvil,12.92,1.0,0.23,0.17,3.14,101.0,,2.0,0.0,2023-01-17,231.0,NO
A034011,AZATIOPRINA 50MG TABLETA,MEDICAMENTOS,C,Media,Media móvil,33.48,1.0,0.23,3.67,11.37,37.0,,0.0,0.0,2022-06-24,23.0,NO
A035722,AZTREONAM 1G POLVO LIOFILIZADO,MEDICAMENTOS,B,Baja,XGBoost,132.74,1.0,0.23,6.04,36.59,65.0,,0.0,0.0,2022-06-07,7.0,NO
A036701,AZUL DE METILENO SOLUCIÓN INYECTABLE 10MG/1ML,MEDICAMENTOS,C,Media,Media móvil,3.26,1.0,0.23,0.51,1.26,,,,,,,NO
A037011,AMLODIPINO 5 MG TABLETA ,MEDICAMENTOS,B,Baja,XGBoost,179.62,1.0,0.23,11.72,53.06,76.0,,48.0,0.0,2022-06-04,4.0,NO
A037101,ABACAVIR TABLETA 300MG,MEDICAMENTOS,C,Alta,XGBoost,0.65,1.0,0.23,0.08,0.23,39.0,,0.0,0.0,2027-05-12,1806.0,NO
B00000010,BECLOMETASONA NASAL 50 MCG/PUFF,MEDICAMENTOS,C,Alta,XGBoost,1.11,1.0,0.23,0.09,0.35,1.0,,0.0,0.0,2022-06-18,18.0,NO
B004311,"BETAMETASONA CREMA TÓPICA 0,05%",MEDICAMENTOS,C,Media,Media móvil,3.44,1.0,0.23,0.33,1.12,2.0,,0.0,0.0,2022-06-08,8.0,NO
B004332,"BETAMETASONA UNGÜENTO TÓPICO 0,05% x 40G",MEDICAMENTOS,C,Media,Media móvil,3.64,1.0,0.23,0.4,1.24,,,,,,,NO
B005701,BETAMETASONA 4MG/1ML SOL. INYECTABLE,MEDICAMENTOS,C,Baja,Media móvil,29.69,1.0,0.23,1.81,8.64,33.0,,3.0,0.0,2022-06-25,25.0,NO
B008011,BIPERIDENO 2MG TABLETA,MEDICAMENTOS,C,Media,Media móvil,19.51,1.0,0.23,1.76,6.25,29.0,,4.0,0.0,2022-07-06,36.0,NO
B010021,BISACODILO 5MG TABLETA,MEDICAMENTOS,A,Baja,XGBoost,411.25,1.0,0.23,8.46,103.1,179.0,,55.0,0.0,2022-06-06,6.0,NO
B012011,"BROMOCRIPTINA 2,5MG TABLETA",MEDICAMENTOS,C,Alta,XGBoost,2.14,1.0,0.23,0.3,0.79,11.0,,1.0,0.0,2022-10-23,145.0,NO
BISAPRO,BISOPROLOL TABLETA 10MG,MEDICAMENTOS,C,Alta,XGBoost,1.07,1.0,0.23,0.12,0.37,30.0,,0.0,0.0,2024-09-18,840.0,NO
C0000005,CARVEDILOL TABLETA 25MG,MEDICAMENTOS,C,Alta,XGBoost,2.55,1.0,0.23,0.34,0.93,8.0,,6.0,0.0,2022-08-24,84.0,NO
C0000008,CASPOFUNGINA 70MG POLVO LIOFILIZADO ,MEDICAMENTOS,C,Media,Media móvil,9.92,1.0,0.23,0.73,3.02,4.0,,0.0,0.0,2022-06-04,3.0,NO
C0000019,CETIRIZINA 10MG TABLETA ,MEDICAMENTOS,C,Alta,XGBoost,5.53,1.0,0.23,2.15,3.43,12.0,,22.0,0.0,2022-07-18,47.0,NO
C0000028,CLARITROMICINA TABLETA 500MG,MEDICAMENTOS,B,Baja,XGBoost,135.24,1.0,0.23,21.67,52.8,105.0,,1.0,0.0,2022-06-12,12.0,NO
C0000030,CLINDAMICINA CÁPSULA 300MG,MEDICAMENTOS,C,Alta,XGBoost,2.47,1.0,0.23,0.51,1.08,8.0,,0.0,0.0,2022-08-25,85.0,NO
C0000035,CLOPIDOGREL TABLETA 75MG,MEDICAMENTOS,B,Baja,XGBoost,185.77,1.0,0.23,12.04,54.8,65.0,,11.0,0.0,2022-06-02,2.0,NO
C0000047,"CARVEDILOL TABLETA 12,5MG",MEDICAMENTOS,B,Baja,XGBoost,85.43,1.0,0.23,1.73,21.4,31.0,,11.0,0.0,2022-06-04,3.0,NO
C001011,CALCIO CARBONATO 600MG TABLETA ,MEDICAMENTOS,B,Baja,XGBoost,177.91,1.0,0.23,7.6,48.55,73.0,,16.0,0.0,2022-06-05,4.0,NO
C002701,CALCIO GLUCONATO SOL. INYECTABLE 10%/10ML,MEDICAMENTOS,B,Baja,XGBoost,214.36,1.0,0.23,8.57,57.91,62.0,,1.0,0.0,2022-06-01,1.0,NO
C003101,"CALCITRIOL 0,25MCG CÁPSULA ",MEDICAMENTOS,C,Media,Media móvil,57.94,1.0,0.23,1.12,14.46,40.0,,8.0,0.0,2022-06-14,13.0,NO
C003102,"CALCITRIOL 0,50MCG CÁPSULA ",MEDICAMENTOS,C,Media,Media móvil,74.32,1.0,0.23,10.48,27.58,50.0,,6.0,0.0,2022-06-10,9.0,NO
C004011,CAPTOPRIL 25MG TABLETA ,MEDICAMENTOS,C,Alta,XGBoost,20.59,1.0,0.23,2.1,6.84,24.0,,11.0,0.0,2022-06-26,25.0,NO
C004012,CAPTOPRIL 50MG TABLETA ,MEDICAMENTOS,C,Alta,XGBoost,5.53,1.0,0.23,2.15,3.43,66.0,,25.0,0.0,2023-05-11,344.0,NO
C005011,CARBAMAZEPINA 200MG TABLETA ,MEDICAMENTOS,B,Baja,XGBoost,147.61,1.0,0.23,1.59,35.57,55.0,,3.0,0.0,2022-06-05,4.0,NO
C008142,CEFALEXINA 500MG CAPSULA ,MEDICAMENTOS,C,Alta,XGBoost,36.36,1.0,0.23,2.46,10.83,50.0,,10.0,0.0,2022-07-03,33.0,NO
C008232,CEFALEXINA 250MG/5ML POLVO PARA SOLUCION ORAL,MEDICAMENTOS,C,Alta,XGBoost,0.84,1.0,0.23,0.05,0.24,2.0,,0.0,0.0,2022-08-03,64.0,NO
C009141,CEFRADINA 500MG CÁPSULA ,MEDICAMENTOS,C,Alta,XGBoost,1.59,1.0,0.23,0.16,0.52,0.0,,,0.52,2022-06-01,0.0,SI
C011723,CEFTRIAXONA 1G POLVO LIOFILIZADO,MEDICAMENTOS,B,Baja,XGBoost,334.93,1.0,0.23,0.47,77.56,105.0,,0.0,0.0,2022-06-03,2.0,NO
C014103,CICLOSPORINA 100MG CAPSULA,MEDICAMENTOS,C,Alta,XGBoost,0.25,1.0,0.23,0.02,0.08,0.0,,,0.08,2022-06-01,0.0,SI
C015701,CIPROFLOXACINO 100MG/10ML SOL. INYECTABLE ,MEDICAMENTOS,A,Baja,XGBoost,666.11,1.0,0.23,16.41,169.72,222.0,,0.0,0.0,2022-06-03,2.0,NO
C019701,CLINDAMICINA 600MG SOL. INYECTABLE ,MEDICAMENTOS,A,Baja,XGBoost,589.62,1.0,0.23,35.41,171.11,151.0,,0.0,20.11,2022-06-01,0.0,SI
C022011,CLORAMBUCILO 2MG TABLETA,MEDICAMENTOS,C,Alta,XGBoost,0.14,1.0,0.23,0.16,0.19,,,,,,,NO
C031321,CLOTRIMAZOL CREMA TÓPICA 1% ,MEDICAMENTOS,C,Baja,Media móvil,25.28,1.0,0.23,1.91,7.73,12.0,,0.0,0.0,2022-06-06,5.0,NO
C031511,CLOTRIMAZOL CREMA VAGINAL 1%,MEDICAMENTOS,C,Media,Media móvil,3.45,1.0,0.23,0.08,0.88,5.0,,0.0,0.0,2022-07-07,36.0,NO
C032013,CLOZAPINA TABLETA 100MG ,CONTROLADOS,C,Alta,XGBoost,11.75,1.0,0.23,2.05,4.75,171.0,,15.0,0.0,2023-08-05,431.0,NO
C034011,"COLCHICINA 0,5MG TABLETA",MEDICAMENTOS,C,Media,Media móvil,5.88,1.0,0.23,1.56,2.92,48.0,,25.0,0.0,2023-01-20,233.0,NO
C035251,COLESTIRAMINA 4G POLVO PARA SOLUCIÓN ORAL,MEDICAMENTOS,C,Media,Media móvil,40.36,1.0,0.23,2.79,12.08,28.0,,0.0,0.0,2022-06-13,12.0,NO
C041602,SODIO CROMOGLICATO SOLUCIÓN OFTÁLMICA 40MG/1ML (400MG/10ML),MEDICAMENTOS,C,Alta,XGBoost,0.92,1.0,0.23,0.17,0.38,0.0,,,0.38,2022-06-01,0.0,SI
C044721,CEFAZOLINA 1G SOL. INYECTABLE ,MEDICAMENTOS,B,Alta,XGBoost,202.75,1.0,0.23,30.25,76.91,56.0,,0.0,20.91,2022-06-01,0.0,SI
C044723,CEFALOTINA 1G SOL. INYECTABLE ,MEDICAMENTOS,A,Baja,XGBoost,836.53,1.0,0.23,13.75,206.28,178.0,,0.0,28.28,2022-06-01,0.0,SI
C046101,CALCIO CARBONATO/VITAMINA D TABLETA 600MG/200UI,MEDICAMENTOS,C,Alta,XGBoost,102.42,1.0,0.23,13.24,36.81,59.0,,8.0,0.0,2022-06-07,7.0,NO
C047011,CLONIDINA 150MCG TABLETA ,MEDICAMENTOS,A,Baja,XGBoost,771.89,1.0,0.23,37.82,215.47,317.0,,18.0,0.0,2022-06-05,4.0,NO
D0000002,DEFLAZACORT 6 MG TABLETA,MEDICAMENTOS,C,Alta,XGBoost,0.24,1.0,0.23,0.01,0.07,,,,,,,NO
D0000005,"DESMOPRESINA SOLUCIÓN NASAL 10MCG/0,1ML (500MCG/5ML)",MEDICAMENTOS,C,Alta,XGBoost,0.19,1.0,0.23,0.08,0.12,,,,,,,NO
D0000011,DILTIAZEM 60MG TABLETA ,MEDICAMENTOS,C,Media,Media móvil,66.59,1.0,0.23,7.93,23.26,39.0,,8.0,0.0,2022-06-08,7.0,NO
D0000020,"DIPIRONA 2,5G/5ML SOL. INYECTABLE ",MEDICAMENTOS,C,Alta,XGBoost,77.74,1.0,0.23,9.02,26.91,118.0,,2.0,0.0,2022-07-06,36.0,NO
D0000030,DIPIRONA 1G/2ML SOL. INYECTABLE ,MEDICAMENTOS,A,Baja,XGBoost,6430.3,1.0,0.23,40.58,1520.52,1003.0,,4.0,517.52,2022-06-01,0.0,SI
D0000031,DAPTOMICINA POLVO LIOFILIZADO 500MG,MEDICAMENTOS,C,Alta,XGBoost,6.08,1.0,0.23,1.13,2.53,6.0,,0.0,0.0,2022-06-18,17.0,NO
D0000038,"LEVOSIMENDAN SOLUCIÓN INYECTABLE 12,5MG/1ML",MEDICAMENTOS,C,Alta,XGBoost,1.33,1.0,0.23,0.18,0.48,2.0,,0.0,0.0,2022-07-05,35.0,NO
D002101,DANAZOL 200MG TABLETA},MEDICAMENTOS,C,Alta,XGBoost,13.66,1.0,0.23,1.26,4.4,25.0,,0.0,0.0,2022-07-16,46.0,NO
D005711,DEXAMETASONA 8MG/2ML SOL. INYECTABLE,MEDICAMENTOS,B,Baja,XGBoost,361.62,1.0,0.23,10.1,93.32,104.0,,2.0,0.0,2022-06-01,1.0,NO
D006701,DEXAMETASONA 4MG/1ML SOL. INYECTABLE ,MEDICAMENTOS,B,Baja,XGBoost,158.75,1.0,0.23,6.82,43.36,40.0,,2.0,3.36,2022-06-01,0.0,SI
D009701,DEXTROSA AL 5% AGUA DESTILADA 500 ML,MEDICAMENTOS,B,Baja,XGBoost,182.03,1.0,0.23,8.85,50.75,37.0,,0.0,13.75,2022-06-01,0.0,SI
D009702,DEXTROSA AL 10% AGUA DESTILADA 500 ML,MEDICAMENTOS,B,Baja,XGBoost,203.83,1.0,0.23,2.45,49.36,34.0,,0.0,15.36,2022-06-01,0.0,SI
D009705,DEXTROSA AL 10% AGUA DESTILADA 250 ML,MEDICAMENTOS,C,Baja,Media móvil,89.17,1.0,0.23,1.19,21.71,51.0,,0.0,0.0,2022-06-10,10.0,NO
D009706,DEXTROSA AL 5% AGUA DESTILADA 250 ML,MEDICAMENTOS,A,Baja,XGBoost,518.58,1.0,0.23,7.36,126.71,0.0,,,126.71,2022-06-01,0.0,SI
D010701,DEXTROSA 5% EN SOL. SALINA 0.9% 500 ML,MEDICAMENTOS,C,Media,Media móvil,53.27,1.0,0.23,1.42,13.68,16.0,,0.0,0.0,2022-06-02,1.0,NO
D015021,DICLOFENACO 50MG TABLETA ,MEDICAMENTOS,C,Media,Media móvil,7.0,1.0,0.23,0.65,2.26,47.0,,43.0,0.0,2022-12-12,195.0,NO
D015701,DICLOFENACO 75MG/3ML SOL. INYECTABLE ,MEDICAMENTOS,B,Baja,XGBoost,166.89,1.0,0.23,20.15,58.56,99.0,,2.0,0.0,2022-06-08,7.0,NO
D018101,DIFENHIDRAMINA 50MG CAPSULA ,MEDICAMENTOS,C,Alta,XGBoost,0.81,1.0,0.23,0.01,0.2,23.0,,5.0,0.0,2024-10-01,853.0,NO
D018221,"DIFENHIDRAMINA JARABE 12,5MG/5ML (300MG/120ML)",MEDICAMENTOS,C,Media,Media móvil,3.99,1.0,0.23,0.32,1.24,3.0,,0.0,0.0,2022-06-14,13.0,NO
D020201,"DIHIDROCODEINA JARABE 12,1MG/ML (294,4MG/120ML)",MEDICAMENTOS,C,Media,Media móvil,3.92,1.0,0.23,0.36,1.26,2.0,,0.0,0.0,2022-06-06,6.0,NO
D020221,"DIFENHIDRAMINA JARABE 2,42MG/1ML (290,4MG/120ML)",MEDICAMENTOS,C,Baja,Media móvil,5.17,1.0,0.23,0.34,1.53,0.0,,,1.53,2022-06-01,0.0,SI
D023011,DIMENHIDRINATO 50MG TABLETA,MEDICAMENTOS,C,Alta,XGBoost,17.35,1.0,0.23,4.65,8.64,17.0,,18.0,0.0,2022-06-15,15.0,NO
D029701,DOPAMINA 200MG/5ML SOL. INYECTABLE ,MEDICAMENTOS,C,Alta,XGBoost,39.83,1.0,0.23,3.06,12.23,162.0,,0.0,0.0,2022-09-23,114.0,NO
D031141,DOXICICLINA 100MG TABLETA ,MEDICAMENTOS,C,Media,Media móvil,24.04,1.0,0.23,1.88,7.41,30.0,,7.0,0.0,2022-06-29,29.0,NO
D035701,DESMOPRESINA 15MCG/1ML SOL. INYECTABLE,MEDICAMENTOS,C,Media,Media móvil,1.6,1.0,0.23,0.16,0.52,,,,,,,NO
E0000003,SODIO FOSFATO MONOBASICO SOLUCIÓN ORAL 133ML,MEDICAMENTOS,C,Alta,XGBoost,2.56,1.0,0.23,0.33,0.92,12.0,,0.0,0.0,2022-10-10,132.0,NO
E0000017,ERTAPENEM POLVO LIOFILIZADO 1G ,MEDICAMENTOS,C,Media,Media móvil,11.8,1.0,0.23,1.87,4.58,28.0,,0.0,0.0,2022-07-31,60.0,NO
E0000021,SODIO FOSFATO MONOBASICO/DIBASICO ENEMA RECTAL 16G/6G/133ML,MEDICAMENTOS,C,Media,Media móvil,5.48,1.0,0.23,0.89,2.15,12.0,,0.0,0.0,2022-07-25,55.0,NO
E0000034,ENTEROGERMINA SUSPENSIÓN ORAL 2000000000UI/5ML,MEDICAMENTOS,C,Alta,XGBoost,0.81,1.0,0.23,0.03,0.22,9.0,,0.0,0.0,2023-04-27,330.0,NO
E002011,ENALAPRIL 5MG TABLETA ,MEDICAMENTOS,B,Baja,XGBoost,179.35,1.0,0.23,3.04,44.32,69.0,,48.0,0.0,2022-06-05,4.0,NO
E002012,ENALAPRIL 20MG TABLETA ,MEDICAMENTOS,B,Baja,XGBoost,166.68,1.0,0.23,8.68,47.04,161.0,,43.0,0.0,2022-06-21,21.0,NO
E007141,ERITROMICINA 500MG TABLETA ,MEDICAMENTOS,C,Media,Media móvil,25.77,1.0,0.23,2.89,8.82,18.0,,2.0,0.0,2022-06-11,11.0,NO
E007231,ERITROMICINA 250MG/5ML SUSPENSION ORAL,MEDICAMENTOS,C,Alta,XGBoost,1.16,1.0,0.23,0.48,0.74,0.0,,,0.74,2022-06-01,0.0,SI
E008011,ESPIRONOLACTONA 25MG TABLETA ,MEDICAMENTOS,A,Baja,XGBoost,434.87,1.0,0.23,11.44,111.53,194.0,,9.0,0.0,2022-06-06,6.0,NO
E008012,ESPIRONOLACTONA 100MG TABLETA ,MEDICAMENTOS,C,Baja,Media móvil,57.33,1.0,0.23,3.56,16.75,84.0,,2.0,0.0,2022-07-06,36.0,NO
E010721,ESTREPTOQUINASA 750.000UI POLVO LIOFILIZADO,MEDICAMENTOS,C,Alta,XGBoost,1.04,1.0,0.23,0.18,0.42,2.0,,0.0,0.0,2022-07-17,46.0,NO
E020722,ERITROPOYETINA 2.000UI/ML SOL. INYECTABLE,MEDICAMENTOS,B,Baja,XGBoost,122.93,1.0,0.23,4.83,33.12,34.0,,0.0,0.0,2022-06-01,0.0,NO
E038162,EFAVIRENZ 600MG TABLETA,MEDICAMENTOS,C,Alta,XGBoost,5.88,1.0,0.23,1.15,2.5,29.0,,1.0,0.0,2022-10-16,137.0,NO
F0000005,"FLUMAZENIL 0,5MG/5ML  SOL. INYECTABLE",MEDICAMENTOS,C,Alta,XGBoost,0.55,1.0,0.23,0.08,0.21,5.0,,0.0,0.0,2023-02-22,267.0,NO
F002141,FENITOINA 100MG TABLETA ,MEDICAMENTOS,B,Media,XGBoost,157.79,1.0,0.23,16.68,53.0,46.0,,4.0,7.0,2022-06-01,0.0,SI
F002231,FENITOINA 125MG/5ML SUSPENSION ORAL,MEDICAMENTOS,C,Media,Media móvil,1.38,1.0,0.23,0.54,0.85,1.0,,0.0,0.0,2022-06-04,3.0,NO
F008701,FITOMENADIONA 10MG/1ML SOL. INYECTABLE (VITAMINA K),MEDICAMENTOS,C,Baja,Media móvil,72.05,1.0,0.23,0.97,17.56,45.0,,0.0,0.0,2022-06-12,12.0,NO
F009101,FLUCONAZOL 200MG CAPSULA ,MEDICAMENTOS,B,Baja,XGBoost,83.8,1.0,0.23,3.29,22.58,76.0,,3.0,0.0,2022-06-20,19.0,NO
F009701,FLUCONAZOL 200MG/100ML SOL. INYECTABLE,MEDICAMENTOS,B,Baja,XGBoost,240.05,1.0,0.23,5.11,60.36,31.0,,0.0,29.36,2022-06-01,0.0,SI
F013141,FLUOXETINA 20M GCAPSULA ,MEDICAMENTOS,C,Media,Media móvil,30.26,1.0,0.23,3.29,10.25,32.0,,23.0,0.0,2022-06-22,22.0,NO
F013201,FLUOXETINA 20MG/5ML JARABE,MEDICAMENTOS,C,Alta,XGBoost,0.32,1.0,0.23,0.0,0.08,3.0,,0.0,0.0,2023-03-09,281.0,NO
F014011,FOLICO ÁCIDO 1MG TABLETA,MEDICAMENTOS,B,Baja,XGBoost,386.88,1.0,0.23,5.37,94.41,161.0,,64.0,0.0,2022-06-06,5.0,NO
F015011,FOLINICO ÁCIDO 15MG TABLETA ,MEDICAMENTOS,C,Alta,XGBoost,1.65,1.0,0.23,0.38,0.76,0.0,,,0.76,2022-06-01,0.0,SI
F015701,CALCIO FOLINATO 50MG/5ML SOL. INYECTABLE,MEDICAMENTOS,C,Alta,XGBoost,17.08,1.0,0.23,1.6,5.53,0.0,,,5.53,2022-06-01,0.0,SI
F017011,FUROSEMIDA 40MG TABLETA ,MEDICAMENTOS,B,Baja,XGBoost,347.6,1.0,0.23,3.31,83.31,152.0,,27.0,0.0,2022-06-07,6.0,NO
F017701,FUROSEMIDA 20MG/2ML SOL. INYECTABLE,MEDICAMENTOS,A,Baja,XGBoost,980.25,1.0,0.23,35.14,260.74,246.0,,2.0,14.74,2022-06-01,0.0,SI
G0000001,GABAPENTIN CÁPSULA 300MG,MEDICAMENTOS,C,Alta,XGBoost,9.72,1.0,0.23,1.38,3.62,5.0,,1.0,0.0,2022-06-05,4.0,NO
G002011,GEMFIBROZIL 600MG TABLETA ,MEDICAMENTOS,C,Alta,XGBoost,1.38,1.0,0.23,0.24,0.56,5.0,,3.0,0.0,2022-09-06,98.0,NO
G003601,GENTAMICINA SOL. OFTÁLMICA 0.3% GOTAS,MEDICAMENTOS,C,Media,Media móvil,3.08,1.0,0.23,0.17,0.88,4.0,,0.0,0.0,2022-07-01,31.0,NO
G003703,GENTAMICINA 80MG/2ML SOL. INYECTABLE ,MEDICAMENTOS,B,Baja,XGBoost,86.92,1.0,0.23,5.34,25.34,112.0,,3.0,0.0,2022-07-01,30.0,NO
G003704,GENTAMICINA 160MG/2ML SOL. INYECTABLE ,MEDICAMENTOS,C,Baja,Media móvil,35.51,1.0,0.23,1.6,9.77,28.0,,1.0,0.0,2022-06-16,16.0,NO
G006702,GONADOTROPINA CRIONICA 5000 UI/ML SOL. INYECTABLE,MEDICAMENTOS,C,Alta,XGBoost,0.45,1.0,0.23,0.08,0.19,2.0,,0.0,0.0,2022-09-30,122.0,NO
H0000002,HIDROXICINA TABLETA 25MG,MEDICAMENTOS,B,Baja,XGBoost,199.7,1.0,0.23,28.86,74.82,75.0,,15.0,0.0,2022-06-01,0.0,NO
H0000004,L-ASPARTATO/L-ORNITINA SOLUCIÓN INYECTABLE 5G/10ML,MEDICAMENTOS,C,Alta,XGBoost,18.92,1.0,0.23,2.04,6.39,39.0,,0.0,0.0,2022-07-23,52.0,NO
H0000005,L-ASPARTATO/L-ORNITINA GRANULOS PARA SUSPENCIÓN ORAL 3G,MEDICAMENTOS,C,Alta,XGBoost,7.37,1.0,0.23,0.22,1.92,14.0,,0.0,0.0,2022-07-20,50.0,NO
H001201,HALOPERIDOL 2MG/20 GOTAS SOL. ORAL,MEDICAMENTOS,C,Baja,Media móvil,15.42,1.0,0.23,0.75,4.3,7.0,,0.0,0.0,2022-06-06,5.0,NO
H001701,HALOPERIDOL 5MG/1ML SOL. INYECTABLE ,MEDICAMENTOS,B,Baja,XGBoost,151.76,1.0,0.23,5.24,40.16,68.0,,0.0,0.0,2022-06-06,6.0,NO
H004701,HEPARINA SODICA 5.000 UI/ML SOL. INYECTABLE,MEDICAMENTOS,B,Baja,XGBoost,84.3,1.0,0.23,6.11,25.52,45.0,,0.0,0.0,2022-06-08,7.0,NO
H006011,HIDROCLOROTIAZIDA TABLETA 25MG,MEDICAMENTOS,B,Baja,XGBoost,146.23,1.0,0.23,6.53,40.18,97.0,,89.0,0.0,2022-06-12,12.0,NO
H007321,HIDROCORTISONA ACETATO CREMA TÓPICA 1%,MEDICAMENTOS,C,Alta,XGBoost,2.88,1.0,0.23,0.94,1.6,4.0,,0.0,0.0,2022-06-26,25.0,NO
H008721,HIDROCORTISONA POLVO LIOFILIZADO 100MG,MEDICAMENTOS,B,Baja,XGBoost,320.71,1.0,0.23,3.93,77.74,75.0,,0.0,2.74,2022-06-01,0.0,SI
H011161,FERROSO SULFATO 300MG TABLETA ,MEDICAMENTOS,C,Media,Media móvil,112.01,1.0,0.23,10.14,35.92,49.0,,14.0,0.0,2022-06-04,4.0,NO
H011201,FERROSO SULFATO SOLUCIÓN ORAL 25MG/1ML GOTAS,MEDICAMENTOS,C,Alta,XGBoost,1.36,1.0,0.23,0.12,0.44,3.0,,0.0,0.0,2022-07-28,57.0,NO
H013021,N-BUTILBROMURO HIOSCINA TABLETA 10MG,MEDICAMENTOS,C,Media,Media móvil,16.64,1.0,0.23,2.36,6.19,45.0,,2.0,0.0,2022-08-10,71.0,NO
H013701,N-BUTILBROMURO HIOSCINA SOL. INYECTABLE 20MG/1ML,MEDICAMENTOS,B,Baja,XGBoost,327.06,1.0,0.23,8.38,83.65,59.0,,0.0,24.65,2022-06-01,0.0,SI
H014701,HIDROXICINA CLORHIDRATO SOL. 100MG/1ML,MEDICAMENTOS,C,Baja,Media móvil,23.68,1.0,0.23,1.0,6.45,9.0,,0.0,0.0,2022-06-04,3.0,NO
H019701,"N-BUTILBROMURO HIOSCINA/DIPIRONA SOL. INYECTABLE 2,5G/5ML",MEDICAMENTOS,A,Baja,XGBoost,412.36,1.0,0.23,7.16,102.06,110.0,,0.0,0.0,2022-06-01,1.0,NO
I00000006,INSULINA LISPRO SOL. INYECTABLE 100UI/ML x 10ML (1000UI),MEDICAMENTOS,C,Media,Media móvil,1.79,1.0,0.23,0.31,0.72,5.0,,0.0,0.0,2022-08-12,73.0,NO
I00000007,"IVERMECTINA SOL. ORAL 0,6% GOTAS x 5ML",MEDICAMENTOS,C,Alta,XGBoost,7.0,1.0,0.23,0.65,2.26,8.0,,0.0,0.0,2022-06-25,25.0,NO
I0000012,CLOSTRIDIOPEPTIDASA UNGÜENTO TÓPICO 120UI/40G,MEDICAMENTOS,C,Alta,XGBoost,0.24,1.0,0.23,0.0,0.06,2.0,,0.0,0.0,2023-02-05,250.0,NO
I002011,IBUPROFENO TABLETA 400MG,MEDICAMENTOS,C,Alta,XGBoost,14.32,1.0,0.23,2.21,5.51,21.0,,19.0,0.0,2022-07-03,33.0,NO
I004721,IMIPENEM/CILASTATINA 500MG/500MG POLVO LIOFILIZADO ,MEDICAMENTOS,C,Alta,XGBoost,46.08,1.0,0.23,17.5,28.1,30.0,,0.0,0.0,2022-06-02,1.0,NO
I005022,IMIPRAMINA TABLETA 25MG,MEDICAMENTOS,C,Alta,XGBoost,9.44,1.0,0.23,2.13,4.3,20.0,,12.0,0.0,2022-07-21,51.0,NO
I007701,INMUNOGLOBULINA ANTI-D SOLUCIÓN INYECTABLE 300MCG/2ML,MEDICAMENTOS,C,Baja,Media móvil,4.04,1.0,0.23,0.18,1.11,3.0,,0.0,0.0,2022-06-15,14.0,NO
I008701,INSULINA ZINC CRISTALINA SOL. INYECTABLE 100UI/ML x 10ML (1000UI),MEDICAMENTOS,C,Baja,Media móvil,14.42,1.0,0.23,0.23,3.55,5.0,,0.0,0.0,2022-06-04,3.0,NO
I009711,INSULINA ZINC NPH SOL. INYECTABLE 100UI/ML x 10ML (1000UI),MEDICAMENTOS,C,Alta,XGBoost,0.79,1.0,0.23,0.08,0.26,1.0,,0.0,0.0,2022-06-29,28.0,NO
I017471,IPRATROPIO BROMURO SUSPENSIÓN PARA INHALACIÓN 20MCG//1PUFF/200PUFF,MEDICAMENTOS,C,Baja,Media móvil,28.48,1.0,0.23,0.89,7.44,13.0,,0.0,0.0,2022-06-06,6.0,NO
I020011,ISOSORBIDE DINITRATO 10MG TABLETA,MEDICAMENTOS,C,Media,Media móvil,2.42,1.0,0.23,0.42,0.98,29.0,,23.0,0.0,2023-05-19,353.0,NO
I020061,ISOSORBIDE DINITRATO TABLETA 5MG,MEDICAMENTOS,C,Media,Media móvil,2.96,1.0,0.23,0.18,0.86,6.0,,0.0,0.0,2022-07-23,53.0,NO
I021701,IBANDRONICO ÁCIDO SOLUCIÓN INYECTABLE 6MG,MEDICAMENTOS,C,Alta,XGBoost,0.34,1.0,0.23,0.06,0.14,0.0,,,0.14,2022-06-01,0.0,SI
J000006,METFORMINA/SITAGLIPTINA TABLETA 1000MG/50MG,MEDICAMENTOS,C,Alta,XGBoost,2.94,1.0,0.23,0.36,1.04,34.0,,0.0,0.0,2023-05-07,341.0,NO
K0000008,POLIETILENGLICOL/SODIO SULFATO/SODIO BICARBONATO/SODIO CLORURO/POTASIO CLORURO P,MEDICAMENTOS,C,Baja,Media móvil,72.95,1.0,0.23,1.68,18.47,24.0,,0.0,0.0,2022-06-03,2.0,NO
K002101,KETOCONAZOL TABLETA 200MG,MEDICAMENTOS,C,Alta,XGBoost,9.68,1.0,0.23,1.69,3.91,12.0,,3.0,0.0,2022-06-26,25.0,NO
L0000005,LAMOTRIGINA TABLETA 100MG,MEDICAMENTOS,C,Alta,XGBoost,3.56,1.0,0.23,1.38,2.2,31.0,,3.0,0.0,2023-02-02,246.0,NO
L0000006,LEVOFLOXACINA TABLETA 500MG,MEDICAMENTOS,C,Alta,XGBoost,1.64,1.0,0.23,0.12,0.5,10.0,,1.0,0.0,2022-11-24,177.0,NO
L0000009,LABETALOL SOLUCIÓN INYECTABLE 100MG/20ML,MEDICAMENTOS,C,Alta,XGBoost,19.1,1.0,0.23,2.0,6.4,21.0,,0.0,0.0,2022-06-24,23.0,NO
L000001,BACLOFENO TABLETA 10MG,MEDICAMENTOS,C,Alta,XGBoost,0.71,1.0,0.23,0.04,0.2,4.0,,0.0,0.0,2022-11-11,164.0,NO
L0000017,INSULINA GLARGINA 100UI/ML x 10 ML (1000UI) SOL. INYECTABLE ,MEDICAMENTOS,C,Baja,Media móvil,30.34,1.0,0.23,0.06,7.04,11.0,,0.0,0.0,2022-06-04,4.0,NO
L00006,NEVIRAPINA SUSPENSIÓN ORAL 10MG/1ML (2400MG/240ML),MEDICAMENTOS,C,Alta,XGBoost,0.17,1.0,0.23,0.06,0.1,,,,,,,NO
L001141,LAMIVUDINA 150 MG TABLETA,MEDICAMENTOS,C,Alta,XGBoost,0.64,1.0,0.23,0.06,0.21,20.0,,3.0,0.0,2024-12-23,936.0,NO
L003011,LEVODOPA/CARBIDOPA TABLETA 250MG/25MG,MEDICAMENTOS,C,Media,Media móvil,13.83,1.0,0.23,4.2,7.39,34.0,,3.0,0.0,2022-07-29,59.0,NO
L004011,LEVOMEPROMAZINA TABLETA 25MG,MEDICAMENTOS,C,Alta,XGBoost,6.46,1.0,0.23,1.18,2.67,31.0,,4.0,0.0,2022-10-12,133.0,NO
L004201,LEVOMEPROMAZINA 4MG/ML SOLUCION ORAL,MEDICAMENTOS,C,Media,Media móvil,2.55,1.0,0.23,0.08,0.67,3.0,,0.0,0.0,2022-06-28,28.0,NO
L006011,LEVOTIROXINA TABLETA 50MCG,MEDICAMENTOS,B,Baja,XGBoost,284.45,1.0,0.23,10.84,76.3,113.0,,46.0,0.0,2022-06-04,4.0,NO
L006012,LEVOTIROXINA TABLETA 100MCG,MEDICAMENTOS,B,Baja,XGBoost,88.48,1.0,0.23,0.5,20.86,23.0,,19.0,0.0,2022-06-01,1.0,NO
L015141,LOPERAMIDA TABLETA 2MG,MEDICAMENTOS,A,Baja,XGBoost,474.83,1.0,0.23,14.28,123.57,305.0,,32.0,0.0,2022-06-12,12.0,NO
L016011,LORATADINA TABLETA 10MG,MEDICAMENTOS,B,Baja,XGBoost,149.55,1.0,0.23,2.39,36.81,135.0,,30.0,0.0,2022-06-20,20.0,NO
L018011,LOVASTATINA TABLETA 20MG,MEDICAMENTOS,C,Alta,XGBoost,1.55,1.0,0.23,0.19,0.55,13.0,,77.0,0.0,2023-02-01,245.0,NO
L021161,LOSARTAN TABLETA 50MG,MEDICAMENTOS,A,Baja,XGBoost,1834.56,1.0,0.23,8.24,430.46,555.0,,21.0,0.0,2022-06-03,2.0,NO
M0000005,METOPROLOL SOL. INYECTABLE 5MG/5ML,MEDICAMENTOS,C,Alta,XGBoost,3.99,1.0,0.23,0.39,1.31,11.0,,0.0,0.0,2022-08-13,74.0,NO
M0000009,MOXIFLOXACINA TABLETA 400MG,MEDICAMENTOS,C,Alta,XGBoost,6.08,1.0,0.23,0.6,2.0,0.0,,,2.0,2022-06-01,0.0,SI
M0000015,MEMANTINA TBL. 10 MG,MEDICAMENTOS,C,Alta,XGBoost,0.53,1.0,0.23,0.14,0.26,,,,,,,NO
M001701,MAGNESIO SULFATO SOLUCIÓN INYECTABLE 20%/10ML,MEDICAMENTOS,B,Baja,XGBoost,368.51,1.0,0.23,3.24,88.05,158.0,,0.0,0.0,2022-06-06,6.0,NO
M002702,MANITOL AL 20 % SOL. INYECTABLE x 500 ML,MEDICAMENTOS,C,Media,Media móvil,11.23,1.0,0.23,1.17,3.75,39.0,,0.0,0.0,2022-09-04,96.0,NO
M009011,MERCAPTOPURINA TBL. 50 MG,MEDICAMENTOS,C,Alta,XGBoost,12.15,1.0,0.23,1.71,4.51,22.0,,0.0,0.0,2022-07-14,44.0,NO
M011011,METFORMINA TABLETA 850MG,MEDICAMENTOS,C,Media,Media móvil,12.1,1.0,0.23,3.16,5.94,50.0,,12.0,0.0,2022-09-19,111.0,NO
M013721,METILPREDNISOLONA SUCCINATO 500MG POLVO LIOFILIZADO ,MEDICAMENTOS,C,Baja,Media móvil,50.33,1.0,0.23,2.45,14.03,31.0,,0.0,0.0,2022-06-11,10.0,NO
M015011,METOCARBAMOL TABLETA 750MG,MEDICAMENTOS,C,Alta,XGBoost,3.32,1.0,0.23,0.46,1.22,21.0,,5.0,0.0,2022-11-29,182.0,NO
M016011,METOCLOPRAMIDA TABLETA 10MG,MEDICAMENTOS,C,Media,Media móvil,54.47,1.0,0.23,3.61,16.15,26.0,,22.0,0.0,2022-06-06,6.0,NO
M016701,METOCLOPRAMIDA SOLUCIÓN INYECTABLE 10MG/2ML,MEDICAMENTOS,A,Baja,XGBoost,905.31,1.0,0.23,8.64,217.0,0.0,,,217.0,2022-06-01,0.0,SI
M017161,METOPROLOL TABLETA 50MG,MEDICAMENTOS,A,Baja,XGBoost,616.6,1.0,0.23,4.61,146.52,390.0,,53.0,0.0,2022-06-13,12.0,NO
M017162,METOPROLOL TARTRATO TABLETA 100MG,MEDICAMENTOS,C,Alta,XGBoost,6.24,1.0,0.23,1.7,3.13,20.0,,10.0,0.0,2022-08-22,82.0,NO
M020012,METRONIDAZOL 500MG TABLETA ,MEDICAMENTOS,B,Baja,XGBoost,131.2,1.0,0.23,10.05,40.24,56.0,,9.0,0.0,2022-06-04,4.0,NO
M020501,METRONIDAZOL OVULO VAGINAL 500MG,MEDICAMENTOS,C,Media,Media móvil,9.42,1.0,0.23,1.09,3.26,17.0,,4.0,0.0,2022-07-15,44.0,NO
M021701,METRONIDAZOL 500MG/100ML SOL. INYECTABLE,MEDICAMENTOS,B,Baja,XGBoost,196.99,1.0,0.23,10.94,56.28,58.0,,0.0,0.0,2022-06-01,0.0,NO
M022232,METRONIDAZOL SUSPENSIÓN ORAL 250MG/5ML X 120ML),MEDICAMENTOS,C,Media,Media móvil,2.03,1.0,0.23,0.29,0.75,2.0,,0.0,0.0,2022-06-19,19.0,NO
M026161,MINOXIDIL TABLETA 10MG,MEDICAMENTOS,B,Baja,XGBoost,109.19,1.0,0.23,7.6,32.73,33.0,,5.0,0.0,2022-06-01,0.0,NO
M026541,MESALAZINA ENEMA RECTAL 4G/60ML,MEDICAMENTOS,C,Alta,XGBoost,0.18,1.0,0.23,0.08,0.12,2.0,,0.0,0.0,2023-04-14,318.0,NO
M026721,MEROPENEM POLVO LIOFILIZADO 500MG,MEDICAMENTOS,C,Media,Media móvil,35.58,1.0,0.23,2.61,10.8,51.0,,0.0,0.0,2022-07-05,34.0,NO
MAT527,INTRODUCTOR 8.5FR/S109880,DISPOSITIVOS MEDICO,C,Alta,XGBoost,0.48,1.0,0.23,0.16,0.27,2.0,,0.0,0.0,2022-09-18,110.0,NO
N0000002,"NITROFURAZONA POMADA 0,2%/40G",MEDICAMENTOS,C,Alta,XGBoost,0.11,1.0,0.23,0.03,0.05,1.0,,0.0,0.0,2023-02-17,262.0,NO
N0000003,NOREPINEFRINA SOL. INYECTABLE 4MG/4ML,MEDICAMENTOS,A,Baja,XGBoost,899.8,1.0,0.23,39.41,246.5,31.0,,0.0,215.5,2022-06-01,0.0,SI
N0000018,NITAZOXANIDA TABLETA 500MG,MEDICAMENTOS,C,Alta,XGBoost,221.04,1.0,0.23,34.83,85.7,112.0,,0.0,0.0,2022-06-04,4.0,NO
N0000019,ESOMEPRAZOL 20MG TABLETA ,MEDICAMENTOS,B,Baja,XGBoost,182.86,1.0,0.23,19.22,61.3,134.0,,,0.0,2022-06-13,12.0,NO
N0000020,ESOMEPRAZOL 40MG TABLETA ,MEDICAMENTOS,B,Baja,XGBoost,167.2,1.0,0.23,6.52,45.0,120.0,,24.0,0.0,2022-06-14,14.0,NO
N0000030,ESOMEPRAZOL 40MG SOL. INYECTABLE ,MEDICAMENTOS,B,Baja,XGBoost,192.54,1.0,0.23,3.98,48.29,74.0,,0.0,0.0,2022-06-05,4.0,NO
N001701,"NALOXONA 0,4MG/1ML SOL. INYECTABLE",MEDICAMENTOS,C,Alta,XGBoost,0.48,1.0,0.23,0.01,0.12,7.0,,0.0,0.0,2023-08-08,433.0,NO
N002141,NAPROXENO TABLETA 250MG,MEDICAMENTOS,C,Media,Media móvil,22.68,1.0,0.23,4.41,9.62,60.0,,11.0,0.0,2022-08-07,68.0,NO
N008141,NIMODIPINO TABLETA 30MG,MEDICAMENTOS,B,Media,XGBoost,254.75,1.0,0.23,29.26,87.89,244.0,,9.0,0.0,2022-06-19,19.0,NO
N009231,NISTATINA SUSPENSIÓN ORAL 100000UI/1ML (6000000UI/60ML),MEDICAMENTOS,C,Baja,Media móvil,17.84,1.0,0.23,0.69,4.8,5.0,,0.0,0.0,2022-06-01,0.0,NO
N009321,NISTATINA CREMA 100.000 UI/GR ,MEDICAMENTOS,C,Media,Media móvil,3.08,1.0,0.23,0.36,1.07,3.0,,0.0,0.0,2022-06-20,19.0,NO
N010142,NITROFURANTOINA TABLETA 100MG,MEDICAMENTOS,C,Alta,XGBoost,0.48,1.0,0.23,0.02,0.13,8.0,,38.0,0.0,2023-10-12,499.0,NO
N011701,NITROGLICERINA SOLUCIÓN INYECTABLE 50MG/10ML,MEDICAMENTOS,C,Alta,XGBoost,0.86,1.0,0.23,0.18,0.38,10.0,,0.0,0.0,2023-05-08,342.0,NO
P0000002,"PEGFILGRASTIM SOL. INYECTABLE 6MG/0,6ML",MEDICAMENTOS,C,Media,Media móvil,1.84,1.0,0.23,0.21,0.64,4.0,,0.0,0.0,2022-07-26,56.0,NO
P0000003,PENTOXIFILINA TABLETA 400MG,MEDICAMENTOS,C,Alta,XGBoost,1.46,1.0,0.23,0.24,0.57,20.0,,1.0,0.0,2023-07-11,406.0,NO
P0000013,PREGABALINA CÁPSULA 150MG,MEDICAMENTOS,C,Media,Media móvil,10.6,1.0,0.23,1.03,3.47,39.0,,2.0,0.0,2022-09-11,102.0,NO
P0000020,PRALIDOXIMA POLVO LIOFILIZADO 200MG,MEDICAMENTOS,C,Alta,XGBoost,31.97,1.0,0.23,5.89,13.24,10.0,,0.0,3.24,2022-06-01,0.0,SI
P0000025,POLIMIXINA B SOLUCIÓN INYECTABLE 500000UI,MEDICAMENTOS,C,Alta,XGBoost,56.75,1.0,0.23,3.34,16.4,21.0,,0.0,0.0,2022-06-03,2.0,NO
P001701,PANCURONIO SOL. INYECTABLE 4MG/2ML,MEDICAMENTOS,C,Alta,XGBoost,0.48,1.0,0.23,0.16,0.27,,,,,,,NO
P005721,PENICILINA G BENZATINICA POLVO LIOFILIZADO 1200000UI,MEDICAMENTOS,C,Alta,XGBoost,0.18,1.0,0.23,0.09,0.13,25.0,,0.0,0.0,2033-12-06,4206.0,NO
P005722,PENICILINA G BENZATINICA POLVO LIOFILIZADO 2400000UI,MEDICAMENTOS,C,Alta,XGBoost,5.01,1.0,0.23,0.42,1.57,13.0,,0.0,0.0,2022-08-09,69.0,NO
P007721,PENICILINA G CRISTALINA POLVO LIOFILIZADO 1000000UI,MEDICAMENTOS,B,Media,XGBoost,321.16,1.0,0.23,18.65,92.57,196.0,,0.0,0.0,2022-06-10,10.0,NO
P012141,PIRANTEL PAMOATO TABLETA 250MG,MEDICAMENTOS,C,Alta,XGBoost,0.26,1.0,0.23,0.05,0.11,5.0,,2.0,0.0,2024-01-02,580.0,NO
P012231,PIRANTEL PAMOATO SUSPENSIÓN ORAL 250MG/5ML (750MG/15ML),MEDICAMENTOS,C,Alta,XGBoost,0.23,1.0,0.23,0.06,0.11,,,,,,,NO
P022701,POTASIO CLORURO 20MEQ/10ML SOL. INYECTABLE,MEDICAMENTOS,A,Baja,XGBoost,2172.66,1.0,0.23,57.29,557.33,460.0,,2.0,97.33,2022-06-01,0.0,SI
P026011,PRAZOSINA TABLETA 1MG,MEDICAMENTOS,A,Baja,XGBoost,920.03,1.0,0.23,41.01,252.75,355.0,,33.0,0.0,2022-06-04,3.0,NO
P027011,PREDNISOLONA TABLETA 5MG,MEDICAMENTOS,A,Baja,XGBoost,580.55,1.0,0.23,18.71,152.33,191.0,,25.0,0.0,2022-06-03,2.0,NO
P035011,PROPRANOLOL TABLETA 40MG,MEDICAMENTOS,B,Baja,XGBoost,134.59,1.0,0.23,6.33,37.3,,,,,,,NO
P036701,PROTAMINA SOLUCIÓN INYECTABLE 5000UI,MEDICAMENTOS,C,Media,Media móvil,0.85,1.0,0.23,0.11,0.3,3.0,,0.0,0.0,2022-09-05,96.0,NO
P039701,"POTASIO FOSFATO DIBASICO/MONOBASICO SOLUCIÓN INYECTABLE 3,8MEQ/2,6MM/1ML (38MEQ",MEDICAMENTOS,C,Baja,Media móvil,31.47,1.0,0.23,1.9,9.14,58.0,,0.0,0.0,2022-07-18,47.0,NO
R0000009,ROCIVERINA SOLUCIÓN INYECTABLE 20MG/2ML,MEDICAMENTOS,C,Alta,XGBoost,2.57,1.0,0.23,1.01,1.6,9.0,,0.0,0.0,2022-08-27,88.0,NO
R0000014,ROSUVASTATINA TABLETA 20MG,MEDICAMENTOS,C,Media,Media móvil,3.75,1.0,0.23,1.46,2.32,24.0,,5.0,0.0,2022-11-23,176.0,NO
R001011,RANITIDINA TABLETA 150MG,MEDICAMENTOS,A,Baja,XGBoost,430.39,1.0,0.23,37.73,136.78,443.0,,16.0,0.0,2022-06-22,22.0,NO
R001701,RANITIDINA SOL. INYECTABLE 50MG/2ML,MEDICAMENTOS,A,Baja,XGBoost,1624.73,1.0,0.23,46.16,420.09,378.0,,2.0,42.09,2022-06-01,0.0,SI
R002251,POLIESTIRENO SULFONATO CÁLCICO POLVO PARA SUSPENSIÓN ORAL 15G,MEDICAMENTOS,B,Media,XGBoost,127.97,1.0,0.23,23.94,53.39,42.0,,0.0,11.39,2022-06-01,0.0,SI
R005101,RIFAMPICINA CÁPSULA 300MG,MEDICAMENTOS,C,Alta,XGBoost,25.03,1.0,0.23,6.69,12.45,32.0,,1.0,0.0,2022-06-24,24.0,NO
R008703,AGUA ESTERIL PARA IRRIGACION 3000 ML ,MEDICAMENTOS,C,Baja,Media móvil,35.64,1.0,0.23,0.87,9.07,6.0,,0.0,3.07,2022-06-01,0.0,SI
R009141,RITONAVIR TABLETA 100MG,MEDICAMENTOS,C,Alta,XGBoost,0.72,1.0,0.23,0.0,0.17,22.0,,0.0,0.0,2024-12-14,927.0,NO
S0000002,SECNIDAZOL TABLETA 500MG,MEDICAMENTOS,C,Alta,XGBoost,0.28,1.0,0.23,0.01,0.08,,,,,,,NO
S0000012,"BUDESONIDA/FORMOTEROL SUSPENSIÓN PARA INHALACIÓN 160MCG/4,5MCG/1PUFF/120PUFF",MEDICAMENTOS,C,Media,Media móvil,0.79,1.0,0.23,0.31,0.49,3.0,,0.0,0.0,2022-09-06,97.0,NO
S003701,SODIO BICARBONATO SOLUCIÓN INYECTABLE 1MEQ/1ML (10MEQ/10ML),MEDICAMENTOS,A,Baja,XGBoost,523.45,1.0,0.23,5.6,126.07,361.0,,1.0,0.0,2022-06-14,14.0,NO
S004702,SODIO CLORURO SOL. INYECTABLE 20MEQ/10ML,MEDICAMENTOS,A,Baja,XGBoost,1441.58,1.0,0.23,5.89,337.67,398.0,,2.0,0.0,2022-06-02,1.0,NO
S010721,NITROPRUSIATO POLVO LIOFILIZADO 50MG,MEDICAMENTOS,C,Media,Media móvil,51.14,1.0,0.23,0.43,12.19,1.0,,0.0,11.19,2022-06-01,0.0,SI
S013701,SUCCINILCOLINA SOLUCIÓN INYECTABLE 10%/10ML,MEDICAMENTOS,C,Alta,XGBoost,1.72,1.0,0.23,0.23,0.63,0.0,,,0.63,2022-06-01,0.0,SI
S014011,SUCRALFATO TABLETA 1G,MEDICAMENTOS,A,Baja,XGBoost,507.76,1.0,0.23,10.28,127.14,118.0,,3.0,9.14,2022-06-01,0.0,SI
S020011,SULFASALAZINA TABLETA 500MG,MEDICAMENTOS,C,Alta,XGBoost,10.05,1.0,0.23,1.85,4.16,13.0,,1.0,0.0,2022-06-27,27.0,NO
T0000001,TIGECICLINA 50MG POLVO PARA RECONSTITUCION,MEDICAMENTOS,C,Media,Media móvil,21.99,1.0,0.23,2.45,7.51,27.0,,0.0,0.0,2022-06-27,27.0,NO
T0000003,TIZANIDINA TABLETA 2MG,MEDICAMENTOS,C,Alta,XGBoost,0.39,1.0,0.23,0.01,0.1,12.0,,1.0,0.0,2024-12-24,937.0,NO
T0000006,TRIMEBUTINA SOL. INYECTABLE 50MG/5ML,MEDICAMENTOS,C,Alta,XGBoost,0.32,1.0,0.23,0.0,0.08,10.0,,0.0,0.0,2025-01-09,954.0,NO
T0000007,TRIMEBUTINA MALEATO TABLETA 200MG,MEDICAMENTOS,C,Alta,XGBoost,0.21,1.0,0.23,0.01,0.06,,,,,,,NO
T001011,TALIDOMIDA TABLETA 100MG,MEDICAMENTOS,C,Alta,XGBoost,0.86,1.0,0.23,0.07,0.27,11.0,,0.0,0.0,2023-06-14,378.0,NO
T002012,TAMOXIFENO TABLETA 20MG,MEDICAMENTOS,C,Alta,XGBoost,4.94,1.0,0.23,1.92,3.06,14.0,,0.0,0.0,2022-08-07,67.0,NO
T004151,TEOFILINA CAPSULA 125MG,MEDICAMENTOS,C,Alta,XGBoost,3.36,1.0,0.23,1.31,2.08,0.0,,,2.08,2022-06-01,0.0,SI
T005461,TERBUTALINA SUSPENSIÓN PARA INHALACIÓN 10MG//1ML/10ML,MEDICAMENTOS,C,Alta,XGBoost,0.45,1.0,0.23,0.08,0.19,,,,,,,NO
T005701,"TERBUTALINA SOLUCIÓN INYECTABLE 0,5MG/1ML",MEDICAMENTOS,C,Alta,XGBoost,0.45,1.0,0.23,0.08,0.19,,,,,,,NO
T008101,TETRACICLINA TABLETA 500MG,MEDICAMENTOS,C,Alta,XGBoost,0.15,1.0,0.23,0.01,0.05,,,,,,,NO
T009141,TIAMINA 300MG TABLETA ,MEDICAMENTOS,C,Alta,XGBoost,20.78,1.0,0.23,1.73,6.51,10.0,,6.0,0.0,2022-06-06,5.0,NO
T009701,TIAMINA 1000MG/10ML SOL. INYECTABLE,MEDICAMENTOS,C,Media,Media móvil,12.03,1.0,0.23,0.85,3.61,1.0,,,2.61,2022-06-01,0.0,SI
T011602,TIMOLOL SOLUCIÓN OFTÁLMICA 5MG/1ML,MEDICAMENTOS,C,Alta,XGBoost,0.15,1.0,0.23,0.01,0.05,,,,,,,NO
T012011,TINIDAZOL TABLETA 500MG,MEDICAMENTOS,C,Media,Media móvil,51.23,1.0,0.23,4.13,15.92,41.0,,6.0,0.0,2022-06-15,15.0,NO
T019701,"TOXOIDE TETANICO SOL. INYECTABLE 40UI/0,5ML",MEDICAMENTOS,C,Alta,XGBoost,0.22,1.0,0.23,0.07,0.12,0.0,,,0.12,2022-06-01,0.0,SI
T020201,TRAMADOL SOL. ORAL 100MG/1ML,MEDICAMENTOS,C,Media,Media móvil,2.58,1.0,0.23,0.23,0.83,4.0,,1.0,0.0,2022-07-08,37.0,NO
T020701,TRAMADOL SOL. INYECTABLE 50MG/1ML,MEDICAMENTOS,A,Baja,XGBoost,1104.35,1.0,0.23,5.41,259.58,208.0,,2.0,51.58,2022-06-01,0.0,SI
T020702,TRAMADOL SOL. INYECTABLE 100MG/2ML,MEDICAMENTOS,C,Media,Media móvil,26.11,1.0,0.23,1.19,7.2,13.0,,1.0,0.0,2022-06-07,7.0,NO
T023011,TRAZODONA TABLETA 50MG,MEDICAMENTOS,B,Baja,XGBoost,362.62,1.0,0.23,8.71,92.17,179.0,,20.0,0.0,2022-06-08,7.0,NO
T025011,TRIMETOPRIM/SULFAMETOXAZOL TABLETA 80MG/400MG,MEDICAMENTOS,C,Alta,XGBoost,0.9,1.0,0.23,0.11,0.31,10.0,,6.0,0.0,2023-04-23,326.0,NO
V000000013,VORICONAZOL TABLETA 200MG,MEDICAMENTOS,C,Alta,XGBoost,50.83,1.0,0.23,2.56,14.26,13.0,,0.0,1.26,2022-06-01,0.0,SI
V0000002,VALGANCICLOVIR TBL. 450 MG,MEDICAMENTOS,C,Alta,XGBoost,0.24,1.0,0.23,0.01,0.07,,,,,,,NO
V0000004,VALSARTAN TABLETA 160MG,MEDICAMENTOS,C,Media,Media móvil,15.83,1.0,0.23,1.47,5.11,29.0,,,0.0,2022-07-16,46.0,NO
V0000005,VALSARTAN TABLETA 80MG,MEDICAMENTOS,C,Alta,XGBoost,13.25,1.0,0.23,2.44,5.49,14.0,,3.0,0.0,2022-06-20,20.0,NO
V0000011,VORICONAZOL POLVO LIOFILIZADO 200MG,MEDICAMENTOS,C,Alta,XGBoost,39.7,1.0,0.23,10.25,19.39,17.0,,0.0,2.39,2022-06-01,0.0,SI
V0000012,VASOPRESINA 20UI/ML SOL. INYECTABLE ,MEDICAMENTOS,C,Baja,Media móvil,70.42,1.0,0.23,2.3,18.5,39.0,,0.0,0.0,2022-06-09,9.0,NO
V0000013,TRIMETAZIDINA TABLETA 35MG,MEDICAMENTOS,C,Alta,XGBoost,3.85,1.0,0.23,0.6,1.49,6.0,,,0.0,2022-07-06,36.0,NO
V011141,VALPROICO ÁCIDO CÁPSULA 250MG,MEDICAMENTOS,B,Media,XGBoost,362.84,1.0,0.23,18.36,101.86,220.0,,5.0,0.0,2022-06-10,10.0,NO
V012221,VALPROICO ÁCIDO JARABE 250MG/5ML X 120ML,MEDICAMENTOS,C,Media,Media móvil,16.22,1.0,0.23,1.32,5.05,5.0,,0.0,0.05,2022-06-01,0.0,SI
V013721,VANCOMICINA 500MG POLVO LIOFILIZADO ,MEDICAMENTOS,A,Baja,XGBoost,1667.96,1.0,0.23,31.13,415.01,282.0,,0.0,133.01,2022-06-01,0.0,SI
V015721,VECURONIO BROMURO POLVO LIOFILIZADO 10MG,MEDICAMENTOS,B,Media,XGBoost,155.58,1.0,0.23,19.51,55.32,230.0,,0.0,0.0,2022-07-05,34.0,NO
V016011,VERAPAMILO TABLETA 120MG,MEDICAMENTOS,C,Alta,XGBoost,16.9,1.0,0.23,3.11,7.0,10.0,,5.0,0.0,2022-06-06,5.0,NO
V016141,VERAPAMILO TABLETA 80MG,MEDICAMENTOS,C,Media,Media móvil,21.33,1.0,0.23,0.75,5.66,36.0,,10.0,0.0,2022-07-14,43.0,NO
Z001201,ZIDOVUDINA SOLUCIÓN ORAL 10MG/1ML X 240ML,MEDICAMENTOS,C,Alta,XGBoost,0.19,1.0,0.23,0.02,0.06,,,,,,,NO
Z002721,ZOLEDRONICO ÁCIDO POLVO LIOFILIZADO 4MG/5ML ,MEDICAMENTOS,C,Alta,XGBoost,0.58,1.0,0.23,0.02,0.16,1.0,,0.0,0.0,2022-07-15,44.0,NO
