fecha,producto_id,nombre_producto,demanda,categoria,lead_time_semanas,costo_unitario,inventario
2021-07-31,0002101,OMEPRAZOL CÁPSULA 20MG,1991,MEDICAMENTOS,1.0,37.0,481.0
2021-08-31,0002101,OMEPRAZOL CÁPSULA 20MG,1911,MEDICAMENTOS,1.0,37.0,481.0
2021-09-30,0002101,OMEPRAZOL CÁPSULA 20MG,1750,MEDICAMENTOS,1.0,37.0,481.0
2021-10-31,0002101,OMEPRAZOL CÁPSULA 20MG,1834,MEDICAMENTOS,1.0,37.0,481.0
2021-11-30,0002101,OMEPRAZOL CÁPSULA 20MG,1663,MEDICAMENTOS,1.0,37.0,481.0
2021-12-31,0002101,OMEPRAZOL CÁPSULA 20MG,1509,MEDICAMENTOS,1.0,37.0,481.0
2022-01-31,0002101,OMEPRAZOL CÁPSULA 20MG,1747,MEDICAMENTOS,1.0,37.0,481.0
2022-02-28,0002101,OMEPRAZOL CÁPSULA 20MG,1843,MEDICAMENTOS,1.0,37.0,481.0
2022-03-31,0002101,OMEPRAZOL CÁPSULA 20MG,1766,MEDICAMENTOS,1.0,37.0,481.0
2022-04-30,0002101,OMEPRAZOL CÁPSULA 20MG,2746,MEDICAMENTOS,1.0,37.0,481.0
2022-05-31,0002101,OMEPRAZOL CÁPSULA 20MG,1790,MEDICAMENTOS,1.0,37.0,481.0
2022-06-30,0002101,OMEPRAZOL CÁPSULA 20MG,1439,MEDICAMENTOS,1.0,37.0,481.0
2021-07-31,0004721,OXACILINA POLVO LIOFILIZADO 1G,0,MEDICAMENTOS,1.0,1077.0,21.0
2021-08-31,0004721,OXACILINA POLVO LIOFILIZADO 1G,12,MEDICAMENTOS,1.0,1077.0,21.0
2021-09-30,0004721,OXACILINA POLVO LIOFILIZADO 1G,0,MEDICAMENTOS,1.0,1077.0,21.0
2021-10-31,0004721,OXACILINA POLVO LIOFILIZADO 1G,8,MEDICAMENTOS,1.0,1077.0,21.0
2021-11-30,0004721,OXACILINA POLVO LIOFILIZADO 1G,0,MEDICAMENTOS,1.0,1077.0,21.0
2021-12-31,0004721,OXACILINA POLVO LIOFILIZADO 1G,0,MEDICAMENTOS,1.0,1077.0,21.0
2022-01-31,0004721,OXACILINA POLVO LIOFILIZADO 1G,0,MEDICAMENTOS,1.0,1077.0,21.0
2022-02-28,0004721,OXACILINA POLVO LIOFILIZADO 1G,0,MEDICAMENTOS,1.0,1077.0,21.0
2022-03-31,0004721,OXACILINA POLVO LIOFILIZADO 1G,19,MEDICAMENTOS,1.0,1077.0,21.0
2022-04-30,0004721,OXACILINA POLVO LIOFILIZADO 1G,49,MEDICAMENTOS,1.0,1077.0,21.0
2022-05-31,0004721,OXACILINA POLVO LIOFILIZADO 1G,0,MEDICAMENTOS,1.0,1077.0,21.0
2022-06-30,0004721,OXACILINA POLVO LIOFILIZADO 1G,0,MEDICAMENTOS,1.0,1077.0,21.0
2021-07-31,0006422,"OXIMETAZOLINA SOLUCIÓN NASAL 0,05% ",0,MEDICAMENTOS,1.0,2065.0,2.0
2021-08-31,0006422,"OXIMETAZOLINA SOLUCIÓN NASAL 0,05% ",0,MEDICAMENTOS,1.0,2065.0,2.0
2021-09-30,0006422,"OXIMETAZOLINA SOLUCIÓN NASAL 0,05% ",0,MEDICAMENTOS,1.0,2065.0,2.0
2021-10-31,0006422,"OXIMETAZOLINA SOLUCIÓN NASAL 0,05% ",0,MEDICAMENTOS,1.0,2065.0,2.0
2021-11-30,0006422,"OXIMETAZOLINA SOLUCIÓN NASAL 0,05% ",1,MEDICAMENTOS,1.0,2065.0,2.0
2021-12-31,0006422,"OXIMETAZOLINA SOLUCIÓN NASAL 0,05% ",2,MEDICAMENTOS,1.0,2065.0,2.0
2022-01-31,0006422,"OXIMETAZOLINA SOLUCIÓN NASAL 0,05% ",1,MEDICAMENTOS,1.0,2065.0,2.0
2022-02-28,0006422,"OXIMETAZOLINA SOLUCIÓN NASAL 0,05% ",2,MEDICAMENTOS,1.0,2065.0,2.0
2022-03-31,0006422,"OXIMETAZOLINA SOLUCIÓN NASAL 0,05% ",0,MEDICAMENTOS,1.0,2065.0,2.0
2022-04-30,0006422,"OXIMETAZOLINA SOLUCIÓN NASAL 0,05% ",1,MEDICAMENTOS,1.0,2065.0,2.0
2022-05-31,0006422,"OXIMETAZOLINA SOLUCIÓN NASAL 0,05% ",3,MEDICAMENTOS,1.0,2065.0,2.0
2022-06-30,0006422,"OXIMETAZOLINA SOLUCIÓN NASAL 0,05% ",0,MEDICAMENTOS,1.0,2065.0,2.0
2021-07-31,100317,"LACTULOSA SOLUCIÓN ORAL 66,7%/15ML",75,MEDICAMENTOS,1.0,1059.0,43.0
2021-08-31,100317,"LACTULOSA SOLUCIÓN ORAL 66,7%/15ML",298,MEDICAMENTOS,1.0,1059.0,43.0
2021-09-30,100317,"LACTULOSA SOLUCIÓN ORAL 66,7%/15ML",251,MEDICAMENTOS,1.0,1059.0,43.0
2021-10-31,100317,"LACTULOSA SOLUCIÓN ORAL 66,7%/15ML",179,MEDICAMENTOS,1.0,1059.0,43.0
2021-11-30,100317,"LACTULOSA SOLUCIÓN ORAL 66,7%/15ML",336,MEDICAMENTOS,1.0,1059.0,43.0
2021-12-31,100317,"LACTULOSA SOLUCIÓN ORAL 66,7%/15ML",82,MEDICAMENTOS,1.0,1059.0,43.0
2022-01-31,100317,"LACTULOSA SOLUCIÓN ORAL 66,7%/15ML",220,MEDICAMENTOS,1.0,1059.0,43.0
2022-02-28,100317,"LACTULOSA SOLUCIÓN ORAL 66,7%/15ML",79,MEDICAMENTOS,1.0,1059.0,43.0
2022-03-31,100317,"LACTULOSA SOLUCIÓN ORAL 66,7%/15ML",232,MEDICAMENTOS,1.0,1059.0,43.0
2022-04-30,100317,"LACTULOSA SOLUCIÓN ORAL 66,7%/15ML",182,MEDICAMENTOS,1.0,1059.0,43.0
2022-05-31,100317,"LACTULOSA SOLUCIÓN ORAL 66,7%/15ML",197,MEDICAMENTOS,1.0,1059.0,43.0
2022-06-30,100317,"LACTULOSA SOLUCIÓN ORAL 66,7%/15ML",133,MEDICAMENTOS,1.0,1059.0,43.0
2021-07-31,103662,PALIVIZUMAB POLVO LIOFILIZADO 50 MG,2,MEDICAMENTOS,1.0,1405270.0,2.0
2021-08-31,103662,PALIVIZUMAB POLVO LIOFILIZADO 50 MG,2,MEDICAMENTOS,1.0,1405270.0,2.0
2021-09-30,103662,PALIVIZUMAB POLVO LIOFILIZADO 50 MG,1,MEDICAMENTOS,1.0,1405270.0,2.0
2021-10-31,103662,PALIVIZUMAB POLVO LIOFILIZADO 50 MG,3,MEDICAMENTOS,1.0,1405270.0,2.0
2021-11-30,103662,PALIVIZUMAB POLVO LIOFILIZADO 50 MG,1,MEDICAMENTOS,1.0,1405270.0,2.0
2021-12-31,103662,PALIVIZUMAB POLVO LIOFILIZADO 50 MG,0,MEDICAMENTOS,1.0,1405270.0,2.0
2022-01-31,103662,PALIVIZUMAB POLVO LIOFILIZADO 50 MG,1,MEDICAMENTOS,1.0,1405270.0,2.0
2022-02-28,103662,PALIVIZUMAB POLVO LIOFILIZADO 50 MG,9,MEDICAMENTOS,1.0,1405270.0,2.0
2022-03-31,103662,PALIVIZUMAB POLVO LIOFILIZADO 50 MG,2,MEDICAMENTOS,1.0,1405270.0,2.0
2022-04-30,103662,PALIVIZUMAB POLVO LIOFILIZADO 50 MG,0,MEDICAMENTOS,1.0,1405270.0,2.0
2022-05-31,103662,PALIVIZUMAB POLVO LIOFILIZADO 50 MG,3,MEDICAMENTOS,1.0,1405270.0,2.0
2022-06-30,103662,PALIVIZUMAB POLVO LIOFILIZADO 50 MG,1,MEDICAMENTOS,1.0,1405270.0,2.0
2021-07-31,105719,CLARITROMICINA 250MG/5ML GRANULOS PARA RECONSTITUIR A SUSPENSION ORAL,0,MEDICAMENTOS,1.0,63667.0,1.0
2021-08-31,105719,CLARITROMICINA 250MG/5ML GRANULOS PARA RECONSTITUIR A SUSPENSION ORAL,1,MEDICAMENTOS,1.0,63667.0,1.0
2021-09-30,105719,CLARITROMICINA 250MG/5ML GRANULOS PARA RECONSTITUIR A SUSPENSION ORAL,2,MEDICAMENTOS,1.0,63667.0,1.0
2021-10-31,105719,CLARITROMICINA 250MG/5ML GRANULOS PARA RECONSTITUIR A SUSPENSION ORAL,1,MEDICAMENTOS,1.0,63667.0,1.0
2021-11-30,105719,CLARITROMICINA 250MG/5ML GRANULOS PARA RECONSTITUIR A SUSPENSION ORAL,0,MEDICAMENTOS,1.0,63667.0,1.0
2021-12-31,105719,CLARITROMICINA 250MG/5ML GRANULOS PARA RECONSTITUIR A SUSPENSION ORAL,0,MEDICAMENTOS,1.0,63667.0,1.0
2022-01-31,105719,CLARITROMICINA 250MG/5ML GRANULOS PARA RECONSTITUIR A SUSPENSION ORAL,0,MEDICAMENTOS,1.0,63667.0,1.0
2022-02-28,105719,CLARITROMICINA 250MG/5ML GRANULOS PARA RECONSTITUIR A SUSPENSION ORAL,0,MEDICAMENTOS,1.0,63667.0,1.0
2022-03-31,105719,CLARITROMICINA 250MG/5ML GRANULOS PARA RECONSTITUIR A SUSPENSION ORAL,0,MEDICAMENTOS,1.0,63667.0,1.0
2022-04-30,105719,CLARITROMICINA 250MG/5ML GRANULOS PARA RECONSTITUIR A SUSPENSION ORAL,1,MEDICAMENTOS,1.0,63667.0,1.0
2022-05-31,105719,CLARITROMICINA 250MG/5ML GRANULOS PARA RECONSTITUIR A SUSPENSION ORAL,0,MEDICAMENTOS,1.0,63667.0,1.0
2022-06-30,105719,CLARITROMICINA 250MG/5ML GRANULOS PARA RECONSTITUIR A SUSPENSION ORAL,0,MEDICAMENTOS,1.0,63667.0,1.0
2021-07-31,110028,"EPOPROSTENOL POLVO LIOFILIZADO 1,5MG",100,MEDICAMENTOS,1.0,,
2021-08-31,110028,"EPOPROSTENOL POLVO LIOFILIZADO 1,5MG",0,MEDICAMENTOS,1.0,,
2021-09-30,110028,"EPOPROSTENOL POLVO LIOFILIZADO 1,5MG",0,MEDICAMENTOS,1.0,,
2021-10-31,110028,"EPOPROSTENOL POLVO LIOFILIZADO 1,5MG",0,MEDICAMENTOS,1.0,,
2021-11-30,110028,"EPOPROSTENOL POLVO LIOFILIZADO 1,5MG",0,MEDICAMENTOS,1.0,,
2021-12-31,110028,"EPOPROSTENOL POLVO LIOFILIZADO 1,5MG",0,MEDICAMENTOS,1.0,,
2022-01-31,110028,"EPOPROSTENOL POLVO LIOFILIZADO 1,5MG",0,MEDICAMENTOS,1.0,,
2022-02-28,110028,"EPOPROSTENOL POLVO LIOFILIZADO 1,5MG",0,MEDICAMENTOS,1.0,,
2022-03-31,110028,"EPOPROSTENOL POLVO LIOFILIZADO 1,5MG",0,MEDICAMENTOS,1.0,,
2022-04-30,110028,"EPOPROSTENOL POLVO LIOFILIZADO 1,5MG",0,MEDICAMENTOS,1.0,,
2022-05-31,110028,"EPOPROSTENOL POLVO LIOFILIZADO 1,5MG",0,MEDICAMENTOS,1.0,,
2022-06-30,110028,"EPOPROSTENOL POLVO LIOFILIZADO 1,5MG",0,MEDICAMENTOS,1.0,,
2021-07-31,118494,DEXAMETASONA SOLUCIÓN OFTÁLMICA 5ML,2,MEDICAMENTOS,1.0,14795.0,3.0
2021-08-31,118494,DEXAMETASONA SOLUCIÓN OFTÁLMICA 5ML,0,MEDICAMENTOS,1.0,14795.0,3.0
2021-09-30,118494,DEXAMETASONA SOLUCIÓN OFTÁLMICA 5ML,1,MEDICAMENTOS,1.0,14795.0,3.0
2021-10-31,118494,DEXAMETASONA SOLUCIÓN OFTÁLMICA 5ML,0,MEDICAMENTOS,1.0,14795.0,3.0
2021-11-30,118494,DEXAMETASONA SOLUCIÓN OFTÁLMICA 5ML,2,MEDICAMENTOS,1.0,14795.0,3.0
2021-12-31,118494,DEXAMETASONA SOLUCIÓN OFTÁLMICA 5ML,0,MEDICAMENTOS,1.0,14795.0,3.0
2022-01-31,118494,DEXAMETASONA SOLUCIÓN OFTÁLMICA 5ML,0,MEDICAMENTOS,1.0,14795.0,3.0
2022-02-28,118494,DEXAMETASONA SOLUCIÓN OFTÁLMICA 5ML,3,MEDICAMENTOS,1.0,14795.0,3.0
2022-03-31,118494,DEXAMETASONA SOLUCIÓN OFTÁLMICA 5ML,2,MEDICAMENTOS,1.0,14795.0,3.0
2022-04-30,118494,DEXAMETASONA SOLUCIÓN OFTÁLMICA 5ML,3,MEDICAMENTOS,1.0,14795.0,3.0
2022-05-31,118494,DEXAMETASONA SOLUCIÓN OFTÁLMICA 5ML,0,MEDICAMENTOS,1.0,14795.0,3.0
2022-06-30,118494,DEXAMETASONA SOLUCIÓN OFTÁLMICA 5ML,3,MEDICAMENTOS,1.0,14795.0,3.0
2021-07-31,119580,N-ACETILCISTEINA GRANULOS PARA SUSPENCIÓN ORAL 200MG,6,MEDICAMENTOS,1.0,209.0,2.0
2021-08-31,119580,N-ACETILCISTEINA GRANULOS PARA SUSPENCIÓN ORAL 200MG,0,MEDICAMENTOS,1.0,209.0,2.0
2021-09-30,119580,N-ACETILCISTEINA GRANULOS PARA SUSPENCIÓN ORAL 200MG,0,MEDICAMENTOS,1.0,209.0,2.0
2021-10-31,119580,N-ACETILCISTEINA GRANULOS PARA SUSPENCIÓN ORAL 200MG,0,MEDICAMENTOS,1.0,209.0,2.0
2021-11-30,119580,N-ACETILCISTEINA GRANULOS PARA SUSPENCIÓN ORAL 200MG,0,MEDICAMENTOS,1.0,209.0,2.0
2021-12-31,119580,N-ACETILCISTEINA GRANULOS PARA SUSPENCIÓN ORAL 200MG,0,MEDICAMENTOS,1.0,209.0,2.0
2022-01-31,119580,N-ACETILCISTEINA GRANULOS PARA SUSPENCIÓN ORAL 200MG,0,MEDICAMENTOS,1.0,209.0,2.0
2022-02-28,119580,N-ACETILCISTEINA GRANULOS PARA SUSPENCIÓN ORAL 200MG,0,MEDICAMENTOS,1.0,209.0,2.0
2022-03-31,119580,N-ACETILCISTEINA GRANULOS PARA SUSPENCIÓN ORAL 200MG,0,MEDICAMENTOS,1.0,209.0,2.0
2022-04-30,119580,N-ACETILCISTEINA GRANULOS PARA SUSPENCIÓN ORAL 200MG,0,MEDICAMENTOS,1.0,209.0,2.0
2022-05-31,119580,N-ACETILCISTEINA GRANULOS PARA SUSPENCIÓN ORAL 200MG,0,MEDICAMENTOS,1.0,209.0,2.0
2022-06-30,119580,N-ACETILCISTEINA GRANULOS PARA SUSPENCIÓN ORAL 200MG,0,MEDICAMENTOS,1.0,209.0,2.0
2021-07-31,120804,CARBOXIMETILCELULOSA 0.5 % SOL. OFTALMICA ,0,MEDICAMENTOS,1.0,4706.0,1.0
2021-08-31,120804,CARBOXIMETILCELULOSA 0.5 % SOL. OFTALMICA ,0,MEDICAMENTOS,1.0,4706.0,1.0
2021-09-30,120804,CARBOXIMETILCELULOSA 0.5 % SOL. OFTALMICA ,0,MEDICAMENTOS,1.0,4706.0,1.0
2021-10-31,120804,CARBOXIMETILCELULOSA 0.5 % SOL. OFTALMICA ,0,MEDICAMENTOS,1.0,4706.0,1.0
2021-11-30,120804,CARBOXIMETILCELULOSA 0.5 % SOL. OFTALMICA ,0,MEDICAMENTOS,1.0,4706.0,1.0
2021-12-31,120804,CARBOXIMETILCELULOSA 0.5 % SOL. OFTALMICA ,0,MEDICAMENTOS,1.0,4706.0,1.0
2022-01-31,120804,CARBOXIMETILCELULOSA 0.5 % SOL. OFTALMICA ,0,MEDICAMENTOS,1.0,4706.0,1.0
2022-02-28,120804,CARBOXIMETILCELULOSA 0.5 % SOL. OFTALMICA ,0,MEDICAMENTOS,1.0,4706.0,1.0
2022-03-31,120804,CARBOXIMETILCELULOSA 0.5 % SOL. OFTALMICA ,0,MEDICAMENTOS,1.0,4706.0,1.0
2022-04-30,120804,CARBOXIMETILCELULOSA 0.5 % SOL. OFTALMICA ,2,MEDICAMENTOS,1.0,4706.0,1.0
2022-05-31,120804,CARBOXIMETILCELULOSA 0.5 % SOL. OFTALMICA ,0,MEDICAMENTOS,1.0,4706.0,1.0
2022-06-30,120804,CARBOXIMETILCELULOSA 0.5 % SOL. OFTALMICA ,0,MEDICAMENTOS,1.0,4706.0,1.0
2021-07-31,120898,"FRESUBIN HP ENERGY SOLUCIÓN ORAL 1,5KCAL/1ML (1500KCAL/1000ML) ALIMENTO LÍQUIDO ",25,NUTRICION,1.0,30994.0,7.0
2021-08-31,120898,"FRESUBIN HP ENERGY SOLUCIÓN ORAL 1,5KCAL/1ML (1500KCAL/1000ML) ALIMENTO LÍQUIDO ",21,NUTRICION,1.0,30994.0,7.0
2021-09-30,120898,"FRESUBIN HP ENERGY SOLUCIÓN ORAL 1,5KCAL/1ML (1500KCAL/1000ML) ALIMENTO LÍQUIDO ",31,NUTRICION,1.0,30994.0,7.0
2021-10-31,120898,"FRESUBIN HP ENERGY SOLUCIÓN ORAL 1,5KCAL/1ML (1500KCAL/1000ML) ALIMENTO LÍQUIDO ",41,NUTRICION,1.0,30994.0,7.0
2021-11-30,120898,"FRESUBIN HP ENERGY SOLUCIÓN ORAL 1,5KCAL/1ML (1500KCAL/1000ML) ALIMENTO LÍQUIDO ",37,NUTRICION,1.0,30994.0,7.0
2021-12-31,120898,"FRESUBIN HP ENERGY SOLUCIÓN ORAL 1,5KCAL/1ML (1500KCAL/1000ML) ALIMENTO LÍQUIDO ",32,NUTRICION,1.0,30994.0,7.0
2022-01-31,120898,"FRESUBIN HP ENERGY SOLUCIÓN ORAL 1,5KCAL/1ML (1500KCAL/1000ML) ALIMENTO LÍQUIDO ",4,NUTRICION,1.0,30994.0,7.0
2022-02-28,120898,"FRESUBIN HP ENERGY SOLUCIÓN ORAL 1,5KCAL/1ML (1500KCAL/1000ML) ALIMENTO LÍQUIDO ",30,NUTRICION,1.0,30994.0,7.0
2022-03-31,120898,"FRESUBIN HP ENERGY SOLUCIÓN ORAL 1,5KCAL/1ML (1500KCAL/1000ML) ALIMENTO LÍQUIDO ",66,NUTRICION,1.0,30994.0,7.0
2022-04-30,120898,"FRESUBIN HP ENERGY SOLUCIÓN ORAL 1,5KCAL/1ML (1500KCAL/1000ML) ALIMENTO LÍQUIDO ",84,NUTRICION,1.0,30994.0,7.0
2022-05-31,120898,"FRESUBIN HP ENERGY SOLUCIÓN ORAL 1,5KCAL/1ML (1500KCAL/1000ML) ALIMENTO LÍQUIDO ",184,NUTRICION,1.0,30994.0,7.0
2022-06-30,120898,"FRESUBIN HP ENERGY SOLUCIÓN ORAL 1,5KCAL/1ML (1500KCAL/1000ML) ALIMENTO LÍQUIDO ",112,NUTRICION,1.0,30994.0,7.0
2021-07-31,120900,"(FRESUBIN HP ENERGY SOLUCIÓN ORAL 1,5KCAL/1ML (750KCAL/500ML)) ALIMENTO LÍQUIDO ",24,NUTRICION,1.0,19504.0,24.0
2021-08-31,120900,"(FRESUBIN HP ENERGY SOLUCIÓN ORAL 1,5KCAL/1ML (750KCAL/500ML)) ALIMENTO LÍQUIDO ",20,NUTRICION,1.0,19504.0,24.0
2021-09-30,120900,"(FRESUBIN HP ENERGY SOLUCIÓN ORAL 1,5KCAL/1ML (750KCAL/500ML)) ALIMENTO LÍQUIDO ",105,NUTRICION,1.0,19504.0,24.0
2021-10-31,120900,"(FRESUBIN HP ENERGY SOLUCIÓN ORAL 1,5KCAL/1ML (750KCAL/500ML)) ALIMENTO LÍQUIDO ",92,NUTRICION,1.0,19504.0,24.0
2021-11-30,120900,"(FRESUBIN HP ENERGY SOLUCIÓN ORAL 1,5KCAL/1ML (750KCAL/500ML)) ALIMENTO LÍQUIDO ",60,NUTRICION,1.0,19504.0,24.0
2021-12-31,120900,"(FRESUBIN HP ENERGY SOLUCIÓN ORAL 1,5KCAL/1ML (750KCAL/500ML)) ALIMENTO LÍQUIDO ",189,NUTRICION,1.0,19504.0,24.0
2022-01-31,120900,"(FRESUBIN HP ENERGY SOLUCIÓN ORAL 1,5KCAL/1ML (750KCAL/500ML)) ALIMENTO LÍQUIDO ",42,NUTRICION,1.0,19504.0,24.0
2022-02-28,120900,"(FRESUBIN HP ENERGY SOLUCIÓN ORAL 1,5KCAL/1ML (750KCAL/500ML)) ALIMENTO LÍQUIDO ",48,NUTRICION,1.0,19504.0,24.0
2022-03-31,120900,"(FRESUBIN HP ENERGY SOLUCIÓN ORAL 1,5KCAL/1ML (750KCAL/500ML)) ALIMENTO LÍQUIDO ",46,NUTRICION,1.0,19504.0,24.0
2022-04-30,120900,"(FRESUBIN HP ENERGY SOLUCIÓN ORAL 1,5KCAL/1ML (750KCAL/500ML)) ALIMENTO LÍQUIDO ",107,NUTRICION,1.0,19504.0,24.0
2022-05-31,120900,"(FRESUBIN HP ENERGY SOLUCIÓN ORAL 1,5KCAL/1ML (750KCAL/500ML)) ALIMENTO LÍQUIDO ",9,NUTRICION,1.0,19504.0,24.0
2022-06-30,120900,"(FRESUBIN HP ENERGY SOLUCIÓN ORAL 1,5KCAL/1ML (750KCAL/500ML)) ALIMENTO LÍQUIDO ",227,NUTRICION,1.0,19504.0,24.0
2021-07-31,125690,FINASTERIDE 5MG TABLETA ,0,MEDICAMENTOS,1.0,8127.0,26.0
2021-08-31,125690,FINASTERIDE 5MG TABLETA ,0,MEDICAMENTOS,1.0,8127.0,26.0
2021-09-30,125690,FINASTERIDE 5MG TABLETA ,0,MEDICAMENTOS,1.0,8127.0,26.0
2021-10-31,125690,FINASTERIDE 5MG TABLETA ,0,MEDICAMENTOS,1.0,8127.0,26.0
2021-11-30,125690,FINASTERIDE 5MG TABLETA ,0,MEDICAMENTOS,1.0,8127.0,26.0
2021-12-31,125690,FINASTERIDE 5MG TABLETA ,0,MEDICAMENTOS,1.0,8127.0,26.0
2022-01-31,125690,FINASTERIDE 5MG TABLETA ,0,MEDICAMENTOS,1.0,8127.0,26.0
2022-02-28,125690,FINASTERIDE 5MG TABLETA ,4,MEDICAMENTOS,1.0,8127.0,26.0
2022-03-31,125690,FINASTERIDE 5MG TABLETA ,0,MEDICAMENTOS,1.0,8127.0,26.0
2022-04-30,125690,FINASTERIDE 5MG TABLETA ,0,MEDICAMENTOS,1.0,8127.0,26.0
2022-05-31,125690,FINASTERIDE 5MG TABLETA ,0,MEDICAMENTOS,1.0,8127.0,26.0
2022-06-30,125690,FINASTERIDE 5MG TABLETA ,0,MEDICAMENTOS,1.0,8127.0,26.0
2021-07-31,129788,POSACONAZOL 100MG TABLETA,0,MEDICAMENTOS,1.0,63469.0,38.0
2021-08-31,129788,POSACONAZOL 100MG TABLETA,0,MEDICAMENTOS,1.0,63469.0,38.0
2021-09-30,129788,POSACONAZOL 100MG TABLETA,0,MEDICAMENTOS,1.0,63469.0,38.0
2021-10-31,129788,POSACONAZOL 100MG TABLETA,0,MEDICAMENTOS,1.0,63469.0,38.0
2021-11-30,129788,POSACONAZOL 100MG TABLETA,0,MEDICAMENTOS,1.0,63469.0,38.0
2021-12-31,129788,POSACONAZOL 100MG TABLETA,0,MEDICAMENTOS,1.0,63469.0,38.0
2022-01-31,129788,POSACONAZOL 100MG TABLETA,0,MEDICAMENTOS,1.0,63469.0,38.0
2022-02-28,129788,POSACONAZOL 100MG TABLETA,24,MEDICAMENTOS,1.0,63469.0,38.0
2022-03-31,129788,POSACONAZOL 100MG TABLETA,0,MEDICAMENTOS,1.0,63469.0,38.0
2022-04-30,129788,POSACONAZOL 100MG TABLETA,0,MEDICAMENTOS,1.0,63469.0,38.0
2022-05-31,129788,POSACONAZOL 100MG TABLETA,0,MEDICAMENTOS,1.0,63469.0,38.0
2022-06-30,129788,POSACONAZOL 100MG TABLETA,0,MEDICAMENTOS,1.0,63469.0,38.0
2021-07-31,131059,HIDROXICLOROQUINA SULFATO TABLETA 200MG,0,MEDICAMENTOS,1.0,500.0,35.0
2021-08-31,131059,HIDROXICLOROQUINA SULFATO TABLETA 200MG,0,MEDICAMENTOS,1.0,500.0,35.0
2021-09-30,131059,HIDROXICLOROQUINA SULFATO TABLETA 200MG,0,MEDICAMENTOS,1.0,500.0,35.0
2021-10-31,131059,HIDROXICLOROQUINA SULFATO TABLETA 200MG,3,MEDICAMENTOS,1.0,500.0,35.0
2021-11-30,131059,HIDROXICLOROQUINA SULFATO TABLETA 200MG,4,MEDICAMENTOS,1.0,500.0,35.0
2021-12-31,131059,HIDROXICLOROQUINA SULFATO TABLETA 200MG,0,MEDICAMENTOS,1.0,500.0,35.0
2022-01-31,131059,HIDROXICLOROQUINA SULFATO TABLETA 200MG,0,MEDICAMENTOS,1.0,500.0,35.0
2022-02-28,131059,HIDROXICLOROQUINA SULFATO TABLETA 200MG,0,MEDICAMENTOS,1.0,500.0,35.0
2022-03-31,131059,HIDROXICLOROQUINA SULFATO TABLETA 200MG,0,MEDICAMENTOS,1.0,500.0,35.0
2022-04-30,131059,HIDROXICLOROQUINA SULFATO TABLETA 200MG,0,MEDICAMENTOS,1.0,500.0,35.0
2022-05-31,131059,HIDROXICLOROQUINA SULFATO TABLETA 200MG,233,MEDICAMENTOS,1.0,500.0,35.0
2022-06-30,131059,HIDROXICLOROQUINA SULFATO TABLETA 200MG,21,MEDICAMENTOS,1.0,500.0,35.0
2021-07-31,131589,"TIOTROPIO BROMURO SUSPENSIÓN PARA INHALACIÓN 2,5MCG/1PUFF/60PUFF",5,MEDICAMENTOS,1.0,199306.0,2.0
2021-08-31,131589,"TIOTROPIO BROMURO SUSPENSIÓN PARA INHALACIÓN 2,5MCG/1PUFF/60PUFF",3,MEDICAMENTOS,1.0,199306.0,2.0
2021-09-30,131589,"TIOTROPIO BROMURO SUSPENSIÓN PARA INHALACIÓN 2,5MCG/1PUFF/60PUFF",4,MEDICAMENTOS,1.0,199306.0,2.0
2021-10-31,131589,"TIOTROPIO BROMURO SUSPENSIÓN PARA INHALACIÓN 2,5MCG/1PUFF/60PUFF",1,MEDICAMENTOS,1.0,199306.0,2.0
2021-11-30,131589,"TIOTROPIO BROMURO SUSPENSIÓN PARA INHALACIÓN 2,5MCG/1PUFF/60PUFF",0,MEDICAMENTOS,1.0,199306.0,2.0
2021-12-31,131589,"TIOTROPIO BROMURO SUSPENSIÓN PARA INHALACIÓN 2,5MCG/1PUFF/60PUFF",1,MEDICAMENTOS,1.0,199306.0,2.0
2022-01-31,131589,"TIOTROPIO BROMURO SUSPENSIÓN PARA INHALACIÓN 2,5MCG/1PUFF/60PUFF",0,MEDICAMENTOS,1.0,199306.0,2.0
2022-02-28,131589,"TIOTROPIO BROMURO SUSPENSIÓN PARA INHALACIÓN 2,5MCG/1PUFF/60PUFF",0,MEDICAMENTOS,1.0,199306.0,2.0
2022-03-31,131589,"TIOTROPIO BROMURO SUSPENSIÓN PARA INHALACIÓN 2,5MCG/1PUFF/60PUFF",0,MEDICAMENTOS,1.0,199306.0,2.0
2022-04-30,131589,"TIOTROPIO BROMURO SUSPENSIÓN PARA INHALACIÓN 2,5MCG/1PUFF/60PUFF",5,MEDICAMENTOS,1.0,199306.0,2.0
2022-05-31,131589,"TIOTROPIO BROMURO SUSPENSIÓN PARA INHALACIÓN 2,5MCG/1PUFF/60PUFF",0,MEDICAMENTOS,1.0,199306.0,2.0
2022-06-30,131589,"TIOTROPIO BROMURO SUSPENSIÓN PARA INHALACIÓN 2,5MCG/1PUFF/60PUFF",1,MEDICAMENTOS,1.0,199306.0,2.0
2021-07-31,134746,LEVETIRACETAM SOL. INYECTABLE 500MG/5ML,156,MEDICAMENTOS,1.0,22129.0,95.0
2021-08-31,134746,LEVETIRACETAM SOL. INYECTABLE 500MG/5ML,58,MEDICAMENTOS,1.0,22129.0,95.0
2021-09-30,134746,LEVETIRACETAM SOL. INYECTABLE 500MG/5ML,270,MEDICAMENTOS,1.0,22129.0,95.0
2021-10-31,134746,LEVETIRACETAM SOL. INYECTABLE 500MG/5ML,306,MEDICAMENTOS,1.0,22129.0,95.0
2021-11-30,134746,LEVETIRACETAM SOL. INYECTABLE 500MG/5ML,457,MEDICAMENTOS,1.0,22129.0,95.0
2021-12-31,134746,LEVETIRACETAM SOL. INYECTABLE 500MG/5ML,185,MEDICAMENTOS,1.0,22129.0,95.0
2022-01-31,134746,LEVETIRACETAM SOL. INYECTABLE 500MG/5ML,41,MEDICAMENTOS,1.0,22129.0,95.0
2022-02-28,134746,LEVETIRACETAM SOL. INYECTABLE 500MG/5ML,126,MEDICAMENTOS,1.0,22129.0,95.0
2022-03-31,134746,LEVETIRACETAM SOL. INYECTABLE 500MG/5ML,312,MEDICAMENTOS,1.0,22129.0,95.0
2022-04-30,134746,LEVETIRACETAM SOL. INYECTABLE 500MG/5ML,109,MEDICAMENTOS,1.0,22129.0,95.0
2022-05-31,134746,LEVETIRACETAM SOL. INYECTABLE 500MG/5ML,99,MEDICAMENTOS,1.0,22129.0,95.0
2022-06-30,134746,LEVETIRACETAM SOL. INYECTABLE 500MG/5ML,241,MEDICAMENTOS,1.0,22129.0,95.0
2021-07-31,136905,CICLOSERINA 250MG TABLETA ,0,MEDICAMENTOS,1.0,0.0,17.0
2021-08-31,136905,CICLOSERINA 250MG TABLETA ,0,MEDICAMENTOS,1.0,0.0,17.0
2021-09-30,136905,CICLOSERINA 250MG TABLETA ,0,MEDICAMENTOS,1.0,0.0,17.0
2021-10-31,136905,CICLOSERINA 250MG TABLETA ,0,MEDICAMENTOS,1.0,0.0,17.0
2021-11-30,136905,CICLOSERINA 250MG TABLETA ,0,MEDICAMENTOS,1.0,0.0,17.0
2021-12-31,136905,CICLOSERINA 250MG TABLETA ,0,MEDICAMENTOS,1.0,0.0,17.0
2022-01-31,136905,CICLOSERINA 250MG TABLETA ,0,MEDICAMENTOS,1.0,0.0,17.0
2022-02-28,136905,CICLOSERINA 250MG TABLETA ,0,MEDICAMENTOS,1.0,0.0,17.0
2022-03-31,136905,CICLOSERINA 250MG TABLETA ,0,MEDICAMENTOS,1.0,0.0,17.0
2022-04-30,136905,CICLOSERINA 250MG TABLETA ,0,MEDICAMENTOS,1.0,0.0,17.0
2022-05-31,136905,CICLOSERINA 250MG TABLETA ,18,MEDICAMENTOS,1.0,0.0,17.0
2022-06-30,136905,CICLOSERINA 250MG TABLETA ,0,MEDICAMENTOS,1.0,0.0,17.0
2021-07-31,145329,DEXMEDETOMIDINA 200MCG/2ML SOL. INYECTABLE,407,MEDICAMENTOS,1.0,4550.0,136.0
2021-08-31,145329,DEXMEDETOMIDINA 200MCG/2ML SOL. INYECTABLE,435,MEDICAMENTOS,1.0,4550.0,136.0
2021-09-30,145329,DEXMEDETOMIDINA 200MCG/2ML SOL. INYECTABLE,316,MEDICAMENTOS,1.0,4550.0,136.0
2021-10-31,145329,DEXMEDETOMIDINA 200MCG/2ML SOL. INYECTABLE,234,MEDICAMENTOS,1.0,4550.0,136.0
2021-11-30,145329,DEXMEDETOMIDINA 200MCG/2ML SOL. INYECTABLE,230,MEDICAMENTOS,1.0,4550.0,136.0
2021-12-31,145329,DEXMEDETOMIDINA 200MCG/2ML SOL. INYECTABLE,273,MEDICAMENTOS,1.0,4550.0,136.0
2022-01-31,145329,DEXMEDETOMIDINA 200MCG/2ML SOL. INYECTABLE,242,MEDICAMENTOS,1.0,4550.0,136.0
2022-02-28,145329,DEXMEDETOMIDINA 200MCG/2ML SOL. INYECTABLE,335,MEDICAMENTOS,1.0,4550.0,136.0
2022-03-31,145329,DEXMEDETOMIDINA 200MCG/2ML SOL. INYECTABLE,137,MEDICAMENTOS,1.0,4550.0,136.0
2022-04-30,145329,DEXMEDETOMIDINA 200MCG/2ML SOL. INYECTABLE,267,MEDICAMENTOS,1.0,4550.0,136.0
2022-05-31,145329,DEXMEDETOMIDINA 200MCG/2ML SOL. INYECTABLE,529,MEDICAMENTOS,1.0,4550.0,136.0
2022-06-30,145329,DEXMEDETOMIDINA 200MCG/2ML SOL. INYECTABLE,470,MEDICAMENTOS,1.0,4550.0,136.0
2021-07-31,145537,CISATRACURIO 10MG/5ML SOL. INYECTABLE,0,MEDICAMENTOS,1.0,0.0,0.0
2021-08-31,145537,CISATRACURIO 10MG/5ML SOL. INYECTABLE,0,MEDICAMENTOS,1.0,0.0,0.0
2021-09-30,145537,CISATRACURIO 10MG/5ML SOL. INYECTABLE,25,MEDICAMENTOS,1.0,0.0,0.0
2021-10-31,145537,CISATRACURIO 10MG/5ML SOL. INYECTABLE,0,MEDICAMENTOS,1.0,0.0,0.0
2021-11-30,145537,CISATRACURIO 10MG/5ML SOL. INYECTABLE,0,MEDICAMENTOS,1.0,0.0,0.0
2021-12-31,145537,CISATRACURIO 10MG/5ML SOL. INYECTABLE,87,MEDICAMENTOS,1.0,0.0,0.0
2022-01-31,145537,CISATRACURIO 10MG/5ML SOL. INYECTABLE,0,MEDICAMENTOS,1.0,0.0,0.0
2022-02-28,145537,CISATRACURIO 10MG/5ML SOL. INYECTABLE,0,MEDICAMENTOS,1.0,0.0,0.0
2022-03-31,145537,CISATRACURIO 10MG/5ML SOL. INYECTABLE,0,MEDICAMENTOS,1.0,0.0,0.0
2022-04-30,145537,CISATRACURIO 10MG/5ML SOL. INYECTABLE,0,MEDICAMENTOS,1.0,0.0,0.0
2022-05-31,145537,CISATRACURIO 10MG/5ML SOL. INYECTABLE,152,MEDICAMENTOS,1.0,0.0,0.0
2022-06-30,145537,CISATRACURIO 10MG/5ML SOL. INYECTABLE,0,MEDICAMENTOS,1.0,0.0,0.0
2021-07-31,145933,LEVOTIROXINA SODICA TABLETA 25MCG,99,MEDICAMENTOS,1.0,43.0,37.0
2021-08-31,145933,LEVOTIROXINA SODICA TABLETA 25MCG,179,MEDICAMENTOS,1.0,43.0,37.0
2021-09-30,145933,LEVOTIROXINA SODICA TABLETA 25MCG,140,MEDICAMENTOS,1.0,43.0,37.0
2021-10-31,145933,LEVOTIROXINA SODICA TABLETA 25MCG,108,MEDICAMENTOS,1.0,43.0,37.0
2021-11-30,145933,LEVOTIROXINA SODICA TABLETA 25MCG,115,MEDICAMENTOS,1.0,43.0,37.0
2021-12-31,145933,LEVOTIROXINA SODICA TABLETA 25MCG,128,MEDICAMENTOS,1.0,43.0,37.0
2022-01-31,145933,LEVOTIROXINA SODICA TABLETA 25MCG,89,MEDICAMENTOS,1.0,43.0,37.0
2022-02-28,145933,LEVOTIROXINA SODICA TABLETA 25MCG,60,MEDICAMENTOS,1.0,43.0,37.0
2022-03-31,145933,LEVOTIROXINA SODICA TABLETA 25MCG,76,MEDICAMENTOS,1.0,43.0,37.0
2022-04-30,145933,LEVOTIROXINA SODICA TABLETA 25MCG,51,MEDICAMENTOS,1.0,43.0,37.0
2022-05-31,145933,LEVOTIROXINA SODICA TABLETA 25MCG,65,MEDICAMENTOS,1.0,43.0,37.0
2022-06-30,145933,LEVOTIROXINA SODICA TABLETA 25MCG,58,MEDICAMENTOS,1.0,43.0,37.0
2021-07-31,151766,CLOBAZAM TABLETA 10 MG ,0,CONTROLADOS,1.0,2004.0,149.0
2021-08-31,151766,CLOBAZAM TABLETA 10 MG ,0,CONTROLADOS,1.0,2004.0,149.0
2021-09-30,151766,CLOBAZAM TABLETA 10 MG ,0,CONTROLADOS,1.0,2004.0,149.0
2021-10-31,151766,CLOBAZAM TABLETA 10 MG ,99,CONTROLADOS,1.0,2004.0,149.0
2021-11-30,151766,CLOBAZAM TABLETA 10 MG ,67,CONTROLADOS,1.0,2004.0,149.0
2021-12-31,151766,CLOBAZAM TABLETA 10 MG ,51,CONTROLADOS,1.0,2004.0,149.0
2022-01-31,151766,CLOBAZAM TABLETA 10 MG ,0,CONTROLADOS,1.0,2004.0,149.0
2022-02-28,151766,CLOBAZAM TABLETA 10 MG ,0,CONTROLADOS,1.0,2004.0,149.0
2022-03-31,151766,CLOBAZAM TABLETA 10 MG ,0,CONTROLADOS,1.0,2004.0,149.0
2022-04-30,151766,CLOBAZAM TABLETA 10 MG ,169,CONTROLADOS,1.0,2004.0,149.0
2022-05-31,151766,CLOBAZAM TABLETA 10 MG ,0,CONTROLADOS,1.0,2004.0,149.0
2022-06-30,151766,CLOBAZAM TABLETA 10 MG ,0,CONTROLADOS,1.0,2004.0,149.0
2021-07-31,152912,PARACETAMOL SOLUCIÓN INYECTABLE 1G/100ML,93,MEDICAMENTOS,1.0,10449.0,21.0
2021-08-31,152912,PARACETAMOL SOLUCIÓN INYECTABLE 1G/100ML,40,MEDICAMENTOS,1.0,10449.0,21.0
2021-09-30,152912,PARACETAMOL SOLUCIÓN INYECTABLE 1G/100ML,51,MEDICAMENTOS,1.0,10449.0,21.0
2021-10-31,152912,PARACETAMOL SOLUCIÓN INYECTABLE 1G/100ML,2,MEDICAMENTOS,1.0,10449.0,21.0
2021-11-30,152912,PARACETAMOL SOLUCIÓN INYECTABLE 1G/100ML,4,MEDICAMENTOS,1.0,10449.0,21.0
2021-12-31,152912,PARACETAMOL SOLUCIÓN INYECTABLE 1G/100ML,57,MEDICAMENTOS,1.0,10449.0,21.0
2022-01-31,152912,PARACETAMOL SOLUCIÓN INYECTABLE 1G/100ML,57,MEDICAMENTOS,1.0,10449.0,21.0
2022-02-28,152912,PARACETAMOL SOLUCIÓN INYECTABLE 1G/100ML,7,MEDICAMENTOS,1.0,10449.0,21.0
2022-03-31,152912,PARACETAMOL SOLUCIÓN INYECTABLE 1G/100ML,67,MEDICAMENTOS,1.0,10449.0,21.0
2022-04-30,152912,PARACETAMOL SOLUCIÓN INYECTABLE 1G/100ML,29,MEDICAMENTOS,1.0,10449.0,21.0
2022-05-31,152912,PARACETAMOL SOLUCIÓN INYECTABLE 1G/100ML,4,MEDICAMENTOS,1.0,10449.0,21.0
2022-06-30,152912,PARACETAMOL SOLUCIÓN INYECTABLE 1G/100ML,0,MEDICAMENTOS,1.0,10449.0,21.0
2021-07-31,153257,ANFOTERICINA B LIPOSOMAL 50MG POLVO LIOFILIZADO 50MG,26,MEDICAMENTOS,1.0,526667.0,42.0
2021-08-31,153257,ANFOTERICINA B LIPOSOMAL 50MG POLVO LIOFILIZADO 50MG,0,MEDICAMENTOS,1.0,526667.0,42.0
2021-09-30,153257,ANFOTERICINA B LIPOSOMAL 50MG POLVO LIOFILIZADO 50MG,0,MEDICAMENTOS,1.0,526667.0,42.0
2021-10-31,153257,ANFOTERICINA B LIPOSOMAL 50MG POLVO LIOFILIZADO 50MG,90,MEDICAMENTOS,1.0,526667.0,42.0
2021-11-30,153257,ANFOTERICINA B LIPOSOMAL 50MG POLVO LIOFILIZADO 50MG,66,MEDICAMENTOS,1.0,526667.0,42.0
2021-12-31,153257,ANFOTERICINA B LIPOSOMAL 50MG POLVO LIOFILIZADO 50MG,50,MEDICAMENTOS,1.0,526667.0,42.0
2022-01-31,153257,ANFOTERICINA B LIPOSOMAL 50MG POLVO LIOFILIZADO 50MG,113,MEDICAMENTOS,1.0,526667.0,42.0
2022-02-28,153257,ANFOTERICINA B LIPOSOMAL 50MG POLVO LIOFILIZADO 50MG,72,MEDICAMENTOS,1.0,526667.0,42.0
2022-03-31,153257,ANFOTERICINA B LIPOSOMAL 50MG POLVO LIOFILIZADO 50MG,25,MEDICAMENTOS,1.0,526667.0,42.0
2022-04-30,153257,ANFOTERICINA B LIPOSOMAL 50MG POLVO LIOFILIZADO 50MG,94,MEDICAMENTOS,1.0,526667.0,42.0
2022-05-31,153257,ANFOTERICINA B LIPOSOMAL 50MG POLVO LIOFILIZADO 50MG,18,MEDICAMENTOS,1.0,526667.0,42.0
2022-06-30,153257,ANFOTERICINA B LIPOSOMAL 50MG POLVO LIOFILIZADO 50MG,54,MEDICAMENTOS,1.0,526667.0,42.0
2021-07-31,157471,OCTEOTRIDE ACETATO SOLUCIÓN INYECTABLE 20MG,21,MEDICAMENTOS,1.0,8154.0,27.0
2021-08-31,157471,OCTEOTRIDE ACETATO SOLUCIÓN INYECTABLE 20MG,13,MEDICAMENTOS,1.0,8154.0,27.0
2021-09-30,157471,OCTEOTRIDE ACETATO SOLUCIÓN INYECTABLE 20MG,0,MEDICAMENTOS,1.0,8154.0,27.0
2021-10-31,157471,OCTEOTRIDE ACETATO SOLUCIÓN INYECTABLE 20MG,44,MEDICAMENTOS,1.0,8154.0,27.0
2021-11-30,157471,OCTEOTRIDE ACETATO SOLUCIÓN INYECTABLE 20MG,84,MEDICAMENTOS,1.0,8154.0,27.0
2021-12-31,157471,OCTEOTRIDE ACETATO SOLUCIÓN INYECTABLE 20MG,108,MEDICAMENTOS,1.0,8154.0,27.0
2022-01-31,157471,OCTEOTRIDE ACETATO SOLUCIÓN INYECTABLE 20MG,3,MEDICAMENTOS,1.0,8154.0,27.0
2022-02-28,157471,OCTEOTRIDE ACETATO SOLUCIÓN INYECTABLE 20MG,157,MEDICAMENTOS,1.0,8154.0,27.0
2022-03-31,157471,OCTEOTRIDE ACETATO SOLUCIÓN INYECTABLE 20MG,0,MEDICAMENTOS,1.0,8154.0,27.0
2022-04-30,157471,OCTEOTRIDE ACETATO SOLUCIÓN INYECTABLE 20MG,0,MEDICAMENTOS,1.0,8154.0,27.0
2022-05-31,157471,OCTEOTRIDE ACETATO SOLUCIÓN INYECTABLE 20MG,0,MEDICAMENTOS,1.0,8154.0,27.0
2022-06-30,157471,OCTEOTRIDE ACETATO SOLUCIÓN INYECTABLE 20MG,0,MEDICAMENTOS,1.0,8154.0,27.0
2021-07-31,160729,LEVETIRACETAM 1000MG TABLETA,0,MEDICAMENTOS,1.0,,
2021-08-31,160729,LEVETIRACETAM 1000MG TABLETA,0,MEDICAMENTOS,1.0,,
2021-09-30,160729,LEVETIRACETAM 1000MG TABLETA,0,MEDICAMENTOS,1.0,,
2021-10-31,160729,LEVETIRACETAM 1000MG TABLETA,0,MEDICAMENTOS,1.0,,
2021-11-30,160729,LEVETIRACETAM 1000MG TABLETA,0,MEDICAMENTOS,1.0,,
2021-12-31,160729,LEVETIRACETAM 1000MG TABLETA,0,MEDICAMENTOS,1.0,,
2022-01-31,160729,LEVETIRACETAM 1000MG TABLETA,0,MEDICAMENTOS,1.0,,
2022-02-28,160729,LEVETIRACETAM 1000MG TABLETA,0,MEDICAMENTOS,1.0,,
2022-03-31,160729,LEVETIRACETAM 1000MG TABLETA,0,MEDICAMENTOS,1.0,,
2022-04-30,160729,LEVETIRACETAM 1000MG TABLETA,29,MEDICAMENTOS,1.0,,
2022-05-31,160729,LEVETIRACETAM 1000MG TABLETA,0,MEDICAMENTOS,1.0,,
2022-06-30,160729,LEVETIRACETAM 1000MG TABLETA,0,MEDICAMENTOS,1.0,,
2021-07-31,162236,INSULINA DEGLUDEC SOL. INYECTABLE 100UI/ML x 3 ML,5,MEDICAMENTOS,1.0,52861.0,1.0
2021-08-31,162236,INSULINA DEGLUDEC SOL. INYECTABLE 100UI/ML x 3 ML,2,MEDICAMENTOS,1.0,52861.0,1.0
2021-09-30,162236,INSULINA DEGLUDEC SOL. INYECTABLE 100UI/ML x 3 ML,3,MEDICAMENTOS,1.0,52861.0,1.0
2021-10-31,162236,INSULINA DEGLUDEC SOL. INYECTABLE 100UI/ML x 3 ML,5,MEDICAMENTOS,1.0,52861.0,1.0
2021-11-30,162236,INSULINA DEGLUDEC SOL. INYECTABLE 100UI/ML x 3 ML,3,MEDICAMENTOS,1.0,52861.0,1.0
2021-12-31,162236,INSULINA DEGLUDEC SOL. INYECTABLE 100UI/ML x 3 ML,4,MEDICAMENTOS,1.0,52861.0,1.0
2022-01-31,162236,INSULINA DEGLUDEC SOL. INYECTABLE 100UI/ML x 3 ML,0,MEDICAMENTOS,1.0,52861.0,1.0
2022-02-28,162236,INSULINA DEGLUDEC SOL. INYECTABLE 100UI/ML x 3 ML,1,MEDICAMENTOS,1.0,52861.0,1.0
2022-03-31,162236,INSULINA DEGLUDEC SOL. INYECTABLE 100UI/ML x 3 ML,0,MEDICAMENTOS,1.0,52861.0,1.0
2022-04-30,162236,INSULINA DEGLUDEC SOL. INYECTABLE 100UI/ML x 3 ML,4,MEDICAMENTOS,1.0,52861.0,1.0
2022-05-31,162236,INSULINA DEGLUDEC SOL. INYECTABLE 100UI/ML x 3 ML,5,MEDICAMENTOS,1.0,52861.0,1.0
2022-06-30,162236,INSULINA DEGLUDEC SOL. INYECTABLE 100UI/ML x 3 ML,4,MEDICAMENTOS,1.0,52861.0,1.0
2021-07-31,162378,ACETAMINOFEN/HIDROCODONA TABLETA 325MG/5MG,7,MEDICAMENTOS,1.0,0.0,0.0
2021-08-31,162378,ACETAMINOFEN/HIDROCODONA TABLETA 325MG/5MG,0,MEDICAMENTOS,1.0,0.0,0.0
2021-09-30,162378,ACETAMINOFEN/HIDROCODONA TABLETA 325MG/5MG,0,MEDICAMENTOS,1.0,0.0,0.0
2021-10-31,162378,ACETAMINOFEN/HIDROCODONA TABLETA 325MG/5MG,0,MEDICAMENTOS,1.0,0.0,0.0
2021-11-30,162378,ACETAMINOFEN/HIDROCODONA TABLETA 325MG/5MG,4,MEDICAMENTOS,1.0,0.0,0.0
2021-12-31,162378,ACETAMINOFEN/HIDROCODONA TABLETA 325MG/5MG,0,MEDICAMENTOS,1.0,0.0,0.0
2022-01-31,162378,ACETAMINOFEN/HIDROCODONA TABLETA 325MG/5MG,0,MEDICAMENTOS,1.0,0.0,0.0
2022-02-28,162378,ACETAMINOFEN/HIDROCODONA TABLETA 325MG/5MG,0,MEDICAMENTOS,1.0,0.0,0.0
2022-03-31,162378,ACETAMINOFEN/HIDROCODONA TABLETA 325MG/5MG,0,MEDICAMENTOS,1.0,0.0,0.0
2022-04-30,162378,ACETAMINOFEN/HIDROCODONA TABLETA 325MG/5MG,0,MEDICAMENTOS,1.0,0.0,0.0
2022-05-31,162378,ACETAMINOFEN/HIDROCODONA TABLETA 325MG/5MG,0,MEDICAMENTOS,1.0,0.0,0.0
2022-06-30,162378,ACETAMINOFEN/HIDROCODONA TABLETA 325MG/5MG,0,MEDICAMENTOS,1.0,0.0,0.0
2021-07-31,162558,LEVOFLOXACINA SOLUCIÓN INYECTABLE 500MG/100ML,0,MEDICAMENTOS,1.0,14742.0,14.0
2021-08-31,162558,LEVOFLOXACINA SOLUCIÓN INYECTABLE 500MG/100ML,0,MEDICAMENTOS,1.0,14742.0,14.0
2021-09-30,162558,LEVOFLOXACINA SOLUCIÓN INYECTABLE 500MG/100ML,4,MEDICAMENTOS,1.0,14742.0,14.0
2021-10-31,162558,LEVOFLOXACINA SOLUCIÓN INYECTABLE 500MG/100ML,53,MEDICAMENTOS,1.0,14742.0,14.0
2021-11-30,162558,LEVOFLOXACINA SOLUCIÓN INYECTABLE 500MG/100ML,10,MEDICAMENTOS,1.0,14742.0,14.0
2021-12-31,162558,LEVOFLOXACINA SOLUCIÓN INYECTABLE 500MG/100ML,0,MEDICAMENTOS,1.0,14742.0,14.0
2022-01-31,162558,LEVOFLOXACINA SOLUCIÓN INYECTABLE 500MG/100ML,12,MEDICAMENTOS,1.0,14742.0,14.0
2022-02-28,162558,LEVOFLOXACINA SOLUCIÓN INYECTABLE 500MG/100ML,0,MEDICAMENTOS,1.0,14742.0,14.0
2022-03-31,162558,LEVOFLOXACINA SOLUCIÓN INYECTABLE 500MG/100ML,23,MEDICAMENTOS,1.0,14742.0,14.0
2022-04-30,162558,LEVOFLOXACINA SOLUCIÓN INYECTABLE 500MG/100ML,0,MEDICAMENTOS,1.0,14742.0,14.0
2022-05-31,162558,LEVOFLOXACINA SOLUCIÓN INYECTABLE 500MG/100ML,25,MEDICAMENTOS,1.0,14742.0,14.0
2022-06-30,162558,LEVOFLOXACINA SOLUCIÓN INYECTABLE 500MG/100ML,13,MEDICAMENTOS,1.0,14742.0,14.0
2021-07-31,162958,INDACATEROL/GLICOPIRRONIO POLVO PARA INHALACIÓN EN CÁPSULA 110MCG/50MCG,0,MEDICAMENTOS,1.0,1405.0,26.0
2021-08-31,162958,INDACATEROL/GLICOPIRRONIO POLVO PARA INHALACIÓN EN CÁPSULA 110MCG/50MCG,90,MEDICAMENTOS,1.0,1405.0,26.0
2021-09-30,162958,INDACATEROL/GLICOPIRRONIO POLVO PARA INHALACIÓN EN CÁPSULA 110MCG/50MCG,30,MEDICAMENTOS,1.0,1405.0,26.0
2021-10-31,162958,INDACATEROL/GLICOPIRRONIO POLVO PARA INHALACIÓN EN CÁPSULA 110MCG/50MCG,60,MEDICAMENTOS,1.0,1405.0,26.0
2021-11-30,162958,INDACATEROL/GLICOPIRRONIO POLVO PARA INHALACIÓN EN CÁPSULA 110MCG/50MCG,60,MEDICAMENTOS,1.0,1405.0,26.0
2021-12-31,162958,INDACATEROL/GLICOPIRRONIO POLVO PARA INHALACIÓN EN CÁPSULA 110MCG/50MCG,0,MEDICAMENTOS,1.0,1405.0,26.0
2022-01-31,162958,INDACATEROL/GLICOPIRRONIO POLVO PARA INHALACIÓN EN CÁPSULA 110MCG/50MCG,30,MEDICAMENTOS,1.0,1405.0,26.0
2022-02-28,162958,INDACATEROL/GLICOPIRRONIO POLVO PARA INHALACIÓN EN CÁPSULA 110MCG/50MCG,0,MEDICAMENTOS,1.0,1405.0,26.0
2022-03-31,162958,INDACATEROL/GLICOPIRRONIO POLVO PARA INHALACIÓN EN CÁPSULA 110MCG/50MCG,30,MEDICAMENTOS,1.0,1405.0,26.0
2022-04-30,162958,INDACATEROL/GLICOPIRRONIO POLVO PARA INHALACIÓN EN CÁPSULA 110MCG/50MCG,30,MEDICAMENTOS,1.0,1405.0,26.0
2022-05-31,162958,INDACATEROL/GLICOPIRRONIO POLVO PARA INHALACIÓN EN CÁPSULA 110MCG/50MCG,0,MEDICAMENTOS,1.0,1405.0,26.0
2022-06-30,162958,INDACATEROL/GLICOPIRRONIO POLVO PARA INHALACIÓN EN CÁPSULA 110MCG/50MCG,0,MEDICAMENTOS,1.0,1405.0,26.0
2021-07-31,164333,FOSFOMICINA DISODICA 4G POLVO LIOFILIZADO ,0,MEDICAMENTOS,1.0,269619.0,21.0
2021-08-31,164333,FOSFOMICINA DISODICA 4G POLVO LIOFILIZADO ,0,MEDICAMENTOS,1.0,269619.0,21.0
2021-09-30,164333,FOSFOMICINA DISODICA 4G POLVO LIOFILIZADO ,16,MEDICAMENTOS,1.0,269619.0,21.0
2021-10-31,164333,FOSFOMICINA DISODICA 4G POLVO LIOFILIZADO ,0,MEDICAMENTOS,1.0,269619.0,21.0
2021-11-30,164333,FOSFOMICINA DISODICA 4G POLVO LIOFILIZADO ,0,MEDICAMENTOS,1.0,269619.0,21.0
2021-12-31,164333,FOSFOMICINA DISODICA 4G POLVO LIOFILIZADO ,0,MEDICAMENTOS,1.0,269619.0,21.0
2022-01-31,164333,FOSFOMICINA DISODICA 4G POLVO LIOFILIZADO ,5,MEDICAMENTOS,1.0,269619.0,21.0
2022-02-28,164333,FOSFOMICINA DISODICA 4G POLVO LIOFILIZADO ,12,MEDICAMENTOS,1.0,269619.0,21.0
2022-03-31,164333,FOSFOMICINA DISODICA 4G POLVO LIOFILIZADO ,51,MEDICAMENTOS,1.0,269619.0,21.0
2022-04-30,164333,FOSFOMICINA DISODICA 4G POLVO LIOFILIZADO ,3,MEDICAMENTOS,1.0,269619.0,21.0
2022-05-31,164333,FOSFOMICINA DISODICA 4G POLVO LIOFILIZADO ,9,MEDICAMENTOS,1.0,269619.0,21.0
2022-06-30,164333,FOSFOMICINA DISODICA 4G POLVO LIOFILIZADO ,5,MEDICAMENTOS,1.0,269619.0,21.0
2021-07-31,171762,"NEPRO BP SOLUCIÓN ORAL 1,8KCAL/1ML (426,6KCAL/237ML)) ALIMENTO PARA PROPÓSITOS",22,NUTRICION,1.0,12544.0,48.0
2021-08-31,171762,"NEPRO BP SOLUCIÓN ORAL 1,8KCAL/1ML (426,6KCAL/237ML)) ALIMENTO PARA PROPÓSITOS",19,NUTRICION,1.0,12544.0,48.0
2021-09-30,171762,"NEPRO BP SOLUCIÓN ORAL 1,8KCAL/1ML (426,6KCAL/237ML)) ALIMENTO PARA PROPÓSITOS",0,NUTRICION,1.0,12544.0,48.0
2021-10-31,171762,"NEPRO BP SOLUCIÓN ORAL 1,8KCAL/1ML (426,6KCAL/237ML)) ALIMENTO PARA PROPÓSITOS",0,NUTRICION,1.0,12544.0,48.0
2021-11-30,171762,"NEPRO BP SOLUCIÓN ORAL 1,8KCAL/1ML (426,6KCAL/237ML)) ALIMENTO PARA PROPÓSITOS",25,NUTRICION,1.0,12544.0,48.0
2021-12-31,171762,"NEPRO BP SOLUCIÓN ORAL 1,8KCAL/1ML (426,6KCAL/237ML)) ALIMENTO PARA PROPÓSITOS",41,NUTRICION,1.0,12544.0,48.0
2022-01-31,171762,"NEPRO BP SOLUCIÓN ORAL 1,8KCAL/1ML (426,6KCAL/237ML)) ALIMENTO PARA PROPÓSITOS",0,NUTRICION,1.0,12544.0,48.0
2022-02-28,171762,"NEPRO BP SOLUCIÓN ORAL 1,8KCAL/1ML (426,6KCAL/237ML)) ALIMENTO PARA PROPÓSITOS",6,NUTRICION,1.0,12544.0,48.0
2022-03-31,171762,"NEPRO BP SOLUCIÓN ORAL 1,8KCAL/1ML (426,6KCAL/237ML)) ALIMENTO PARA PROPÓSITOS",0,NUTRICION,1.0,12544.0,48.0
2022-04-30,171762,"NEPRO BP SOLUCIÓN ORAL 1,8KCAL/1ML (426,6KCAL/237ML)) ALIMENTO PARA PROPÓSITOS",17,NUTRICION,1.0,12544.0,48.0
2022-05-31,171762,"NEPRO BP SOLUCIÓN ORAL 1,8KCAL/1ML (426,6KCAL/237ML)) ALIMENTO PARA PROPÓSITOS",30,NUTRICION,1.0,12544.0,48.0
2022-06-30,171762,"NEPRO BP SOLUCIÓN ORAL 1,8KCAL/1ML (426,6KCAL/237ML)) ALIMENTO PARA PROPÓSITOS",7,NUTRICION,1.0,12544.0,48.0
2021-07-31,19973360,DOBUTAMINA 250MG/20ML SOL. INYECTABLE,71,MEDICAMENTOS,1.0,2365.0,21.0
2021-08-31,19973360,DOBUTAMINA 250MG/20ML SOL. INYECTABLE,42,MEDICAMENTOS,1.0,2365.0,21.0
2021-09-30,19973360,DOBUTAMINA 250MG/20ML SOL. INYECTABLE,55,MEDICAMENTOS,1.0,2365.0,21.0
2021-10-31,19973360,DOBUTAMINA 250MG/20ML SOL. INYECTABLE,58,MEDICAMENTOS,1.0,2365.0,21.0
2021-11-30,19973360,DOBUTAMINA 250MG/20ML SOL. INYECTABLE,42,MEDICAMENTOS,1.0,2365.0,21.0
2021-12-31,19973360,DOBUTAMINA 250MG/20ML SOL. INYECTABLE,62,MEDICAMENTOS,1.0,2365.0,21.0
2022-01-31,19973360,DOBUTAMINA 250MG/20ML SOL. INYECTABLE,25,MEDICAMENTOS,1.0,2365.0,21.0
2022-02-28,19973360,DOBUTAMINA 250MG/20ML SOL. INYECTABLE,33,MEDICAMENTOS,1.0,2365.0,21.0
2022-03-31,19973360,DOBUTAMINA 250MG/20ML SOL. INYECTABLE,15,MEDICAMENTOS,1.0,2365.0,21.0
2022-04-30,19973360,DOBUTAMINA 250MG/20ML SOL. INYECTABLE,57,MEDICAMENTOS,1.0,2365.0,21.0
2022-05-31,19973360,DOBUTAMINA 250MG/20ML SOL. INYECTABLE,29,MEDICAMENTOS,1.0,2365.0,21.0
2022-06-30,19973360,DOBUTAMINA 250MG/20ML SOL. INYECTABLE,34,MEDICAMENTOS,1.0,2365.0,21.0
2021-07-31,200061,SENSOR NEONATAL ADHESIVO M-LNCS PARA EQUIPOS  MARCA MASIMO,6,DISPOSITIVOS MEDICO,1.0,0.0,0.0
2021-08-31,200061,SENSOR NEONATAL ADHESIVO M-LNCS PARA EQUIPOS  MARCA MASIMO,1,DISPOSITIVOS MEDICO,1.0,0.0,0.0
2021-09-30,200061,SENSOR NEONATAL ADHESIVO M-LNCS PARA EQUIPOS  MARCA MASIMO,2,DISPOSITIVOS MEDICO,1.0,0.0,0.0
2021-10-31,200061,SENSOR NEONATAL ADHESIVO M-LNCS PARA EQUIPOS  MARCA MASIMO,7,DISPOSITIVOS MEDICO,1.0,0.0,0.0
2021-11-30,200061,SENSOR NEONATAL ADHESIVO M-LNCS PARA EQUIPOS  MARCA MASIMO,0,DISPOSITIVOS MEDICO,1.0,0.0,0.0
2021-12-31,200061,SENSOR NEONATAL ADHESIVO M-LNCS PARA EQUIPOS  MARCA MASIMO,0,DISPOSITIVOS MEDICO,1.0,0.0,0.0
2022-01-31,200061,SENSOR NEONATAL ADHESIVO M-LNCS PARA EQUIPOS  MARCA MASIMO,0,DISPOSITIVOS MEDICO,1.0,0.0,0.0
2022-02-28,200061,SENSOR NEONATAL ADHESIVO M-LNCS PARA EQUIPOS  MARCA MASIMO,0,DISPOSITIVOS MEDICO,1.0,0.0,0.0
2022-03-31,200061,SENSOR NEONATAL ADHESIVO M-LNCS PARA EQUIPOS  MARCA MASIMO,0,DISPOSITIVOS MEDICO,1.0,0.0,0.0
2022-04-30,200061,SENSOR NEONATAL ADHESIVO M-LNCS PARA EQUIPOS  MARCA MASIMO,5,DISPOSITIVOS MEDICO,1.0,0.0,0.0
2022-05-31,200061,SENSOR NEONATAL ADHESIVO M-LNCS PARA EQUIPOS  MARCA MASIMO,0,DISPOSITIVOS MEDICO,1.0,0.0,0.0
2022-06-30,200061,SENSOR NEONATAL ADHESIVO M-LNCS PARA EQUIPOS  MARCA MASIMO,0,DISPOSITIVOS MEDICO,1.0,0.0,0.0
2021-07-31,200072,SENSOR SPO2 NEONATAL EM0602,0,DISPOSITIVOS MEDICO,1.0,,
2021-08-31,200072,SENSOR SPO2 NEONATAL EM0602,0,DISPOSITIVOS MEDICO,1.0,,
2021-09-30,200072,SENSOR SPO2 NEONATAL EM0602,0,DISPOSITIVOS MEDICO,1.0,,
2021-10-31,200072,SENSOR SPO2 NEONATAL EM0602,0,DISPOSITIVOS MEDICO,1.0,,
2021-11-30,200072,SENSOR SPO2 NEONATAL EM0602,0,DISPOSITIVOS MEDICO,1.0,,
2021-12-31,200072,SENSOR SPO2 NEONATAL EM0602,0,DISPOSITIVOS MEDICO,1.0,,
2022-01-31,200072,SENSOR SPO2 NEONATAL EM0602,0,DISPOSITIVOS MEDICO,1.0,,
2022-02-28,200072,SENSOR SPO2 NEONATAL EM0602,0,DISPOSITIVOS MEDICO,1.0,,
2022-03-31,200072,SENSOR SPO2 NEONATAL EM0602,2,DISPOSITIVOS MEDICO,1.0,,
2022-04-30,200072,SENSOR SPO2 NEONATAL EM0602,0,DISPOSITIVOS MEDICO,1.0,,
2022-05-31,200072,SENSOR SPO2 NEONATAL EM0602,0,DISPOSITIVOS MEDICO,1.0,,
2022-06-30,200072,SENSOR SPO2 NEONATAL EM0602,0,DISPOSITIVOS MEDICO,1.0,,
2021-07-31,2001990802,SACCHAROMYCES BOULARDII POLVO PARA SUSPENSIÓN ORAL 250MG,14,MEDICAMENTOS,1.0,3820.0,20.0
2021-08-31,2001990802,SACCHAROMYCES BOULARDII POLVO PARA SUSPENSIÓN ORAL 250MG,0,MEDICAMENTOS,1.0,3820.0,20.0
2021-09-30,2001990802,SACCHAROMYCES BOULARDII POLVO PARA SUSPENSIÓN ORAL 250MG,10,MEDICAMENTOS,1.0,3820.0,20.0
2021-10-31,2001990802,SACCHAROMYCES BOULARDII POLVO PARA SUSPENSIÓN ORAL 250MG,0,MEDICAMENTOS,1.0,3820.0,20.0
2021-11-30,2001990802,SACCHAROMYCES BOULARDII POLVO PARA SUSPENSIÓN ORAL 250MG,14,MEDICAMENTOS,1.0,3820.0,20.0
2021-12-31,2001990802,SACCHAROMYCES BOULARDII POLVO PARA SUSPENSIÓN ORAL 250MG,1,MEDICAMENTOS,1.0,3820.0,20.0
2022-01-31,2001990802,SACCHAROMYCES BOULARDII POLVO PARA SUSPENSIÓN ORAL 250MG,10,MEDICAMENTOS,1.0,3820.0,20.0
2022-02-28,2001990802,SACCHAROMYCES BOULARDII POLVO PARA SUSPENSIÓN ORAL 250MG,0,MEDICAMENTOS,1.0,3820.0,20.0
2022-03-31,2001990802,SACCHAROMYCES BOULARDII POLVO PARA SUSPENSIÓN ORAL 250MG,0,MEDICAMENTOS,1.0,3820.0,20.0
2022-04-30,2001990802,SACCHAROMYCES BOULARDII POLVO PARA SUSPENSIÓN ORAL 250MG,0,MEDICAMENTOS,1.0,3820.0,20.0
2022-05-31,2001990802,SACCHAROMYCES BOULARDII POLVO PARA SUSPENSIÓN ORAL 250MG,0,MEDICAMENTOS,1.0,3820.0,20.0
2022-06-30,2001990802,SACCHAROMYCES BOULARDII POLVO PARA SUSPENSIÓN ORAL 250MG,0,MEDICAMENTOS,1.0,3820.0,20.0
2021-07-31,20039341,TICAGRELOR TABLETA 90MG,0,MEDICAMENTOS,1.0,3722.0,23.0
2021-08-31,20039341,TICAGRELOR TABLETA 90MG,0,MEDICAMENTOS,1.0,3722.0,23.0
2021-09-30,20039341,TICAGRELOR TABLETA 90MG,0,MEDICAMENTOS,1.0,3722.0,23.0
2021-10-31,20039341,TICAGRELOR TABLETA 90MG,0,MEDICAMENTOS,1.0,3722.0,23.0
2021-11-30,20039341,TICAGRELOR TABLETA 90MG,8,MEDICAMENTOS,1.0,3722.0,23.0
2021-12-31,20039341,TICAGRELOR TABLETA 90MG,0,MEDICAMENTOS,1.0,3722.0,23.0
2022-01-31,20039341,TICAGRELOR TABLETA 90MG,2,MEDICAMENTOS,1.0,3722.0,23.0
2022-02-28,20039341,TICAGRELOR TABLETA 90MG,0,MEDICAMENTOS,1.0,3722.0,23.0
2022-03-31,20039341,TICAGRELOR TABLETA 90MG,0,MEDICAMENTOS,1.0,3722.0,23.0
2022-04-30,20039341,TICAGRELOR TABLETA 90MG,3,MEDICAMENTOS,1.0,3722.0,23.0
2022-05-31,20039341,TICAGRELOR TABLETA 90MG,0,MEDICAMENTOS,1.0,3722.0,23.0
2022-06-30,20039341,TICAGRELOR TABLETA 90MG,0,MEDICAMENTOS,1.0,3722.0,23.0
2021-07-31,6421,"OXIMETAZOLINA SOLUCIÓN NASAL 0, 025% ",0,MEDICAMENTOS,1.0,2754.0,3.0
2021-08-31,6421,"OXIMETAZOLINA SOLUCIÓN NASAL 0, 025% ",1,MEDICAMENTOS,1.0,2754.0,3.0
2021-09-30,6421,"OXIMETAZOLINA SOLUCIÓN NASAL 0, 025% ",0,MEDICAMENTOS,1.0,2754.0,3.0
2021-10-31,6421,"OXIMETAZOLINA SOLUCIÓN NASAL 0, 025% ",0,MEDICAMENTOS,1.0,2754.0,3.0
2021-11-30,6421,"OXIMETAZOLINA SOLUCIÓN NASAL 0, 025% ",0,MEDICAMENTOS,1.0,2754.0,3.0
2021-12-31,6421,"OXIMETAZOLINA SOLUCIÓN NASAL 0, 025% ",0,MEDICAMENTOS,1.0,2754.0,3.0
2022-01-31,6421,"OXIMETAZOLINA SOLUCIÓN NASAL 0, 025% ",0,MEDICAMENTOS,1.0,2754.0,3.0
2022-02-28,6421,"OXIMETAZOLINA SOLUCIÓN NASAL 0, 025% ",0,MEDICAMENTOS,1.0,2754.0,3.0
2022-03-31,6421,"OXIMETAZOLINA SOLUCIÓN NASAL 0, 025% ",0,MEDICAMENTOS,1.0,2754.0,3.0
2022-04-30,6421,"OXIMETAZOLINA SOLUCIÓN NASAL 0, 025% ",2,MEDICAMENTOS,1.0,2754.0,3.0
2022-05-31,6421,"OXIMETAZOLINA SOLUCIÓN NASAL 0, 025% ",0,MEDICAMENTOS,1.0,2754.0,3.0
2022-06-30,6421,"OXIMETAZOLINA SOLUCIÓN NASAL 0, 025% ",0,MEDICAMENTOS,1.0,2754.0,3.0
2021-07-31,700010,NIFEDIPINO CÁPSULA 10MG,96,MEDICAMENTOS,1.0,171.0,106.0
2021-08-31,700010,NIFEDIPINO CÁPSULA 10MG,116,MEDICAMENTOS,1.0,171.0,106.0
2021-09-30,700010,NIFEDIPINO CÁPSULA 10MG,143,MEDICAMENTOS,1.0,171.0,106.0
2021-10-31,700010,NIFEDIPINO CÁPSULA 10MG,33,MEDICAMENTOS,1.0,171.0,106.0
2021-11-30,700010,NIFEDIPINO CÁPSULA 10MG,139,MEDICAMENTOS,1.0,171.0,106.0
2021-12-31,700010,NIFEDIPINO CÁPSULA 10MG,182,MEDICAMENTOS,1.0,171.0,106.0
2022-01-31,700010,NIFEDIPINO CÁPSULA 10MG,348,MEDICAMENTOS,1.0,171.0,106.0
2022-02-28,700010,NIFEDIPINO CÁPSULA 10MG,231,MEDICAMENTOS,1.0,171.0,106.0
2022-03-31,700010,NIFEDIPINO CÁPSULA 10MG,206,MEDICAMENTOS,1.0,171.0,106.0
2022-04-30,700010,NIFEDIPINO CÁPSULA 10MG,59,MEDICAMENTOS,1.0,171.0,106.0
2022-05-31,700010,NIFEDIPINO CÁPSULA 10MG,204,MEDICAMENTOS,1.0,171.0,106.0
2022-06-30,700010,NIFEDIPINO CÁPSULA 10MG,289,MEDICAMENTOS,1.0,171.0,106.0
2021-07-31,700021,ALFAMETILDOPA TABLETA 250MG,52,MEDICAMENTOS,1.0,166.0,31.0
2021-08-31,700021,ALFAMETILDOPA TABLETA 250MG,61,MEDICAMENTOS,1.0,166.0,31.0
2021-09-30,700021,ALFAMETILDOPA TABLETA 250MG,21,MEDICAMENTOS,1.0,166.0,31.0
2021-10-31,700021,ALFAMETILDOPA TABLETA 250MG,8,MEDICAMENTOS,1.0,166.0,31.0
2021-11-30,700021,ALFAMETILDOPA TABLETA 250MG,31,MEDICAMENTOS,1.0,166.0,31.0
2021-12-31,700021,ALFAMETILDOPA TABLETA 250MG,110,MEDICAMENTOS,1.0,166.0,31.0
2022-01-31,700021,ALFAMETILDOPA TABLETA 250MG,15,MEDICAMENTOS,1.0,166.0,31.0
2022-02-28,700021,ALFAMETILDOPA TABLETA 250MG,3,MEDICAMENTOS,1.0,166.0,31.0
2022-03-31,700021,ALFAMETILDOPA TABLETA 250MG,66,MEDICAMENTOS,1.0,166.0,31.0
2022-04-30,700021,ALFAMETILDOPA TABLETA 250MG,27,MEDICAMENTOS,1.0,166.0,31.0
2022-05-31,700021,ALFAMETILDOPA TABLETA 250MG,19,MEDICAMENTOS,1.0,166.0,31.0
2022-06-30,700021,ALFAMETILDOPA TABLETA 250MG,5,MEDICAMENTOS,1.0,166.0,31.0
2021-07-31,700067,TRIMETOPRIM/SULFAMETOXAZOL TABLETA 160MG/800MG,74,MEDICAMENTOS,1.0,56.5,43.0
2021-08-31,700067,TRIMETOPRIM/SULFAMETOXAZOL TABLETA 160MG/800MG,27,MEDICAMENTOS,1.0,56.5,43.0
2021-09-30,700067,TRIMETOPRIM/SULFAMETOXAZOL TABLETA 160MG/800MG,64,MEDICAMENTOS,1.0,56.5,43.0
2021-10-31,700067,TRIMETOPRIM/SULFAMETOXAZOL TABLETA 160MG/800MG,131,MEDICAMENTOS,1.0,56.5,43.0
2021-11-30,700067,TRIMETOPRIM/SULFAMETOXAZOL TABLETA 160MG/800MG,61,MEDICAMENTOS,1.0,56.5,43.0
2021-12-31,700067,TRIMETOPRIM/SULFAMETOXAZOL TABLETA 160MG/800MG,41,MEDICAMENTOS,1.0,56.5,43.0
2022-01-31,700067,TRIMETOPRIM/SULFAMETOXAZOL TABLETA 160MG/800MG,56,MEDICAMENTOS,1.0,56.5,43.0
2022-02-28,700067,TRIMETOPRIM/SULFAMETOXAZOL TABLETA 160MG/800MG,46,MEDICAMENTOS,1.0,56.5,43.0
2022-03-31,700067,TRIMETOPRIM/SULFAMETOXAZOL TABLETA 160MG/800MG,52,MEDICAMENTOS,1.0,56.5,43.0
2022-04-30,700067,TRIMETOPRIM/SULFAMETOXAZOL TABLETA 160MG/800MG,38,MEDICAMENTOS,1.0,56.5,43.0
2022-05-31,700067,TRIMETOPRIM/SULFAMETOXAZOL TABLETA 160MG/800MG,76,MEDICAMENTOS,1.0,56.5,43.0
2022-06-30,700067,TRIMETOPRIM/SULFAMETOXAZOL TABLETA 160MG/800MG,104,MEDICAMENTOS,1.0,56.5,43.0
2021-07-31,700131,CLOTRIMAZOL 100MG TABLETA VAGINAL,0,MEDICAMENTOS,1.0,103.0,11.0
2021-08-31,700131,CLOTRIMAZOL 100MG TABLETA VAGINAL,1,MEDICAMENTOS,1.0,103.0,11.0
2021-09-30,700131,CLOTRIMAZOL 100MG TABLETA VAGINAL,0,MEDICAMENTOS,1.0,103.0,11.0
2021-10-31,700131,CLOTRIMAZOL 100MG TABLETA VAGINAL,0,MEDICAMENTOS,1.0,103.0,11.0
2021-11-30,700131,CLOTRIMAZOL 100MG TABLETA VAGINAL,7,MEDICAMENTOS,1.0,103.0,11.0
2021-12-31,700131,CLOTRIMAZOL 100MG TABLETA VAGINAL,0,MEDICAMENTOS,1.0,103.0,11.0
2022-01-31,700131,CLOTRIMAZOL 100MG TABLETA VAGINAL,1,MEDICAMENTOS,1.0,103.0,11.0
2022-02-28,700131,CLOTRIMAZOL 100MG TABLETA VAGINAL,2,MEDICAMENTOS,1.0,103.0,11.0
2022-03-31,700131,CLOTRIMAZOL 100MG TABLETA VAGINAL,6,MEDICAMENTOS,1.0,103.0,11.0
2022-04-30,700131,CLOTRIMAZOL 100MG TABLETA VAGINAL,7,MEDICAMENTOS,1.0,103.0,11.0
2022-05-31,700131,CLOTRIMAZOL 100MG TABLETA VAGINAL,0,MEDICAMENTOS,1.0,103.0,11.0
2022-06-30,700131,CLOTRIMAZOL 100MG TABLETA VAGINAL,2,MEDICAMENTOS,1.0,103.0,11.0
2021-07-31,700142,WARFARINA SODICA TABLETA 5MG,42,MEDICAMENTOS,1.0,21.333333333333332,39.0
2021-08-31,700142,WARFARINA SODICA TABLETA 5MG,71,MEDICAMENTOS,1.0,21.333333333333332,39.0
2021-09-30,700142,WARFARINA SODICA TABLETA 5MG,77,MEDICAMENTOS,1.0,21.333333333333332,39.0
2021-10-31,700142,WARFARINA SODICA TABLETA 5MG,69,MEDICAMENTOS,1.0,21.333333333333332,39.0
2021-11-30,700142,WARFARINA SODICA TABLETA 5MG,53,MEDICAMENTOS,1.0,21.333333333333332,39.0
2021-12-31,700142,WARFARINA SODICA TABLETA 5MG,69,MEDICAMENTOS,1.0,21.333333333333332,39.0
2022-01-31,700142,WARFARINA SODICA TABLETA 5MG,60,MEDICAMENTOS,1.0,21.333333333333332,39.0
2022-02-28,700142,WARFARINA SODICA TABLETA 5MG,70,MEDICAMENTOS,1.0,21.333333333333332,39.0
2022-03-31,700142,WARFARINA SODICA TABLETA 5MG,33,MEDICAMENTOS,1.0,21.333333333333332,39.0
2022-04-30,700142,WARFARINA SODICA TABLETA 5MG,43,MEDICAMENTOS,1.0,21.333333333333332,39.0
2022-05-31,700142,WARFARINA SODICA TABLETA 5MG,29,MEDICAMENTOS,1.0,21.333333333333332,39.0
2022-06-30,700142,WARFARINA SODICA TABLETA 5MG,11,MEDICAMENTOS,1.0,21.333333333333332,39.0
2021-07-31,700145,DIOSMINA TABLETA 500MG,0,MEDICAMENTOS,1.0,382.0,10.0
2021-08-31,700145,DIOSMINA TABLETA 500MG,0,MEDICAMENTOS,1.0,382.0,10.0
2021-09-30,700145,DIOSMINA TABLETA 500MG,0,MEDICAMENTOS,1.0,382.0,10.0
2021-10-31,700145,DIOSMINA TABLETA 500MG,0,MEDICAMENTOS,1.0,382.0,10.0
2021-11-30,700145,DIOSMINA TABLETA 500MG,0,MEDICAMENTOS,1.0,382.0,10.0
2021-12-31,700145,DIOSMINA TABLETA 500MG,0,MEDICAMENTOS,1.0,382.0,10.0
2022-01-31,700145,DIOSMINA TABLETA 500MG,0,MEDICAMENTOS,1.0,382.0,10.0
2022-02-28,700145,DIOSMINA TABLETA 500MG,0,MEDICAMENTOS,1.0,382.0,10.0
2022-03-31,700145,DIOSMINA TABLETA 500MG,0,MEDICAMENTOS,1.0,382.0,10.0
2022-04-30,700145,DIOSMINA TABLETA 500MG,0,MEDICAMENTOS,1.0,382.0,10.0
2022-05-31,700145,DIOSMINA TABLETA 500MG,20,MEDICAMENTOS,1.0,382.0,10.0
2022-06-30,700145,DIOSMINA TABLETA 500MG,0,MEDICAMENTOS,1.0,382.0,10.0
2021-07-31,700203,MUPIROCINA UNGÜENTO TÓPICO 2%/15G,0,MEDICAMENTOS,1.0,68963.0,1.0
2021-08-31,700203,MUPIROCINA UNGÜENTO TÓPICO 2%/15G,0,MEDICAMENTOS,1.0,68963.0,1.0
2021-09-30,700203,MUPIROCINA UNGÜENTO TÓPICO 2%/15G,0,MEDICAMENTOS,1.0,68963.0,1.0
2021-10-31,700203,MUPIROCINA UNGÜENTO TÓPICO 2%/15G,1,MEDICAMENTOS,1.0,68963.0,1.0
2021-11-30,700203,MUPIROCINA UNGÜENTO TÓPICO 2%/15G,0,MEDICAMENTOS,1.0,68963.0,1.0
2021-12-31,700203,MUPIROCINA UNGÜENTO TÓPICO 2%/15G,0,MEDICAMENTOS,1.0,68963.0,1.0
2022-01-31,700203,MUPIROCINA UNGÜENTO TÓPICO 2%/15G,0,MEDICAMENTOS,1.0,68963.0,1.0
2022-02-28,700203,MUPIROCINA UNGÜENTO TÓPICO 2%/15G,0,MEDICAMENTOS,1.0,68963.0,1.0
2022-03-31,700203,MUPIROCINA UNGÜENTO TÓPICO 2%/15G,0,MEDICAMENTOS,1.0,68963.0,1.0
2022-04-30,700203,MUPIROCINA UNGÜENTO TÓPICO 2%/15G,0,MEDICAMENTOS,1.0,68963.0,1.0
2022-05-31,700203,MUPIROCINA UNGÜENTO TÓPICO 2%/15G,1,MEDICAMENTOS,1.0,68963.0,1.0
2022-06-30,700203,MUPIROCINA UNGÜENTO TÓPICO 2%/15G,0,MEDICAMENTOS,1.0,68963.0,1.0
2021-07-31,700245,SULFADIAZINA DE PLATA CREMA TOPICA 1% ,0,MEDICAMENTOS,1.0,0.0,0.0
2021-08-31,700245,SULFADIAZINA DE PLATA CREMA TOPICA 1% ,0,MEDICAMENTOS,1.0,0.0,0.0
2021-09-30,700245,SULFADIAZINA DE PLATA CREMA TOPICA 1% ,0,MEDICAMENTOS,1.0,0.0,0.0
2021-10-31,700245,SULFADIAZINA DE PLATA CREMA TOPICA 1% ,3,MEDICAMENTOS,1.0,0.0,0.0
2021-11-30,700245,SULFADIAZINA DE PLATA CREMA TOPICA 1% ,1,MEDICAMENTOS,1.0,0.0,0.0
2021-12-31,700245,SULFADIAZINA DE PLATA CREMA TOPICA 1% ,0,MEDICAMENTOS,1.0,0.0,0.0
2022-01-31,700245,SULFADIAZINA DE PLATA CREMA TOPICA 1% ,0,MEDICAMENTOS,1.0,0.0,0.0
2022-02-28,700245,SULFADIAZINA DE PLATA CREMA TOPICA 1% ,0,MEDICAMENTOS,1.0,0.0,0.0
2022-03-31,700245,SULFADIAZINA DE PLATA CREMA TOPICA 1% ,0,MEDICAMENTOS,1.0,0.0,0.0
2022-04-30,700245,SULFADIAZINA DE PLATA CREMA TOPICA 1% ,1,MEDICAMENTOS,1.0,0.0,0.0
2022-05-31,700245,SULFADIAZINA DE PLATA CREMA TOPICA 1% ,0,MEDICAMENTOS,1.0,0.0,0.0
2022-06-30,700245,SULFADIAZINA DE PLATA CREMA TOPICA 1% ,0,MEDICAMENTOS,1.0,0.0,0.0
2021-07-31,700290,"BETAMETILDIGOXINA 0,6MG/ML/45 GOTAS SOLUCIÓN ORAL ",2,MEDICAMENTOS,1.0,16751.0,6.0
2021-08-31,700290,"BETAMETILDIGOXINA 0,6MG/ML/45 GOTAS SOLUCIÓN ORAL ",0,MEDICAMENTOS,1.0,16751.0,6.0
2021-09-30,700290,"BETAMETILDIGOXINA 0,6MG/ML/45 GOTAS SOLUCIÓN ORAL ",9,MEDICAMENTOS,1.0,16751.0,6.0
2021-10-31,700290,"BETAMETILDIGOXINA 0,6MG/ML/45 GOTAS SOLUCIÓN ORAL ",0,MEDICAMENTOS,1.0,16751.0,6.0
2021-11-30,700290,"BETAMETILDIGOXINA 0,6MG/ML/45 GOTAS SOLUCIÓN ORAL ",2,MEDICAMENTOS,1.0,16751.0,6.0
2021-12-31,700290,"BETAMETILDIGOXINA 0,6MG/ML/45 GOTAS SOLUCIÓN ORAL ",1,MEDICAMENTOS,1.0,16751.0,6.0
2022-01-31,700290,"BETAMETILDIGOXINA 0,6MG/ML/45 GOTAS SOLUCIÓN ORAL ",0,MEDICAMENTOS,1.0,16751.0,6.0
2022-02-28,700290,"BETAMETILDIGOXINA 0,6MG/ML/45 GOTAS SOLUCIÓN ORAL ",1,MEDICAMENTOS,1.0,16751.0,6.0
2022-03-31,700290,"BETAMETILDIGOXINA 0,6MG/ML/45 GOTAS SOLUCIÓN ORAL ",2,MEDICAMENTOS,1.0,16751.0,6.0
2022-04-30,700290,"BETAMETILDIGOXINA 0,6MG/ML/45 GOTAS SOLUCIÓN ORAL ",4,MEDICAMENTOS,1.0,16751.0,6.0
2022-05-31,700290,"BETAMETILDIGOXINA 0,6MG/ML/45 GOTAS SOLUCIÓN ORAL ",0,MEDICAMENTOS,1.0,16751.0,6.0
2022-06-30,700290,"BETAMETILDIGOXINA 0,6MG/ML/45 GOTAS SOLUCIÓN ORAL ",2,MEDICAMENTOS,1.0,16751.0,6.0
2021-07-31,700302,GLUTAPAK 10 ENTEREX ALIMENTO 15g,0,NUTRICION,1.0,17711.0,33.0
2021-08-31,700302,GLUTAPAK 10 ENTEREX ALIMENTO 15g,0,NUTRICION,1.0,17711.0,33.0
2021-09-30,700302,GLUTAPAK 10 ENTEREX ALIMENTO 15g,0,NUTRICION,1.0,17711.0,33.0
2021-10-31,700302,GLUTAPAK 10 ENTEREX ALIMENTO 15g,0,NUTRICION,1.0,17711.0,33.0
2021-11-30,700302,GLUTAPAK 10 ENTEREX ALIMENTO 15g,0,NUTRICION,1.0,17711.0,33.0
2021-12-31,700302,GLUTAPAK 10 ENTEREX ALIMENTO 15g,0,NUTRICION,1.0,17711.0,33.0
2022-01-31,700302,GLUTAPAK 10 ENTEREX ALIMENTO 15g,0,NUTRICION,1.0,17711.0,33.0
2022-02-28,700302,GLUTAPAK 10 ENTEREX ALIMENTO 15g,0,NUTRICION,1.0,17711.0,33.0
2022-03-31,700302,GLUTAPAK 10 ENTEREX ALIMENTO 15g,0,NUTRICION,1.0,17711.0,33.0
2022-04-30,700302,GLUTAPAK 10 ENTEREX ALIMENTO 15g,3,NUTRICION,1.0,17711.0,33.0
2022-05-31,700302,GLUTAPAK 10 ENTEREX ALIMENTO 15g,2,NUTRICION,1.0,17711.0,33.0
2022-06-30,700302,GLUTAPAK 10 ENTEREX ALIMENTO 15g,0,NUTRICION,1.0,17711.0,33.0
2021-07-31,700307,PREPARADO MAGISTRAL DE OMEPRAZOL ENTERAL 20 MG/10 ML,0,MEDICAMENTOS,1.0,888.0,31.0
2021-08-31,700307,PREPARADO MAGISTRAL DE OMEPRAZOL ENTERAL 20 MG/10 ML,0,MEDICAMENTOS,1.0,888.0,31.0
2021-09-30,700307,PREPARADO MAGISTRAL DE OMEPRAZOL ENTERAL 20 MG/10 ML,1,MEDICAMENTOS,1.0,888.0,31.0
2021-10-31,700307,PREPARADO MAGISTRAL DE OMEPRAZOL ENTERAL 20 MG/10 ML,0,MEDICAMENTOS,1.0,888.0,31.0
2021-11-30,700307,PREPARADO MAGISTRAL DE OMEPRAZOL ENTERAL 20 MG/10 ML,3,MEDICAMENTOS,1.0,888.0,31.0
2021-12-31,700307,PREPARADO MAGISTRAL DE OMEPRAZOL ENTERAL 20 MG/10 ML,47,MEDICAMENTOS,1.0,888.0,31.0
2022-01-31,700307,PREPARADO MAGISTRAL DE OMEPRAZOL ENTERAL 20 MG/10 ML,81,MEDICAMENTOS,1.0,888.0,31.0
2022-02-28,700307,PREPARADO MAGISTRAL DE OMEPRAZOL ENTERAL 20 MG/10 ML,48,MEDICAMENTOS,1.0,888.0,31.0
2022-03-31,700307,PREPARADO MAGISTRAL DE OMEPRAZOL ENTERAL 20 MG/10 ML,71,MEDICAMENTOS,1.0,888.0,31.0
2022-04-30,700307,PREPARADO MAGISTRAL DE OMEPRAZOL ENTERAL 20 MG/10 ML,84,MEDICAMENTOS,1.0,888.0,31.0
2022-05-31,700307,PREPARADO MAGISTRAL DE OMEPRAZOL ENTERAL 20 MG/10 ML,117,MEDICAMENTOS,1.0,888.0,31.0
2022-06-30,700307,PREPARADO MAGISTRAL DE OMEPRAZOL ENTERAL 20 MG/10 ML,58,MEDICAMENTOS,1.0,888.0,31.0
2021-07-31,700308,PREPARADO MAGISTRAL DE NIFEDIPINO ENTERAL 30 MG/ 10 ML,0,MEDICAMENTOS,1.0,,
2021-08-31,700308,PREPARADO MAGISTRAL DE NIFEDIPINO ENTERAL 30 MG/ 10 ML,0,MEDICAMENTOS,1.0,,
2021-09-30,700308,PREPARADO MAGISTRAL DE NIFEDIPINO ENTERAL 30 MG/ 10 ML,0,MEDICAMENTOS,1.0,,
2021-10-31,700308,PREPARADO MAGISTRAL DE NIFEDIPINO ENTERAL 30 MG/ 10 ML,0,MEDICAMENTOS,1.0,,
2021-11-30,700308,PREPARADO MAGISTRAL DE NIFEDIPINO ENTERAL 30 MG/ 10 ML,0,MEDICAMENTOS,1.0,,
2021-12-31,700308,PREPARADO MAGISTRAL DE NIFEDIPINO ENTERAL 30 MG/ 10 ML,0,MEDICAMENTOS,1.0,,
2022-01-31,700308,PREPARADO MAGISTRAL DE NIFEDIPINO ENTERAL 30 MG/ 10 ML,0,MEDICAMENTOS,1.0,,
2022-02-28,700308,PREPARADO MAGISTRAL DE NIFEDIPINO ENTERAL 30 MG/ 10 ML,0,MEDICAMENTOS,1.0,,
2022-03-31,700308,PREPARADO MAGISTRAL DE NIFEDIPINO ENTERAL 30 MG/ 10 ML,0,MEDICAMENTOS,1.0,,
2022-04-30,700308,PREPARADO MAGISTRAL DE NIFEDIPINO ENTERAL 30 MG/ 10 ML,0,MEDICAMENTOS,1.0,,
2022-05-31,700308,PREPARADO MAGISTRAL DE NIFEDIPINO ENTERAL 30 MG/ 10 ML,18,MEDICAMENTOS,1.0,,
2022-06-30,700308,PREPARADO MAGISTRAL DE NIFEDIPINO ENTERAL 30 MG/ 10 ML,0,MEDICAMENTOS,1.0,,
2021-07-31,700310,TROPICAMIDA 1% 15ML SOLUCION OFTALMICA,0,MEDICAMENTOS,1.0,,
2021-08-31,700310,TROPICAMIDA 1% 15ML SOLUCION OFTALMICA,0,MEDICAMENTOS,1.0,,
2021-09-30,700310,TROPICAMIDA 1% 15ML SOLUCION OFTALMICA,0,MEDICAMENTOS,1.0,,
2021-10-31,700310,TROPICAMIDA 1% 15ML SOLUCION OFTALMICA,0,MEDICAMENTOS,1.0,,
2021-11-30,700310,TROPICAMIDA 1% 15ML SOLUCION OFTALMICA,0,MEDICAMENTOS,1.0,,
2021-12-31,700310,TROPICAMIDA 1% 15ML SOLUCION OFTALMICA,0,MEDICAMENTOS,1.0,,
2022-01-31,700310,TROPICAMIDA 1% 15ML SOLUCION OFTALMICA,0,MEDICAMENTOS,1.0,,
2022-02-28,700310,TROPICAMIDA 1% 15ML SOLUCION OFTALMICA,1,MEDICAMENTOS,1.0,,
2022-03-31,700310,TROPICAMIDA 1% 15ML SOLUCION OFTALMICA,0,MEDICAMENTOS,1.0,,
2022-04-30,700310,TROPICAMIDA 1% 15ML SOLUCION OFTALMICA,1,MEDICAMENTOS,1.0,,
2022-05-31,700310,TROPICAMIDA 1% 15ML SOLUCION OFTALMICA,0,MEDICAMENTOS,1.0,,
2022-06-30,700310,TROPICAMIDA 1% 15ML SOLUCION OFTALMICA,0,MEDICAMENTOS,1.0,,
2021-07-31,700319,circuito neonatal REFERENCIA MP02650,2,DISPOSITIVOS MEDICO,1.0,198981.0,3.0
2021-08-31,700319,circuito neonatal REFERENCIA MP02650,1,DISPOSITIVOS MEDICO,1.0,198981.0,3.0
2021-09-30,700319,circuito neonatal REFERENCIA MP02650,4,DISPOSITIVOS MEDICO,1.0,198981.0,3.0
2021-10-31,700319,circuito neonatal REFERENCIA MP02650,1,DISPOSITIVOS MEDICO,1.0,198981.0,3.0
2021-11-30,700319,circuito neonatal REFERENCIA MP02650,0,DISPOSITIVOS MEDICO,1.0,198981.0,3.0
2021-12-31,700319,circuito neonatal REFERENCIA MP02650,1,DISPOSITIVOS MEDICO,1.0,198981.0,3.0
2022-01-31,700319,circuito neonatal REFERENCIA MP02650,5,DISPOSITIVOS MEDICO,1.0,198981.0,3.0
2022-02-28,700319,circuito neonatal REFERENCIA MP02650,3,DISPOSITIVOS MEDICO,1.0,198981.0,3.0
2022-03-31,700319,circuito neonatal REFERENCIA MP02650,5,DISPOSITIVOS MEDICO,1.0,198981.0,3.0
2022-04-30,700319,circuito neonatal REFERENCIA MP02650,6,DISPOSITIVOS MEDICO,1.0,198981.0,3.0
2022-05-31,700319,circuito neonatal REFERENCIA MP02650,4,DISPOSITIVOS MEDICO,1.0,198981.0,3.0
2022-06-30,700319,circuito neonatal REFERENCIA MP02650,2,DISPOSITIVOS MEDICO,1.0,198981.0,3.0
2021-07-31,700320,LEVETIRACETAM 100 MG/ML SOLUCION ORAL x 300 ML,3,MEDICAMENTOS,1.0,92800.0,2.0
2021-08-31,700320,LEVETIRACETAM 100 MG/ML SOLUCION ORAL x 300 ML,0,MEDICAMENTOS,1.0,92800.0,2.0
2021-09-30,700320,LEVETIRACETAM 100 MG/ML SOLUCION ORAL x 300 ML,1,MEDICAMENTOS,1.0,92800.0,2.0
2021-10-31,700320,LEVETIRACETAM 100 MG/ML SOLUCION ORAL x 300 ML,1,MEDICAMENTOS,1.0,92800.0,2.0
2021-11-30,700320,LEVETIRACETAM 100 MG/ML SOLUCION ORAL x 300 ML,0,MEDICAMENTOS,1.0,92800.0,2.0
2021-12-31,700320,LEVETIRACETAM 100 MG/ML SOLUCION ORAL x 300 ML,0,MEDICAMENTOS,1.0,92800.0,2.0
2022-01-31,700320,LEVETIRACETAM 100 MG/ML SOLUCION ORAL x 300 ML,0,MEDICAMENTOS,1.0,92800.0,2.0
2022-02-28,700320,LEVETIRACETAM 100 MG/ML SOLUCION ORAL x 300 ML,0,MEDICAMENTOS,1.0,92800.0,2.0
2022-03-31,700320,LEVETIRACETAM 100 MG/ML SOLUCION ORAL x 300 ML,1,MEDICAMENTOS,1.0,92800.0,2.0
2022-04-30,700320,LEVETIRACETAM 100 MG/ML SOLUCION ORAL x 300 ML,0,MEDICAMENTOS,1.0,92800.0,2.0
2022-05-31,700320,LEVETIRACETAM 100 MG/ML SOLUCION ORAL x 300 ML,4,MEDICAMENTOS,1.0,92800.0,2.0
2022-06-30,700320,LEVETIRACETAM 100 MG/ML SOLUCION ORAL x 300 ML,0,MEDICAMENTOS,1.0,92800.0,2.0
2021-07-31,700326,IPRATROPIO BROMURO SOL. PARA INHALACIÓN 250MCG/1ML x 20ML,5,MEDICAMENTOS,1.0,37749.0,1.0
2021-08-31,700326,IPRATROPIO BROMURO SOL. PARA INHALACIÓN 250MCG/1ML x 20ML,6,MEDICAMENTOS,1.0,37749.0,1.0
2021-09-30,700326,IPRATROPIO BROMURO SOL. PARA INHALACIÓN 250MCG/1ML x 20ML,6,MEDICAMENTOS,1.0,37749.0,1.0
2021-10-31,700326,IPRATROPIO BROMURO SOL. PARA INHALACIÓN 250MCG/1ML x 20ML,6,MEDICAMENTOS,1.0,37749.0,1.0
2021-11-30,700326,IPRATROPIO BROMURO SOL. PARA INHALACIÓN 250MCG/1ML x 20ML,6,MEDICAMENTOS,1.0,37749.0,1.0
2021-12-31,700326,IPRATROPIO BROMURO SOL. PARA INHALACIÓN 250MCG/1ML x 20ML,3,MEDICAMENTOS,1.0,37749.0,1.0
2022-01-31,700326,IPRATROPIO BROMURO SOL. PARA INHALACIÓN 250MCG/1ML x 20ML,4,MEDICAMENTOS,1.0,37749.0,1.0
2022-02-28,700326,IPRATROPIO BROMURO SOL. PARA INHALACIÓN 250MCG/1ML x 20ML,1,MEDICAMENTOS,1.0,37749.0,1.0
2022-03-31,700326,IPRATROPIO BROMURO SOL. PARA INHALACIÓN 250MCG/1ML x 20ML,0,MEDICAMENTOS,1.0,37749.0,1.0
2022-04-30,700326,IPRATROPIO BROMURO SOL. PARA INHALACIÓN 250MCG/1ML x 20ML,2,MEDICAMENTOS,1.0,37749.0,1.0
2022-05-31,700326,IPRATROPIO BROMURO SOL. PARA INHALACIÓN 250MCG/1ML x 20ML,2,MEDICAMENTOS,1.0,37749.0,1.0
2022-06-30,700326,IPRATROPIO BROMURO SOL. PARA INHALACIÓN 250MCG/1ML x 20ML,0,MEDICAMENTOS,1.0,37749.0,1.0
2021-07-31,700401,SUCRALFATO SUSPENSIÓN ORAL 20%/200ML,0,MEDICAMENTOS,1.0,37689.0,2.0
2021-08-31,700401,SUCRALFATO SUSPENSIÓN ORAL 20%/200ML,2,MEDICAMENTOS,1.0,37689.0,2.0
2021-09-30,700401,SUCRALFATO SUSPENSIÓN ORAL 20%/200ML,1,MEDICAMENTOS,1.0,37689.0,2.0
2021-10-31,700401,SUCRALFATO SUSPENSIÓN ORAL 20%/200ML,3,MEDICAMENTOS,1.0,37689.0,2.0
2021-11-30,700401,SUCRALFATO SUSPENSIÓN ORAL 20%/200ML,0,MEDICAMENTOS,1.0,37689.0,2.0
2021-12-31,700401,SUCRALFATO SUSPENSIÓN ORAL 20%/200ML,4,MEDICAMENTOS,1.0,37689.0,2.0
2022-01-31,700401,SUCRALFATO SUSPENSIÓN ORAL 20%/200ML,4,MEDICAMENTOS,1.0,37689.0,2.0
2022-02-28,700401,SUCRALFATO SUSPENSIÓN ORAL 20%/200ML,1,MEDICAMENTOS,1.0,37689.0,2.0
2022-03-31,700401,SUCRALFATO SUSPENSIÓN ORAL 20%/200ML,0,MEDICAMENTOS,1.0,37689.0,2.0
2022-04-30,700401,SUCRALFATO SUSPENSIÓN ORAL 20%/200ML,0,MEDICAMENTOS,1.0,37689.0,2.0
2022-05-31,700401,SUCRALFATO SUSPENSIÓN ORAL 20%/200ML,0,MEDICAMENTOS,1.0,37689.0,2.0
2022-06-30,700401,SUCRALFATO SUSPENSIÓN ORAL 20%/200ML,1,MEDICAMENTOS,1.0,37689.0,2.0
2021-07-31,700410,EQUIPO PERFUSOR 50CC,0,DISPOSITIVOS MEDICO,1.0,24987.0,5.0
2021-08-31,700410,EQUIPO PERFUSOR 50CC,18,DISPOSITIVOS MEDICO,1.0,24987.0,5.0
2021-09-30,700410,EQUIPO PERFUSOR 50CC,0,DISPOSITIVOS MEDICO,1.0,24987.0,5.0
2021-10-31,700410,EQUIPO PERFUSOR 50CC,4,DISPOSITIVOS MEDICO,1.0,24987.0,5.0
2021-11-30,700410,EQUIPO PERFUSOR 50CC,0,DISPOSITIVOS MEDICO,1.0,24987.0,5.0
2021-12-31,700410,EQUIPO PERFUSOR 50CC,0,DISPOSITIVOS MEDICO,1.0,24987.0,5.0
2022-01-31,700410,EQUIPO PERFUSOR 50CC,0,DISPOSITIVOS MEDICO,1.0,24987.0,5.0
2022-02-28,700410,EQUIPO PERFUSOR 50CC,0,DISPOSITIVOS MEDICO,1.0,24987.0,5.0
2022-03-31,700410,EQUIPO PERFUSOR 50CC,9,DISPOSITIVOS MEDICO,1.0,24987.0,5.0
2022-04-30,700410,EQUIPO PERFUSOR 50CC,0,DISPOSITIVOS MEDICO,1.0,24987.0,5.0
2022-05-31,700410,EQUIPO PERFUSOR 50CC,0,DISPOSITIVOS MEDICO,1.0,24987.0,5.0
2022-06-30,700410,EQUIPO PERFUSOR 50CC,4,DISPOSITIVOS MEDICO,1.0,24987.0,5.0
2021-07-31,700422,FENOBARBITAL SOLUCIÓN ORAL 4MG/1ML ,1,CONTROLADOS,1.0,36883.0,10.0
2021-08-31,700422,FENOBARBITAL SOLUCIÓN ORAL 4MG/1ML ,0,CONTROLADOS,1.0,36883.0,10.0
2021-09-30,700422,FENOBARBITAL SOLUCIÓN ORAL 4MG/1ML ,2,CONTROLADOS,1.0,36883.0,10.0
2021-10-31,700422,FENOBARBITAL SOLUCIÓN ORAL 4MG/1ML ,1,CONTROLADOS,1.0,36883.0,10.0
2021-11-30,700422,FENOBARBITAL SOLUCIÓN ORAL 4MG/1ML ,2,CONTROLADOS,1.0,36883.0,10.0
2021-12-31,700422,FENOBARBITAL SOLUCIÓN ORAL 4MG/1ML ,1,CONTROLADOS,1.0,36883.0,10.0
2022-01-31,700422,FENOBARBITAL SOLUCIÓN ORAL 4MG/1ML ,1,CONTROLADOS,1.0,36883.0,10.0
2022-02-28,700422,FENOBARBITAL SOLUCIÓN ORAL 4MG/1ML ,0,CONTROLADOS,1.0,36883.0,10.0
2022-03-31,700422,FENOBARBITAL SOLUCIÓN ORAL 4MG/1ML ,1,CONTROLADOS,1.0,36883.0,10.0
2022-04-30,700422,FENOBARBITAL SOLUCIÓN ORAL 4MG/1ML ,1,CONTROLADOS,1.0,36883.0,10.0
2022-05-31,700422,FENOBARBITAL SOLUCIÓN ORAL 4MG/1ML ,1,CONTROLADOS,1.0,36883.0,10.0
2022-06-30,700422,FENOBARBITAL SOLUCIÓN ORAL 4MG/1ML ,0,CONTROLADOS,1.0,36883.0,10.0
2021-07-31,700441,POTASIO GLUCONATO ELIXIR 20MEQ/15ML ,47,MEDICAMENTOS,1.0,7518.0,7.0
2021-08-31,700441,POTASIO GLUCONATO ELIXIR 20MEQ/15ML ,23,MEDICAMENTOS,1.0,7518.0,7.0
2021-09-30,700441,POTASIO GLUCONATO ELIXIR 20MEQ/15ML ,31,MEDICAMENTOS,1.0,7518.0,7.0
2021-10-31,700441,POTASIO GLUCONATO ELIXIR 20MEQ/15ML ,34,MEDICAMENTOS,1.0,7518.0,7.0
2021-11-30,700441,POTASIO GLUCONATO ELIXIR 20MEQ/15ML ,30,MEDICAMENTOS,1.0,7518.0,7.0
2021-12-31,700441,POTASIO GLUCONATO ELIXIR 20MEQ/15ML ,39,MEDICAMENTOS,1.0,7518.0,7.0
2022-01-31,700441,POTASIO GLUCONATO ELIXIR 20MEQ/15ML ,28,MEDICAMENTOS,1.0,7518.0,7.0
2022-02-28,700441,POTASIO GLUCONATO ELIXIR 20MEQ/15ML ,39,MEDICAMENTOS,1.0,7518.0,7.0
2022-03-31,700441,POTASIO GLUCONATO ELIXIR 20MEQ/15ML ,38,MEDICAMENTOS,1.0,7518.0,7.0
2022-04-30,700441,POTASIO GLUCONATO ELIXIR 20MEQ/15ML ,24,MEDICAMENTOS,1.0,7518.0,7.0
2022-05-31,700441,POTASIO GLUCONATO ELIXIR 20MEQ/15ML ,40,MEDICAMENTOS,1.0,7518.0,7.0
2022-06-30,700441,POTASIO GLUCONATO ELIXIR 20MEQ/15ML ,28,MEDICAMENTOS,1.0,7518.0,7.0
2021-07-31,700525,PROPOFOL EMULSIÓN INYECTABLE 1%/20ML,0,MEDICAMENTOS,1.0,5100.0,7.0
2021-08-31,700525,PROPOFOL EMULSIÓN INYECTABLE 1%/20ML,0,MEDICAMENTOS,1.0,5100.0,7.0
2021-09-30,700525,PROPOFOL EMULSIÓN INYECTABLE 1%/20ML,8,MEDICAMENTOS,1.0,5100.0,7.0
2021-10-31,700525,PROPOFOL EMULSIÓN INYECTABLE 1%/20ML,1,MEDICAMENTOS,1.0,5100.0,7.0
2021-11-30,700525,PROPOFOL EMULSIÓN INYECTABLE 1%/20ML,13,MEDICAMENTOS,1.0,5100.0,7.0
2021-12-31,700525,PROPOFOL EMULSIÓN INYECTABLE 1%/20ML,0,MEDICAMENTOS,1.0,5100.0,7.0
2022-01-31,700525,PROPOFOL EMULSIÓN INYECTABLE 1%/20ML,0,MEDICAMENTOS,1.0,5100.0,7.0
2022-02-28,700525,PROPOFOL EMULSIÓN INYECTABLE 1%/20ML,0,MEDICAMENTOS,1.0,5100.0,7.0
2022-03-31,700525,PROPOFOL EMULSIÓN INYECTABLE 1%/20ML,0,MEDICAMENTOS,1.0,5100.0,7.0
2022-04-30,700525,PROPOFOL EMULSIÓN INYECTABLE 1%/20ML,3,MEDICAMENTOS,1.0,5100.0,7.0
2022-05-31,700525,PROPOFOL EMULSIÓN INYECTABLE 1%/20ML,4,MEDICAMENTOS,1.0,5100.0,7.0
2022-06-30,700525,PROPOFOL EMULSIÓN INYECTABLE 1%/20ML,2,MEDICAMENTOS,1.0,5100.0,7.0
2021-07-31,700543,MIDAZOLAM 5MG/5ML SOL. INYECTABLE,8089,CONTROLADOS,1.0,5135.0,2137.0
2021-08-31,700543,MIDAZOLAM 5MG/5ML SOL. INYECTABLE,4770,CONTROLADOS,1.0,5135.0,2137.0
2021-09-30,700543,MIDAZOLAM 5MG/5ML SOL. INYECTABLE,4243,CONTROLADOS,1.0,5135.0,2137.0
2021-10-31,700543,MIDAZOLAM 5MG/5ML SOL. INYECTABLE,6617,CONTROLADOS,1.0,5135.0,2137.0
2021-11-30,700543,MIDAZOLAM 5MG/5ML SOL. INYECTABLE,5629,CONTROLADOS,1.0,5135.0,2137.0
2021-12-31,700543,MIDAZOLAM 5MG/5ML SOL. INYECTABLE,9094,CONTROLADOS,1.0,5135.0,2137.0
2022-01-31,700543,MIDAZOLAM 5MG/5ML SOL. INYECTABLE,10918,CONTROLADOS,1.0,5135.0,2137.0
2022-02-28,700543,MIDAZOLAM 5MG/5ML SOL. INYECTABLE,6803,CONTROLADOS,1.0,5135.0,2137.0
2022-03-31,700543,MIDAZOLAM 5MG/5ML SOL. INYECTABLE,5446,CONTROLADOS,1.0,5135.0,2137.0
2022-04-30,700543,MIDAZOLAM 5MG/5ML SOL. INYECTABLE,5115,CONTROLADOS,1.0,5135.0,2137.0
2022-05-31,700543,MIDAZOLAM 5MG/5ML SOL. INYECTABLE,13713,CONTROLADOS,1.0,5135.0,2137.0
2022-06-30,700543,MIDAZOLAM 5MG/5ML SOL. INYECTABLE,14404,CONTROLADOS,1.0,5135.0,2137.0
2021-07-31,700544,SOMATOSTATINA POLVO LIOFILIZADO 3MG,0,MEDICAMENTOS,1.0,56258.0,18.0
2021-08-31,700544,SOMATOSTATINA POLVO LIOFILIZADO 3MG,0,MEDICAMENTOS,1.0,56258.0,18.0
2021-09-30,700544,SOMATOSTATINA POLVO LIOFILIZADO 3MG,3,MEDICAMENTOS,1.0,56258.0,18.0
2021-10-31,700544,SOMATOSTATINA POLVO LIOFILIZADO 3MG,64,MEDICAMENTOS,1.0,56258.0,18.0
2021-11-30,700544,SOMATOSTATINA POLVO LIOFILIZADO 3MG,0,MEDICAMENTOS,1.0,56258.0,18.0
2021-12-31,700544,SOMATOSTATINA POLVO LIOFILIZADO 3MG,4,MEDICAMENTOS,1.0,56258.0,18.0
2022-01-31,700544,SOMATOSTATINA POLVO LIOFILIZADO 3MG,23,MEDICAMENTOS,1.0,56258.0,18.0
2022-02-28,700544,SOMATOSTATINA POLVO LIOFILIZADO 3MG,0,MEDICAMENTOS,1.0,56258.0,18.0
2022-03-31,700544,SOMATOSTATINA POLVO LIOFILIZADO 3MG,0,MEDICAMENTOS,1.0,56258.0,18.0
2022-04-30,700544,SOMATOSTATINA POLVO LIOFILIZADO 3MG,0,MEDICAMENTOS,1.0,56258.0,18.0
2022-05-31,700544,SOMATOSTATINA POLVO LIOFILIZADO 3MG,51,MEDICAMENTOS,1.0,56258.0,18.0
2022-06-30,700544,SOMATOSTATINA POLVO LIOFILIZADO 3MG,43,MEDICAMENTOS,1.0,56258.0,18.0
2021-07-31,700550,ROCURONIO BROMURO SOLUCIÓN INYECTABLE 50MG/5ML,2,MEDICAMENTOS,1.0,8333.0,69.0
2021-08-31,700550,ROCURONIO BROMURO SOLUCIÓN INYECTABLE 50MG/5ML,2,MEDICAMENTOS,1.0,8333.0,69.0
2021-09-30,700550,ROCURONIO BROMURO SOLUCIÓN INYECTABLE 50MG/5ML,1,MEDICAMENTOS,1.0,8333.0,69.0
2021-10-31,700550,ROCURONIO BROMURO SOLUCIÓN INYECTABLE 50MG/5ML,0,MEDICAMENTOS,1.0,8333.0,69.0
2021-11-30,700550,ROCURONIO BROMURO SOLUCIÓN INYECTABLE 50MG/5ML,0,MEDICAMENTOS,1.0,8333.0,69.0
2021-12-31,700550,ROCURONIO BROMURO SOLUCIÓN INYECTABLE 50MG/5ML,0,MEDICAMENTOS,1.0,8333.0,69.0
2022-01-31,700550,ROCURONIO BROMURO SOLUCIÓN INYECTABLE 50MG/5ML,0,MEDICAMENTOS,1.0,8333.0,69.0
2022-02-28,700550,ROCURONIO BROMURO SOLUCIÓN INYECTABLE 50MG/5ML,0,MEDICAMENTOS,1.0,8333.0,69.0
2022-03-31,700550,ROCURONIO BROMURO SOLUCIÓN INYECTABLE 50MG/5ML,0,MEDICAMENTOS,1.0,8333.0,69.0
2022-04-30,700550,ROCURONIO BROMURO SOLUCIÓN INYECTABLE 50MG/5ML,0,MEDICAMENTOS,1.0,8333.0,69.0
2022-05-31,700550,ROCURONIO BROMURO SOLUCIÓN INYECTABLE 50MG/5ML,16,MEDICAMENTOS,1.0,8333.0,69.0
2022-06-30,700550,ROCURONIO BROMURO SOLUCIÓN INYECTABLE 50MG/5ML,24,MEDICAMENTOS,1.0,8333.0,69.0
2021-07-31,700554,ASCORBICO ACIDO 500MG/5ML SOL. INYECTABLE (VITAMINA C),154,MEDICAMENTOS,1.0,2781.5,118.0
2021-08-31,700554,ASCORBICO ACIDO 500MG/5ML SOL. INYECTABLE (VITAMINA C),466,MEDICAMENTOS,1.0,2781.5,118.0
2021-09-30,700554,ASCORBICO ACIDO 500MG/5ML SOL. INYECTABLE (VITAMINA C),148,MEDICAMENTOS,1.0,2781.5,118.0
2021-10-31,700554,ASCORBICO ACIDO 500MG/5ML SOL. INYECTABLE (VITAMINA C),686,MEDICAMENTOS,1.0,2781.5,118.0
2021-11-30,700554,ASCORBICO ACIDO 500MG/5ML SOL. INYECTABLE (VITAMINA C),366,MEDICAMENTOS,1.0,2781.5,118.0
2021-12-31,700554,ASCORBICO ACIDO 500MG/5ML SOL. INYECTABLE (VITAMINA C),302,MEDICAMENTOS,1.0,2781.5,118.0
2022-01-31,700554,ASCORBICO ACIDO 500MG/5ML SOL. INYECTABLE (VITAMINA C),382,MEDICAMENTOS,1.0,2781.5,118.0
2022-02-28,700554,ASCORBICO ACIDO 500MG/5ML SOL. INYECTABLE (VITAMINA C),66,MEDICAMENTOS,1.0,2781.5,118.0
2022-03-31,700554,ASCORBICO ACIDO 500MG/5ML SOL. INYECTABLE (VITAMINA C),64,MEDICAMENTOS,1.0,2781.5,118.0
2022-04-30,700554,ASCORBICO ACIDO 500MG/5ML SOL. INYECTABLE (VITAMINA C),0,MEDICAMENTOS,1.0,2781.5,118.0
2022-05-31,700554,ASCORBICO ACIDO 500MG/5ML SOL. INYECTABLE (VITAMINA C),180,MEDICAMENTOS,1.0,2781.5,118.0
2022-06-30,700554,ASCORBICO ACIDO 500MG/5ML SOL. INYECTABLE (VITAMINA C),232,MEDICAMENTOS,1.0,2781.5,118.0
2021-07-31,700567,ALIZAPRIDA SOL. INYECTABLE 50MG,0,MEDICAMENTOS,1.0,3627.0,3.0
2021-08-31,700567,ALIZAPRIDA SOL. INYECTABLE 50MG,0,MEDICAMENTOS,1.0,3627.0,3.0
2021-09-30,700567,ALIZAPRIDA SOL. INYECTABLE 50MG,0,MEDICAMENTOS,1.0,3627.0,3.0
2021-10-31,700567,ALIZAPRIDA SOL. INYECTABLE 50MG,0,MEDICAMENTOS,1.0,3627.0,3.0
2021-11-30,700567,ALIZAPRIDA SOL. INYECTABLE 50MG,0,MEDICAMENTOS,1.0,3627.0,3.0
2021-12-31,700567,ALIZAPRIDA SOL. INYECTABLE 50MG,1,MEDICAMENTOS,1.0,3627.0,3.0
2022-01-31,700567,ALIZAPRIDA SOL. INYECTABLE 50MG,0,MEDICAMENTOS,1.0,3627.0,3.0
2022-02-28,700567,ALIZAPRIDA SOL. INYECTABLE 50MG,0,MEDICAMENTOS,1.0,3627.0,3.0
2022-03-31,700567,ALIZAPRIDA SOL. INYECTABLE 50MG,0,MEDICAMENTOS,1.0,3627.0,3.0
2022-04-30,700567,ALIZAPRIDA SOL. INYECTABLE 50MG,0,MEDICAMENTOS,1.0,3627.0,3.0
2022-05-31,700567,ALIZAPRIDA SOL. INYECTABLE 50MG,0,MEDICAMENTOS,1.0,3627.0,3.0
2022-06-30,700567,ALIZAPRIDA SOL. INYECTABLE 50MG,0,MEDICAMENTOS,1.0,3627.0,3.0
2021-07-31,700572,"METILERGOMETRINA SOL. INYECTABLE 0,2MG ",0,CONTROLADOS,1.0,4295.0,48.0
2021-08-31,700572,"METILERGOMETRINA SOL. INYECTABLE 0,2MG ",0,CONTROLADOS,1.0,4295.0,48.0
2021-09-30,700572,"METILERGOMETRINA SOL. INYECTABLE 0,2MG ",4,CONTROLADOS,1.0,4295.0,48.0
2021-10-31,700572,"METILERGOMETRINA SOL. INYECTABLE 0,2MG ",0,CONTROLADOS,1.0,4295.0,48.0
2021-11-30,700572,"METILERGOMETRINA SOL. INYECTABLE 0,2MG ",0,CONTROLADOS,1.0,4295.0,48.0
2021-12-31,700572,"METILERGOMETRINA SOL. INYECTABLE 0,2MG ",0,CONTROLADOS,1.0,4295.0,48.0
2022-01-31,700572,"METILERGOMETRINA SOL. INYECTABLE 0,2MG ",0,CONTROLADOS,1.0,4295.0,48.0
2022-02-28,700572,"METILERGOMETRINA SOL. INYECTABLE 0,2MG ",5,CONTROLADOS,1.0,4295.0,48.0
2022-03-31,700572,"METILERGOMETRINA SOL. INYECTABLE 0,2MG ",0,CONTROLADOS,1.0,4295.0,48.0
2022-04-30,700572,"METILERGOMETRINA SOL. INYECTABLE 0,2MG ",0,CONTROLADOS,1.0,4295.0,48.0
2022-05-31,700572,"METILERGOMETRINA SOL. INYECTABLE 0,2MG ",0,CONTROLADOS,1.0,4295.0,48.0
2022-06-30,700572,"METILERGOMETRINA SOL. INYECTABLE 0,2MG ",0,CONTROLADOS,1.0,4295.0,48.0
2021-07-31,700575,"ENOXAPARINA 20MG/0,2ML SOL. INYECTABLE ",90,MEDICAMENTOS,1.0,11730.0,66.0
2021-08-31,700575,"ENOXAPARINA 20MG/0,2ML SOL. INYECTABLE ",109,MEDICAMENTOS,1.0,11730.0,66.0
2021-09-30,700575,"ENOXAPARINA 20MG/0,2ML SOL. INYECTABLE ",105,MEDICAMENTOS,1.0,11730.0,66.0
2021-10-31,700575,"ENOXAPARINA 20MG/0,2ML SOL. INYECTABLE ",127,MEDICAMENTOS,1.0,11730.0,66.0
2021-11-30,700575,"ENOXAPARINA 20MG/0,2ML SOL. INYECTABLE ",245,MEDICAMENTOS,1.0,11730.0,66.0
2021-12-31,700575,"ENOXAPARINA 20MG/0,2ML SOL. INYECTABLE ",85,MEDICAMENTOS,1.0,11730.0,66.0
2022-01-31,700575,"ENOXAPARINA 20MG/0,2ML SOL. INYECTABLE ",86,MEDICAMENTOS,1.0,11730.0,66.0
2022-02-28,700575,"ENOXAPARINA 20MG/0,2ML SOL. INYECTABLE ",174,MEDICAMENTOS,1.0,11730.0,66.0
2022-03-31,700575,"ENOXAPARINA 20MG/0,2ML SOL. INYECTABLE ",107,MEDICAMENTOS,1.0,11730.0,66.0
2022-04-30,700575,"ENOXAPARINA 20MG/0,2ML SOL. INYECTABLE ",278,MEDICAMENTOS,1.0,11730.0,66.0
2022-05-31,700575,"ENOXAPARINA 20MG/0,2ML SOL. INYECTABLE ",96,MEDICAMENTOS,1.0,11730.0,66.0
2022-06-30,700575,"ENOXAPARINA 20MG/0,2ML SOL. INYECTABLE ",86,MEDICAMENTOS,1.0,11730.0,66.0
2021-07-31,700577,"ENOXAPARINA 60MG/0,6ML SOL. INYECTABLE ",355,MEDICAMENTOS,1.0,17991.0,89.0
2021-08-31,700577,"ENOXAPARINA 60MG/0,6ML SOL. INYECTABLE ",494,MEDICAMENTOS,1.0,17991.0,89.0
2021-09-30,700577,"ENOXAPARINA 60MG/0,6ML SOL. INYECTABLE ",464,MEDICAMENTOS,1.0,17991.0,89.0
2021-10-31,700577,"ENOXAPARINA 60MG/0,6ML SOL. INYECTABLE ",511,MEDICAMENTOS,1.0,17991.0,89.0
2021-11-30,700577,"ENOXAPARINA 60MG/0,6ML SOL. INYECTABLE ",323,MEDICAMENTOS,1.0,17991.0,89.0
2021-12-31,700577,"ENOXAPARINA 60MG/0,6ML SOL. INYECTABLE ",544,MEDICAMENTOS,1.0,17991.0,89.0
2022-01-31,700577,"ENOXAPARINA 60MG/0,6ML SOL. INYECTABLE ",513,MEDICAMENTOS,1.0,17991.0,89.0
2022-02-28,700577,"ENOXAPARINA 60MG/0,6ML SOL. INYECTABLE ",379,MEDICAMENTOS,1.0,17991.0,89.0
2022-03-31,700577,"ENOXAPARINA 60MG/0,6ML SOL. INYECTABLE ",386,MEDICAMENTOS,1.0,17991.0,89.0
2022-04-30,700577,"ENOXAPARINA 60MG/0,6ML SOL. INYECTABLE ",387,MEDICAMENTOS,1.0,17991.0,89.0
2022-05-31,700577,"ENOXAPARINA 60MG/0,6ML SOL. INYECTABLE ",343,MEDICAMENTOS,1.0,17991.0,89.0
2022-06-30,700577,"ENOXAPARINA 60MG/0,6ML SOL. INYECTABLE ",385,MEDICAMENTOS,1.0,17991.0,89.0
2021-07-31,700578,"ENOXAPARINA 80MG/0,8ML SOL. INYECTABLE ",178,MEDICAMENTOS,1.0,21992.0,50.0
2021-08-31,700578,"ENOXAPARINA 80MG/0,8ML SOL. INYECTABLE ",151,MEDICAMENTOS,1.0,21992.0,50.0
2021-09-30,700578,"ENOXAPARINA 80MG/0,8ML SOL. INYECTABLE ",121,MEDICAMENTOS,1.0,21992.0,50.0
2021-10-31,700578,"ENOXAPARINA 80MG/0,8ML SOL. INYECTABLE ",154,MEDICAMENTOS,1.0,21992.0,50.0
2021-11-30,700578,"ENOXAPARINA 80MG/0,8ML SOL. INYECTABLE ",225,MEDICAMENTOS,1.0,21992.0,50.0
2021-12-31,700578,"ENOXAPARINA 80MG/0,8ML SOL. INYECTABLE ",105,MEDICAMENTOS,1.0,21992.0,50.0
2022-01-31,700578,"ENOXAPARINA 80MG/0,8ML SOL. INYECTABLE ",179,MEDICAMENTOS,1.0,21992.0,50.0
2022-02-28,700578,"ENOXAPARINA 80MG/0,8ML SOL. INYECTABLE ",130,MEDICAMENTOS,1.0,21992.0,50.0
2022-03-31,700578,"ENOXAPARINA 80MG/0,8ML SOL. INYECTABLE ",264,MEDICAMENTOS,1.0,21992.0,50.0
2022-04-30,700578,"ENOXAPARINA 80MG/0,8ML SOL. INYECTABLE ",237,MEDICAMENTOS,1.0,21992.0,50.0
2022-05-31,700578,"ENOXAPARINA 80MG/0,8ML SOL. INYECTABLE ",123,MEDICAMENTOS,1.0,21992.0,50.0
2022-06-30,700578,"ENOXAPARINA 80MG/0,8ML SOL. INYECTABLE ",114,MEDICAMENTOS,1.0,21992.0,50.0
2021-07-31,700587,MEPERIDINA 100MG/2ML SOL. INYECTABLE,26,CONTROLADOS,1.0,2726.0,463.0
2021-08-31,700587,MEPERIDINA 100MG/2ML SOL. INYECTABLE,48,CONTROLADOS,1.0,2726.0,463.0
2021-09-30,700587,MEPERIDINA 100MG/2ML SOL. INYECTABLE,61,CONTROLADOS,1.0,2726.0,463.0
2021-10-31,700587,MEPERIDINA 100MG/2ML SOL. INYECTABLE,54,CONTROLADOS,1.0,2726.0,463.0
2021-11-30,700587,MEPERIDINA 100MG/2ML SOL. INYECTABLE,31,CONTROLADOS,1.0,2726.0,463.0
2021-12-31,700587,MEPERIDINA 100MG/2ML SOL. INYECTABLE,34,CONTROLADOS,1.0,2726.0,463.0
2022-01-31,700587,MEPERIDINA 100MG/2ML SOL. INYECTABLE,88,CONTROLADOS,1.0,2726.0,463.0
2022-02-28,700587,MEPERIDINA 100MG/2ML SOL. INYECTABLE,105,CONTROLADOS,1.0,2726.0,463.0
2022-03-31,700587,MEPERIDINA 100MG/2ML SOL. INYECTABLE,78,CONTROLADOS,1.0,2726.0,463.0
2022-04-30,700587,MEPERIDINA 100MG/2ML SOL. INYECTABLE,104,CONTROLADOS,1.0,2726.0,463.0
2022-05-31,700587,MEPERIDINA 100MG/2ML SOL. INYECTABLE,48,CONTROLADOS,1.0,2726.0,463.0
2022-06-30,700587,MEPERIDINA 100MG/2ML SOL. INYECTABLE,32,CONTROLADOS,1.0,2726.0,463.0
2021-07-31,700605,INMUNOGLOBULINA HUMANA NORMAL  6 GR/200ML SOL. INYECTABLE,0,MEDICAMENTOS,1.0,0.0,0.0
2021-08-31,700605,INMUNOGLOBULINA HUMANA NORMAL  6 GR/200ML SOL. INYECTABLE,93,MEDICAMENTOS,1.0,0.0,0.0
2021-09-30,700605,INMUNOGLOBULINA HUMANA NORMAL  6 GR/200ML SOL. INYECTABLE,28,MEDICAMENTOS,1.0,0.0,0.0
2021-10-31,700605,INMUNOGLOBULINA HUMANA NORMAL  6 GR/200ML SOL. INYECTABLE,0,MEDICAMENTOS,1.0,0.0,0.0
2021-11-30,700605,INMUNOGLOBULINA HUMANA NORMAL  6 GR/200ML SOL. INYECTABLE,9,MEDICAMENTOS,1.0,0.0,0.0
2021-12-31,700605,INMUNOGLOBULINA HUMANA NORMAL  6 GR/200ML SOL. INYECTABLE,11,MEDICAMENTOS,1.0,0.0,0.0
2022-01-31,700605,INMUNOGLOBULINA HUMANA NORMAL  6 GR/200ML SOL. INYECTABLE,43,MEDICAMENTOS,1.0,0.0,0.0
2022-02-28,700605,INMUNOGLOBULINA HUMANA NORMAL  6 GR/200ML SOL. INYECTABLE,0,MEDICAMENTOS,1.0,0.0,0.0
2022-03-31,700605,INMUNOGLOBULINA HUMANA NORMAL  6 GR/200ML SOL. INYECTABLE,24,MEDICAMENTOS,1.0,0.0,0.0
2022-04-30,700605,INMUNOGLOBULINA HUMANA NORMAL  6 GR/200ML SOL. INYECTABLE,0,MEDICAMENTOS,1.0,0.0,0.0
2022-05-31,700605,INMUNOGLOBULINA HUMANA NORMAL  6 GR/200ML SOL. INYECTABLE,0,MEDICAMENTOS,1.0,0.0,0.0
2022-06-30,700605,INMUNOGLOBULINA HUMANA NORMAL  6 GR/200ML SOL. INYECTABLE,0,MEDICAMENTOS,1.0,0.0,0.0
2021-07-31,700628,CLARITROMICINA 500MG POLVO LIOFILIZADO ,240,MEDICAMENTOS,1.0,17072.666666666668,58.0
2021-08-31,700628,CLARITROMICINA 500MG POLVO LIOFILIZADO ,107,MEDICAMENTOS,1.0,17072.666666666668,58.0
2021-09-30,700628,CLARITROMICINA 500MG POLVO LIOFILIZADO ,88,MEDICAMENTOS,1.0,17072.666666666668,58.0
2021-10-31,700628,CLARITROMICINA 500MG POLVO LIOFILIZADO ,121,MEDICAMENTOS,1.0,17072.666666666668,58.0
2021-11-30,700628,CLARITROMICINA 500MG POLVO LIOFILIZADO ,130,MEDICAMENTOS,1.0,17072.666666666668,58.0
2021-12-31,700628,CLARITROMICINA 500MG POLVO LIOFILIZADO ,227,MEDICAMENTOS,1.0,17072.666666666668,58.0
2022-01-31,700628,CLARITROMICINA 500MG POLVO LIOFILIZADO ,268,MEDICAMENTOS,1.0,17072.666666666668,58.0
2022-02-28,700628,CLARITROMICINA 500MG POLVO LIOFILIZADO ,119,MEDICAMENTOS,1.0,17072.666666666668,58.0
2022-03-31,700628,CLARITROMICINA 500MG POLVO LIOFILIZADO ,124,MEDICAMENTOS,1.0,17072.666666666668,58.0
2022-04-30,700628,CLARITROMICINA 500MG POLVO LIOFILIZADO ,132,MEDICAMENTOS,1.0,17072.666666666668,58.0
2022-05-31,700628,CLARITROMICINA 500MG POLVO LIOFILIZADO ,330,MEDICAMENTOS,1.0,17072.666666666668,58.0
2022-06-30,700628,CLARITROMICINA 500MG POLVO LIOFILIZADO ,460,MEDICAMENTOS,1.0,17072.666666666668,58.0
2021-07-31,700629,FOSFOLIPIDOS NATURALES 200MG/8ML SUSPENSION INYECTABLE (SURFACTANTE PULMONAR),5,MEDICAMENTOS,1.0,1206829.0,3.0
2021-08-31,700629,FOSFOLIPIDOS NATURALES 200MG/8ML SUSPENSION INYECTABLE (SURFACTANTE PULMONAR),3,MEDICAMENTOS,1.0,1206829.0,3.0
2021-09-30,700629,FOSFOLIPIDOS NATURALES 200MG/8ML SUSPENSION INYECTABLE (SURFACTANTE PULMONAR),5,MEDICAMENTOS,1.0,1206829.0,3.0
2021-10-31,700629,FOSFOLIPIDOS NATURALES 200MG/8ML SUSPENSION INYECTABLE (SURFACTANTE PULMONAR),6,MEDICAMENTOS,1.0,1206829.0,3.0
2021-11-30,700629,FOSFOLIPIDOS NATURALES 200MG/8ML SUSPENSION INYECTABLE (SURFACTANTE PULMONAR),6,MEDICAMENTOS,1.0,1206829.0,3.0
2021-12-31,700629,FOSFOLIPIDOS NATURALES 200MG/8ML SUSPENSION INYECTABLE (SURFACTANTE PULMONAR),5,MEDICAMENTOS,1.0,1206829.0,3.0
2022-01-31,700629,FOSFOLIPIDOS NATURALES 200MG/8ML SUSPENSION INYECTABLE (SURFACTANTE PULMONAR),3,MEDICAMENTOS,1.0,1206829.0,3.0
2022-02-28,700629,FOSFOLIPIDOS NATURALES 200MG/8ML SUSPENSION INYECTABLE (SURFACTANTE PULMONAR),6,MEDICAMENTOS,1.0,1206829.0,3.0
2022-03-31,700629,FOSFOLIPIDOS NATURALES 200MG/8ML SUSPENSION INYECTABLE (SURFACTANTE PULMONAR),4,MEDICAMENTOS,1.0,1206829.0,3.0
2022-04-30,700629,FOSFOLIPIDOS NATURALES 200MG/8ML SUSPENSION INYECTABLE (SURFACTANTE PULMONAR),3,MEDICAMENTOS,1.0,1206829.0,3.0
2022-05-31,700629,FOSFOLIPIDOS NATURALES 200MG/8ML SUSPENSION INYECTABLE (SURFACTANTE PULMONAR),7,MEDICAMENTOS,1.0,1206829.0,3.0
2022-06-30,700629,FOSFOLIPIDOS NATURALES 200MG/8ML SUSPENSION INYECTABLE (SURFACTANTE PULMONAR),3,MEDICAMENTOS,1.0,1206829.0,3.0
2021-07-31,700630,ALPROSTADIL SOLUCIÓN INYECTABLE 500MCG/1ML,0,MEDICAMENTOS,1.0,194680.0,5.0
2021-08-31,700630,ALPROSTADIL SOLUCIÓN INYECTABLE 500MCG/1ML,1,MEDICAMENTOS,1.0,194680.0,5.0
2021-09-30,700630,ALPROSTADIL SOLUCIÓN INYECTABLE 500MCG/1ML,0,MEDICAMENTOS,1.0,194680.0,5.0
2021-10-31,700630,ALPROSTADIL SOLUCIÓN INYECTABLE 500MCG/1ML,5,MEDICAMENTOS,1.0,194680.0,5.0
2021-11-30,700630,ALPROSTADIL SOLUCIÓN INYECTABLE 500MCG/1ML,0,MEDICAMENTOS,1.0,194680.0,5.0
2021-12-31,700630,ALPROSTADIL SOLUCIÓN INYECTABLE 500MCG/1ML,0,MEDICAMENTOS,1.0,194680.0,5.0
2022-01-31,700630,ALPROSTADIL SOLUCIÓN INYECTABLE 500MCG/1ML,1,MEDICAMENTOS,1.0,194680.0,5.0
2022-02-28,700630,ALPROSTADIL SOLUCIÓN INYECTABLE 500MCG/1ML,0,MEDICAMENTOS,1.0,194680.0,5.0
2022-03-31,700630,ALPROSTADIL SOLUCIÓN INYECTABLE 500MCG/1ML,0,MEDICAMENTOS,1.0,194680.0,5.0
2022-04-30,700630,ALPROSTADIL SOLUCIÓN INYECTABLE 500MCG/1ML,0,MEDICAMENTOS,1.0,194680.0,5.0
2022-05-31,700630,ALPROSTADIL SOLUCIÓN INYECTABLE 500MCG/1ML,1,MEDICAMENTOS,1.0,194680.0,5.0
2022-06-30,700630,ALPROSTADIL SOLUCIÓN INYECTABLE 500MCG/1ML,0,MEDICAMENTOS,1.0,194680.0,5.0
2021-07-31,700631,"OCTREOTIDE SOLUCIÓN INYECTABLE 0,1MG/1ML",21,MEDICAMENTOS,1.0,,
2021-08-31,700631,"OCTREOTIDE SOLUCIÓN INYECTABLE 0,1MG/1ML",13,MEDICAMENTOS,1.0,,
2021-09-30,700631,"OCTREOTIDE SOLUCIÓN INYECTABLE 0,1MG/1ML",0,MEDICAMENTOS,1.0,,
2021-10-31,700631,"OCTREOTIDE SOLUCIÓN INYECTABLE 0,1MG/1ML",44,MEDICAMENTOS,1.0,,
2021-11-30,700631,"OCTREOTIDE SOLUCIÓN INYECTABLE 0,1MG/1ML",84,MEDICAMENTOS,1.0,,
2021-12-31,700631,"OCTREOTIDE SOLUCIÓN INYECTABLE 0,1MG/1ML",108,MEDICAMENTOS,1.0,,
2022-01-31,700631,"OCTREOTIDE SOLUCIÓN INYECTABLE 0,1MG/1ML",3,MEDICAMENTOS,1.0,,
2022-02-28,700631,"OCTREOTIDE SOLUCIÓN INYECTABLE 0,1MG/1ML",157,MEDICAMENTOS,1.0,,
2022-03-31,700631,"OCTREOTIDE SOLUCIÓN INYECTABLE 0,1MG/1ML",0,MEDICAMENTOS,1.0,,
2022-04-30,700631,"OCTREOTIDE SOLUCIÓN INYECTABLE 0,1MG/1ML",0,MEDICAMENTOS,1.0,,
2022-05-31,700631,"OCTREOTIDE SOLUCIÓN INYECTABLE 0,1MG/1ML",0,MEDICAMENTOS,1.0,,
2022-06-30,700631,"OCTREOTIDE SOLUCIÓN INYECTABLE 0,1MG/1ML",0,MEDICAMENTOS,1.0,,
2021-07-31,700634,MEROPENEM POLVO LIOFILIZADO 1000 MG,1456,MEDICAMENTOS,1.0,22663.666666666668,136.0
2021-08-31,700634,MEROPENEM POLVO LIOFILIZADO 1000 MG,1319,MEDICAMENTOS,1.0,22663.666666666668,136.0
2021-09-30,700634,MEROPENEM POLVO LIOFILIZADO 1000 MG,1304,MEDICAMENTOS,1.0,22663.666666666668,136.0
2021-10-31,700634,MEROPENEM POLVO LIOFILIZADO 1000 MG,1149,MEDICAMENTOS,1.0,22663.666666666668,136.0
2021-11-30,700634,MEROPENEM POLVO LIOFILIZADO 1000 MG,1155,MEDICAMENTOS,1.0,22663.666666666668,136.0
2021-12-31,700634,MEROPENEM POLVO LIOFILIZADO 1000 MG,1230,MEDICAMENTOS,1.0,22663.666666666668,136.0
2022-01-31,700634,MEROPENEM POLVO LIOFILIZADO 1000 MG,1771,MEDICAMENTOS,1.0,22663.666666666668,136.0
2022-02-28,700634,MEROPENEM POLVO LIOFILIZADO 1000 MG,1808,MEDICAMENTOS,1.0,22663.666666666668,136.0
2022-03-31,700634,MEROPENEM POLVO LIOFILIZADO 1000 MG,2256,MEDICAMENTOS,1.0,22663.666666666668,136.0
2022-04-30,700634,MEROPENEM POLVO LIOFILIZADO 1000 MG,1538,MEDICAMENTOS,1.0,22663.666666666668,136.0
2022-05-31,700634,MEROPENEM POLVO LIOFILIZADO 1000 MG,1724,MEDICAMENTOS,1.0,22663.666666666668,136.0
2022-06-30,700634,MEROPENEM POLVO LIOFILIZADO 1000 MG,1781,MEDICAMENTOS,1.0,22663.666666666668,136.0
2021-07-31,700639,ANFOTERICINA B 50MG POLVO LIOFILIZADO ,0,MEDICAMENTOS,1.0,27335.0,22.0
2021-08-31,700639,ANFOTERICINA B 50MG POLVO LIOFILIZADO ,2,MEDICAMENTOS,1.0,27335.0,22.0
2021-09-30,700639,ANFOTERICINA B 50MG POLVO LIOFILIZADO ,26,MEDICAMENTOS,1.0,27335.0,22.0
2021-10-31,700639,ANFOTERICINA B 50MG POLVO LIOFILIZADO ,19,MEDICAMENTOS,1.0,27335.0,22.0
2021-11-30,700639,ANFOTERICINA B 50MG POLVO LIOFILIZADO ,14,MEDICAMENTOS,1.0,27335.0,22.0
2021-12-31,700639,ANFOTERICINA B 50MG POLVO LIOFILIZADO ,2,MEDICAMENTOS,1.0,27335.0,22.0
2022-01-31,700639,ANFOTERICINA B 50MG POLVO LIOFILIZADO ,2,MEDICAMENTOS,1.0,27335.0,22.0
2022-02-28,700639,ANFOTERICINA B 50MG POLVO LIOFILIZADO ,35,MEDICAMENTOS,1.0,27335.0,22.0
2022-03-31,700639,ANFOTERICINA B 50MG POLVO LIOFILIZADO ,33,MEDICAMENTOS,1.0,27335.0,22.0
2022-04-30,700639,ANFOTERICINA B 50MG POLVO LIOFILIZADO ,3,MEDICAMENTOS,1.0,27335.0,22.0
2022-05-31,700639,ANFOTERICINA B 50MG POLVO LIOFILIZADO ,61,MEDICAMENTOS,1.0,27335.0,22.0
2022-06-30,700639,ANFOTERICINA B 50MG POLVO LIOFILIZADO ,28,MEDICAMENTOS,1.0,27335.0,22.0
2021-07-31,700640,TRIMETOPRIM/SULFAMETOXAZOL  80MG/400MG/5ML SOL. INYECTABLE,644,MEDICAMENTOS,1.0,9215.0,186.0
2021-08-31,700640,TRIMETOPRIM/SULFAMETOXAZOL  80MG/400MG/5ML SOL. INYECTABLE,310,MEDICAMENTOS,1.0,9215.0,186.0
2021-09-30,700640,TRIMETOPRIM/SULFAMETOXAZOL  80MG/400MG/5ML SOL. INYECTABLE,410,MEDICAMENTOS,1.0,9215.0,186.0
2021-10-31,700640,TRIMETOPRIM/SULFAMETOXAZOL  80MG/400MG/5ML SOL. INYECTABLE,383,MEDICAMENTOS,1.0,9215.0,186.0
2021-11-30,700640,TRIMETOPRIM/SULFAMETOXAZOL  80MG/400MG/5ML SOL. INYECTABLE,592,MEDICAMENTOS,1.0,9215.0,186.0
2021-12-31,700640,TRIMETOPRIM/SULFAMETOXAZOL  80MG/400MG/5ML SOL. INYECTABLE,406,MEDICAMENTOS,1.0,9215.0,186.0
2022-01-31,700640,TRIMETOPRIM/SULFAMETOXAZOL  80MG/400MG/5ML SOL. INYECTABLE,478,MEDICAMENTOS,1.0,9215.0,186.0
2022-02-28,700640,TRIMETOPRIM/SULFAMETOXAZOL  80MG/400MG/5ML SOL. INYECTABLE,1224,MEDICAMENTOS,1.0,9215.0,186.0
2022-03-31,700640,TRIMETOPRIM/SULFAMETOXAZOL  80MG/400MG/5ML SOL. INYECTABLE,692,MEDICAMENTOS,1.0,9215.0,186.0
2022-04-30,700640,TRIMETOPRIM/SULFAMETOXAZOL  80MG/400MG/5ML SOL. INYECTABLE,1106,MEDICAMENTOS,1.0,9215.0,186.0
2022-05-31,700640,TRIMETOPRIM/SULFAMETOXAZOL  80MG/400MG/5ML SOL. INYECTABLE,640,MEDICAMENTOS,1.0,9215.0,186.0
2022-06-30,700640,TRIMETOPRIM/SULFAMETOXAZOL  80MG/400MG/5ML SOL. INYECTABLE,812,MEDICAMENTOS,1.0,9215.0,186.0
2021-07-31,700644,ADENOSINA 6MG/2ML SOL. INYECTABLE ,4,MEDICAMENTOS,1.0,17180.0,2.0
2021-08-31,700644,ADENOSINA 6MG/2ML SOL. INYECTABLE ,1,MEDICAMENTOS,1.0,17180.0,2.0
2021-09-30,700644,ADENOSINA 6MG/2ML SOL. INYECTABLE ,0,MEDICAMENTOS,1.0,17180.0,2.0
2021-10-31,700644,ADENOSINA 6MG/2ML SOL. INYECTABLE ,0,MEDICAMENTOS,1.0,17180.0,2.0
2021-11-30,700644,ADENOSINA 6MG/2ML SOL. INYECTABLE ,0,MEDICAMENTOS,1.0,17180.0,2.0
2021-12-31,700644,ADENOSINA 6MG/2ML SOL. INYECTABLE ,0,MEDICAMENTOS,1.0,17180.0,2.0
2022-01-31,700644,ADENOSINA 6MG/2ML SOL. INYECTABLE ,0,MEDICAMENTOS,1.0,17180.0,2.0
2022-02-28,700644,ADENOSINA 6MG/2ML SOL. INYECTABLE ,0,MEDICAMENTOS,1.0,17180.0,2.0
2022-03-31,700644,ADENOSINA 6MG/2ML SOL. INYECTABLE ,3,MEDICAMENTOS,1.0,17180.0,2.0
2022-04-30,700644,ADENOSINA 6MG/2ML SOL. INYECTABLE ,0,MEDICAMENTOS,1.0,17180.0,2.0
2022-05-31,700644,ADENOSINA 6MG/2ML SOL. INYECTABLE ,0,MEDICAMENTOS,1.0,17180.0,2.0
2022-06-30,700644,ADENOSINA 6MG/2ML SOL. INYECTABLE ,0,MEDICAMENTOS,1.0,17180.0,2.0
2021-07-31,700645,CEFEPIME 1G POLVO LIOFILIZADO,485,MEDICAMENTOS,1.0,1555.5,209.0
2021-08-31,700645,CEFEPIME 1G POLVO LIOFILIZADO,799,MEDICAMENTOS,1.0,1555.5,209.0
2021-09-30,700645,CEFEPIME 1G POLVO LIOFILIZADO,568,MEDICAMENTOS,1.0,1555.5,209.0
2021-10-31,700645,CEFEPIME 1G POLVO LIOFILIZADO,763,MEDICAMENTOS,1.0,1555.5,209.0
2021-11-30,700645,CEFEPIME 1G POLVO LIOFILIZADO,619,MEDICAMENTOS,1.0,1555.5,209.0
2021-12-31,700645,CEFEPIME 1G POLVO LIOFILIZADO,811,MEDICAMENTOS,1.0,1555.5,209.0
2022-01-31,700645,CEFEPIME 1G POLVO LIOFILIZADO,740,MEDICAMENTOS,1.0,1555.5,209.0
2022-02-28,700645,CEFEPIME 1G POLVO LIOFILIZADO,662,MEDICAMENTOS,1.0,1555.5,209.0
2022-03-31,700645,CEFEPIME 1G POLVO LIOFILIZADO,758,MEDICAMENTOS,1.0,1555.5,209.0
2022-04-30,700645,CEFEPIME 1G POLVO LIOFILIZADO,934,MEDICAMENTOS,1.0,1555.5,209.0
2022-05-31,700645,CEFEPIME 1G POLVO LIOFILIZADO,827,MEDICAMENTOS,1.0,1555.5,209.0
2022-06-30,700645,CEFEPIME 1G POLVO LIOFILIZADO,1034,MEDICAMENTOS,1.0,1555.5,209.0
2021-07-31,700646,MILRINONA SOL. INYECTABLE 10MG/10ML,84,MEDICAMENTOS,1.0,79478.0,36.0
2021-08-31,700646,MILRINONA SOL. INYECTABLE 10MG/10ML,72,MEDICAMENTOS,1.0,79478.0,36.0
2021-09-30,700646,MILRINONA SOL. INYECTABLE 10MG/10ML,69,MEDICAMENTOS,1.0,79478.0,36.0
2021-10-31,700646,MILRINONA SOL. INYECTABLE 10MG/10ML,133,MEDICAMENTOS,1.0,79478.0,36.0
2021-11-30,700646,MILRINONA SOL. INYECTABLE 10MG/10ML,71,MEDICAMENTOS,1.0,79478.0,36.0
2021-12-31,700646,MILRINONA SOL. INYECTABLE 10MG/10ML,61,MEDICAMENTOS,1.0,79478.0,36.0
2022-01-31,700646,MILRINONA SOL. INYECTABLE 10MG/10ML,60,MEDICAMENTOS,1.0,79478.0,36.0
2022-02-28,700646,MILRINONA SOL. INYECTABLE 10MG/10ML,83,MEDICAMENTOS,1.0,79478.0,36.0
2022-03-31,700646,MILRINONA SOL. INYECTABLE 10MG/10ML,38,MEDICAMENTOS,1.0,79478.0,36.0
2022-04-30,700646,MILRINONA SOL. INYECTABLE 10MG/10ML,84,MEDICAMENTOS,1.0,79478.0,36.0
2022-05-31,700646,MILRINONA SOL. INYECTABLE 10MG/10ML,16,MEDICAMENTOS,1.0,79478.0,36.0
2022-06-30,700646,MILRINONA SOL. INYECTABLE 10MG/10ML,68,MEDICAMENTOS,1.0,79478.0,36.0
2021-07-31,700651,KETOPROFENO SOLUCIÓN INYECTABLE 100MG/2ML,8,MEDICAMENTOS,1.0,,
2021-08-31,700651,KETOPROFENO SOLUCIÓN INYECTABLE 100MG/2ML,0,MEDICAMENTOS,1.0,,
2021-09-30,700651,KETOPROFENO SOLUCIÓN INYECTABLE 100MG/2ML,0,MEDICAMENTOS,1.0,,
2021-10-31,700651,KETOPROFENO SOLUCIÓN INYECTABLE 100MG/2ML,0,MEDICAMENTOS,1.0,,
2021-11-30,700651,KETOPROFENO SOLUCIÓN INYECTABLE 100MG/2ML,0,MEDICAMENTOS,1.0,,
2021-12-31,700651,KETOPROFENO SOLUCIÓN INYECTABLE 100MG/2ML,0,MEDICAMENTOS,1.0,,
2022-01-31,700651,KETOPROFENO SOLUCIÓN INYECTABLE 100MG/2ML,0,MEDICAMENTOS,1.0,,
2022-02-28,700651,KETOPROFENO SOLUCIÓN INYECTABLE 100MG/2ML,0,MEDICAMENTOS,1.0,,
2022-03-31,700651,KETOPROFENO SOLUCIÓN INYECTABLE 100MG/2ML,0,MEDICAMENTOS,1.0,,
2022-04-30,700651,KETOPROFENO SOLUCIÓN INYECTABLE 100MG/2ML,0,MEDICAMENTOS,1.0,,
2022-05-31,700651,KETOPROFENO SOLUCIÓN INYECTABLE 100MG/2ML,0,MEDICAMENTOS,1.0,,
2022-06-30,700651,KETOPROFENO SOLUCIÓN INYECTABLE 100MG/2ML,0,MEDICAMENTOS,1.0,,
2021-07-31,700694,LIDOCAINA CLORHIDRATO 2% JALEA 30G,100,MEDICAMENTOS,1.0,5575.0,64.0
2021-08-31,700694,LIDOCAINA CLORHIDRATO 2% JALEA 30G,130,MEDICAMENTOS,1.0,5575.0,64.0
2021-09-30,700694,LIDOCAINA CLORHIDRATO 2% JALEA 30G,103,MEDICAMENTOS,1.0,5575.0,64.0
2021-10-31,700694,LIDOCAINA CLORHIDRATO 2% JALEA 30G,105,MEDICAMENTOS,1.0,5575.0,64.0
2021-11-30,700694,LIDOCAINA CLORHIDRATO 2% JALEA 30G,103,MEDICAMENTOS,1.0,5575.0,64.0
2021-12-31,700694,LIDOCAINA CLORHIDRATO 2% JALEA 30G,148,MEDICAMENTOS,1.0,5575.0,64.0
2022-01-31,700694,LIDOCAINA CLORHIDRATO 2% JALEA 30G,140,MEDICAMENTOS,1.0,5575.0,64.0
2022-02-28,700694,LIDOCAINA CLORHIDRATO 2% JALEA 30G,118,MEDICAMENTOS,1.0,5575.0,64.0
2022-03-31,700694,LIDOCAINA CLORHIDRATO 2% JALEA 30G,138,MEDICAMENTOS,1.0,5575.0,64.0
2022-04-30,700694,LIDOCAINA CLORHIDRATO 2% JALEA 30G,112,MEDICAMENTOS,1.0,5575.0,64.0
2022-05-31,700694,LIDOCAINA CLORHIDRATO 2% JALEA 30G,195,MEDICAMENTOS,1.0,5575.0,64.0
2022-06-30,700694,LIDOCAINA CLORHIDRATO 2% JALEA 30G,94,MEDICAMENTOS,1.0,5575.0,64.0
2021-07-31,700741,SACUBITRIL/ VALSARTAN 50 MG TABLETA,1,MEDICAMENTOS,1.0,3702.0,18.0
2021-08-31,700741,SACUBITRIL/ VALSARTAN 50 MG TABLETA,9,MEDICAMENTOS,1.0,3702.0,18.0
2021-09-30,700741,SACUBITRIL/ VALSARTAN 50 MG TABLETA,40,MEDICAMENTOS,1.0,3702.0,18.0
2021-10-31,700741,SACUBITRIL/ VALSARTAN 50 MG TABLETA,15,MEDICAMENTOS,1.0,3702.0,18.0
2021-11-30,700741,SACUBITRIL/ VALSARTAN 50 MG TABLETA,5,MEDICAMENTOS,1.0,3702.0,18.0
2021-12-31,700741,SACUBITRIL/ VALSARTAN 50 MG TABLETA,23,MEDICAMENTOS,1.0,3702.0,18.0
2022-01-31,700741,SACUBITRIL/ VALSARTAN 50 MG TABLETA,34,MEDICAMENTOS,1.0,3702.0,18.0
2022-02-28,700741,SACUBITRIL/ VALSARTAN 50 MG TABLETA,22,MEDICAMENTOS,1.0,3702.0,18.0
2022-03-31,700741,SACUBITRIL/ VALSARTAN 50 MG TABLETA,3,MEDICAMENTOS,1.0,3702.0,18.0
2022-04-30,700741,SACUBITRIL/ VALSARTAN 50 MG TABLETA,24,MEDICAMENTOS,1.0,3702.0,18.0
2022-05-31,700741,SACUBITRIL/ VALSARTAN 50 MG TABLETA,36,MEDICAMENTOS,1.0,3702.0,18.0
2022-06-30,700741,SACUBITRIL/ VALSARTAN 50 MG TABLETA,22,MEDICAMENTOS,1.0,3702.0,18.0
2021-07-31,700749,"BUDESONIDA SUSPENSIÓN PARA INHALACIÓN 0,5MG/1ML (1MG/2ML)",0,MEDICAMENTOS,1.0,0.0,0.0
2021-08-31,700749,"BUDESONIDA SUSPENSIÓN PARA INHALACIÓN 0,5MG/1ML (1MG/2ML)",6,MEDICAMENTOS,1.0,0.0,0.0
2021-09-30,700749,"BUDESONIDA SUSPENSIÓN PARA INHALACIÓN 0,5MG/1ML (1MG/2ML)",0,MEDICAMENTOS,1.0,0.0,0.0
2021-10-31,700749,"BUDESONIDA SUSPENSIÓN PARA INHALACIÓN 0,5MG/1ML (1MG/2ML)",14,MEDICAMENTOS,1.0,0.0,0.0
2021-11-30,700749,"BUDESONIDA SUSPENSIÓN PARA INHALACIÓN 0,5MG/1ML (1MG/2ML)",0,MEDICAMENTOS,1.0,0.0,0.0
2021-12-31,700749,"BUDESONIDA SUSPENSIÓN PARA INHALACIÓN 0,5MG/1ML (1MG/2ML)",4,MEDICAMENTOS,1.0,0.0,0.0
2022-01-31,700749,"BUDESONIDA SUSPENSIÓN PARA INHALACIÓN 0,5MG/1ML (1MG/2ML)",0,MEDICAMENTOS,1.0,0.0,0.0
2022-02-28,700749,"BUDESONIDA SUSPENSIÓN PARA INHALACIÓN 0,5MG/1ML (1MG/2ML)",9,MEDICAMENTOS,1.0,0.0,0.0
2022-03-31,700749,"BUDESONIDA SUSPENSIÓN PARA INHALACIÓN 0,5MG/1ML (1MG/2ML)",0,MEDICAMENTOS,1.0,0.0,0.0
2022-04-30,700749,"BUDESONIDA SUSPENSIÓN PARA INHALACIÓN 0,5MG/1ML (1MG/2ML)",0,MEDICAMENTOS,1.0,0.0,0.0
2022-05-31,700749,"BUDESONIDA SUSPENSIÓN PARA INHALACIÓN 0,5MG/1ML (1MG/2ML)",6,MEDICAMENTOS,1.0,0.0,0.0
2022-06-30,700749,"BUDESONIDA SUSPENSIÓN PARA INHALACIÓN 0,5MG/1ML (1MG/2ML)",4,MEDICAMENTOS,1.0,0.0,0.0
2021-07-31,700757,SALBUTAMOL 5 MG SOL. PARA NEBULIZACIÓN X 10 ML,2,MEDICAMENTOS,1.0,0.0,0.0
2021-08-31,700757,SALBUTAMOL 5 MG SOL. PARA NEBULIZACIÓN X 10 ML,5,MEDICAMENTOS,1.0,0.0,0.0
2021-09-30,700757,SALBUTAMOL 5 MG SOL. PARA NEBULIZACIÓN X 10 ML,1,MEDICAMENTOS,1.0,0.0,0.0
2021-10-31,700757,SALBUTAMOL 5 MG SOL. PARA NEBULIZACIÓN X 10 ML,5,MEDICAMENTOS,1.0,0.0,0.0
2021-11-30,700757,SALBUTAMOL 5 MG SOL. PARA NEBULIZACIÓN X 10 ML,3,MEDICAMENTOS,1.0,0.0,0.0
2021-12-31,700757,SALBUTAMOL 5 MG SOL. PARA NEBULIZACIÓN X 10 ML,0,MEDICAMENTOS,1.0,0.0,0.0
2022-01-31,700757,SALBUTAMOL 5 MG SOL. PARA NEBULIZACIÓN X 10 ML,0,MEDICAMENTOS,1.0,0.0,0.0
2022-02-28,700757,SALBUTAMOL 5 MG SOL. PARA NEBULIZACIÓN X 10 ML,0,MEDICAMENTOS,1.0,0.0,0.0
2022-03-31,700757,SALBUTAMOL 5 MG SOL. PARA NEBULIZACIÓN X 10 ML,0,MEDICAMENTOS,1.0,0.0,0.0
2022-04-30,700757,SALBUTAMOL 5 MG SOL. PARA NEBULIZACIÓN X 10 ML,4,MEDICAMENTOS,1.0,0.0,0.0
2022-05-31,700757,SALBUTAMOL 5 MG SOL. PARA NEBULIZACIÓN X 10 ML,0,MEDICAMENTOS,1.0,0.0,0.0
2022-06-30,700757,SALBUTAMOL 5 MG SOL. PARA NEBULIZACIÓN X 10 ML,0,MEDICAMENTOS,1.0,0.0,0.0
2021-07-31,700762,LIDOCAINA CLORHIDRATO SOLUCIÓN TÓPICA 10%/80G,0,MEDICAMENTOS,1.0,39660.0,3.0
2021-08-31,700762,LIDOCAINA CLORHIDRATO SOLUCIÓN TÓPICA 10%/80G,2,MEDICAMENTOS,1.0,39660.0,3.0
2021-09-30,700762,LIDOCAINA CLORHIDRATO SOLUCIÓN TÓPICA 10%/80G,0,MEDICAMENTOS,1.0,39660.0,3.0
2021-10-31,700762,LIDOCAINA CLORHIDRATO SOLUCIÓN TÓPICA 10%/80G,1,MEDICAMENTOS,1.0,39660.0,3.0
2021-11-30,700762,LIDOCAINA CLORHIDRATO SOLUCIÓN TÓPICA 10%/80G,0,MEDICAMENTOS,1.0,39660.0,3.0
2021-12-31,700762,LIDOCAINA CLORHIDRATO SOLUCIÓN TÓPICA 10%/80G,1,MEDICAMENTOS,1.0,39660.0,3.0
2022-01-31,700762,LIDOCAINA CLORHIDRATO SOLUCIÓN TÓPICA 10%/80G,0,MEDICAMENTOS,1.0,39660.0,3.0
2022-02-28,700762,LIDOCAINA CLORHIDRATO SOLUCIÓN TÓPICA 10%/80G,0,MEDICAMENTOS,1.0,39660.0,3.0
2022-03-31,700762,LIDOCAINA CLORHIDRATO SOLUCIÓN TÓPICA 10%/80G,0,MEDICAMENTOS,1.0,39660.0,3.0
2022-04-30,700762,LIDOCAINA CLORHIDRATO SOLUCIÓN TÓPICA 10%/80G,1,MEDICAMENTOS,1.0,39660.0,3.0
2022-05-31,700762,LIDOCAINA CLORHIDRATO SOLUCIÓN TÓPICA 10%/80G,0,MEDICAMENTOS,1.0,39660.0,3.0
2022-06-30,700762,LIDOCAINA CLORHIDRATO SOLUCIÓN TÓPICA 10%/80G,0,MEDICAMENTOS,1.0,39660.0,3.0
2021-07-31,700779,FENOBARBITAL TABLETA 100MG ,0,CONTROLADOS,1.0,164.0,34.0
2021-08-31,700779,FENOBARBITAL TABLETA 100MG ,0,CONTROLADOS,1.0,164.0,34.0
2021-09-30,700779,FENOBARBITAL TABLETA 100MG ,10,CONTROLADOS,1.0,164.0,34.0
2021-10-31,700779,FENOBARBITAL TABLETA 100MG ,0,CONTROLADOS,1.0,164.0,34.0
2021-11-30,700779,FENOBARBITAL TABLETA 100MG ,0,CONTROLADOS,1.0,164.0,34.0
2021-12-31,700779,FENOBARBITAL TABLETA 100MG ,0,CONTROLADOS,1.0,164.0,34.0
2022-01-31,700779,FENOBARBITAL TABLETA 100MG ,0,CONTROLADOS,1.0,164.0,34.0
2022-02-28,700779,FENOBARBITAL TABLETA 100MG ,0,CONTROLADOS,1.0,164.0,34.0
2022-03-31,700779,FENOBARBITAL TABLETA 100MG ,0,CONTROLADOS,1.0,164.0,34.0
2022-04-30,700779,FENOBARBITAL TABLETA 100MG ,0,CONTROLADOS,1.0,164.0,34.0
2022-05-31,700779,FENOBARBITAL TABLETA 100MG ,0,CONTROLADOS,1.0,164.0,34.0
2022-06-30,700779,FENOBARBITAL TABLETA 100MG ,0,CONTROLADOS,1.0,164.0,34.0
2021-07-31,700786,GASA VASELINADA,0,DISPOSITIVOS MEDICO,1.0,257.0,3.0
2021-08-31,700786,GASA VASELINADA,0,DISPOSITIVOS MEDICO,1.0,257.0,3.0
2021-09-30,700786,GASA VASELINADA,1,DISPOSITIVOS MEDICO,1.0,257.0,3.0
2021-10-31,700786,GASA VASELINADA,16,DISPOSITIVOS MEDICO,1.0,257.0,3.0
2021-11-30,700786,GASA VASELINADA,11,DISPOSITIVOS MEDICO,1.0,257.0,3.0
2021-12-31,700786,GASA VASELINADA,0,DISPOSITIVOS MEDICO,1.0,257.0,3.0
2022-01-31,700786,GASA VASELINADA,0,DISPOSITIVOS MEDICO,1.0,257.0,3.0
2022-02-28,700786,GASA VASELINADA,2,DISPOSITIVOS MEDICO,1.0,257.0,3.0
2022-03-31,700786,GASA VASELINADA,0,DISPOSITIVOS MEDICO,1.0,257.0,3.0
2022-04-30,700786,GASA VASELINADA,0,DISPOSITIVOS MEDICO,1.0,257.0,3.0
2022-05-31,700786,GASA VASELINADA,1,DISPOSITIVOS MEDICO,1.0,257.0,3.0
2022-06-30,700786,GASA VASELINADA,0,DISPOSITIVOS MEDICO,1.0,257.0,3.0
2021-07-31,700791,DEGARELIX 80 MG POLVO PARA RECONSTITUCION,0,MEDICAMENTOS,1.0,,
2021-08-31,700791,DEGARELIX 80 MG POLVO PARA RECONSTITUCION,0,MEDICAMENTOS,1.0,,
2021-09-30,700791,DEGARELIX 80 MG POLVO PARA RECONSTITUCION,0,MEDICAMENTOS,1.0,,
2021-10-31,700791,DEGARELIX 80 MG POLVO PARA RECONSTITUCION,0,MEDICAMENTOS,1.0,,
2021-11-30,700791,DEGARELIX 80 MG POLVO PARA RECONSTITUCION,0,MEDICAMENTOS,1.0,,
2021-12-31,700791,DEGARELIX 80 MG POLVO PARA RECONSTITUCION,0,MEDICAMENTOS,1.0,,
2022-01-31,700791,DEGARELIX 80 MG POLVO PARA RECONSTITUCION,0,MEDICAMENTOS,1.0,,
2022-02-28,700791,DEGARELIX 80 MG POLVO PARA RECONSTITUCION,3,MEDICAMENTOS,1.0,,
2022-03-31,700791,DEGARELIX 80 MG POLVO PARA RECONSTITUCION,0,MEDICAMENTOS,1.0,,
2022-04-30,700791,DEGARELIX 80 MG POLVO PARA RECONSTITUCION,3,MEDICAMENTOS,1.0,,
2022-05-31,700791,DEGARELIX 80 MG POLVO PARA RECONSTITUCION,0,MEDICAMENTOS,1.0,,
2022-06-30,700791,DEGARELIX 80 MG POLVO PARA RECONSTITUCION,0,MEDICAMENTOS,1.0,,
2021-07-31,700800,HALOPERIDOL 5MG TABLETA  ,24,MEDICAMENTOS,1.0,53.0,36.0
2021-08-31,700800,HALOPERIDOL 5MG TABLETA  ,0,MEDICAMENTOS,1.0,53.0,36.0
2021-09-30,700800,HALOPERIDOL 5MG TABLETA  ,11,MEDICAMENTOS,1.0,53.0,36.0
2021-10-31,700800,HALOPERIDOL 5MG TABLETA  ,16,MEDICAMENTOS,1.0,53.0,36.0
2021-11-30,700800,HALOPERIDOL 5MG TABLETA  ,18,MEDICAMENTOS,1.0,53.0,36.0
2021-12-31,700800,HALOPERIDOL 5MG TABLETA  ,0,MEDICAMENTOS,1.0,53.0,36.0
2022-01-31,700800,HALOPERIDOL 5MG TABLETA  ,23,MEDICAMENTOS,1.0,53.0,36.0
2022-02-28,700800,HALOPERIDOL 5MG TABLETA  ,1,MEDICAMENTOS,1.0,53.0,36.0
2022-03-31,700800,HALOPERIDOL 5MG TABLETA  ,0,MEDICAMENTOS,1.0,53.0,36.0
2022-04-30,700800,HALOPERIDOL 5MG TABLETA  ,80,MEDICAMENTOS,1.0,53.0,36.0
2022-05-31,700800,HALOPERIDOL 5MG TABLETA  ,5,MEDICAMENTOS,1.0,53.0,36.0
2022-06-30,700800,HALOPERIDOL 5MG TABLETA  ,17,MEDICAMENTOS,1.0,53.0,36.0
2021-07-31,700809,"PIPERACILINA/TAZOBACTAM POLVO LIOFILIZADO 4,5G",2913,MEDICAMENTOS,1.0,11289.0,572.0
2021-08-31,700809,"PIPERACILINA/TAZOBACTAM POLVO LIOFILIZADO 4,5G",2933,MEDICAMENTOS,1.0,11289.0,572.0
2021-09-30,700809,"PIPERACILINA/TAZOBACTAM POLVO LIOFILIZADO 4,5G",2846,MEDICAMENTOS,1.0,11289.0,572.0
2021-10-31,700809,"PIPERACILINA/TAZOBACTAM POLVO LIOFILIZADO 4,5G",2969,MEDICAMENTOS,1.0,11289.0,572.0
2021-11-30,700809,"PIPERACILINA/TAZOBACTAM POLVO LIOFILIZADO 4,5G",2836,MEDICAMENTOS,1.0,11289.0,572.0
2021-12-31,700809,"PIPERACILINA/TAZOBACTAM POLVO LIOFILIZADO 4,5G",3296,MEDICAMENTOS,1.0,11289.0,572.0
2022-01-31,700809,"PIPERACILINA/TAZOBACTAM POLVO LIOFILIZADO 4,5G",3440,MEDICAMENTOS,1.0,11289.0,572.0
2022-02-28,700809,"PIPERACILINA/TAZOBACTAM POLVO LIOFILIZADO 4,5G",2773,MEDICAMENTOS,1.0,11289.0,572.0
2022-03-31,700809,"PIPERACILINA/TAZOBACTAM POLVO LIOFILIZADO 4,5G",2384,MEDICAMENTOS,1.0,11289.0,572.0
2022-04-30,700809,"PIPERACILINA/TAZOBACTAM POLVO LIOFILIZADO 4,5G",2756,MEDICAMENTOS,1.0,11289.0,572.0
2022-05-31,700809,"PIPERACILINA/TAZOBACTAM POLVO LIOFILIZADO 4,5G",3030,MEDICAMENTOS,1.0,11289.0,572.0
2022-06-30,700809,"PIPERACILINA/TAZOBACTAM POLVO LIOFILIZADO 4,5G",3224,MEDICAMENTOS,1.0,11289.0,572.0
2021-07-31,700813,FOSFOLIPIDOS NATURALES 100MG/4ML SUSPENSION INYECTABLE (SURFACTANTE PULMONAR),1,MEDICAMENTOS,1.0,869249.0,4.0
2021-08-31,700813,FOSFOLIPIDOS NATURALES 100MG/4ML SUSPENSION INYECTABLE (SURFACTANTE PULMONAR),1,MEDICAMENTOS,1.0,869249.0,4.0
2021-09-30,700813,FOSFOLIPIDOS NATURALES 100MG/4ML SUSPENSION INYECTABLE (SURFACTANTE PULMONAR),3,MEDICAMENTOS,1.0,869249.0,4.0
2021-10-31,700813,FOSFOLIPIDOS NATURALES 100MG/4ML SUSPENSION INYECTABLE (SURFACTANTE PULMONAR),2,MEDICAMENTOS,1.0,869249.0,4.0
2021-11-30,700813,FOSFOLIPIDOS NATURALES 100MG/4ML SUSPENSION INYECTABLE (SURFACTANTE PULMONAR),1,MEDICAMENTOS,1.0,869249.0,4.0
2021-12-31,700813,FOSFOLIPIDOS NATURALES 100MG/4ML SUSPENSION INYECTABLE (SURFACTANTE PULMONAR),3,MEDICAMENTOS,1.0,869249.0,4.0
2022-01-31,700813,FOSFOLIPIDOS NATURALES 100MG/4ML SUSPENSION INYECTABLE (SURFACTANTE PULMONAR),1,MEDICAMENTOS,1.0,869249.0,4.0
2022-02-28,700813,FOSFOLIPIDOS NATURALES 100MG/4ML SUSPENSION INYECTABLE (SURFACTANTE PULMONAR),3,MEDICAMENTOS,1.0,869249.0,4.0
2022-03-31,700813,FOSFOLIPIDOS NATURALES 100MG/4ML SUSPENSION INYECTABLE (SURFACTANTE PULMONAR),4,MEDICAMENTOS,1.0,869249.0,4.0
2022-04-30,700813,FOSFOLIPIDOS NATURALES 100MG/4ML SUSPENSION INYECTABLE (SURFACTANTE PULMONAR),2,MEDICAMENTOS,1.0,869249.0,4.0
2022-05-31,700813,FOSFOLIPIDOS NATURALES 100MG/4ML SUSPENSION INYECTABLE (SURFACTANTE PULMONAR),3,MEDICAMENTOS,1.0,869249.0,4.0
2022-06-30,700813,FOSFOLIPIDOS NATURALES 100MG/4ML SUSPENSION INYECTABLE (SURFACTANTE PULMONAR),3,MEDICAMENTOS,1.0,869249.0,4.0
2021-07-31,700815,"FOSFOLIPIDOS NATURALES 120MG/1,5ML SUSPENSION INYECTABLE SURFACTANTE PULMONAR)",0,MEDICAMENTOS,1.0,0.0,0.0
2021-08-31,700815,"FOSFOLIPIDOS NATURALES 120MG/1,5ML SUSPENSION INYECTABLE SURFACTANTE PULMONAR)",4,MEDICAMENTOS,1.0,0.0,0.0
2021-09-30,700815,"FOSFOLIPIDOS NATURALES 120MG/1,5ML SUSPENSION INYECTABLE SURFACTANTE PULMONAR)",6,MEDICAMENTOS,1.0,0.0,0.0
2021-10-31,700815,"FOSFOLIPIDOS NATURALES 120MG/1,5ML SUSPENSION INYECTABLE SURFACTANTE PULMONAR)",1,MEDICAMENTOS,1.0,0.0,0.0
2021-11-30,700815,"FOSFOLIPIDOS NATURALES 120MG/1,5ML SUSPENSION INYECTABLE SURFACTANTE PULMONAR)",0,MEDICAMENTOS,1.0,0.0,0.0
2021-12-31,700815,"FOSFOLIPIDOS NATURALES 120MG/1,5ML SUSPENSION INYECTABLE SURFACTANTE PULMONAR)",0,MEDICAMENTOS,1.0,0.0,0.0
2022-01-31,700815,"FOSFOLIPIDOS NATURALES 120MG/1,5ML SUSPENSION INYECTABLE SURFACTANTE PULMONAR)",12,MEDICAMENTOS,1.0,0.0,0.0
2022-02-28,700815,"FOSFOLIPIDOS NATURALES 120MG/1,5ML SUSPENSION INYECTABLE SURFACTANTE PULMONAR)",2,MEDICAMENTOS,1.0,0.0,0.0
2022-03-31,700815,"FOSFOLIPIDOS NATURALES 120MG/1,5ML SUSPENSION INYECTABLE SURFACTANTE PULMONAR)",5,MEDICAMENTOS,1.0,0.0,0.0
2022-04-30,700815,"FOSFOLIPIDOS NATURALES 120MG/1,5ML SUSPENSION INYECTABLE SURFACTANTE PULMONAR)",2,MEDICAMENTOS,1.0,0.0,0.0
2022-05-31,700815,"FOSFOLIPIDOS NATURALES 120MG/1,5ML SUSPENSION INYECTABLE SURFACTANTE PULMONAR)",4,MEDICAMENTOS,1.0,0.0,0.0
2022-06-30,700815,"FOSFOLIPIDOS NATURALES 120MG/1,5ML SUSPENSION INYECTABLE SURFACTANTE PULMONAR)",1,MEDICAMENTOS,1.0,0.0,0.0
2021-07-31,700817,"BUPIVACAINA 0,5% x 10ML SOL. INYECTABLE",0,MEDICAMENTOS,1.0,0.0,0.0
2021-08-31,700817,"BUPIVACAINA 0,5% x 10ML SOL. INYECTABLE",0,MEDICAMENTOS,1.0,0.0,0.0
2021-09-30,700817,"BUPIVACAINA 0,5% x 10ML SOL. INYECTABLE",0,MEDICAMENTOS,1.0,0.0,0.0
2021-10-31,700817,"BUPIVACAINA 0,5% x 10ML SOL. INYECTABLE",0,MEDICAMENTOS,1.0,0.0,0.0
2021-11-30,700817,"BUPIVACAINA 0,5% x 10ML SOL. INYECTABLE",0,MEDICAMENTOS,1.0,0.0,0.0
2021-12-31,700817,"BUPIVACAINA 0,5% x 10ML SOL. INYECTABLE",0,MEDICAMENTOS,1.0,0.0,0.0
2022-01-31,700817,"BUPIVACAINA 0,5% x 10ML SOL. INYECTABLE",0,MEDICAMENTOS,1.0,0.0,0.0
2022-02-28,700817,"BUPIVACAINA 0,5% x 10ML SOL. INYECTABLE",0,MEDICAMENTOS,1.0,0.0,0.0
2022-03-31,700817,"BUPIVACAINA 0,5% x 10ML SOL. INYECTABLE",1,MEDICAMENTOS,1.0,0.0,0.0
2022-04-30,700817,"BUPIVACAINA 0,5% x 10ML SOL. INYECTABLE",0,MEDICAMENTOS,1.0,0.0,0.0
2022-05-31,700817,"BUPIVACAINA 0,5% x 10ML SOL. INYECTABLE",0,MEDICAMENTOS,1.0,0.0,0.0
2022-06-30,700817,"BUPIVACAINA 0,5% x 10ML SOL. INYECTABLE",0,MEDICAMENTOS,1.0,0.0,0.0
2021-07-31,700820,DALTEPARINA SODICA 2.500 UI (ANTIFACTOR XA)  SOL. INYECTABLE,67,MEDICAMENTOS,1.0,6484.0,31.0
2021-08-31,700820,DALTEPARINA SODICA 2.500 UI (ANTIFACTOR XA)  SOL. INYECTABLE,55,MEDICAMENTOS,1.0,6484.0,31.0
2021-09-30,700820,DALTEPARINA SODICA 2.500 UI (ANTIFACTOR XA)  SOL. INYECTABLE,90,MEDICAMENTOS,1.0,6484.0,31.0
2021-10-31,700820,DALTEPARINA SODICA 2.500 UI (ANTIFACTOR XA)  SOL. INYECTABLE,141,MEDICAMENTOS,1.0,6484.0,31.0
2021-11-30,700820,DALTEPARINA SODICA 2.500 UI (ANTIFACTOR XA)  SOL. INYECTABLE,147,MEDICAMENTOS,1.0,6484.0,31.0
2021-12-31,700820,DALTEPARINA SODICA 2.500 UI (ANTIFACTOR XA)  SOL. INYECTABLE,186,MEDICAMENTOS,1.0,6484.0,31.0
2022-01-31,700820,DALTEPARINA SODICA 2.500 UI (ANTIFACTOR XA)  SOL. INYECTABLE,180,MEDICAMENTOS,1.0,6484.0,31.0
2022-02-28,700820,DALTEPARINA SODICA 2.500 UI (ANTIFACTOR XA)  SOL. INYECTABLE,33,MEDICAMENTOS,1.0,6484.0,31.0
2022-03-31,700820,DALTEPARINA SODICA 2.500 UI (ANTIFACTOR XA)  SOL. INYECTABLE,33,MEDICAMENTOS,1.0,6484.0,31.0
2022-04-30,700820,DALTEPARINA SODICA 2.500 UI (ANTIFACTOR XA)  SOL. INYECTABLE,75,MEDICAMENTOS,1.0,6484.0,31.0
2022-05-31,700820,DALTEPARINA SODICA 2.500 UI (ANTIFACTOR XA)  SOL. INYECTABLE,92,MEDICAMENTOS,1.0,6484.0,31.0
2022-06-30,700820,DALTEPARINA SODICA 2.500 UI (ANTIFACTOR XA)  SOL. INYECTABLE,73,MEDICAMENTOS,1.0,6484.0,31.0
2021-07-31,700821,DALTEPARINA SODICA 5.000 UI (ANTIFACTOR XA) SOL. INYECTABLE,42,MEDICAMENTOS,1.0,9565.0,27.0
2021-08-31,700821,DALTEPARINA SODICA 5.000 UI (ANTIFACTOR XA) SOL. INYECTABLE,79,MEDICAMENTOS,1.0,9565.0,27.0
2021-09-30,700821,DALTEPARINA SODICA 5.000 UI (ANTIFACTOR XA) SOL. INYECTABLE,26,MEDICAMENTOS,1.0,9565.0,27.0
2021-10-31,700821,DALTEPARINA SODICA 5.000 UI (ANTIFACTOR XA) SOL. INYECTABLE,25,MEDICAMENTOS,1.0,9565.0,27.0
2021-11-30,700821,DALTEPARINA SODICA 5.000 UI (ANTIFACTOR XA) SOL. INYECTABLE,0,MEDICAMENTOS,1.0,9565.0,27.0
2021-12-31,700821,DALTEPARINA SODICA 5.000 UI (ANTIFACTOR XA) SOL. INYECTABLE,34,MEDICAMENTOS,1.0,9565.0,27.0
2022-01-31,700821,DALTEPARINA SODICA 5.000 UI (ANTIFACTOR XA) SOL. INYECTABLE,47,MEDICAMENTOS,1.0,9565.0,27.0
2022-02-28,700821,DALTEPARINA SODICA 5.000 UI (ANTIFACTOR XA) SOL. INYECTABLE,3,MEDICAMENTOS,1.0,9565.0,27.0
2022-03-31,700821,DALTEPARINA SODICA 5.000 UI (ANTIFACTOR XA) SOL. INYECTABLE,4,MEDICAMENTOS,1.0,9565.0,27.0
2022-04-30,700821,DALTEPARINA SODICA 5.000 UI (ANTIFACTOR XA) SOL. INYECTABLE,37,MEDICAMENTOS,1.0,9565.0,27.0
2022-05-31,700821,DALTEPARINA SODICA 5.000 UI (ANTIFACTOR XA) SOL. INYECTABLE,0,MEDICAMENTOS,1.0,9565.0,27.0
2022-06-30,700821,DALTEPARINA SODICA 5.000 UI (ANTIFACTOR XA) SOL. INYECTABLE,45,MEDICAMENTOS,1.0,9565.0,27.0
2021-07-31,700850,TRANEXAMICO ACIDO 500MG  SOL. INYECTABLE,165,MEDICAMENTOS,1.0,1185.6666666666667,63.0
2021-08-31,700850,TRANEXAMICO ACIDO 500MG  SOL. INYECTABLE,179,MEDICAMENTOS,1.0,1185.6666666666667,63.0
2021-09-30,700850,TRANEXAMICO ACIDO 500MG  SOL. INYECTABLE,211,MEDICAMENTOS,1.0,1185.6666666666667,63.0
2021-10-31,700850,TRANEXAMICO ACIDO 500MG  SOL. INYECTABLE,125,MEDICAMENTOS,1.0,1185.6666666666667,63.0
2021-11-30,700850,TRANEXAMICO ACIDO 500MG  SOL. INYECTABLE,141,MEDICAMENTOS,1.0,1185.6666666666667,63.0
2021-12-31,700850,TRANEXAMICO ACIDO 500MG  SOL. INYECTABLE,147,MEDICAMENTOS,1.0,1185.6666666666667,63.0
2022-01-31,700850,TRANEXAMICO ACIDO 500MG  SOL. INYECTABLE,110,MEDICAMENTOS,1.0,1185.6666666666667,63.0
2022-02-28,700850,TRANEXAMICO ACIDO 500MG  SOL. INYECTABLE,113,MEDICAMENTOS,1.0,1185.6666666666667,63.0
2022-03-31,700850,TRANEXAMICO ACIDO 500MG  SOL. INYECTABLE,150,MEDICAMENTOS,1.0,1185.6666666666667,63.0
2022-04-30,700850,TRANEXAMICO ACIDO 500MG  SOL. INYECTABLE,81,MEDICAMENTOS,1.0,1185.6666666666667,63.0
2022-05-31,700850,TRANEXAMICO ACIDO 500MG  SOL. INYECTABLE,129,MEDICAMENTOS,1.0,1185.6666666666667,63.0
2022-06-30,700850,TRANEXAMICO ACIDO 500MG  SOL. INYECTABLE,99,MEDICAMENTOS,1.0,1185.6666666666667,63.0
2021-07-31,700851,AGUA ESTERIL PARA INYECCION 5ML,2479,MEDICAMENTOS,1.0,0.0,0.0
2021-08-31,700851,AGUA ESTERIL PARA INYECCION 5ML,2600,MEDICAMENTOS,1.0,0.0,0.0
2021-09-30,700851,AGUA ESTERIL PARA INYECCION 5ML,1807,MEDICAMENTOS,1.0,0.0,0.0
2021-10-31,700851,AGUA ESTERIL PARA INYECCION 5ML,2075,MEDICAMENTOS,1.0,0.0,0.0
2021-11-30,700851,AGUA ESTERIL PARA INYECCION 5ML,2630,MEDICAMENTOS,1.0,0.0,0.0
2021-12-31,700851,AGUA ESTERIL PARA INYECCION 5ML,2741,MEDICAMENTOS,1.0,0.0,0.0
2022-01-31,700851,AGUA ESTERIL PARA INYECCION 5ML,3407,MEDICAMENTOS,1.0,0.0,0.0
2022-02-28,700851,AGUA ESTERIL PARA INYECCION 5ML,3229,MEDICAMENTOS,1.0,0.0,0.0
2022-03-31,700851,AGUA ESTERIL PARA INYECCION 5ML,2702,MEDICAMENTOS,1.0,0.0,0.0
2022-04-30,700851,AGUA ESTERIL PARA INYECCION 5ML,3791,MEDICAMENTOS,1.0,0.0,0.0
2022-05-31,700851,AGUA ESTERIL PARA INYECCION 5ML,2611,MEDICAMENTOS,1.0,0.0,0.0
2022-06-30,700851,AGUA ESTERIL PARA INYECCION 5ML,2166,MEDICAMENTOS,1.0,0.0,0.0
2021-07-31,700860,EPINEFRINA 1MG/ML SOL. INYECTABLE ,50,MEDICAMENTOS,1.0,333.0,70.0
2021-08-31,700860,EPINEFRINA 1MG/ML SOL. INYECTABLE ,67,MEDICAMENTOS,1.0,333.0,70.0
2021-09-30,700860,EPINEFRINA 1MG/ML SOL. INYECTABLE ,117,MEDICAMENTOS,1.0,333.0,70.0
2021-10-31,700860,EPINEFRINA 1MG/ML SOL. INYECTABLE ,110,MEDICAMENTOS,1.0,333.0,70.0
2021-11-30,700860,EPINEFRINA 1MG/ML SOL. INYECTABLE ,77,MEDICAMENTOS,1.0,333.0,70.0
2021-12-31,700860,EPINEFRINA 1MG/ML SOL. INYECTABLE ,84,MEDICAMENTOS,1.0,333.0,70.0
2022-01-31,700860,EPINEFRINA 1MG/ML SOL. INYECTABLE ,101,MEDICAMENTOS,1.0,333.0,70.0
2022-02-28,700860,EPINEFRINA 1MG/ML SOL. INYECTABLE ,53,MEDICAMENTOS,1.0,333.0,70.0
2022-03-31,700860,EPINEFRINA 1MG/ML SOL. INYECTABLE ,102,MEDICAMENTOS,1.0,333.0,70.0
2022-04-30,700860,EPINEFRINA 1MG/ML SOL. INYECTABLE ,74,MEDICAMENTOS,1.0,333.0,70.0
2022-05-31,700860,EPINEFRINA 1MG/ML SOL. INYECTABLE ,63,MEDICAMENTOS,1.0,333.0,70.0
2022-06-30,700860,EPINEFRINA 1MG/ML SOL. INYECTABLE ,34,MEDICAMENTOS,1.0,333.0,70.0
2021-07-31,700873,URSODEOXICOLICO ACIDO TABLETA 600MG,0,MEDICAMENTOS,1.0,2398.0,24.0
2021-08-31,700873,URSODEOXICOLICO ACIDO TABLETA 600MG,0,MEDICAMENTOS,1.0,2398.0,24.0
2021-09-30,700873,URSODEOXICOLICO ACIDO TABLETA 600MG,13,MEDICAMENTOS,1.0,2398.0,24.0
2021-10-31,700873,URSODEOXICOLICO ACIDO TABLETA 600MG,0,MEDICAMENTOS,1.0,2398.0,24.0
2021-11-30,700873,URSODEOXICOLICO ACIDO TABLETA 600MG,11,MEDICAMENTOS,1.0,2398.0,24.0
2021-12-31,700873,URSODEOXICOLICO ACIDO TABLETA 600MG,10,MEDICAMENTOS,1.0,2398.0,24.0
2022-01-31,700873,URSODEOXICOLICO ACIDO TABLETA 600MG,0,MEDICAMENTOS,1.0,2398.0,24.0
2022-02-28,700873,URSODEOXICOLICO ACIDO TABLETA 600MG,0,MEDICAMENTOS,1.0,2398.0,24.0
2022-03-31,700873,URSODEOXICOLICO ACIDO TABLETA 600MG,16,MEDICAMENTOS,1.0,2398.0,24.0
2022-04-30,700873,URSODEOXICOLICO ACIDO TABLETA 600MG,0,MEDICAMENTOS,1.0,2398.0,24.0
2022-05-31,700873,URSODEOXICOLICO ACIDO TABLETA 600MG,0,MEDICAMENTOS,1.0,2398.0,24.0
2022-06-30,700873,URSODEOXICOLICO ACIDO TABLETA 600MG,0,MEDICAMENTOS,1.0,2398.0,24.0
2021-07-31,700883,"FENTANYL 0,5MG/10ML SOL. INYECTABLE",1136,CONTROLADOS,1.0,1387.0,1168.0
2021-08-31,700883,"FENTANYL 0,5MG/10ML SOL. INYECTABLE",842,CONTROLADOS,1.0,1387.0,1168.0
2021-09-30,700883,"FENTANYL 0,5MG/10ML SOL. INYECTABLE",657,CONTROLADOS,1.0,1387.0,1168.0
2021-10-31,700883,"FENTANYL 0,5MG/10ML SOL. INYECTABLE",863,CONTROLADOS,1.0,1387.0,1168.0
2021-11-30,700883,"FENTANYL 0,5MG/10ML SOL. INYECTABLE",750,CONTROLADOS,1.0,1387.0,1168.0
2021-12-31,700883,"FENTANYL 0,5MG/10ML SOL. INYECTABLE",1187,CONTROLADOS,1.0,1387.0,1168.0
2022-01-31,700883,"FENTANYL 0,5MG/10ML SOL. INYECTABLE",1331,CONTROLADOS,1.0,1387.0,1168.0
2022-02-28,700883,"FENTANYL 0,5MG/10ML SOL. INYECTABLE",932,CONTROLADOS,1.0,1387.0,1168.0
2022-03-31,700883,"FENTANYL 0,5MG/10ML SOL. INYECTABLE",696,CONTROLADOS,1.0,1387.0,1168.0
2022-04-30,700883,"FENTANYL 0,5MG/10ML SOL. INYECTABLE",832,CONTROLADOS,1.0,1387.0,1168.0
2022-05-31,700883,"FENTANYL 0,5MG/10ML SOL. INYECTABLE",1636,CONTROLADOS,1.0,1387.0,1168.0
2022-06-30,700883,"FENTANYL 0,5MG/10ML SOL. INYECTABLE",1747,CONTROLADOS,1.0,1387.0,1168.0
2021-07-31,700887,"BETAMETILDIGOXINA 0,2MG/2ML SOL. INYECTABLE",41,MEDICAMENTOS,1.0,1413.5,20.0
2021-08-31,700887,"BETAMETILDIGOXINA 0,2MG/2ML SOL. INYECTABLE",23,MEDICAMENTOS,1.0,1413.5,20.0
2021-09-30,700887,"BETAMETILDIGOXINA 0,2MG/2ML SOL. INYECTABLE",48,MEDICAMENTOS,1.0,1413.5,20.0
2021-10-31,700887,"BETAMETILDIGOXINA 0,2MG/2ML SOL. INYECTABLE",13,MEDICAMENTOS,1.0,1413.5,20.0
2021-11-30,700887,"BETAMETILDIGOXINA 0,2MG/2ML SOL. INYECTABLE",51,MEDICAMENTOS,1.0,1413.5,20.0
2021-12-31,700887,"BETAMETILDIGOXINA 0,2MG/2ML SOL. INYECTABLE",29,MEDICAMENTOS,1.0,1413.5,20.0
2022-01-31,700887,"BETAMETILDIGOXINA 0,2MG/2ML SOL. INYECTABLE",60,MEDICAMENTOS,1.0,1413.5,20.0
2022-02-28,700887,"BETAMETILDIGOXINA 0,2MG/2ML SOL. INYECTABLE",33,MEDICAMENTOS,1.0,1413.5,20.0
2022-03-31,700887,"BETAMETILDIGOXINA 0,2MG/2ML SOL. INYECTABLE",16,MEDICAMENTOS,1.0,1413.5,20.0
2022-04-30,700887,"BETAMETILDIGOXINA 0,2MG/2ML SOL. INYECTABLE",29,MEDICAMENTOS,1.0,1413.5,20.0
2022-05-31,700887,"BETAMETILDIGOXINA 0,2MG/2ML SOL. INYECTABLE",32,MEDICAMENTOS,1.0,1413.5,20.0
2022-06-30,700887,"BETAMETILDIGOXINA 0,2MG/2ML SOL. INYECTABLE",37,MEDICAMENTOS,1.0,1413.5,20.0
2021-07-31,700893,FENITOINA 250MG/5ML SOL. INYECTABLE ,154,MEDICAMENTOS,1.0,701.0,59.0
2021-08-31,700893,FENITOINA 250MG/5ML SOL. INYECTABLE ,171,MEDICAMENTOS,1.0,701.0,59.0
2021-09-30,700893,FENITOINA 250MG/5ML SOL. INYECTABLE ,118,MEDICAMENTOS,1.0,701.0,59.0
2021-10-31,700893,FENITOINA 250MG/5ML SOL. INYECTABLE ,146,MEDICAMENTOS,1.0,701.0,59.0
2021-11-30,700893,FENITOINA 250MG/5ML SOL. INYECTABLE ,176,MEDICAMENTOS,1.0,701.0,59.0
2021-12-31,700893,FENITOINA 250MG/5ML SOL. INYECTABLE ,188,MEDICAMENTOS,1.0,701.0,59.0
2022-01-31,700893,FENITOINA 250MG/5ML SOL. INYECTABLE ,204,MEDICAMENTOS,1.0,701.0,59.0
2022-02-28,700893,FENITOINA 250MG/5ML SOL. INYECTABLE ,228,MEDICAMENTOS,1.0,701.0,59.0
2022-03-31,700893,FENITOINA 250MG/5ML SOL. INYECTABLE ,132,MEDICAMENTOS,1.0,701.0,59.0
2022-04-30,700893,FENITOINA 250MG/5ML SOL. INYECTABLE ,217,MEDICAMENTOS,1.0,701.0,59.0
2022-05-31,700893,FENITOINA 250MG/5ML SOL. INYECTABLE ,95,MEDICAMENTOS,1.0,701.0,59.0
2022-06-30,700893,FENITOINA 250MG/5ML SOL. INYECTABLE ,235,MEDICAMENTOS,1.0,701.0,59.0
2021-07-31,700895,"AMPICILINA/SULBACTAM 1,5G POLVO LIOFILIZADO ",3381,MEDICAMENTOS,1.0,3884.3333333333335,278.0
2021-08-31,700895,"AMPICILINA/SULBACTAM 1,5G POLVO LIOFILIZADO ",3291,MEDICAMENTOS,1.0,3884.3333333333335,278.0
2021-09-30,700895,"AMPICILINA/SULBACTAM 1,5G POLVO LIOFILIZADO ",2653,MEDICAMENTOS,1.0,3884.3333333333335,278.0
2021-10-31,700895,"AMPICILINA/SULBACTAM 1,5G POLVO LIOFILIZADO ",2201,MEDICAMENTOS,1.0,3884.3333333333335,278.0
2021-11-30,700895,"AMPICILINA/SULBACTAM 1,5G POLVO LIOFILIZADO ",3062,MEDICAMENTOS,1.0,3884.3333333333335,278.0
2021-12-31,700895,"AMPICILINA/SULBACTAM 1,5G POLVO LIOFILIZADO ",2928,MEDICAMENTOS,1.0,3884.3333333333335,278.0
2022-01-31,700895,"AMPICILINA/SULBACTAM 1,5G POLVO LIOFILIZADO ",2684,MEDICAMENTOS,1.0,3884.3333333333335,278.0
2022-02-28,700895,"AMPICILINA/SULBACTAM 1,5G POLVO LIOFILIZADO ",2444,MEDICAMENTOS,1.0,3884.3333333333335,278.0
2022-03-31,700895,"AMPICILINA/SULBACTAM 1,5G POLVO LIOFILIZADO ",2258,MEDICAMENTOS,1.0,3884.3333333333335,278.0
2022-04-30,700895,"AMPICILINA/SULBACTAM 1,5G POLVO LIOFILIZADO ",3338,MEDICAMENTOS,1.0,3884.3333333333335,278.0
2022-05-31,700895,"AMPICILINA/SULBACTAM 1,5G POLVO LIOFILIZADO ",3474,MEDICAMENTOS,1.0,3884.3333333333335,278.0
2022-06-30,700895,"AMPICILINA/SULBACTAM 1,5G POLVO LIOFILIZADO ",2907,MEDICAMENTOS,1.0,3884.3333333333335,278.0
2021-07-31,700901,COMPLEJO B SOLUCIÓN INYECTABLE 10ML,0,MEDICAMENTOS,1.0,2303.0,1.0
2021-08-31,700901,COMPLEJO B SOLUCIÓN INYECTABLE 10ML,0,MEDICAMENTOS,1.0,2303.0,1.0
2021-09-30,700901,COMPLEJO B SOLUCIÓN INYECTABLE 10ML,0,MEDICAMENTOS,1.0,2303.0,1.0
2021-10-31,700901,COMPLEJO B SOLUCIÓN INYECTABLE 10ML,0,MEDICAMENTOS,1.0,2303.0,1.0
2021-11-30,700901,COMPLEJO B SOLUCIÓN INYECTABLE 10ML,0,MEDICAMENTOS,1.0,2303.0,1.0
2021-12-31,700901,COMPLEJO B SOLUCIÓN INYECTABLE 10ML,0,MEDICAMENTOS,1.0,2303.0,1.0
2022-01-31,700901,COMPLEJO B SOLUCIÓN INYECTABLE 10ML,0,MEDICAMENTOS,1.0,2303.0,1.0
2022-02-28,700901,COMPLEJO B SOLUCIÓN INYECTABLE 10ML,0,MEDICAMENTOS,1.0,2303.0,1.0
2022-03-31,700901,COMPLEJO B SOLUCIÓN INYECTABLE 10ML,1,MEDICAMENTOS,1.0,2303.0,1.0
2022-04-30,700901,COMPLEJO B SOLUCIÓN INYECTABLE 10ML,0,MEDICAMENTOS,1.0,2303.0,1.0
2022-05-31,700901,COMPLEJO B SOLUCIÓN INYECTABLE 10ML,0,MEDICAMENTOS,1.0,2303.0,1.0
2022-06-30,700901,COMPLEJO B SOLUCIÓN INYECTABLE 10ML,0,MEDICAMENTOS,1.0,2303.0,1.0
2021-07-31,700907,"FITOMENADIONA 2MG/0,2ML SOL. INYECTABLE (VITAMINA K)",9,MEDICAMENTOS,1.0,9414.0,5.0
2021-08-31,700907,"FITOMENADIONA 2MG/0,2ML SOL. INYECTABLE (VITAMINA K)",9,MEDICAMENTOS,1.0,9414.0,5.0
2021-09-30,700907,"FITOMENADIONA 2MG/0,2ML SOL. INYECTABLE (VITAMINA K)",3,MEDICAMENTOS,1.0,9414.0,5.0
2021-10-31,700907,"FITOMENADIONA 2MG/0,2ML SOL. INYECTABLE (VITAMINA K)",0,MEDICAMENTOS,1.0,9414.0,5.0
2021-11-30,700907,"FITOMENADIONA 2MG/0,2ML SOL. INYECTABLE (VITAMINA K)",5,MEDICAMENTOS,1.0,9414.0,5.0
2021-12-31,700907,"FITOMENADIONA 2MG/0,2ML SOL. INYECTABLE (VITAMINA K)",4,MEDICAMENTOS,1.0,9414.0,5.0
2022-01-31,700907,"FITOMENADIONA 2MG/0,2ML SOL. INYECTABLE (VITAMINA K)",3,MEDICAMENTOS,1.0,9414.0,5.0
2022-02-28,700907,"FITOMENADIONA 2MG/0,2ML SOL. INYECTABLE (VITAMINA K)",2,MEDICAMENTOS,1.0,9414.0,5.0
2022-03-31,700907,"FITOMENADIONA 2MG/0,2ML SOL. INYECTABLE (VITAMINA K)",1,MEDICAMENTOS,1.0,9414.0,5.0
2022-04-30,700907,"FITOMENADIONA 2MG/0,2ML SOL. INYECTABLE (VITAMINA K)",9,MEDICAMENTOS,1.0,9414.0,5.0
2022-05-31,700907,"FITOMENADIONA 2MG/0,2ML SOL. INYECTABLE (VITAMINA K)",1,MEDICAMENTOS,1.0,9414.0,5.0
2022-06-30,700907,"FITOMENADIONA 2MG/0,2ML SOL. INYECTABLE (VITAMINA K)",1,MEDICAMENTOS,1.0,9414.0,5.0
2021-07-31,700917,CLEMASTINA SOLUCIÓN INYECTABLE 2MG,1,MEDICAMENTOS,1.0,14148.0,3.0
2021-08-31,700917,CLEMASTINA SOLUCIÓN INYECTABLE 2MG,0,MEDICAMENTOS,1.0,14148.0,3.0
2021-09-30,700917,CLEMASTINA SOLUCIÓN INYECTABLE 2MG,0,MEDICAMENTOS,1.0,14148.0,3.0
2021-10-31,700917,CLEMASTINA SOLUCIÓN INYECTABLE 2MG,0,MEDICAMENTOS,1.0,14148.0,3.0
2021-11-30,700917,CLEMASTINA SOLUCIÓN INYECTABLE 2MG,0,MEDICAMENTOS,1.0,14148.0,3.0
2021-12-31,700917,CLEMASTINA SOLUCIÓN INYECTABLE 2MG,0,MEDICAMENTOS,1.0,14148.0,3.0
2022-01-31,700917,CLEMASTINA SOLUCIÓN INYECTABLE 2MG,2,MEDICAMENTOS,1.0,14148.0,3.0
2022-02-28,700917,CLEMASTINA SOLUCIÓN INYECTABLE 2MG,0,MEDICAMENTOS,1.0,14148.0,3.0
2022-03-31,700917,CLEMASTINA SOLUCIÓN INYECTABLE 2MG,0,MEDICAMENTOS,1.0,14148.0,3.0
2022-04-30,700917,CLEMASTINA SOLUCIÓN INYECTABLE 2MG,0,MEDICAMENTOS,1.0,14148.0,3.0
2022-05-31,700917,CLEMASTINA SOLUCIÓN INYECTABLE 2MG,0,MEDICAMENTOS,1.0,14148.0,3.0
2022-06-30,700917,CLEMASTINA SOLUCIÓN INYECTABLE 2MG,0,MEDICAMENTOS,1.0,14148.0,3.0
2021-07-31,700944,METILPREDNISOLONA SUCCINATO 40MG/ML SOL. INYECTABLE,0,MEDICAMENTOS,1.0,4448.0,12.0
2021-08-31,700944,METILPREDNISOLONA SUCCINATO 40MG/ML SOL. INYECTABLE,0,MEDICAMENTOS,1.0,4448.0,12.0
2021-09-30,700944,METILPREDNISOLONA SUCCINATO 40MG/ML SOL. INYECTABLE,0,MEDICAMENTOS,1.0,4448.0,12.0
2021-10-31,700944,METILPREDNISOLONA SUCCINATO 40MG/ML SOL. INYECTABLE,0,MEDICAMENTOS,1.0,4448.0,12.0
2021-11-30,700944,METILPREDNISOLONA SUCCINATO 40MG/ML SOL. INYECTABLE,0,MEDICAMENTOS,1.0,4448.0,12.0
2021-12-31,700944,METILPREDNISOLONA SUCCINATO 40MG/ML SOL. INYECTABLE,0,MEDICAMENTOS,1.0,4448.0,12.0
2022-01-31,700944,METILPREDNISOLONA SUCCINATO 40MG/ML SOL. INYECTABLE,16,MEDICAMENTOS,1.0,4448.0,12.0
2022-02-28,700944,METILPREDNISOLONA SUCCINATO 40MG/ML SOL. INYECTABLE,6,MEDICAMENTOS,1.0,4448.0,12.0
2022-03-31,700944,METILPREDNISOLONA SUCCINATO 40MG/ML SOL. INYECTABLE,0,MEDICAMENTOS,1.0,4448.0,12.0
2022-04-30,700944,METILPREDNISOLONA SUCCINATO 40MG/ML SOL. INYECTABLE,0,MEDICAMENTOS,1.0,4448.0,12.0
2022-05-31,700944,METILPREDNISOLONA SUCCINATO 40MG/ML SOL. INYECTABLE,0,MEDICAMENTOS,1.0,4448.0,12.0
2022-06-30,700944,METILPREDNISOLONA SUCCINATO 40MG/ML SOL. INYECTABLE,2,MEDICAMENTOS,1.0,4448.0,12.0
2021-07-31,700948,MEDROXIPROGESTERONA ACETATO SUSPENSIÓN INYECTABLE 50MG/ML (150MG/3ML),52,MEDICAMENTOS,1.0,0.0,0.0
2021-08-31,700948,MEDROXIPROGESTERONA ACETATO SUSPENSIÓN INYECTABLE 50MG/ML (150MG/3ML),84,MEDICAMENTOS,1.0,0.0,0.0
2021-09-30,700948,MEDROXIPROGESTERONA ACETATO SUSPENSIÓN INYECTABLE 50MG/ML (150MG/3ML),94,MEDICAMENTOS,1.0,0.0,0.0
2021-10-31,700948,MEDROXIPROGESTERONA ACETATO SUSPENSIÓN INYECTABLE 50MG/ML (150MG/3ML),85,MEDICAMENTOS,1.0,0.0,0.0
2021-11-30,700948,MEDROXIPROGESTERONA ACETATO SUSPENSIÓN INYECTABLE 50MG/ML (150MG/3ML),42,MEDICAMENTOS,1.0,0.0,0.0
2021-12-31,700948,MEDROXIPROGESTERONA ACETATO SUSPENSIÓN INYECTABLE 50MG/ML (150MG/3ML),37,MEDICAMENTOS,1.0,0.0,0.0
2022-01-31,700948,MEDROXIPROGESTERONA ACETATO SUSPENSIÓN INYECTABLE 50MG/ML (150MG/3ML),24,MEDICAMENTOS,1.0,0.0,0.0
2022-02-28,700948,MEDROXIPROGESTERONA ACETATO SUSPENSIÓN INYECTABLE 50MG/ML (150MG/3ML),1,MEDICAMENTOS,1.0,0.0,0.0
2022-03-31,700948,MEDROXIPROGESTERONA ACETATO SUSPENSIÓN INYECTABLE 50MG/ML (150MG/3ML),0,MEDICAMENTOS,1.0,0.0,0.0
2022-04-30,700948,MEDROXIPROGESTERONA ACETATO SUSPENSIÓN INYECTABLE 50MG/ML (150MG/3ML),61,MEDICAMENTOS,1.0,0.0,0.0
2022-05-31,700948,MEDROXIPROGESTERONA ACETATO SUSPENSIÓN INYECTABLE 50MG/ML (150MG/3ML),0,MEDICAMENTOS,1.0,0.0,0.0
2022-06-30,700948,MEDROXIPROGESTERONA ACETATO SUSPENSIÓN INYECTABLE 50MG/ML (150MG/3ML),0,MEDICAMENTOS,1.0,0.0,0.0
2021-07-31,700949,METILPREDNISOLONA ACETATO 40MG/ML SUSPENSION INYECTABLE,0,MEDICAMENTOS,1.0,8904.5,5.0
2021-08-31,700949,METILPREDNISOLONA ACETATO 40MG/ML SUSPENSION INYECTABLE,0,MEDICAMENTOS,1.0,8904.5,5.0
2021-09-30,700949,METILPREDNISOLONA ACETATO 40MG/ML SUSPENSION INYECTABLE,0,MEDICAMENTOS,1.0,8904.5,5.0
2021-10-31,700949,METILPREDNISOLONA ACETATO 40MG/ML SUSPENSION INYECTABLE,1,MEDICAMENTOS,1.0,8904.5,5.0
2021-11-30,700949,METILPREDNISOLONA ACETATO 40MG/ML SUSPENSION INYECTABLE,0,MEDICAMENTOS,1.0,8904.5,5.0
2021-12-31,700949,METILPREDNISOLONA ACETATO 40MG/ML SUSPENSION INYECTABLE,6,MEDICAMENTOS,1.0,8904.5,5.0
2022-01-31,700949,METILPREDNISOLONA ACETATO 40MG/ML SUSPENSION INYECTABLE,0,MEDICAMENTOS,1.0,8904.5,5.0
2022-02-28,700949,METILPREDNISOLONA ACETATO 40MG/ML SUSPENSION INYECTABLE,2,MEDICAMENTOS,1.0,8904.5,5.0
2022-03-31,700949,METILPREDNISOLONA ACETATO 40MG/ML SUSPENSION INYECTABLE,0,MEDICAMENTOS,1.0,8904.5,5.0
2022-04-30,700949,METILPREDNISOLONA ACETATO 40MG/ML SUSPENSION INYECTABLE,0,MEDICAMENTOS,1.0,8904.5,5.0
2022-05-31,700949,METILPREDNISOLONA ACETATO 40MG/ML SUSPENSION INYECTABLE,0,MEDICAMENTOS,1.0,8904.5,5.0
2022-06-30,700949,METILPREDNISOLONA ACETATO 40MG/ML SUSPENSION INYECTABLE,0,MEDICAMENTOS,1.0,8904.5,5.0
2021-07-31,700964,"ENSURE PLUS HN SOLUCIÓN ORAL 1,5KCAL/1ML (355,5KCAL/237ML) ALIMENTO DE USO ESPEC",198,NUTRICION,1.0,6918.0,16.0
2021-08-31,700964,"ENSURE PLUS HN SOLUCIÓN ORAL 1,5KCAL/1ML (355,5KCAL/237ML) ALIMENTO DE USO ESPEC",243,NUTRICION,1.0,6918.0,16.0
2021-09-30,700964,"ENSURE PLUS HN SOLUCIÓN ORAL 1,5KCAL/1ML (355,5KCAL/237ML) ALIMENTO DE USO ESPEC",163,NUTRICION,1.0,6918.0,16.0
2021-10-31,700964,"ENSURE PLUS HN SOLUCIÓN ORAL 1,5KCAL/1ML (355,5KCAL/237ML) ALIMENTO DE USO ESPEC",45,NUTRICION,1.0,6918.0,16.0
2021-11-30,700964,"ENSURE PLUS HN SOLUCIÓN ORAL 1,5KCAL/1ML (355,5KCAL/237ML) ALIMENTO DE USO ESPEC",18,NUTRICION,1.0,6918.0,16.0
2021-12-31,700964,"ENSURE PLUS HN SOLUCIÓN ORAL 1,5KCAL/1ML (355,5KCAL/237ML) ALIMENTO DE USO ESPEC",12,NUTRICION,1.0,6918.0,16.0
2022-01-31,700964,"ENSURE PLUS HN SOLUCIÓN ORAL 1,5KCAL/1ML (355,5KCAL/237ML) ALIMENTO DE USO ESPEC",125,NUTRICION,1.0,6918.0,16.0
2022-02-28,700964,"ENSURE PLUS HN SOLUCIÓN ORAL 1,5KCAL/1ML (355,5KCAL/237ML) ALIMENTO DE USO ESPEC",59,NUTRICION,1.0,6918.0,16.0
2022-03-31,700964,"ENSURE PLUS HN SOLUCIÓN ORAL 1,5KCAL/1ML (355,5KCAL/237ML) ALIMENTO DE USO ESPEC",199,NUTRICION,1.0,6918.0,16.0
2022-04-30,700964,"ENSURE PLUS HN SOLUCIÓN ORAL 1,5KCAL/1ML (355,5KCAL/237ML) ALIMENTO DE USO ESPEC",126,NUTRICION,1.0,6918.0,16.0
2022-05-31,700964,"ENSURE PLUS HN SOLUCIÓN ORAL 1,5KCAL/1ML (355,5KCAL/237ML) ALIMENTO DE USO ESPEC",35,NUTRICION,1.0,6918.0,16.0
2022-06-30,700964,"ENSURE PLUS HN SOLUCIÓN ORAL 1,5KCAL/1ML (355,5KCAL/237ML) ALIMENTO DE USO ESPEC",20,NUTRICION,1.0,6918.0,16.0
2021-07-31,700966,JEVITY SOLUCIÓN ORAL 1KCAL/1ML (1500KCAL/1500ML)) ALIMENTO PARA PROPÓSITOS MÉD,3,NUTRICION,1.0,36939.0,10.0
2021-08-31,700966,JEVITY SOLUCIÓN ORAL 1KCAL/1ML (1500KCAL/1500ML)) ALIMENTO PARA PROPÓSITOS MÉD,21,NUTRICION,1.0,36939.0,10.0
2021-09-30,700966,JEVITY SOLUCIÓN ORAL 1KCAL/1ML (1500KCAL/1500ML)) ALIMENTO PARA PROPÓSITOS MÉD,18,NUTRICION,1.0,36939.0,10.0
2021-10-31,700966,JEVITY SOLUCIÓN ORAL 1KCAL/1ML (1500KCAL/1500ML)) ALIMENTO PARA PROPÓSITOS MÉD,9,NUTRICION,1.0,36939.0,10.0
2021-11-30,700966,JEVITY SOLUCIÓN ORAL 1KCAL/1ML (1500KCAL/1500ML)) ALIMENTO PARA PROPÓSITOS MÉD,33,NUTRICION,1.0,36939.0,10.0
2021-12-31,700966,JEVITY SOLUCIÓN ORAL 1KCAL/1ML (1500KCAL/1500ML)) ALIMENTO PARA PROPÓSITOS MÉD,4,NUTRICION,1.0,36939.0,10.0
2022-01-31,700966,JEVITY SOLUCIÓN ORAL 1KCAL/1ML (1500KCAL/1500ML)) ALIMENTO PARA PROPÓSITOS MÉD,28,NUTRICION,1.0,36939.0,10.0
2022-02-28,700966,JEVITY SOLUCIÓN ORAL 1KCAL/1ML (1500KCAL/1500ML)) ALIMENTO PARA PROPÓSITOS MÉD,25,NUTRICION,1.0,36939.0,10.0
2022-03-31,700966,JEVITY SOLUCIÓN ORAL 1KCAL/1ML (1500KCAL/1500ML)) ALIMENTO PARA PROPÓSITOS MÉD,27,NUTRICION,1.0,36939.0,10.0
2022-04-30,700966,JEVITY SOLUCIÓN ORAL 1KCAL/1ML (1500KCAL/1500ML)) ALIMENTO PARA PROPÓSITOS MÉD,41,NUTRICION,1.0,36939.0,10.0
2022-05-31,700966,JEVITY SOLUCIÓN ORAL 1KCAL/1ML (1500KCAL/1500ML)) ALIMENTO PARA PROPÓSITOS MÉD,27,NUTRICION,1.0,36939.0,10.0
2022-06-30,700966,JEVITY SOLUCIÓN ORAL 1KCAL/1ML (1500KCAL/1500ML)) ALIMENTO PARA PROPÓSITOS MÉD,29,NUTRICION,1.0,36939.0,10.0
2021-07-31,700967,"ENSURE PLUS HN SOLUCIÓN ORAL 1,5KCAL/1ML (1500KCAL/1000ML) ALIMENTO DE USO ESPEC",2,NUTRICION,1.0,24829.0,5.0
2021-08-31,700967,"ENSURE PLUS HN SOLUCIÓN ORAL 1,5KCAL/1ML (1500KCAL/1000ML) ALIMENTO DE USO ESPEC",47,NUTRICION,1.0,24829.0,5.0
2021-09-30,700967,"ENSURE PLUS HN SOLUCIÓN ORAL 1,5KCAL/1ML (1500KCAL/1000ML) ALIMENTO DE USO ESPEC",29,NUTRICION,1.0,24829.0,5.0
2021-10-31,700967,"ENSURE PLUS HN SOLUCIÓN ORAL 1,5KCAL/1ML (1500KCAL/1000ML) ALIMENTO DE USO ESPEC",7,NUTRICION,1.0,24829.0,5.0
2021-11-30,700967,"ENSURE PLUS HN SOLUCIÓN ORAL 1,5KCAL/1ML (1500KCAL/1000ML) ALIMENTO DE USO ESPEC",9,NUTRICION,1.0,24829.0,5.0
2021-12-31,700967,"ENSURE PLUS HN SOLUCIÓN ORAL 1,5KCAL/1ML (1500KCAL/1000ML) ALIMENTO DE USO ESPEC",60,NUTRICION,1.0,24829.0,5.0
2022-01-31,700967,"ENSURE PLUS HN SOLUCIÓN ORAL 1,5KCAL/1ML (1500KCAL/1000ML) ALIMENTO DE USO ESPEC",87,NUTRICION,1.0,24829.0,5.0
2022-02-28,700967,"ENSURE PLUS HN SOLUCIÓN ORAL 1,5KCAL/1ML (1500KCAL/1000ML) ALIMENTO DE USO ESPEC",12,NUTRICION,1.0,24829.0,5.0
2022-03-31,700967,"ENSURE PLUS HN SOLUCIÓN ORAL 1,5KCAL/1ML (1500KCAL/1000ML) ALIMENTO DE USO ESPEC",0,NUTRICION,1.0,24829.0,5.0
2022-04-30,700967,"ENSURE PLUS HN SOLUCIÓN ORAL 1,5KCAL/1ML (1500KCAL/1000ML) ALIMENTO DE USO ESPEC",5,NUTRICION,1.0,24829.0,5.0
2022-05-31,700967,"ENSURE PLUS HN SOLUCIÓN ORAL 1,5KCAL/1ML (1500KCAL/1000ML) ALIMENTO DE USO ESPEC",19,NUTRICION,1.0,24829.0,5.0
2022-06-30,700967,"ENSURE PLUS HN SOLUCIÓN ORAL 1,5KCAL/1ML (1500KCAL/1000ML) ALIMENTO DE USO ESPEC",9,NUTRICION,1.0,24829.0,5.0
2021-07-31,700968,"ENSURE SOLUCIÓN ORAL 1,05KCAL/1ML (248,9KCAL/237ML) ALIMENTO LIQUIDO CON PROTEÍN",107,NUTRICION,1.0,6844.0,29.0
2021-08-31,700968,"ENSURE SOLUCIÓN ORAL 1,05KCAL/1ML (248,9KCAL/237ML) ALIMENTO LIQUIDO CON PROTEÍN",70,NUTRICION,1.0,6844.0,29.0
2021-09-30,700968,"ENSURE SOLUCIÓN ORAL 1,05KCAL/1ML (248,9KCAL/237ML) ALIMENTO LIQUIDO CON PROTEÍN",71,NUTRICION,1.0,6844.0,29.0
2021-10-31,700968,"ENSURE SOLUCIÓN ORAL 1,05KCAL/1ML (248,9KCAL/237ML) ALIMENTO LIQUIDO CON PROTEÍN",138,NUTRICION,1.0,6844.0,29.0
2021-11-30,700968,"ENSURE SOLUCIÓN ORAL 1,05KCAL/1ML (248,9KCAL/237ML) ALIMENTO LIQUIDO CON PROTEÍN",140,NUTRICION,1.0,6844.0,29.0
2021-12-31,700968,"ENSURE SOLUCIÓN ORAL 1,05KCAL/1ML (248,9KCAL/237ML) ALIMENTO LIQUIDO CON PROTEÍN",75,NUTRICION,1.0,6844.0,29.0
2022-01-31,700968,"ENSURE SOLUCIÓN ORAL 1,05KCAL/1ML (248,9KCAL/237ML) ALIMENTO LIQUIDO CON PROTEÍN",38,NUTRICION,1.0,6844.0,29.0
2022-02-28,700968,"ENSURE SOLUCIÓN ORAL 1,05KCAL/1ML (248,9KCAL/237ML) ALIMENTO LIQUIDO CON PROTEÍN",25,NUTRICION,1.0,6844.0,29.0
2022-03-31,700968,"ENSURE SOLUCIÓN ORAL 1,05KCAL/1ML (248,9KCAL/237ML) ALIMENTO LIQUIDO CON PROTEÍN",3,NUTRICION,1.0,6844.0,29.0
2022-04-30,700968,"ENSURE SOLUCIÓN ORAL 1,05KCAL/1ML (248,9KCAL/237ML) ALIMENTO LIQUIDO CON PROTEÍN",187,NUTRICION,1.0,6844.0,29.0
2022-05-31,700968,"ENSURE SOLUCIÓN ORAL 1,05KCAL/1ML (248,9KCAL/237ML) ALIMENTO LIQUIDO CON PROTEÍN",104,NUTRICION,1.0,6844.0,29.0
2022-06-30,700968,"ENSURE SOLUCIÓN ORAL 1,05KCAL/1ML (248,9KCAL/237ML) ALIMENTO LIQUIDO CON PROTEÍN",20,NUTRICION,1.0,6844.0,29.0
2021-07-31,700971,"(OSMOLITE HN PLUS SOLUCIÓN ORAL 1,2KCAL/1ML (1800KCAL/1500ML)) ALIMENTO PARA PR",32,NUTRICION,1.0,41134.0,5.0
2021-08-31,700971,"(OSMOLITE HN PLUS SOLUCIÓN ORAL 1,2KCAL/1ML (1800KCAL/1500ML)) ALIMENTO PARA PR",39,NUTRICION,1.0,41134.0,5.0
2021-09-30,700971,"(OSMOLITE HN PLUS SOLUCIÓN ORAL 1,2KCAL/1ML (1800KCAL/1500ML)) ALIMENTO PARA PR",30,NUTRICION,1.0,41134.0,5.0
2021-10-31,700971,"(OSMOLITE HN PLUS SOLUCIÓN ORAL 1,2KCAL/1ML (1800KCAL/1500ML)) ALIMENTO PARA PR",45,NUTRICION,1.0,41134.0,5.0
2021-11-30,700971,"(OSMOLITE HN PLUS SOLUCIÓN ORAL 1,2KCAL/1ML (1800KCAL/1500ML)) ALIMENTO PARA PR",29,NUTRICION,1.0,41134.0,5.0
2021-12-31,700971,"(OSMOLITE HN PLUS SOLUCIÓN ORAL 1,2KCAL/1ML (1800KCAL/1500ML)) ALIMENTO PARA PR",21,NUTRICION,1.0,41134.0,5.0
2022-01-31,700971,"(OSMOLITE HN PLUS SOLUCIÓN ORAL 1,2KCAL/1ML (1800KCAL/1500ML)) ALIMENTO PARA PR",5,NUTRICION,1.0,41134.0,5.0
2022-02-28,700971,"(OSMOLITE HN PLUS SOLUCIÓN ORAL 1,2KCAL/1ML (1800KCAL/1500ML)) ALIMENTO PARA PR",4,NUTRICION,1.0,41134.0,5.0
2022-03-31,700971,"(OSMOLITE HN PLUS SOLUCIÓN ORAL 1,2KCAL/1ML (1800KCAL/1500ML)) ALIMENTO PARA PR",0,NUTRICION,1.0,41134.0,5.0
2022-04-30,700971,"(OSMOLITE HN PLUS SOLUCIÓN ORAL 1,2KCAL/1ML (1800KCAL/1500ML)) ALIMENTO PARA PR",5,NUTRICION,1.0,41134.0,5.0
2022-05-31,700971,"(OSMOLITE HN PLUS SOLUCIÓN ORAL 1,2KCAL/1ML (1800KCAL/1500ML)) ALIMENTO PARA PR",11,NUTRICION,1.0,41134.0,5.0
2022-06-30,700971,"(OSMOLITE HN PLUS SOLUCIÓN ORAL 1,2KCAL/1ML (1800KCAL/1500ML)) ALIMENTO PARA PR",35,NUTRICION,1.0,41134.0,5.0
2021-07-31,700974,GLUCERNA SOLUCIÓN ORAL 1KCAL/1ML (1500KCAL/1500ML)) ALIMENTO LÍQUIDO PARA PROP,30,NUTRICION,1.0,47523.0,14.0
2021-08-31,700974,GLUCERNA SOLUCIÓN ORAL 1KCAL/1ML (1500KCAL/1500ML)) ALIMENTO LÍQUIDO PARA PROP,24,NUTRICION,1.0,47523.0,14.0
2021-09-30,700974,GLUCERNA SOLUCIÓN ORAL 1KCAL/1ML (1500KCAL/1500ML)) ALIMENTO LÍQUIDO PARA PROP,0,NUTRICION,1.0,47523.0,14.0
2021-10-31,700974,GLUCERNA SOLUCIÓN ORAL 1KCAL/1ML (1500KCAL/1500ML)) ALIMENTO LÍQUIDO PARA PROP,15,NUTRICION,1.0,47523.0,14.0
2021-11-30,700974,GLUCERNA SOLUCIÓN ORAL 1KCAL/1ML (1500KCAL/1500ML)) ALIMENTO LÍQUIDO PARA PROP,89,NUTRICION,1.0,47523.0,14.0
2021-12-31,700974,GLUCERNA SOLUCIÓN ORAL 1KCAL/1ML (1500KCAL/1500ML)) ALIMENTO LÍQUIDO PARA PROP,55,NUTRICION,1.0,47523.0,14.0
2022-01-31,700974,GLUCERNA SOLUCIÓN ORAL 1KCAL/1ML (1500KCAL/1500ML)) ALIMENTO LÍQUIDO PARA PROP,69,NUTRICION,1.0,47523.0,14.0
2022-02-28,700974,GLUCERNA SOLUCIÓN ORAL 1KCAL/1ML (1500KCAL/1500ML)) ALIMENTO LÍQUIDO PARA PROP,63,NUTRICION,1.0,47523.0,14.0
2022-03-31,700974,GLUCERNA SOLUCIÓN ORAL 1KCAL/1ML (1500KCAL/1500ML)) ALIMENTO LÍQUIDO PARA PROP,5,NUTRICION,1.0,47523.0,14.0
2022-04-30,700974,GLUCERNA SOLUCIÓN ORAL 1KCAL/1ML (1500KCAL/1500ML)) ALIMENTO LÍQUIDO PARA PROP,20,NUTRICION,1.0,47523.0,14.0
2022-05-31,700974,GLUCERNA SOLUCIÓN ORAL 1KCAL/1ML (1500KCAL/1500ML)) ALIMENTO LÍQUIDO PARA PROP,26,NUTRICION,1.0,47523.0,14.0
2022-06-30,700974,GLUCERNA SOLUCIÓN ORAL 1KCAL/1ML (1500KCAL/1500ML)) ALIMENTO LÍQUIDO PARA PROP,20,NUTRICION,1.0,47523.0,14.0
2021-07-31,700975,(NUTREN SOLUCIÓN ORAL 1KCAL/1ML (250KCAL/250ML)) ALIMENTO LÍQUIDO PARA USOS NUT,240,NUTRICION,1.0,8071.0,65.0
2021-08-31,700975,(NUTREN SOLUCIÓN ORAL 1KCAL/1ML (250KCAL/250ML)) ALIMENTO LÍQUIDO PARA USOS NUT,409,NUTRICION,1.0,8071.0,65.0
2021-09-30,700975,(NUTREN SOLUCIÓN ORAL 1KCAL/1ML (250KCAL/250ML)) ALIMENTO LÍQUIDO PARA USOS NUT,470,NUTRICION,1.0,8071.0,65.0
2021-10-31,700975,(NUTREN SOLUCIÓN ORAL 1KCAL/1ML (250KCAL/250ML)) ALIMENTO LÍQUIDO PARA USOS NUT,201,NUTRICION,1.0,8071.0,65.0
2021-11-30,700975,(NUTREN SOLUCIÓN ORAL 1KCAL/1ML (250KCAL/250ML)) ALIMENTO LÍQUIDO PARA USOS NUT,305,NUTRICION,1.0,8071.0,65.0
2021-12-31,700975,(NUTREN SOLUCIÓN ORAL 1KCAL/1ML (250KCAL/250ML)) ALIMENTO LÍQUIDO PARA USOS NUT,217,NUTRICION,1.0,8071.0,65.0
2022-01-31,700975,(NUTREN SOLUCIÓN ORAL 1KCAL/1ML (250KCAL/250ML)) ALIMENTO LÍQUIDO PARA USOS NUT,241,NUTRICION,1.0,8071.0,65.0
2022-02-28,700975,(NUTREN SOLUCIÓN ORAL 1KCAL/1ML (250KCAL/250ML)) ALIMENTO LÍQUIDO PARA USOS NUT,118,NUTRICION,1.0,8071.0,65.0
2022-03-31,700975,(NUTREN SOLUCIÓN ORAL 1KCAL/1ML (250KCAL/250ML)) ALIMENTO LÍQUIDO PARA USOS NUT,49,NUTRICION,1.0,8071.0,65.0
2022-04-30,700975,(NUTREN SOLUCIÓN ORAL 1KCAL/1ML (250KCAL/250ML)) ALIMENTO LÍQUIDO PARA USOS NUT,447,NUTRICION,1.0,8071.0,65.0
2022-05-31,700975,(NUTREN SOLUCIÓN ORAL 1KCAL/1ML (250KCAL/250ML)) ALIMENTO LÍQUIDO PARA USOS NUT,101,NUTRICION,1.0,8071.0,65.0
2022-06-30,700975,(NUTREN SOLUCIÓN ORAL 1KCAL/1ML (250KCAL/250ML)) ALIMENTO LÍQUIDO PARA USOS NUT,65,NUTRICION,1.0,8071.0,65.0
2021-07-31,700980,(PEPTAMEN PREBIO SOL. ORAL 1KCAL/1ML (250KCAL/250ML)) ALIMENTO LIQUIDO CON PROTE,0,NUTRICION,1.0,31146.0,49.0
2021-08-31,700980,(PEPTAMEN PREBIO SOL. ORAL 1KCAL/1ML (250KCAL/250ML)) ALIMENTO LIQUIDO CON PROTE,17,NUTRICION,1.0,31146.0,49.0
2021-09-30,700980,(PEPTAMEN PREBIO SOL. ORAL 1KCAL/1ML (250KCAL/250ML)) ALIMENTO LIQUIDO CON PROTE,0,NUTRICION,1.0,31146.0,49.0
2021-10-31,700980,(PEPTAMEN PREBIO SOL. ORAL 1KCAL/1ML (250KCAL/250ML)) ALIMENTO LIQUIDO CON PROTE,0,NUTRICION,1.0,31146.0,49.0
2021-11-30,700980,(PEPTAMEN PREBIO SOL. ORAL 1KCAL/1ML (250KCAL/250ML)) ALIMENTO LIQUIDO CON PROTE,35,NUTRICION,1.0,31146.0,49.0
2021-12-31,700980,(PEPTAMEN PREBIO SOL. ORAL 1KCAL/1ML (250KCAL/250ML)) ALIMENTO LIQUIDO CON PROTE,2,NUTRICION,1.0,31146.0,49.0
2022-01-31,700980,(PEPTAMEN PREBIO SOL. ORAL 1KCAL/1ML (250KCAL/250ML)) ALIMENTO LIQUIDO CON PROTE,38,NUTRICION,1.0,31146.0,49.0
2022-02-28,700980,(PEPTAMEN PREBIO SOL. ORAL 1KCAL/1ML (250KCAL/250ML)) ALIMENTO LIQUIDO CON PROTE,133,NUTRICION,1.0,31146.0,49.0
2022-03-31,700980,(PEPTAMEN PREBIO SOL. ORAL 1KCAL/1ML (250KCAL/250ML)) ALIMENTO LIQUIDO CON PROTE,115,NUTRICION,1.0,31146.0,49.0
2022-04-30,700980,(PEPTAMEN PREBIO SOL. ORAL 1KCAL/1ML (250KCAL/250ML)) ALIMENTO LIQUIDO CON PROTE,0,NUTRICION,1.0,31146.0,49.0
2022-05-31,700980,(PEPTAMEN PREBIO SOL. ORAL 1KCAL/1ML (250KCAL/250ML)) ALIMENTO LIQUIDO CON PROTE,156,NUTRICION,1.0,31146.0,49.0
2022-06-30,700980,(PEPTAMEN PREBIO SOL. ORAL 1KCAL/1ML (250KCAL/250ML)) ALIMENTO LIQUIDO CON PROTE,0,NUTRICION,1.0,31146.0,49.0
2021-07-31,700997,SODIO BICARBONATO POLVO SOL. ORAL x 2.8 GRAMOS,0,MEDICAMENTOS,1.0,1619.0,1.0
2021-08-31,700997,SODIO BICARBONATO POLVO SOL. ORAL x 2.8 GRAMOS,0,MEDICAMENTOS,1.0,1619.0,1.0
2021-09-30,700997,SODIO BICARBONATO POLVO SOL. ORAL x 2.8 GRAMOS,0,MEDICAMENTOS,1.0,1619.0,1.0
2021-10-31,700997,SODIO BICARBONATO POLVO SOL. ORAL x 2.8 GRAMOS,0,MEDICAMENTOS,1.0,1619.0,1.0
2021-11-30,700997,SODIO BICARBONATO POLVO SOL. ORAL x 2.8 GRAMOS,5,MEDICAMENTOS,1.0,1619.0,1.0
2021-12-31,700997,SODIO BICARBONATO POLVO SOL. ORAL x 2.8 GRAMOS,1,MEDICAMENTOS,1.0,1619.0,1.0
2022-01-31,700997,SODIO BICARBONATO POLVO SOL. ORAL x 2.8 GRAMOS,0,MEDICAMENTOS,1.0,1619.0,1.0
2022-02-28,700997,SODIO BICARBONATO POLVO SOL. ORAL x 2.8 GRAMOS,0,MEDICAMENTOS,1.0,1619.0,1.0
2022-03-31,700997,SODIO BICARBONATO POLVO SOL. ORAL x 2.8 GRAMOS,0,MEDICAMENTOS,1.0,1619.0,1.0
2022-04-30,700997,SODIO BICARBONATO POLVO SOL. ORAL x 2.8 GRAMOS,0,MEDICAMENTOS,1.0,1619.0,1.0
2022-05-31,700997,SODIO BICARBONATO POLVO SOL. ORAL x 2.8 GRAMOS,1,MEDICAMENTOS,1.0,1619.0,1.0
2022-06-30,700997,SODIO BICARBONATO POLVO SOL. ORAL x 2.8 GRAMOS,0,MEDICAMENTOS,1.0,1619.0,1.0
2021-07-31,701003,BUDESONIDA 100 MCG/PUFF x 200 PUFF,0,MEDICAMENTOS,1.0,,
2021-08-31,701003,BUDESONIDA 100 MCG/PUFF x 200 PUFF,0,MEDICAMENTOS,1.0,,
2021-09-30,701003,BUDESONIDA 100 MCG/PUFF x 200 PUFF,0,MEDICAMENTOS,1.0,,
2021-10-31,701003,BUDESONIDA 100 MCG/PUFF x 200 PUFF,0,MEDICAMENTOS,1.0,,
2021-11-30,701003,BUDESONIDA 100 MCG/PUFF x 200 PUFF,0,MEDICAMENTOS,1.0,,
2021-12-31,701003,BUDESONIDA 100 MCG/PUFF x 200 PUFF,0,MEDICAMENTOS,1.0,,
2022-01-31,701003,BUDESONIDA 100 MCG/PUFF x 200 PUFF,0,MEDICAMENTOS,1.0,,
2022-02-28,701003,BUDESONIDA 100 MCG/PUFF x 200 PUFF,0,MEDICAMENTOS,1.0,,
2022-03-31,701003,BUDESONIDA 100 MCG/PUFF x 200 PUFF,0,MEDICAMENTOS,1.0,,
2022-04-30,701003,BUDESONIDA 100 MCG/PUFF x 200 PUFF,1,MEDICAMENTOS,1.0,,
2022-05-31,701003,BUDESONIDA 100 MCG/PUFF x 200 PUFF,0,MEDICAMENTOS,1.0,,
2022-06-30,701003,BUDESONIDA 100 MCG/PUFF x 200 PUFF,0,MEDICAMENTOS,1.0,,
2021-07-31,701035,"BETAMETILDIGOXINA TABLETA 0,1MG",1,MEDICAMENTOS,1.0,331.0,19.0
2021-08-31,701035,"BETAMETILDIGOXINA TABLETA 0,1MG",3,MEDICAMENTOS,1.0,331.0,19.0
2021-09-30,701035,"BETAMETILDIGOXINA TABLETA 0,1MG",0,MEDICAMENTOS,1.0,331.0,19.0
2021-10-31,701035,"BETAMETILDIGOXINA TABLETA 0,1MG",0,MEDICAMENTOS,1.0,331.0,19.0
2021-11-30,701035,"BETAMETILDIGOXINA TABLETA 0,1MG",0,MEDICAMENTOS,1.0,331.0,19.0
2021-12-31,701035,"BETAMETILDIGOXINA TABLETA 0,1MG",0,MEDICAMENTOS,1.0,331.0,19.0
2022-01-31,701035,"BETAMETILDIGOXINA TABLETA 0,1MG",20,MEDICAMENTOS,1.0,331.0,19.0
2022-02-28,701035,"BETAMETILDIGOXINA TABLETA 0,1MG",3,MEDICAMENTOS,1.0,331.0,19.0
2022-03-31,701035,"BETAMETILDIGOXINA TABLETA 0,1MG",0,MEDICAMENTOS,1.0,331.0,19.0
2022-04-30,701035,"BETAMETILDIGOXINA TABLETA 0,1MG",4,MEDICAMENTOS,1.0,331.0,19.0
2022-05-31,701035,"BETAMETILDIGOXINA TABLETA 0,1MG",22,MEDICAMENTOS,1.0,331.0,19.0
2022-06-30,701035,"BETAMETILDIGOXINA TABLETA 0,1MG",0,MEDICAMENTOS,1.0,331.0,19.0
2021-07-31,701079,PREDNISONA TABLETA 50MG,69,MEDICAMENTOS,1.0,543.0,162.0
2021-08-31,701079,PREDNISONA TABLETA 50MG,111,MEDICAMENTOS,1.0,543.0,162.0
2021-09-30,701079,PREDNISONA TABLETA 50MG,71,MEDICAMENTOS,1.0,543.0,162.0
2021-10-31,701079,PREDNISONA TABLETA 50MG,115,MEDICAMENTOS,1.0,543.0,162.0
2021-11-30,701079,PREDNISONA TABLETA 50MG,85,MEDICAMENTOS,1.0,543.0,162.0
2021-12-31,701079,PREDNISONA TABLETA 50MG,131,MEDICAMENTOS,1.0,543.0,162.0
2022-01-31,701079,PREDNISONA TABLETA 50MG,88,MEDICAMENTOS,1.0,543.0,162.0
2022-02-28,701079,PREDNISONA TABLETA 50MG,58,MEDICAMENTOS,1.0,543.0,162.0
2022-03-31,701079,PREDNISONA TABLETA 50MG,56,MEDICAMENTOS,1.0,543.0,162.0
2022-04-30,701079,PREDNISONA TABLETA 50MG,179,MEDICAMENTOS,1.0,543.0,162.0
2022-05-31,701079,PREDNISONA TABLETA 50MG,225,MEDICAMENTOS,1.0,543.0,162.0
2022-06-30,701079,PREDNISONA TABLETA 50MG,83,MEDICAMENTOS,1.0,543.0,162.0
2021-07-31,701175,PROPAFENONA TABLETA 150MG,0,MEDICAMENTOS,1.0,207.0,14.0
2021-08-31,701175,PROPAFENONA TABLETA 150MG,0,MEDICAMENTOS,1.0,207.0,14.0
2021-09-30,701175,PROPAFENONA TABLETA 150MG,0,MEDICAMENTOS,1.0,207.0,14.0
2021-10-31,701175,PROPAFENONA TABLETA 150MG,0,MEDICAMENTOS,1.0,207.0,14.0
2021-11-30,701175,PROPAFENONA TABLETA 150MG,0,MEDICAMENTOS,1.0,207.0,14.0
2021-12-31,701175,PROPAFENONA TABLETA 150MG,32,MEDICAMENTOS,1.0,207.0,14.0
2022-01-31,701175,PROPAFENONA TABLETA 150MG,0,MEDICAMENTOS,1.0,207.0,14.0
2022-02-28,701175,PROPAFENONA TABLETA 150MG,0,MEDICAMENTOS,1.0,207.0,14.0
2022-03-31,701175,PROPAFENONA TABLETA 150MG,0,MEDICAMENTOS,1.0,207.0,14.0
2022-04-30,701175,PROPAFENONA TABLETA 150MG,0,MEDICAMENTOS,1.0,207.0,14.0
2022-05-31,701175,PROPAFENONA TABLETA 150MG,0,MEDICAMENTOS,1.0,207.0,14.0
2022-06-30,701175,PROPAFENONA TABLETA 150MG,24,MEDICAMENTOS,1.0,207.0,14.0
2021-07-31,701210,METIMAZOL TABLETA 5MG,43,MEDICAMENTOS,1.0,40.0,33.0
2021-08-31,701210,METIMAZOL TABLETA 5MG,26,MEDICAMENTOS,1.0,40.0,33.0
2021-09-30,701210,METIMAZOL TABLETA 5MG,94,MEDICAMENTOS,1.0,40.0,33.0
2021-10-31,701210,METIMAZOL TABLETA 5MG,452,MEDICAMENTOS,1.0,40.0,33.0
2021-11-30,701210,METIMAZOL TABLETA 5MG,499,MEDICAMENTOS,1.0,40.0,33.0
2021-12-31,701210,METIMAZOL TABLETA 5MG,111,MEDICAMENTOS,1.0,40.0,33.0
2022-01-31,701210,METIMAZOL TABLETA 5MG,110,MEDICAMENTOS,1.0,40.0,33.0
2022-02-28,701210,METIMAZOL TABLETA 5MG,42,MEDICAMENTOS,1.0,40.0,33.0
2022-03-31,701210,METIMAZOL TABLETA 5MG,148,MEDICAMENTOS,1.0,40.0,33.0
2022-04-30,701210,METIMAZOL TABLETA 5MG,107,MEDICAMENTOS,1.0,40.0,33.0
2022-05-31,701210,METIMAZOL TABLETA 5MG,81,MEDICAMENTOS,1.0,40.0,33.0
2022-06-30,701210,METIMAZOL TABLETA 5MG,207,MEDICAMENTOS,1.0,40.0,33.0
2021-07-31,701277,BOLSA NUTRICION ENTERAL 1500 ML,22,DISPOSITIVOS MEDICO,1.0,25797.0,34.0
2021-08-31,701277,BOLSA NUTRICION ENTERAL 1500 ML,47,DISPOSITIVOS MEDICO,1.0,25797.0,34.0
2021-09-30,701277,BOLSA NUTRICION ENTERAL 1500 ML,42,DISPOSITIVOS MEDICO,1.0,25797.0,34.0
2021-10-31,701277,BOLSA NUTRICION ENTERAL 1500 ML,28,DISPOSITIVOS MEDICO,1.0,25797.0,34.0
2021-11-30,701277,BOLSA NUTRICION ENTERAL 1500 ML,69,DISPOSITIVOS MEDICO,1.0,25797.0,34.0
2021-12-31,701277,BOLSA NUTRICION ENTERAL 1500 ML,81,DISPOSITIVOS MEDICO,1.0,25797.0,34.0
2022-01-31,701277,BOLSA NUTRICION ENTERAL 1500 ML,110,DISPOSITIVOS MEDICO,1.0,25797.0,34.0
2022-02-28,701277,BOLSA NUTRICION ENTERAL 1500 ML,116,DISPOSITIVOS MEDICO,1.0,25797.0,34.0
2022-03-31,701277,BOLSA NUTRICION ENTERAL 1500 ML,120,DISPOSITIVOS MEDICO,1.0,25797.0,34.0
2022-04-30,701277,BOLSA NUTRICION ENTERAL 1500 ML,91,DISPOSITIVOS MEDICO,1.0,25797.0,34.0
2022-05-31,701277,BOLSA NUTRICION ENTERAL 1500 ML,124,DISPOSITIVOS MEDICO,1.0,25797.0,34.0
2022-06-30,701277,BOLSA NUTRICION ENTERAL 1500 ML,112,DISPOSITIVOS MEDICO,1.0,25797.0,34.0
2021-07-31,701278,SET ENTERAL TAPA ROSCA Y PUNZON,80,DISPOSITIVOS MEDICO,1.0,20984.0,5.0
2021-08-31,701278,SET ENTERAL TAPA ROSCA Y PUNZON,22,DISPOSITIVOS MEDICO,1.0,20984.0,5.0
2021-09-30,701278,SET ENTERAL TAPA ROSCA Y PUNZON,13,DISPOSITIVOS MEDICO,1.0,20984.0,5.0
2021-10-31,701278,SET ENTERAL TAPA ROSCA Y PUNZON,17,DISPOSITIVOS MEDICO,1.0,20984.0,5.0
2021-11-30,701278,SET ENTERAL TAPA ROSCA Y PUNZON,11,DISPOSITIVOS MEDICO,1.0,20984.0,5.0
2021-12-31,701278,SET ENTERAL TAPA ROSCA Y PUNZON,9,DISPOSITIVOS MEDICO,1.0,20984.0,5.0
2022-01-31,701278,SET ENTERAL TAPA ROSCA Y PUNZON,7,DISPOSITIVOS MEDICO,1.0,20984.0,5.0
2022-02-28,701278,SET ENTERAL TAPA ROSCA Y PUNZON,5,DISPOSITIVOS MEDICO,1.0,20984.0,5.0
2022-03-31,701278,SET ENTERAL TAPA ROSCA Y PUNZON,1,DISPOSITIVOS MEDICO,1.0,20984.0,5.0
2022-04-30,701278,SET ENTERAL TAPA ROSCA Y PUNZON,24,DISPOSITIVOS MEDICO,1.0,20984.0,5.0
2022-05-31,701278,SET ENTERAL TAPA ROSCA Y PUNZON,2,DISPOSITIVOS MEDICO,1.0,20984.0,5.0
2022-06-30,701278,SET ENTERAL TAPA ROSCA Y PUNZON,29,DISPOSITIVOS MEDICO,1.0,20984.0,5.0
2021-07-31,701279,EQUIPO CON PUNZON EN CRUZ AMIKA ,430,DISPOSITIVOS MEDICO,1.0,19078.0,50.0
2021-08-31,701279,EQUIPO CON PUNZON EN CRUZ AMIKA ,450,DISPOSITIVOS MEDICO,1.0,19078.0,50.0
2021-09-30,701279,EQUIPO CON PUNZON EN CRUZ AMIKA ,535,DISPOSITIVOS MEDICO,1.0,19078.0,50.0
2021-10-31,701279,EQUIPO CON PUNZON EN CRUZ AMIKA ,507,DISPOSITIVOS MEDICO,1.0,19078.0,50.0
2021-11-30,701279,EQUIPO CON PUNZON EN CRUZ AMIKA ,415,DISPOSITIVOS MEDICO,1.0,19078.0,50.0
2021-12-31,701279,EQUIPO CON PUNZON EN CRUZ AMIKA ,528,DISPOSITIVOS MEDICO,1.0,19078.0,50.0
2022-01-31,701279,EQUIPO CON PUNZON EN CRUZ AMIKA ,565,DISPOSITIVOS MEDICO,1.0,19078.0,50.0
2022-02-28,701279,EQUIPO CON PUNZON EN CRUZ AMIKA ,487,DISPOSITIVOS MEDICO,1.0,19078.0,50.0
2022-03-31,701279,EQUIPO CON PUNZON EN CRUZ AMIKA ,430,DISPOSITIVOS MEDICO,1.0,19078.0,50.0
2022-04-30,701279,EQUIPO CON PUNZON EN CRUZ AMIKA ,533,DISPOSITIVOS MEDICO,1.0,19078.0,50.0
2022-05-31,701279,EQUIPO CON PUNZON EN CRUZ AMIKA ,450,DISPOSITIVOS MEDICO,1.0,19078.0,50.0
2022-06-30,701279,EQUIPO CON PUNZON EN CRUZ AMIKA ,590,DISPOSITIVOS MEDICO,1.0,19078.0,50.0
2021-07-31,701289,TRANEXAMICO ÁCIDO TABLETA 500MG,4,MEDICAMENTOS,1.0,2079.0,15.0
2021-08-31,701289,TRANEXAMICO ÁCIDO TABLETA 500MG,9,MEDICAMENTOS,1.0,2079.0,15.0
2021-09-30,701289,TRANEXAMICO ÁCIDO TABLETA 500MG,7,MEDICAMENTOS,1.0,2079.0,15.0
2021-10-31,701289,TRANEXAMICO ÁCIDO TABLETA 500MG,10,MEDICAMENTOS,1.0,2079.0,15.0
2021-11-30,701289,TRANEXAMICO ÁCIDO TABLETA 500MG,7,MEDICAMENTOS,1.0,2079.0,15.0
2021-12-31,701289,TRANEXAMICO ÁCIDO TABLETA 500MG,7,MEDICAMENTOS,1.0,2079.0,15.0
2022-01-31,701289,TRANEXAMICO ÁCIDO TABLETA 500MG,0,MEDICAMENTOS,1.0,2079.0,15.0
2022-02-28,701289,TRANEXAMICO ÁCIDO TABLETA 500MG,4,MEDICAMENTOS,1.0,2079.0,15.0
2022-03-31,701289,TRANEXAMICO ÁCIDO TABLETA 500MG,6,MEDICAMENTOS,1.0,2079.0,15.0
2022-04-30,701289,TRANEXAMICO ÁCIDO TABLETA 500MG,2,MEDICAMENTOS,1.0,2079.0,15.0
2022-05-31,701289,TRANEXAMICO ÁCIDO TABLETA 500MG,4,MEDICAMENTOS,1.0,2079.0,15.0
2022-06-30,701289,TRANEXAMICO ÁCIDO TABLETA 500MG,0,MEDICAMENTOS,1.0,2079.0,15.0
2021-07-31,701399,AGUA ESTERIL PARA INYECCION 500ML,236,MEDICAMENTOS,1.0,1731.0,33.0
2021-08-31,701399,AGUA ESTERIL PARA INYECCION 500ML,523,MEDICAMENTOS,1.0,1731.0,33.0
2021-09-30,701399,AGUA ESTERIL PARA INYECCION 500ML,255,MEDICAMENTOS,1.0,1731.0,33.0
2021-10-31,701399,AGUA ESTERIL PARA INYECCION 500ML,288,MEDICAMENTOS,1.0,1731.0,33.0
2021-11-30,701399,AGUA ESTERIL PARA INYECCION 500ML,305,MEDICAMENTOS,1.0,1731.0,33.0
2021-12-31,701399,AGUA ESTERIL PARA INYECCION 500ML,368,MEDICAMENTOS,1.0,1731.0,33.0
2022-01-31,701399,AGUA ESTERIL PARA INYECCION 500ML,490,MEDICAMENTOS,1.0,1731.0,33.0
2022-02-28,701399,AGUA ESTERIL PARA INYECCION 500ML,326,MEDICAMENTOS,1.0,1731.0,33.0
2022-03-31,701399,AGUA ESTERIL PARA INYECCION 500ML,344,MEDICAMENTOS,1.0,1731.0,33.0
2022-04-30,701399,AGUA ESTERIL PARA INYECCION 500ML,402,MEDICAMENTOS,1.0,1731.0,33.0
2022-05-31,701399,AGUA ESTERIL PARA INYECCION 500ML,262,MEDICAMENTOS,1.0,1731.0,33.0
2022-06-30,701399,AGUA ESTERIL PARA INYECCION 500ML,297,MEDICAMENTOS,1.0,1731.0,33.0
2021-07-31,701405,PROLENE 2 0 8423T (CT1)75CM,0,DISPOSITIVOS MEDICO,1.0,,
2021-08-31,701405,PROLENE 2 0 8423T (CT1)75CM,0,DISPOSITIVOS MEDICO,1.0,,
2021-09-30,701405,PROLENE 2 0 8423T (CT1)75CM,0,DISPOSITIVOS MEDICO,1.0,,
2021-10-31,701405,PROLENE 2 0 8423T (CT1)75CM,0,DISPOSITIVOS MEDICO,1.0,,
2021-11-30,701405,PROLENE 2 0 8423T (CT1)75CM,0,DISPOSITIVOS MEDICO,1.0,,
2021-12-31,701405,PROLENE 2 0 8423T (CT1)75CM,0,DISPOSITIVOS MEDICO,1.0,,
2022-01-31,701405,PROLENE 2 0 8423T (CT1)75CM,0,DISPOSITIVOS MEDICO,1.0,,
2022-02-28,701405,PROLENE 2 0 8423T (CT1)75CM,0,DISPOSITIVOS MEDICO,1.0,,
2022-03-31,701405,PROLENE 2 0 8423T (CT1)75CM,1,DISPOSITIVOS MEDICO,1.0,,
2022-04-30,701405,PROLENE 2 0 8423T (CT1)75CM,1,DISPOSITIVOS MEDICO,1.0,,
2022-05-31,701405,PROLENE 2 0 8423T (CT1)75CM,0,DISPOSITIVOS MEDICO,1.0,,
2022-06-30,701405,PROLENE 2 0 8423T (CT1)75CM,0,DISPOSITIVOS MEDICO,1.0,,
2021-07-31,701428,SEDA 2-0 185T (SC26)45CM ,4,DISPOSITIVOS MEDICO,1.0,2850.3333333333335,31.0
2021-08-31,701428,SEDA 2-0 185T (SC26)45CM ,5,DISPOSITIVOS MEDICO,1.0,2850.3333333333335,31.0
2021-09-30,701428,SEDA 2-0 185T (SC26)45CM ,6,DISPOSITIVOS MEDICO,1.0,2850.3333333333335,31.0
2021-10-31,701428,SEDA 2-0 185T (SC26)45CM ,3,DISPOSITIVOS MEDICO,1.0,2850.3333333333335,31.0
2021-11-30,701428,SEDA 2-0 185T (SC26)45CM ,15,DISPOSITIVOS MEDICO,1.0,2850.3333333333335,31.0
2021-12-31,701428,SEDA 2-0 185T (SC26)45CM ,12,DISPOSITIVOS MEDICO,1.0,2850.3333333333335,31.0
2022-01-31,701428,SEDA 2-0 185T (SC26)45CM ,11,DISPOSITIVOS MEDICO,1.0,2850.3333333333335,31.0
2022-02-28,701428,SEDA 2-0 185T (SC26)45CM ,8,DISPOSITIVOS MEDICO,1.0,2850.3333333333335,31.0
2022-03-31,701428,SEDA 2-0 185T (SC26)45CM ,11,DISPOSITIVOS MEDICO,1.0,2850.3333333333335,31.0
2022-04-30,701428,SEDA 2-0 185T (SC26)45CM ,1,DISPOSITIVOS MEDICO,1.0,2850.3333333333335,31.0
2022-05-31,701428,SEDA 2-0 185T (SC26)45CM ,6,DISPOSITIVOS MEDICO,1.0,2850.3333333333335,31.0
2022-06-30,701428,SEDA 2-0 185T (SC26)45CM ,23,DISPOSITIVOS MEDICO,1.0,2850.3333333333335,31.0
2021-07-31,701429,SEDA 2-0 623H (KS)75CM  ,64,DISPOSITIVOS MEDICO,1.0,0.0,0.0
2021-08-31,701429,SEDA 2-0 623H (KS)75CM  ,80,DISPOSITIVOS MEDICO,1.0,0.0,0.0
2021-09-30,701429,SEDA 2-0 623H (KS)75CM  ,85,DISPOSITIVOS MEDICO,1.0,0.0,0.0
2021-10-31,701429,SEDA 2-0 623H (KS)75CM  ,85,DISPOSITIVOS MEDICO,1.0,0.0,0.0
2021-11-30,701429,SEDA 2-0 623H (KS)75CM  ,60,DISPOSITIVOS MEDICO,1.0,0.0,0.0
2021-12-31,701429,SEDA 2-0 623H (KS)75CM  ,2,DISPOSITIVOS MEDICO,1.0,0.0,0.0
2022-01-31,701429,SEDA 2-0 623H (KS)75CM  ,0,DISPOSITIVOS MEDICO,1.0,0.0,0.0
2022-02-28,701429,SEDA 2-0 623H (KS)75CM  ,0,DISPOSITIVOS MEDICO,1.0,0.0,0.0
2022-03-31,701429,SEDA 2-0 623H (KS)75CM  ,0,DISPOSITIVOS MEDICO,1.0,0.0,0.0
2022-04-30,701429,SEDA 2-0 623H (KS)75CM  ,82,DISPOSITIVOS MEDICO,1.0,0.0,0.0
2022-05-31,701429,SEDA 2-0 623H (KS)75CM  ,17,DISPOSITIVOS MEDICO,1.0,0.0,0.0
2022-06-30,701429,SEDA 2-0 623H (KS)75CM  ,61,DISPOSITIVOS MEDICO,1.0,0.0,0.0
2021-07-31,701442,DEXTROSA 50% EN AGUA DESTILADA 500 ML,4,MEDICAMENTOS,1.0,0.0,0.0
2021-08-31,701442,DEXTROSA 50% EN AGUA DESTILADA 500 ML,0,MEDICAMENTOS,1.0,0.0,0.0
2021-09-30,701442,DEXTROSA 50% EN AGUA DESTILADA 500 ML,4,MEDICAMENTOS,1.0,0.0,0.0
2021-10-31,701442,DEXTROSA 50% EN AGUA DESTILADA 500 ML,0,MEDICAMENTOS,1.0,0.0,0.0
2021-11-30,701442,DEXTROSA 50% EN AGUA DESTILADA 500 ML,3,MEDICAMENTOS,1.0,0.0,0.0
2021-12-31,701442,DEXTROSA 50% EN AGUA DESTILADA 500 ML,2,MEDICAMENTOS,1.0,0.0,0.0
2022-01-31,701442,DEXTROSA 50% EN AGUA DESTILADA 500 ML,2,MEDICAMENTOS,1.0,0.0,0.0
2022-02-28,701442,DEXTROSA 50% EN AGUA DESTILADA 500 ML,0,MEDICAMENTOS,1.0,0.0,0.0
2022-03-31,701442,DEXTROSA 50% EN AGUA DESTILADA 500 ML,0,MEDICAMENTOS,1.0,0.0,0.0
2022-04-30,701442,DEXTROSA 50% EN AGUA DESTILADA 500 ML,0,MEDICAMENTOS,1.0,0.0,0.0
2022-05-31,701442,DEXTROSA 50% EN AGUA DESTILADA 500 ML,1,MEDICAMENTOS,1.0,0.0,0.0
2022-06-30,701442,DEXTROSA 50% EN AGUA DESTILADA 500 ML,1,MEDICAMENTOS,1.0,0.0,0.0
2021-07-31,701452,NITROGLICERINA SOLUCIÓN INYECTABLE 50MG/250ML,16,MEDICAMENTOS,1.0,16982.0,22.0
2021-08-31,701452,NITROGLICERINA SOLUCIÓN INYECTABLE 50MG/250ML,25,MEDICAMENTOS,1.0,16982.0,22.0
2021-09-30,701452,NITROGLICERINA SOLUCIÓN INYECTABLE 50MG/250ML,31,MEDICAMENTOS,1.0,16982.0,22.0
2021-10-31,701452,NITROGLICERINA SOLUCIÓN INYECTABLE 50MG/250ML,31,MEDICAMENTOS,1.0,16982.0,22.0
2021-11-30,701452,NITROGLICERINA SOLUCIÓN INYECTABLE 50MG/250ML,49,MEDICAMENTOS,1.0,16982.0,22.0
2021-12-31,701452,NITROGLICERINA SOLUCIÓN INYECTABLE 50MG/250ML,61,MEDICAMENTOS,1.0,16982.0,22.0
2022-01-31,701452,NITROGLICERINA SOLUCIÓN INYECTABLE 50MG/250ML,36,MEDICAMENTOS,1.0,16982.0,22.0
2022-02-28,701452,NITROGLICERINA SOLUCIÓN INYECTABLE 50MG/250ML,27,MEDICAMENTOS,1.0,16982.0,22.0
2022-03-31,701452,NITROGLICERINA SOLUCIÓN INYECTABLE 50MG/250ML,58,MEDICAMENTOS,1.0,16982.0,22.0
2022-04-30,701452,NITROGLICERINA SOLUCIÓN INYECTABLE 50MG/250ML,24,MEDICAMENTOS,1.0,16982.0,22.0
2022-05-31,701452,NITROGLICERINA SOLUCIÓN INYECTABLE 50MG/250ML,25,MEDICAMENTOS,1.0,16982.0,22.0
2022-06-30,701452,NITROGLICERINA SOLUCIÓN INYECTABLE 50MG/250ML,44,MEDICAMENTOS,1.0,16982.0,22.0
2021-07-31,701479,"SODIO CLORURO ENEMA RECTAL 2,5G/1000ML",17,MEDICAMENTOS,1.0,16344.0,12.0
2021-08-31,701479,"SODIO CLORURO ENEMA RECTAL 2,5G/1000ML",15,MEDICAMENTOS,1.0,16344.0,12.0
2021-09-30,701479,"SODIO CLORURO ENEMA RECTAL 2,5G/1000ML",30,MEDICAMENTOS,1.0,16344.0,12.0
2021-10-31,701479,"SODIO CLORURO ENEMA RECTAL 2,5G/1000ML",27,MEDICAMENTOS,1.0,16344.0,12.0
2021-11-30,701479,"SODIO CLORURO ENEMA RECTAL 2,5G/1000ML",21,MEDICAMENTOS,1.0,16344.0,12.0
2021-12-31,701479,"SODIO CLORURO ENEMA RECTAL 2,5G/1000ML",29,MEDICAMENTOS,1.0,16344.0,12.0
2022-01-31,701479,"SODIO CLORURO ENEMA RECTAL 2,5G/1000ML",28,MEDICAMENTOS,1.0,16344.0,12.0
2022-02-28,701479,"SODIO CLORURO ENEMA RECTAL 2,5G/1000ML",22,MEDICAMENTOS,1.0,16344.0,12.0
2022-03-31,701479,"SODIO CLORURO ENEMA RECTAL 2,5G/1000ML",17,MEDICAMENTOS,1.0,16344.0,12.0
2022-04-30,701479,"SODIO CLORURO ENEMA RECTAL 2,5G/1000ML",32,MEDICAMENTOS,1.0,16344.0,12.0
2022-05-31,701479,"SODIO CLORURO ENEMA RECTAL 2,5G/1000ML",30,MEDICAMENTOS,1.0,16344.0,12.0
2022-06-30,701479,"SODIO CLORURO ENEMA RECTAL 2,5G/1000ML",24,MEDICAMENTOS,1.0,16344.0,12.0
2021-07-31,701694,DUODERM CGF 20 X 20 CM/8X8,36,MEDICAMENTOS,1.0,55714.0,5.0
2021-08-31,701694,DUODERM CGF 20 X 20 CM/8X8,16,MEDICAMENTOS,1.0,55714.0,5.0
2021-09-30,701694,DUODERM CGF 20 X 20 CM/8X8,20,MEDICAMENTOS,1.0,55714.0,5.0
2021-10-31,701694,DUODERM CGF 20 X 20 CM/8X8,5,MEDICAMENTOS,1.0,55714.0,5.0
2021-11-30,701694,DUODERM CGF 20 X 20 CM/8X8,4,MEDICAMENTOS,1.0,55714.0,5.0
2021-12-31,701694,DUODERM CGF 20 X 20 CM/8X8,2,MEDICAMENTOS,1.0,55714.0,5.0
2022-01-31,701694,DUODERM CGF 20 X 20 CM/8X8,5,MEDICAMENTOS,1.0,55714.0,5.0
2022-02-28,701694,DUODERM CGF 20 X 20 CM/8X8,13,MEDICAMENTOS,1.0,55714.0,5.0
2022-03-31,701694,DUODERM CGF 20 X 20 CM/8X8,3,MEDICAMENTOS,1.0,55714.0,5.0
2022-04-30,701694,DUODERM CGF 20 X 20 CM/8X8,16,MEDICAMENTOS,1.0,55714.0,5.0
2022-05-31,701694,DUODERM CGF 20 X 20 CM/8X8,8,MEDICAMENTOS,1.0,55714.0,5.0
2022-06-30,701694,DUODERM CGF 20 X 20 CM/8X8,4,MEDICAMENTOS,1.0,55714.0,5.0
2021-07-31,701715,DUODERM ET 10X10/4X4   ,3,DISPOSITIVOS MEDICO,1.0,12085.0,8.0
2021-08-31,701715,DUODERM ET 10X10/4X4   ,5,DISPOSITIVOS MEDICO,1.0,12085.0,8.0
2021-09-30,701715,DUODERM ET 10X10/4X4   ,3,DISPOSITIVOS MEDICO,1.0,12085.0,8.0
2021-10-31,701715,DUODERM ET 10X10/4X4   ,2,DISPOSITIVOS MEDICO,1.0,12085.0,8.0
2021-11-30,701715,DUODERM ET 10X10/4X4   ,0,DISPOSITIVOS MEDICO,1.0,12085.0,8.0
2021-12-31,701715,DUODERM ET 10X10/4X4   ,3,DISPOSITIVOS MEDICO,1.0,12085.0,8.0
2022-01-31,701715,DUODERM ET 10X10/4X4   ,10,DISPOSITIVOS MEDICO,1.0,12085.0,8.0
2022-02-28,701715,DUODERM ET 10X10/4X4   ,1,DISPOSITIVOS MEDICO,1.0,12085.0,8.0
2022-03-31,701715,DUODERM ET 10X10/4X4   ,0,DISPOSITIVOS MEDICO,1.0,12085.0,8.0
2022-04-30,701715,DUODERM ET 10X10/4X4   ,3,DISPOSITIVOS MEDICO,1.0,12085.0,8.0
2022-05-31,701715,DUODERM ET 10X10/4X4   ,6,DISPOSITIVOS MEDICO,1.0,12085.0,8.0
2022-06-30,701715,DUODERM ET 10X10/4X4   ,1,DISPOSITIVOS MEDICO,1.0,12085.0,8.0
2021-07-31,701725,DUODERM GEL TBX30GR,0,MEDICAMENTOS,1.0,38721.0,1.0
2021-08-31,701725,DUODERM GEL TBX30GR,3,MEDICAMENTOS,1.0,38721.0,1.0
2021-09-30,701725,DUODERM GEL TBX30GR,3,MEDICAMENTOS,1.0,38721.0,1.0
2021-10-31,701725,DUODERM GEL TBX30GR,5,MEDICAMENTOS,1.0,38721.0,1.0
2021-11-30,701725,DUODERM GEL TBX30GR,1,MEDICAMENTOS,1.0,38721.0,1.0
2021-12-31,701725,DUODERM GEL TBX30GR,3,MEDICAMENTOS,1.0,38721.0,1.0
2022-01-31,701725,DUODERM GEL TBX30GR,4,MEDICAMENTOS,1.0,38721.0,1.0
2022-02-28,701725,DUODERM GEL TBX30GR,1,MEDICAMENTOS,1.0,38721.0,1.0
2022-03-31,701725,DUODERM GEL TBX30GR,2,MEDICAMENTOS,1.0,38721.0,1.0
2022-04-30,701725,DUODERM GEL TBX30GR,2,MEDICAMENTOS,1.0,38721.0,1.0
2022-05-31,701725,DUODERM GEL TBX30GR,1,MEDICAMENTOS,1.0,38721.0,1.0
2022-06-30,701725,DUODERM GEL TBX30GR,4,MEDICAMENTOS,1.0,38721.0,1.0
2021-07-31,701727,DUODERM PASTA TBX30GR ,0,MEDICAMENTOS,1.0,,
2021-08-31,701727,DUODERM PASTA TBX30GR ,0,MEDICAMENTOS,1.0,,
2021-09-30,701727,DUODERM PASTA TBX30GR ,0,MEDICAMENTOS,1.0,,
2021-10-31,701727,DUODERM PASTA TBX30GR ,0,MEDICAMENTOS,1.0,,
2021-11-30,701727,DUODERM PASTA TBX30GR ,0,MEDICAMENTOS,1.0,,
2021-12-31,701727,DUODERM PASTA TBX30GR ,0,MEDICAMENTOS,1.0,,
2022-01-31,701727,DUODERM PASTA TBX30GR ,0,MEDICAMENTOS,1.0,,
2022-02-28,701727,DUODERM PASTA TBX30GR ,0,MEDICAMENTOS,1.0,,
2022-03-31,701727,DUODERM PASTA TBX30GR ,1,MEDICAMENTOS,1.0,,
2022-04-30,701727,DUODERM PASTA TBX30GR ,0,MEDICAMENTOS,1.0,,
2022-05-31,701727,DUODERM PASTA TBX30GR ,0,MEDICAMENTOS,1.0,,
2022-06-30,701727,DUODERM PASTA TBX30GR ,0,MEDICAMENTOS,1.0,,
2021-07-31,701829,SURGICEL 4X8 REF 1952 (10.2CMX20.3CM) ,0,DISPOSITIVOS MEDICO,1.0,0.0,0.0
2021-08-31,701829,SURGICEL 4X8 REF 1952 (10.2CMX20.3CM) ,0,DISPOSITIVOS MEDICO,1.0,0.0,0.0
2021-09-30,701829,SURGICEL 4X8 REF 1952 (10.2CMX20.3CM) ,0,DISPOSITIVOS MEDICO,1.0,0.0,0.0
2021-10-31,701829,SURGICEL 4X8 REF 1952 (10.2CMX20.3CM) ,0,DISPOSITIVOS MEDICO,1.0,0.0,0.0
2021-11-30,701829,SURGICEL 4X8 REF 1952 (10.2CMX20.3CM) ,0,DISPOSITIVOS MEDICO,1.0,0.0,0.0
2021-12-31,701829,SURGICEL 4X8 REF 1952 (10.2CMX20.3CM) ,2,DISPOSITIVOS MEDICO,1.0,0.0,0.0
2022-01-31,701829,SURGICEL 4X8 REF 1952 (10.2CMX20.3CM) ,0,DISPOSITIVOS MEDICO,1.0,0.0,0.0
2022-02-28,701829,SURGICEL 4X8 REF 1952 (10.2CMX20.3CM) ,0,DISPOSITIVOS MEDICO,1.0,0.0,0.0
2022-03-31,701829,SURGICEL 4X8 REF 1952 (10.2CMX20.3CM) ,0,DISPOSITIVOS MEDICO,1.0,0.0,0.0
2022-04-30,701829,SURGICEL 4X8 REF 1952 (10.2CMX20.3CM) ,0,DISPOSITIVOS MEDICO,1.0,0.0,0.0
2022-05-31,701829,SURGICEL 4X8 REF 1952 (10.2CMX20.3CM) ,0,DISPOSITIVOS MEDICO,1.0,0.0,0.0
2022-06-30,701829,SURGICEL 4X8 REF 1952 (10.2CMX20.3CM) ,0,DISPOSITIVOS MEDICO,1.0,0.0,0.0
2021-07-31,701833,TEGADERM 10CMX12CM REF 1626W ,1,MEDICAMENTOS,1.0,0.0,0.0
2021-08-31,701833,TEGADERM 10CMX12CM REF 1626W ,0,MEDICAMENTOS,1.0,0.0,0.0
2021-09-30,701833,TEGADERM 10CMX12CM REF 1626W ,0,MEDICAMENTOS,1.0,0.0,0.0
2021-10-31,701833,TEGADERM 10CMX12CM REF 1626W ,0,MEDICAMENTOS,1.0,0.0,0.0
2021-11-30,701833,TEGADERM 10CMX12CM REF 1626W ,0,MEDICAMENTOS,1.0,0.0,0.0
2021-12-31,701833,TEGADERM 10CMX12CM REF 1626W ,1,MEDICAMENTOS,1.0,0.0,0.0
2022-01-31,701833,TEGADERM 10CMX12CM REF 1626W ,0,MEDICAMENTOS,1.0,0.0,0.0
2022-02-28,701833,TEGADERM 10CMX12CM REF 1626W ,0,MEDICAMENTOS,1.0,0.0,0.0
2022-03-31,701833,TEGADERM 10CMX12CM REF 1626W ,0,MEDICAMENTOS,1.0,0.0,0.0
2022-04-30,701833,TEGADERM 10CMX12CM REF 1626W ,9,MEDICAMENTOS,1.0,0.0,0.0
2022-05-31,701833,TEGADERM 10CMX12CM REF 1626W ,6,MEDICAMENTOS,1.0,0.0,0.0
2022-06-30,701833,TEGADERM 10CMX12CM REF 1626W ,0,MEDICAMENTOS,1.0,0.0,0.0
2021-07-31,701835,TEGADERM 6CMX7CM REF 1624W X100 ,0,DISPOSITIVOS MEDICO,1.0,0.0,0.0
2021-08-31,701835,TEGADERM 6CMX7CM REF 1624W X100 ,0,DISPOSITIVOS MEDICO,1.0,0.0,0.0
2021-09-30,701835,TEGADERM 6CMX7CM REF 1624W X100 ,0,DISPOSITIVOS MEDICO,1.0,0.0,0.0
2021-10-31,701835,TEGADERM 6CMX7CM REF 1624W X100 ,0,DISPOSITIVOS MEDICO,1.0,0.0,0.0
2021-11-30,701835,TEGADERM 6CMX7CM REF 1624W X100 ,0,DISPOSITIVOS MEDICO,1.0,0.0,0.0
2021-12-31,701835,TEGADERM 6CMX7CM REF 1624W X100 ,1,DISPOSITIVOS MEDICO,1.0,0.0,0.0
2022-01-31,701835,TEGADERM 6CMX7CM REF 1624W X100 ,0,DISPOSITIVOS MEDICO,1.0,0.0,0.0
2022-02-28,701835,TEGADERM 6CMX7CM REF 1624W X100 ,0,DISPOSITIVOS MEDICO,1.0,0.0,0.0
2022-03-31,701835,TEGADERM 6CMX7CM REF 1624W X100 ,0,DISPOSITIVOS MEDICO,1.0,0.0,0.0
2022-04-30,701835,TEGADERM 6CMX7CM REF 1624W X100 ,1,DISPOSITIVOS MEDICO,1.0,0.0,0.0
2022-05-31,701835,TEGADERM 6CMX7CM REF 1624W X100 ,20,DISPOSITIVOS MEDICO,1.0,0.0,0.0
2022-06-30,701835,TEGADERM 6CMX7CM REF 1624W X100 ,1,DISPOSITIVOS MEDICO,1.0,0.0,0.0
2021-07-31,701841,ALGODON LAMINADO 4X5,0,DISPOSITIVOS MEDICO,1.0,482.0,1.0
2021-08-31,701841,ALGODON LAMINADO 4X5,0,DISPOSITIVOS MEDICO,1.0,482.0,1.0
2021-09-30,701841,ALGODON LAMINADO 4X5,1,DISPOSITIVOS MEDICO,1.0,482.0,1.0
2021-10-31,701841,ALGODON LAMINADO 4X5,0,DISPOSITIVOS MEDICO,1.0,482.0,1.0
2021-11-30,701841,ALGODON LAMINADO 4X5,1,DISPOSITIVOS MEDICO,1.0,482.0,1.0
2021-12-31,701841,ALGODON LAMINADO 4X5,1,DISPOSITIVOS MEDICO,1.0,482.0,1.0
2022-01-31,701841,ALGODON LAMINADO 4X5,0,DISPOSITIVOS MEDICO,1.0,482.0,1.0
2022-02-28,701841,ALGODON LAMINADO 4X5,0,DISPOSITIVOS MEDICO,1.0,482.0,1.0
2022-03-31,701841,ALGODON LAMINADO 4X5,2,DISPOSITIVOS MEDICO,1.0,482.0,1.0
2022-04-30,701841,ALGODON LAMINADO 4X5,5,DISPOSITIVOS MEDICO,1.0,482.0,1.0
2022-05-31,701841,ALGODON LAMINADO 4X5,0,DISPOSITIVOS MEDICO,1.0,482.0,1.0
2022-06-30,701841,ALGODON LAMINADO 4X5,0,DISPOSITIVOS MEDICO,1.0,482.0,1.0
2021-07-31,701842,ALGODON LAMINADO 5X5,0,DISPOSITIVOS MEDICO,1.0,1010.0,12.0
2021-08-31,701842,ALGODON LAMINADO 5X5,0,DISPOSITIVOS MEDICO,1.0,1010.0,12.0
2021-09-30,701842,ALGODON LAMINADO 5X5,0,DISPOSITIVOS MEDICO,1.0,1010.0,12.0
2021-10-31,701842,ALGODON LAMINADO 5X5,0,DISPOSITIVOS MEDICO,1.0,1010.0,12.0
2021-11-30,701842,ALGODON LAMINADO 5X5,1,DISPOSITIVOS MEDICO,1.0,1010.0,12.0
2021-12-31,701842,ALGODON LAMINADO 5X5,0,DISPOSITIVOS MEDICO,1.0,1010.0,12.0
2022-01-31,701842,ALGODON LAMINADO 5X5,1,DISPOSITIVOS MEDICO,1.0,1010.0,12.0
2022-02-28,701842,ALGODON LAMINADO 5X5,2,DISPOSITIVOS MEDICO,1.0,1010.0,12.0
2022-03-31,701842,ALGODON LAMINADO 5X5,0,DISPOSITIVOS MEDICO,1.0,1010.0,12.0
2022-04-30,701842,ALGODON LAMINADO 5X5,0,DISPOSITIVOS MEDICO,1.0,1010.0,12.0
2022-05-31,701842,ALGODON LAMINADO 5X5,2,DISPOSITIVOS MEDICO,1.0,1010.0,12.0
2022-06-30,701842,ALGODON LAMINADO 5X5,0,DISPOSITIVOS MEDICO,1.0,1010.0,12.0
2021-07-31,701843,ALGODON LAMINADO 6X5,11,DISPOSITIVOS MEDICO,1.0,892.0,4.0
2021-08-31,701843,ALGODON LAMINADO 6X5,8,DISPOSITIVOS MEDICO,1.0,892.0,4.0
2021-09-30,701843,ALGODON LAMINADO 6X5,8,DISPOSITIVOS MEDICO,1.0,892.0,4.0
2021-10-31,701843,ALGODON LAMINADO 6X5,15,DISPOSITIVOS MEDICO,1.0,892.0,4.0
2021-11-30,701843,ALGODON LAMINADO 6X5,8,DISPOSITIVOS MEDICO,1.0,892.0,4.0
2021-12-31,701843,ALGODON LAMINADO 6X5,19,DISPOSITIVOS MEDICO,1.0,892.0,4.0
2022-01-31,701843,ALGODON LAMINADO 6X5,24,DISPOSITIVOS MEDICO,1.0,892.0,4.0
2022-02-28,701843,ALGODON LAMINADO 6X5,19,DISPOSITIVOS MEDICO,1.0,892.0,4.0
2022-03-31,701843,ALGODON LAMINADO 6X5,10,DISPOSITIVOS MEDICO,1.0,892.0,4.0
2022-04-30,701843,ALGODON LAMINADO 6X5,8,DISPOSITIVOS MEDICO,1.0,892.0,4.0
2022-05-31,701843,ALGODON LAMINADO 6X5,2,DISPOSITIVOS MEDICO,1.0,892.0,4.0
2022-06-30,701843,ALGODON LAMINADO 6X5,13,DISPOSITIVOS MEDICO,1.0,892.0,4.0
2021-07-31,701847,BACTIGRAS 10X10 ,20,DISPOSITIVOS MEDICO,1.0,5945.0,8.0
2021-08-31,701847,BACTIGRAS 10X10 ,12,DISPOSITIVOS MEDICO,1.0,5945.0,8.0
2021-09-30,701847,BACTIGRAS 10X10 ,21,DISPOSITIVOS MEDICO,1.0,5945.0,8.0
2021-10-31,701847,BACTIGRAS 10X10 ,28,DISPOSITIVOS MEDICO,1.0,5945.0,8.0
2021-11-30,701847,BACTIGRAS 10X10 ,15,DISPOSITIVOS MEDICO,1.0,5945.0,8.0
2021-12-31,701847,BACTIGRAS 10X10 ,14,DISPOSITIVOS MEDICO,1.0,5945.0,8.0
2022-01-31,701847,BACTIGRAS 10X10 ,16,DISPOSITIVOS MEDICO,1.0,5945.0,8.0
2022-02-28,701847,BACTIGRAS 10X10 ,53,DISPOSITIVOS MEDICO,1.0,5945.0,8.0
2022-03-31,701847,BACTIGRAS 10X10 ,25,DISPOSITIVOS MEDICO,1.0,5945.0,8.0
2022-04-30,701847,BACTIGRAS 10X10 ,11,DISPOSITIVOS MEDICO,1.0,5945.0,8.0
2022-05-31,701847,BACTIGRAS 10X10 ,12,DISPOSITIVOS MEDICO,1.0,5945.0,8.0
2022-06-30,701847,BACTIGRAS 10X10 ,11,DISPOSITIVOS MEDICO,1.0,5945.0,8.0
2021-07-31,701848,BACTIGRAS 15X20 ,91,DISPOSITIVOS MEDICO,1.0,9824.0,9.0
2021-08-31,701848,BACTIGRAS 15X20 ,90,DISPOSITIVOS MEDICO,1.0,9824.0,9.0
2021-09-30,701848,BACTIGRAS 15X20 ,54,DISPOSITIVOS MEDICO,1.0,9824.0,9.0
2021-10-31,701848,BACTIGRAS 15X20 ,76,DISPOSITIVOS MEDICO,1.0,9824.0,9.0
2021-11-30,701848,BACTIGRAS 15X20 ,96,DISPOSITIVOS MEDICO,1.0,9824.0,9.0
2021-12-31,701848,BACTIGRAS 15X20 ,98,DISPOSITIVOS MEDICO,1.0,9824.0,9.0
2022-01-31,701848,BACTIGRAS 15X20 ,77,DISPOSITIVOS MEDICO,1.0,9824.0,9.0
2022-02-28,701848,BACTIGRAS 15X20 ,61,DISPOSITIVOS MEDICO,1.0,9824.0,9.0
2022-03-31,701848,BACTIGRAS 15X20 ,51,DISPOSITIVOS MEDICO,1.0,9824.0,9.0
2022-04-30,701848,BACTIGRAS 15X20 ,56,DISPOSITIVOS MEDICO,1.0,9824.0,9.0
2022-05-31,701848,BACTIGRAS 15X20 ,79,DISPOSITIVOS MEDICO,1.0,9824.0,9.0
2022-06-30,701848,BACTIGRAS 15X20 ,55,DISPOSITIVOS MEDICO,1.0,9824.0,9.0
2021-07-31,701849,BACTIGRAS 5X5 ,3,DISPOSITIVOS MEDICO,1.0,0.0,0.0
2021-08-31,701849,BACTIGRAS 5X5 ,1,DISPOSITIVOS MEDICO,1.0,0.0,0.0
2021-09-30,701849,BACTIGRAS 5X5 ,3,DISPOSITIVOS MEDICO,1.0,0.0,0.0
2021-10-31,701849,BACTIGRAS 5X5 ,1,DISPOSITIVOS MEDICO,1.0,0.0,0.0
2021-11-30,701849,BACTIGRAS 5X5 ,1,DISPOSITIVOS MEDICO,1.0,0.0,0.0
2021-12-31,701849,BACTIGRAS 5X5 ,2,DISPOSITIVOS MEDICO,1.0,0.0,0.0
2022-01-31,701849,BACTIGRAS 5X5 ,1,DISPOSITIVOS MEDICO,1.0,0.0,0.0
2022-02-28,701849,BACTIGRAS 5X5 ,4,DISPOSITIVOS MEDICO,1.0,0.0,0.0
2022-03-31,701849,BACTIGRAS 5X5 ,0,DISPOSITIVOS MEDICO,1.0,0.0,0.0
2022-04-30,701849,BACTIGRAS 5X5 ,13,DISPOSITIVOS MEDICO,1.0,0.0,0.0
2022-05-31,701849,BACTIGRAS 5X5 ,0,DISPOSITIVOS MEDICO,1.0,0.0,0.0
2022-06-30,701849,BACTIGRAS 5X5 ,0,DISPOSITIVOS MEDICO,1.0,0.0,0.0
2021-07-31,701853,VENDA SEMIELASTICA 3X4.1,2,DISPOSITIVOS MEDICO,1.0,0.0,0.0
2021-08-31,701853,VENDA SEMIELASTICA 3X4.1,3,DISPOSITIVOS MEDICO,1.0,0.0,0.0
2021-09-30,701853,VENDA SEMIELASTICA 3X4.1,0,DISPOSITIVOS MEDICO,1.0,0.0,0.0
2021-10-31,701853,VENDA SEMIELASTICA 3X4.1,0,DISPOSITIVOS MEDICO,1.0,0.0,0.0
2021-11-30,701853,VENDA SEMIELASTICA 3X4.1,0,DISPOSITIVOS MEDICO,1.0,0.0,0.0
2021-12-31,701853,VENDA SEMIELASTICA 3X4.1,0,DISPOSITIVOS MEDICO,1.0,0.0,0.0
2022-01-31,701853,VENDA SEMIELASTICA 3X4.1,0,DISPOSITIVOS MEDICO,1.0,0.0,0.0
2022-02-28,701853,VENDA SEMIELASTICA 3X4.1,0,DISPOSITIVOS MEDICO,1.0,0.0,0.0
2022-03-31,701853,VENDA SEMIELASTICA 3X4.1,0,DISPOSITIVOS MEDICO,1.0,0.0,0.0
2022-04-30,701853,VENDA SEMIELASTICA 3X4.1,0,DISPOSITIVOS MEDICO,1.0,0.0,0.0
2022-05-31,701853,VENDA SEMIELASTICA 3X4.1,0,DISPOSITIVOS MEDICO,1.0,0.0,0.0
2022-06-30,701853,VENDA SEMIELASTICA 3X4.1,28,DISPOSITIVOS MEDICO,1.0,0.0,0.0
2021-07-31,701854,VENDA SEMIELASTICA 4X4.1    ,3,DISPOSITIVOS MEDICO,1.0,0.0,0.0
2021-08-31,701854,VENDA SEMIELASTICA 4X4.1    ,4,DISPOSITIVOS MEDICO,1.0,0.0,0.0
2021-09-30,701854,VENDA SEMIELASTICA 4X4.1    ,11,DISPOSITIVOS MEDICO,1.0,0.0,0.0
2021-10-31,701854,VENDA SEMIELASTICA 4X4.1    ,10,DISPOSITIVOS MEDICO,1.0,0.0,0.0
2021-11-30,701854,VENDA SEMIELASTICA 4X4.1    ,3,DISPOSITIVOS MEDICO,1.0,0.0,0.0
2021-12-31,701854,VENDA SEMIELASTICA 4X4.1    ,1,DISPOSITIVOS MEDICO,1.0,0.0,0.0
2022-01-31,701854,VENDA SEMIELASTICA 4X4.1    ,0,DISPOSITIVOS MEDICO,1.0,0.0,0.0
2022-02-28,701854,VENDA SEMIELASTICA 4X4.1    ,9,DISPOSITIVOS MEDICO,1.0,0.0,0.0
2022-03-31,701854,VENDA SEMIELASTICA 4X4.1    ,8,DISPOSITIVOS MEDICO,1.0,0.0,0.0
2022-04-30,701854,VENDA SEMIELASTICA 4X4.1    ,0,DISPOSITIVOS MEDICO,1.0,0.0,0.0
2022-05-31,701854,VENDA SEMIELASTICA 4X4.1    ,21,DISPOSITIVOS MEDICO,1.0,0.0,0.0
2022-06-30,701854,VENDA SEMIELASTICA 4X4.1    ,15,DISPOSITIVOS MEDICO,1.0,0.0,0.0
2021-07-31,701855,VENDA SEMIELASTICA 6X4.1  ,130,DISPOSITIVOS MEDICO,1.0,0.0,0.0
2021-08-31,701855,VENDA SEMIELASTICA 6X4.1  ,110,DISPOSITIVOS MEDICO,1.0,0.0,0.0
2021-09-30,701855,VENDA SEMIELASTICA 6X4.1  ,81,DISPOSITIVOS MEDICO,1.0,0.0,0.0
2021-10-31,701855,VENDA SEMIELASTICA 6X4.1  ,105,DISPOSITIVOS MEDICO,1.0,0.0,0.0
2021-11-30,701855,VENDA SEMIELASTICA 6X4.1  ,103,DISPOSITIVOS MEDICO,1.0,0.0,0.0
2021-12-31,701855,VENDA SEMIELASTICA 6X4.1  ,127,DISPOSITIVOS MEDICO,1.0,0.0,0.0
2022-01-31,701855,VENDA SEMIELASTICA 6X4.1  ,102,DISPOSITIVOS MEDICO,1.0,0.0,0.0
2022-02-28,701855,VENDA SEMIELASTICA 6X4.1  ,165,DISPOSITIVOS MEDICO,1.0,0.0,0.0
2022-03-31,701855,VENDA SEMIELASTICA 6X4.1  ,92,DISPOSITIVOS MEDICO,1.0,0.0,0.0
2022-04-30,701855,VENDA SEMIELASTICA 6X4.1  ,63,DISPOSITIVOS MEDICO,1.0,0.0,0.0
2022-05-31,701855,VENDA SEMIELASTICA 6X4.1  ,54,DISPOSITIVOS MEDICO,1.0,0.0,0.0
2022-06-30,701855,VENDA SEMIELASTICA 6X4.1  ,0,DISPOSITIVOS MEDICO,1.0,0.0,0.0
2021-07-31,701863,VENDA ELASTICA 4X5  ,2,DISPOSITIVOS MEDICO,1.0,2290.0,19.0
2021-08-31,701863,VENDA ELASTICA 4X5  ,6,DISPOSITIVOS MEDICO,1.0,2290.0,19.0
2021-09-30,701863,VENDA ELASTICA 4X5  ,5,DISPOSITIVOS MEDICO,1.0,2290.0,19.0
2021-10-31,701863,VENDA ELASTICA 4X5  ,4,DISPOSITIVOS MEDICO,1.0,2290.0,19.0
2021-11-30,701863,VENDA ELASTICA 4X5  ,2,DISPOSITIVOS MEDICO,1.0,2290.0,19.0
2021-12-31,701863,VENDA ELASTICA 4X5  ,1,DISPOSITIVOS MEDICO,1.0,2290.0,19.0
2022-01-31,701863,VENDA ELASTICA 4X5  ,0,DISPOSITIVOS MEDICO,1.0,2290.0,19.0
2022-02-28,701863,VENDA ELASTICA 4X5  ,0,DISPOSITIVOS MEDICO,1.0,2290.0,19.0
2022-03-31,701863,VENDA ELASTICA 4X5  ,2,DISPOSITIVOS MEDICO,1.0,2290.0,19.0
2022-04-30,701863,VENDA ELASTICA 4X5  ,5,DISPOSITIVOS MEDICO,1.0,2290.0,19.0
2022-05-31,701863,VENDA ELASTICA 4X5  ,0,DISPOSITIVOS MEDICO,1.0,2290.0,19.0
2022-06-30,701863,VENDA ELASTICA 4X5  ,3,DISPOSITIVOS MEDICO,1.0,2290.0,19.0
2021-07-31,701864,VENDA ELASTICA 5X5 ,2,DISPOSITIVOS MEDICO,1.0,1470.0,20.0
2021-08-31,701864,VENDA ELASTICA 5X5 ,9,DISPOSITIVOS MEDICO,1.0,1470.0,20.0
2021-09-30,701864,VENDA ELASTICA 5X5 ,7,DISPOSITIVOS MEDICO,1.0,1470.0,20.0
2021-10-31,701864,VENDA ELASTICA 5X5 ,29,DISPOSITIVOS MEDICO,1.0,1470.0,20.0
2021-11-30,701864,VENDA ELASTICA 5X5 ,26,DISPOSITIVOS MEDICO,1.0,1470.0,20.0
2021-12-31,701864,VENDA ELASTICA 5X5 ,10,DISPOSITIVOS MEDICO,1.0,1470.0,20.0
2022-01-31,701864,VENDA ELASTICA 5X5 ,1,DISPOSITIVOS MEDICO,1.0,1470.0,20.0
2022-02-28,701864,VENDA ELASTICA 5X5 ,8,DISPOSITIVOS MEDICO,1.0,1470.0,20.0
2022-03-31,701864,VENDA ELASTICA 5X5 ,5,DISPOSITIVOS MEDICO,1.0,1470.0,20.0
2022-04-30,701864,VENDA ELASTICA 5X5 ,15,DISPOSITIVOS MEDICO,1.0,1470.0,20.0
2022-05-31,701864,VENDA ELASTICA 5X5 ,3,DISPOSITIVOS MEDICO,1.0,1470.0,20.0
2022-06-30,701864,VENDA ELASTICA 5X5 ,4,DISPOSITIVOS MEDICO,1.0,1470.0,20.0
2021-07-31,701865,VENDA ELASTICA 6X5,73,DISPOSITIVOS MEDICO,1.0,2845.0,19.0
2021-08-31,701865,VENDA ELASTICA 6X5,106,DISPOSITIVOS MEDICO,1.0,2845.0,19.0
2021-09-30,701865,VENDA ELASTICA 6X5,80,DISPOSITIVOS MEDICO,1.0,2845.0,19.0
2021-10-31,701865,VENDA ELASTICA 6X5,83,DISPOSITIVOS MEDICO,1.0,2845.0,19.0
2021-11-30,701865,VENDA ELASTICA 6X5,105,DISPOSITIVOS MEDICO,1.0,2845.0,19.0
2021-12-31,701865,VENDA ELASTICA 6X5,89,DISPOSITIVOS MEDICO,1.0,2845.0,19.0
2022-01-31,701865,VENDA ELASTICA 6X5,124,DISPOSITIVOS MEDICO,1.0,2845.0,19.0
2022-02-28,701865,VENDA ELASTICA 6X5,105,DISPOSITIVOS MEDICO,1.0,2845.0,19.0
2022-03-31,701865,VENDA ELASTICA 6X5,86,DISPOSITIVOS MEDICO,1.0,2845.0,19.0
2022-04-30,701865,VENDA ELASTICA 6X5,68,DISPOSITIVOS MEDICO,1.0,2845.0,19.0
2022-05-31,701865,VENDA ELASTICA 6X5,58,DISPOSITIVOS MEDICO,1.0,2845.0,19.0
2022-06-30,701865,VENDA ELASTICA 6X5,49,DISPOSITIVOS MEDICO,1.0,2845.0,19.0
2021-07-31,701866,VENDA ELASTICA 3X5 ,0,DISPOSITIVOS MEDICO,1.0,0.0,0.0
2021-08-31,701866,VENDA ELASTICA 3X5 ,0,DISPOSITIVOS MEDICO,1.0,0.0,0.0
2021-09-30,701866,VENDA ELASTICA 3X5 ,1,DISPOSITIVOS MEDICO,1.0,0.0,0.0
2021-10-31,701866,VENDA ELASTICA 3X5 ,3,DISPOSITIVOS MEDICO,1.0,0.0,0.0
2021-11-30,701866,VENDA ELASTICA 3X5 ,0,DISPOSITIVOS MEDICO,1.0,0.0,0.0
2021-12-31,701866,VENDA ELASTICA 3X5 ,0,DISPOSITIVOS MEDICO,1.0,0.0,0.0
2022-01-31,701866,VENDA ELASTICA 3X5 ,0,DISPOSITIVOS MEDICO,1.0,0.0,0.0
2022-02-28,701866,VENDA ELASTICA 3X5 ,0,DISPOSITIVOS MEDICO,1.0,0.0,0.0
2022-03-31,701866,VENDA ELASTICA 3X5 ,0,DISPOSITIVOS MEDICO,1.0,0.0,0.0
2022-04-30,701866,VENDA ELASTICA 3X5 ,0,DISPOSITIVOS MEDICO,1.0,0.0,0.0
2022-05-31,701866,VENDA ELASTICA 3X5 ,0,DISPOSITIVOS MEDICO,1.0,0.0,0.0
2022-06-30,701866,VENDA ELASTICA 3X5 ,0,DISPOSITIVOS MEDICO,1.0,0.0,0.0
2021-07-31,701930,PRESTOBARBA    ,36,DISPOSITIVOS MEDICO,1.0,2941.0,29.0
2021-08-31,701930,PRESTOBARBA    ,52,DISPOSITIVOS MEDICO,1.0,2941.0,29.0
2021-09-30,701930,PRESTOBARBA    ,45,DISPOSITIVOS MEDICO,1.0,2941.0,29.0
2021-10-31,701930,PRESTOBARBA    ,66,DISPOSITIVOS MEDICO,1.0,2941.0,29.0
2021-11-30,701930,PRESTOBARBA    ,65,DISPOSITIVOS MEDICO,1.0,2941.0,29.0
2021-12-31,701930,PRESTOBARBA    ,64,DISPOSITIVOS MEDICO,1.0,2941.0,29.0
2022-01-31,701930,PRESTOBARBA    ,53,DISPOSITIVOS MEDICO,1.0,2941.0,29.0
2022-02-28,701930,PRESTOBARBA    ,45,DISPOSITIVOS MEDICO,1.0,2941.0,29.0
2022-03-31,701930,PRESTOBARBA    ,46,DISPOSITIVOS MEDICO,1.0,2941.0,29.0
2022-04-30,701930,PRESTOBARBA    ,41,DISPOSITIVOS MEDICO,1.0,2941.0,29.0
2022-05-31,701930,PRESTOBARBA    ,46,DISPOSITIVOS MEDICO,1.0,2941.0,29.0
2022-06-30,701930,PRESTOBARBA    ,55,DISPOSITIVOS MEDICO,1.0,2941.0,29.0
2021-07-31,701942,BATA T/XL (BATA PACIENTE),59,DISPOSITIVOS MEDICO,1.0,0.0,0.0
2021-08-31,701942,BATA T/XL (BATA PACIENTE),121,DISPOSITIVOS MEDICO,1.0,0.0,0.0
2021-09-30,701942,BATA T/XL (BATA PACIENTE),130,DISPOSITIVOS MEDICO,1.0,0.0,0.0
2021-10-31,701942,BATA T/XL (BATA PACIENTE),87,DISPOSITIVOS MEDICO,1.0,0.0,0.0
2021-11-30,701942,BATA T/XL (BATA PACIENTE),85,DISPOSITIVOS MEDICO,1.0,0.0,0.0
2021-12-31,701942,BATA T/XL (BATA PACIENTE),97,DISPOSITIVOS MEDICO,1.0,0.0,0.0
2022-01-31,701942,BATA T/XL (BATA PACIENTE),84,DISPOSITIVOS MEDICO,1.0,0.0,0.0
2022-02-28,701942,BATA T/XL (BATA PACIENTE),73,DISPOSITIVOS MEDICO,1.0,0.0,0.0
2022-03-31,701942,BATA T/XL (BATA PACIENTE),76,DISPOSITIVOS MEDICO,1.0,0.0,0.0
2022-04-30,701942,BATA T/XL (BATA PACIENTE),82,DISPOSITIVOS MEDICO,1.0,0.0,0.0
2022-05-31,701942,BATA T/XL (BATA PACIENTE),0,DISPOSITIVOS MEDICO,1.0,0.0,0.0
2022-06-30,701942,BATA T/XL (BATA PACIENTE),0,DISPOSITIVOS MEDICO,1.0,0.0,0.0
2021-07-31,701943,BATON QUIRURGICO,204,DISPOSITIVOS MEDICO,1.0,1276.5,16.0
2021-08-31,701943,BATON QUIRURGICO,138,DISPOSITIVOS MEDICO,1.0,1276.5,16.0
2021-09-30,701943,BATON QUIRURGICO,121,DISPOSITIVOS MEDICO,1.0,1276.5,16.0
2021-10-31,701943,BATON QUIRURGICO,118,DISPOSITIVOS MEDICO,1.0,1276.5,16.0
2021-11-30,701943,BATON QUIRURGICO,143,DISPOSITIVOS MEDICO,1.0,1276.5,16.0
2021-12-31,701943,BATON QUIRURGICO,170,DISPOSITIVOS MEDICO,1.0,1276.5,16.0
2022-01-31,701943,BATON QUIRURGICO,166,DISPOSITIVOS MEDICO,1.0,1276.5,16.0
2022-02-28,701943,BATON QUIRURGICO,214,DISPOSITIVOS MEDICO,1.0,1276.5,16.0
2022-03-31,701943,BATON QUIRURGICO,363,DISPOSITIVOS MEDICO,1.0,1276.5,16.0
2022-04-30,701943,BATON QUIRURGICO,186,DISPOSITIVOS MEDICO,1.0,1276.5,16.0
2022-05-31,701943,BATON QUIRURGICO,0,DISPOSITIVOS MEDICO,1.0,1276.5,16.0
2022-06-30,701943,BATON QUIRURGICO,0,DISPOSITIVOS MEDICO,1.0,1276.5,16.0
2021-07-31,701954,BARRERA STOMAHESIVE 45 50MM,3,DISPOSITIVOS MEDICO,1.0,13979.0,3.0
2021-08-31,701954,BARRERA STOMAHESIVE 45 50MM,2,DISPOSITIVOS MEDICO,1.0,13979.0,3.0
2021-09-30,701954,BARRERA STOMAHESIVE 45 50MM,0,DISPOSITIVOS MEDICO,1.0,13979.0,3.0
2021-10-31,701954,BARRERA STOMAHESIVE 45 50MM,0,DISPOSITIVOS MEDICO,1.0,13979.0,3.0
2021-11-30,701954,BARRERA STOMAHESIVE 45 50MM,0,DISPOSITIVOS MEDICO,1.0,13979.0,3.0
2021-12-31,701954,BARRERA STOMAHESIVE 45 50MM,1,DISPOSITIVOS MEDICO,1.0,13979.0,3.0
2022-01-31,701954,BARRERA STOMAHESIVE 45 50MM,0,DISPOSITIVOS MEDICO,1.0,13979.0,3.0
2022-02-28,701954,BARRERA STOMAHESIVE 45 50MM,0,DISPOSITIVOS MEDICO,1.0,13979.0,3.0
2022-03-31,701954,BARRERA STOMAHESIVE 45 50MM,1,DISPOSITIVOS MEDICO,1.0,13979.0,3.0
2022-04-30,701954,BARRERA STOMAHESIVE 45 50MM,2,DISPOSITIVOS MEDICO,1.0,13979.0,3.0
2022-05-31,701954,BARRERA STOMAHESIVE 45 50MM,1,DISPOSITIVOS MEDICO,1.0,13979.0,3.0
2022-06-30,701954,BARRERA STOMAHESIVE 45 50MM,1,DISPOSITIVOS MEDICO,1.0,13979.0,3.0
2021-07-31,701961,CATETER TROCAR RECTO 10FR (TUBO TORAX),11,DISPOSITIVOS MEDICO,1.0,19515.0,4.0
2021-08-31,701961,CATETER TROCAR RECTO 10FR (TUBO TORAX),12,DISPOSITIVOS MEDICO,1.0,19515.0,4.0
2021-09-30,701961,CATETER TROCAR RECTO 10FR (TUBO TORAX),8,DISPOSITIVOS MEDICO,1.0,19515.0,4.0
2021-10-31,701961,CATETER TROCAR RECTO 10FR (TUBO TORAX),8,DISPOSITIVOS MEDICO,1.0,19515.0,4.0
2021-11-30,701961,CATETER TROCAR RECTO 10FR (TUBO TORAX),17,DISPOSITIVOS MEDICO,1.0,19515.0,4.0
2021-12-31,701961,CATETER TROCAR RECTO 10FR (TUBO TORAX),18,DISPOSITIVOS MEDICO,1.0,19515.0,4.0
2022-01-31,701961,CATETER TROCAR RECTO 10FR (TUBO TORAX),13,DISPOSITIVOS MEDICO,1.0,19515.0,4.0
2022-02-28,701961,CATETER TROCAR RECTO 10FR (TUBO TORAX),7,DISPOSITIVOS MEDICO,1.0,19515.0,4.0
2022-03-31,701961,CATETER TROCAR RECTO 10FR (TUBO TORAX),0,DISPOSITIVOS MEDICO,1.0,19515.0,4.0
2022-04-30,701961,CATETER TROCAR RECTO 10FR (TUBO TORAX),10,DISPOSITIVOS MEDICO,1.0,19515.0,4.0
2022-05-31,701961,CATETER TROCAR RECTO 10FR (TUBO TORAX),0,DISPOSITIVOS MEDICO,1.0,19515.0,4.0
2022-06-30,701961,CATETER TROCAR RECTO 10FR (TUBO TORAX),13,DISPOSITIVOS MEDICO,1.0,19515.0,4.0
2021-07-31,701962,CATETER TROCAR RECTO 20FR,0,DISPOSITIVOS MEDICO,1.0,5800.0,2.0
2021-08-31,701962,CATETER TROCAR RECTO 20FR,1,DISPOSITIVOS MEDICO,1.0,5800.0,2.0
2021-09-30,701962,CATETER TROCAR RECTO 20FR,0,DISPOSITIVOS MEDICO,1.0,5800.0,2.0
2021-10-31,701962,CATETER TROCAR RECTO 20FR,0,DISPOSITIVOS MEDICO,1.0,5800.0,2.0
2021-11-30,701962,CATETER TROCAR RECTO 20FR,0,DISPOSITIVOS MEDICO,1.0,5800.0,2.0
2021-12-31,701962,CATETER TROCAR RECTO 20FR,0,DISPOSITIVOS MEDICO,1.0,5800.0,2.0
2022-01-31,701962,CATETER TROCAR RECTO 20FR,1,DISPOSITIVOS MEDICO,1.0,5800.0,2.0
2022-02-28,701962,CATETER TROCAR RECTO 20FR,0,DISPOSITIVOS MEDICO,1.0,5800.0,2.0
2022-03-31,701962,CATETER TROCAR RECTO 20FR,0,DISPOSITIVOS MEDICO,1.0,5800.0,2.0
2022-04-30,701962,CATETER TROCAR RECTO 20FR,0,DISPOSITIVOS MEDICO,1.0,5800.0,2.0
2022-05-31,701962,CATETER TROCAR RECTO 20FR,0,DISPOSITIVOS MEDICO,1.0,5800.0,2.0
2022-06-30,701962,CATETER TROCAR RECTO 20FR,0,DISPOSITIVOS MEDICO,1.0,5800.0,2.0
2021-07-31,701964,CATETER TROCAR RECTO 28FR ,0,DISPOSITIVOS MEDICO,1.0,5672.0,1.0
2021-08-31,701964,CATETER TROCAR RECTO 28FR ,0,DISPOSITIVOS MEDICO,1.0,5672.0,1.0
2021-09-30,701964,CATETER TROCAR RECTO 28FR ,0,DISPOSITIVOS MEDICO,1.0,5672.0,1.0
2021-10-31,701964,CATETER TROCAR RECTO 28FR ,0,DISPOSITIVOS MEDICO,1.0,5672.0,1.0
2021-11-30,701964,CATETER TROCAR RECTO 28FR ,1,DISPOSITIVOS MEDICO,1.0,5672.0,1.0
2021-12-31,701964,CATETER TROCAR RECTO 28FR ,0,DISPOSITIVOS MEDICO,1.0,5672.0,1.0
2022-01-31,701964,CATETER TROCAR RECTO 28FR ,0,DISPOSITIVOS MEDICO,1.0,5672.0,1.0
2022-02-28,701964,CATETER TROCAR RECTO 28FR ,2,DISPOSITIVOS MEDICO,1.0,5672.0,1.0
2022-03-31,701964,CATETER TROCAR RECTO 28FR ,0,DISPOSITIVOS MEDICO,1.0,5672.0,1.0
2022-04-30,701964,CATETER TROCAR RECTO 28FR ,1,DISPOSITIVOS MEDICO,1.0,5672.0,1.0
2022-05-31,701964,CATETER TROCAR RECTO 28FR ,0,DISPOSITIVOS MEDICO,1.0,5672.0,1.0
2022-06-30,701964,CATETER TROCAR RECTO 28FR ,2,DISPOSITIVOS MEDICO,1.0,5672.0,1.0
2021-07-31,701965,CATETER TROCAR RECTO 32FR,0,DISPOSITIVOS MEDICO,1.0,8933.0,1.0
2021-08-31,701965,CATETER TROCAR RECTO 32FR,0,DISPOSITIVOS MEDICO,1.0,8933.0,1.0
2021-09-30,701965,CATETER TROCAR RECTO 32FR,1,DISPOSITIVOS MEDICO,1.0,8933.0,1.0
2021-10-31,701965,CATETER TROCAR RECTO 32FR,2,DISPOSITIVOS MEDICO,1.0,8933.0,1.0
2021-11-30,701965,CATETER TROCAR RECTO 32FR,0,DISPOSITIVOS MEDICO,1.0,8933.0,1.0
2021-12-31,701965,CATETER TROCAR RECTO 32FR,2,DISPOSITIVOS MEDICO,1.0,8933.0,1.0
2022-01-31,701965,CATETER TROCAR RECTO 32FR,1,DISPOSITIVOS MEDICO,1.0,8933.0,1.0
2022-02-28,701965,CATETER TROCAR RECTO 32FR,1,DISPOSITIVOS MEDICO,1.0,8933.0,1.0
2022-03-31,701965,CATETER TROCAR RECTO 32FR,0,DISPOSITIVOS MEDICO,1.0,8933.0,1.0
2022-04-30,701965,CATETER TROCAR RECTO 32FR,1,DISPOSITIVOS MEDICO,1.0,8933.0,1.0
2022-05-31,701965,CATETER TROCAR RECTO 32FR,2,DISPOSITIVOS MEDICO,1.0,8933.0,1.0
2022-06-30,701965,CATETER TROCAR RECTO 32FR,0,DISPOSITIVOS MEDICO,1.0,8933.0,1.0
2021-07-31,701966,CATETER TROCAR RECTO 36FR,0,DISPOSITIVOS MEDICO,1.0,6759.0,1.0
2021-08-31,701966,CATETER TROCAR RECTO 36FR,0,DISPOSITIVOS MEDICO,1.0,6759.0,1.0
2021-09-30,701966,CATETER TROCAR RECTO 36FR,0,DISPOSITIVOS MEDICO,1.0,6759.0,1.0
2021-10-31,701966,CATETER TROCAR RECTO 36FR,1,DISPOSITIVOS MEDICO,1.0,6759.0,1.0
2021-11-30,701966,CATETER TROCAR RECTO 36FR,0,DISPOSITIVOS MEDICO,1.0,6759.0,1.0
2021-12-31,701966,CATETER TROCAR RECTO 36FR,1,DISPOSITIVOS MEDICO,1.0,6759.0,1.0
2022-01-31,701966,CATETER TROCAR RECTO 36FR,1,DISPOSITIVOS MEDICO,1.0,6759.0,1.0
2022-02-28,701966,CATETER TROCAR RECTO 36FR,2,DISPOSITIVOS MEDICO,1.0,6759.0,1.0
2022-03-31,701966,CATETER TROCAR RECTO 36FR,0,DISPOSITIVOS MEDICO,1.0,6759.0,1.0
2022-04-30,701966,CATETER TROCAR RECTO 36FR,0,DISPOSITIVOS MEDICO,1.0,6759.0,1.0
2022-05-31,701966,CATETER TROCAR RECTO 36FR,0,DISPOSITIVOS MEDICO,1.0,6759.0,1.0
2022-06-30,701966,CATETER TROCAR RECTO 36FR,0,DISPOSITIVOS MEDICO,1.0,6759.0,1.0
2021-07-31,701977,VENDA YESO 4X5  ,0,DISPOSITIVOS MEDICO,1.0,0.0,0.0
2021-08-31,701977,VENDA YESO 4X5  ,0,DISPOSITIVOS MEDICO,1.0,0.0,0.0
2021-09-30,701977,VENDA YESO 4X5  ,0,DISPOSITIVOS MEDICO,1.0,0.0,0.0
2021-10-31,701977,VENDA YESO 4X5  ,0,DISPOSITIVOS MEDICO,1.0,0.0,0.0
2021-11-30,701977,VENDA YESO 4X5  ,0,DISPOSITIVOS MEDICO,1.0,0.0,0.0
2021-12-31,701977,VENDA YESO 4X5  ,1,DISPOSITIVOS MEDICO,1.0,0.0,0.0
2022-01-31,701977,VENDA YESO 4X5  ,0,DISPOSITIVOS MEDICO,1.0,0.0,0.0
2022-02-28,701977,VENDA YESO 4X5  ,0,DISPOSITIVOS MEDICO,1.0,0.0,0.0
2022-03-31,701977,VENDA YESO 4X5  ,2,DISPOSITIVOS MEDICO,1.0,0.0,0.0
2022-04-30,701977,VENDA YESO 4X5  ,0,DISPOSITIVOS MEDICO,1.0,0.0,0.0
2022-05-31,701977,VENDA YESO 4X5  ,0,DISPOSITIVOS MEDICO,1.0,0.0,0.0
2022-06-30,701977,VENDA YESO 4X5  ,0,DISPOSITIVOS MEDICO,1.0,0.0,0.0
2021-07-31,701978,VENDA YESO 5X5    ,0,DISPOSITIVOS MEDICO,1.0,5807.0,2.0
2021-08-31,701978,VENDA YESO 5X5    ,0,DISPOSITIVOS MEDICO,1.0,5807.0,2.0
2021-09-30,701978,VENDA YESO 5X5    ,0,DISPOSITIVOS MEDICO,1.0,5807.0,2.0
2021-10-31,701978,VENDA YESO 5X5    ,0,DISPOSITIVOS MEDICO,1.0,5807.0,2.0
2021-11-30,701978,VENDA YESO 5X5    ,0,DISPOSITIVOS MEDICO,1.0,5807.0,2.0
2021-12-31,701978,VENDA YESO 5X5    ,0,DISPOSITIVOS MEDICO,1.0,5807.0,2.0
2022-01-31,701978,VENDA YESO 5X5    ,0,DISPOSITIVOS MEDICO,1.0,5807.0,2.0
2022-02-28,701978,VENDA YESO 5X5    ,0,DISPOSITIVOS MEDICO,1.0,5807.0,2.0
2022-03-31,701978,VENDA YESO 5X5    ,0,DISPOSITIVOS MEDICO,1.0,5807.0,2.0
2022-04-30,701978,VENDA YESO 5X5    ,0,DISPOSITIVOS MEDICO,1.0,5807.0,2.0
2022-05-31,701978,VENDA YESO 5X5    ,0,DISPOSITIVOS MEDICO,1.0,5807.0,2.0
2022-06-30,701978,VENDA YESO 5X5    ,2,DISPOSITIVOS MEDICO,1.0,5807.0,2.0
2021-07-31,701979,VENDA YESO 6X5 ,0,DISPOSITIVOS MEDICO,1.0,0.0,0.0
2021-08-31,701979,VENDA YESO 6X5 ,0,DISPOSITIVOS MEDICO,1.0,0.0,0.0
2021-09-30,701979,VENDA YESO 6X5 ,0,DISPOSITIVOS MEDICO,1.0,0.0,0.0
2021-10-31,701979,VENDA YESO 6X5 ,0,DISPOSITIVOS MEDICO,1.0,0.0,0.0
2021-11-30,701979,VENDA YESO 6X5 ,0,DISPOSITIVOS MEDICO,1.0,0.0,0.0
2021-12-31,701979,VENDA YESO 6X5 ,2,DISPOSITIVOS MEDICO,1.0,0.0,0.0
2022-01-31,701979,VENDA YESO 6X5 ,2,DISPOSITIVOS MEDICO,1.0,0.0,0.0
2022-02-28,701979,VENDA YESO 6X5 ,3,DISPOSITIVOS MEDICO,1.0,0.0,0.0
2022-03-31,701979,VENDA YESO 6X5 ,0,DISPOSITIVOS MEDICO,1.0,0.0,0.0
2022-04-30,701979,VENDA YESO 6X5 ,0,DISPOSITIVOS MEDICO,1.0,0.0,0.0
2022-05-31,701979,VENDA YESO 6X5 ,0,DISPOSITIVOS MEDICO,1.0,0.0,0.0
2022-06-30,701979,VENDA YESO 6X5 ,0,DISPOSITIVOS MEDICO,1.0,0.0,0.0
2021-07-31,701996,SUNITINIB 50 MG CAPSULA,0,MEDICAMENTOS,1.0,253095.0,1.0
2021-08-31,701996,SUNITINIB 50 MG CAPSULA,0,MEDICAMENTOS,1.0,253095.0,1.0
2021-09-30,701996,SUNITINIB 50 MG CAPSULA,0,MEDICAMENTOS,1.0,253095.0,1.0
2021-10-31,701996,SUNITINIB 50 MG CAPSULA,0,MEDICAMENTOS,1.0,253095.0,1.0
2021-11-30,701996,SUNITINIB 50 MG CAPSULA,0,MEDICAMENTOS,1.0,253095.0,1.0
2021-12-31,701996,SUNITINIB 50 MG CAPSULA,0,MEDICAMENTOS,1.0,253095.0,1.0
2022-01-31,701996,SUNITINIB 50 MG CAPSULA,0,MEDICAMENTOS,1.0,253095.0,1.0
2022-02-28,701996,SUNITINIB 50 MG CAPSULA,0,MEDICAMENTOS,1.0,253095.0,1.0
2022-03-31,701996,SUNITINIB 50 MG CAPSULA,0,MEDICAMENTOS,1.0,253095.0,1.0
2022-04-30,701996,SUNITINIB 50 MG CAPSULA,23,MEDICAMENTOS,1.0,253095.0,1.0
2022-05-31,701996,SUNITINIB 50 MG CAPSULA,0,MEDICAMENTOS,1.0,253095.0,1.0
2022-06-30,701996,SUNITINIB 50 MG CAPSULA,0,MEDICAMENTOS,1.0,253095.0,1.0
2021-07-31,702017,SONDA ENTERAL 6FR (ALIMENTACION)  ,0,DISPOSITIVOS MEDICO,1.0,75000.0,1.0
2021-08-31,702017,SONDA ENTERAL 6FR (ALIMENTACION)  ,0,DISPOSITIVOS MEDICO,1.0,75000.0,1.0
2021-09-30,702017,SONDA ENTERAL 6FR (ALIMENTACION)  ,0,DISPOSITIVOS MEDICO,1.0,75000.0,1.0
2021-10-31,702017,SONDA ENTERAL 6FR (ALIMENTACION)  ,1,DISPOSITIVOS MEDICO,1.0,75000.0,1.0
2021-11-30,702017,SONDA ENTERAL 6FR (ALIMENTACION)  ,0,DISPOSITIVOS MEDICO,1.0,75000.0,1.0
2021-12-31,702017,SONDA ENTERAL 6FR (ALIMENTACION)  ,0,DISPOSITIVOS MEDICO,1.0,75000.0,1.0
2022-01-31,702017,SONDA ENTERAL 6FR (ALIMENTACION)  ,0,DISPOSITIVOS MEDICO,1.0,75000.0,1.0
2022-02-28,702017,SONDA ENTERAL 6FR (ALIMENTACION)  ,0,DISPOSITIVOS MEDICO,1.0,75000.0,1.0
2022-03-31,702017,SONDA ENTERAL 6FR (ALIMENTACION)  ,0,DISPOSITIVOS MEDICO,1.0,75000.0,1.0
2022-04-30,702017,SONDA ENTERAL 6FR (ALIMENTACION)  ,0,DISPOSITIVOS MEDICO,1.0,75000.0,1.0
2022-05-31,702017,SONDA ENTERAL 6FR (ALIMENTACION)  ,0,DISPOSITIVOS MEDICO,1.0,75000.0,1.0
2022-06-30,702017,SONDA ENTERAL 6FR (ALIMENTACION)  ,0,DISPOSITIVOS MEDICO,1.0,75000.0,1.0
2021-07-31,702019,SONDA ENTERAL 12FR X 43 (ALIMENTACION)   ,44,DISPOSITIVOS MEDICO,1.0,75000.0,11.0
2021-08-31,702019,SONDA ENTERAL 12FR X 43 (ALIMENTACION)   ,50,DISPOSITIVOS MEDICO,1.0,75000.0,11.0
2021-09-30,702019,SONDA ENTERAL 12FR X 43 (ALIMENTACION)   ,45,DISPOSITIVOS MEDICO,1.0,75000.0,11.0
2021-10-31,702019,SONDA ENTERAL 12FR X 43 (ALIMENTACION)   ,52,DISPOSITIVOS MEDICO,1.0,75000.0,11.0
2021-11-30,702019,SONDA ENTERAL 12FR X 43 (ALIMENTACION)   ,38,DISPOSITIVOS MEDICO,1.0,75000.0,11.0
2021-12-31,702019,SONDA ENTERAL 12FR X 43 (ALIMENTACION)   ,85,DISPOSITIVOS MEDICO,1.0,75000.0,11.0
2022-01-31,702019,SONDA ENTERAL 12FR X 43 (ALIMENTACION)   ,67,DISPOSITIVOS MEDICO,1.0,75000.0,11.0
2022-02-28,702019,SONDA ENTERAL 12FR X 43 (ALIMENTACION)   ,58,DISPOSITIVOS MEDICO,1.0,75000.0,11.0
2022-03-31,702019,SONDA ENTERAL 12FR X 43 (ALIMENTACION)   ,58,DISPOSITIVOS MEDICO,1.0,75000.0,11.0
2022-04-30,702019,SONDA ENTERAL 12FR X 43 (ALIMENTACION)   ,51,DISPOSITIVOS MEDICO,1.0,75000.0,11.0
2022-05-31,702019,SONDA ENTERAL 12FR X 43 (ALIMENTACION)   ,68,DISPOSITIVOS MEDICO,1.0,75000.0,11.0
2022-06-30,702019,SONDA ENTERAL 12FR X 43 (ALIMENTACION)   ,96,DISPOSITIVOS MEDICO,1.0,75000.0,11.0
2021-07-31,702020,SONDA FOLEY 2 VÍAS 16FRX5CM    ,0,DISPOSITIVOS MEDICO,1.0,0.0,0.0
2021-08-31,702020,SONDA FOLEY 2 VÍAS 16FRX5CM    ,0,DISPOSITIVOS MEDICO,1.0,0.0,0.0
2021-09-30,702020,SONDA FOLEY 2 VÍAS 16FRX5CM    ,0,DISPOSITIVOS MEDICO,1.0,0.0,0.0
2021-10-31,702020,SONDA FOLEY 2 VÍAS 16FRX5CM    ,0,DISPOSITIVOS MEDICO,1.0,0.0,0.0
2021-11-30,702020,SONDA FOLEY 2 VÍAS 16FRX5CM    ,0,DISPOSITIVOS MEDICO,1.0,0.0,0.0
2021-12-31,702020,SONDA FOLEY 2 VÍAS 16FRX5CM    ,19,DISPOSITIVOS MEDICO,1.0,0.0,0.0
2022-01-31,702020,SONDA FOLEY 2 VÍAS 16FRX5CM    ,1,DISPOSITIVOS MEDICO,1.0,0.0,0.0
2022-02-28,702020,SONDA FOLEY 2 VÍAS 16FRX5CM    ,0,DISPOSITIVOS MEDICO,1.0,0.0,0.0
2022-03-31,702020,SONDA FOLEY 2 VÍAS 16FRX5CM    ,0,DISPOSITIVOS MEDICO,1.0,0.0,0.0
2022-04-30,702020,SONDA FOLEY 2 VÍAS 16FRX5CM    ,26,DISPOSITIVOS MEDICO,1.0,0.0,0.0
2022-05-31,702020,SONDA FOLEY 2 VÍAS 16FRX5CM    ,0,DISPOSITIVOS MEDICO,1.0,0.0,0.0
2022-06-30,702020,SONDA FOLEY 2 VÍAS 16FRX5CM    ,0,DISPOSITIVOS MEDICO,1.0,0.0,0.0
2021-07-31,702021,SONDA FOLEY 2 VIAS 16FRX30CM   ,27,DISPOSITIVOS MEDICO,1.0,1781.0,13.0
2021-08-31,702021,SONDA FOLEY 2 VIAS 16FRX30CM   ,27,DISPOSITIVOS MEDICO,1.0,1781.0,13.0
2021-09-30,702021,SONDA FOLEY 2 VIAS 16FRX30CM   ,29,DISPOSITIVOS MEDICO,1.0,1781.0,13.0
2021-10-31,702021,SONDA FOLEY 2 VIAS 16FRX30CM   ,35,DISPOSITIVOS MEDICO,1.0,1781.0,13.0
2021-11-30,702021,SONDA FOLEY 2 VIAS 16FRX30CM   ,33,DISPOSITIVOS MEDICO,1.0,1781.0,13.0
2021-12-31,702021,SONDA FOLEY 2 VIAS 16FRX30CM   ,21,DISPOSITIVOS MEDICO,1.0,1781.0,13.0
2022-01-31,702021,SONDA FOLEY 2 VIAS 16FRX30CM   ,34,DISPOSITIVOS MEDICO,1.0,1781.0,13.0
2022-02-28,702021,SONDA FOLEY 2 VIAS 16FRX30CM   ,35,DISPOSITIVOS MEDICO,1.0,1781.0,13.0
2022-03-31,702021,SONDA FOLEY 2 VIAS 16FRX30CM   ,24,DISPOSITIVOS MEDICO,1.0,1781.0,13.0
2022-04-30,702021,SONDA FOLEY 2 VIAS 16FRX30CM   ,0,DISPOSITIVOS MEDICO,1.0,1781.0,13.0
2022-05-31,702021,SONDA FOLEY 2 VIAS 16FRX30CM   ,25,DISPOSITIVOS MEDICO,1.0,1781.0,13.0
2022-06-30,702021,SONDA FOLEY 2 VIAS 16FRX30CM   ,23,DISPOSITIVOS MEDICO,1.0,1781.0,13.0
2021-07-31,702022,SONDA FOLEY 2 VÍAS 18FRX5CM ,0,DISPOSITIVOS MEDICO,1.0,1869.0,16.0
2021-08-31,702022,SONDA FOLEY 2 VÍAS 18FRX5CM ,0,DISPOSITIVOS MEDICO,1.0,1869.0,16.0
2021-09-30,702022,SONDA FOLEY 2 VÍAS 18FRX5CM ,13,DISPOSITIVOS MEDICO,1.0,1869.0,16.0
2021-10-31,702022,SONDA FOLEY 2 VÍAS 18FRX5CM ,17,DISPOSITIVOS MEDICO,1.0,1869.0,16.0
2021-11-30,702022,SONDA FOLEY 2 VÍAS 18FRX5CM ,26,DISPOSITIVOS MEDICO,1.0,1869.0,16.0
2021-12-31,702022,SONDA FOLEY 2 VÍAS 18FRX5CM ,18,DISPOSITIVOS MEDICO,1.0,1869.0,16.0
2022-01-31,702022,SONDA FOLEY 2 VÍAS 18FRX5CM ,26,DISPOSITIVOS MEDICO,1.0,1869.0,16.0
2022-02-28,702022,SONDA FOLEY 2 VÍAS 18FRX5CM ,27,DISPOSITIVOS MEDICO,1.0,1869.0,16.0
2022-03-31,702022,SONDA FOLEY 2 VÍAS 18FRX5CM ,13,DISPOSITIVOS MEDICO,1.0,1869.0,16.0
2022-04-30,702022,SONDA FOLEY 2 VÍAS 18FRX5CM ,27,DISPOSITIVOS MEDICO,1.0,1869.0,16.0
2022-05-31,702022,SONDA FOLEY 2 VÍAS 18FRX5CM ,0,DISPOSITIVOS MEDICO,1.0,1869.0,16.0
2022-06-30,702022,SONDA FOLEY 2 VÍAS 18FRX5CM ,0,DISPOSITIVOS MEDICO,1.0,1869.0,16.0
2021-07-31,702023,SONDA FOLEY 2 VÍAS 18FRX30CM    ,29,DISPOSITIVOS MEDICO,1.0,0.0,0.0
2021-08-31,702023,SONDA FOLEY 2 VÍAS 18FRX30CM    ,23,DISPOSITIVOS MEDICO,1.0,0.0,0.0
2021-09-30,702023,SONDA FOLEY 2 VÍAS 18FRX30CM    ,12,DISPOSITIVOS MEDICO,1.0,0.0,0.0
2021-10-31,702023,SONDA FOLEY 2 VÍAS 18FRX30CM    ,7,DISPOSITIVOS MEDICO,1.0,0.0,0.0
2021-11-30,702023,SONDA FOLEY 2 VÍAS 18FRX30CM    ,5,DISPOSITIVOS MEDICO,1.0,0.0,0.0
2021-12-31,702023,SONDA FOLEY 2 VÍAS 18FRX30CM    ,0,DISPOSITIVOS MEDICO,1.0,0.0,0.0
2022-01-31,702023,SONDA FOLEY 2 VÍAS 18FRX30CM    ,0,DISPOSITIVOS MEDICO,1.0,0.0,0.0
2022-02-28,702023,SONDA FOLEY 2 VÍAS 18FRX30CM    ,3,DISPOSITIVOS MEDICO,1.0,0.0,0.0
2022-03-31,702023,SONDA FOLEY 2 VÍAS 18FRX30CM    ,15,DISPOSITIVOS MEDICO,1.0,0.0,0.0
2022-04-30,702023,SONDA FOLEY 2 VÍAS 18FRX30CM    ,0,DISPOSITIVOS MEDICO,1.0,0.0,0.0
2022-05-31,702023,SONDA FOLEY 2 VÍAS 18FRX30CM    ,27,DISPOSITIVOS MEDICO,1.0,0.0,0.0
2022-06-30,702023,SONDA FOLEY 2 VÍAS 18FRX30CM    ,25,DISPOSITIVOS MEDICO,1.0,0.0,0.0
2021-07-31,702024,SONDA FOLEY 2 VIAS 14FRX5CM,2,DISPOSITIVOS MEDICO,1.0,1623.0,1.0
2021-08-31,702024,SONDA FOLEY 2 VIAS 14FRX5CM,5,DISPOSITIVOS MEDICO,1.0,1623.0,1.0
2021-09-30,702024,SONDA FOLEY 2 VIAS 14FRX5CM,2,DISPOSITIVOS MEDICO,1.0,1623.0,1.0
2021-10-31,702024,SONDA FOLEY 2 VIAS 14FRX5CM,1,DISPOSITIVOS MEDICO,1.0,1623.0,1.0
2021-11-30,702024,SONDA FOLEY 2 VIAS 14FRX5CM,3,DISPOSITIVOS MEDICO,1.0,1623.0,1.0
2021-12-31,702024,SONDA FOLEY 2 VIAS 14FRX5CM,0,DISPOSITIVOS MEDICO,1.0,1623.0,1.0
2022-01-31,702024,SONDA FOLEY 2 VIAS 14FRX5CM,3,DISPOSITIVOS MEDICO,1.0,1623.0,1.0
2022-02-28,702024,SONDA FOLEY 2 VIAS 14FRX5CM,0,DISPOSITIVOS MEDICO,1.0,1623.0,1.0
2022-03-31,702024,SONDA FOLEY 2 VIAS 14FRX5CM,2,DISPOSITIVOS MEDICO,1.0,1623.0,1.0
2022-04-30,702024,SONDA FOLEY 2 VIAS 14FRX5CM,3,DISPOSITIVOS MEDICO,1.0,1623.0,1.0
2022-05-31,702024,SONDA FOLEY 2 VIAS 14FRX5CM,3,DISPOSITIVOS MEDICO,1.0,1623.0,1.0
2022-06-30,702024,SONDA FOLEY 2 VIAS 14FRX5CM,0,DISPOSITIVOS MEDICO,1.0,1623.0,1.0
2021-07-31,702025,SONDA FOLEY 2 VÍAS 12FRX5CM,0,DISPOSITIVOS MEDICO,1.0,1178.0,3.0
2021-08-31,702025,SONDA FOLEY 2 VÍAS 12FRX5CM,2,DISPOSITIVOS MEDICO,1.0,1178.0,3.0
2021-09-30,702025,SONDA FOLEY 2 VÍAS 12FRX5CM,0,DISPOSITIVOS MEDICO,1.0,1178.0,3.0
2021-10-31,702025,SONDA FOLEY 2 VÍAS 12FRX5CM,0,DISPOSITIVOS MEDICO,1.0,1178.0,3.0
2021-11-30,702025,SONDA FOLEY 2 VÍAS 12FRX5CM,0,DISPOSITIVOS MEDICO,1.0,1178.0,3.0
2021-12-31,702025,SONDA FOLEY 2 VÍAS 12FRX5CM,0,DISPOSITIVOS MEDICO,1.0,1178.0,3.0
2022-01-31,702025,SONDA FOLEY 2 VÍAS 12FRX5CM,1,DISPOSITIVOS MEDICO,1.0,1178.0,3.0
2022-02-28,702025,SONDA FOLEY 2 VÍAS 12FRX5CM,0,DISPOSITIVOS MEDICO,1.0,1178.0,3.0
2022-03-31,702025,SONDA FOLEY 2 VÍAS 12FRX5CM,1,DISPOSITIVOS MEDICO,1.0,1178.0,3.0
2022-04-30,702025,SONDA FOLEY 2 VÍAS 12FRX5CM,0,DISPOSITIVOS MEDICO,1.0,1178.0,3.0
2022-05-31,702025,SONDA FOLEY 2 VÍAS 12FRX5CM,2,DISPOSITIVOS MEDICO,1.0,1178.0,3.0
2022-06-30,702025,SONDA FOLEY 2 VÍAS 12FRX5CM,0,DISPOSITIVOS MEDICO,1.0,1178.0,3.0
2021-07-31,702028,SONDA FOLEY 2 VÍAS 24FRX5CM    ,0,DISPOSITIVOS MEDICO,1.0,0.0,0.0
2021-08-31,702028,SONDA FOLEY 2 VÍAS 24FRX5CM    ,0,DISPOSITIVOS MEDICO,1.0,0.0,0.0
2021-09-30,702028,SONDA FOLEY 2 VÍAS 24FRX5CM    ,0,DISPOSITIVOS MEDICO,1.0,0.0,0.0
2021-10-31,702028,SONDA FOLEY 2 VÍAS 24FRX5CM    ,0,DISPOSITIVOS MEDICO,1.0,0.0,0.0
2021-11-30,702028,SONDA FOLEY 2 VÍAS 24FRX5CM    ,0,DISPOSITIVOS MEDICO,1.0,0.0,0.0
2021-12-31,702028,SONDA FOLEY 2 VÍAS 24FRX5CM    ,1,DISPOSITIVOS MEDICO,1.0,0.0,0.0
2022-01-31,702028,SONDA FOLEY 2 VÍAS 24FRX5CM    ,0,DISPOSITIVOS MEDICO,1.0,0.0,0.0
2022-02-28,702028,SONDA FOLEY 2 VÍAS 24FRX5CM    ,1,DISPOSITIVOS MEDICO,1.0,0.0,0.0
2022-03-31,702028,SONDA FOLEY 2 VÍAS 24FRX5CM    ,0,DISPOSITIVOS MEDICO,1.0,0.0,0.0
2022-04-30,702028,SONDA FOLEY 2 VÍAS 24FRX5CM    ,0,DISPOSITIVOS MEDICO,1.0,0.0,0.0
2022-05-31,702028,SONDA FOLEY 2 VÍAS 24FRX5CM    ,0,DISPOSITIVOS MEDICO,1.0,0.0,0.0
2022-06-30,702028,SONDA FOLEY 2 VÍAS 24FRX5CM    ,0,DISPOSITIVOS MEDICO,1.0,0.0,0.0
2021-07-31,702029,SONDA FOLEY 2 VÍAS 24FRX5CM-30CM    ,0,DISPOSITIVOS MEDICO,1.0,0.0,0.0
2021-08-31,702029,SONDA FOLEY 2 VÍAS 24FRX5CM-30CM    ,0,DISPOSITIVOS MEDICO,1.0,0.0,0.0
2021-09-30,702029,SONDA FOLEY 2 VÍAS 24FRX5CM-30CM    ,0,DISPOSITIVOS MEDICO,1.0,0.0,0.0
2021-10-31,702029,SONDA FOLEY 2 VÍAS 24FRX5CM-30CM    ,0,DISPOSITIVOS MEDICO,1.0,0.0,0.0
2021-11-30,702029,SONDA FOLEY 2 VÍAS 24FRX5CM-30CM    ,0,DISPOSITIVOS MEDICO,1.0,0.0,0.0
2021-12-31,702029,SONDA FOLEY 2 VÍAS 24FRX5CM-30CM    ,0,DISPOSITIVOS MEDICO,1.0,0.0,0.0
2022-01-31,702029,SONDA FOLEY 2 VÍAS 24FRX5CM-30CM    ,0,DISPOSITIVOS MEDICO,1.0,0.0,0.0
2022-02-28,702029,SONDA FOLEY 2 VÍAS 24FRX5CM-30CM    ,0,DISPOSITIVOS MEDICO,1.0,0.0,0.0
2022-03-31,702029,SONDA FOLEY 2 VÍAS 24FRX5CM-30CM    ,1,DISPOSITIVOS MEDICO,1.0,0.0,0.0
2022-04-30,702029,SONDA FOLEY 2 VÍAS 24FRX5CM-30CM    ,2,DISPOSITIVOS MEDICO,1.0,0.0,0.0
2022-05-31,702029,SONDA FOLEY 2 VÍAS 24FRX5CM-30CM    ,0,DISPOSITIVOS MEDICO,1.0,0.0,0.0
2022-06-30,702029,SONDA FOLEY 2 VÍAS 24FRX5CM-30CM    ,1,DISPOSITIVOS MEDICO,1.0,0.0,0.0
2021-07-31,702031,SONDA FOLEY 2 VÍAS 22FRX30CM    ,2,DISPOSITIVOS MEDICO,1.0,2535.0,2.0
2021-08-31,702031,SONDA FOLEY 2 VÍAS 22FRX30CM    ,0,DISPOSITIVOS MEDICO,1.0,2535.0,2.0
2021-09-30,702031,SONDA FOLEY 2 VÍAS 22FRX30CM    ,0,DISPOSITIVOS MEDICO,1.0,2535.0,2.0
2021-10-31,702031,SONDA FOLEY 2 VÍAS 22FRX30CM    ,0,DISPOSITIVOS MEDICO,1.0,2535.0,2.0
2021-11-30,702031,SONDA FOLEY 2 VÍAS 22FRX30CM    ,1,DISPOSITIVOS MEDICO,1.0,2535.0,2.0
2021-12-31,702031,SONDA FOLEY 2 VÍAS 22FRX30CM    ,2,DISPOSITIVOS MEDICO,1.0,2535.0,2.0
2022-01-31,702031,SONDA FOLEY 2 VÍAS 22FRX30CM    ,1,DISPOSITIVOS MEDICO,1.0,2535.0,2.0
2022-02-28,702031,SONDA FOLEY 2 VÍAS 22FRX30CM    ,2,DISPOSITIVOS MEDICO,1.0,2535.0,2.0
2022-03-31,702031,SONDA FOLEY 2 VÍAS 22FRX30CM    ,0,DISPOSITIVOS MEDICO,1.0,2535.0,2.0
2022-04-30,702031,SONDA FOLEY 2 VÍAS 22FRX30CM    ,5,DISPOSITIVOS MEDICO,1.0,2535.0,2.0
2022-05-31,702031,SONDA FOLEY 2 VÍAS 22FRX30CM    ,4,DISPOSITIVOS MEDICO,1.0,2535.0,2.0
2022-06-30,702031,SONDA FOLEY 2 VÍAS 22FRX30CM    ,0,DISPOSITIVOS MEDICO,1.0,2535.0,2.0
2021-07-31,702032,SONDA FOLEY 2 VÍAS 20FRX15CM    ,2,DISPOSITIVOS MEDICO,1.0,0.0,0.0
2021-08-31,702032,SONDA FOLEY 2 VÍAS 20FRX15CM    ,3,DISPOSITIVOS MEDICO,1.0,0.0,0.0
2021-09-30,702032,SONDA FOLEY 2 VÍAS 20FRX15CM    ,1,DISPOSITIVOS MEDICO,1.0,0.0,0.0
2021-10-31,702032,SONDA FOLEY 2 VÍAS 20FRX15CM    ,3,DISPOSITIVOS MEDICO,1.0,0.0,0.0
2021-11-30,702032,SONDA FOLEY 2 VÍAS 20FRX15CM    ,0,DISPOSITIVOS MEDICO,1.0,0.0,0.0
2021-12-31,702032,SONDA FOLEY 2 VÍAS 20FRX15CM    ,1,DISPOSITIVOS MEDICO,1.0,0.0,0.0
2022-01-31,702032,SONDA FOLEY 2 VÍAS 20FRX15CM    ,1,DISPOSITIVOS MEDICO,1.0,0.0,0.0
2022-02-28,702032,SONDA FOLEY 2 VÍAS 20FRX15CM    ,3,DISPOSITIVOS MEDICO,1.0,0.0,0.0
2022-03-31,702032,SONDA FOLEY 2 VÍAS 20FRX15CM    ,2,DISPOSITIVOS MEDICO,1.0,0.0,0.0
2022-04-30,702032,SONDA FOLEY 2 VÍAS 20FRX15CM    ,12,DISPOSITIVOS MEDICO,1.0,0.0,0.0
2022-05-31,702032,SONDA FOLEY 2 VÍAS 20FRX15CM    ,0,DISPOSITIVOS MEDICO,1.0,0.0,0.0
2022-06-30,702032,SONDA FOLEY 2 VÍAS 20FRX15CM    ,0,DISPOSITIVOS MEDICO,1.0,0.0,0.0
2021-07-31,702033,SONDA FOLEY 2 VÍAS 20FRX30CM   ,1,DISPOSITIVOS MEDICO,1.0,1998.0,7.0
2021-08-31,702033,SONDA FOLEY 2 VÍAS 20FRX30CM   ,0,DISPOSITIVOS MEDICO,1.0,1998.0,7.0
2021-09-30,702033,SONDA FOLEY 2 VÍAS 20FRX30CM   ,0,DISPOSITIVOS MEDICO,1.0,1998.0,7.0
2021-10-31,702033,SONDA FOLEY 2 VÍAS 20FRX30CM   ,0,DISPOSITIVOS MEDICO,1.0,1998.0,7.0
2021-11-30,702033,SONDA FOLEY 2 VÍAS 20FRX30CM   ,2,DISPOSITIVOS MEDICO,1.0,1998.0,7.0
2021-12-31,702033,SONDA FOLEY 2 VÍAS 20FRX30CM   ,0,DISPOSITIVOS MEDICO,1.0,1998.0,7.0
2022-01-31,702033,SONDA FOLEY 2 VÍAS 20FRX30CM   ,2,DISPOSITIVOS MEDICO,1.0,1998.0,7.0
2022-02-28,702033,SONDA FOLEY 2 VÍAS 20FRX30CM   ,0,DISPOSITIVOS MEDICO,1.0,1998.0,7.0
2022-03-31,702033,SONDA FOLEY 2 VÍAS 20FRX30CM   ,1,DISPOSITIVOS MEDICO,1.0,1998.0,7.0
2022-04-30,702033,SONDA FOLEY 2 VÍAS 20FRX30CM   ,0,DISPOSITIVOS MEDICO,1.0,1998.0,7.0
2022-05-31,702033,SONDA FOLEY 2 VÍAS 20FRX30CM   ,2,DISPOSITIVOS MEDICO,1.0,1998.0,7.0
2022-06-30,702033,SONDA FOLEY 2 VÍAS 20FRX30CM   ,5,DISPOSITIVOS MEDICO,1.0,1998.0,7.0
2021-07-31,702035,SONDA FOLEY 3 VÍAS 20FRX30CM       ,1,DISPOSITIVOS MEDICO,1.0,0.0,0.0
2021-08-31,702035,SONDA FOLEY 3 VÍAS 20FRX30CM       ,1,DISPOSITIVOS MEDICO,1.0,0.0,0.0
2021-09-30,702035,SONDA FOLEY 3 VÍAS 20FRX30CM       ,0,DISPOSITIVOS MEDICO,1.0,0.0,0.0
2021-10-31,702035,SONDA FOLEY 3 VÍAS 20FRX30CM       ,1,DISPOSITIVOS MEDICO,1.0,0.0,0.0
2021-11-30,702035,SONDA FOLEY 3 VÍAS 20FRX30CM       ,2,DISPOSITIVOS MEDICO,1.0,0.0,0.0
2021-12-31,702035,SONDA FOLEY 3 VÍAS 20FRX30CM       ,2,DISPOSITIVOS MEDICO,1.0,0.0,0.0
2022-01-31,702035,SONDA FOLEY 3 VÍAS 20FRX30CM       ,2,DISPOSITIVOS MEDICO,1.0,0.0,0.0
2022-02-28,702035,SONDA FOLEY 3 VÍAS 20FRX30CM       ,4,DISPOSITIVOS MEDICO,1.0,0.0,0.0
2022-03-31,702035,SONDA FOLEY 3 VÍAS 20FRX30CM       ,1,DISPOSITIVOS MEDICO,1.0,0.0,0.0
2022-04-30,702035,SONDA FOLEY 3 VÍAS 20FRX30CM       ,1,DISPOSITIVOS MEDICO,1.0,0.0,0.0
2022-05-31,702035,SONDA FOLEY 3 VÍAS 20FRX30CM       ,2,DISPOSITIVOS MEDICO,1.0,0.0,0.0
2022-06-30,702035,SONDA FOLEY 3 VÍAS 20FRX30CM       ,0,DISPOSITIVOS MEDICO,1.0,0.0,0.0
2021-07-31,702037,SONDA FOLEY 3 VÍAS 22FRX30CM     ,1,DISPOSITIVOS MEDICO,1.0,0.0,0.0
2021-08-31,702037,SONDA FOLEY 3 VÍAS 22FRX30CM     ,1,DISPOSITIVOS MEDICO,1.0,0.0,0.0
2021-09-30,702037,SONDA FOLEY 3 VÍAS 22FRX30CM     ,0,DISPOSITIVOS MEDICO,1.0,0.0,0.0
2021-10-31,702037,SONDA FOLEY 3 VÍAS 22FRX30CM     ,0,DISPOSITIVOS MEDICO,1.0,0.0,0.0
2021-11-30,702037,SONDA FOLEY 3 VÍAS 22FRX30CM     ,0,DISPOSITIVOS MEDICO,1.0,0.0,0.0
2021-12-31,702037,SONDA FOLEY 3 VÍAS 22FRX30CM     ,1,DISPOSITIVOS MEDICO,1.0,0.0,0.0
2022-01-31,702037,SONDA FOLEY 3 VÍAS 22FRX30CM     ,2,DISPOSITIVOS MEDICO,1.0,0.0,0.0
2022-02-28,702037,SONDA FOLEY 3 VÍAS 22FRX30CM     ,3,DISPOSITIVOS MEDICO,1.0,0.0,0.0
2022-03-31,702037,SONDA FOLEY 3 VÍAS 22FRX30CM     ,1,DISPOSITIVOS MEDICO,1.0,0.0,0.0
2022-04-30,702037,SONDA FOLEY 3 VÍAS 22FRX30CM     ,0,DISPOSITIVOS MEDICO,1.0,0.0,0.0
2022-05-31,702037,SONDA FOLEY 3 VÍAS 22FRX30CM     ,2,DISPOSITIVOS MEDICO,1.0,0.0,0.0
2022-06-30,702037,SONDA FOLEY 3 VÍAS 22FRX30CM     ,1,DISPOSITIVOS MEDICO,1.0,0.0,0.0
2021-07-31,702039,SONDA FOLEY 3 VÍAS 24FRX30CM    ,0,DISPOSITIVOS MEDICO,1.0,,
2021-08-31,702039,SONDA FOLEY 3 VÍAS 24FRX30CM    ,0,DISPOSITIVOS MEDICO,1.0,,
2021-09-30,702039,SONDA FOLEY 3 VÍAS 24FRX30CM    ,2,DISPOSITIVOS MEDICO,1.0,,
2021-10-31,702039,SONDA FOLEY 3 VÍAS 24FRX30CM    ,0,DISPOSITIVOS MEDICO,1.0,,
2021-11-30,702039,SONDA FOLEY 3 VÍAS 24FRX30CM    ,0,DISPOSITIVOS MEDICO,1.0,,
2021-12-31,702039,SONDA FOLEY 3 VÍAS 24FRX30CM    ,0,DISPOSITIVOS MEDICO,1.0,,
2022-01-31,702039,SONDA FOLEY 3 VÍAS 24FRX30CM    ,0,DISPOSITIVOS MEDICO,1.0,,
2022-02-28,702039,SONDA FOLEY 3 VÍAS 24FRX30CM    ,0,DISPOSITIVOS MEDICO,1.0,,
2022-03-31,702039,SONDA FOLEY 3 VÍAS 24FRX30CM    ,1,DISPOSITIVOS MEDICO,1.0,,
2022-04-30,702039,SONDA FOLEY 3 VÍAS 24FRX30CM    ,1,DISPOSITIVOS MEDICO,1.0,,
2022-05-31,702039,SONDA FOLEY 3 VÍAS 24FRX30CM    ,5,DISPOSITIVOS MEDICO,1.0,,
2022-06-30,702039,SONDA FOLEY 3 VÍAS 24FRX30CM    ,0,DISPOSITIVOS MEDICO,1.0,,
2021-07-31,702040,SONDA NASOGASTRICA # 6 ,0,DISPOSITIVOS MEDICO,1.0,423.0,8.0
2021-08-31,702040,SONDA NASOGASTRICA # 6 ,0,DISPOSITIVOS MEDICO,1.0,423.0,8.0
2021-09-30,702040,SONDA NASOGASTRICA # 6 ,1,DISPOSITIVOS MEDICO,1.0,423.0,8.0
2021-10-31,702040,SONDA NASOGASTRICA # 6 ,2,DISPOSITIVOS MEDICO,1.0,423.0,8.0
2021-11-30,702040,SONDA NASOGASTRICA # 6 ,2,DISPOSITIVOS MEDICO,1.0,423.0,8.0
2021-12-31,702040,SONDA NASOGASTRICA # 6 ,0,DISPOSITIVOS MEDICO,1.0,423.0,8.0
2022-01-31,702040,SONDA NASOGASTRICA # 6 ,3,DISPOSITIVOS MEDICO,1.0,423.0,8.0
2022-02-28,702040,SONDA NASOGASTRICA # 6 ,0,DISPOSITIVOS MEDICO,1.0,423.0,8.0
2022-03-31,702040,SONDA NASOGASTRICA # 6 ,3,DISPOSITIVOS MEDICO,1.0,423.0,8.0
2022-04-30,702040,SONDA NASOGASTRICA # 6 ,0,DISPOSITIVOS MEDICO,1.0,423.0,8.0
2022-05-31,702040,SONDA NASOGASTRICA # 6 ,0,DISPOSITIVOS MEDICO,1.0,423.0,8.0
2022-06-30,702040,SONDA NASOGASTRICA # 6 ,0,DISPOSITIVOS MEDICO,1.0,423.0,8.0
2021-07-31,702041,SONDA NASOGASTRICA # 8,0,DISPOSITIVOS MEDICO,1.0,458.0,1.0
2021-08-31,702041,SONDA NASOGASTRICA # 8,0,DISPOSITIVOS MEDICO,1.0,458.0,1.0
2021-09-30,702041,SONDA NASOGASTRICA # 8,0,DISPOSITIVOS MEDICO,1.0,458.0,1.0
2021-10-31,702041,SONDA NASOGASTRICA # 8,1,DISPOSITIVOS MEDICO,1.0,458.0,1.0
2021-11-30,702041,SONDA NASOGASTRICA # 8,1,DISPOSITIVOS MEDICO,1.0,458.0,1.0
2021-12-31,702041,SONDA NASOGASTRICA # 8,0,DISPOSITIVOS MEDICO,1.0,458.0,1.0
2022-01-31,702041,SONDA NASOGASTRICA # 8,0,DISPOSITIVOS MEDICO,1.0,458.0,1.0
2022-02-28,702041,SONDA NASOGASTRICA # 8,0,DISPOSITIVOS MEDICO,1.0,458.0,1.0
2022-03-31,702041,SONDA NASOGASTRICA # 8,1,DISPOSITIVOS MEDICO,1.0,458.0,1.0
2022-04-30,702041,SONDA NASOGASTRICA # 8,2,DISPOSITIVOS MEDICO,1.0,458.0,1.0
2022-05-31,702041,SONDA NASOGASTRICA # 8,2,DISPOSITIVOS MEDICO,1.0,458.0,1.0
2022-06-30,702041,SONDA NASOGASTRICA # 8,1,DISPOSITIVOS MEDICO,1.0,458.0,1.0
2021-07-31,702043,SONDA NASOGASTRICA # 12,1,DISPOSITIVOS MEDICO,1.0,0.0,0.0
2021-08-31,702043,SONDA NASOGASTRICA # 12,0,DISPOSITIVOS MEDICO,1.0,0.0,0.0
2021-09-30,702043,SONDA NASOGASTRICA # 12,2,DISPOSITIVOS MEDICO,1.0,0.0,0.0
2021-10-31,702043,SONDA NASOGASTRICA # 12,1,DISPOSITIVOS MEDICO,1.0,0.0,0.0
2021-11-30,702043,SONDA NASOGASTRICA # 12,2,DISPOSITIVOS MEDICO,1.0,0.0,0.0
2021-12-31,702043,SONDA NASOGASTRICA # 12,0,DISPOSITIVOS MEDICO,1.0,0.0,0.0
2022-01-31,702043,SONDA NASOGASTRICA # 12,1,DISPOSITIVOS MEDICO,1.0,0.0,0.0
2022-02-28,702043,SONDA NASOGASTRICA # 12,1,DISPOSITIVOS MEDICO,1.0,0.0,0.0
2022-03-31,702043,SONDA NASOGASTRICA # 12,0,DISPOSITIVOS MEDICO,1.0,0.0,0.0
2022-04-30,702043,SONDA NASOGASTRICA # 12,0,DISPOSITIVOS MEDICO,1.0,0.0,0.0
2022-05-31,702043,SONDA NASOGASTRICA # 12,0,DISPOSITIVOS MEDICO,1.0,0.0,0.0
2022-06-30,702043,SONDA NASOGASTRICA # 12,0,DISPOSITIVOS MEDICO,1.0,0.0,0.0
2021-07-31,702044,SONDA NASOGASTRICA # 14,4,DISPOSITIVOS MEDICO,1.0,773.0,2.0
2021-08-31,702044,SONDA NASOGASTRICA # 14,5,DISPOSITIVOS MEDICO,1.0,773.0,2.0
2021-09-30,702044,SONDA NASOGASTRICA # 14,3,DISPOSITIVOS MEDICO,1.0,773.0,2.0
2021-10-31,702044,SONDA NASOGASTRICA # 14,6,DISPOSITIVOS MEDICO,1.0,773.0,2.0
2021-11-30,702044,SONDA NASOGASTRICA # 14,2,DISPOSITIVOS MEDICO,1.0,773.0,2.0
2021-12-31,702044,SONDA NASOGASTRICA # 14,2,DISPOSITIVOS MEDICO,1.0,773.0,2.0
2022-01-31,702044,SONDA NASOGASTRICA # 14,7,DISPOSITIVOS MEDICO,1.0,773.0,2.0
2022-02-28,702044,SONDA NASOGASTRICA # 14,4,DISPOSITIVOS MEDICO,1.0,773.0,2.0
2022-03-31,702044,SONDA NASOGASTRICA # 14,8,DISPOSITIVOS MEDICO,1.0,773.0,2.0
2022-04-30,702044,SONDA NASOGASTRICA # 14,5,DISPOSITIVOS MEDICO,1.0,773.0,2.0
2022-05-31,702044,SONDA NASOGASTRICA # 14,6,DISPOSITIVOS MEDICO,1.0,773.0,2.0
2022-06-30,702044,SONDA NASOGASTRICA # 14,2,DISPOSITIVOS MEDICO,1.0,773.0,2.0
2021-07-31,702045,SONDA NASOGASTRICA # 16   ,20,DISPOSITIVOS MEDICO,1.0,795.0,7.0
2021-08-31,702045,SONDA NASOGASTRICA # 16   ,18,DISPOSITIVOS MEDICO,1.0,795.0,7.0
2021-09-30,702045,SONDA NASOGASTRICA # 16   ,7,DISPOSITIVOS MEDICO,1.0,795.0,7.0
2021-10-31,702045,SONDA NASOGASTRICA # 16   ,23,DISPOSITIVOS MEDICO,1.0,795.0,7.0
2021-11-30,702045,SONDA NASOGASTRICA # 16   ,26,DISPOSITIVOS MEDICO,1.0,795.0,7.0
2021-12-31,702045,SONDA NASOGASTRICA # 16   ,14,DISPOSITIVOS MEDICO,1.0,795.0,7.0
2022-01-31,702045,SONDA NASOGASTRICA # 16   ,22,DISPOSITIVOS MEDICO,1.0,795.0,7.0
2022-02-28,702045,SONDA NASOGASTRICA # 16   ,29,DISPOSITIVOS MEDICO,1.0,795.0,7.0
2022-03-31,702045,SONDA NASOGASTRICA # 16   ,29,DISPOSITIVOS MEDICO,1.0,795.0,7.0
2022-04-30,702045,SONDA NASOGASTRICA # 16   ,12,DISPOSITIVOS MEDICO,1.0,795.0,7.0
2022-05-31,702045,SONDA NASOGASTRICA # 16   ,12,DISPOSITIVOS MEDICO,1.0,795.0,7.0
2022-06-30,702045,SONDA NASOGASTRICA # 16   ,19,DISPOSITIVOS MEDICO,1.0,795.0,7.0
2021-07-31,702046,SONDA NASOGASTRICA # 18 ,12,DISPOSITIVOS MEDICO,1.0,1050.0,5.0
2021-08-31,702046,SONDA NASOGASTRICA # 18 ,10,DISPOSITIVOS MEDICO,1.0,1050.0,5.0
2021-09-30,702046,SONDA NASOGASTRICA # 18 ,5,DISPOSITIVOS MEDICO,1.0,1050.0,5.0
2021-10-31,702046,SONDA NASOGASTRICA # 18 ,3,DISPOSITIVOS MEDICO,1.0,1050.0,5.0
2021-11-30,702046,SONDA NASOGASTRICA # 18 ,8,DISPOSITIVOS MEDICO,1.0,1050.0,5.0
2021-12-31,702046,SONDA NASOGASTRICA # 18 ,6,DISPOSITIVOS MEDICO,1.0,1050.0,5.0
2022-01-31,702046,SONDA NASOGASTRICA # 18 ,10,DISPOSITIVOS MEDICO,1.0,1050.0,5.0
2022-02-28,702046,SONDA NASOGASTRICA # 18 ,7,DISPOSITIVOS MEDICO,1.0,1050.0,5.0
2022-03-31,702046,SONDA NASOGASTRICA # 18 ,14,DISPOSITIVOS MEDICO,1.0,1050.0,5.0
2022-04-30,702046,SONDA NASOGASTRICA # 18 ,6,DISPOSITIVOS MEDICO,1.0,1050.0,5.0
2022-05-31,702046,SONDA NASOGASTRICA # 18 ,10,DISPOSITIVOS MEDICO,1.0,1050.0,5.0
2022-06-30,702046,SONDA NASOGASTRICA # 18 ,7,DISPOSITIVOS MEDICO,1.0,1050.0,5.0
2021-07-31,702047,SONDA NASOGASTRICA # 20,0,DISPOSITIVOS MEDICO,1.0,855.0,2.0
2021-08-31,702047,SONDA NASOGASTRICA # 20,0,DISPOSITIVOS MEDICO,1.0,855.0,2.0
2021-09-30,702047,SONDA NASOGASTRICA # 20,2,DISPOSITIVOS MEDICO,1.0,855.0,2.0
2021-10-31,702047,SONDA NASOGASTRICA # 20,2,DISPOSITIVOS MEDICO,1.0,855.0,2.0
2021-11-30,702047,SONDA NASOGASTRICA # 20,1,DISPOSITIVOS MEDICO,1.0,855.0,2.0
2021-12-31,702047,SONDA NASOGASTRICA # 20,2,DISPOSITIVOS MEDICO,1.0,855.0,2.0
2022-01-31,702047,SONDA NASOGASTRICA # 20,2,DISPOSITIVOS MEDICO,1.0,855.0,2.0
2022-02-28,702047,SONDA NASOGASTRICA # 20,2,DISPOSITIVOS MEDICO,1.0,855.0,2.0
2022-03-31,702047,SONDA NASOGASTRICA # 20,2,DISPOSITIVOS MEDICO,1.0,855.0,2.0
2022-04-30,702047,SONDA NASOGASTRICA # 20,0,DISPOSITIVOS MEDICO,1.0,855.0,2.0
2022-05-31,702047,SONDA NASOGASTRICA # 20,0,DISPOSITIVOS MEDICO,1.0,855.0,2.0
2022-06-30,702047,SONDA NASOGASTRICA # 20,1,DISPOSITIVOS MEDICO,1.0,855.0,2.0
2021-07-31,702050,SONDA NELATON # 6 ,242,DISPOSITIVOS MEDICO,1.0,388.0,55.0
2021-08-31,702050,SONDA NELATON # 6 ,162,DISPOSITIVOS MEDICO,1.0,388.0,55.0
2021-09-30,702050,SONDA NELATON # 6 ,203,DISPOSITIVOS MEDICO,1.0,388.0,55.0
2021-10-31,702050,SONDA NELATON # 6 ,204,DISPOSITIVOS MEDICO,1.0,388.0,55.0
2021-11-30,702050,SONDA NELATON # 6 ,95,DISPOSITIVOS MEDICO,1.0,388.0,55.0
2021-12-31,702050,SONDA NELATON # 6 ,42,DISPOSITIVOS MEDICO,1.0,388.0,55.0
2022-01-31,702050,SONDA NELATON # 6 ,331,DISPOSITIVOS MEDICO,1.0,388.0,55.0
2022-02-28,702050,SONDA NELATON # 6 ,270,DISPOSITIVOS MEDICO,1.0,388.0,55.0
2022-03-31,702050,SONDA NELATON # 6 ,415,DISPOSITIVOS MEDICO,1.0,388.0,55.0
2022-04-30,702050,SONDA NELATON # 6 ,171,DISPOSITIVOS MEDICO,1.0,388.0,55.0
2022-05-31,702050,SONDA NELATON # 6 ,277,DISPOSITIVOS MEDICO,1.0,388.0,55.0
2022-06-30,702050,SONDA NELATON # 6 ,162,DISPOSITIVOS MEDICO,1.0,388.0,55.0
2021-07-31,702051,SONDA NELATON # 8,55,DISPOSITIVOS MEDICO,1.0,350.0,76.0
2021-08-31,702051,SONDA NELATON # 8,70,DISPOSITIVOS MEDICO,1.0,350.0,76.0
2021-09-30,702051,SONDA NELATON # 8,63,DISPOSITIVOS MEDICO,1.0,350.0,76.0
2021-10-31,702051,SONDA NELATON # 8,183,DISPOSITIVOS MEDICO,1.0,350.0,76.0
2021-11-30,702051,SONDA NELATON # 8,53,DISPOSITIVOS MEDICO,1.0,350.0,76.0
2021-12-31,702051,SONDA NELATON # 8,27,DISPOSITIVOS MEDICO,1.0,350.0,76.0
2022-01-31,702051,SONDA NELATON # 8,95,DISPOSITIVOS MEDICO,1.0,350.0,76.0
2022-02-28,702051,SONDA NELATON # 8,142,DISPOSITIVOS MEDICO,1.0,350.0,76.0
2022-03-31,702051,SONDA NELATON # 8,134,DISPOSITIVOS MEDICO,1.0,350.0,76.0
2022-04-30,702051,SONDA NELATON # 8,75,DISPOSITIVOS MEDICO,1.0,350.0,76.0
2022-05-31,702051,SONDA NELATON # 8,75,DISPOSITIVOS MEDICO,1.0,350.0,76.0
2022-06-30,702051,SONDA NELATON # 8,43,DISPOSITIVOS MEDICO,1.0,350.0,76.0
2021-07-31,702052,SONDA NELATON # 10   ,16,DISPOSITIVOS MEDICO,1.0,382.0,3.0
2021-08-31,702052,SONDA NELATON # 10   ,30,DISPOSITIVOS MEDICO,1.0,382.0,3.0
2021-09-30,702052,SONDA NELATON # 10   ,13,DISPOSITIVOS MEDICO,1.0,382.0,3.0
2021-10-31,702052,SONDA NELATON # 10   ,26,DISPOSITIVOS MEDICO,1.0,382.0,3.0
2021-11-30,702052,SONDA NELATON # 10   ,43,DISPOSITIVOS MEDICO,1.0,382.0,3.0
2021-12-31,702052,SONDA NELATON # 10   ,8,DISPOSITIVOS MEDICO,1.0,382.0,3.0
2022-01-31,702052,SONDA NELATON # 10   ,9,DISPOSITIVOS MEDICO,1.0,382.0,3.0
2022-02-28,702052,SONDA NELATON # 10   ,25,DISPOSITIVOS MEDICO,1.0,382.0,3.0
2022-03-31,702052,SONDA NELATON # 10   ,24,DISPOSITIVOS MEDICO,1.0,382.0,3.0
2022-04-30,702052,SONDA NELATON # 10   ,24,DISPOSITIVOS MEDICO,1.0,382.0,3.0
2022-05-31,702052,SONDA NELATON # 10   ,17,DISPOSITIVOS MEDICO,1.0,382.0,3.0
2022-06-30,702052,SONDA NELATON # 10   ,41,DISPOSITIVOS MEDICO,1.0,382.0,3.0
2021-07-31,702054,SONDA NELATON # 12 ,15,DISPOSITIVOS MEDICO,1.0,357.0,6.0
2021-08-31,702054,SONDA NELATON # 12 ,41,DISPOSITIVOS MEDICO,1.0,357.0,6.0
2021-09-30,702054,SONDA NELATON # 12 ,46,DISPOSITIVOS MEDICO,1.0,357.0,6.0
2021-10-31,702054,SONDA NELATON # 12 ,18,DISPOSITIVOS MEDICO,1.0,357.0,6.0
2021-11-30,702054,SONDA NELATON # 12 ,58,DISPOSITIVOS MEDICO,1.0,357.0,6.0
2021-12-31,702054,SONDA NELATON # 12 ,38,DISPOSITIVOS MEDICO,1.0,357.0,6.0
2022-01-31,702054,SONDA NELATON # 12 ,47,DISPOSITIVOS MEDICO,1.0,357.0,6.0
2022-02-28,702054,SONDA NELATON # 12 ,42,DISPOSITIVOS MEDICO,1.0,357.0,6.0
2022-03-31,702054,SONDA NELATON # 12 ,26,DISPOSITIVOS MEDICO,1.0,357.0,6.0
2022-04-30,702054,SONDA NELATON # 12 ,69,DISPOSITIVOS MEDICO,1.0,357.0,6.0
2022-05-31,702054,SONDA NELATON # 12 ,15,DISPOSITIVOS MEDICO,1.0,357.0,6.0
2022-06-30,702054,SONDA NELATON # 12 ,36,DISPOSITIVOS MEDICO,1.0,357.0,6.0
2021-07-31,702055,SONDA NELATON # 14   ,79,DISPOSITIVOS MEDICO,1.0,372.0,40.0
2021-08-31,702055,SONDA NELATON # 14   ,109,DISPOSITIVOS MEDICO,1.0,372.0,40.0
2021-09-30,702055,SONDA NELATON # 14   ,72,DISPOSITIVOS MEDICO,1.0,372.0,40.0
2021-10-31,702055,SONDA NELATON # 14   ,55,DISPOSITIVOS MEDICO,1.0,372.0,40.0
2021-11-30,702055,SONDA NELATON # 14   ,126,DISPOSITIVOS MEDICO,1.0,372.0,40.0
2021-12-31,702055,SONDA NELATON # 14   ,146,DISPOSITIVOS MEDICO,1.0,372.0,40.0
2022-01-31,702055,SONDA NELATON # 14   ,43,DISPOSITIVOS MEDICO,1.0,372.0,40.0
2022-02-28,702055,SONDA NELATON # 14   ,156,DISPOSITIVOS MEDICO,1.0,372.0,40.0
2022-03-31,702055,SONDA NELATON # 14   ,90,DISPOSITIVOS MEDICO,1.0,372.0,40.0
2022-04-30,702055,SONDA NELATON # 14   ,71,DISPOSITIVOS MEDICO,1.0,372.0,40.0
2022-05-31,702055,SONDA NELATON # 14   ,136,DISPOSITIVOS MEDICO,1.0,372.0,40.0
2022-06-30,702055,SONDA NELATON # 14   ,67,DISPOSITIVOS MEDICO,1.0,372.0,40.0
2021-07-31,702056,SONDA NELATON # 16 ,3,DISPOSITIVOS MEDICO,1.0,413.0,1.0
2021-08-31,702056,SONDA NELATON # 16 ,5,DISPOSITIVOS MEDICO,1.0,413.0,1.0
2021-09-30,702056,SONDA NELATON # 16 ,2,DISPOSITIVOS MEDICO,1.0,413.0,1.0
2021-10-31,702056,SONDA NELATON # 16 ,13,DISPOSITIVOS MEDICO,1.0,413.0,1.0
2021-11-30,702056,SONDA NELATON # 16 ,12,DISPOSITIVOS MEDICO,1.0,413.0,1.0
2021-12-31,702056,SONDA NELATON # 16 ,23,DISPOSITIVOS MEDICO,1.0,413.0,1.0
2022-01-31,702056,SONDA NELATON # 16 ,10,DISPOSITIVOS MEDICO,1.0,413.0,1.0
2022-02-28,702056,SONDA NELATON # 16 ,22,DISPOSITIVOS MEDICO,1.0,413.0,1.0
2022-03-31,702056,SONDA NELATON # 16 ,4,DISPOSITIVOS MEDICO,1.0,413.0,1.0
2022-04-30,702056,SONDA NELATON # 16 ,17,DISPOSITIVOS MEDICO,1.0,413.0,1.0
2022-05-31,702056,SONDA NELATON # 16 ,16,DISPOSITIVOS MEDICO,1.0,413.0,1.0
2022-06-30,702056,SONDA NELATON # 16 ,0,DISPOSITIVOS MEDICO,1.0,413.0,1.0
2021-07-31,702057,SONDA NELATON # 18,1,DISPOSITIVOS MEDICO,1.0,0.0,0.0
2021-08-31,702057,SONDA NELATON # 18,0,DISPOSITIVOS MEDICO,1.0,0.0,0.0
2021-09-30,702057,SONDA NELATON # 18,4,DISPOSITIVOS MEDICO,1.0,0.0,0.0
2021-10-31,702057,SONDA NELATON # 18,9,DISPOSITIVOS MEDICO,1.0,0.0,0.0
2021-11-30,702057,SONDA NELATON # 18,7,DISPOSITIVOS MEDICO,1.0,0.0,0.0
2021-12-31,702057,SONDA NELATON # 18,4,DISPOSITIVOS MEDICO,1.0,0.0,0.0
2022-01-31,702057,SONDA NELATON # 18,3,DISPOSITIVOS MEDICO,1.0,0.0,0.0
2022-02-28,702057,SONDA NELATON # 18,4,DISPOSITIVOS MEDICO,1.0,0.0,0.0
2022-03-31,702057,SONDA NELATON # 18,0,DISPOSITIVOS MEDICO,1.0,0.0,0.0
2022-04-30,702057,SONDA NELATON # 18,17,DISPOSITIVOS MEDICO,1.0,0.0,0.0
2022-05-31,702057,SONDA NELATON # 18,0,DISPOSITIVOS MEDICO,1.0,0.0,0.0
2022-06-30,702057,SONDA NELATON # 18,3,DISPOSITIVOS MEDICO,1.0,0.0,0.0
2021-07-31,702058,SONDA NELATON # 20 ,6,DISPOSITIVOS MEDICO,1.0,355.0,10.0
2021-08-31,702058,SONDA NELATON # 20 ,3,DISPOSITIVOS MEDICO,1.0,355.0,10.0
2021-09-30,702058,SONDA NELATON # 20 ,9,DISPOSITIVOS MEDICO,1.0,355.0,10.0
2021-10-31,702058,SONDA NELATON # 20 ,3,DISPOSITIVOS MEDICO,1.0,355.0,10.0
2021-11-30,702058,SONDA NELATON # 20 ,1,DISPOSITIVOS MEDICO,1.0,355.0,10.0
2021-12-31,702058,SONDA NELATON # 20 ,0,DISPOSITIVOS MEDICO,1.0,355.0,10.0
2022-01-31,702058,SONDA NELATON # 20 ,2,DISPOSITIVOS MEDICO,1.0,355.0,10.0
2022-02-28,702058,SONDA NELATON # 20 ,5,DISPOSITIVOS MEDICO,1.0,355.0,10.0
2022-03-31,702058,SONDA NELATON # 20 ,2,DISPOSITIVOS MEDICO,1.0,355.0,10.0
2022-04-30,702058,SONDA NELATON # 20 ,0,DISPOSITIVOS MEDICO,1.0,355.0,10.0
2022-05-31,702058,SONDA NELATON # 20 ,1,DISPOSITIVOS MEDICO,1.0,355.0,10.0
2022-06-30,702058,SONDA NELATON # 20 ,0,DISPOSITIVOS MEDICO,1.0,355.0,10.0
2021-07-31,702060,S/SUCCION  6 1129,28,DISPOSITIVOS MEDICO,1.0,955.0,7.0
2021-08-31,702060,S/SUCCION  6 1129,6,DISPOSITIVOS MEDICO,1.0,955.0,7.0
2021-09-30,702060,S/SUCCION  6 1129,8,DISPOSITIVOS MEDICO,1.0,955.0,7.0
2021-10-31,702060,S/SUCCION  6 1129,5,DISPOSITIVOS MEDICO,1.0,955.0,7.0
2021-11-30,702060,S/SUCCION  6 1129,6,DISPOSITIVOS MEDICO,1.0,955.0,7.0
2021-12-31,702060,S/SUCCION  6 1129,12,DISPOSITIVOS MEDICO,1.0,955.0,7.0
2022-01-31,702060,S/SUCCION  6 1129,43,DISPOSITIVOS MEDICO,1.0,955.0,7.0
2022-02-28,702060,S/SUCCION  6 1129,57,DISPOSITIVOS MEDICO,1.0,955.0,7.0
2022-03-31,702060,S/SUCCION  6 1129,34,DISPOSITIVOS MEDICO,1.0,955.0,7.0
2022-04-30,702060,S/SUCCION  6 1129,19,DISPOSITIVOS MEDICO,1.0,955.0,7.0
2022-05-31,702060,S/SUCCION  6 1129,36,DISPOSITIVOS MEDICO,1.0,955.0,7.0
2022-06-30,702060,S/SUCCION  6 1129,23,DISPOSITIVOS MEDICO,1.0,955.0,7.0
2021-07-31,702061,SONDA SUCCION # 8   ,15,DISPOSITIVOS MEDICO,1.0,630.0,35.0
2021-08-31,702061,SONDA SUCCION # 8   ,28,DISPOSITIVOS MEDICO,1.0,630.0,35.0
2021-09-30,702061,SONDA SUCCION # 8   ,19,DISPOSITIVOS MEDICO,1.0,630.0,35.0
2021-10-31,702061,SONDA SUCCION # 8   ,26,DISPOSITIVOS MEDICO,1.0,630.0,35.0
2021-11-30,702061,SONDA SUCCION # 8   ,9,DISPOSITIVOS MEDICO,1.0,630.0,35.0
2021-12-31,702061,SONDA SUCCION # 8   ,4,DISPOSITIVOS MEDICO,1.0,630.0,35.0
2022-01-31,702061,SONDA SUCCION # 8   ,32,DISPOSITIVOS MEDICO,1.0,630.0,35.0
2022-02-28,702061,SONDA SUCCION # 8   ,36,DISPOSITIVOS MEDICO,1.0,630.0,35.0
2022-03-31,702061,SONDA SUCCION # 8   ,36,DISPOSITIVOS MEDICO,1.0,630.0,35.0
2022-04-30,702061,SONDA SUCCION # 8   ,20,DISPOSITIVOS MEDICO,1.0,630.0,35.0
2022-05-31,702061,SONDA SUCCION # 8   ,62,DISPOSITIVOS MEDICO,1.0,630.0,35.0
2022-06-30,702061,SONDA SUCCION # 8   ,42,DISPOSITIVOS MEDICO,1.0,630.0,35.0
2021-07-31,702062,S/SUCCION 10  ,0,DISPOSITIVOS MEDICO,1.0,686.0,17.0
2021-08-31,702062,S/SUCCION 10  ,0,DISPOSITIVOS MEDICO,1.0,686.0,17.0
2021-09-30,702062,S/SUCCION 10  ,0,DISPOSITIVOS MEDICO,1.0,686.0,17.0
2021-10-31,702062,S/SUCCION 10  ,0,DISPOSITIVOS MEDICO,1.0,686.0,17.0
2021-11-30,702062,S/SUCCION 10  ,0,DISPOSITIVOS MEDICO,1.0,686.0,17.0
2021-12-31,702062,S/SUCCION 10  ,0,DISPOSITIVOS MEDICO,1.0,686.0,17.0
2022-01-31,702062,S/SUCCION 10  ,1,DISPOSITIVOS MEDICO,1.0,686.0,17.0
2022-02-28,702062,S/SUCCION 10  ,29,DISPOSITIVOS MEDICO,1.0,686.0,17.0
2022-03-31,702062,S/SUCCION 10  ,8,DISPOSITIVOS MEDICO,1.0,686.0,17.0
2022-04-30,702062,S/SUCCION 10  ,0,DISPOSITIVOS MEDICO,1.0,686.0,17.0
2022-05-31,702062,S/SUCCION 10  ,0,DISPOSITIVOS MEDICO,1.0,686.0,17.0
2022-06-30,702062,S/SUCCION 10  ,2,DISPOSITIVOS MEDICO,1.0,686.0,17.0
2021-07-31,702063,SONDA SUCCION # 12,20,DISPOSITIVOS MEDICO,1.0,650.0,12.0
2021-08-31,702063,SONDA SUCCION # 12,15,DISPOSITIVOS MEDICO,1.0,650.0,12.0
2021-09-30,702063,SONDA SUCCION # 12,9,DISPOSITIVOS MEDICO,1.0,650.0,12.0
2021-10-31,702063,SONDA SUCCION # 12,33,DISPOSITIVOS MEDICO,1.0,650.0,12.0
2021-11-30,702063,SONDA SUCCION # 12,84,DISPOSITIVOS MEDICO,1.0,650.0,12.0
2021-12-31,702063,SONDA SUCCION # 12,3,DISPOSITIVOS MEDICO,1.0,650.0,12.0
2022-01-31,702063,SONDA SUCCION # 12,2,DISPOSITIVOS MEDICO,1.0,650.0,12.0
2022-02-28,702063,SONDA SUCCION # 12,75,DISPOSITIVOS MEDICO,1.0,650.0,12.0
2022-03-31,702063,SONDA SUCCION # 12,33,DISPOSITIVOS MEDICO,1.0,650.0,12.0
2022-04-30,702063,SONDA SUCCION # 12,15,DISPOSITIVOS MEDICO,1.0,650.0,12.0
2022-05-31,702063,SONDA SUCCION # 12,16,DISPOSITIVOS MEDICO,1.0,650.0,12.0
2022-06-30,702063,SONDA SUCCION # 12,38,DISPOSITIVOS MEDICO,1.0,650.0,12.0
2021-07-31,702064,SONDA SUCCION # 14  ,635,DISPOSITIVOS MEDICO,1.0,629.0,206.0
2021-08-31,702064,SONDA SUCCION # 14  ,727,DISPOSITIVOS MEDICO,1.0,629.0,206.0
2021-09-30,702064,SONDA SUCCION # 14  ,830,DISPOSITIVOS MEDICO,1.0,629.0,206.0
2021-10-31,702064,SONDA SUCCION # 14  ,583,DISPOSITIVOS MEDICO,1.0,629.0,206.0
2021-11-30,702064,SONDA SUCCION # 14  ,728,DISPOSITIVOS MEDICO,1.0,629.0,206.0
2021-12-31,702064,SONDA SUCCION # 14  ,1258,DISPOSITIVOS MEDICO,1.0,629.0,206.0
2022-01-31,702064,SONDA SUCCION # 14  ,1319,DISPOSITIVOS MEDICO,1.0,629.0,206.0
2022-02-28,702064,SONDA SUCCION # 14  ,532,DISPOSITIVOS MEDICO,1.0,629.0,206.0
2022-03-31,702064,SONDA SUCCION # 14  ,1227,DISPOSITIVOS MEDICO,1.0,629.0,206.0
2022-04-30,702064,SONDA SUCCION # 14  ,1089,DISPOSITIVOS MEDICO,1.0,629.0,206.0
2022-05-31,702064,SONDA SUCCION # 14  ,1382,DISPOSITIVOS MEDICO,1.0,629.0,206.0
2022-06-30,702064,SONDA SUCCION # 14  ,1375,DISPOSITIVOS MEDICO,1.0,629.0,206.0
2021-07-31,702065,SONDA SUCCION # 16,421,DISPOSITIVOS MEDICO,1.0,651.0,84.0
2021-08-31,702065,SONDA SUCCION # 16,479,DISPOSITIVOS MEDICO,1.0,651.0,84.0
2021-09-30,702065,SONDA SUCCION # 16,354,DISPOSITIVOS MEDICO,1.0,651.0,84.0
2021-10-31,702065,SONDA SUCCION # 16,527,DISPOSITIVOS MEDICO,1.0,651.0,84.0
2021-11-30,702065,SONDA SUCCION # 16,525,DISPOSITIVOS MEDICO,1.0,651.0,84.0
2021-12-31,702065,SONDA SUCCION # 16,539,DISPOSITIVOS MEDICO,1.0,651.0,84.0
2022-01-31,702065,SONDA SUCCION # 16,382,DISPOSITIVOS MEDICO,1.0,651.0,84.0
2022-02-28,702065,SONDA SUCCION # 16,643,DISPOSITIVOS MEDICO,1.0,651.0,84.0
2022-03-31,702065,SONDA SUCCION # 16,281,DISPOSITIVOS MEDICO,1.0,651.0,84.0
2022-04-30,702065,SONDA SUCCION # 16,371,DISPOSITIVOS MEDICO,1.0,651.0,84.0
2022-05-31,702065,SONDA SUCCION # 16,289,DISPOSITIVOS MEDICO,1.0,651.0,84.0
2022-06-30,702065,SONDA SUCCION # 16,500,DISPOSITIVOS MEDICO,1.0,651.0,84.0
2021-07-31,702069,S/TRACH-CARE 6FR S/CERRADO -196-4,5,DISPOSITIVOS MEDICO,1.0,58181.0,3.0
2021-08-31,702069,S/TRACH-CARE 6FR S/CERRADO -196-4,8,DISPOSITIVOS MEDICO,1.0,58181.0,3.0
2021-09-30,702069,S/TRACH-CARE 6FR S/CERRADO -196-4,5,DISPOSITIVOS MEDICO,1.0,58181.0,3.0
2021-10-31,702069,S/TRACH-CARE 6FR S/CERRADO -196-4,3,DISPOSITIVOS MEDICO,1.0,58181.0,3.0
2021-11-30,702069,S/TRACH-CARE 6FR S/CERRADO -196-4,0,DISPOSITIVOS MEDICO,1.0,58181.0,3.0
2021-12-31,702069,S/TRACH-CARE 6FR S/CERRADO -196-4,2,DISPOSITIVOS MEDICO,1.0,58181.0,3.0
2022-01-31,702069,S/TRACH-CARE 6FR S/CERRADO -196-4,14,DISPOSITIVOS MEDICO,1.0,58181.0,3.0
2022-02-28,702069,S/TRACH-CARE 6FR S/CERRADO -196-4,15,DISPOSITIVOS MEDICO,1.0,58181.0,3.0
2022-03-31,702069,S/TRACH-CARE 6FR S/CERRADO -196-4,15,DISPOSITIVOS MEDICO,1.0,58181.0,3.0
2022-04-30,702069,S/TRACH-CARE 6FR S/CERRADO -196-4,7,DISPOSITIVOS MEDICO,1.0,58181.0,3.0
2022-05-31,702069,S/TRACH-CARE 6FR S/CERRADO -196-4,7,DISPOSITIVOS MEDICO,1.0,58181.0,3.0
2022-06-30,702069,S/TRACH-CARE 6FR S/CERRADO -196-4,9,DISPOSITIVOS MEDICO,1.0,58181.0,3.0
2021-07-31,702070,S/TRACH-CARE 8FR S/CERRADO- 198-4,2,DISPOSITIVOS MEDICO,1.0,59333.0,4.0
2021-08-31,702070,S/TRACH-CARE 8FR S/CERRADO- 198-4,7,DISPOSITIVOS MEDICO,1.0,59333.0,4.0
2021-09-30,702070,S/TRACH-CARE 8FR S/CERRADO- 198-4,8,DISPOSITIVOS MEDICO,1.0,59333.0,4.0
2021-10-31,702070,S/TRACH-CARE 8FR S/CERRADO- 198-4,9,DISPOSITIVOS MEDICO,1.0,59333.0,4.0
2021-11-30,702070,S/TRACH-CARE 8FR S/CERRADO- 198-4,9,DISPOSITIVOS MEDICO,1.0,59333.0,4.0
2021-12-31,702070,S/TRACH-CARE 8FR S/CERRADO- 198-4,4,DISPOSITIVOS MEDICO,1.0,59333.0,4.0
2022-01-31,702070,S/TRACH-CARE 8FR S/CERRADO- 198-4,6,DISPOSITIVOS MEDICO,1.0,59333.0,4.0
2022-02-28,702070,S/TRACH-CARE 8FR S/CERRADO- 198-4,16,DISPOSITIVOS MEDICO,1.0,59333.0,4.0
2022-03-31,702070,S/TRACH-CARE 8FR S/CERRADO- 198-4,18,DISPOSITIVOS MEDICO,1.0,59333.0,4.0
2022-04-30,702070,S/TRACH-CARE 8FR S/CERRADO- 198-4,3,DISPOSITIVOS MEDICO,1.0,59333.0,4.0
2022-05-31,702070,S/TRACH-CARE 8FR S/CERRADO- 198-4,9,DISPOSITIVOS MEDICO,1.0,59333.0,4.0
2022-06-30,702070,S/TRACH-CARE 8FR S/CERRADO- 198-4,5,DISPOSITIVOS MEDICO,1.0,59333.0,4.0
2021-07-31,702074,S/TRACH-CARE 14FR S/CERRADO/LARGA 22106,66,DISPOSITIVOS MEDICO,1.0,59131.0,18.0
2021-08-31,702074,S/TRACH-CARE 14FR S/CERRADO/LARGA 22106,66,DISPOSITIVOS MEDICO,1.0,59131.0,18.0
2021-09-30,702074,S/TRACH-CARE 14FR S/CERRADO/LARGA 22106,83,DISPOSITIVOS MEDICO,1.0,59131.0,18.0
2021-10-31,702074,S/TRACH-CARE 14FR S/CERRADO/LARGA 22106,76,DISPOSITIVOS MEDICO,1.0,59131.0,18.0
2021-11-30,702074,S/TRACH-CARE 14FR S/CERRADO/LARGA 22106,78,DISPOSITIVOS MEDICO,1.0,59131.0,18.0
2021-12-31,702074,S/TRACH-CARE 14FR S/CERRADO/LARGA 22106,94,DISPOSITIVOS MEDICO,1.0,59131.0,18.0
2022-01-31,702074,S/TRACH-CARE 14FR S/CERRADO/LARGA 22106,85,DISPOSITIVOS MEDICO,1.0,59131.0,18.0
2022-02-28,702074,S/TRACH-CARE 14FR S/CERRADO/LARGA 22106,72,DISPOSITIVOS MEDICO,1.0,59131.0,18.0
2022-03-31,702074,S/TRACH-CARE 14FR S/CERRADO/LARGA 22106,89,DISPOSITIVOS MEDICO,1.0,59131.0,18.0
2022-04-30,702074,S/TRACH-CARE 14FR S/CERRADO/LARGA 22106,45,DISPOSITIVOS MEDICO,1.0,59131.0,18.0
2022-05-31,702074,S/TRACH-CARE 14FR S/CERRADO/LARGA 22106,75,DISPOSITIVOS MEDICO,1.0,59131.0,18.0
2022-06-30,702074,S/TRACH-CARE 14FR S/CERRADO/LARGA 22106,89,DISPOSITIVOS MEDICO,1.0,59131.0,18.0
2021-07-31,702075,S/TRACH-CARE 16FR S/CERRADO/22606,62,DISPOSITIVOS MEDICO,1.0,59853.0,28.0
2021-08-31,702075,S/TRACH-CARE 16FR S/CERRADO/22606,41,DISPOSITIVOS MEDICO,1.0,59853.0,28.0
2021-09-30,702075,S/TRACH-CARE 16FR S/CERRADO/22606,27,DISPOSITIVOS MEDICO,1.0,59853.0,28.0
2021-10-31,702075,S/TRACH-CARE 16FR S/CERRADO/22606,49,DISPOSITIVOS MEDICO,1.0,59853.0,28.0
2021-11-30,702075,S/TRACH-CARE 16FR S/CERRADO/22606,33,DISPOSITIVOS MEDICO,1.0,59853.0,28.0
2021-12-31,702075,S/TRACH-CARE 16FR S/CERRADO/22606,55,DISPOSITIVOS MEDICO,1.0,59853.0,28.0
2022-01-31,702075,S/TRACH-CARE 16FR S/CERRADO/22606,82,DISPOSITIVOS MEDICO,1.0,59853.0,28.0
2022-02-28,702075,S/TRACH-CARE 16FR S/CERRADO/22606,66,DISPOSITIVOS MEDICO,1.0,59853.0,28.0
2022-03-31,702075,S/TRACH-CARE 16FR S/CERRADO/22606,42,DISPOSITIVOS MEDICO,1.0,59853.0,28.0
2022-04-30,702075,S/TRACH-CARE 16FR S/CERRADO/22606,58,DISPOSITIVOS MEDICO,1.0,59853.0,28.0
2022-05-31,702075,S/TRACH-CARE 16FR S/CERRADO/22606,74,DISPOSITIVOS MEDICO,1.0,59853.0,28.0
2022-06-30,702075,S/TRACH-CARE 16FR S/CERRADO/22606,103,DISPOSITIVOS MEDICO,1.0,59853.0,28.0
2021-07-31,702077,BRAZALETE NEO/1,0,DISPOSITIVOS MEDICO,1.0,19811.0,7.0
2021-08-31,702077,BRAZALETE NEO/1,1,DISPOSITIVOS MEDICO,1.0,19811.0,7.0
2021-09-30,702077,BRAZALETE NEO/1,2,DISPOSITIVOS MEDICO,1.0,19811.0,7.0
2021-10-31,702077,BRAZALETE NEO/1,0,DISPOSITIVOS MEDICO,1.0,19811.0,7.0
2021-11-30,702077,BRAZALETE NEO/1,0,DISPOSITIVOS MEDICO,1.0,19811.0,7.0
2021-12-31,702077,BRAZALETE NEO/1,1,DISPOSITIVOS MEDICO,1.0,19811.0,7.0
2022-01-31,702077,BRAZALETE NEO/1,2,DISPOSITIVOS MEDICO,1.0,19811.0,7.0
2022-02-28,702077,BRAZALETE NEO/1,1,DISPOSITIVOS MEDICO,1.0,19811.0,7.0
2022-03-31,702077,BRAZALETE NEO/1,6,DISPOSITIVOS MEDICO,1.0,19811.0,7.0
2022-04-30,702077,BRAZALETE NEO/1,0,DISPOSITIVOS MEDICO,1.0,19811.0,7.0
2022-05-31,702077,BRAZALETE NEO/1,3,DISPOSITIVOS MEDICO,1.0,19811.0,7.0
2022-06-30,702077,BRAZALETE NEO/1,1,DISPOSITIVOS MEDICO,1.0,19811.0,7.0
2021-07-31,702078,BRAZALETE NEO/2,1,DISPOSITIVOS MEDICO,1.0,20900.0,5.0
2021-08-31,702078,BRAZALETE NEO/2,2,DISPOSITIVOS MEDICO,1.0,20900.0,5.0
2021-09-30,702078,BRAZALETE NEO/2,6,DISPOSITIVOS MEDICO,1.0,20900.0,5.0
2021-10-31,702078,BRAZALETE NEO/2,2,DISPOSITIVOS MEDICO,1.0,20900.0,5.0
2021-11-30,702078,BRAZALETE NEO/2,10,DISPOSITIVOS MEDICO,1.0,20900.0,5.0
2021-12-31,702078,BRAZALETE NEO/2,4,DISPOSITIVOS MEDICO,1.0,20900.0,5.0
2022-01-31,702078,BRAZALETE NEO/2,14,DISPOSITIVOS MEDICO,1.0,20900.0,5.0
2022-02-28,702078,BRAZALETE NEO/2,9,DISPOSITIVOS MEDICO,1.0,20900.0,5.0
2022-03-31,702078,BRAZALETE NEO/2,5,DISPOSITIVOS MEDICO,1.0,20900.0,5.0
2022-04-30,702078,BRAZALETE NEO/2,4,DISPOSITIVOS MEDICO,1.0,20900.0,5.0
2022-05-31,702078,BRAZALETE NEO/2,9,DISPOSITIVOS MEDICO,1.0,20900.0,5.0
2022-06-30,702078,BRAZALETE NEO/2,7,DISPOSITIVOS MEDICO,1.0,20900.0,5.0
2021-07-31,702079,BRAZALETE NEO/3,12,DISPOSITIVOS MEDICO,1.0,21089.0,10.0
2021-08-31,702079,BRAZALETE NEO/3,17,DISPOSITIVOS MEDICO,1.0,21089.0,10.0
2021-09-30,702079,BRAZALETE NEO/3,10,DISPOSITIVOS MEDICO,1.0,21089.0,10.0
2021-10-31,702079,BRAZALETE NEO/3,12,DISPOSITIVOS MEDICO,1.0,21089.0,10.0
2021-11-30,702079,BRAZALETE NEO/3,17,DISPOSITIVOS MEDICO,1.0,21089.0,10.0
2021-12-31,702079,BRAZALETE NEO/3,17,DISPOSITIVOS MEDICO,1.0,21089.0,10.0
2022-01-31,702079,BRAZALETE NEO/3,27,DISPOSITIVOS MEDICO,1.0,21089.0,10.0
2022-02-28,702079,BRAZALETE NEO/3,22,DISPOSITIVOS MEDICO,1.0,21089.0,10.0
2022-03-31,702079,BRAZALETE NEO/3,17,DISPOSITIVOS MEDICO,1.0,21089.0,10.0
2022-04-30,702079,BRAZALETE NEO/3,19,DISPOSITIVOS MEDICO,1.0,21089.0,10.0
2022-05-31,702079,BRAZALETE NEO/3,12,DISPOSITIVOS MEDICO,1.0,21089.0,10.0
2022-06-30,702079,BRAZALETE NEO/3,17,DISPOSITIVOS MEDICO,1.0,21089.0,10.0
2021-07-31,702080,BRAZALETE NEO/4,6,DISPOSITIVOS MEDICO,1.0,19983.0,6.0
2021-08-31,702080,BRAZALETE NEO/4,8,DISPOSITIVOS MEDICO,1.0,19983.0,6.0
2021-09-30,702080,BRAZALETE NEO/4,1,DISPOSITIVOS MEDICO,1.0,19983.0,6.0
2021-10-31,702080,BRAZALETE NEO/4,9,DISPOSITIVOS MEDICO,1.0,19983.0,6.0
2021-11-30,702080,BRAZALETE NEO/4,9,DISPOSITIVOS MEDICO,1.0,19983.0,6.0
2021-12-31,702080,BRAZALETE NEO/4,11,DISPOSITIVOS MEDICO,1.0,19983.0,6.0
2022-01-31,702080,BRAZALETE NEO/4,12,DISPOSITIVOS MEDICO,1.0,19983.0,6.0
2022-02-28,702080,BRAZALETE NEO/4,7,DISPOSITIVOS MEDICO,1.0,19983.0,6.0
2022-03-31,702080,BRAZALETE NEO/4,4,DISPOSITIVOS MEDICO,1.0,19983.0,6.0
2022-04-30,702080,BRAZALETE NEO/4,6,DISPOSITIVOS MEDICO,1.0,19983.0,6.0
2022-05-31,702080,BRAZALETE NEO/4,5,DISPOSITIVOS MEDICO,1.0,19983.0,6.0
2022-06-30,702080,BRAZALETE NEO/4,4,DISPOSITIVOS MEDICO,1.0,19983.0,6.0
2021-07-31,702085,CANULA NASAL OXIGENO NEONATAL,4,DISPOSITIVOS MEDICO,1.0,2086.0,2.0
2021-08-31,702085,CANULA NASAL OXIGENO NEONATAL,0,DISPOSITIVOS MEDICO,1.0,2086.0,2.0
2021-09-30,702085,CANULA NASAL OXIGENO NEONATAL,1,DISPOSITIVOS MEDICO,1.0,2086.0,2.0
2021-10-31,702085,CANULA NASAL OXIGENO NEONATAL,1,DISPOSITIVOS MEDICO,1.0,2086.0,2.0
2021-11-30,702085,CANULA NASAL OXIGENO NEONATAL,4,DISPOSITIVOS MEDICO,1.0,2086.0,2.0
2021-12-31,702085,CANULA NASAL OXIGENO NEONATAL,1,DISPOSITIVOS MEDICO,1.0,2086.0,2.0
2022-01-31,702085,CANULA NASAL OXIGENO NEONATAL,9,DISPOSITIVOS MEDICO,1.0,2086.0,2.0
2022-02-28,702085,CANULA NASAL OXIGENO NEONATAL,3,DISPOSITIVOS MEDICO,1.0,2086.0,2.0
2022-03-31,702085,CANULA NASAL OXIGENO NEONATAL,6,DISPOSITIVOS MEDICO,1.0,2086.0,2.0
2022-04-30,702085,CANULA NASAL OXIGENO NEONATAL,0,DISPOSITIVOS MEDICO,1.0,2086.0,2.0
2022-05-31,702085,CANULA NASAL OXIGENO NEONATAL,1,DISPOSITIVOS MEDICO,1.0,2086.0,2.0
2022-06-30,702085,CANULA NASAL OXIGENO NEONATAL,2,DISPOSITIVOS MEDICO,1.0,2086.0,2.0
2021-07-31,702088,CANULA NASAL OXIGENO PEDIATRICA,2,DISPOSITIVOS MEDICO,1.0,783.0,3.0
2021-08-31,702088,CANULA NASAL OXIGENO PEDIATRICA,2,DISPOSITIVOS MEDICO,1.0,783.0,3.0
2021-09-30,702088,CANULA NASAL OXIGENO PEDIATRICA,3,DISPOSITIVOS MEDICO,1.0,783.0,3.0
2021-10-31,702088,CANULA NASAL OXIGENO PEDIATRICA,4,DISPOSITIVOS MEDICO,1.0,783.0,3.0
2021-11-30,702088,CANULA NASAL OXIGENO PEDIATRICA,1,DISPOSITIVOS MEDICO,1.0,783.0,3.0
2021-12-31,702088,CANULA NASAL OXIGENO PEDIATRICA,1,DISPOSITIVOS MEDICO,1.0,783.0,3.0
2022-01-31,702088,CANULA NASAL OXIGENO PEDIATRICA,1,DISPOSITIVOS MEDICO,1.0,783.0,3.0
2022-02-28,702088,CANULA NASAL OXIGENO PEDIATRICA,3,DISPOSITIVOS MEDICO,1.0,783.0,3.0
2022-03-31,702088,CANULA NASAL OXIGENO PEDIATRICA,0,DISPOSITIVOS MEDICO,1.0,783.0,3.0
2022-04-30,702088,CANULA NASAL OXIGENO PEDIATRICA,0,DISPOSITIVOS MEDICO,1.0,783.0,3.0
2022-05-31,702088,CANULA NASAL OXIGENO PEDIATRICA,2,DISPOSITIVOS MEDICO,1.0,783.0,3.0
2022-06-30,702088,CANULA NASAL OXIGENO PEDIATRICA,1,DISPOSITIVOS MEDICO,1.0,783.0,3.0
2021-07-31,702089,CATETER UMBILICAL 3.5 FR,4,DISPOSITIVOS MEDICO,1.0,4715.0,11.0
2021-08-31,702089,CATETER UMBILICAL 3.5 FR,12,DISPOSITIVOS MEDICO,1.0,4715.0,11.0
2021-09-30,702089,CATETER UMBILICAL 3.5 FR,15,DISPOSITIVOS MEDICO,1.0,4715.0,11.0
2021-10-31,702089,CATETER UMBILICAL 3.5 FR,7,DISPOSITIVOS MEDICO,1.0,4715.0,11.0
2021-11-30,702089,CATETER UMBILICAL 3.5 FR,7,DISPOSITIVOS MEDICO,1.0,4715.0,11.0
2021-12-31,702089,CATETER UMBILICAL 3.5 FR,8,DISPOSITIVOS MEDICO,1.0,4715.0,11.0
2022-01-31,702089,CATETER UMBILICAL 3.5 FR,22,DISPOSITIVOS MEDICO,1.0,4715.0,11.0
2022-02-28,702089,CATETER UMBILICAL 3.5 FR,13,DISPOSITIVOS MEDICO,1.0,4715.0,11.0
2022-03-31,702089,CATETER UMBILICAL 3.5 FR,14,DISPOSITIVOS MEDICO,1.0,4715.0,11.0
2022-04-30,702089,CATETER UMBILICAL 3.5 FR,2,DISPOSITIVOS MEDICO,1.0,4715.0,11.0
2022-05-31,702089,CATETER UMBILICAL 3.5 FR,16,DISPOSITIVOS MEDICO,1.0,4715.0,11.0
2022-06-30,702089,CATETER UMBILICAL 3.5 FR,6,DISPOSITIVOS MEDICO,1.0,4715.0,11.0
2021-07-31,702090,CATETER UMBILICAL 5.0FR,6,DISPOSITIVOS MEDICO,1.0,4740.0,14.0
2021-08-31,702090,CATETER UMBILICAL 5.0FR,11,DISPOSITIVOS MEDICO,1.0,4740.0,14.0
2021-09-30,702090,CATETER UMBILICAL 5.0FR,16,DISPOSITIVOS MEDICO,1.0,4740.0,14.0
2021-10-31,702090,CATETER UMBILICAL 5.0FR,12,DISPOSITIVOS MEDICO,1.0,4740.0,14.0
2021-11-30,702090,CATETER UMBILICAL 5.0FR,9,DISPOSITIVOS MEDICO,1.0,4740.0,14.0
2021-12-31,702090,CATETER UMBILICAL 5.0FR,9,DISPOSITIVOS MEDICO,1.0,4740.0,14.0
2022-01-31,702090,CATETER UMBILICAL 5.0FR,19,DISPOSITIVOS MEDICO,1.0,4740.0,14.0
2022-02-28,702090,CATETER UMBILICAL 5.0FR,11,DISPOSITIVOS MEDICO,1.0,4740.0,14.0
2022-03-31,702090,CATETER UMBILICAL 5.0FR,17,DISPOSITIVOS MEDICO,1.0,4740.0,14.0
2022-04-30,702090,CATETER UMBILICAL 5.0FR,3,DISPOSITIVOS MEDICO,1.0,4740.0,14.0
2022-05-31,702090,CATETER UMBILICAL 5.0FR,16,DISPOSITIVOS MEDICO,1.0,4740.0,14.0
2022-06-30,702090,CATETER UMBILICAL 5.0FR,9,DISPOSITIVOS MEDICO,1.0,4740.0,14.0
2021-07-31,702145,AGUJA 18X1.5,3694,DISPOSITIVOS MEDICO,1.0,62.0,329.01
2021-08-31,702145,AGUJA 18X1.5,3060,DISPOSITIVOS MEDICO,1.0,62.0,329.01
2021-09-30,702145,AGUJA 18X1.5,3911,DISPOSITIVOS MEDICO,1.0,62.0,329.01
2021-10-31,702145,AGUJA 18X1.5,4805,DISPOSITIVOS MEDICO,1.0,62.0,329.01
2021-11-30,702145,AGUJA 18X1.5,4889,DISPOSITIVOS MEDICO,1.0,62.0,329.01
2021-12-31,702145,AGUJA 18X1.5,4470,DISPOSITIVOS MEDICO,1.0,62.0,329.01
2022-01-31,702145,AGUJA 18X1.5,3757,DISPOSITIVOS MEDICO,1.0,62.0,329.01
2022-02-28,702145,AGUJA 18X1.5,3102,DISPOSITIVOS MEDICO,1.0,62.0,329.01
2022-03-31,702145,AGUJA 18X1.5,3757,DISPOSITIVOS MEDICO,1.0,62.0,329.01
2022-04-30,702145,AGUJA 18X1.5,4461,DISPOSITIVOS MEDICO,1.0,62.0,329.01
2022-05-31,702145,AGUJA 18X1.5,3723,DISPOSITIVOS MEDICO,1.0,62.0,329.01
2022-06-30,702145,AGUJA 18X1.5,4381,DISPOSITIVOS MEDICO,1.0,62.0,329.01
2021-07-31,702148,AGUJA 21GA X1 ,0,DISPOSITIVOS MEDICO,1.0,0.0,0.0
2021-08-31,702148,AGUJA 21GA X1 ,4,DISPOSITIVOS MEDICO,1.0,0.0,0.0
2021-09-30,702148,AGUJA 21GA X1 ,0,DISPOSITIVOS MEDICO,1.0,0.0,0.0
2021-10-31,702148,AGUJA 21GA X1 ,0,DISPOSITIVOS MEDICO,1.0,0.0,0.0
2021-11-30,702148,AGUJA 21GA X1 ,1,DISPOSITIVOS MEDICO,1.0,0.0,0.0
2021-12-31,702148,AGUJA 21GA X1 ,0,DISPOSITIVOS MEDICO,1.0,0.0,0.0
2022-01-31,702148,AGUJA 21GA X1 ,0,DISPOSITIVOS MEDICO,1.0,0.0,0.0
2022-02-28,702148,AGUJA 21GA X1 ,0,DISPOSITIVOS MEDICO,1.0,0.0,0.0
2022-03-31,702148,AGUJA 21GA X1 ,0,DISPOSITIVOS MEDICO,1.0,0.0,0.0
2022-04-30,702148,AGUJA 21GA X1 ,3,DISPOSITIVOS MEDICO,1.0,0.0,0.0
2022-05-31,702148,AGUJA 21GA X1 ,0,DISPOSITIVOS MEDICO,1.0,0.0,0.0
2022-06-30,702148,AGUJA 21GA X1 ,0,DISPOSITIVOS MEDICO,1.0,0.0,0.0
2021-07-31,702151,AGUJA 23X1,3,DISPOSITIVOS MEDICO,1.0,76.0,23.0
2021-08-31,702151,AGUJA 23X1,0,DISPOSITIVOS MEDICO,1.0,76.0,23.0
2021-09-30,702151,AGUJA 23X1,2,DISPOSITIVOS MEDICO,1.0,76.0,23.0
2021-10-31,702151,AGUJA 23X1,1,DISPOSITIVOS MEDICO,1.0,76.0,23.0
2021-11-30,702151,AGUJA 23X1,1,DISPOSITIVOS MEDICO,1.0,76.0,23.0
2021-12-31,702151,AGUJA 23X1,3,DISPOSITIVOS MEDICO,1.0,76.0,23.0
2022-01-31,702151,AGUJA 23X1,3,DISPOSITIVOS MEDICO,1.0,76.0,23.0
2022-02-28,702151,AGUJA 23X1,6,DISPOSITIVOS MEDICO,1.0,76.0,23.0
2022-03-31,702151,AGUJA 23X1,5,DISPOSITIVOS MEDICO,1.0,76.0,23.0
2022-04-30,702151,AGUJA 23X1,7,DISPOSITIVOS MEDICO,1.0,76.0,23.0
2022-05-31,702151,AGUJA 23X1,6,DISPOSITIVOS MEDICO,1.0,76.0,23.0
2022-06-30,702151,AGUJA 23X1,5,DISPOSITIVOS MEDICO,1.0,76.0,23.0
2021-07-31,702153,AGUJA 25GA X1,0,DISPOSITIVOS MEDICO,1.0,,
2021-08-31,702153,AGUJA 25GA X1,0,DISPOSITIVOS MEDICO,1.0,,
2021-09-30,702153,AGUJA 25GA X1,0,DISPOSITIVOS MEDICO,1.0,,
2021-10-31,702153,AGUJA 25GA X1,0,DISPOSITIVOS MEDICO,1.0,,
2021-11-30,702153,AGUJA 25GA X1,0,DISPOSITIVOS MEDICO,1.0,,
2021-12-31,702153,AGUJA 25GA X1,0,DISPOSITIVOS MEDICO,1.0,,
2022-01-31,702153,AGUJA 25GA X1,0,DISPOSITIVOS MEDICO,1.0,,
2022-02-28,702153,AGUJA 25GA X1,0,DISPOSITIVOS MEDICO,1.0,,
2022-03-31,702153,AGUJA 25GA X1,2,DISPOSITIVOS MEDICO,1.0,,
2022-04-30,702153,AGUJA 25GA X1,0,DISPOSITIVOS MEDICO,1.0,,
2022-05-31,702153,AGUJA 25GA X1,0,DISPOSITIVOS MEDICO,1.0,,
2022-06-30,702153,AGUJA 25GA X1,2,DISPOSITIVOS MEDICO,1.0,,
2021-07-31,702154,AGUJA 26GA X1/2 0,5,DISPOSITIVOS MEDICO,1.0,0.0,0.0
2021-08-31,702154,AGUJA 26GA X1/2 0,4,DISPOSITIVOS MEDICO,1.0,0.0,0.0
2021-09-30,702154,AGUJA 26GA X1/2 0,0,DISPOSITIVOS MEDICO,1.0,0.0,0.0
2021-10-31,702154,AGUJA 26GA X1/2 0,0,DISPOSITIVOS MEDICO,1.0,0.0,0.0
2021-11-30,702154,AGUJA 26GA X1/2 0,0,DISPOSITIVOS MEDICO,1.0,0.0,0.0
2021-12-31,702154,AGUJA 26GA X1/2 0,0,DISPOSITIVOS MEDICO,1.0,0.0,0.0
2022-01-31,702154,AGUJA 26GA X1/2 0,0,DISPOSITIVOS MEDICO,1.0,0.0,0.0
2022-02-28,702154,AGUJA 26GA X1/2 0,0,DISPOSITIVOS MEDICO,1.0,0.0,0.0
2022-03-31,702154,AGUJA 26GA X1/2 0,1,DISPOSITIVOS MEDICO,1.0,0.0,0.0
2022-04-30,702154,AGUJA 26GA X1/2 0,0,DISPOSITIVOS MEDICO,1.0,0.0,0.0
2022-05-31,702154,AGUJA 26GA X1/2 0,2,DISPOSITIVOS MEDICO,1.0,0.0,0.0
2022-06-30,702154,AGUJA 26GA X1/2 0,16,DISPOSITIVOS MEDICO,1.0,0.0,0.0
2021-07-31,702197,CATETER V/CT 16GX20CM/CV-04301-01CV50016,3,DISPOSITIVOS MEDICO,1.0,65340.0,3.0
2021-08-31,702197,CATETER V/CT 16GX20CM/CV-04301-01CV50016,3,DISPOSITIVOS MEDICO,1.0,65340.0,3.0
2021-09-30,702197,CATETER V/CT 16GX20CM/CV-04301-01CV50016,0,DISPOSITIVOS MEDICO,1.0,65340.0,3.0
2021-10-31,702197,CATETER V/CT 16GX20CM/CV-04301-01CV50016,3,DISPOSITIVOS MEDICO,1.0,65340.0,3.0
2021-11-30,702197,CATETER V/CT 16GX20CM/CV-04301-01CV50016,3,DISPOSITIVOS MEDICO,1.0,65340.0,3.0
2021-12-31,702197,CATETER V/CT 16GX20CM/CV-04301-01CV50016,3,DISPOSITIVOS MEDICO,1.0,65340.0,3.0
2022-01-31,702197,CATETER V/CT 16GX20CM/CV-04301-01CV50016,2,DISPOSITIVOS MEDICO,1.0,65340.0,3.0
2022-02-28,702197,CATETER V/CT 16GX20CM/CV-04301-01CV50016,0,DISPOSITIVOS MEDICO,1.0,65340.0,3.0
2022-03-31,702197,CATETER V/CT 16GX20CM/CV-04301-01CV50016,2,DISPOSITIVOS MEDICO,1.0,65340.0,3.0
2022-04-30,702197,CATETER V/CT 16GX20CM/CV-04301-01CV50016,1,DISPOSITIVOS MEDICO,1.0,65340.0,3.0
2022-05-31,702197,CATETER V/CT 16GX20CM/CV-04301-01CV50016,0,DISPOSITIVOS MEDICO,1.0,65340.0,3.0
2022-06-30,702197,CATETER V/CT 16GX20CM/CV-04301-01CV50016,0,DISPOSITIVOS MEDICO,1.0,65340.0,3.0
2021-07-31,702204,INTRODUCTOR 7.0FR/SI-09700 ARROW,4,DISPOSITIVOS MEDICO,1.0,111994.0,1.0
2021-08-31,702204,INTRODUCTOR 7.0FR/SI-09700 ARROW,2,DISPOSITIVOS MEDICO,1.0,111994.0,1.0
2021-09-30,702204,INTRODUCTOR 7.0FR/SI-09700 ARROW,2,DISPOSITIVOS MEDICO,1.0,111994.0,1.0
2021-10-31,702204,INTRODUCTOR 7.0FR/SI-09700 ARROW,3,DISPOSITIVOS MEDICO,1.0,111994.0,1.0
2021-11-30,702204,INTRODUCTOR 7.0FR/SI-09700 ARROW,2,DISPOSITIVOS MEDICO,1.0,111994.0,1.0
2021-12-31,702204,INTRODUCTOR 7.0FR/SI-09700 ARROW,0,DISPOSITIVOS MEDICO,1.0,111994.0,1.0
2022-01-31,702204,INTRODUCTOR 7.0FR/SI-09700 ARROW,2,DISPOSITIVOS MEDICO,1.0,111994.0,1.0
2022-02-28,702204,INTRODUCTOR 7.0FR/SI-09700 ARROW,1,DISPOSITIVOS MEDICO,1.0,111994.0,1.0
2022-03-31,702204,INTRODUCTOR 7.0FR/SI-09700 ARROW,0,DISPOSITIVOS MEDICO,1.0,111994.0,1.0
2022-04-30,702204,INTRODUCTOR 7.0FR/SI-09700 ARROW,2,DISPOSITIVOS MEDICO,1.0,111994.0,1.0
2022-05-31,702204,INTRODUCTOR 7.0FR/SI-09700 ARROW,2,DISPOSITIVOS MEDICO,1.0,111994.0,1.0
2022-06-30,702204,INTRODUCTOR 7.0FR/SI-09700 ARROW,0,DISPOSITIVOS MEDICO,1.0,111994.0,1.0
2021-07-31,702207,JELCO 14G X 2-1/4 ,1,DISPOSITIVOS MEDICO,1.0,,
2021-08-31,702207,JELCO 14G X 2-1/4 ,3,DISPOSITIVOS MEDICO,1.0,,
2021-09-30,702207,JELCO 14G X 2-1/4 ,0,DISPOSITIVOS MEDICO,1.0,,
2021-10-31,702207,JELCO 14G X 2-1/4 ,0,DISPOSITIVOS MEDICO,1.0,,
2021-11-30,702207,JELCO 14G X 2-1/4 ,0,DISPOSITIVOS MEDICO,1.0,,
2021-12-31,702207,JELCO 14G X 2-1/4 ,1,DISPOSITIVOS MEDICO,1.0,,
2022-01-31,702207,JELCO 14G X 2-1/4 ,0,DISPOSITIVOS MEDICO,1.0,,
2022-02-28,702207,JELCO 14G X 2-1/4 ,0,DISPOSITIVOS MEDICO,1.0,,
2022-03-31,702207,JELCO 14G X 2-1/4 ,0,DISPOSITIVOS MEDICO,1.0,,
2022-04-30,702207,JELCO 14G X 2-1/4 ,0,DISPOSITIVOS MEDICO,1.0,,
2022-05-31,702207,JELCO 14G X 2-1/4 ,0,DISPOSITIVOS MEDICO,1.0,,
2022-06-30,702207,JELCO 14G X 2-1/4 ,0,DISPOSITIVOS MEDICO,1.0,,
2021-07-31,702208,JELCO 16G X 2-1/4 LARGO,0,DISPOSITIVOS MEDICO,1.0,0.0,0.0
2021-08-31,702208,JELCO 16G X 2-1/4 LARGO,5,DISPOSITIVOS MEDICO,1.0,0.0,0.0
2021-09-30,702208,JELCO 16G X 2-1/4 LARGO,0,DISPOSITIVOS MEDICO,1.0,0.0,0.0
2021-10-31,702208,JELCO 16G X 2-1/4 LARGO,0,DISPOSITIVOS MEDICO,1.0,0.0,0.0
2021-11-30,702208,JELCO 16G X 2-1/4 LARGO,1,DISPOSITIVOS MEDICO,1.0,0.0,0.0
2021-12-31,702208,JELCO 16G X 2-1/4 LARGO,0,DISPOSITIVOS MEDICO,1.0,0.0,0.0
2022-01-31,702208,JELCO 16G X 2-1/4 LARGO,2,DISPOSITIVOS MEDICO,1.0,0.0,0.0
2022-02-28,702208,JELCO 16G X 2-1/4 LARGO,0,DISPOSITIVOS MEDICO,1.0,0.0,0.0
2022-03-31,702208,JELCO 16G X 2-1/4 LARGO,0,DISPOSITIVOS MEDICO,1.0,0.0,0.0
2022-04-30,702208,JELCO 16G X 2-1/4 LARGO,0,DISPOSITIVOS MEDICO,1.0,0.0,0.0
2022-05-31,702208,JELCO 16G X 2-1/4 LARGO,3,DISPOSITIVOS MEDICO,1.0,0.0,0.0
2022-06-30,702208,JELCO 16G X 2-1/4 LARGO,2,DISPOSITIVOS MEDICO,1.0,0.0,0.0
2021-07-31,702209,JELCO 18G X 1-1/4 ,366,DISPOSITIVOS MEDICO,1.0,677.0,102.0
2021-08-31,702209,JELCO 18G X 1-1/4 ,457,DISPOSITIVOS MEDICO,1.0,677.0,102.0
2021-09-30,702209,JELCO 18G X 1-1/4 ,365,DISPOSITIVOS MEDICO,1.0,677.0,102.0
2021-10-31,702209,JELCO 18G X 1-1/4 ,327,DISPOSITIVOS MEDICO,1.0,677.0,102.0
2021-11-30,702209,JELCO 18G X 1-1/4 ,394,DISPOSITIVOS MEDICO,1.0,677.0,102.0
2021-12-31,702209,JELCO 18G X 1-1/4 ,452,DISPOSITIVOS MEDICO,1.0,677.0,102.0
2022-01-31,702209,JELCO 18G X 1-1/4 ,439,DISPOSITIVOS MEDICO,1.0,677.0,102.0
2022-02-28,702209,JELCO 18G X 1-1/4 ,420,DISPOSITIVOS MEDICO,1.0,677.0,102.0
2022-03-31,702209,JELCO 18G X 1-1/4 ,454,DISPOSITIVOS MEDICO,1.0,677.0,102.0
2022-04-30,702209,JELCO 18G X 1-1/4 ,367,DISPOSITIVOS MEDICO,1.0,677.0,102.0
2022-05-31,702209,JELCO 18G X 1-1/4 ,428,DISPOSITIVOS MEDICO,1.0,677.0,102.0
2022-06-30,702209,JELCO 18G X 1-1/4 ,383,DISPOSITIVOS MEDICO,1.0,677.0,102.0
2021-07-31,702210,JELCO 20G X 1-1/4,724,DISPOSITIVOS MEDICO,1.0,625.5,136.0
2021-08-31,702210,JELCO 20G X 1-1/4,762,DISPOSITIVOS MEDICO,1.0,625.5,136.0
2021-09-30,702210,JELCO 20G X 1-1/4,766,DISPOSITIVOS MEDICO,1.0,625.5,136.0
2021-10-31,702210,JELCO 20G X 1-1/4,810,DISPOSITIVOS MEDICO,1.0,625.5,136.0
2021-11-30,702210,JELCO 20G X 1-1/4,651,DISPOSITIVOS MEDICO,1.0,625.5,136.0
2021-12-31,702210,JELCO 20G X 1-1/4,622,DISPOSITIVOS MEDICO,1.0,625.5,136.0
2022-01-31,702210,JELCO 20G X 1-1/4,715,DISPOSITIVOS MEDICO,1.0,625.5,136.0
2022-02-28,702210,JELCO 20G X 1-1/4,636,DISPOSITIVOS MEDICO,1.0,625.5,136.0
2022-03-31,702210,JELCO 20G X 1-1/4,691,DISPOSITIVOS MEDICO,1.0,625.5,136.0
2022-04-30,702210,JELCO 20G X 1-1/4,885,DISPOSITIVOS MEDICO,1.0,625.5,136.0
2022-05-31,702210,JELCO 20G X 1-1/4,605,DISPOSITIVOS MEDICO,1.0,625.5,136.0
2022-06-30,702210,JELCO 20G X 1-1/4,719,DISPOSITIVOS MEDICO,1.0,625.5,136.0
2021-07-31,702211,CATETER INTRAVENOSO 22G X 1 ,1423,DISPOSITIVOS MEDICO,1.0,433.6666666666667,261.0
2021-08-31,702211,CATETER INTRAVENOSO 22G X 1 ,1508,DISPOSITIVOS MEDICO,1.0,433.6666666666667,261.0
2021-09-30,702211,CATETER INTRAVENOSO 22G X 1 ,1724,DISPOSITIVOS MEDICO,1.0,433.6666666666667,261.0
2021-10-31,702211,CATETER INTRAVENOSO 22G X 1 ,1670,DISPOSITIVOS MEDICO,1.0,433.6666666666667,261.0
2021-11-30,702211,CATETER INTRAVENOSO 22G X 1 ,1412,DISPOSITIVOS MEDICO,1.0,433.6666666666667,261.0
2021-12-31,702211,CATETER INTRAVENOSO 22G X 1 ,1341,DISPOSITIVOS MEDICO,1.0,433.6666666666667,261.0
2022-01-31,702211,CATETER INTRAVENOSO 22G X 1 ,1568,DISPOSITIVOS MEDICO,1.0,433.6666666666667,261.0
2022-02-28,702211,CATETER INTRAVENOSO 22G X 1 ,1250,DISPOSITIVOS MEDICO,1.0,433.6666666666667,261.0
2022-03-31,702211,CATETER INTRAVENOSO 22G X 1 ,1394,DISPOSITIVOS MEDICO,1.0,433.6666666666667,261.0
2022-04-30,702211,CATETER INTRAVENOSO 22G X 1 ,1517,DISPOSITIVOS MEDICO,1.0,433.6666666666667,261.0
2022-05-31,702211,CATETER INTRAVENOSO 22G X 1 ,1426,DISPOSITIVOS MEDICO,1.0,433.6666666666667,261.0
2022-06-30,702211,CATETER INTRAVENOSO 22G X 1 ,1389,DISPOSITIVOS MEDICO,1.0,433.6666666666667,261.0
2021-07-31,702212,JELCO 24G X 3/4,211,DISPOSITIVOS MEDICO,1.0,1180.0,111.0
2021-08-31,702212,JELCO 24G X 3/4,215,DISPOSITIVOS MEDICO,1.0,1180.0,111.0
2021-09-30,702212,JELCO 24G X 3/4,216,DISPOSITIVOS MEDICO,1.0,1180.0,111.0
2021-10-31,702212,JELCO 24G X 3/4,219,DISPOSITIVOS MEDICO,1.0,1180.0,111.0
2021-11-30,702212,JELCO 24G X 3/4,176,DISPOSITIVOS MEDICO,1.0,1180.0,111.0
2021-12-31,702212,JELCO 24G X 3/4,132,DISPOSITIVOS MEDICO,1.0,1180.0,111.0
2022-01-31,702212,JELCO 24G X 3/4,213,DISPOSITIVOS MEDICO,1.0,1180.0,111.0
2022-02-28,702212,JELCO 24G X 3/4,181,DISPOSITIVOS MEDICO,1.0,1180.0,111.0
2022-03-31,702212,JELCO 24G X 3/4,212,DISPOSITIVOS MEDICO,1.0,1180.0,111.0
2022-04-30,702212,JELCO 24G X 3/4,176,DISPOSITIVOS MEDICO,1.0,1180.0,111.0
2022-05-31,702212,JELCO 24G X 3/4,207,DISPOSITIVOS MEDICO,1.0,1180.0,111.0
2022-06-30,702212,JELCO 24G X 3/4,199,DISPOSITIVOS MEDICO,1.0,1180.0,111.0
2021-07-31,702216,CATETER EPICUTANEO CAVA 24 G 2FR REF 218400,9,DISPOSITIVOS MEDICO,1.0,218186.0,6.0
2021-08-31,702216,CATETER EPICUTANEO CAVA 24 G 2FR REF 218400,13,DISPOSITIVOS MEDICO,1.0,218186.0,6.0
2021-09-30,702216,CATETER EPICUTANEO CAVA 24 G 2FR REF 218400,8,DISPOSITIVOS MEDICO,1.0,218186.0,6.0
2021-10-31,702216,CATETER EPICUTANEO CAVA 24 G 2FR REF 218400,9,DISPOSITIVOS MEDICO,1.0,218186.0,6.0
2021-11-30,702216,CATETER EPICUTANEO CAVA 24 G 2FR REF 218400,10,DISPOSITIVOS MEDICO,1.0,218186.0,6.0
2021-12-31,702216,CATETER EPICUTANEO CAVA 24 G 2FR REF 218400,10,DISPOSITIVOS MEDICO,1.0,218186.0,6.0
2022-01-31,702216,CATETER EPICUTANEO CAVA 24 G 2FR REF 218400,15,DISPOSITIVOS MEDICO,1.0,218186.0,6.0
2022-02-28,702216,CATETER EPICUTANEO CAVA 24 G 2FR REF 218400,9,DISPOSITIVOS MEDICO,1.0,218186.0,6.0
2022-03-31,702216,CATETER EPICUTANEO CAVA 24 G 2FR REF 218400,9,DISPOSITIVOS MEDICO,1.0,218186.0,6.0
2022-04-30,702216,CATETER EPICUTANEO CAVA 24 G 2FR REF 218400,9,DISPOSITIVOS MEDICO,1.0,218186.0,6.0
2022-05-31,702216,CATETER EPICUTANEO CAVA 24 G 2FR REF 218400,5,DISPOSITIVOS MEDICO,1.0,218186.0,6.0
2022-06-30,702216,CATETER EPICUTANEO CAVA 24 G 2FR REF 218400,8,DISPOSITIVOS MEDICO,1.0,218186.0,6.0
2021-07-31,702222,PERICRANEAL 23     ,218,DISPOSITIVOS MEDICO,1.0,400.0,1.0
2021-08-31,702222,PERICRANEAL 23     ,253,DISPOSITIVOS MEDICO,1.0,400.0,1.0
2021-09-30,702222,PERICRANEAL 23     ,200,DISPOSITIVOS MEDICO,1.0,400.0,1.0
2021-10-31,702222,PERICRANEAL 23     ,241,DISPOSITIVOS MEDICO,1.0,400.0,1.0
2021-11-30,702222,PERICRANEAL 23     ,252,DISPOSITIVOS MEDICO,1.0,400.0,1.0
2021-12-31,702222,PERICRANEAL 23     ,189,DISPOSITIVOS MEDICO,1.0,400.0,1.0
2022-01-31,702222,PERICRANEAL 23     ,284,DISPOSITIVOS MEDICO,1.0,400.0,1.0
2022-02-28,702222,PERICRANEAL 23     ,230,DISPOSITIVOS MEDICO,1.0,400.0,1.0
2022-03-31,702222,PERICRANEAL 23     ,215,DISPOSITIVOS MEDICO,1.0,400.0,1.0
2022-04-30,702222,PERICRANEAL 23     ,215,DISPOSITIVOS MEDICO,1.0,400.0,1.0
2022-05-31,702222,PERICRANEAL 23     ,187,DISPOSITIVOS MEDICO,1.0,400.0,1.0
2022-06-30,702222,PERICRANEAL 23     ,252,DISPOSITIVOS MEDICO,1.0,400.0,1.0
2021-07-31,702226,PERIFIX 18GA C/A 4514017 ,0,DISPOSITIVOS MEDICO,1.0,,
2021-08-31,702226,PERIFIX 18GA C/A 4514017 ,0,DISPOSITIVOS MEDICO,1.0,,
2021-09-30,702226,PERIFIX 18GA C/A 4514017 ,0,DISPOSITIVOS MEDICO,1.0,,
2021-10-31,702226,PERIFIX 18GA C/A 4514017 ,0,DISPOSITIVOS MEDICO,1.0,,
2021-11-30,702226,PERIFIX 18GA C/A 4514017 ,0,DISPOSITIVOS MEDICO,1.0,,
2021-12-31,702226,PERIFIX 18GA C/A 4514017 ,0,DISPOSITIVOS MEDICO,1.0,,
2022-01-31,702226,PERIFIX 18GA C/A 4514017 ,0,DISPOSITIVOS MEDICO,1.0,,
2022-02-28,702226,PERIFIX 18GA C/A 4514017 ,0,DISPOSITIVOS MEDICO,1.0,,
2022-03-31,702226,PERIFIX 18GA C/A 4514017 ,0,DISPOSITIVOS MEDICO,1.0,,
2022-04-30,702226,PERIFIX 18GA C/A 4514017 ,1,DISPOSITIVOS MEDICO,1.0,,
2022-05-31,702226,PERIFIX 18GA C/A 4514017 ,0,DISPOSITIVOS MEDICO,1.0,,
2022-06-30,702226,PERIFIX 18GA C/A 4514017 ,1,DISPOSITIVOS MEDICO,1.0,,
2021-07-31,702228,SPINOCAN 18G 3/2   ,2,DISPOSITIVOS MEDICO,1.0,0.0,0.0
2021-08-31,702228,SPINOCAN 18G 3/2   ,4,DISPOSITIVOS MEDICO,1.0,0.0,0.0
2021-09-30,702228,SPINOCAN 18G 3/2   ,4,DISPOSITIVOS MEDICO,1.0,0.0,0.0
2021-10-31,702228,SPINOCAN 18G 3/2   ,3,DISPOSITIVOS MEDICO,1.0,0.0,0.0
2021-11-30,702228,SPINOCAN 18G 3/2   ,6,DISPOSITIVOS MEDICO,1.0,0.0,0.0
2021-12-31,702228,SPINOCAN 18G 3/2   ,10,DISPOSITIVOS MEDICO,1.0,0.0,0.0
2022-01-31,702228,SPINOCAN 18G 3/2   ,1,DISPOSITIVOS MEDICO,1.0,0.0,0.0
2022-02-28,702228,SPINOCAN 18G 3/2   ,2,DISPOSITIVOS MEDICO,1.0,0.0,0.0
2022-03-31,702228,SPINOCAN 18G 3/2   ,0,DISPOSITIVOS MEDICO,1.0,0.0,0.0
2022-04-30,702228,SPINOCAN 18G 3/2   ,2,DISPOSITIVOS MEDICO,1.0,0.0,0.0
2022-05-31,702228,SPINOCAN 18G 3/2   ,8,DISPOSITIVOS MEDICO,1.0,0.0,0.0
2022-06-30,702228,SPINOCAN 18G 3/2   ,2,DISPOSITIVOS MEDICO,1.0,0.0,0.0
2021-07-31,702229,SPINOCAN 20G X31/2 ,5,DISPOSITIVOS MEDICO,1.0,6317.0,2.0
2021-08-31,702229,SPINOCAN 20G X31/2 ,1,DISPOSITIVOS MEDICO,1.0,6317.0,2.0
2021-09-30,702229,SPINOCAN 20G X31/2 ,3,DISPOSITIVOS MEDICO,1.0,6317.0,2.0
2021-10-31,702229,SPINOCAN 20G X31/2 ,3,DISPOSITIVOS MEDICO,1.0,6317.0,2.0
2021-11-30,702229,SPINOCAN 20G X31/2 ,3,DISPOSITIVOS MEDICO,1.0,6317.0,2.0
2021-12-31,702229,SPINOCAN 20G X31/2 ,10,DISPOSITIVOS MEDICO,1.0,6317.0,2.0
2022-01-31,702229,SPINOCAN 20G X31/2 ,5,DISPOSITIVOS MEDICO,1.0,6317.0,2.0
2022-02-28,702229,SPINOCAN 20G X31/2 ,4,DISPOSITIVOS MEDICO,1.0,6317.0,2.0
2022-03-31,702229,SPINOCAN 20G X31/2 ,4,DISPOSITIVOS MEDICO,1.0,6317.0,2.0
2022-04-30,702229,SPINOCAN 20G X31/2 ,6,DISPOSITIVOS MEDICO,1.0,6317.0,2.0
2022-05-31,702229,SPINOCAN 20G X31/2 ,6,DISPOSITIVOS MEDICO,1.0,6317.0,2.0
2022-06-30,702229,SPINOCAN 20G X31/2 ,9,DISPOSITIVOS MEDICO,1.0,6317.0,2.0
2021-07-31,702230,SPINOCAN 22G X31/2  ,4,DISPOSITIVOS MEDICO,1.0,7705.0,2.0
2021-08-31,702230,SPINOCAN 22G X31/2  ,0,DISPOSITIVOS MEDICO,1.0,7705.0,2.0
2021-09-30,702230,SPINOCAN 22G X31/2  ,3,DISPOSITIVOS MEDICO,1.0,7705.0,2.0
2021-10-31,702230,SPINOCAN 22G X31/2  ,4,DISPOSITIVOS MEDICO,1.0,7705.0,2.0
2021-11-30,702230,SPINOCAN 22G X31/2  ,2,DISPOSITIVOS MEDICO,1.0,7705.0,2.0
2021-12-31,702230,SPINOCAN 22G X31/2  ,8,DISPOSITIVOS MEDICO,1.0,7705.0,2.0
2022-01-31,702230,SPINOCAN 22G X31/2  ,5,DISPOSITIVOS MEDICO,1.0,7705.0,2.0
2022-02-28,702230,SPINOCAN 22G X31/2  ,3,DISPOSITIVOS MEDICO,1.0,7705.0,2.0
2022-03-31,702230,SPINOCAN 22G X31/2  ,0,DISPOSITIVOS MEDICO,1.0,7705.0,2.0
2022-04-30,702230,SPINOCAN 22G X31/2  ,5,DISPOSITIVOS MEDICO,1.0,7705.0,2.0
2022-05-31,702230,SPINOCAN 22G X31/2  ,5,DISPOSITIVOS MEDICO,1.0,7705.0,2.0
2022-06-30,702230,SPINOCAN 22G X31/2  ,4,DISPOSITIVOS MEDICO,1.0,7705.0,2.0
2021-07-31,702231,SPINOCAN 25X3.1/2,0,DISPOSITIVOS MEDICO,1.0,7669.0,4.0
2021-08-31,702231,SPINOCAN 25X3.1/2,0,DISPOSITIVOS MEDICO,1.0,7669.0,4.0
2021-09-30,702231,SPINOCAN 25X3.1/2,4,DISPOSITIVOS MEDICO,1.0,7669.0,4.0
2021-10-31,702231,SPINOCAN 25X3.1/2,0,DISPOSITIVOS MEDICO,1.0,7669.0,4.0
2021-11-30,702231,SPINOCAN 25X3.1/2,0,DISPOSITIVOS MEDICO,1.0,7669.0,4.0
2021-12-31,702231,SPINOCAN 25X3.1/2,1,DISPOSITIVOS MEDICO,1.0,7669.0,4.0
2022-01-31,702231,SPINOCAN 25X3.1/2,0,DISPOSITIVOS MEDICO,1.0,7669.0,4.0
2022-02-28,702231,SPINOCAN 25X3.1/2,0,DISPOSITIVOS MEDICO,1.0,7669.0,4.0
2022-03-31,702231,SPINOCAN 25X3.1/2,0,DISPOSITIVOS MEDICO,1.0,7669.0,4.0
2022-04-30,702231,SPINOCAN 25X3.1/2,0,DISPOSITIVOS MEDICO,1.0,7669.0,4.0
2022-05-31,702231,SPINOCAN 25X3.1/2,0,DISPOSITIVOS MEDICO,1.0,7669.0,4.0
2022-06-30,702231,SPINOCAN 25X3.1/2,0,DISPOSITIVOS MEDICO,1.0,7669.0,4.0
2021-07-31,702233,SPINOCAN 27G ,1,DISPOSITIVOS MEDICO,1.0,,
2021-08-31,702233,SPINOCAN 27G ,0,DISPOSITIVOS MEDICO,1.0,,
2021-09-30,702233,SPINOCAN 27G ,0,DISPOSITIVOS MEDICO,1.0,,
2021-10-31,702233,SPINOCAN 27G ,0,DISPOSITIVOS MEDICO,1.0,,
2021-11-30,702233,SPINOCAN 27G ,0,DISPOSITIVOS MEDICO,1.0,,
2021-12-31,702233,SPINOCAN 27G ,0,DISPOSITIVOS MEDICO,1.0,,
2022-01-31,702233,SPINOCAN 27G ,0,DISPOSITIVOS MEDICO,1.0,,
2022-02-28,702233,SPINOCAN 27G ,0,DISPOSITIVOS MEDICO,1.0,,
2022-03-31,702233,SPINOCAN 27G ,0,DISPOSITIVOS MEDICO,1.0,,
2022-04-30,702233,SPINOCAN 27G ,0,DISPOSITIVOS MEDICO,1.0,,
2022-05-31,702233,SPINOCAN 27G ,0,DISPOSITIVOS MEDICO,1.0,,
2022-06-30,702233,SPINOCAN 27G ,0,DISPOSITIVOS MEDICO,1.0,,
2021-07-31,702235,AGUJA SURECAN GRIPPER PLUS SEGURIDAD 20 GA  X19 MM REF-0821276724,0,DISPOSITIVOS MEDICO,1.0,19500.0,3.0
2021-08-31,702235,AGUJA SURECAN GRIPPER PLUS SEGURIDAD 20 GA  X19 MM REF-0821276724,0,DISPOSITIVOS MEDICO,1.0,19500.0,3.0
2021-09-30,702235,AGUJA SURECAN GRIPPER PLUS SEGURIDAD 20 GA  X19 MM REF-0821276724,0,DISPOSITIVOS MEDICO,1.0,19500.0,3.0
2021-10-31,702235,AGUJA SURECAN GRIPPER PLUS SEGURIDAD 20 GA  X19 MM REF-0821276724,0,DISPOSITIVOS MEDICO,1.0,19500.0,3.0
2021-11-30,702235,AGUJA SURECAN GRIPPER PLUS SEGURIDAD 20 GA  X19 MM REF-0821276724,1,DISPOSITIVOS MEDICO,1.0,19500.0,3.0
2021-12-31,702235,AGUJA SURECAN GRIPPER PLUS SEGURIDAD 20 GA  X19 MM REF-0821276724,1,DISPOSITIVOS MEDICO,1.0,19500.0,3.0
2022-01-31,702235,AGUJA SURECAN GRIPPER PLUS SEGURIDAD 20 GA  X19 MM REF-0821276724,1,DISPOSITIVOS MEDICO,1.0,19500.0,3.0
2022-02-28,702235,AGUJA SURECAN GRIPPER PLUS SEGURIDAD 20 GA  X19 MM REF-0821276724,2,DISPOSITIVOS MEDICO,1.0,19500.0,3.0
2022-03-31,702235,AGUJA SURECAN GRIPPER PLUS SEGURIDAD 20 GA  X19 MM REF-0821276724,0,DISPOSITIVOS MEDICO,1.0,19500.0,3.0
2022-04-30,702235,AGUJA SURECAN GRIPPER PLUS SEGURIDAD 20 GA  X19 MM REF-0821276724,0,DISPOSITIVOS MEDICO,1.0,19500.0,3.0
2022-05-31,702235,AGUJA SURECAN GRIPPER PLUS SEGURIDAD 20 GA  X19 MM REF-0821276724,0,DISPOSITIVOS MEDICO,1.0,19500.0,3.0
2022-06-30,702235,AGUJA SURECAN GRIPPER PLUS SEGURIDAD 20 GA  X19 MM REF-0821276724,0,DISPOSITIVOS MEDICO,1.0,19500.0,3.0
2021-07-31,702240,GUANTE ESTERIL 6.5 (PAR),0,DISPOSITIVOS MEDICO,1.0,726.0,50.0
2021-08-31,702240,GUANTE ESTERIL 6.5 (PAR),0,DISPOSITIVOS MEDICO,1.0,726.0,50.0
2021-09-30,702240,GUANTE ESTERIL 6.5 (PAR),0,DISPOSITIVOS MEDICO,1.0,726.0,50.0
2021-10-31,702240,GUANTE ESTERIL 6.5 (PAR),0,DISPOSITIVOS MEDICO,1.0,726.0,50.0
2021-11-30,702240,GUANTE ESTERIL 6.5 (PAR),0,DISPOSITIVOS MEDICO,1.0,726.0,50.0
2021-12-31,702240,GUANTE ESTERIL 6.5 (PAR),0,DISPOSITIVOS MEDICO,1.0,726.0,50.0
2022-01-31,702240,GUANTE ESTERIL 6.5 (PAR),34,DISPOSITIVOS MEDICO,1.0,726.0,50.0
2022-02-28,702240,GUANTE ESTERIL 6.5 (PAR),245,DISPOSITIVOS MEDICO,1.0,726.0,50.0
2022-03-31,702240,GUANTE ESTERIL 6.5 (PAR),369,DISPOSITIVOS MEDICO,1.0,726.0,50.0
2022-04-30,702240,GUANTE ESTERIL 6.5 (PAR),0,DISPOSITIVOS MEDICO,1.0,726.0,50.0
2022-05-31,702240,GUANTE ESTERIL 6.5 (PAR),199,DISPOSITIVOS MEDICO,1.0,726.0,50.0
2022-06-30,702240,GUANTE ESTERIL 6.5 (PAR),183,DISPOSITIVOS MEDICO,1.0,726.0,50.0
2021-07-31,702241,GUANTE ESTERIL 7.0 (PAR),1,DISPOSITIVOS MEDICO,1.0,642.0,93.0
2021-08-31,702241,GUANTE ESTERIL 7.0 (PAR),12,DISPOSITIVOS MEDICO,1.0,642.0,93.0
2021-09-30,702241,GUANTE ESTERIL 7.0 (PAR),9,DISPOSITIVOS MEDICO,1.0,642.0,93.0
2021-10-31,702241,GUANTE ESTERIL 7.0 (PAR),12,DISPOSITIVOS MEDICO,1.0,642.0,93.0
2021-11-30,702241,GUANTE ESTERIL 7.0 (PAR),11,DISPOSITIVOS MEDICO,1.0,642.0,93.0
2021-12-31,702241,GUANTE ESTERIL 7.0 (PAR),6,DISPOSITIVOS MEDICO,1.0,642.0,93.0
2022-01-31,702241,GUANTE ESTERIL 7.0 (PAR),215,DISPOSITIVOS MEDICO,1.0,642.0,93.0
2022-02-28,702241,GUANTE ESTERIL 7.0 (PAR),571,DISPOSITIVOS MEDICO,1.0,642.0,93.0
2022-03-31,702241,GUANTE ESTERIL 7.0 (PAR),650,DISPOSITIVOS MEDICO,1.0,642.0,93.0
2022-04-30,702241,GUANTE ESTERIL 7.0 (PAR),0,DISPOSITIVOS MEDICO,1.0,642.0,93.0
2022-05-31,702241,GUANTE ESTERIL 7.0 (PAR),825,DISPOSITIVOS MEDICO,1.0,642.0,93.0
2022-06-30,702241,GUANTE ESTERIL 7.0 (PAR),694,DISPOSITIVOS MEDICO,1.0,642.0,93.0
2021-07-31,702242,GUANTE ESTERIL 7.5 (PAR),0,DISPOSITIVOS MEDICO,1.0,668.0,119.0
2021-08-31,702242,GUANTE ESTERIL 7.5 (PAR),0,DISPOSITIVOS MEDICO,1.0,668.0,119.0
2021-09-30,702242,GUANTE ESTERIL 7.5 (PAR),0,DISPOSITIVOS MEDICO,1.0,668.0,119.0
2021-10-31,702242,GUANTE ESTERIL 7.5 (PAR),0,DISPOSITIVOS MEDICO,1.0,668.0,119.0
2021-11-30,702242,GUANTE ESTERIL 7.5 (PAR),0,DISPOSITIVOS MEDICO,1.0,668.0,119.0
2021-12-31,702242,GUANTE ESTERIL 7.5 (PAR),0,DISPOSITIVOS MEDICO,1.0,668.0,119.0
2022-01-31,702242,GUANTE ESTERIL 7.5 (PAR),30,DISPOSITIVOS MEDICO,1.0,668.0,119.0
2022-02-28,702242,GUANTE ESTERIL 7.5 (PAR),239,DISPOSITIVOS MEDICO,1.0,668.0,119.0
2022-03-31,702242,GUANTE ESTERIL 7.5 (PAR),726,DISPOSITIVOS MEDICO,1.0,668.0,119.0
2022-04-30,702242,GUANTE ESTERIL 7.5 (PAR),0,DISPOSITIVOS MEDICO,1.0,668.0,119.0
2022-05-31,702242,GUANTE ESTERIL 7.5 (PAR),824,DISPOSITIVOS MEDICO,1.0,668.0,119.0
2022-06-30,702242,GUANTE ESTERIL 7.5 (PAR),942,DISPOSITIVOS MEDICO,1.0,668.0,119.0
2021-07-31,702243,GUANTE ESTERIL 8.0 (PAR),0,DISPOSITIVOS MEDICO,1.0,781.0,156.0
2021-08-31,702243,GUANTE ESTERIL 8.0 (PAR),0,DISPOSITIVOS MEDICO,1.0,781.0,156.0
2021-09-30,702243,GUANTE ESTERIL 8.0 (PAR),0,DISPOSITIVOS MEDICO,1.0,781.0,156.0
2021-10-31,702243,GUANTE ESTERIL 8.0 (PAR),0,DISPOSITIVOS MEDICO,1.0,781.0,156.0
2021-11-30,702243,GUANTE ESTERIL 8.0 (PAR),0,DISPOSITIVOS MEDICO,1.0,781.0,156.0
2021-12-31,702243,GUANTE ESTERIL 8.0 (PAR),0,DISPOSITIVOS MEDICO,1.0,781.0,156.0
2022-01-31,702243,GUANTE ESTERIL 8.0 (PAR),12,DISPOSITIVOS MEDICO,1.0,781.0,156.0
2022-02-28,702243,GUANTE ESTERIL 8.0 (PAR),51,DISPOSITIVOS MEDICO,1.0,781.0,156.0
2022-03-31,702243,GUANTE ESTERIL 8.0 (PAR),25,DISPOSITIVOS MEDICO,1.0,781.0,156.0
2022-04-30,702243,GUANTE ESTERIL 8.0 (PAR),0,DISPOSITIVOS MEDICO,1.0,781.0,156.0
2022-05-31,702243,GUANTE ESTERIL 8.0 (PAR),12,DISPOSITIVOS MEDICO,1.0,781.0,156.0
2022-06-30,702243,GUANTE ESTERIL 8.0 (PAR),27,DISPOSITIVOS MEDICO,1.0,781.0,156.0
2021-07-31,702249,BISTURI # 11 ,86,DISPOSITIVOS MEDICO,1.0,208.0,35.0
2021-08-31,702249,BISTURI # 11 ,129,DISPOSITIVOS MEDICO,1.0,208.0,35.0
2021-09-30,702249,BISTURI # 11 ,130,DISPOSITIVOS MEDICO,1.0,208.0,35.0
2021-10-31,702249,BISTURI # 11 ,121,DISPOSITIVOS MEDICO,1.0,208.0,35.0
2021-11-30,702249,BISTURI # 11 ,130,DISPOSITIVOS MEDICO,1.0,208.0,35.0
2021-12-31,702249,BISTURI # 11 ,118,DISPOSITIVOS MEDICO,1.0,208.0,35.0
2022-01-31,702249,BISTURI # 11 ,142,DISPOSITIVOS MEDICO,1.0,208.0,35.0
2022-02-28,702249,BISTURI # 11 ,129,DISPOSITIVOS MEDICO,1.0,208.0,35.0
2022-03-31,702249,BISTURI # 11 ,140,DISPOSITIVOS MEDICO,1.0,208.0,35.0
2022-04-30,702249,BISTURI # 11 ,95,DISPOSITIVOS MEDICO,1.0,208.0,35.0
2022-05-31,702249,BISTURI # 11 ,164,DISPOSITIVOS MEDICO,1.0,208.0,35.0
2022-06-30,702249,BISTURI # 11 ,139,DISPOSITIVOS MEDICO,1.0,208.0,35.0
2021-07-31,702251,BISTURI # 15 ,19,DISPOSITIVOS MEDICO,1.0,216.0,105.0
2021-08-31,702251,BISTURI # 15 ,15,DISPOSITIVOS MEDICO,1.0,216.0,105.0
2021-09-30,702251,BISTURI # 15 ,15,DISPOSITIVOS MEDICO,1.0,216.0,105.0
2021-10-31,702251,BISTURI # 15 ,25,DISPOSITIVOS MEDICO,1.0,216.0,105.0
2021-11-30,702251,BISTURI # 15 ,8,DISPOSITIVOS MEDICO,1.0,216.0,105.0
2021-12-31,702251,BISTURI # 15 ,11,DISPOSITIVOS MEDICO,1.0,216.0,105.0
2022-01-31,702251,BISTURI # 15 ,12,DISPOSITIVOS MEDICO,1.0,216.0,105.0
2022-02-28,702251,BISTURI # 15 ,14,DISPOSITIVOS MEDICO,1.0,216.0,105.0
2022-03-31,702251,BISTURI # 15 ,7,DISPOSITIVOS MEDICO,1.0,216.0,105.0
2022-04-30,702251,BISTURI # 15 ,14,DISPOSITIVOS MEDICO,1.0,216.0,105.0
2022-05-31,702251,BISTURI # 15 ,8,DISPOSITIVOS MEDICO,1.0,216.0,105.0
2022-06-30,702251,BISTURI # 15 ,7,DISPOSITIVOS MEDICO,1.0,216.0,105.0
2021-07-31,702256,HEMINA 350 MG PANHEMATIN,0,MEDICAMENTOS,1.0,,
2021-08-31,702256,HEMINA 350 MG PANHEMATIN,4,MEDICAMENTOS,1.0,,
2021-09-30,702256,HEMINA 350 MG PANHEMATIN,0,MEDICAMENTOS,1.0,,
2021-10-31,702256,HEMINA 350 MG PANHEMATIN,0,MEDICAMENTOS,1.0,,
2021-11-30,702256,HEMINA 350 MG PANHEMATIN,0,MEDICAMENTOS,1.0,,
2021-12-31,702256,HEMINA 350 MG PANHEMATIN,0,MEDICAMENTOS,1.0,,
2022-01-31,702256,HEMINA 350 MG PANHEMATIN,0,MEDICAMENTOS,1.0,,
2022-02-28,702256,HEMINA 350 MG PANHEMATIN,0,MEDICAMENTOS,1.0,,
2022-03-31,702256,HEMINA 350 MG PANHEMATIN,0,MEDICAMENTOS,1.0,,
2022-04-30,702256,HEMINA 350 MG PANHEMATIN,0,MEDICAMENTOS,1.0,,
2022-05-31,702256,HEMINA 350 MG PANHEMATIN,0,MEDICAMENTOS,1.0,,
2022-06-30,702256,HEMINA 350 MG PANHEMATIN,0,MEDICAMENTOS,1.0,,
2021-07-31,702257,JERINGA 3ML,4916,DISPOSITIVOS MEDICO,1.0,256.0,272.0
2021-08-31,702257,JERINGA 3ML,5089,DISPOSITIVOS MEDICO,1.0,256.0,272.0
2021-09-30,702257,JERINGA 3ML,4718,DISPOSITIVOS MEDICO,1.0,256.0,272.0
2021-10-31,702257,JERINGA 3ML,4974,DISPOSITIVOS MEDICO,1.0,256.0,272.0
2021-11-30,702257,JERINGA 3ML,4793,DISPOSITIVOS MEDICO,1.0,256.0,272.0
2021-12-31,702257,JERINGA 3ML,4858,DISPOSITIVOS MEDICO,1.0,256.0,272.0
2022-01-31,702257,JERINGA 3ML,4859,DISPOSITIVOS MEDICO,1.0,256.0,272.0
2022-02-28,702257,JERINGA 3ML,4440,DISPOSITIVOS MEDICO,1.0,256.0,272.0
2022-03-31,702257,JERINGA 3ML,4002,DISPOSITIVOS MEDICO,1.0,256.0,272.0
2022-04-30,702257,JERINGA 3ML,4734,DISPOSITIVOS MEDICO,1.0,256.0,272.0
2022-05-31,702257,JERINGA 3ML,3990,DISPOSITIVOS MEDICO,1.0,256.0,272.0
2022-06-30,702257,JERINGA 3ML,3917,DISPOSITIVOS MEDICO,1.0,256.0,272.0
2021-07-31,702258,JERINGA 5ML,6291,DISPOSITIVOS MEDICO,1.0,,
2021-08-31,702258,JERINGA 5ML,7087,DISPOSITIVOS MEDICO,1.0,,
2021-09-30,702258,JERINGA 5ML,7166,DISPOSITIVOS MEDICO,1.0,,
2021-10-31,702258,JERINGA 5ML,7500,DISPOSITIVOS MEDICO,1.0,,
2021-11-30,702258,JERINGA 5ML,7609,DISPOSITIVOS MEDICO,1.0,,
2021-12-31,702258,JERINGA 5ML,8076,DISPOSITIVOS MEDICO,1.0,,
2022-01-31,702258,JERINGA 5ML,7897,DISPOSITIVOS MEDICO,1.0,,
2022-02-28,702258,JERINGA 5ML,7294,DISPOSITIVOS MEDICO,1.0,,
2022-03-31,702258,JERINGA 5ML,6934,DISPOSITIVOS MEDICO,1.0,,
2022-04-30,702258,JERINGA 5ML,7336,DISPOSITIVOS MEDICO,1.0,,
2022-05-31,702258,JERINGA 5ML,7030,DISPOSITIVOS MEDICO,1.0,,
2022-06-30,702258,JERINGA 5ML,6582,DISPOSITIVOS MEDICO,1.0,,
2021-07-31,702259,JERINGA 10ML ,13655,DISPOSITIVOS MEDICO,1.0,294.0,701.0
2021-08-31,702259,JERINGA 10ML ,13436,DISPOSITIVOS MEDICO,1.0,294.0,701.0
2021-09-30,702259,JERINGA 10ML ,12323,DISPOSITIVOS MEDICO,1.0,294.0,701.0
2021-10-31,702259,JERINGA 10ML ,12839,DISPOSITIVOS MEDICO,1.0,294.0,701.0
2021-11-30,702259,JERINGA 10ML ,13426,DISPOSITIVOS MEDICO,1.0,294.0,701.0
2021-12-31,702259,JERINGA 10ML ,13212,DISPOSITIVOS MEDICO,1.0,294.0,701.0
2022-01-31,702259,JERINGA 10ML ,14570,DISPOSITIVOS MEDICO,1.0,294.0,701.0
2022-02-28,702259,JERINGA 10ML ,12278,DISPOSITIVOS MEDICO,1.0,294.0,701.0
2022-03-31,702259,JERINGA 10ML ,12668,DISPOSITIVOS MEDICO,1.0,294.0,701.0
2022-04-30,702259,JERINGA 10ML ,14456,DISPOSITIVOS MEDICO,1.0,294.0,701.0
2022-05-31,702259,JERINGA 10ML ,12815,DISPOSITIVOS MEDICO,1.0,294.0,701.0
2022-06-30,702259,JERINGA 10ML ,13099,DISPOSITIVOS MEDICO,1.0,294.0,701.0
2021-07-31,702261,JERINGA 50ML ROSCA,197,DISPOSITIVOS MEDICO,1.0,654.0,75.0
2021-08-31,702261,JERINGA 50ML ROSCA,47,DISPOSITIVOS MEDICO,1.0,654.0,75.0
2021-09-30,702261,JERINGA 50ML ROSCA,56,DISPOSITIVOS MEDICO,1.0,654.0,75.0
2021-10-31,702261,JERINGA 50ML ROSCA,82,DISPOSITIVOS MEDICO,1.0,654.0,75.0
2021-11-30,702261,JERINGA 50ML ROSCA,200,DISPOSITIVOS MEDICO,1.0,654.0,75.0
2021-12-31,702261,JERINGA 50ML ROSCA,84,DISPOSITIVOS MEDICO,1.0,654.0,75.0
2022-01-31,702261,JERINGA 50ML ROSCA,96,DISPOSITIVOS MEDICO,1.0,654.0,75.0
2022-02-28,702261,JERINGA 50ML ROSCA,191,DISPOSITIVOS MEDICO,1.0,654.0,75.0
2022-03-31,702261,JERINGA 50ML ROSCA,291,DISPOSITIVOS MEDICO,1.0,654.0,75.0
2022-04-30,702261,JERINGA 50ML ROSCA,70,DISPOSITIVOS MEDICO,1.0,654.0,75.0
2022-05-31,702261,JERINGA 50ML ROSCA,128,DISPOSITIVOS MEDICO,1.0,654.0,75.0
2022-06-30,702261,JERINGA 50ML ROSCA,155,DISPOSITIVOS MEDICO,1.0,654.0,75.0
2021-07-31,702262,JERINGA 50ML PUNTA CATETER,69,DISPOSITIVOS MEDICO,1.0,836.0,21.0
2021-08-31,702262,JERINGA 50ML PUNTA CATETER,94,DISPOSITIVOS MEDICO,1.0,836.0,21.0
2021-09-30,702262,JERINGA 50ML PUNTA CATETER,95,DISPOSITIVOS MEDICO,1.0,836.0,21.0
2021-10-31,702262,JERINGA 50ML PUNTA CATETER,78,DISPOSITIVOS MEDICO,1.0,836.0,21.0
2021-11-30,702262,JERINGA 50ML PUNTA CATETER,89,DISPOSITIVOS MEDICO,1.0,836.0,21.0
2021-12-31,702262,JERINGA 50ML PUNTA CATETER,91,DISPOSITIVOS MEDICO,1.0,836.0,21.0
2022-01-31,702262,JERINGA 50ML PUNTA CATETER,122,DISPOSITIVOS MEDICO,1.0,836.0,21.0
2022-02-28,702262,JERINGA 50ML PUNTA CATETER,100,DISPOSITIVOS MEDICO,1.0,836.0,21.0
2022-03-31,702262,JERINGA 50ML PUNTA CATETER,115,DISPOSITIVOS MEDICO,1.0,836.0,21.0
2022-04-30,702262,JERINGA 50ML PUNTA CATETER,83,DISPOSITIVOS MEDICO,1.0,836.0,21.0
2022-05-31,702262,JERINGA 50ML PUNTA CATETER,105,DISPOSITIVOS MEDICO,1.0,836.0,21.0
2022-06-30,702262,JERINGA 50ML PUNTA CATETER,130,DISPOSITIVOS MEDICO,1.0,836.0,21.0
2021-07-31,702263,JERINGA 1ML INSULINA,2593,DISPOSITIVOS MEDICO,1.0,217.0,263.0
2021-08-31,702263,JERINGA 1ML INSULINA,2619,DISPOSITIVOS MEDICO,1.0,217.0,263.0
2021-09-30,702263,JERINGA 1ML INSULINA,2359,DISPOSITIVOS MEDICO,1.0,217.0,263.0
2021-10-31,702263,JERINGA 1ML INSULINA,2528,DISPOSITIVOS MEDICO,1.0,217.0,263.0
2021-11-30,702263,JERINGA 1ML INSULINA,2913,DISPOSITIVOS MEDICO,1.0,217.0,263.0
2021-12-31,702263,JERINGA 1ML INSULINA,2383,DISPOSITIVOS MEDICO,1.0,217.0,263.0
2022-01-31,702263,JERINGA 1ML INSULINA,2609,DISPOSITIVOS MEDICO,1.0,217.0,263.0
2022-02-28,702263,JERINGA 1ML INSULINA,2423,DISPOSITIVOS MEDICO,1.0,217.0,263.0
2022-03-31,702263,JERINGA 1ML INSULINA,2356,DISPOSITIVOS MEDICO,1.0,217.0,263.0
2022-04-30,702263,JERINGA 1ML INSULINA,2743,DISPOSITIVOS MEDICO,1.0,217.0,263.0
2022-05-31,702263,JERINGA 1ML INSULINA,2426,DISPOSITIVOS MEDICO,1.0,217.0,263.0
2022-06-30,702263,JERINGA 1ML INSULINA,3114,DISPOSITIVOS MEDICO,1.0,217.0,263.0
2021-07-31,702264,JERINGA DE GASES (JERINGA HEPARINIZADA),1209,DISPOSITIVOS MEDICO,1.0,3570.0,151.0
2021-08-31,702264,JERINGA DE GASES (JERINGA HEPARINIZADA),1247,DISPOSITIVOS MEDICO,1.0,3570.0,151.0
2021-09-30,702264,JERINGA DE GASES (JERINGA HEPARINIZADA),1221,DISPOSITIVOS MEDICO,1.0,3570.0,151.0
2021-10-31,702264,JERINGA DE GASES (JERINGA HEPARINIZADA),1129,DISPOSITIVOS MEDICO,1.0,3570.0,151.0
2021-11-30,702264,JERINGA DE GASES (JERINGA HEPARINIZADA),1323,DISPOSITIVOS MEDICO,1.0,3570.0,151.0
2021-12-31,702264,JERINGA DE GASES (JERINGA HEPARINIZADA),1312,DISPOSITIVOS MEDICO,1.0,3570.0,151.0
2022-01-31,702264,JERINGA DE GASES (JERINGA HEPARINIZADA),1697,DISPOSITIVOS MEDICO,1.0,3570.0,151.0
2022-02-28,702264,JERINGA DE GASES (JERINGA HEPARINIZADA),1290,DISPOSITIVOS MEDICO,1.0,3570.0,151.0
2022-03-31,702264,JERINGA DE GASES (JERINGA HEPARINIZADA),1374,DISPOSITIVOS MEDICO,1.0,3570.0,151.0
2022-04-30,702264,JERINGA DE GASES (JERINGA HEPARINIZADA),1389,DISPOSITIVOS MEDICO,1.0,3570.0,151.0
2022-05-31,702264,JERINGA DE GASES (JERINGA HEPARINIZADA),1266,DISPOSITIVOS MEDICO,1.0,3570.0,151.0
2022-06-30,702264,JERINGA DE GASES (JERINGA HEPARINIZADA),1762,DISPOSITIVOS MEDICO,1.0,3570.0,151.0
2021-07-31,702298,BARRERA STOMAHESIVE 38 MM ,3,DISPOSITIVOS MEDICO,1.0,15881.0,6.0
2021-08-31,702298,BARRERA STOMAHESIVE 38 MM ,1,DISPOSITIVOS MEDICO,1.0,15881.0,6.0
2021-09-30,702298,BARRERA STOMAHESIVE 38 MM ,1,DISPOSITIVOS MEDICO,1.0,15881.0,6.0
2021-10-31,702298,BARRERA STOMAHESIVE 38 MM ,0,DISPOSITIVOS MEDICO,1.0,15881.0,6.0
2021-11-30,702298,BARRERA STOMAHESIVE 38 MM ,0,DISPOSITIVOS MEDICO,1.0,15881.0,6.0
2021-12-31,702298,BARRERA STOMAHESIVE 38 MM ,0,DISPOSITIVOS MEDICO,1.0,15881.0,6.0
2022-01-31,702298,BARRERA STOMAHESIVE 38 MM ,0,DISPOSITIVOS MEDICO,1.0,15881.0,6.0
2022-02-28,702298,BARRERA STOMAHESIVE 38 MM ,0,DISPOSITIVOS MEDICO,1.0,15881.0,6.0
2022-03-31,702298,BARRERA STOMAHESIVE 38 MM ,0,DISPOSITIVOS MEDICO,1.0,15881.0,6.0
2022-04-30,702298,BARRERA STOMAHESIVE 38 MM ,1,DISPOSITIVOS MEDICO,1.0,15881.0,6.0
2022-05-31,702298,BARRERA STOMAHESIVE 38 MM ,0,DISPOSITIVOS MEDICO,1.0,15881.0,6.0
2022-06-30,702298,BARRERA STOMAHESIVE 38 MM ,0,DISPOSITIVOS MEDICO,1.0,15881.0,6.0
2021-07-31,702302,BARRERA STOMAHESIVE 57 - 60 MM ,4,DISPOSITIVOS MEDICO,1.0,20267.0,2.0
2021-08-31,702302,BARRERA STOMAHESIVE 57 - 60 MM ,12,DISPOSITIVOS MEDICO,1.0,20267.0,2.0
2021-09-30,702302,BARRERA STOMAHESIVE 57 - 60 MM ,17,DISPOSITIVOS MEDICO,1.0,20267.0,2.0
2021-10-31,702302,BARRERA STOMAHESIVE 57 - 60 MM ,17,DISPOSITIVOS MEDICO,1.0,20267.0,2.0
2021-11-30,702302,BARRERA STOMAHESIVE 57 - 60 MM ,14,DISPOSITIVOS MEDICO,1.0,20267.0,2.0
2021-12-31,702302,BARRERA STOMAHESIVE 57 - 60 MM ,3,DISPOSITIVOS MEDICO,1.0,20267.0,2.0
2022-01-31,702302,BARRERA STOMAHESIVE 57 - 60 MM ,9,DISPOSITIVOS MEDICO,1.0,20267.0,2.0
2022-02-28,702302,BARRERA STOMAHESIVE 57 - 60 MM ,8,DISPOSITIVOS MEDICO,1.0,20267.0,2.0
2022-03-31,702302,BARRERA STOMAHESIVE 57 - 60 MM ,20,DISPOSITIVOS MEDICO,1.0,20267.0,2.0
2022-04-30,702302,BARRERA STOMAHESIVE 57 - 60 MM ,18,DISPOSITIVOS MEDICO,1.0,20267.0,2.0
2022-05-31,702302,BARRERA STOMAHESIVE 57 - 60 MM ,14,DISPOSITIVOS MEDICO,1.0,20267.0,2.0
2022-06-30,702302,BARRERA STOMAHESIVE 57 - 60 MM ,18,DISPOSITIVOS MEDICO,1.0,20267.0,2.0
2021-07-31,702303,BARRERA STOMAHESIVE 70MM ,21,DISPOSITIVOS MEDICO,1.0,18520.0,9.0
2021-08-31,702303,BARRERA STOMAHESIVE 70MM ,16,DISPOSITIVOS MEDICO,1.0,18520.0,9.0
2021-09-30,702303,BARRERA STOMAHESIVE 70MM ,7,DISPOSITIVOS MEDICO,1.0,18520.0,9.0
2021-10-31,702303,BARRERA STOMAHESIVE 70MM ,1,DISPOSITIVOS MEDICO,1.0,18520.0,9.0
2021-11-30,702303,BARRERA STOMAHESIVE 70MM ,1,DISPOSITIVOS MEDICO,1.0,18520.0,9.0
2021-12-31,702303,BARRERA STOMAHESIVE 70MM ,19,DISPOSITIVOS MEDICO,1.0,18520.0,9.0
2022-01-31,702303,BARRERA STOMAHESIVE 70MM ,11,DISPOSITIVOS MEDICO,1.0,18520.0,9.0
2022-02-28,702303,BARRERA STOMAHESIVE 70MM ,7,DISPOSITIVOS MEDICO,1.0,18520.0,9.0
2022-03-31,702303,BARRERA STOMAHESIVE 70MM ,14,DISPOSITIVOS MEDICO,1.0,18520.0,9.0
2022-04-30,702303,BARRERA STOMAHESIVE 70MM ,18,DISPOSITIVOS MEDICO,1.0,18520.0,9.0
2022-05-31,702303,BARRERA STOMAHESIVE 70MM ,22,DISPOSITIVOS MEDICO,1.0,18520.0,9.0
2022-06-30,702303,BARRERA STOMAHESIVE 70MM ,7,DISPOSITIVOS MEDICO,1.0,18520.0,9.0
2021-07-31,702307,BARRERA STOMAHESIVE 32MM NINOS ,0,DISPOSITIVOS MEDICO,1.0,13287.0,5.0
2021-08-31,702307,BARRERA STOMAHESIVE 32MM NINOS ,6,DISPOSITIVOS MEDICO,1.0,13287.0,5.0
2021-09-30,702307,BARRERA STOMAHESIVE 32MM NINOS ,0,DISPOSITIVOS MEDICO,1.0,13287.0,5.0
2021-10-31,702307,BARRERA STOMAHESIVE 32MM NINOS ,0,DISPOSITIVOS MEDICO,1.0,13287.0,5.0
2021-11-30,702307,BARRERA STOMAHESIVE 32MM NINOS ,0,DISPOSITIVOS MEDICO,1.0,13287.0,5.0
2021-12-31,702307,BARRERA STOMAHESIVE 32MM NINOS ,0,DISPOSITIVOS MEDICO,1.0,13287.0,5.0
2022-01-31,702307,BARRERA STOMAHESIVE 32MM NINOS ,0,DISPOSITIVOS MEDICO,1.0,13287.0,5.0
2022-02-28,702307,BARRERA STOMAHESIVE 32MM NINOS ,5,DISPOSITIVOS MEDICO,1.0,13287.0,5.0
2022-03-31,702307,BARRERA STOMAHESIVE 32MM NINOS ,0,DISPOSITIVOS MEDICO,1.0,13287.0,5.0
2022-04-30,702307,BARRERA STOMAHESIVE 32MM NINOS ,2,DISPOSITIVOS MEDICO,1.0,13287.0,5.0
2022-05-31,702307,BARRERA STOMAHESIVE 32MM NINOS ,0,DISPOSITIVOS MEDICO,1.0,13287.0,5.0
2022-06-30,702307,BARRERA STOMAHESIVE 32MM NINOS ,0,DISPOSITIVOS MEDICO,1.0,13287.0,5.0
2021-07-31,702310,BARRERA STOMAHESIVE 20MMX20MM LISA ,19,DISPOSITIVOS MEDICO,1.0,44673.0,5.0
2021-08-31,702310,BARRERA STOMAHESIVE 20MMX20MM LISA ,2,DISPOSITIVOS MEDICO,1.0,44673.0,5.0
2021-09-30,702310,BARRERA STOMAHESIVE 20MMX20MM LISA ,7,DISPOSITIVOS MEDICO,1.0,44673.0,5.0
2021-10-31,702310,BARRERA STOMAHESIVE 20MMX20MM LISA ,0,DISPOSITIVOS MEDICO,1.0,44673.0,5.0
2021-11-30,702310,BARRERA STOMAHESIVE 20MMX20MM LISA ,5,DISPOSITIVOS MEDICO,1.0,44673.0,5.0
2021-12-31,702310,BARRERA STOMAHESIVE 20MMX20MM LISA ,20,DISPOSITIVOS MEDICO,1.0,44673.0,5.0
2022-01-31,702310,BARRERA STOMAHESIVE 20MMX20MM LISA ,31,DISPOSITIVOS MEDICO,1.0,44673.0,5.0
2022-02-28,702310,BARRERA STOMAHESIVE 20MMX20MM LISA ,13,DISPOSITIVOS MEDICO,1.0,44673.0,5.0
2022-03-31,702310,BARRERA STOMAHESIVE 20MMX20MM LISA ,24,DISPOSITIVOS MEDICO,1.0,44673.0,5.0
2022-04-30,702310,BARRERA STOMAHESIVE 20MMX20MM LISA ,11,DISPOSITIVOS MEDICO,1.0,44673.0,5.0
2022-05-31,702310,BARRERA STOMAHESIVE 20MMX20MM LISA ,13,DISPOSITIVOS MEDICO,1.0,44673.0,5.0
2022-06-30,702310,BARRERA STOMAHESIVE 20MMX20MM LISA ,25,DISPOSITIVOS MEDICO,1.0,44673.0,5.0
2021-07-31,702321,BOLSA OSTOMIA 32MM NINOS ,0,DISPOSITIVOS MEDICO,1.0,7591.0,6.0
2021-08-31,702321,BOLSA OSTOMIA 32MM NINOS ,5,DISPOSITIVOS MEDICO,1.0,7591.0,6.0
2021-09-30,702321,BOLSA OSTOMIA 32MM NINOS ,0,DISPOSITIVOS MEDICO,1.0,7591.0,6.0
2021-10-31,702321,BOLSA OSTOMIA 32MM NINOS ,0,DISPOSITIVOS MEDICO,1.0,7591.0,6.0
2021-11-30,702321,BOLSA OSTOMIA 32MM NINOS ,0,DISPOSITIVOS MEDICO,1.0,7591.0,6.0
2021-12-31,702321,BOLSA OSTOMIA 32MM NINOS ,0,DISPOSITIVOS MEDICO,1.0,7591.0,6.0
2022-01-31,702321,BOLSA OSTOMIA 32MM NINOS ,0,DISPOSITIVOS MEDICO,1.0,7591.0,6.0
2022-02-28,702321,BOLSA OSTOMIA 32MM NINOS ,4,DISPOSITIVOS MEDICO,1.0,7591.0,6.0
2022-03-31,702321,BOLSA OSTOMIA 32MM NINOS ,0,DISPOSITIVOS MEDICO,1.0,7591.0,6.0
2022-04-30,702321,BOLSA OSTOMIA 32MM NINOS ,0,DISPOSITIVOS MEDICO,1.0,7591.0,6.0
2022-05-31,702321,BOLSA OSTOMIA 32MM NINOS ,0,DISPOSITIVOS MEDICO,1.0,7591.0,6.0
2022-06-30,702321,BOLSA OSTOMIA 32MM NINOS ,0,DISPOSITIVOS MEDICO,1.0,7591.0,6.0
2021-07-31,702323,BOLSA OSTOMIA OP/57 - 60 MM ,5,DISPOSITIVOS MEDICO,1.0,9498.0,9.0
2021-08-31,702323,BOLSA OSTOMIA OP/57 - 60 MM ,15,DISPOSITIVOS MEDICO,1.0,9498.0,9.0
2021-09-30,702323,BOLSA OSTOMIA OP/57 - 60 MM ,19,DISPOSITIVOS MEDICO,1.0,9498.0,9.0
2021-10-31,702323,BOLSA OSTOMIA OP/57 - 60 MM ,13,DISPOSITIVOS MEDICO,1.0,9498.0,9.0
2021-11-30,702323,BOLSA OSTOMIA OP/57 - 60 MM ,22,DISPOSITIVOS MEDICO,1.0,9498.0,9.0
2021-12-31,702323,BOLSA OSTOMIA OP/57 - 60 MM ,3,DISPOSITIVOS MEDICO,1.0,9498.0,9.0
2022-01-31,702323,BOLSA OSTOMIA OP/57 - 60 MM ,7,DISPOSITIVOS MEDICO,1.0,9498.0,9.0
2022-02-28,702323,BOLSA OSTOMIA OP/57 - 60 MM ,8,DISPOSITIVOS MEDICO,1.0,9498.0,9.0
2022-03-31,702323,BOLSA OSTOMIA OP/57 - 60 MM ,21,DISPOSITIVOS MEDICO,1.0,9498.0,9.0
2022-04-30,702323,BOLSA OSTOMIA OP/57 - 60 MM ,24,DISPOSITIVOS MEDICO,1.0,9498.0,9.0
2022-05-31,702323,BOLSA OSTOMIA OP/57 - 60 MM ,11,DISPOSITIVOS MEDICO,1.0,9498.0,9.0
2022-06-30,702323,BOLSA OSTOMIA OP/57 - 60 MM ,16,DISPOSITIVOS MEDICO,1.0,9498.0,9.0
2021-07-31,702324,BOLSA OSTOMIA OP /70MM ,19,DISPOSITIVOS MEDICO,1.0,9375.0,15.0
2021-08-31,702324,BOLSA OSTOMIA OP /70MM ,13,DISPOSITIVOS MEDICO,1.0,9375.0,15.0
2021-09-30,702324,BOLSA OSTOMIA OP /70MM ,7,DISPOSITIVOS MEDICO,1.0,9375.0,15.0
2021-10-31,702324,BOLSA OSTOMIA OP /70MM ,1,DISPOSITIVOS MEDICO,1.0,9375.0,15.0
2021-11-30,702324,BOLSA OSTOMIA OP /70MM ,1,DISPOSITIVOS MEDICO,1.0,9375.0,15.0
2021-12-31,702324,BOLSA OSTOMIA OP /70MM ,19,DISPOSITIVOS MEDICO,1.0,9375.0,15.0
2022-01-31,702324,BOLSA OSTOMIA OP /70MM ,10,DISPOSITIVOS MEDICO,1.0,9375.0,15.0
2022-02-28,702324,BOLSA OSTOMIA OP /70MM ,6,DISPOSITIVOS MEDICO,1.0,9375.0,15.0
2022-03-31,702324,BOLSA OSTOMIA OP /70MM ,7,DISPOSITIVOS MEDICO,1.0,9375.0,15.0
2022-04-30,702324,BOLSA OSTOMIA OP /70MM ,15,DISPOSITIVOS MEDICO,1.0,9375.0,15.0
2022-05-31,702324,BOLSA OSTOMIA OP /70MM ,23,DISPOSITIVOS MEDICO,1.0,9375.0,15.0
2022-06-30,702324,BOLSA OSTOMIA OP /70MM ,7,DISPOSITIVOS MEDICO,1.0,9375.0,15.0
2021-07-31,702326,BOLSA OSTOMIA  OP45MM ,1,DISPOSITIVOS MEDICO,1.0,8517.0,10.0
2021-08-31,702326,BOLSA OSTOMIA  OP45MM ,2,DISPOSITIVOS MEDICO,1.0,8517.0,10.0
2021-09-30,702326,BOLSA OSTOMIA  OP45MM ,0,DISPOSITIVOS MEDICO,1.0,8517.0,10.0
2021-10-31,702326,BOLSA OSTOMIA  OP45MM ,0,DISPOSITIVOS MEDICO,1.0,8517.0,10.0
2021-11-30,702326,BOLSA OSTOMIA  OP45MM ,0,DISPOSITIVOS MEDICO,1.0,8517.0,10.0
2021-12-31,702326,BOLSA OSTOMIA  OP45MM ,1,DISPOSITIVOS MEDICO,1.0,8517.0,10.0
2022-01-31,702326,BOLSA OSTOMIA  OP45MM ,0,DISPOSITIVOS MEDICO,1.0,8517.0,10.0
2022-02-28,702326,BOLSA OSTOMIA  OP45MM ,0,DISPOSITIVOS MEDICO,1.0,8517.0,10.0
2022-03-31,702326,BOLSA OSTOMIA  OP45MM ,1,DISPOSITIVOS MEDICO,1.0,8517.0,10.0
2022-04-30,702326,BOLSA OSTOMIA  OP45MM ,2,DISPOSITIVOS MEDICO,1.0,8517.0,10.0
2022-05-31,702326,BOLSA OSTOMIA  OP45MM ,0,DISPOSITIVOS MEDICO,1.0,8517.0,10.0
2022-06-30,702326,BOLSA OSTOMIA  OP45MM ,3,DISPOSITIVOS MEDICO,1.0,8517.0,10.0
2021-07-31,702358,CYSTOFLOW 2000 ML ADULTO,74,DISPOSITIVOS MEDICO,1.0,3499.0,34.0
2021-08-31,702358,CYSTOFLOW 2000 ML ADULTO,74,DISPOSITIVOS MEDICO,1.0,3499.0,34.0
2021-09-30,702358,CYSTOFLOW 2000 ML ADULTO,70,DISPOSITIVOS MEDICO,1.0,3499.0,34.0
2021-10-31,702358,CYSTOFLOW 2000 ML ADULTO,71,DISPOSITIVOS MEDICO,1.0,3499.0,34.0
2021-11-30,702358,CYSTOFLOW 2000 ML ADULTO,83,DISPOSITIVOS MEDICO,1.0,3499.0,34.0
2021-12-31,702358,CYSTOFLOW 2000 ML ADULTO,78,DISPOSITIVOS MEDICO,1.0,3499.0,34.0
2022-01-31,702358,CYSTOFLOW 2000 ML ADULTO,84,DISPOSITIVOS MEDICO,1.0,3499.0,34.0
2022-02-28,702358,CYSTOFLOW 2000 ML ADULTO,81,DISPOSITIVOS MEDICO,1.0,3499.0,34.0
2022-03-31,702358,CYSTOFLOW 2000 ML ADULTO,75,DISPOSITIVOS MEDICO,1.0,3499.0,34.0
2022-04-30,702358,CYSTOFLOW 2000 ML ADULTO,84,DISPOSITIVOS MEDICO,1.0,3499.0,34.0
2022-05-31,702358,CYSTOFLOW 2000 ML ADULTO,72,DISPOSITIVOS MEDICO,1.0,3499.0,34.0
2022-06-30,702358,CYSTOFLOW 2000 ML ADULTO,64,DISPOSITIVOS MEDICO,1.0,3499.0,34.0
2021-07-31,702368,LLAVE DE 3 VIAS,230,DISPOSITIVOS MEDICO,1.0,1198.0,16.0
2021-08-31,702368,LLAVE DE 3 VIAS,319,DISPOSITIVOS MEDICO,1.0,1198.0,16.0
2021-09-30,702368,LLAVE DE 3 VIAS,287,DISPOSITIVOS MEDICO,1.0,1198.0,16.0
2021-10-31,702368,LLAVE DE 3 VIAS,246,DISPOSITIVOS MEDICO,1.0,1198.0,16.0
2021-11-30,702368,LLAVE DE 3 VIAS,254,DISPOSITIVOS MEDICO,1.0,1198.0,16.0
2021-12-31,702368,LLAVE DE 3 VIAS,224,DISPOSITIVOS MEDICO,1.0,1198.0,16.0
2022-01-31,702368,LLAVE DE 3 VIAS,322,DISPOSITIVOS MEDICO,1.0,1198.0,16.0
2022-02-28,702368,LLAVE DE 3 VIAS,393,DISPOSITIVOS MEDICO,1.0,1198.0,16.0
2022-03-31,702368,LLAVE DE 3 VIAS,356,DISPOSITIVOS MEDICO,1.0,1198.0,16.0
2022-04-30,702368,LLAVE DE 3 VIAS,231,DISPOSITIVOS MEDICO,1.0,1198.0,16.0
2022-05-31,702368,LLAVE DE 3 VIAS,248,DISPOSITIVOS MEDICO,1.0,1198.0,16.0
2022-06-30,702368,LLAVE DE 3 VIAS,273,DISPOSITIVOS MEDICO,1.0,1198.0,16.0
2021-07-31,702377,BURETROL,1222,DISPOSITIVOS MEDICO,1.0,2313.0,120.0
2021-08-31,702377,BURETROL,1337,DISPOSITIVOS MEDICO,1.0,2313.0,120.0
2021-09-30,702377,BURETROL,1247,DISPOSITIVOS MEDICO,1.0,2313.0,120.0
2021-10-31,702377,BURETROL,1314,DISPOSITIVOS MEDICO,1.0,2313.0,120.0
2021-11-30,702377,BURETROL,1060,DISPOSITIVOS MEDICO,1.0,2313.0,120.0
2021-12-31,702377,BURETROL,846,DISPOSITIVOS MEDICO,1.0,2313.0,120.0
2022-01-31,702377,BURETROL,921,DISPOSITIVOS MEDICO,1.0,2313.0,120.0
2022-02-28,702377,BURETROL,847,DISPOSITIVOS MEDICO,1.0,2313.0,120.0
2022-03-31,702377,BURETROL,783,DISPOSITIVOS MEDICO,1.0,2313.0,120.0
2022-04-30,702377,BURETROL,1291,DISPOSITIVOS MEDICO,1.0,2313.0,120.0
2022-05-31,702377,BURETROL,681,DISPOSITIVOS MEDICO,1.0,2313.0,120.0
2022-06-30,702377,BURETROL,744,DISPOSITIVOS MEDICO,1.0,2313.0,120.0
2021-07-31,702381,EQUIPO MACROGOTEO S/A (SOLO CX E IMAGENES),365,DISPOSITIVOS MEDICO,1.0,710.0,46.0
2021-08-31,702381,EQUIPO MACROGOTEO S/A (SOLO CX E IMAGENES),366,DISPOSITIVOS MEDICO,1.0,710.0,46.0
2021-09-30,702381,EQUIPO MACROGOTEO S/A (SOLO CX E IMAGENES),308,DISPOSITIVOS MEDICO,1.0,710.0,46.0
2021-10-31,702381,EQUIPO MACROGOTEO S/A (SOLO CX E IMAGENES),399,DISPOSITIVOS MEDICO,1.0,710.0,46.0
2021-11-30,702381,EQUIPO MACROGOTEO S/A (SOLO CX E IMAGENES),301,DISPOSITIVOS MEDICO,1.0,710.0,46.0
2021-12-31,702381,EQUIPO MACROGOTEO S/A (SOLO CX E IMAGENES),232,DISPOSITIVOS MEDICO,1.0,710.0,46.0
2022-01-31,702381,EQUIPO MACROGOTEO S/A (SOLO CX E IMAGENES),268,DISPOSITIVOS MEDICO,1.0,710.0,46.0
2022-02-28,702381,EQUIPO MACROGOTEO S/A (SOLO CX E IMAGENES),279,DISPOSITIVOS MEDICO,1.0,710.0,46.0
2022-03-31,702381,EQUIPO MACROGOTEO S/A (SOLO CX E IMAGENES),216,DISPOSITIVOS MEDICO,1.0,710.0,46.0
2022-04-30,702381,EQUIPO MACROGOTEO S/A (SOLO CX E IMAGENES),320,DISPOSITIVOS MEDICO,1.0,710.0,46.0
2022-05-31,702381,EQUIPO MACROGOTEO S/A (SOLO CX E IMAGENES),214,DISPOSITIVOS MEDICO,1.0,710.0,46.0
2022-06-30,702381,EQUIPO MACROGOTEO S/A (SOLO CX E IMAGENES),205,DISPOSITIVOS MEDICO,1.0,710.0,46.0
2021-07-31,702382,EXTENSION DE ANESTESIA ADULTO ,1490,DISPOSITIVOS MEDICO,1.0,639.0,195.0
2021-08-31,702382,EXTENSION DE ANESTESIA ADULTO ,1315,DISPOSITIVOS MEDICO,1.0,639.0,195.0
2021-09-30,702382,EXTENSION DE ANESTESIA ADULTO ,1317,DISPOSITIVOS MEDICO,1.0,639.0,195.0
2021-10-31,702382,EXTENSION DE ANESTESIA ADULTO ,1329,DISPOSITIVOS MEDICO,1.0,639.0,195.0
2021-11-30,702382,EXTENSION DE ANESTESIA ADULTO ,1187,DISPOSITIVOS MEDICO,1.0,639.0,195.0
2021-12-31,702382,EXTENSION DE ANESTESIA ADULTO ,1103,DISPOSITIVOS MEDICO,1.0,639.0,195.0
2022-01-31,702382,EXTENSION DE ANESTESIA ADULTO ,1199,DISPOSITIVOS MEDICO,1.0,639.0,195.0
2022-02-28,702382,EXTENSION DE ANESTESIA ADULTO ,1079,DISPOSITIVOS MEDICO,1.0,639.0,195.0
2022-03-31,702382,EXTENSION DE ANESTESIA ADULTO ,1156,DISPOSITIVOS MEDICO,1.0,639.0,195.0
2022-04-30,702382,EXTENSION DE ANESTESIA ADULTO ,1326,DISPOSITIVOS MEDICO,1.0,639.0,195.0
2022-05-31,702382,EXTENSION DE ANESTESIA ADULTO ,1077,DISPOSITIVOS MEDICO,1.0,639.0,195.0
2022-06-30,702382,EXTENSION DE ANESTESIA ADULTO ,1103,DISPOSITIVOS MEDICO,1.0,639.0,195.0
2021-07-31,702383,EXTENSION DE ANESTESIA PEDIATRICO,126,DISPOSITIVOS MEDICO,1.0,646.0,37.0
2021-08-31,702383,EXTENSION DE ANESTESIA PEDIATRICO,146,DISPOSITIVOS MEDICO,1.0,646.0,37.0
2021-09-30,702383,EXTENSION DE ANESTESIA PEDIATRICO,144,DISPOSITIVOS MEDICO,1.0,646.0,37.0
2021-10-31,702383,EXTENSION DE ANESTESIA PEDIATRICO,117,DISPOSITIVOS MEDICO,1.0,646.0,37.0
2021-11-30,702383,EXTENSION DE ANESTESIA PEDIATRICO,143,DISPOSITIVOS MEDICO,1.0,646.0,37.0
2021-12-31,702383,EXTENSION DE ANESTESIA PEDIATRICO,110,DISPOSITIVOS MEDICO,1.0,646.0,37.0
2022-01-31,702383,EXTENSION DE ANESTESIA PEDIATRICO,169,DISPOSITIVOS MEDICO,1.0,646.0,37.0
2022-02-28,702383,EXTENSION DE ANESTESIA PEDIATRICO,230,DISPOSITIVOS MEDICO,1.0,646.0,37.0
2022-03-31,702383,EXTENSION DE ANESTESIA PEDIATRICO,267,DISPOSITIVOS MEDICO,1.0,646.0,37.0
2022-04-30,702383,EXTENSION DE ANESTESIA PEDIATRICO,88,DISPOSITIVOS MEDICO,1.0,646.0,37.0
2022-05-31,702383,EXTENSION DE ANESTESIA PEDIATRICO,188,DISPOSITIVOS MEDICO,1.0,646.0,37.0
2022-06-30,702383,EXTENSION DE ANESTESIA PEDIATRICO,169,DISPOSITIVOS MEDICO,1.0,646.0,37.0
2021-07-31,702417,HUMIDIFICADOR 3PSI,21,DISPOSITIVOS MEDICO,1.0,3849.0,17.0
2021-08-31,702417,HUMIDIFICADOR 3PSI,35,DISPOSITIVOS MEDICO,1.0,3849.0,17.0
2021-09-30,702417,HUMIDIFICADOR 3PSI,42,DISPOSITIVOS MEDICO,1.0,3849.0,17.0
2021-10-31,702417,HUMIDIFICADOR 3PSI,37,DISPOSITIVOS MEDICO,1.0,3849.0,17.0
2021-11-30,702417,HUMIDIFICADOR 3PSI,43,DISPOSITIVOS MEDICO,1.0,3849.0,17.0
2021-12-31,702417,HUMIDIFICADOR 3PSI,50,DISPOSITIVOS MEDICO,1.0,3849.0,17.0
2022-01-31,702417,HUMIDIFICADOR 3PSI,54,DISPOSITIVOS MEDICO,1.0,3849.0,17.0
2022-02-28,702417,HUMIDIFICADOR 3PSI,52,DISPOSITIVOS MEDICO,1.0,3849.0,17.0
2022-03-31,702417,HUMIDIFICADOR 3PSI,50,DISPOSITIVOS MEDICO,1.0,3849.0,17.0
2022-04-30,702417,HUMIDIFICADOR 3PSI,41,DISPOSITIVOS MEDICO,1.0,3849.0,17.0
2022-05-31,702417,HUMIDIFICADOR 3PSI,49,DISPOSITIVOS MEDICO,1.0,3849.0,17.0
2022-06-30,702417,HUMIDIFICADOR 3PSI,42,DISPOSITIVOS MEDICO,1.0,3849.0,17.0
2021-07-31,702435,NARIZ DE CAMELLO ADULTO,164,MEDICAMENTOS,1.0,5611.0,58.0
2021-08-31,702435,NARIZ DE CAMELLO ADULTO,141,MEDICAMENTOS,1.0,5611.0,58.0
2021-09-30,702435,NARIZ DE CAMELLO ADULTO,151,MEDICAMENTOS,1.0,5611.0,58.0
2021-10-31,702435,NARIZ DE CAMELLO ADULTO,176,MEDICAMENTOS,1.0,5611.0,58.0
2021-11-30,702435,NARIZ DE CAMELLO ADULTO,168,MEDICAMENTOS,1.0,5611.0,58.0
2021-12-31,702435,NARIZ DE CAMELLO ADULTO,229,MEDICAMENTOS,1.0,5611.0,58.0
2022-01-31,702435,NARIZ DE CAMELLO ADULTO,253,MEDICAMENTOS,1.0,5611.0,58.0
2022-02-28,702435,NARIZ DE CAMELLO ADULTO,221,MEDICAMENTOS,1.0,5611.0,58.0
2022-03-31,702435,NARIZ DE CAMELLO ADULTO,197,MEDICAMENTOS,1.0,5611.0,58.0
2022-04-30,702435,NARIZ DE CAMELLO ADULTO,136,MEDICAMENTOS,1.0,5611.0,58.0
2022-05-31,702435,NARIZ DE CAMELLO ADULTO,219,MEDICAMENTOS,1.0,5611.0,58.0
2022-06-30,702435,NARIZ DE CAMELLO ADULTO,299,MEDICAMENTOS,1.0,5611.0,58.0
2021-07-31,702437,NIPLE CONECTOR MAG 02 HUDSON ,0,DISPOSITIVOS MEDICO,1.0,1108.0,12.0
2021-08-31,702437,NIPLE CONECTOR MAG 02 HUDSON ,0,DISPOSITIVOS MEDICO,1.0,1108.0,12.0
2021-09-30,702437,NIPLE CONECTOR MAG 02 HUDSON ,0,DISPOSITIVOS MEDICO,1.0,1108.0,12.0
2021-10-31,702437,NIPLE CONECTOR MAG 02 HUDSON ,1,DISPOSITIVOS MEDICO,1.0,1108.0,12.0
2021-11-30,702437,NIPLE CONECTOR MAG 02 HUDSON ,1,DISPOSITIVOS MEDICO,1.0,1108.0,12.0
2021-12-31,702437,NIPLE CONECTOR MAG 02 HUDSON ,2,DISPOSITIVOS MEDICO,1.0,1108.0,12.0
2022-01-31,702437,NIPLE CONECTOR MAG 02 HUDSON ,2,DISPOSITIVOS MEDICO,1.0,1108.0,12.0
2022-02-28,702437,NIPLE CONECTOR MAG 02 HUDSON ,2,DISPOSITIVOS MEDICO,1.0,1108.0,12.0
2022-03-31,702437,NIPLE CONECTOR MAG 02 HUDSON ,4,DISPOSITIVOS MEDICO,1.0,1108.0,12.0
2022-04-30,702437,NIPLE CONECTOR MAG 02 HUDSON ,0,DISPOSITIVOS MEDICO,1.0,1108.0,12.0
2022-05-31,702437,NIPLE CONECTOR MAG 02 HUDSON ,2,DISPOSITIVOS MEDICO,1.0,1108.0,12.0
2022-06-30,702437,NIPLE CONECTOR MAG 02 HUDSON ,1,DISPOSITIVOS MEDICO,1.0,1108.0,12.0
2021-07-31,702445,BUPRENORFINA PARCHE TRANSDERMICO 20MG ,0,CONTROLADOS,1.0,44709.0,7.0
2021-08-31,702445,BUPRENORFINA PARCHE TRANSDERMICO 20MG ,3,CONTROLADOS,1.0,44709.0,7.0
2021-09-30,702445,BUPRENORFINA PARCHE TRANSDERMICO 20MG ,0,CONTROLADOS,1.0,44709.0,7.0
2021-10-31,702445,BUPRENORFINA PARCHE TRANSDERMICO 20MG ,0,CONTROLADOS,1.0,44709.0,7.0
2021-11-30,702445,BUPRENORFINA PARCHE TRANSDERMICO 20MG ,7,CONTROLADOS,1.0,44709.0,7.0
2021-12-31,702445,BUPRENORFINA PARCHE TRANSDERMICO 20MG ,0,CONTROLADOS,1.0,44709.0,7.0
2022-01-31,702445,BUPRENORFINA PARCHE TRANSDERMICO 20MG ,0,CONTROLADOS,1.0,44709.0,7.0
2022-02-28,702445,BUPRENORFINA PARCHE TRANSDERMICO 20MG ,0,CONTROLADOS,1.0,44709.0,7.0
2022-03-31,702445,BUPRENORFINA PARCHE TRANSDERMICO 20MG ,0,CONTROLADOS,1.0,44709.0,7.0
2022-04-30,702445,BUPRENORFINA PARCHE TRANSDERMICO 20MG ,0,CONTROLADOS,1.0,44709.0,7.0
2022-05-31,702445,BUPRENORFINA PARCHE TRANSDERMICO 20MG ,0,CONTROLADOS,1.0,44709.0,7.0
2022-06-30,702445,BUPRENORFINA PARCHE TRANSDERMICO 20MG ,0,CONTROLADOS,1.0,44709.0,7.0
2021-07-31,702452,STOMAHESIVE PASTA TBX2 ONZ.,20,DISPOSITIVOS MEDICO,1.0,39672.0,6.0
2021-08-31,702452,STOMAHESIVE PASTA TBX2 ONZ.,5,DISPOSITIVOS MEDICO,1.0,39672.0,6.0
2021-09-30,702452,STOMAHESIVE PASTA TBX2 ONZ.,4,DISPOSITIVOS MEDICO,1.0,39672.0,6.0
2021-10-31,702452,STOMAHESIVE PASTA TBX2 ONZ.,4,DISPOSITIVOS MEDICO,1.0,39672.0,6.0
2021-11-30,702452,STOMAHESIVE PASTA TBX2 ONZ.,9,DISPOSITIVOS MEDICO,1.0,39672.0,6.0
2021-12-31,702452,STOMAHESIVE PASTA TBX2 ONZ.,12,DISPOSITIVOS MEDICO,1.0,39672.0,6.0
2022-01-31,702452,STOMAHESIVE PASTA TBX2 ONZ.,22,DISPOSITIVOS MEDICO,1.0,39672.0,6.0
2022-02-28,702452,STOMAHESIVE PASTA TBX2 ONZ.,18,DISPOSITIVOS MEDICO,1.0,39672.0,6.0
2022-03-31,702452,STOMAHESIVE PASTA TBX2 ONZ.,36,DISPOSITIVOS MEDICO,1.0,39672.0,6.0
2022-04-30,702452,STOMAHESIVE PASTA TBX2 ONZ.,12,DISPOSITIVOS MEDICO,1.0,39672.0,6.0
2022-05-31,702452,STOMAHESIVE PASTA TBX2 ONZ.,7,DISPOSITIVOS MEDICO,1.0,39672.0,6.0
2022-06-30,702452,STOMAHESIVE PASTA TBX2 ONZ.,31,DISPOSITIVOS MEDICO,1.0,39672.0,6.0
2021-07-31,702460,PINZA P/BOLSA DE OSTOMIA ,17,DISPOSITIVOS MEDICO,1.0,2275.0,7.0
2021-08-31,702460,PINZA P/BOLSA DE OSTOMIA ,10,DISPOSITIVOS MEDICO,1.0,2275.0,7.0
2021-09-30,702460,PINZA P/BOLSA DE OSTOMIA ,2,DISPOSITIVOS MEDICO,1.0,2275.0,7.0
2021-10-31,702460,PINZA P/BOLSA DE OSTOMIA ,5,DISPOSITIVOS MEDICO,1.0,2275.0,7.0
2021-11-30,702460,PINZA P/BOLSA DE OSTOMIA ,5,DISPOSITIVOS MEDICO,1.0,2275.0,7.0
2021-12-31,702460,PINZA P/BOLSA DE OSTOMIA ,8,DISPOSITIVOS MEDICO,1.0,2275.0,7.0
2022-01-31,702460,PINZA P/BOLSA DE OSTOMIA ,7,DISPOSITIVOS MEDICO,1.0,2275.0,7.0
2022-02-28,702460,PINZA P/BOLSA DE OSTOMIA ,8,DISPOSITIVOS MEDICO,1.0,2275.0,7.0
2022-03-31,702460,PINZA P/BOLSA DE OSTOMIA ,13,DISPOSITIVOS MEDICO,1.0,2275.0,7.0
2022-04-30,702460,PINZA P/BOLSA DE OSTOMIA ,11,DISPOSITIVOS MEDICO,1.0,2275.0,7.0
2022-05-31,702460,PINZA P/BOLSA DE OSTOMIA ,10,DISPOSITIVOS MEDICO,1.0,2275.0,7.0
2022-06-30,702460,PINZA P/BOLSA DE OSTOMIA ,11,DISPOSITIVOS MEDICO,1.0,2275.0,7.0
2021-07-31,702473,FENOBARBITAL SOLUCIÓN INYECTABLE 40 MG/1ML ,19,CONTROLADOS,1.0,1418.0,47.0
2021-08-31,702473,FENOBARBITAL SOLUCIÓN INYECTABLE 40 MG/1ML ,7,CONTROLADOS,1.0,1418.0,47.0
2021-09-30,702473,FENOBARBITAL SOLUCIÓN INYECTABLE 40 MG/1ML ,28,CONTROLADOS,1.0,1418.0,47.0
2021-10-31,702473,FENOBARBITAL SOLUCIÓN INYECTABLE 40 MG/1ML ,12,CONTROLADOS,1.0,1418.0,47.0
2021-11-30,702473,FENOBARBITAL SOLUCIÓN INYECTABLE 40 MG/1ML ,12,CONTROLADOS,1.0,1418.0,47.0
2021-12-31,702473,FENOBARBITAL SOLUCIÓN INYECTABLE 40 MG/1ML ,5,CONTROLADOS,1.0,1418.0,47.0
2022-01-31,702473,FENOBARBITAL SOLUCIÓN INYECTABLE 40 MG/1ML ,4,CONTROLADOS,1.0,1418.0,47.0
2022-02-28,702473,FENOBARBITAL SOLUCIÓN INYECTABLE 40 MG/1ML ,0,CONTROLADOS,1.0,1418.0,47.0
2022-03-31,702473,FENOBARBITAL SOLUCIÓN INYECTABLE 40 MG/1ML ,13,CONTROLADOS,1.0,1418.0,47.0
2022-04-30,702473,FENOBARBITAL SOLUCIÓN INYECTABLE 40 MG/1ML ,40,CONTROLADOS,1.0,1418.0,47.0
2022-05-31,702473,FENOBARBITAL SOLUCIÓN INYECTABLE 40 MG/1ML ,23,CONTROLADOS,1.0,1418.0,47.0
2022-06-30,702473,FENOBARBITAL SOLUCIÓN INYECTABLE 40 MG/1ML ,0,CONTROLADOS,1.0,1418.0,47.0
2021-07-31,702484,KIT MICRONEBULIZADOR ADULTO,4,DISPOSITIVOS MEDICO,1.0,2683.0,9.0
2021-08-31,702484,KIT MICRONEBULIZADOR ADULTO,4,DISPOSITIVOS MEDICO,1.0,2683.0,9.0
2021-09-30,702484,KIT MICRONEBULIZADOR ADULTO,6,DISPOSITIVOS MEDICO,1.0,2683.0,9.0
2021-10-31,702484,KIT MICRONEBULIZADOR ADULTO,11,DISPOSITIVOS MEDICO,1.0,2683.0,9.0
2021-11-30,702484,KIT MICRONEBULIZADOR ADULTO,7,DISPOSITIVOS MEDICO,1.0,2683.0,9.0
2021-12-31,702484,KIT MICRONEBULIZADOR ADULTO,6,DISPOSITIVOS MEDICO,1.0,2683.0,9.0
2022-01-31,702484,KIT MICRONEBULIZADOR ADULTO,7,DISPOSITIVOS MEDICO,1.0,2683.0,9.0
2022-02-28,702484,KIT MICRONEBULIZADOR ADULTO,6,DISPOSITIVOS MEDICO,1.0,2683.0,9.0
2022-03-31,702484,KIT MICRONEBULIZADOR ADULTO,8,DISPOSITIVOS MEDICO,1.0,2683.0,9.0
2022-04-30,702484,KIT MICRONEBULIZADOR ADULTO,6,DISPOSITIVOS MEDICO,1.0,2683.0,9.0
2022-05-31,702484,KIT MICRONEBULIZADOR ADULTO,2,DISPOSITIVOS MEDICO,1.0,2683.0,9.0
2022-06-30,702484,KIT MICRONEBULIZADOR ADULTO,5,DISPOSITIVOS MEDICO,1.0,2683.0,9.0
2021-07-31,702486,STOMAHESIVE POLVO X 1 ONZA,6,DISPOSITIVOS MEDICO,1.0,34363.0,3.0
2021-08-31,702486,STOMAHESIVE POLVO X 1 ONZA,9,DISPOSITIVOS MEDICO,1.0,34363.0,3.0
2021-09-30,702486,STOMAHESIVE POLVO X 1 ONZA,13,DISPOSITIVOS MEDICO,1.0,34363.0,3.0
2021-10-31,702486,STOMAHESIVE POLVO X 1 ONZA,2,DISPOSITIVOS MEDICO,1.0,34363.0,3.0
2021-11-30,702486,STOMAHESIVE POLVO X 1 ONZA,13,DISPOSITIVOS MEDICO,1.0,34363.0,3.0
2021-12-31,702486,STOMAHESIVE POLVO X 1 ONZA,7,DISPOSITIVOS MEDICO,1.0,34363.0,3.0
2022-01-31,702486,STOMAHESIVE POLVO X 1 ONZA,17,DISPOSITIVOS MEDICO,1.0,34363.0,3.0
2022-02-28,702486,STOMAHESIVE POLVO X 1 ONZA,12,DISPOSITIVOS MEDICO,1.0,34363.0,3.0
2022-03-31,702486,STOMAHESIVE POLVO X 1 ONZA,7,DISPOSITIVOS MEDICO,1.0,34363.0,3.0
2022-04-30,702486,STOMAHESIVE POLVO X 1 ONZA,5,DISPOSITIVOS MEDICO,1.0,34363.0,3.0
2022-05-31,702486,STOMAHESIVE POLVO X 1 ONZA,11,DISPOSITIVOS MEDICO,1.0,34363.0,3.0
2022-06-30,702486,STOMAHESIVE POLVO X 1 ONZA,9,DISPOSITIVOS MEDICO,1.0,34363.0,3.0
2021-07-31,702487,TAPON HEPARINIZADO,496,DISPOSITIVOS MEDICO,1.0,189.0,110.0
2021-08-31,702487,TAPON HEPARINIZADO,587,DISPOSITIVOS MEDICO,1.0,189.0,110.0
2021-09-30,702487,TAPON HEPARINIZADO,573,DISPOSITIVOS MEDICO,1.0,189.0,110.0
2021-10-31,702487,TAPON HEPARINIZADO,655,DISPOSITIVOS MEDICO,1.0,189.0,110.0
2021-11-30,702487,TAPON HEPARINIZADO,440,DISPOSITIVOS MEDICO,1.0,189.0,110.0
2021-12-31,702487,TAPON HEPARINIZADO,442,DISPOSITIVOS MEDICO,1.0,189.0,110.0
2022-01-31,702487,TAPON HEPARINIZADO,522,DISPOSITIVOS MEDICO,1.0,189.0,110.0
2022-02-28,702487,TAPON HEPARINIZADO,517,DISPOSITIVOS MEDICO,1.0,189.0,110.0
2022-03-31,702487,TAPON HEPARINIZADO,447,DISPOSITIVOS MEDICO,1.0,189.0,110.0
2022-04-30,702487,TAPON HEPARINIZADO,464,DISPOSITIVOS MEDICO,1.0,189.0,110.0
2022-05-31,702487,TAPON HEPARINIZADO,428,DISPOSITIVOS MEDICO,1.0,189.0,110.0
2022-06-30,702487,TAPON HEPARINIZADO,385,DISPOSITIVOS MEDICO,1.0,189.0,110.0
2021-07-31,702490,TAPON HEPARINA ROJO,297,DISPOSITIVOS MEDICO,1.0,883.0,111.0
2021-08-31,702490,TAPON HEPARINA ROJO,384,DISPOSITIVOS MEDICO,1.0,883.0,111.0
2021-09-30,702490,TAPON HEPARINA ROJO,324,DISPOSITIVOS MEDICO,1.0,883.0,111.0
2021-10-31,702490,TAPON HEPARINA ROJO,438,DISPOSITIVOS MEDICO,1.0,883.0,111.0
2021-11-30,702490,TAPON HEPARINA ROJO,256,DISPOSITIVOS MEDICO,1.0,883.0,111.0
2021-12-31,702490,TAPON HEPARINA ROJO,262,DISPOSITIVOS MEDICO,1.0,883.0,111.0
2022-01-31,702490,TAPON HEPARINA ROJO,345,DISPOSITIVOS MEDICO,1.0,883.0,111.0
2022-02-28,702490,TAPON HEPARINA ROJO,300,DISPOSITIVOS MEDICO,1.0,883.0,111.0
2022-03-31,702490,TAPON HEPARINA ROJO,236,DISPOSITIVOS MEDICO,1.0,883.0,111.0
2022-04-30,702490,TAPON HEPARINA ROJO,268,DISPOSITIVOS MEDICO,1.0,883.0,111.0
2022-05-31,702490,TAPON HEPARINA ROJO,250,DISPOSITIVOS MEDICO,1.0,883.0,111.0
2022-06-30,702490,TAPON HEPARINA ROJO,208,DISPOSITIVOS MEDICO,1.0,883.0,111.0
2021-07-31,702531,EXTENSION DE MONITOREO MACHO MACHO,14,MEDICAMENTOS,1.0,2088.0,12.0
2021-08-31,702531,EXTENSION DE MONITOREO MACHO MACHO,17,MEDICAMENTOS,1.0,2088.0,12.0
2021-09-30,702531,EXTENSION DE MONITOREO MACHO MACHO,16,MEDICAMENTOS,1.0,2088.0,12.0
2021-10-31,702531,EXTENSION DE MONITOREO MACHO MACHO,17,MEDICAMENTOS,1.0,2088.0,12.0
2021-11-30,702531,EXTENSION DE MONITOREO MACHO MACHO,18,MEDICAMENTOS,1.0,2088.0,12.0
2021-12-31,702531,EXTENSION DE MONITOREO MACHO MACHO,13,MEDICAMENTOS,1.0,2088.0,12.0
2022-01-31,702531,EXTENSION DE MONITOREO MACHO MACHO,6,MEDICAMENTOS,1.0,2088.0,12.0
2022-02-28,702531,EXTENSION DE MONITOREO MACHO MACHO,8,MEDICAMENTOS,1.0,2088.0,12.0
2022-03-31,702531,EXTENSION DE MONITOREO MACHO MACHO,10,MEDICAMENTOS,1.0,2088.0,12.0
2022-04-30,702531,EXTENSION DE MONITOREO MACHO MACHO,8,MEDICAMENTOS,1.0,2088.0,12.0
2022-05-31,702531,EXTENSION DE MONITOREO MACHO MACHO,6,MEDICAMENTOS,1.0,2088.0,12.0
2022-06-30,702531,EXTENSION DE MONITOREO MACHO MACHO,3,MEDICAMENTOS,1.0,2088.0,12.0
2021-07-31,702558,TIOPENTAL POLVO LIOFILIZADO 1G ,0,MEDICAMENTOS,1.0,16493.0,53.0
2021-08-31,702558,TIOPENTAL POLVO LIOFILIZADO 1G ,0,MEDICAMENTOS,1.0,16493.0,53.0
2021-09-30,702558,TIOPENTAL POLVO LIOFILIZADO 1G ,0,MEDICAMENTOS,1.0,16493.0,53.0
2021-10-31,702558,TIOPENTAL POLVO LIOFILIZADO 1G ,30,MEDICAMENTOS,1.0,16493.0,53.0
2021-11-30,702558,TIOPENTAL POLVO LIOFILIZADO 1G ,10,MEDICAMENTOS,1.0,16493.0,53.0
2021-12-31,702558,TIOPENTAL POLVO LIOFILIZADO 1G ,16,MEDICAMENTOS,1.0,16493.0,53.0
2022-01-31,702558,TIOPENTAL POLVO LIOFILIZADO 1G ,0,MEDICAMENTOS,1.0,16493.0,53.0
2022-02-28,702558,TIOPENTAL POLVO LIOFILIZADO 1G ,16,MEDICAMENTOS,1.0,16493.0,53.0
2022-03-31,702558,TIOPENTAL POLVO LIOFILIZADO 1G ,1,MEDICAMENTOS,1.0,16493.0,53.0
2022-04-30,702558,TIOPENTAL POLVO LIOFILIZADO 1G ,0,MEDICAMENTOS,1.0,16493.0,53.0
2022-05-31,702558,TIOPENTAL POLVO LIOFILIZADO 1G ,0,MEDICAMENTOS,1.0,16493.0,53.0
2022-06-30,702558,TIOPENTAL POLVO LIOFILIZADO 1G ,0,MEDICAMENTOS,1.0,16493.0,53.0
2021-07-31,702585,CANULA NASAL OXIGENO ADULTO,124,DISPOSITIVOS MEDICO,1.0,981.0,43.0
2021-08-31,702585,CANULA NASAL OXIGENO ADULTO,163,DISPOSITIVOS MEDICO,1.0,981.0,43.0
2021-09-30,702585,CANULA NASAL OXIGENO ADULTO,139,DISPOSITIVOS MEDICO,1.0,981.0,43.0
2021-10-31,702585,CANULA NASAL OXIGENO ADULTO,160,DISPOSITIVOS MEDICO,1.0,981.0,43.0
2021-11-30,702585,CANULA NASAL OXIGENO ADULTO,140,DISPOSITIVOS MEDICO,1.0,981.0,43.0
2021-12-31,702585,CANULA NASAL OXIGENO ADULTO,138,DISPOSITIVOS MEDICO,1.0,981.0,43.0
2022-01-31,702585,CANULA NASAL OXIGENO ADULTO,156,DISPOSITIVOS MEDICO,1.0,981.0,43.0
2022-02-28,702585,CANULA NASAL OXIGENO ADULTO,129,DISPOSITIVOS MEDICO,1.0,981.0,43.0
2022-03-31,702585,CANULA NASAL OXIGENO ADULTO,120,DISPOSITIVOS MEDICO,1.0,981.0,43.0
2022-04-30,702585,CANULA NASAL OXIGENO ADULTO,165,DISPOSITIVOS MEDICO,1.0,981.0,43.0
2022-05-31,702585,CANULA NASAL OXIGENO ADULTO,156,DISPOSITIVOS MEDICO,1.0,981.0,43.0
2022-06-30,702585,CANULA NASAL OXIGENO ADULTO,152,DISPOSITIVOS MEDICO,1.0,981.0,43.0
2021-07-31,702609,CANULA GUEDEL 3 (ISO 9.0),0,DISPOSITIVOS MEDICO,1.0,1275.0,18.0
2021-08-31,702609,CANULA GUEDEL 3 (ISO 9.0),0,DISPOSITIVOS MEDICO,1.0,1275.0,18.0
2021-09-30,702609,CANULA GUEDEL 3 (ISO 9.0),2,DISPOSITIVOS MEDICO,1.0,1275.0,18.0
2021-10-31,702609,CANULA GUEDEL 3 (ISO 9.0),0,DISPOSITIVOS MEDICO,1.0,1275.0,18.0
2021-11-30,702609,CANULA GUEDEL 3 (ISO 9.0),0,DISPOSITIVOS MEDICO,1.0,1275.0,18.0
2021-12-31,702609,CANULA GUEDEL 3 (ISO 9.0),2,DISPOSITIVOS MEDICO,1.0,1275.0,18.0
2022-01-31,702609,CANULA GUEDEL 3 (ISO 9.0),2,DISPOSITIVOS MEDICO,1.0,1275.0,18.0
2022-02-28,702609,CANULA GUEDEL 3 (ISO 9.0),3,DISPOSITIVOS MEDICO,1.0,1275.0,18.0
2022-03-31,702609,CANULA GUEDEL 3 (ISO 9.0),3,DISPOSITIVOS MEDICO,1.0,1275.0,18.0
2022-04-30,702609,CANULA GUEDEL 3 (ISO 9.0),0,DISPOSITIVOS MEDICO,1.0,1275.0,18.0
2022-05-31,702609,CANULA GUEDEL 3 (ISO 9.0),5,DISPOSITIVOS MEDICO,1.0,1275.0,18.0
2022-06-30,702609,CANULA GUEDEL 3 (ISO 9.0),25,DISPOSITIVOS MEDICO,1.0,1275.0,18.0
2021-07-31,702619,CANULA GUEDEL 2 (ISO 8.0),0,DISPOSITIVOS MEDICO,1.0,,
2021-08-31,702619,CANULA GUEDEL 2 (ISO 8.0),0,DISPOSITIVOS MEDICO,1.0,,
2021-09-30,702619,CANULA GUEDEL 2 (ISO 8.0),0,DISPOSITIVOS MEDICO,1.0,,
2021-10-31,702619,CANULA GUEDEL 2 (ISO 8.0),1,DISPOSITIVOS MEDICO,1.0,,
2021-11-30,702619,CANULA GUEDEL 2 (ISO 8.0),0,DISPOSITIVOS MEDICO,1.0,,
2021-12-31,702619,CANULA GUEDEL 2 (ISO 8.0),0,DISPOSITIVOS MEDICO,1.0,,
2022-01-31,702619,CANULA GUEDEL 2 (ISO 8.0),0,DISPOSITIVOS MEDICO,1.0,,
2022-02-28,702619,CANULA GUEDEL 2 (ISO 8.0),1,DISPOSITIVOS MEDICO,1.0,,
2022-03-31,702619,CANULA GUEDEL 2 (ISO 8.0),1,DISPOSITIVOS MEDICO,1.0,,
2022-04-30,702619,CANULA GUEDEL 2 (ISO 8.0),0,DISPOSITIVOS MEDICO,1.0,,
2022-05-31,702619,CANULA GUEDEL 2 (ISO 8.0),0,DISPOSITIVOS MEDICO,1.0,,
2022-06-30,702619,CANULA GUEDEL 2 (ISO 8.0),0,DISPOSITIVOS MEDICO,1.0,,
2021-07-31,702620,INCENTIVO RESPIRATORIO HUDSON,0,DISPOSITIVOS MEDICO,1.0,10307.0,1.0
2021-08-31,702620,INCENTIVO RESPIRATORIO HUDSON,0,DISPOSITIVOS MEDICO,1.0,10307.0,1.0
2021-09-30,702620,INCENTIVO RESPIRATORIO HUDSON,0,DISPOSITIVOS MEDICO,1.0,10307.0,1.0
2021-10-31,702620,INCENTIVO RESPIRATORIO HUDSON,0,DISPOSITIVOS MEDICO,1.0,10307.0,1.0
2021-11-30,702620,INCENTIVO RESPIRATORIO HUDSON,0,DISPOSITIVOS MEDICO,1.0,10307.0,1.0
2021-12-31,702620,INCENTIVO RESPIRATORIO HUDSON,0,DISPOSITIVOS MEDICO,1.0,10307.0,1.0
2022-01-31,702620,INCENTIVO RESPIRATORIO HUDSON,0,DISPOSITIVOS MEDICO,1.0,10307.0,1.0
2022-02-28,702620,INCENTIVO RESPIRATORIO HUDSON,0,DISPOSITIVOS MEDICO,1.0,10307.0,1.0
2022-03-31,702620,INCENTIVO RESPIRATORIO HUDSON,1,DISPOSITIVOS MEDICO,1.0,10307.0,1.0
2022-04-30,702620,INCENTIVO RESPIRATORIO HUDSON,0,DISPOSITIVOS MEDICO,1.0,10307.0,1.0
2022-05-31,702620,INCENTIVO RESPIRATORIO HUDSON,0,DISPOSITIVOS MEDICO,1.0,10307.0,1.0
2022-06-30,702620,INCENTIVO RESPIRATORIO HUDSON,0,DISPOSITIVOS MEDICO,1.0,10307.0,1.0
2021-07-31,702626,LINER FLEX 1500CC TAPA AZUL - GEL SOLIDIFICANTE,32,DISPOSITIVOS MEDICO,1.0,11835.0,9.0
2021-08-31,702626,LINER FLEX 1500CC TAPA AZUL - GEL SOLIDIFICANTE,72,DISPOSITIVOS MEDICO,1.0,11835.0,9.0
2021-09-30,702626,LINER FLEX 1500CC TAPA AZUL - GEL SOLIDIFICANTE,72,DISPOSITIVOS MEDICO,1.0,11835.0,9.0
2021-10-31,702626,LINER FLEX 1500CC TAPA AZUL - GEL SOLIDIFICANTE,79,DISPOSITIVOS MEDICO,1.0,11835.0,9.0
2021-11-30,702626,LINER FLEX 1500CC TAPA AZUL - GEL SOLIDIFICANTE,63,DISPOSITIVOS MEDICO,1.0,11835.0,9.0
2021-12-31,702626,LINER FLEX 1500CC TAPA AZUL - GEL SOLIDIFICANTE,67,DISPOSITIVOS MEDICO,1.0,11835.0,9.0
2022-01-31,702626,LINER FLEX 1500CC TAPA AZUL - GEL SOLIDIFICANTE,88,DISPOSITIVOS MEDICO,1.0,11835.0,9.0
2022-02-28,702626,LINER FLEX 1500CC TAPA AZUL - GEL SOLIDIFICANTE,69,DISPOSITIVOS MEDICO,1.0,11835.0,9.0
2022-03-31,702626,LINER FLEX 1500CC TAPA AZUL - GEL SOLIDIFICANTE,79,DISPOSITIVOS MEDICO,1.0,11835.0,9.0
2022-04-30,702626,LINER FLEX 1500CC TAPA AZUL - GEL SOLIDIFICANTE,74,DISPOSITIVOS MEDICO,1.0,11835.0,9.0
2022-05-31,702626,LINER FLEX 1500CC TAPA AZUL - GEL SOLIDIFICANTE,95,DISPOSITIVOS MEDICO,1.0,11835.0,9.0
2022-06-30,702626,LINER FLEX 1500CC TAPA AZUL - GEL SOLIDIFICANTE,97,DISPOSITIVOS MEDICO,1.0,11835.0,9.0
2021-07-31,702627,LINER FLEX 1000CC TAPA AZUL-GEL SOLIDIFICANTE,64,DISPOSITIVOS MEDICO,1.0,9667.0,13.0
2021-08-31,702627,LINER FLEX 1000CC TAPA AZUL-GEL SOLIDIFICANTE,60,DISPOSITIVOS MEDICO,1.0,9667.0,13.0
2021-09-30,702627,LINER FLEX 1000CC TAPA AZUL-GEL SOLIDIFICANTE,64,DISPOSITIVOS MEDICO,1.0,9667.0,13.0
2021-10-31,702627,LINER FLEX 1000CC TAPA AZUL-GEL SOLIDIFICANTE,74,DISPOSITIVOS MEDICO,1.0,9667.0,13.0
2021-11-30,702627,LINER FLEX 1000CC TAPA AZUL-GEL SOLIDIFICANTE,77,DISPOSITIVOS MEDICO,1.0,9667.0,13.0
2021-12-31,702627,LINER FLEX 1000CC TAPA AZUL-GEL SOLIDIFICANTE,104,DISPOSITIVOS MEDICO,1.0,9667.0,13.0
2022-01-31,702627,LINER FLEX 1000CC TAPA AZUL-GEL SOLIDIFICANTE,78,DISPOSITIVOS MEDICO,1.0,9667.0,13.0
2022-02-28,702627,LINER FLEX 1000CC TAPA AZUL-GEL SOLIDIFICANTE,85,DISPOSITIVOS MEDICO,1.0,9667.0,13.0
2022-03-31,702627,LINER FLEX 1000CC TAPA AZUL-GEL SOLIDIFICANTE,78,DISPOSITIVOS MEDICO,1.0,9667.0,13.0
2022-04-30,702627,LINER FLEX 1000CC TAPA AZUL-GEL SOLIDIFICANTE,78,DISPOSITIVOS MEDICO,1.0,9667.0,13.0
2022-05-31,702627,LINER FLEX 1000CC TAPA AZUL-GEL SOLIDIFICANTE,84,DISPOSITIVOS MEDICO,1.0,9667.0,13.0
2022-06-30,702627,LINER FLEX 1000CC TAPA AZUL-GEL SOLIDIFICANTE,77,DISPOSITIVOS MEDICO,1.0,9667.0,13.0
2021-07-31,702635,MASCARA C/RESERVORIO ADULTO,7,DISPOSITIVOS MEDICO,1.0,2900.0,13.0
2021-08-31,702635,MASCARA C/RESERVORIO ADULTO,7,DISPOSITIVOS MEDICO,1.0,2900.0,13.0
2021-09-30,702635,MASCARA C/RESERVORIO ADULTO,4,DISPOSITIVOS MEDICO,1.0,2900.0,13.0
2021-10-31,702635,MASCARA C/RESERVORIO ADULTO,9,DISPOSITIVOS MEDICO,1.0,2900.0,13.0
2021-11-30,702635,MASCARA C/RESERVORIO ADULTO,10,DISPOSITIVOS MEDICO,1.0,2900.0,13.0
2021-12-31,702635,MASCARA C/RESERVORIO ADULTO,16,DISPOSITIVOS MEDICO,1.0,2900.0,13.0
2022-01-31,702635,MASCARA C/RESERVORIO ADULTO,10,DISPOSITIVOS MEDICO,1.0,2900.0,13.0
2022-02-28,702635,MASCARA C/RESERVORIO ADULTO,7,DISPOSITIVOS MEDICO,1.0,2900.0,13.0
2022-03-31,702635,MASCARA C/RESERVORIO ADULTO,2,DISPOSITIVOS MEDICO,1.0,2900.0,13.0
2022-04-30,702635,MASCARA C/RESERVORIO ADULTO,5,DISPOSITIVOS MEDICO,1.0,2900.0,13.0
2022-05-31,702635,MASCARA C/RESERVORIO ADULTO,12,DISPOSITIVOS MEDICO,1.0,2900.0,13.0
2022-06-30,702635,MASCARA C/RESERVORIO ADULTO,16,DISPOSITIVOS MEDICO,1.0,2900.0,13.0
2021-07-31,702636,MASCARA NO REINHALACION C/RESERVORIO  PEDIATRICA,0,DISPOSITIVOS MEDICO,1.0,5991.0,4.0
2021-08-31,702636,MASCARA NO REINHALACION C/RESERVORIO  PEDIATRICA,0,DISPOSITIVOS MEDICO,1.0,5991.0,4.0
2021-09-30,702636,MASCARA NO REINHALACION C/RESERVORIO  PEDIATRICA,0,DISPOSITIVOS MEDICO,1.0,5991.0,4.0
2021-10-31,702636,MASCARA NO REINHALACION C/RESERVORIO  PEDIATRICA,0,DISPOSITIVOS MEDICO,1.0,5991.0,4.0
2021-11-30,702636,MASCARA NO REINHALACION C/RESERVORIO  PEDIATRICA,0,DISPOSITIVOS MEDICO,1.0,5991.0,4.0
2021-12-31,702636,MASCARA NO REINHALACION C/RESERVORIO  PEDIATRICA,0,DISPOSITIVOS MEDICO,1.0,5991.0,4.0
2022-01-31,702636,MASCARA NO REINHALACION C/RESERVORIO  PEDIATRICA,0,DISPOSITIVOS MEDICO,1.0,5991.0,4.0
2022-02-28,702636,MASCARA NO REINHALACION C/RESERVORIO  PEDIATRICA,1,DISPOSITIVOS MEDICO,1.0,5991.0,4.0
2022-03-31,702636,MASCARA NO REINHALACION C/RESERVORIO  PEDIATRICA,0,DISPOSITIVOS MEDICO,1.0,5991.0,4.0
2022-04-30,702636,MASCARA NO REINHALACION C/RESERVORIO  PEDIATRICA,1,DISPOSITIVOS MEDICO,1.0,5991.0,4.0
2022-05-31,702636,MASCARA NO REINHALACION C/RESERVORIO  PEDIATRICA,0,DISPOSITIVOS MEDICO,1.0,5991.0,4.0
2022-06-30,702636,MASCARA NO REINHALACION C/RESERVORIO  PEDIATRICA,0,DISPOSITIVOS MEDICO,1.0,5991.0,4.0
2021-07-31,702641,MASCARA VENTURY ADULTO,47,DISPOSITIVOS MEDICO,1.0,3238.0,12.0
2021-08-31,702641,MASCARA VENTURY ADULTO,36,DISPOSITIVOS MEDICO,1.0,3238.0,12.0
2021-09-30,702641,MASCARA VENTURY ADULTO,41,DISPOSITIVOS MEDICO,1.0,3238.0,12.0
2021-10-31,702641,MASCARA VENTURY ADULTO,52,DISPOSITIVOS MEDICO,1.0,3238.0,12.0
2021-11-30,702641,MASCARA VENTURY ADULTO,48,DISPOSITIVOS MEDICO,1.0,3238.0,12.0
2021-12-31,702641,MASCARA VENTURY ADULTO,63,DISPOSITIVOS MEDICO,1.0,3238.0,12.0
2022-01-31,702641,MASCARA VENTURY ADULTO,62,DISPOSITIVOS MEDICO,1.0,3238.0,12.0
2022-02-28,702641,MASCARA VENTURY ADULTO,55,DISPOSITIVOS MEDICO,1.0,3238.0,12.0
2022-03-31,702641,MASCARA VENTURY ADULTO,40,DISPOSITIVOS MEDICO,1.0,3238.0,12.0
2022-04-30,702641,MASCARA VENTURY ADULTO,53,DISPOSITIVOS MEDICO,1.0,3238.0,12.0
2022-05-31,702641,MASCARA VENTURY ADULTO,57,DISPOSITIVOS MEDICO,1.0,3238.0,12.0
2022-06-30,702641,MASCARA VENTURY ADULTO,52,DISPOSITIVOS MEDICO,1.0,3238.0,12.0
2021-07-31,702642,CANULA YANKAWER DESECHABLE ,0,DISPOSITIVOS MEDICO,1.0,1785.0,5.0
2021-08-31,702642,CANULA YANKAWER DESECHABLE ,0,DISPOSITIVOS MEDICO,1.0,1785.0,5.0
2021-09-30,702642,CANULA YANKAWER DESECHABLE ,0,DISPOSITIVOS MEDICO,1.0,1785.0,5.0
2021-10-31,702642,CANULA YANKAWER DESECHABLE ,0,DISPOSITIVOS MEDICO,1.0,1785.0,5.0
2021-11-30,702642,CANULA YANKAWER DESECHABLE ,0,DISPOSITIVOS MEDICO,1.0,1785.0,5.0
2021-12-31,702642,CANULA YANKAWER DESECHABLE ,0,DISPOSITIVOS MEDICO,1.0,1785.0,5.0
2022-01-31,702642,CANULA YANKAWER DESECHABLE ,0,DISPOSITIVOS MEDICO,1.0,1785.0,5.0
2022-02-28,702642,CANULA YANKAWER DESECHABLE ,2,DISPOSITIVOS MEDICO,1.0,1785.0,5.0
2022-03-31,702642,CANULA YANKAWER DESECHABLE ,2,DISPOSITIVOS MEDICO,1.0,1785.0,5.0
2022-04-30,702642,CANULA YANKAWER DESECHABLE ,0,DISPOSITIVOS MEDICO,1.0,1785.0,5.0
2022-05-31,702642,CANULA YANKAWER DESECHABLE ,0,DISPOSITIVOS MEDICO,1.0,1785.0,5.0
2022-06-30,702642,CANULA YANKAWER DESECHABLE ,0,DISPOSITIVOS MEDICO,1.0,1785.0,5.0
2021-07-31,702673,RECOLECTOR/ORINA PED/BLX40  ,87,DISPOSITIVOS MEDICO,1.0,0.0,0.0
2021-08-31,702673,RECOLECTOR/ORINA PED/BLX40  ,75,DISPOSITIVOS MEDICO,1.0,0.0,0.0
2021-09-30,702673,RECOLECTOR/ORINA PED/BLX40  ,69,DISPOSITIVOS MEDICO,1.0,0.0,0.0
2021-10-31,702673,RECOLECTOR/ORINA PED/BLX40  ,64,DISPOSITIVOS MEDICO,1.0,0.0,0.0
2021-11-30,702673,RECOLECTOR/ORINA PED/BLX40  ,156,DISPOSITIVOS MEDICO,1.0,0.0,0.0
2021-12-31,702673,RECOLECTOR/ORINA PED/BLX40  ,50,DISPOSITIVOS MEDICO,1.0,0.0,0.0
2022-01-31,702673,RECOLECTOR/ORINA PED/BLX40  ,115,DISPOSITIVOS MEDICO,1.0,0.0,0.0
2022-02-28,702673,RECOLECTOR/ORINA PED/BLX40  ,174,DISPOSITIVOS MEDICO,1.0,0.0,0.0
2022-03-31,702673,RECOLECTOR/ORINA PED/BLX40  ,154,DISPOSITIVOS MEDICO,1.0,0.0,0.0
2022-04-30,702673,RECOLECTOR/ORINA PED/BLX40  ,127,DISPOSITIVOS MEDICO,1.0,0.0,0.0
2022-05-31,702673,RECOLECTOR/ORINA PED/BLX40  ,42,DISPOSITIVOS MEDICO,1.0,0.0,0.0
2022-06-30,702673,RECOLECTOR/ORINA PED/BLX40  ,81,DISPOSITIVOS MEDICO,1.0,0.0,0.0
2021-07-31,702694,TUBO ENDOTRAQUEAL 8.5 C/BL,1,DISPOSITIVOS MEDICO,1.0,6139.0,10.0
2021-08-31,702694,TUBO ENDOTRAQUEAL 8.5 C/BL,0,DISPOSITIVOS MEDICO,1.0,6139.0,10.0
2021-09-30,702694,TUBO ENDOTRAQUEAL 8.5 C/BL,0,DISPOSITIVOS MEDICO,1.0,6139.0,10.0
2021-10-31,702694,TUBO ENDOTRAQUEAL 8.5 C/BL,1,DISPOSITIVOS MEDICO,1.0,6139.0,10.0
2021-11-30,702694,TUBO ENDOTRAQUEAL 8.5 C/BL,0,DISPOSITIVOS MEDICO,1.0,6139.0,10.0
2021-12-31,702694,TUBO ENDOTRAQUEAL 8.5 C/BL,1,DISPOSITIVOS MEDICO,1.0,6139.0,10.0
2022-01-31,702694,TUBO ENDOTRAQUEAL 8.5 C/BL,0,DISPOSITIVOS MEDICO,1.0,6139.0,10.0
2022-02-28,702694,TUBO ENDOTRAQUEAL 8.5 C/BL,0,DISPOSITIVOS MEDICO,1.0,6139.0,10.0
2022-03-31,702694,TUBO ENDOTRAQUEAL 8.5 C/BL,0,DISPOSITIVOS MEDICO,1.0,6139.0,10.0
2022-04-30,702694,TUBO ENDOTRAQUEAL 8.5 C/BL,1,DISPOSITIVOS MEDICO,1.0,6139.0,10.0
2022-05-31,702694,TUBO ENDOTRAQUEAL 8.5 C/BL,1,DISPOSITIVOS MEDICO,1.0,6139.0,10.0
2022-06-30,702694,TUBO ENDOTRAQUEAL 8.5 C/BL,1,DISPOSITIVOS MEDICO,1.0,6139.0,10.0
2021-07-31,702695,TUBO ENDOTRAQUEAL 8.0 C/BL,26,DISPOSITIVOS MEDICO,1.0,5834.0,8.0
2021-08-31,702695,TUBO ENDOTRAQUEAL 8.0 C/BL,9,DISPOSITIVOS MEDICO,1.0,5834.0,8.0
2021-09-30,702695,TUBO ENDOTRAQUEAL 8.0 C/BL,12,DISPOSITIVOS MEDICO,1.0,5834.0,8.0
2021-10-31,702695,TUBO ENDOTRAQUEAL 8.0 C/BL,12,DISPOSITIVOS MEDICO,1.0,5834.0,8.0
2021-11-30,702695,TUBO ENDOTRAQUEAL 8.0 C/BL,7,DISPOSITIVOS MEDICO,1.0,5834.0,8.0
2021-12-31,702695,TUBO ENDOTRAQUEAL 8.0 C/BL,15,DISPOSITIVOS MEDICO,1.0,5834.0,8.0
2022-01-31,702695,TUBO ENDOTRAQUEAL 8.0 C/BL,14,DISPOSITIVOS MEDICO,1.0,5834.0,8.0
2022-02-28,702695,TUBO ENDOTRAQUEAL 8.0 C/BL,4,DISPOSITIVOS MEDICO,1.0,5834.0,8.0
2022-03-31,702695,TUBO ENDOTRAQUEAL 8.0 C/BL,9,DISPOSITIVOS MEDICO,1.0,5834.0,8.0
2022-04-30,702695,TUBO ENDOTRAQUEAL 8.0 C/BL,13,DISPOSITIVOS MEDICO,1.0,5834.0,8.0
2022-05-31,702695,TUBO ENDOTRAQUEAL 8.0 C/BL,10,DISPOSITIVOS MEDICO,1.0,5834.0,8.0
2022-06-30,702695,TUBO ENDOTRAQUEAL 8.0 C/BL,14,DISPOSITIVOS MEDICO,1.0,5834.0,8.0
2021-07-31,702696,TUBO ENDOTRAQUEAL 7.5 C/BL,10,DISPOSITIVOS MEDICO,1.0,5402.0,10.0
2021-08-31,702696,TUBO ENDOTRAQUEAL 7.5 C/BL,12,DISPOSITIVOS MEDICO,1.0,5402.0,10.0
2021-09-30,702696,TUBO ENDOTRAQUEAL 7.5 C/BL,10,DISPOSITIVOS MEDICO,1.0,5402.0,10.0
2021-10-31,702696,TUBO ENDOTRAQUEAL 7.5 C/BL,19,DISPOSITIVOS MEDICO,1.0,5402.0,10.0
2021-11-30,702696,TUBO ENDOTRAQUEAL 7.5 C/BL,19,DISPOSITIVOS MEDICO,1.0,5402.0,10.0
2021-12-31,702696,TUBO ENDOTRAQUEAL 7.5 C/BL,26,DISPOSITIVOS MEDICO,1.0,5402.0,10.0
2022-01-31,702696,TUBO ENDOTRAQUEAL 7.5 C/BL,32,DISPOSITIVOS MEDICO,1.0,5402.0,10.0
2022-02-28,702696,TUBO ENDOTRAQUEAL 7.5 C/BL,13,DISPOSITIVOS MEDICO,1.0,5402.0,10.0
2022-03-31,702696,TUBO ENDOTRAQUEAL 7.5 C/BL,33,DISPOSITIVOS MEDICO,1.0,5402.0,10.0
2022-04-30,702696,TUBO ENDOTRAQUEAL 7.5 C/BL,22,DISPOSITIVOS MEDICO,1.0,5402.0,10.0
2022-05-31,702696,TUBO ENDOTRAQUEAL 7.5 C/BL,24,DISPOSITIVOS MEDICO,1.0,5402.0,10.0
2022-06-30,702696,TUBO ENDOTRAQUEAL 7.5 C/BL,16,DISPOSITIVOS MEDICO,1.0,5402.0,10.0
2021-07-31,702697,TUBO ENDOTRAQUEAL 7.0 C/BL ,1,DISPOSITIVOS MEDICO,1.0,6156.0,7.0
2021-08-31,702697,TUBO ENDOTRAQUEAL 7.0 C/BL ,2,DISPOSITIVOS MEDICO,1.0,6156.0,7.0
2021-09-30,702697,TUBO ENDOTRAQUEAL 7.0 C/BL ,0,DISPOSITIVOS MEDICO,1.0,6156.0,7.0
2021-10-31,702697,TUBO ENDOTRAQUEAL 7.0 C/BL ,1,DISPOSITIVOS MEDICO,1.0,6156.0,7.0
2021-11-30,702697,TUBO ENDOTRAQUEAL 7.0 C/BL ,7,DISPOSITIVOS MEDICO,1.0,6156.0,7.0
2021-12-31,702697,TUBO ENDOTRAQUEAL 7.0 C/BL ,5,DISPOSITIVOS MEDICO,1.0,6156.0,7.0
2022-01-31,702697,TUBO ENDOTRAQUEAL 7.0 C/BL ,8,DISPOSITIVOS MEDICO,1.0,6156.0,7.0
2022-02-28,702697,TUBO ENDOTRAQUEAL 7.0 C/BL ,2,DISPOSITIVOS MEDICO,1.0,6156.0,7.0
2022-03-31,702697,TUBO ENDOTRAQUEAL 7.0 C/BL ,6,DISPOSITIVOS MEDICO,1.0,6156.0,7.0
2022-04-30,702697,TUBO ENDOTRAQUEAL 7.0 C/BL ,2,DISPOSITIVOS MEDICO,1.0,6156.0,7.0
2022-05-31,702697,TUBO ENDOTRAQUEAL 7.0 C/BL ,0,DISPOSITIVOS MEDICO,1.0,6156.0,7.0
2022-06-30,702697,TUBO ENDOTRAQUEAL 7.0 C/BL ,2,DISPOSITIVOS MEDICO,1.0,6156.0,7.0
2021-07-31,702698,TUBO ENDOTRAQUEAL 6.5 C/BL,0,DISPOSITIVOS MEDICO,1.0,4586.0,3.0
2021-08-31,702698,TUBO ENDOTRAQUEAL 6.5 C/BL,2,DISPOSITIVOS MEDICO,1.0,4586.0,3.0
2021-09-30,702698,TUBO ENDOTRAQUEAL 6.5 C/BL,0,DISPOSITIVOS MEDICO,1.0,4586.0,3.0
2021-10-31,702698,TUBO ENDOTRAQUEAL 6.5 C/BL,0,DISPOSITIVOS MEDICO,1.0,4586.0,3.0
2021-11-30,702698,TUBO ENDOTRAQUEAL 6.5 C/BL,0,DISPOSITIVOS MEDICO,1.0,4586.0,3.0
2021-12-31,702698,TUBO ENDOTRAQUEAL 6.5 C/BL,0,DISPOSITIVOS MEDICO,1.0,4586.0,3.0
2022-01-31,702698,TUBO ENDOTRAQUEAL 6.5 C/BL,1,DISPOSITIVOS MEDICO,1.0,4586.0,3.0
2022-02-28,702698,TUBO ENDOTRAQUEAL 6.5 C/BL,0,DISPOSITIVOS MEDICO,1.0,4586.0,3.0
2022-03-31,702698,TUBO ENDOTRAQUEAL 6.5 C/BL,0,DISPOSITIVOS MEDICO,1.0,4586.0,3.0
2022-04-30,702698,TUBO ENDOTRAQUEAL 6.5 C/BL,0,DISPOSITIVOS MEDICO,1.0,4586.0,3.0
2022-05-31,702698,TUBO ENDOTRAQUEAL 6.5 C/BL,0,DISPOSITIVOS MEDICO,1.0,4586.0,3.0
2022-06-30,702698,TUBO ENDOTRAQUEAL 6.5 C/BL,2,DISPOSITIVOS MEDICO,1.0,4586.0,3.0
2021-07-31,702703,TUBO ENDOTRAQUEAL 4.0 S/BL,0,DISPOSITIVOS MEDICO,1.0,6270.0,4.0
2021-08-31,702703,TUBO ENDOTRAQUEAL 4.0 S/BL,3,DISPOSITIVOS MEDICO,1.0,6270.0,4.0
2021-09-30,702703,TUBO ENDOTRAQUEAL 4.0 S/BL,2,DISPOSITIVOS MEDICO,1.0,6270.0,4.0
2021-10-31,702703,TUBO ENDOTRAQUEAL 4.0 S/BL,2,DISPOSITIVOS MEDICO,1.0,6270.0,4.0
2021-11-30,702703,TUBO ENDOTRAQUEAL 4.0 S/BL,1,DISPOSITIVOS MEDICO,1.0,6270.0,4.0
2021-12-31,702703,TUBO ENDOTRAQUEAL 4.0 S/BL,0,DISPOSITIVOS MEDICO,1.0,6270.0,4.0
2022-01-31,702703,TUBO ENDOTRAQUEAL 4.0 S/BL,1,DISPOSITIVOS MEDICO,1.0,6270.0,4.0
2022-02-28,702703,TUBO ENDOTRAQUEAL 4.0 S/BL,6,DISPOSITIVOS MEDICO,1.0,6270.0,4.0
2022-03-31,702703,TUBO ENDOTRAQUEAL 4.0 S/BL,2,DISPOSITIVOS MEDICO,1.0,6270.0,4.0
2022-04-30,702703,TUBO ENDOTRAQUEAL 4.0 S/BL,2,DISPOSITIVOS MEDICO,1.0,6270.0,4.0
2022-05-31,702703,TUBO ENDOTRAQUEAL 4.0 S/BL,3,DISPOSITIVOS MEDICO,1.0,6270.0,4.0
2022-06-30,702703,TUBO ENDOTRAQUEAL 4.0 S/BL,3,DISPOSITIVOS MEDICO,1.0,6270.0,4.0
2021-07-31,702704,TUBO ENDOTRAQUEAL 3.5 S/BL    ,3,DISPOSITIVOS MEDICO,1.0,7008.0,1.0
2021-08-31,702704,TUBO ENDOTRAQUEAL 3.5 S/BL    ,2,DISPOSITIVOS MEDICO,1.0,7008.0,1.0
2021-09-30,702704,TUBO ENDOTRAQUEAL 3.5 S/BL    ,5,DISPOSITIVOS MEDICO,1.0,7008.0,1.0
2021-10-31,702704,TUBO ENDOTRAQUEAL 3.5 S/BL    ,6,DISPOSITIVOS MEDICO,1.0,7008.0,1.0
2021-11-30,702704,TUBO ENDOTRAQUEAL 3.5 S/BL    ,9,DISPOSITIVOS MEDICO,1.0,7008.0,1.0
2021-12-31,702704,TUBO ENDOTRAQUEAL 3.5 S/BL    ,4,DISPOSITIVOS MEDICO,1.0,7008.0,1.0
2022-01-31,702704,TUBO ENDOTRAQUEAL 3.5 S/BL    ,3,DISPOSITIVOS MEDICO,1.0,7008.0,1.0
2022-02-28,702704,TUBO ENDOTRAQUEAL 3.5 S/BL    ,6,DISPOSITIVOS MEDICO,1.0,7008.0,1.0
2022-03-31,702704,TUBO ENDOTRAQUEAL 3.5 S/BL    ,13,DISPOSITIVOS MEDICO,1.0,7008.0,1.0
2022-04-30,702704,TUBO ENDOTRAQUEAL 3.5 S/BL    ,0,DISPOSITIVOS MEDICO,1.0,7008.0,1.0
2022-05-31,702704,TUBO ENDOTRAQUEAL 3.5 S/BL    ,2,DISPOSITIVOS MEDICO,1.0,7008.0,1.0
2022-06-30,702704,TUBO ENDOTRAQUEAL 3.5 S/BL    ,2,DISPOSITIVOS MEDICO,1.0,7008.0,1.0
2021-07-31,702705,TUBO ENDOTRAQUEAL 3.0 S/BL,4,DISPOSITIVOS MEDICO,1.0,6939.0,2.0
2021-08-31,702705,TUBO ENDOTRAQUEAL 3.0 S/BL,3,DISPOSITIVOS MEDICO,1.0,6939.0,2.0
2021-09-30,702705,TUBO ENDOTRAQUEAL 3.0 S/BL,0,DISPOSITIVOS MEDICO,1.0,6939.0,2.0
2021-10-31,702705,TUBO ENDOTRAQUEAL 3.0 S/BL,0,DISPOSITIVOS MEDICO,1.0,6939.0,2.0
2021-11-30,702705,TUBO ENDOTRAQUEAL 3.0 S/BL,1,DISPOSITIVOS MEDICO,1.0,6939.0,2.0
2021-12-31,702705,TUBO ENDOTRAQUEAL 3.0 S/BL,1,DISPOSITIVOS MEDICO,1.0,6939.0,2.0
2022-01-31,702705,TUBO ENDOTRAQUEAL 3.0 S/BL,7,DISPOSITIVOS MEDICO,1.0,6939.0,2.0
2022-02-28,702705,TUBO ENDOTRAQUEAL 3.0 S/BL,9,DISPOSITIVOS MEDICO,1.0,6939.0,2.0
2022-03-31,702705,TUBO ENDOTRAQUEAL 3.0 S/BL,8,DISPOSITIVOS MEDICO,1.0,6939.0,2.0
2022-04-30,702705,TUBO ENDOTRAQUEAL 3.0 S/BL,5,DISPOSITIVOS MEDICO,1.0,6939.0,2.0
2022-05-31,702705,TUBO ENDOTRAQUEAL 3.0 S/BL,6,DISPOSITIVOS MEDICO,1.0,6939.0,2.0
2022-06-30,702705,TUBO ENDOTRAQUEAL 3.0 S/BL,0,DISPOSITIVOS MEDICO,1.0,6939.0,2.0
2021-07-31,702706,TUBO ENDOTRAQUEAL 2.5 S/BL ,0,DISPOSITIVOS MEDICO,1.0,8188.0,12.0
2021-08-31,702706,TUBO ENDOTRAQUEAL 2.5 S/BL ,1,DISPOSITIVOS MEDICO,1.0,8188.0,12.0
2021-09-30,702706,TUBO ENDOTRAQUEAL 2.5 S/BL ,3,DISPOSITIVOS MEDICO,1.0,8188.0,12.0
2021-10-31,702706,TUBO ENDOTRAQUEAL 2.5 S/BL ,1,DISPOSITIVOS MEDICO,1.0,8188.0,12.0
2021-11-30,702706,TUBO ENDOTRAQUEAL 2.5 S/BL ,0,DISPOSITIVOS MEDICO,1.0,8188.0,12.0
2021-12-31,702706,TUBO ENDOTRAQUEAL 2.5 S/BL ,0,DISPOSITIVOS MEDICO,1.0,8188.0,12.0
2022-01-31,702706,TUBO ENDOTRAQUEAL 2.5 S/BL ,1,DISPOSITIVOS MEDICO,1.0,8188.0,12.0
2022-02-28,702706,TUBO ENDOTRAQUEAL 2.5 S/BL ,3,DISPOSITIVOS MEDICO,1.0,8188.0,12.0
2022-03-31,702706,TUBO ENDOTRAQUEAL 2.5 S/BL ,0,DISPOSITIVOS MEDICO,1.0,8188.0,12.0
2022-04-30,702706,TUBO ENDOTRAQUEAL 2.5 S/BL ,1,DISPOSITIVOS MEDICO,1.0,8188.0,12.0
2022-05-31,702706,TUBO ENDOTRAQUEAL 2.5 S/BL ,0,DISPOSITIVOS MEDICO,1.0,8188.0,12.0
2022-06-30,702706,TUBO ENDOTRAQUEAL 2.5 S/BL ,0,DISPOSITIVOS MEDICO,1.0,8188.0,12.0
2021-07-31,702707,TUBO ENDOTRAQUEAL 2.0 S/BL,0,DISPOSITIVOS MEDICO,1.0,4875.0,4.0
2021-08-31,702707,TUBO ENDOTRAQUEAL 2.0 S/BL,0,DISPOSITIVOS MEDICO,1.0,4875.0,4.0
2021-09-30,702707,TUBO ENDOTRAQUEAL 2.0 S/BL,1,DISPOSITIVOS MEDICO,1.0,4875.0,4.0
2021-10-31,702707,TUBO ENDOTRAQUEAL 2.0 S/BL,0,DISPOSITIVOS MEDICO,1.0,4875.0,4.0
2021-11-30,702707,TUBO ENDOTRAQUEAL 2.0 S/BL,1,DISPOSITIVOS MEDICO,1.0,4875.0,4.0
2021-12-31,702707,TUBO ENDOTRAQUEAL 2.0 S/BL,0,DISPOSITIVOS MEDICO,1.0,4875.0,4.0
2022-01-31,702707,TUBO ENDOTRAQUEAL 2.0 S/BL,0,DISPOSITIVOS MEDICO,1.0,4875.0,4.0
2022-02-28,702707,TUBO ENDOTRAQUEAL 2.0 S/BL,0,DISPOSITIVOS MEDICO,1.0,4875.0,4.0
2022-03-31,702707,TUBO ENDOTRAQUEAL 2.0 S/BL,0,DISPOSITIVOS MEDICO,1.0,4875.0,4.0
2022-04-30,702707,TUBO ENDOTRAQUEAL 2.0 S/BL,0,DISPOSITIVOS MEDICO,1.0,4875.0,4.0
2022-05-31,702707,TUBO ENDOTRAQUEAL 2.0 S/BL,0,DISPOSITIVOS MEDICO,1.0,4875.0,4.0
2022-06-30,702707,TUBO ENDOTRAQUEAL 2.0 S/BL,0,DISPOSITIVOS MEDICO,1.0,4875.0,4.0
2021-07-31,702713,TUBO ENDOTRAQUEAL 5.5 C/BL,0,DISPOSITIVOS MEDICO,1.0,,
2021-08-31,702713,TUBO ENDOTRAQUEAL 5.5 C/BL,0,DISPOSITIVOS MEDICO,1.0,,
2021-09-30,702713,TUBO ENDOTRAQUEAL 5.5 C/BL,0,DISPOSITIVOS MEDICO,1.0,,
2021-10-31,702713,TUBO ENDOTRAQUEAL 5.5 C/BL,0,DISPOSITIVOS MEDICO,1.0,,
2021-11-30,702713,TUBO ENDOTRAQUEAL 5.5 C/BL,0,DISPOSITIVOS MEDICO,1.0,,
2021-12-31,702713,TUBO ENDOTRAQUEAL 5.5 C/BL,0,DISPOSITIVOS MEDICO,1.0,,
2022-01-31,702713,TUBO ENDOTRAQUEAL 5.5 C/BL,0,DISPOSITIVOS MEDICO,1.0,,
2022-02-28,702713,TUBO ENDOTRAQUEAL 5.5 C/BL,0,DISPOSITIVOS MEDICO,1.0,,
2022-03-31,702713,TUBO ENDOTRAQUEAL 5.5 C/BL,0,DISPOSITIVOS MEDICO,1.0,,
2022-04-30,702713,TUBO ENDOTRAQUEAL 5.5 C/BL,0,DISPOSITIVOS MEDICO,1.0,,
2022-05-31,702713,TUBO ENDOTRAQUEAL 5.5 C/BL,0,DISPOSITIVOS MEDICO,1.0,,
2022-06-30,702713,TUBO ENDOTRAQUEAL 5.5 C/BL,2,DISPOSITIVOS MEDICO,1.0,,
2021-07-31,702715,"ENOXAPARINA 40MG/0,4ML SOL. INYECTABLE ",2541,MEDICAMENTOS,1.0,15796.0,100.0
2021-08-31,702715,"ENOXAPARINA 40MG/0,4ML SOL. INYECTABLE ",2072,MEDICAMENTOS,1.0,15796.0,100.0
2021-09-30,702715,"ENOXAPARINA 40MG/0,4ML SOL. INYECTABLE ",2117,MEDICAMENTOS,1.0,15796.0,100.0
2021-10-31,702715,"ENOXAPARINA 40MG/0,4ML SOL. INYECTABLE ",2361,MEDICAMENTOS,1.0,15796.0,100.0
2021-11-30,702715,"ENOXAPARINA 40MG/0,4ML SOL. INYECTABLE ",2284,MEDICAMENTOS,1.0,15796.0,100.0
2021-12-31,702715,"ENOXAPARINA 40MG/0,4ML SOL. INYECTABLE ",2279,MEDICAMENTOS,1.0,15796.0,100.0
2022-01-31,702715,"ENOXAPARINA 40MG/0,4ML SOL. INYECTABLE ",2428,MEDICAMENTOS,1.0,15796.0,100.0
2022-02-28,702715,"ENOXAPARINA 40MG/0,4ML SOL. INYECTABLE ",2270,MEDICAMENTOS,1.0,15796.0,100.0
2022-03-31,702715,"ENOXAPARINA 40MG/0,4ML SOL. INYECTABLE ",2077,MEDICAMENTOS,1.0,15796.0,100.0
2022-04-30,702715,"ENOXAPARINA 40MG/0,4ML SOL. INYECTABLE ",2293,MEDICAMENTOS,1.0,15796.0,100.0
2022-05-31,702715,"ENOXAPARINA 40MG/0,4ML SOL. INYECTABLE ",2189,MEDICAMENTOS,1.0,15796.0,100.0
2022-06-30,702715,"ENOXAPARINA 40MG/0,4ML SOL. INYECTABLE ",2353,MEDICAMENTOS,1.0,15796.0,100.0
2021-07-31,702869,MASCARA P/TRAQUEOSTOMIA ADULTO - 1075,5,DISPOSITIVOS MEDICO,1.0,6042.0,8.0
2021-08-31,702869,MASCARA P/TRAQUEOSTOMIA ADULTO - 1075,2,DISPOSITIVOS MEDICO,1.0,6042.0,8.0
2021-09-30,702869,MASCARA P/TRAQUEOSTOMIA ADULTO - 1075,8,DISPOSITIVOS MEDICO,1.0,6042.0,8.0
2021-10-31,702869,MASCARA P/TRAQUEOSTOMIA ADULTO - 1075,6,DISPOSITIVOS MEDICO,1.0,6042.0,8.0
2021-11-30,702869,MASCARA P/TRAQUEOSTOMIA ADULTO - 1075,8,DISPOSITIVOS MEDICO,1.0,6042.0,8.0
2021-12-31,702869,MASCARA P/TRAQUEOSTOMIA ADULTO - 1075,7,DISPOSITIVOS MEDICO,1.0,6042.0,8.0
2022-01-31,702869,MASCARA P/TRAQUEOSTOMIA ADULTO - 1075,12,DISPOSITIVOS MEDICO,1.0,6042.0,8.0
2022-02-28,702869,MASCARA P/TRAQUEOSTOMIA ADULTO - 1075,9,DISPOSITIVOS MEDICO,1.0,6042.0,8.0
2022-03-31,702869,MASCARA P/TRAQUEOSTOMIA ADULTO - 1075,7,DISPOSITIVOS MEDICO,1.0,6042.0,8.0
2022-04-30,702869,MASCARA P/TRAQUEOSTOMIA ADULTO - 1075,9,DISPOSITIVOS MEDICO,1.0,6042.0,8.0
2022-05-31,702869,MASCARA P/TRAQUEOSTOMIA ADULTO - 1075,6,DISPOSITIVOS MEDICO,1.0,6042.0,8.0
2022-06-30,702869,MASCARA P/TRAQUEOSTOMIA ADULTO - 1075,12,DISPOSITIVOS MEDICO,1.0,6042.0,8.0
2021-07-31,703178,CLORURO DE SODIO 9% SOL. INYECTABLE x 250ML,998,MEDICAMENTOS,1.0,1360.0,259.0
2021-08-31,703178,CLORURO DE SODIO 9% SOL. INYECTABLE x 250ML,1027,MEDICAMENTOS,1.0,1360.0,259.0
2021-09-30,703178,CLORURO DE SODIO 9% SOL. INYECTABLE x 250ML,964,MEDICAMENTOS,1.0,1360.0,259.0
2021-10-31,703178,CLORURO DE SODIO 9% SOL. INYECTABLE x 250ML,952,MEDICAMENTOS,1.0,1360.0,259.0
2021-11-30,703178,CLORURO DE SODIO 9% SOL. INYECTABLE x 250ML,1141,MEDICAMENTOS,1.0,1360.0,259.0
2021-12-31,703178,CLORURO DE SODIO 9% SOL. INYECTABLE x 250ML,1087,MEDICAMENTOS,1.0,1360.0,259.0
2022-01-31,703178,CLORURO DE SODIO 9% SOL. INYECTABLE x 250ML,1307,MEDICAMENTOS,1.0,1360.0,259.0
2022-02-28,703178,CLORURO DE SODIO 9% SOL. INYECTABLE x 250ML,942,MEDICAMENTOS,1.0,1360.0,259.0
2022-03-31,703178,CLORURO DE SODIO 9% SOL. INYECTABLE x 250ML,1375,MEDICAMENTOS,1.0,1360.0,259.0
2022-04-30,703178,CLORURO DE SODIO 9% SOL. INYECTABLE x 250ML,1130,MEDICAMENTOS,1.0,1360.0,259.0
2022-05-31,703178,CLORURO DE SODIO 9% SOL. INYECTABLE x 250ML,1001,MEDICAMENTOS,1.0,1360.0,259.0
2022-06-30,703178,CLORURO DE SODIO 9% SOL. INYECTABLE x 250ML,1055,MEDICAMENTOS,1.0,1360.0,259.0
2021-07-31,703179,HARTMAN SOLUCION INYECTABLE 500 ML,654,MEDICAMENTOS,1.0,1460.0,28.0
2021-08-31,703179,HARTMAN SOLUCION INYECTABLE 500 ML,851,MEDICAMENTOS,1.0,1460.0,28.0
2021-09-30,703179,HARTMAN SOLUCION INYECTABLE 500 ML,954,MEDICAMENTOS,1.0,1460.0,28.0
2021-10-31,703179,HARTMAN SOLUCION INYECTABLE 500 ML,730,MEDICAMENTOS,1.0,1460.0,28.0
2021-11-30,703179,HARTMAN SOLUCION INYECTABLE 500 ML,707,MEDICAMENTOS,1.0,1460.0,28.0
2021-12-31,703179,HARTMAN SOLUCION INYECTABLE 500 ML,651,MEDICAMENTOS,1.0,1460.0,28.0
2022-01-31,703179,HARTMAN SOLUCION INYECTABLE 500 ML,1113,MEDICAMENTOS,1.0,1460.0,28.0
2022-02-28,703179,HARTMAN SOLUCION INYECTABLE 500 ML,766,MEDICAMENTOS,1.0,1460.0,28.0
2022-03-31,703179,HARTMAN SOLUCION INYECTABLE 500 ML,696,MEDICAMENTOS,1.0,1460.0,28.0
2022-04-30,703179,HARTMAN SOLUCION INYECTABLE 500 ML,1001,MEDICAMENTOS,1.0,1460.0,28.0
2022-05-31,703179,HARTMAN SOLUCION INYECTABLE 500 ML,620,MEDICAMENTOS,1.0,1460.0,28.0
2022-06-30,703179,HARTMAN SOLUCION INYECTABLE 500 ML,689,MEDICAMENTOS,1.0,1460.0,28.0
2021-07-31,703180,CLORURO DE SODIO 9% SOL. INYECTABLE x 500ML,2452,MEDICAMENTOS,1.0,1459.0,94.0
2021-08-31,703180,CLORURO DE SODIO 9% SOL. INYECTABLE x 500ML,2488,MEDICAMENTOS,1.0,1459.0,94.0
2021-09-30,703180,CLORURO DE SODIO 9% SOL. INYECTABLE x 500ML,2176,MEDICAMENTOS,1.0,1459.0,94.0
2021-10-31,703180,CLORURO DE SODIO 9% SOL. INYECTABLE x 500ML,2614,MEDICAMENTOS,1.0,1459.0,94.0
2021-11-30,703180,CLORURO DE SODIO 9% SOL. INYECTABLE x 500ML,2581,MEDICAMENTOS,1.0,1459.0,94.0
2021-12-31,703180,CLORURO DE SODIO 9% SOL. INYECTABLE x 500ML,2476,MEDICAMENTOS,1.0,1459.0,94.0
2022-01-31,703180,CLORURO DE SODIO 9% SOL. INYECTABLE x 500ML,2669,MEDICAMENTOS,1.0,1459.0,94.0
2022-02-28,703180,CLORURO DE SODIO 9% SOL. INYECTABLE x 500ML,2479,MEDICAMENTOS,1.0,1459.0,94.0
2022-03-31,703180,CLORURO DE SODIO 9% SOL. INYECTABLE x 500ML,2564,MEDICAMENTOS,1.0,1459.0,94.0
2022-04-30,703180,CLORURO DE SODIO 9% SOL. INYECTABLE x 500ML,2474,MEDICAMENTOS,1.0,1459.0,94.0
2022-05-31,703180,CLORURO DE SODIO 9% SOL. INYECTABLE x 500ML,2456,MEDICAMENTOS,1.0,1459.0,94.0
2022-06-30,703180,CLORURO DE SODIO 9% SOL. INYECTABLE x 500ML,2414,MEDICAMENTOS,1.0,1459.0,94.0
2021-07-31,703187,CANISTER 1100ML,21,DISPOSITIVOS MEDICO,1.0,816535.0,10.0
2021-08-31,703187,CANISTER 1100ML,14,DISPOSITIVOS MEDICO,1.0,816535.0,10.0
2021-09-30,703187,CANISTER 1100ML,20,DISPOSITIVOS MEDICO,1.0,816535.0,10.0
2021-10-31,703187,CANISTER 1100ML,26,DISPOSITIVOS MEDICO,1.0,816535.0,10.0
2021-11-30,703187,CANISTER 1100ML,27,DISPOSITIVOS MEDICO,1.0,816535.0,10.0
2021-12-31,703187,CANISTER 1100ML,32,DISPOSITIVOS MEDICO,1.0,816535.0,10.0
2022-01-31,703187,CANISTER 1100ML,17,DISPOSITIVOS MEDICO,1.0,816535.0,10.0
2022-02-28,703187,CANISTER 1100ML,24,DISPOSITIVOS MEDICO,1.0,816535.0,10.0
2022-03-31,703187,CANISTER 1100ML,10,DISPOSITIVOS MEDICO,1.0,816535.0,10.0
2022-04-30,703187,CANISTER 1100ML,14,DISPOSITIVOS MEDICO,1.0,816535.0,10.0
2022-05-31,703187,CANISTER 1100ML,18,DISPOSITIVOS MEDICO,1.0,816535.0,10.0
2022-06-30,703187,CANISTER 1100ML,0,DISPOSITIVOS MEDICO,1.0,816535.0,10.0
2021-07-31,703366,URGOTUL AG 10X12CM,0,DISPOSITIVOS MEDICO,1.0,,
2021-08-31,703366,URGOTUL AG 10X12CM,0,DISPOSITIVOS MEDICO,1.0,,
2021-09-30,703366,URGOTUL AG 10X12CM,0,DISPOSITIVOS MEDICO,1.0,,
2021-10-31,703366,URGOTUL AG 10X12CM,0,DISPOSITIVOS MEDICO,1.0,,
2021-11-30,703366,URGOTUL AG 10X12CM,0,DISPOSITIVOS MEDICO,1.0,,
2021-12-31,703366,URGOTUL AG 10X12CM,0,DISPOSITIVOS MEDICO,1.0,,
2022-01-31,703366,URGOTUL AG 10X12CM,0,DISPOSITIVOS MEDICO,1.0,,
2022-02-28,703366,URGOTUL AG 10X12CM,1,DISPOSITIVOS MEDICO,1.0,,
2022-03-31,703366,URGOTUL AG 10X12CM,0,DISPOSITIVOS MEDICO,1.0,,
2022-04-30,703366,URGOTUL AG 10X12CM,1,DISPOSITIVOS MEDICO,1.0,,
2022-05-31,703366,URGOTUL AG 10X12CM,0,DISPOSITIVOS MEDICO,1.0,,
2022-06-30,703366,URGOTUL AG 10X12CM,0,DISPOSITIVOS MEDICO,1.0,,
2021-07-31,703609,BRAZALETE NEO/5,0,DISPOSITIVOS MEDICO,1.0,16927.0,4.0
2021-08-31,703609,BRAZALETE NEO/5,0,DISPOSITIVOS MEDICO,1.0,16927.0,4.0
2021-09-30,703609,BRAZALETE NEO/5,0,DISPOSITIVOS MEDICO,1.0,16927.0,4.0
2021-10-31,703609,BRAZALETE NEO/5,0,DISPOSITIVOS MEDICO,1.0,16927.0,4.0
2021-11-30,703609,BRAZALETE NEO/5,0,DISPOSITIVOS MEDICO,1.0,16927.0,4.0
2021-12-31,703609,BRAZALETE NEO/5,1,DISPOSITIVOS MEDICO,1.0,16927.0,4.0
2022-01-31,703609,BRAZALETE NEO/5,1,DISPOSITIVOS MEDICO,1.0,16927.0,4.0
2022-02-28,703609,BRAZALETE NEO/5,0,DISPOSITIVOS MEDICO,1.0,16927.0,4.0
2022-03-31,703609,BRAZALETE NEO/5,0,DISPOSITIVOS MEDICO,1.0,16927.0,4.0
2022-04-30,703609,BRAZALETE NEO/5,1,DISPOSITIVOS MEDICO,1.0,16927.0,4.0
2022-05-31,703609,BRAZALETE NEO/5,0,DISPOSITIVOS MEDICO,1.0,16927.0,4.0
2022-06-30,703609,BRAZALETE NEO/5,0,DISPOSITIVOS MEDICO,1.0,16927.0,4.0
2021-07-31,703645,NIFEDIPINO CÁPSULA 30MG,867,MEDICAMENTOS,1.0,63.5,268.0
2021-08-31,703645,NIFEDIPINO CÁPSULA 30MG,755,MEDICAMENTOS,1.0,63.5,268.0
2021-09-30,703645,NIFEDIPINO CÁPSULA 30MG,678,MEDICAMENTOS,1.0,63.5,268.0
2021-10-31,703645,NIFEDIPINO CÁPSULA 30MG,798,MEDICAMENTOS,1.0,63.5,268.0
2021-11-30,703645,NIFEDIPINO CÁPSULA 30MG,919,MEDICAMENTOS,1.0,63.5,268.0
2021-12-31,703645,NIFEDIPINO CÁPSULA 30MG,923,MEDICAMENTOS,1.0,63.5,268.0
2022-01-31,703645,NIFEDIPINO CÁPSULA 30MG,1410,MEDICAMENTOS,1.0,63.5,268.0
2022-02-28,703645,NIFEDIPINO CÁPSULA 30MG,852,MEDICAMENTOS,1.0,63.5,268.0
2022-03-31,703645,NIFEDIPINO CÁPSULA 30MG,1258,MEDICAMENTOS,1.0,63.5,268.0
2022-04-30,703645,NIFEDIPINO CÁPSULA 30MG,952,MEDICAMENTOS,1.0,63.5,268.0
2022-05-31,703645,NIFEDIPINO CÁPSULA 30MG,1610,MEDICAMENTOS,1.0,63.5,268.0
2022-06-30,703645,NIFEDIPINO CÁPSULA 30MG,2034,MEDICAMENTOS,1.0,63.5,268.0
2021-07-31,703652,URSODEOXICOLICO ACIDO TABLETA 300MG,6,MEDICAMENTOS,1.0,1215.0,25.0
2021-08-31,703652,URSODEOXICOLICO ACIDO TABLETA 300MG,26,MEDICAMENTOS,1.0,1215.0,25.0
2021-09-30,703652,URSODEOXICOLICO ACIDO TABLETA 300MG,0,MEDICAMENTOS,1.0,1215.0,25.0
2021-10-31,703652,URSODEOXICOLICO ACIDO TABLETA 300MG,15,MEDICAMENTOS,1.0,1215.0,25.0
2021-11-30,703652,URSODEOXICOLICO ACIDO TABLETA 300MG,0,MEDICAMENTOS,1.0,1215.0,25.0
2021-12-31,703652,URSODEOXICOLICO ACIDO TABLETA 300MG,6,MEDICAMENTOS,1.0,1215.0,25.0
2022-01-31,703652,URSODEOXICOLICO ACIDO TABLETA 300MG,0,MEDICAMENTOS,1.0,1215.0,25.0
2022-02-28,703652,URSODEOXICOLICO ACIDO TABLETA 300MG,0,MEDICAMENTOS,1.0,1215.0,25.0
2022-03-31,703652,URSODEOXICOLICO ACIDO TABLETA 300MG,0,MEDICAMENTOS,1.0,1215.0,25.0
2022-04-30,703652,URSODEOXICOLICO ACIDO TABLETA 300MG,46,MEDICAMENTOS,1.0,1215.0,25.0
2022-05-31,703652,URSODEOXICOLICO ACIDO TABLETA 300MG,0,MEDICAMENTOS,1.0,1215.0,25.0
2022-06-30,703652,URSODEOXICOLICO ACIDO TABLETA 300MG,15,MEDICAMENTOS,1.0,1215.0,25.0
2021-07-31,703654,OXIDO DE ZINC  5G/CALAMINA 5G /CREMA TÓPICA 5%/60G,7,MEDICAMENTOS,1.0,15033.0,10.0
2021-08-31,703654,OXIDO DE ZINC  5G/CALAMINA 5G /CREMA TÓPICA 5%/60G,10,MEDICAMENTOS,1.0,15033.0,10.0
2021-09-30,703654,OXIDO DE ZINC  5G/CALAMINA 5G /CREMA TÓPICA 5%/60G,2,MEDICAMENTOS,1.0,15033.0,10.0
2021-10-31,703654,OXIDO DE ZINC  5G/CALAMINA 5G /CREMA TÓPICA 5%/60G,2,MEDICAMENTOS,1.0,15033.0,10.0
2021-11-30,703654,OXIDO DE ZINC  5G/CALAMINA 5G /CREMA TÓPICA 5%/60G,0,MEDICAMENTOS,1.0,15033.0,10.0
2021-12-31,703654,OXIDO DE ZINC  5G/CALAMINA 5G /CREMA TÓPICA 5%/60G,4,MEDICAMENTOS,1.0,15033.0,10.0
2022-01-31,703654,OXIDO DE ZINC  5G/CALAMINA 5G /CREMA TÓPICA 5%/60G,10,MEDICAMENTOS,1.0,15033.0,10.0
2022-02-28,703654,OXIDO DE ZINC  5G/CALAMINA 5G /CREMA TÓPICA 5%/60G,9,MEDICAMENTOS,1.0,15033.0,10.0
2022-03-31,703654,OXIDO DE ZINC  5G/CALAMINA 5G /CREMA TÓPICA 5%/60G,4,MEDICAMENTOS,1.0,15033.0,10.0
2022-04-30,703654,OXIDO DE ZINC  5G/CALAMINA 5G /CREMA TÓPICA 5%/60G,12,MEDICAMENTOS,1.0,15033.0,10.0
2022-05-31,703654,OXIDO DE ZINC  5G/CALAMINA 5G /CREMA TÓPICA 5%/60G,11,MEDICAMENTOS,1.0,15033.0,10.0
2022-06-30,703654,OXIDO DE ZINC  5G/CALAMINA 5G /CREMA TÓPICA 5%/60G,3,MEDICAMENTOS,1.0,15033.0,10.0
2021-07-31,703665,KIT MICRONEBULIZADOR PEDIATRICO,2,DISPOSITIVOS MEDICO,1.0,3473.0,3.0
2021-08-31,703665,KIT MICRONEBULIZADOR PEDIATRICO,2,DISPOSITIVOS MEDICO,1.0,3473.0,3.0
2021-09-30,703665,KIT MICRONEBULIZADOR PEDIATRICO,4,DISPOSITIVOS MEDICO,1.0,3473.0,3.0
2021-10-31,703665,KIT MICRONEBULIZADOR PEDIATRICO,7,DISPOSITIVOS MEDICO,1.0,3473.0,3.0
2021-11-30,703665,KIT MICRONEBULIZADOR PEDIATRICO,2,DISPOSITIVOS MEDICO,1.0,3473.0,3.0
2021-12-31,703665,KIT MICRONEBULIZADOR PEDIATRICO,1,DISPOSITIVOS MEDICO,1.0,3473.0,3.0
2022-01-31,703665,KIT MICRONEBULIZADOR PEDIATRICO,2,DISPOSITIVOS MEDICO,1.0,3473.0,3.0
2022-02-28,703665,KIT MICRONEBULIZADOR PEDIATRICO,4,DISPOSITIVOS MEDICO,1.0,3473.0,3.0
2022-03-31,703665,KIT MICRONEBULIZADOR PEDIATRICO,2,DISPOSITIVOS MEDICO,1.0,3473.0,3.0
2022-04-30,703665,KIT MICRONEBULIZADOR PEDIATRICO,3,DISPOSITIVOS MEDICO,1.0,3473.0,3.0
2022-05-31,703665,KIT MICRONEBULIZADOR PEDIATRICO,1,DISPOSITIVOS MEDICO,1.0,3473.0,3.0
2022-06-30,703665,KIT MICRONEBULIZADOR PEDIATRICO,4,DISPOSITIVOS MEDICO,1.0,3473.0,3.0
2021-07-31,703668,VALPROICO ÁCIDO 500MG/5 ML SOL. INYECTABLE,43,MEDICAMENTOS,1.0,6134.5,49.0
2021-08-31,703668,VALPROICO ÁCIDO 500MG/5 ML SOL. INYECTABLE,74,MEDICAMENTOS,1.0,6134.5,49.0
2021-09-30,703668,VALPROICO ÁCIDO 500MG/5 ML SOL. INYECTABLE,62,MEDICAMENTOS,1.0,6134.5,49.0
2021-10-31,703668,VALPROICO ÁCIDO 500MG/5 ML SOL. INYECTABLE,224,MEDICAMENTOS,1.0,6134.5,49.0
2021-11-30,703668,VALPROICO ÁCIDO 500MG/5 ML SOL. INYECTABLE,115,MEDICAMENTOS,1.0,6134.5,49.0
2021-12-31,703668,VALPROICO ÁCIDO 500MG/5 ML SOL. INYECTABLE,198,MEDICAMENTOS,1.0,6134.5,49.0
2022-01-31,703668,VALPROICO ÁCIDO 500MG/5 ML SOL. INYECTABLE,30,MEDICAMENTOS,1.0,6134.5,49.0
2022-02-28,703668,VALPROICO ÁCIDO 500MG/5 ML SOL. INYECTABLE,130,MEDICAMENTOS,1.0,6134.5,49.0
2022-03-31,703668,VALPROICO ÁCIDO 500MG/5 ML SOL. INYECTABLE,209,MEDICAMENTOS,1.0,6134.5,49.0
2022-04-30,703668,VALPROICO ÁCIDO 500MG/5 ML SOL. INYECTABLE,167,MEDICAMENTOS,1.0,6134.5,49.0
2022-05-31,703668,VALPROICO ÁCIDO 500MG/5 ML SOL. INYECTABLE,304,MEDICAMENTOS,1.0,6134.5,49.0
2022-06-30,703668,VALPROICO ÁCIDO 500MG/5 ML SOL. INYECTABLE,248,MEDICAMENTOS,1.0,6134.5,49.0
2021-07-31,703672,ASCORBICO ACIDO 500MG TABLETA  (VITAMINA C),468,MEDICAMENTOS,1.0,78.0,579.0
2021-08-31,703672,ASCORBICO ACIDO 500MG TABLETA  (VITAMINA C),468,MEDICAMENTOS,1.0,78.0,579.0
2021-09-30,703672,ASCORBICO ACIDO 500MG TABLETA  (VITAMINA C),504,MEDICAMENTOS,1.0,78.0,579.0
2021-10-31,703672,ASCORBICO ACIDO 500MG TABLETA  (VITAMINA C),288,MEDICAMENTOS,1.0,78.0,579.0
2021-11-30,703672,ASCORBICO ACIDO 500MG TABLETA  (VITAMINA C),360,MEDICAMENTOS,1.0,78.0,579.0
2021-12-31,703672,ASCORBICO ACIDO 500MG TABLETA  (VITAMINA C),370,MEDICAMENTOS,1.0,78.0,579.0
2022-01-31,703672,ASCORBICO ACIDO 500MG TABLETA  (VITAMINA C),343,MEDICAMENTOS,1.0,78.0,579.0
2022-02-28,703672,ASCORBICO ACIDO 500MG TABLETA  (VITAMINA C),602,MEDICAMENTOS,1.0,78.0,579.0
2022-03-31,703672,ASCORBICO ACIDO 500MG TABLETA  (VITAMINA C),829,MEDICAMENTOS,1.0,78.0,579.0
2022-04-30,703672,ASCORBICO ACIDO 500MG TABLETA  (VITAMINA C),740,MEDICAMENTOS,1.0,78.0,579.0
2022-05-31,703672,ASCORBICO ACIDO 500MG TABLETA  (VITAMINA C),719,MEDICAMENTOS,1.0,78.0,579.0
2022-06-30,703672,ASCORBICO ACIDO 500MG TABLETA  (VITAMINA C),1400,MEDICAMENTOS,1.0,78.0,579.0
2021-07-31,703686,CARBONATO DE LITIO 300MG TABLETA ,0,MEDICAMENTOS,1.0,170.0,13.0
2021-08-31,703686,CARBONATO DE LITIO 300MG TABLETA ,0,MEDICAMENTOS,1.0,170.0,13.0
2021-09-30,703686,CARBONATO DE LITIO 300MG TABLETA ,0,MEDICAMENTOS,1.0,170.0,13.0
2021-10-31,703686,CARBONATO DE LITIO 300MG TABLETA ,0,MEDICAMENTOS,1.0,170.0,13.0
2021-11-30,703686,CARBONATO DE LITIO 300MG TABLETA ,0,MEDICAMENTOS,1.0,170.0,13.0
2021-12-31,703686,CARBONATO DE LITIO 300MG TABLETA ,0,MEDICAMENTOS,1.0,170.0,13.0
2022-01-31,703686,CARBONATO DE LITIO 300MG TABLETA ,0,MEDICAMENTOS,1.0,170.0,13.0
2022-02-28,703686,CARBONATO DE LITIO 300MG TABLETA ,0,MEDICAMENTOS,1.0,170.0,13.0
2022-03-31,703686,CARBONATO DE LITIO 300MG TABLETA ,6,MEDICAMENTOS,1.0,170.0,13.0
2022-04-30,703686,CARBONATO DE LITIO 300MG TABLETA ,0,MEDICAMENTOS,1.0,170.0,13.0
2022-05-31,703686,CARBONATO DE LITIO 300MG TABLETA ,0,MEDICAMENTOS,1.0,170.0,13.0
2022-06-30,703686,CARBONATO DE LITIO 300MG TABLETA ,0,MEDICAMENTOS,1.0,170.0,13.0
2021-07-31,703694,DOMPERIDONA 10MG TABLETA ,0,MEDICAMENTOS,1.0,0.0,0.0
2021-08-31,703694,DOMPERIDONA 10MG TABLETA ,0,MEDICAMENTOS,1.0,0.0,0.0
2021-09-30,703694,DOMPERIDONA 10MG TABLETA ,0,MEDICAMENTOS,1.0,0.0,0.0
2021-10-31,703694,DOMPERIDONA 10MG TABLETA ,0,MEDICAMENTOS,1.0,0.0,0.0
2021-11-30,703694,DOMPERIDONA 10MG TABLETA ,1,MEDICAMENTOS,1.0,0.0,0.0
2021-12-31,703694,DOMPERIDONA 10MG TABLETA ,0,MEDICAMENTOS,1.0,0.0,0.0
2022-01-31,703694,DOMPERIDONA 10MG TABLETA ,0,MEDICAMENTOS,1.0,0.0,0.0
2022-02-28,703694,DOMPERIDONA 10MG TABLETA ,0,MEDICAMENTOS,1.0,0.0,0.0
2022-03-31,703694,DOMPERIDONA 10MG TABLETA ,0,MEDICAMENTOS,1.0,0.0,0.0
2022-04-30,703694,DOMPERIDONA 10MG TABLETA ,0,MEDICAMENTOS,1.0,0.0,0.0
2022-05-31,703694,DOMPERIDONA 10MG TABLETA ,0,MEDICAMENTOS,1.0,0.0,0.0
2022-06-30,703694,DOMPERIDONA 10MG TABLETA ,0,MEDICAMENTOS,1.0,0.0,0.0
2021-07-31,703708,REMIFENTANIL POLVO LIOFILIZADO 2MG ,0,CONTROLADOS,1.0,4817.0,224.0
2021-08-31,703708,REMIFENTANIL POLVO LIOFILIZADO 2MG ,0,CONTROLADOS,1.0,4817.0,224.0
2021-09-30,703708,REMIFENTANIL POLVO LIOFILIZADO 2MG ,0,CONTROLADOS,1.0,4817.0,224.0
2021-10-31,703708,REMIFENTANIL POLVO LIOFILIZADO 2MG ,0,CONTROLADOS,1.0,4817.0,224.0
2021-11-30,703708,REMIFENTANIL POLVO LIOFILIZADO 2MG ,0,CONTROLADOS,1.0,4817.0,224.0
2021-12-31,703708,REMIFENTANIL POLVO LIOFILIZADO 2MG ,0,CONTROLADOS,1.0,4817.0,224.0
2022-01-31,703708,REMIFENTANIL POLVO LIOFILIZADO 2MG ,0,CONTROLADOS,1.0,4817.0,224.0
2022-02-28,703708,REMIFENTANIL POLVO LIOFILIZADO 2MG ,2,CONTROLADOS,1.0,4817.0,224.0
2022-03-31,703708,REMIFENTANIL POLVO LIOFILIZADO 2MG ,0,CONTROLADOS,1.0,4817.0,224.0
2022-04-30,703708,REMIFENTANIL POLVO LIOFILIZADO 2MG ,1,CONTROLADOS,1.0,4817.0,224.0
2022-05-31,703708,REMIFENTANIL POLVO LIOFILIZADO 2MG ,0,CONTROLADOS,1.0,4817.0,224.0
2022-06-30,703708,REMIFENTANIL POLVO LIOFILIZADO 2MG ,0,CONTROLADOS,1.0,4817.0,224.0
2021-07-31,703723,CLORURO DE SODIO 9% SOL. INYECTABLE x 100ML,6240,MEDICAMENTOS,1.0,1156.0,909.0
2021-08-31,703723,CLORURO DE SODIO 9% SOL. INYECTABLE x 100ML,6164,MEDICAMENTOS,1.0,1156.0,909.0
2021-09-30,703723,CLORURO DE SODIO 9% SOL. INYECTABLE x 100ML,5994,MEDICAMENTOS,1.0,1156.0,909.0
2021-10-31,703723,CLORURO DE SODIO 9% SOL. INYECTABLE x 100ML,6023,MEDICAMENTOS,1.0,1156.0,909.0
2021-11-30,703723,CLORURO DE SODIO 9% SOL. INYECTABLE x 100ML,6257,MEDICAMENTOS,1.0,1156.0,909.0
2021-12-31,703723,CLORURO DE SODIO 9% SOL. INYECTABLE x 100ML,6502,MEDICAMENTOS,1.0,1156.0,909.0
2022-01-31,703723,CLORURO DE SODIO 9% SOL. INYECTABLE x 100ML,5765,MEDICAMENTOS,1.0,1156.0,909.0
2022-02-28,703723,CLORURO DE SODIO 9% SOL. INYECTABLE x 100ML,4928,MEDICAMENTOS,1.0,1156.0,909.0
2022-03-31,703723,CLORURO DE SODIO 9% SOL. INYECTABLE x 100ML,5789,MEDICAMENTOS,1.0,1156.0,909.0
2022-04-30,703723,CLORURO DE SODIO 9% SOL. INYECTABLE x 100ML,5037,MEDICAMENTOS,1.0,1156.0,909.0
2022-05-31,703723,CLORURO DE SODIO 9% SOL. INYECTABLE x 100ML,7493,MEDICAMENTOS,1.0,1156.0,909.0
2022-06-30,703723,CLORURO DE SODIO 9% SOL. INYECTABLE x 100ML,7912,MEDICAMENTOS,1.0,1156.0,909.0
2021-07-31,703730,S/TRACH-CARE 14FR/ 4445P02514  CORTA ,7,DISPOSITIVOS MEDICO,1.0,59743.0,7.0
2021-08-31,703730,S/TRACH-CARE 14FR/ 4445P02514  CORTA ,15,DISPOSITIVOS MEDICO,1.0,59743.0,7.0
2021-09-30,703730,S/TRACH-CARE 14FR/ 4445P02514  CORTA ,22,DISPOSITIVOS MEDICO,1.0,59743.0,7.0
2021-10-31,703730,S/TRACH-CARE 14FR/ 4445P02514  CORTA ,20,DISPOSITIVOS MEDICO,1.0,59743.0,7.0
2021-11-30,703730,S/TRACH-CARE 14FR/ 4445P02514  CORTA ,27,DISPOSITIVOS MEDICO,1.0,59743.0,7.0
2021-12-31,703730,S/TRACH-CARE 14FR/ 4445P02514  CORTA ,46,DISPOSITIVOS MEDICO,1.0,59743.0,7.0
2022-01-31,703730,S/TRACH-CARE 14FR/ 4445P02514  CORTA ,40,DISPOSITIVOS MEDICO,1.0,59743.0,7.0
2022-02-28,703730,S/TRACH-CARE 14FR/ 4445P02514  CORTA ,33,DISPOSITIVOS MEDICO,1.0,59743.0,7.0
2022-03-31,703730,S/TRACH-CARE 14FR/ 4445P02514  CORTA ,23,DISPOSITIVOS MEDICO,1.0,59743.0,7.0
2022-04-30,703730,S/TRACH-CARE 14FR/ 4445P02514  CORTA ,9,DISPOSITIVOS MEDICO,1.0,59743.0,7.0
2022-05-31,703730,S/TRACH-CARE 14FR/ 4445P02514  CORTA ,40,DISPOSITIVOS MEDICO,1.0,59743.0,7.0
2022-06-30,703730,S/TRACH-CARE 14FR/ 4445P02514  CORTA ,39,DISPOSITIVOS MEDICO,1.0,59743.0,7.0
2021-07-31,703735,CLORURO DE SODIO 9% SOL. INYECTABLE x 1000ML,1040,MEDICAMENTOS,1.0,2265.0,62.0
2021-08-31,703735,CLORURO DE SODIO 9% SOL. INYECTABLE x 1000ML,1123,MEDICAMENTOS,1.0,2265.0,62.0
2021-09-30,703735,CLORURO DE SODIO 9% SOL. INYECTABLE x 1000ML,985,MEDICAMENTOS,1.0,2265.0,62.0
2021-10-31,703735,CLORURO DE SODIO 9% SOL. INYECTABLE x 1000ML,941,MEDICAMENTOS,1.0,2265.0,62.0
2021-11-30,703735,CLORURO DE SODIO 9% SOL. INYECTABLE x 1000ML,1114,MEDICAMENTOS,1.0,2265.0,62.0
2021-12-31,703735,CLORURO DE SODIO 9% SOL. INYECTABLE x 1000ML,1370,MEDICAMENTOS,1.0,2265.0,62.0
2022-01-31,703735,CLORURO DE SODIO 9% SOL. INYECTABLE x 1000ML,1154,MEDICAMENTOS,1.0,2265.0,62.0
2022-02-28,703735,CLORURO DE SODIO 9% SOL. INYECTABLE x 1000ML,1005,MEDICAMENTOS,1.0,2265.0,62.0
2022-03-31,703735,CLORURO DE SODIO 9% SOL. INYECTABLE x 1000ML,1187,MEDICAMENTOS,1.0,2265.0,62.0
2022-04-30,703735,CLORURO DE SODIO 9% SOL. INYECTABLE x 1000ML,945,MEDICAMENTOS,1.0,2265.0,62.0
2022-05-31,703735,CLORURO DE SODIO 9% SOL. INYECTABLE x 1000ML,1174,MEDICAMENTOS,1.0,2265.0,62.0
2022-06-30,703735,CLORURO DE SODIO 9% SOL. INYECTABLE x 1000ML,1052,MEDICAMENTOS,1.0,2265.0,62.0
2021-07-31,703754,MORFINA 10MG/1ML SOL. INYECTABLE,92,CONTROLADOS,1.0,2395.0,455.0
2021-08-31,703754,MORFINA 10MG/1ML SOL. INYECTABLE,173,CONTROLADOS,1.0,2395.0,455.0
2021-09-30,703754,MORFINA 10MG/1ML SOL. INYECTABLE,142,CONTROLADOS,1.0,2395.0,455.0
2021-10-31,703754,MORFINA 10MG/1ML SOL. INYECTABLE,437,CONTROLADOS,1.0,2395.0,455.0
2021-11-30,703754,MORFINA 10MG/1ML SOL. INYECTABLE,207,CONTROLADOS,1.0,2395.0,455.0
2021-12-31,703754,MORFINA 10MG/1ML SOL. INYECTABLE,113,CONTROLADOS,1.0,2395.0,455.0
2022-01-31,703754,MORFINA 10MG/1ML SOL. INYECTABLE,179,CONTROLADOS,1.0,2395.0,455.0
2022-02-28,703754,MORFINA 10MG/1ML SOL. INYECTABLE,173,CONTROLADOS,1.0,2395.0,455.0
2022-03-31,703754,MORFINA 10MG/1ML SOL. INYECTABLE,201,CONTROLADOS,1.0,2395.0,455.0
2022-04-30,703754,MORFINA 10MG/1ML SOL. INYECTABLE,255,CONTROLADOS,1.0,2395.0,455.0
2022-05-31,703754,MORFINA 10MG/1ML SOL. INYECTABLE,160,CONTROLADOS,1.0,2395.0,455.0
2022-06-30,703754,MORFINA 10MG/1ML SOL. INYECTABLE,129,CONTROLADOS,1.0,2395.0,455.0
2021-07-31,703755,MORFINA SOLUCION ORAL 30MG/ML x 30ML,0,CONTROLADOS,1.0,35845.0,5.0
2021-08-31,703755,MORFINA SOLUCION ORAL 30MG/ML x 30ML,0,CONTROLADOS,1.0,35845.0,5.0
2021-09-30,703755,MORFINA SOLUCION ORAL 30MG/ML x 30ML,0,CONTROLADOS,1.0,35845.0,5.0
2021-10-31,703755,MORFINA SOLUCION ORAL 30MG/ML x 30ML,0,CONTROLADOS,1.0,35845.0,5.0
2021-11-30,703755,MORFINA SOLUCION ORAL 30MG/ML x 30ML,1,CONTROLADOS,1.0,35845.0,5.0
2021-12-31,703755,MORFINA SOLUCION ORAL 30MG/ML x 30ML,0,CONTROLADOS,1.0,35845.0,5.0
2022-01-31,703755,MORFINA SOLUCION ORAL 30MG/ML x 30ML,0,CONTROLADOS,1.0,35845.0,5.0
2022-02-28,703755,MORFINA SOLUCION ORAL 30MG/ML x 30ML,2,CONTROLADOS,1.0,35845.0,5.0
2022-03-31,703755,MORFINA SOLUCION ORAL 30MG/ML x 30ML,1,CONTROLADOS,1.0,35845.0,5.0
2022-04-30,703755,MORFINA SOLUCION ORAL 30MG/ML x 30ML,0,CONTROLADOS,1.0,35845.0,5.0
2022-05-31,703755,MORFINA SOLUCION ORAL 30MG/ML x 30ML,0,CONTROLADOS,1.0,35845.0,5.0
2022-06-30,703755,MORFINA SOLUCION ORAL 30MG/ML x 30ML,0,CONTROLADOS,1.0,35845.0,5.0
2021-07-31,703775,HARTMAN SOLUCION INYECTABLE 1000 ML,1384,MEDICAMENTOS,1.0,2262.0,35.0
2021-08-31,703775,HARTMAN SOLUCION INYECTABLE 1000 ML,1638,MEDICAMENTOS,1.0,2262.0,35.0
2021-09-30,703775,HARTMAN SOLUCION INYECTABLE 1000 ML,1664,MEDICAMENTOS,1.0,2262.0,35.0
2021-10-31,703775,HARTMAN SOLUCION INYECTABLE 1000 ML,1552,MEDICAMENTOS,1.0,2262.0,35.0
2021-11-30,703775,HARTMAN SOLUCION INYECTABLE 1000 ML,1521,MEDICAMENTOS,1.0,2262.0,35.0
2021-12-31,703775,HARTMAN SOLUCION INYECTABLE 1000 ML,1657,MEDICAMENTOS,1.0,2262.0,35.0
2022-01-31,703775,HARTMAN SOLUCION INYECTABLE 1000 ML,1657,MEDICAMENTOS,1.0,2262.0,35.0
2022-02-28,703775,HARTMAN SOLUCION INYECTABLE 1000 ML,1613,MEDICAMENTOS,1.0,2262.0,35.0
2022-03-31,703775,HARTMAN SOLUCION INYECTABLE 1000 ML,1603,MEDICAMENTOS,1.0,2262.0,35.0
2022-04-30,703775,HARTMAN SOLUCION INYECTABLE 1000 ML,2037,MEDICAMENTOS,1.0,2262.0,35.0
2022-05-31,703775,HARTMAN SOLUCION INYECTABLE 1000 ML,1436,MEDICAMENTOS,1.0,2262.0,35.0
2022-06-30,703775,HARTMAN SOLUCION INYECTABLE 1000 ML,1455,MEDICAMENTOS,1.0,2262.0,35.0
2021-07-31,703782,HIDROMORFONA 2MG/1ML SOL. INYECTABLE,161,MEDICAMENTOS,1.0,2192.0,478.0
2021-08-31,703782,HIDROMORFONA 2MG/1ML SOL. INYECTABLE,145,MEDICAMENTOS,1.0,2192.0,478.0
2021-09-30,703782,HIDROMORFONA 2MG/1ML SOL. INYECTABLE,132,MEDICAMENTOS,1.0,2192.0,478.0
2021-10-31,703782,HIDROMORFONA 2MG/1ML SOL. INYECTABLE,188,MEDICAMENTOS,1.0,2192.0,478.0
2021-11-30,703782,HIDROMORFONA 2MG/1ML SOL. INYECTABLE,437,MEDICAMENTOS,1.0,2192.0,478.0
2021-12-31,703782,HIDROMORFONA 2MG/1ML SOL. INYECTABLE,174,MEDICAMENTOS,1.0,2192.0,478.0
2022-01-31,703782,HIDROMORFONA 2MG/1ML SOL. INYECTABLE,182,MEDICAMENTOS,1.0,2192.0,478.0
2022-02-28,703782,HIDROMORFONA 2MG/1ML SOL. INYECTABLE,18,MEDICAMENTOS,1.0,2192.0,478.0
2022-03-31,703782,HIDROMORFONA 2MG/1ML SOL. INYECTABLE,55,MEDICAMENTOS,1.0,2192.0,478.0
2022-04-30,703782,HIDROMORFONA 2MG/1ML SOL. INYECTABLE,192,MEDICAMENTOS,1.0,2192.0,478.0
2022-05-31,703782,HIDROMORFONA 2MG/1ML SOL. INYECTABLE,233,MEDICAMENTOS,1.0,2192.0,478.0
2022-06-30,703782,HIDROMORFONA 2MG/1ML SOL. INYECTABLE,212,MEDICAMENTOS,1.0,2192.0,478.0
2021-07-31,703789,RISPERIDONA 1 MG TABLETA ,58,MEDICAMENTOS,1.0,260.0,28.0
2021-08-31,703789,RISPERIDONA 1 MG TABLETA ,77,MEDICAMENTOS,1.0,260.0,28.0
2021-09-30,703789,RISPERIDONA 1 MG TABLETA ,0,MEDICAMENTOS,1.0,260.0,28.0
2021-10-31,703789,RISPERIDONA 1 MG TABLETA ,46,MEDICAMENTOS,1.0,260.0,28.0
2021-11-30,703789,RISPERIDONA 1 MG TABLETA ,39,MEDICAMENTOS,1.0,260.0,28.0
2021-12-31,703789,RISPERIDONA 1 MG TABLETA ,110,MEDICAMENTOS,1.0,260.0,28.0
2022-01-31,703789,RISPERIDONA 1 MG TABLETA ,67,MEDICAMENTOS,1.0,260.0,28.0
2022-02-28,703789,RISPERIDONA 1 MG TABLETA ,5,MEDICAMENTOS,1.0,260.0,28.0
2022-03-31,703789,RISPERIDONA 1 MG TABLETA ,0,MEDICAMENTOS,1.0,260.0,28.0
2022-04-30,703789,RISPERIDONA 1 MG TABLETA ,38,MEDICAMENTOS,1.0,260.0,28.0
2022-05-31,703789,RISPERIDONA 1 MG TABLETA ,14,MEDICAMENTOS,1.0,260.0,28.0
2022-06-30,703789,RISPERIDONA 1 MG TABLETA ,28,MEDICAMENTOS,1.0,260.0,28.0
2021-07-31,704102,HIERRO SACAROSA SOL. INYECTABLE 100MG/5ML,27,MEDICAMENTOS,1.0,4075.0,7.0
2021-08-31,704102,HIERRO SACAROSA SOL. INYECTABLE 100MG/5ML,43,MEDICAMENTOS,1.0,4075.0,7.0
2021-09-30,704102,HIERRO SACAROSA SOL. INYECTABLE 100MG/5ML,22,MEDICAMENTOS,1.0,4075.0,7.0
2021-10-31,704102,HIERRO SACAROSA SOL. INYECTABLE 100MG/5ML,51,MEDICAMENTOS,1.0,4075.0,7.0
2021-11-30,704102,HIERRO SACAROSA SOL. INYECTABLE 100MG/5ML,28,MEDICAMENTOS,1.0,4075.0,7.0
2021-12-31,704102,HIERRO SACAROSA SOL. INYECTABLE 100MG/5ML,8,MEDICAMENTOS,1.0,4075.0,7.0
2022-01-31,704102,HIERRO SACAROSA SOL. INYECTABLE 100MG/5ML,25,MEDICAMENTOS,1.0,4075.0,7.0
2022-02-28,704102,HIERRO SACAROSA SOL. INYECTABLE 100MG/5ML,32,MEDICAMENTOS,1.0,4075.0,7.0
2022-03-31,704102,HIERRO SACAROSA SOL. INYECTABLE 100MG/5ML,29,MEDICAMENTOS,1.0,4075.0,7.0
2022-04-30,704102,HIERRO SACAROSA SOL. INYECTABLE 100MG/5ML,44,MEDICAMENTOS,1.0,4075.0,7.0
2022-05-31,704102,HIERRO SACAROSA SOL. INYECTABLE 100MG/5ML,56,MEDICAMENTOS,1.0,4075.0,7.0
2022-06-30,704102,HIERRO SACAROSA SOL. INYECTABLE 100MG/5ML,30,MEDICAMENTOS,1.0,4075.0,7.0
2021-07-31,704205,"METOTREXATE TABLETA 2,5MG",6,MEDICAMENTOS,1.0,227.0,21.0
2021-08-31,704205,"METOTREXATE TABLETA 2,5MG",24,MEDICAMENTOS,1.0,227.0,21.0
2021-09-30,704205,"METOTREXATE TABLETA 2,5MG",18,MEDICAMENTOS,1.0,227.0,21.0
2021-10-31,704205,"METOTREXATE TABLETA 2,5MG",8,MEDICAMENTOS,1.0,227.0,21.0
2021-11-30,704205,"METOTREXATE TABLETA 2,5MG",6,MEDICAMENTOS,1.0,227.0,21.0
2021-12-31,704205,"METOTREXATE TABLETA 2,5MG",0,MEDICAMENTOS,1.0,227.0,21.0
2022-01-31,704205,"METOTREXATE TABLETA 2,5MG",26,MEDICAMENTOS,1.0,227.0,21.0
2022-02-28,704205,"METOTREXATE TABLETA 2,5MG",16,MEDICAMENTOS,1.0,227.0,21.0
2022-03-31,704205,"METOTREXATE TABLETA 2,5MG",0,MEDICAMENTOS,1.0,227.0,21.0
2022-04-30,704205,"METOTREXATE TABLETA 2,5MG",27,MEDICAMENTOS,1.0,227.0,21.0
2022-05-31,704205,"METOTREXATE TABLETA 2,5MG",0,MEDICAMENTOS,1.0,227.0,21.0
2022-06-30,704205,"METOTREXATE TABLETA 2,5MG",0,MEDICAMENTOS,1.0,227.0,21.0
2021-07-31,704252,CASPOFUNGINA 50MG POLVO LIOFILIZADO ,29,MEDICAMENTOS,1.0,327909.0,22.0
2021-08-31,704252,CASPOFUNGINA 50MG POLVO LIOFILIZADO ,71,MEDICAMENTOS,1.0,327909.0,22.0
2021-09-30,704252,CASPOFUNGINA 50MG POLVO LIOFILIZADO ,54,MEDICAMENTOS,1.0,327909.0,22.0
2021-10-31,704252,CASPOFUNGINA 50MG POLVO LIOFILIZADO ,6,MEDICAMENTOS,1.0,327909.0,22.0
2021-11-30,704252,CASPOFUNGINA 50MG POLVO LIOFILIZADO ,8,MEDICAMENTOS,1.0,327909.0,22.0
2021-12-31,704252,CASPOFUNGINA 50MG POLVO LIOFILIZADO ,47,MEDICAMENTOS,1.0,327909.0,22.0
2022-01-31,704252,CASPOFUNGINA 50MG POLVO LIOFILIZADO ,39,MEDICAMENTOS,1.0,327909.0,22.0
2022-02-28,704252,CASPOFUNGINA 50MG POLVO LIOFILIZADO ,50,MEDICAMENTOS,1.0,327909.0,22.0
2022-03-31,704252,CASPOFUNGINA 50MG POLVO LIOFILIZADO ,44,MEDICAMENTOS,1.0,327909.0,22.0
2022-04-30,704252,CASPOFUNGINA 50MG POLVO LIOFILIZADO ,48,MEDICAMENTOS,1.0,327909.0,22.0
2022-05-31,704252,CASPOFUNGINA 50MG POLVO LIOFILIZADO ,41,MEDICAMENTOS,1.0,327909.0,22.0
2022-06-30,704252,CASPOFUNGINA 50MG POLVO LIOFILIZADO ,44,MEDICAMENTOS,1.0,327909.0,22.0
2021-07-31,704256,CLORURO DE SODIO 9% SOL. INYECTABLE x 50ML,758,MEDICAMENTOS,1.0,1377.0,57.0
2021-08-31,704256,CLORURO DE SODIO 9% SOL. INYECTABLE x 50ML,778,MEDICAMENTOS,1.0,1377.0,57.0
2021-09-30,704256,CLORURO DE SODIO 9% SOL. INYECTABLE x 50ML,738,MEDICAMENTOS,1.0,1377.0,57.0
2021-10-31,704256,CLORURO DE SODIO 9% SOL. INYECTABLE x 50ML,897,MEDICAMENTOS,1.0,1377.0,57.0
2021-11-30,704256,CLORURO DE SODIO 9% SOL. INYECTABLE x 50ML,901,MEDICAMENTOS,1.0,1377.0,57.0
2021-12-31,704256,CLORURO DE SODIO 9% SOL. INYECTABLE x 50ML,918,MEDICAMENTOS,1.0,1377.0,57.0
2022-01-31,704256,CLORURO DE SODIO 9% SOL. INYECTABLE x 50ML,908,MEDICAMENTOS,1.0,1377.0,57.0
2022-02-28,704256,CLORURO DE SODIO 9% SOL. INYECTABLE x 50ML,839,MEDICAMENTOS,1.0,1377.0,57.0
2022-03-31,704256,CLORURO DE SODIO 9% SOL. INYECTABLE x 50ML,738,MEDICAMENTOS,1.0,1377.0,57.0
2022-04-30,704256,CLORURO DE SODIO 9% SOL. INYECTABLE x 50ML,831,MEDICAMENTOS,1.0,1377.0,57.0
2022-05-31,704256,CLORURO DE SODIO 9% SOL. INYECTABLE x 50ML,1086,MEDICAMENTOS,1.0,1377.0,57.0
2022-06-30,704256,CLORURO DE SODIO 9% SOL. INYECTABLE x 50ML,971,MEDICAMENTOS,1.0,1377.0,57.0
2021-07-31,704292,FOSFOMICINA GRANULOS PARA SUSPENCIÓN ORAL 3G,0,MEDICAMENTOS,1.0,27522.0,5.0
2021-08-31,704292,FOSFOMICINA GRANULOS PARA SUSPENCIÓN ORAL 3G,0,MEDICAMENTOS,1.0,27522.0,5.0
2021-09-30,704292,FOSFOMICINA GRANULOS PARA SUSPENCIÓN ORAL 3G,2,MEDICAMENTOS,1.0,27522.0,5.0
2021-10-31,704292,FOSFOMICINA GRANULOS PARA SUSPENCIÓN ORAL 3G,0,MEDICAMENTOS,1.0,27522.0,5.0
2021-11-30,704292,FOSFOMICINA GRANULOS PARA SUSPENCIÓN ORAL 3G,2,MEDICAMENTOS,1.0,27522.0,5.0
2021-12-31,704292,FOSFOMICINA GRANULOS PARA SUSPENCIÓN ORAL 3G,0,MEDICAMENTOS,1.0,27522.0,5.0
2022-01-31,704292,FOSFOMICINA GRANULOS PARA SUSPENCIÓN ORAL 3G,0,MEDICAMENTOS,1.0,27522.0,5.0
2022-02-28,704292,FOSFOMICINA GRANULOS PARA SUSPENCIÓN ORAL 3G,0,MEDICAMENTOS,1.0,27522.0,5.0
2022-03-31,704292,FOSFOMICINA GRANULOS PARA SUSPENCIÓN ORAL 3G,0,MEDICAMENTOS,1.0,27522.0,5.0
2022-04-30,704292,FOSFOMICINA GRANULOS PARA SUSPENCIÓN ORAL 3G,1,MEDICAMENTOS,1.0,27522.0,5.0
2022-05-31,704292,FOSFOMICINA GRANULOS PARA SUSPENCIÓN ORAL 3G,3,MEDICAMENTOS,1.0,27522.0,5.0
2022-06-30,704292,FOSFOMICINA GRANULOS PARA SUSPENCIÓN ORAL 3G,1,MEDICAMENTOS,1.0,27522.0,5.0
2021-07-31,704298,CONDON  S/LUBRICAR X 3 ,2,DISPOSITIVOS MEDICO,1.0,184.0,5.0
2021-08-31,704298,CONDON  S/LUBRICAR X 3 ,0,DISPOSITIVOS MEDICO,1.0,184.0,5.0
2021-09-30,704298,CONDON  S/LUBRICAR X 3 ,1,DISPOSITIVOS MEDICO,1.0,184.0,5.0
2021-10-31,704298,CONDON  S/LUBRICAR X 3 ,1,DISPOSITIVOS MEDICO,1.0,184.0,5.0
2021-11-30,704298,CONDON  S/LUBRICAR X 3 ,2,DISPOSITIVOS MEDICO,1.0,184.0,5.0
2021-12-31,704298,CONDON  S/LUBRICAR X 3 ,0,DISPOSITIVOS MEDICO,1.0,184.0,5.0
2022-01-31,704298,CONDON  S/LUBRICAR X 3 ,9,DISPOSITIVOS MEDICO,1.0,184.0,5.0
2022-02-28,704298,CONDON  S/LUBRICAR X 3 ,0,DISPOSITIVOS MEDICO,1.0,184.0,5.0
2022-03-31,704298,CONDON  S/LUBRICAR X 3 ,0,DISPOSITIVOS MEDICO,1.0,184.0,5.0
2022-04-30,704298,CONDON  S/LUBRICAR X 3 ,5,DISPOSITIVOS MEDICO,1.0,184.0,5.0
2022-05-31,704298,CONDON  S/LUBRICAR X 3 ,0,DISPOSITIVOS MEDICO,1.0,184.0,5.0
2022-06-30,704298,CONDON  S/LUBRICAR X 3 ,4,DISPOSITIVOS MEDICO,1.0,184.0,5.0
2021-07-31,704308,ALGODON LAMINADO 3X5 ,0,DISPOSITIVOS MEDICO,1.0,0.0,0.0
2021-08-31,704308,ALGODON LAMINADO 3X5 ,0,DISPOSITIVOS MEDICO,1.0,0.0,0.0
2021-09-30,704308,ALGODON LAMINADO 3X5 ,2,DISPOSITIVOS MEDICO,1.0,0.0,0.0
2021-10-31,704308,ALGODON LAMINADO 3X5 ,3,DISPOSITIVOS MEDICO,1.0,0.0,0.0
2021-11-30,704308,ALGODON LAMINADO 3X5 ,0,DISPOSITIVOS MEDICO,1.0,0.0,0.0
2021-12-31,704308,ALGODON LAMINADO 3X5 ,0,DISPOSITIVOS MEDICO,1.0,0.0,0.0
2022-01-31,704308,ALGODON LAMINADO 3X5 ,0,DISPOSITIVOS MEDICO,1.0,0.0,0.0
2022-02-28,704308,ALGODON LAMINADO 3X5 ,0,DISPOSITIVOS MEDICO,1.0,0.0,0.0
2022-03-31,704308,ALGODON LAMINADO 3X5 ,0,DISPOSITIVOS MEDICO,1.0,0.0,0.0
2022-04-30,704308,ALGODON LAMINADO 3X5 ,2,DISPOSITIVOS MEDICO,1.0,0.0,0.0
2022-05-31,704308,ALGODON LAMINADO 3X5 ,0,DISPOSITIVOS MEDICO,1.0,0.0,0.0
2022-06-30,704308,ALGODON LAMINADO 3X5 ,0,DISPOSITIVOS MEDICO,1.0,0.0,0.0
2021-07-31,704336,CIPROFLOXACINO SOLUCIÓN OFTÁLMICA 0.3% x 10 ML ,0,MEDICAMENTOS,1.0,,
2021-08-31,704336,CIPROFLOXACINO SOLUCIÓN OFTÁLMICA 0.3% x 10 ML ,1,MEDICAMENTOS,1.0,,
2021-09-30,704336,CIPROFLOXACINO SOLUCIÓN OFTÁLMICA 0.3% x 10 ML ,2,MEDICAMENTOS,1.0,,
2021-10-31,704336,CIPROFLOXACINO SOLUCIÓN OFTÁLMICA 0.3% x 10 ML ,0,MEDICAMENTOS,1.0,,
2021-11-30,704336,CIPROFLOXACINO SOLUCIÓN OFTÁLMICA 0.3% x 10 ML ,0,MEDICAMENTOS,1.0,,
2021-12-31,704336,CIPROFLOXACINO SOLUCIÓN OFTÁLMICA 0.3% x 10 ML ,0,MEDICAMENTOS,1.0,,
2022-01-31,704336,CIPROFLOXACINO SOLUCIÓN OFTÁLMICA 0.3% x 10 ML ,0,MEDICAMENTOS,1.0,,
2022-02-28,704336,CIPROFLOXACINO SOLUCIÓN OFTÁLMICA 0.3% x 10 ML ,0,MEDICAMENTOS,1.0,,
2022-03-31,704336,CIPROFLOXACINO SOLUCIÓN OFTÁLMICA 0.3% x 10 ML ,0,MEDICAMENTOS,1.0,,
2022-04-30,704336,CIPROFLOXACINO SOLUCIÓN OFTÁLMICA 0.3% x 10 ML ,1,MEDICAMENTOS,1.0,,
2022-05-31,704336,CIPROFLOXACINO SOLUCIÓN OFTÁLMICA 0.3% x 10 ML ,0,MEDICAMENTOS,1.0,,
2022-06-30,704336,CIPROFLOXACINO SOLUCIÓN OFTÁLMICA 0.3% x 10 ML ,0,MEDICAMENTOS,1.0,,
2021-07-31,704346,ACICLOVIR UNGÜENTO TOPICO 5% x 15 GRAMOS,0,MEDICAMENTOS,1.0,0.0,0.0
2021-08-31,704346,ACICLOVIR UNGÜENTO TOPICO 5% x 15 GRAMOS,0,MEDICAMENTOS,1.0,0.0,0.0
2021-09-30,704346,ACICLOVIR UNGÜENTO TOPICO 5% x 15 GRAMOS,3,MEDICAMENTOS,1.0,0.0,0.0
2021-10-31,704346,ACICLOVIR UNGÜENTO TOPICO 5% x 15 GRAMOS,0,MEDICAMENTOS,1.0,0.0,0.0
2021-11-30,704346,ACICLOVIR UNGÜENTO TOPICO 5% x 15 GRAMOS,0,MEDICAMENTOS,1.0,0.0,0.0
2021-12-31,704346,ACICLOVIR UNGÜENTO TOPICO 5% x 15 GRAMOS,0,MEDICAMENTOS,1.0,0.0,0.0
2022-01-31,704346,ACICLOVIR UNGÜENTO TOPICO 5% x 15 GRAMOS,2,MEDICAMENTOS,1.0,0.0,0.0
2022-02-28,704346,ACICLOVIR UNGÜENTO TOPICO 5% x 15 GRAMOS,5,MEDICAMENTOS,1.0,0.0,0.0
2022-03-31,704346,ACICLOVIR UNGÜENTO TOPICO 5% x 15 GRAMOS,0,MEDICAMENTOS,1.0,0.0,0.0
2022-04-30,704346,ACICLOVIR UNGÜENTO TOPICO 5% x 15 GRAMOS,0,MEDICAMENTOS,1.0,0.0,0.0
2022-05-31,704346,ACICLOVIR UNGÜENTO TOPICO 5% x 15 GRAMOS,1,MEDICAMENTOS,1.0,0.0,0.0
2022-06-30,704346,ACICLOVIR UNGÜENTO TOPICO 5% x 15 GRAMOS,0,MEDICAMENTOS,1.0,0.0,0.0
2021-07-31,704381,BOLSA OSTOMIA OP/38MM ,3,DISPOSITIVOS MEDICO,1.0,8765.0,2.0
2021-08-31,704381,BOLSA OSTOMIA OP/38MM ,0,DISPOSITIVOS MEDICO,1.0,8765.0,2.0
2021-09-30,704381,BOLSA OSTOMIA OP/38MM ,1,DISPOSITIVOS MEDICO,1.0,8765.0,2.0
2021-10-31,704381,BOLSA OSTOMIA OP/38MM ,0,DISPOSITIVOS MEDICO,1.0,8765.0,2.0
2021-11-30,704381,BOLSA OSTOMIA OP/38MM ,0,DISPOSITIVOS MEDICO,1.0,8765.0,2.0
2021-12-31,704381,BOLSA OSTOMIA OP/38MM ,0,DISPOSITIVOS MEDICO,1.0,8765.0,2.0
2022-01-31,704381,BOLSA OSTOMIA OP/38MM ,0,DISPOSITIVOS MEDICO,1.0,8765.0,2.0
2022-02-28,704381,BOLSA OSTOMIA OP/38MM ,0,DISPOSITIVOS MEDICO,1.0,8765.0,2.0
2022-03-31,704381,BOLSA OSTOMIA OP/38MM ,0,DISPOSITIVOS MEDICO,1.0,8765.0,2.0
2022-04-30,704381,BOLSA OSTOMIA OP/38MM ,1,DISPOSITIVOS MEDICO,1.0,8765.0,2.0
2022-05-31,704381,BOLSA OSTOMIA OP/38MM ,0,DISPOSITIVOS MEDICO,1.0,8765.0,2.0
2022-06-30,704381,BOLSA OSTOMIA OP/38MM ,0,DISPOSITIVOS MEDICO,1.0,8765.0,2.0
2021-07-31,704417,"EPOPROSTENOL TERMOESTABLE 1.5 MG POLVO LIOFILIZADO 1,5MG",18,MEDICAMENTOS,1.0,,
2021-08-31,704417,"EPOPROSTENOL TERMOESTABLE 1.5 MG POLVO LIOFILIZADO 1,5MG",75,MEDICAMENTOS,1.0,,
2021-09-30,704417,"EPOPROSTENOL TERMOESTABLE 1.5 MG POLVO LIOFILIZADO 1,5MG",0,MEDICAMENTOS,1.0,,
2021-10-31,704417,"EPOPROSTENOL TERMOESTABLE 1.5 MG POLVO LIOFILIZADO 1,5MG",0,MEDICAMENTOS,1.0,,
2021-11-30,704417,"EPOPROSTENOL TERMOESTABLE 1.5 MG POLVO LIOFILIZADO 1,5MG",0,MEDICAMENTOS,1.0,,
2021-12-31,704417,"EPOPROSTENOL TERMOESTABLE 1.5 MG POLVO LIOFILIZADO 1,5MG",0,MEDICAMENTOS,1.0,,
2022-01-31,704417,"EPOPROSTENOL TERMOESTABLE 1.5 MG POLVO LIOFILIZADO 1,5MG",0,MEDICAMENTOS,1.0,,
2022-02-28,704417,"EPOPROSTENOL TERMOESTABLE 1.5 MG POLVO LIOFILIZADO 1,5MG",0,MEDICAMENTOS,1.0,,
2022-03-31,704417,"EPOPROSTENOL TERMOESTABLE 1.5 MG POLVO LIOFILIZADO 1,5MG",0,MEDICAMENTOS,1.0,,
2022-04-30,704417,"EPOPROSTENOL TERMOESTABLE 1.5 MG POLVO LIOFILIZADO 1,5MG",0,MEDICAMENTOS,1.0,,
2022-05-31,704417,"EPOPROSTENOL TERMOESTABLE 1.5 MG POLVO LIOFILIZADO 1,5MG",0,MEDICAMENTOS,1.0,,
2022-06-30,704417,"EPOPROSTENOL TERMOESTABLE 1.5 MG POLVO LIOFILIZADO 1,5MG",0,MEDICAMENTOS,1.0,,
2021-07-31,704444,"PULMOCARE SOLUCIÓN ORAL 1,5KCAL/1ML (355,5KCAL/237ML)) ALIMENTO PARA PROPÓSITO",25,NUTRICION,1.0,10138.0,88.0
2021-08-31,704444,"PULMOCARE SOLUCIÓN ORAL 1,5KCAL/1ML (355,5KCAL/237ML)) ALIMENTO PARA PROPÓSITO",26,NUTRICION,1.0,10138.0,88.0
2021-09-30,704444,"PULMOCARE SOLUCIÓN ORAL 1,5KCAL/1ML (355,5KCAL/237ML)) ALIMENTO PARA PROPÓSITO",118,NUTRICION,1.0,10138.0,88.0
2021-10-31,704444,"PULMOCARE SOLUCIÓN ORAL 1,5KCAL/1ML (355,5KCAL/237ML)) ALIMENTO PARA PROPÓSITO",65,NUTRICION,1.0,10138.0,88.0
2021-11-30,704444,"PULMOCARE SOLUCIÓN ORAL 1,5KCAL/1ML (355,5KCAL/237ML)) ALIMENTO PARA PROPÓSITO",137,NUTRICION,1.0,10138.0,88.0
2021-12-31,704444,"PULMOCARE SOLUCIÓN ORAL 1,5KCAL/1ML (355,5KCAL/237ML)) ALIMENTO PARA PROPÓSITO",256,NUTRICION,1.0,10138.0,88.0
2022-01-31,704444,"PULMOCARE SOLUCIÓN ORAL 1,5KCAL/1ML (355,5KCAL/237ML)) ALIMENTO PARA PROPÓSITO",325,NUTRICION,1.0,10138.0,88.0
2022-02-28,704444,"PULMOCARE SOLUCIÓN ORAL 1,5KCAL/1ML (355,5KCAL/237ML)) ALIMENTO PARA PROPÓSITO",349,NUTRICION,1.0,10138.0,88.0
2022-03-31,704444,"PULMOCARE SOLUCIÓN ORAL 1,5KCAL/1ML (355,5KCAL/237ML)) ALIMENTO PARA PROPÓSITO",314,NUTRICION,1.0,10138.0,88.0
2022-04-30,704444,"PULMOCARE SOLUCIÓN ORAL 1,5KCAL/1ML (355,5KCAL/237ML)) ALIMENTO PARA PROPÓSITO",395,NUTRICION,1.0,10138.0,88.0
2022-05-31,704444,"PULMOCARE SOLUCIÓN ORAL 1,5KCAL/1ML (355,5KCAL/237ML)) ALIMENTO PARA PROPÓSITO",434,NUTRICION,1.0,10138.0,88.0
2022-06-30,704444,"PULMOCARE SOLUCIÓN ORAL 1,5KCAL/1ML (355,5KCAL/237ML)) ALIMENTO PARA PROPÓSITO",451,NUTRICION,1.0,10138.0,88.0
2021-07-31,705183,AGUJA BIOPSIA MEDULA OSEA  DBMNJ1104TL RP-M,3,DISPOSITIVOS MEDICO,1.0,147059.0,3.0
2021-08-31,705183,AGUJA BIOPSIA MEDULA OSEA  DBMNJ1104TL RP-M,6,DISPOSITIVOS MEDICO,1.0,147059.0,3.0
2021-09-30,705183,AGUJA BIOPSIA MEDULA OSEA  DBMNJ1104TL RP-M,6,DISPOSITIVOS MEDICO,1.0,147059.0,3.0
2021-10-31,705183,AGUJA BIOPSIA MEDULA OSEA  DBMNJ1104TL RP-M,4,DISPOSITIVOS MEDICO,1.0,147059.0,3.0
2021-11-30,705183,AGUJA BIOPSIA MEDULA OSEA  DBMNJ1104TL RP-M,1,DISPOSITIVOS MEDICO,1.0,147059.0,3.0
2021-12-31,705183,AGUJA BIOPSIA MEDULA OSEA  DBMNJ1104TL RP-M,4,DISPOSITIVOS MEDICO,1.0,147059.0,3.0
2022-01-31,705183,AGUJA BIOPSIA MEDULA OSEA  DBMNJ1104TL RP-M,6,DISPOSITIVOS MEDICO,1.0,147059.0,3.0
2022-02-28,705183,AGUJA BIOPSIA MEDULA OSEA  DBMNJ1104TL RP-M,3,DISPOSITIVOS MEDICO,1.0,147059.0,3.0
2022-03-31,705183,AGUJA BIOPSIA MEDULA OSEA  DBMNJ1104TL RP-M,1,DISPOSITIVOS MEDICO,1.0,147059.0,3.0
2022-04-30,705183,AGUJA BIOPSIA MEDULA OSEA  DBMNJ1104TL RP-M,2,DISPOSITIVOS MEDICO,1.0,147059.0,3.0
2022-05-31,705183,AGUJA BIOPSIA MEDULA OSEA  DBMNJ1104TL RP-M,1,DISPOSITIVOS MEDICO,1.0,147059.0,3.0
2022-06-30,705183,AGUJA BIOPSIA MEDULA OSEA  DBMNJ1104TL RP-M,2,DISPOSITIVOS MEDICO,1.0,147059.0,3.0
2021-07-31,705294,ELECTRODO BIPOLAR  6FRX110X10 AI-06210,3,MEDICAMENTOS,1.0,362908.0,2.0
2021-08-31,705294,ELECTRODO BIPOLAR  6FRX110X10 AI-06210,2,MEDICAMENTOS,1.0,362908.0,2.0
2021-09-30,705294,ELECTRODO BIPOLAR  6FRX110X10 AI-06210,1,MEDICAMENTOS,1.0,362908.0,2.0
2021-10-31,705294,ELECTRODO BIPOLAR  6FRX110X10 AI-06210,2,MEDICAMENTOS,1.0,362908.0,2.0
2021-11-30,705294,ELECTRODO BIPOLAR  6FRX110X10 AI-06210,2,MEDICAMENTOS,1.0,362908.0,2.0
2021-12-31,705294,ELECTRODO BIPOLAR  6FRX110X10 AI-06210,0,MEDICAMENTOS,1.0,362908.0,2.0
2022-01-31,705294,ELECTRODO BIPOLAR  6FRX110X10 AI-06210,2,MEDICAMENTOS,1.0,362908.0,2.0
2022-02-28,705294,ELECTRODO BIPOLAR  6FRX110X10 AI-06210,1,MEDICAMENTOS,1.0,362908.0,2.0
2022-03-31,705294,ELECTRODO BIPOLAR  6FRX110X10 AI-06210,0,MEDICAMENTOS,1.0,362908.0,2.0
2022-04-30,705294,ELECTRODO BIPOLAR  6FRX110X10 AI-06210,1,MEDICAMENTOS,1.0,362908.0,2.0
2022-05-31,705294,ELECTRODO BIPOLAR  6FRX110X10 AI-06210,2,MEDICAMENTOS,1.0,362908.0,2.0
2022-06-30,705294,ELECTRODO BIPOLAR  6FRX110X10 AI-06210,0,MEDICAMENTOS,1.0,362908.0,2.0
2021-07-31,705297,PIRIDOXINA CÁPSULA 50MG (VITAMINA B6),98,MEDICAMENTOS,1.0,55.0,38.0
2021-08-31,705297,PIRIDOXINA CÁPSULA 50MG (VITAMINA B6),95,MEDICAMENTOS,1.0,55.0,38.0
2021-09-30,705297,PIRIDOXINA CÁPSULA 50MG (VITAMINA B6),30,MEDICAMENTOS,1.0,55.0,38.0
2021-10-31,705297,PIRIDOXINA CÁPSULA 50MG (VITAMINA B6),46,MEDICAMENTOS,1.0,55.0,38.0
2021-11-30,705297,PIRIDOXINA CÁPSULA 50MG (VITAMINA B6),41,MEDICAMENTOS,1.0,55.0,38.0
2021-12-31,705297,PIRIDOXINA CÁPSULA 50MG (VITAMINA B6),35,MEDICAMENTOS,1.0,55.0,38.0
2022-01-31,705297,PIRIDOXINA CÁPSULA 50MG (VITAMINA B6),102,MEDICAMENTOS,1.0,55.0,38.0
2022-02-28,705297,PIRIDOXINA CÁPSULA 50MG (VITAMINA B6),96,MEDICAMENTOS,1.0,55.0,38.0
2022-03-31,705297,PIRIDOXINA CÁPSULA 50MG (VITAMINA B6),94,MEDICAMENTOS,1.0,55.0,38.0
2022-04-30,705297,PIRIDOXINA CÁPSULA 50MG (VITAMINA B6),67,MEDICAMENTOS,1.0,55.0,38.0
2022-05-31,705297,PIRIDOXINA CÁPSULA 50MG (VITAMINA B6),117,MEDICAMENTOS,1.0,55.0,38.0
2022-06-30,705297,PIRIDOXINA CÁPSULA 50MG (VITAMINA B6),119,MEDICAMENTOS,1.0,55.0,38.0
2021-07-31,705353,FLUCONAZOL 50 MG/5ML SUSPENSION ,0,MEDICAMENTOS,1.0,7156.0,2.0
2021-08-31,705353,FLUCONAZOL 50 MG/5ML SUSPENSION ,3,MEDICAMENTOS,1.0,7156.0,2.0
2021-09-30,705353,FLUCONAZOL 50 MG/5ML SUSPENSION ,0,MEDICAMENTOS,1.0,7156.0,2.0
2021-10-31,705353,FLUCONAZOL 50 MG/5ML SUSPENSION ,3,MEDICAMENTOS,1.0,7156.0,2.0
2021-11-30,705353,FLUCONAZOL 50 MG/5ML SUSPENSION ,0,MEDICAMENTOS,1.0,7156.0,2.0
2021-12-31,705353,FLUCONAZOL 50 MG/5ML SUSPENSION ,0,MEDICAMENTOS,1.0,7156.0,2.0
2022-01-31,705353,FLUCONAZOL 50 MG/5ML SUSPENSION ,0,MEDICAMENTOS,1.0,7156.0,2.0
2022-02-28,705353,FLUCONAZOL 50 MG/5ML SUSPENSION ,0,MEDICAMENTOS,1.0,7156.0,2.0
2022-03-31,705353,FLUCONAZOL 50 MG/5ML SUSPENSION ,6,MEDICAMENTOS,1.0,7156.0,2.0
2022-04-30,705353,FLUCONAZOL 50 MG/5ML SUSPENSION ,2,MEDICAMENTOS,1.0,7156.0,2.0
2022-05-31,705353,FLUCONAZOL 50 MG/5ML SUSPENSION ,6,MEDICAMENTOS,1.0,7156.0,2.0
2022-06-30,705353,FLUCONAZOL 50 MG/5ML SUSPENSION ,1,MEDICAMENTOS,1.0,7156.0,2.0
2021-07-31,705431,CATETER SWAN GANZ 5L 831HF75P,1,DISPOSITIVOS MEDICO,1.0,209546.0,1.0
2021-08-31,705431,CATETER SWAN GANZ 5L 831HF75P,1,DISPOSITIVOS MEDICO,1.0,209546.0,1.0
2021-09-30,705431,CATETER SWAN GANZ 5L 831HF75P,0,DISPOSITIVOS MEDICO,1.0,209546.0,1.0
2021-10-31,705431,CATETER SWAN GANZ 5L 831HF75P,1,DISPOSITIVOS MEDICO,1.0,209546.0,1.0
2021-11-30,705431,CATETER SWAN GANZ 5L 831HF75P,2,DISPOSITIVOS MEDICO,1.0,209546.0,1.0
2021-12-31,705431,CATETER SWAN GANZ 5L 831HF75P,1,DISPOSITIVOS MEDICO,1.0,209546.0,1.0
2022-01-31,705431,CATETER SWAN GANZ 5L 831HF75P,0,DISPOSITIVOS MEDICO,1.0,209546.0,1.0
2022-02-28,705431,CATETER SWAN GANZ 5L 831HF75P,0,DISPOSITIVOS MEDICO,1.0,209546.0,1.0
2022-03-31,705431,CATETER SWAN GANZ 5L 831HF75P,1,DISPOSITIVOS MEDICO,1.0,209546.0,1.0
2022-04-30,705431,CATETER SWAN GANZ 5L 831HF75P,3,DISPOSITIVOS MEDICO,1.0,209546.0,1.0
2022-05-31,705431,CATETER SWAN GANZ 5L 831HF75P,1,DISPOSITIVOS MEDICO,1.0,209546.0,1.0
2022-06-30,705431,CATETER SWAN GANZ 5L 831HF75P,0,DISPOSITIVOS MEDICO,1.0,209546.0,1.0
2021-07-31,705488,PROPANOLOL TABLETA 40MG,64,MEDICAMENTOS,1.0,53.0,42.0
2021-08-31,705488,PROPANOLOL TABLETA 40MG,80,MEDICAMENTOS,1.0,53.0,42.0
2021-09-30,705488,PROPANOLOL TABLETA 40MG,148,MEDICAMENTOS,1.0,53.0,42.0
2021-10-31,705488,PROPANOLOL TABLETA 40MG,198,MEDICAMENTOS,1.0,53.0,42.0
2021-11-30,705488,PROPANOLOL TABLETA 40MG,257,MEDICAMENTOS,1.0,53.0,42.0
2021-12-31,705488,PROPANOLOL TABLETA 40MG,71,MEDICAMENTOS,1.0,53.0,42.0
2022-01-31,705488,PROPANOLOL TABLETA 40MG,88,MEDICAMENTOS,1.0,53.0,42.0
2022-02-28,705488,PROPANOLOL TABLETA 40MG,67,MEDICAMENTOS,1.0,53.0,42.0
2022-03-31,705488,PROPANOLOL TABLETA 40MG,141,MEDICAMENTOS,1.0,53.0,42.0
2022-04-30,705488,PROPANOLOL TABLETA 40MG,114,MEDICAMENTOS,1.0,53.0,42.0
2022-05-31,705488,PROPANOLOL TABLETA 40MG,85,MEDICAMENTOS,1.0,53.0,42.0
2022-06-30,705488,PROPANOLOL TABLETA 40MG,144,MEDICAMENTOS,1.0,53.0,42.0
2021-07-31,705498,MULTIVITAMINAS Y MINERALES CON LUTEINA TABLETA -,0,MEDICAMENTOS,1.0,,
2021-08-31,705498,MULTIVITAMINAS Y MINERALES CON LUTEINA TABLETA -,0,MEDICAMENTOS,1.0,,
2021-09-30,705498,MULTIVITAMINAS Y MINERALES CON LUTEINA TABLETA -,0,MEDICAMENTOS,1.0,,
2021-10-31,705498,MULTIVITAMINAS Y MINERALES CON LUTEINA TABLETA -,0,MEDICAMENTOS,1.0,,
2021-11-30,705498,MULTIVITAMINAS Y MINERALES CON LUTEINA TABLETA -,0,MEDICAMENTOS,1.0,,
2021-12-31,705498,MULTIVITAMINAS Y MINERALES CON LUTEINA TABLETA -,0,MEDICAMENTOS,1.0,,
2022-01-31,705498,MULTIVITAMINAS Y MINERALES CON LUTEINA TABLETA -,0,MEDICAMENTOS,1.0,,
2022-02-28,705498,MULTIVITAMINAS Y MINERALES CON LUTEINA TABLETA -,0,MEDICAMENTOS,1.0,,
2022-03-31,705498,MULTIVITAMINAS Y MINERALES CON LUTEINA TABLETA -,0,MEDICAMENTOS,1.0,,
2022-04-30,705498,MULTIVITAMINAS Y MINERALES CON LUTEINA TABLETA -,30,MEDICAMENTOS,1.0,,
2022-05-31,705498,MULTIVITAMINAS Y MINERALES CON LUTEINA TABLETA -,0,MEDICAMENTOS,1.0,,
2022-06-30,705498,MULTIVITAMINAS Y MINERALES CON LUTEINA TABLETA -,0,MEDICAMENTOS,1.0,,
2021-07-31,705505,GASA ESTERIL 7.5 X 7.5 ,10,DISPOSITIVOS MEDICO,1.0,211.0,48.0
2021-08-31,705505,GASA ESTERIL 7.5 X 7.5 ,52,DISPOSITIVOS MEDICO,1.0,211.0,48.0
2021-09-30,705505,GASA ESTERIL 7.5 X 7.5 ,61,DISPOSITIVOS MEDICO,1.0,211.0,48.0
2021-10-31,705505,GASA ESTERIL 7.5 X 7.5 ,76,DISPOSITIVOS MEDICO,1.0,211.0,48.0
2021-11-30,705505,GASA ESTERIL 7.5 X 7.5 ,57,DISPOSITIVOS MEDICO,1.0,211.0,48.0
2021-12-31,705505,GASA ESTERIL 7.5 X 7.5 ,28,DISPOSITIVOS MEDICO,1.0,211.0,48.0
2022-01-31,705505,GASA ESTERIL 7.5 X 7.5 ,102,DISPOSITIVOS MEDICO,1.0,211.0,48.0
2022-02-28,705505,GASA ESTERIL 7.5 X 7.5 ,69,DISPOSITIVOS MEDICO,1.0,211.0,48.0
2022-03-31,705505,GASA ESTERIL 7.5 X 7.5 ,74,DISPOSITIVOS MEDICO,1.0,211.0,48.0
2022-04-30,705505,GASA ESTERIL 7.5 X 7.5 ,0,DISPOSITIVOS MEDICO,1.0,211.0,48.0
2022-05-31,705505,GASA ESTERIL 7.5 X 7.5 ,0,DISPOSITIVOS MEDICO,1.0,211.0,48.0
2022-06-30,705505,GASA ESTERIL 7.5 X 7.5 ,0,DISPOSITIVOS MEDICO,1.0,211.0,48.0
2021-07-31,705561,PREGABALINA CAPSULA 25MG,0,MEDICAMENTOS,1.0,474.0,30.0
2021-08-31,705561,PREGABALINA CAPSULA 25MG,6,MEDICAMENTOS,1.0,474.0,30.0
2021-09-30,705561,PREGABALINA CAPSULA 25MG,0,MEDICAMENTOS,1.0,474.0,30.0
2021-10-31,705561,PREGABALINA CAPSULA 25MG,0,MEDICAMENTOS,1.0,474.0,30.0
2021-11-30,705561,PREGABALINA CAPSULA 25MG,24,MEDICAMENTOS,1.0,474.0,30.0
2021-12-31,705561,PREGABALINA CAPSULA 25MG,0,MEDICAMENTOS,1.0,474.0,30.0
2022-01-31,705561,PREGABALINA CAPSULA 25MG,0,MEDICAMENTOS,1.0,474.0,30.0
2022-02-28,705561,PREGABALINA CAPSULA 25MG,0,MEDICAMENTOS,1.0,474.0,30.0
2022-03-31,705561,PREGABALINA CAPSULA 25MG,0,MEDICAMENTOS,1.0,474.0,30.0
2022-04-30,705561,PREGABALINA CAPSULA 25MG,0,MEDICAMENTOS,1.0,474.0,30.0
2022-05-31,705561,PREGABALINA CAPSULA 25MG,0,MEDICAMENTOS,1.0,474.0,30.0
2022-06-30,705561,PREGABALINA CAPSULA 25MG,0,MEDICAMENTOS,1.0,474.0,30.0
2021-07-31,705570,AMBRISENTAN 10 MG TABLETA,0,MEDICAMENTOS,1.0,270675.0,12.0
2021-08-31,705570,AMBRISENTAN 10 MG TABLETA,0,MEDICAMENTOS,1.0,270675.0,12.0
2021-09-30,705570,AMBRISENTAN 10 MG TABLETA,1,MEDICAMENTOS,1.0,270675.0,12.0
2021-10-31,705570,AMBRISENTAN 10 MG TABLETA,0,MEDICAMENTOS,1.0,270675.0,12.0
2021-11-30,705570,AMBRISENTAN 10 MG TABLETA,0,MEDICAMENTOS,1.0,270675.0,12.0
2021-12-31,705570,AMBRISENTAN 10 MG TABLETA,0,MEDICAMENTOS,1.0,270675.0,12.0
2022-01-31,705570,AMBRISENTAN 10 MG TABLETA,0,MEDICAMENTOS,1.0,270675.0,12.0
2022-02-28,705570,AMBRISENTAN 10 MG TABLETA,0,MEDICAMENTOS,1.0,270675.0,12.0
2022-03-31,705570,AMBRISENTAN 10 MG TABLETA,0,MEDICAMENTOS,1.0,270675.0,12.0
2022-04-30,705570,AMBRISENTAN 10 MG TABLETA,0,MEDICAMENTOS,1.0,270675.0,12.0
2022-05-31,705570,AMBRISENTAN 10 MG TABLETA,0,MEDICAMENTOS,1.0,270675.0,12.0
2022-06-30,705570,AMBRISENTAN 10 MG TABLETA,17,MEDICAMENTOS,1.0,270675.0,12.0
2021-07-31,705579,COLAGENASA UNGUENTO 40 G ,6,MEDICAMENTOS,1.0,,
2021-08-31,705579,COLAGENASA UNGUENTO 40 G ,2,MEDICAMENTOS,1.0,,
2021-09-30,705579,COLAGENASA UNGUENTO 40 G ,0,MEDICAMENTOS,1.0,,
2021-10-31,705579,COLAGENASA UNGUENTO 40 G ,0,MEDICAMENTOS,1.0,,
2021-11-30,705579,COLAGENASA UNGUENTO 40 G ,0,MEDICAMENTOS,1.0,,
2021-12-31,705579,COLAGENASA UNGUENTO 40 G ,0,MEDICAMENTOS,1.0,,
2022-01-31,705579,COLAGENASA UNGUENTO 40 G ,0,MEDICAMENTOS,1.0,,
2022-02-28,705579,COLAGENASA UNGUENTO 40 G ,0,MEDICAMENTOS,1.0,,
2022-03-31,705579,COLAGENASA UNGUENTO 40 G ,0,MEDICAMENTOS,1.0,,
2022-04-30,705579,COLAGENASA UNGUENTO 40 G ,0,MEDICAMENTOS,1.0,,
2022-05-31,705579,COLAGENASA UNGUENTO 40 G ,0,MEDICAMENTOS,1.0,,
2022-06-30,705579,COLAGENASA UNGUENTO 40 G ,0,MEDICAMENTOS,1.0,,
2021-07-31,705632,SALBUTAMOL SUSP. PARA INHALACIÓN 100MCG//1PUFF/200PUFF,34,MEDICAMENTOS,1.0,2815.0,17.0
2021-08-31,705632,SALBUTAMOL SUSP. PARA INHALACIÓN 100MCG//1PUFF/200PUFF,16,MEDICAMENTOS,1.0,2815.0,17.0
2021-09-30,705632,SALBUTAMOL SUSP. PARA INHALACIÓN 100MCG//1PUFF/200PUFF,32,MEDICAMENTOS,1.0,2815.0,17.0
2021-10-31,705632,SALBUTAMOL SUSP. PARA INHALACIÓN 100MCG//1PUFF/200PUFF,43,MEDICAMENTOS,1.0,2815.0,17.0
2021-11-30,705632,SALBUTAMOL SUSP. PARA INHALACIÓN 100MCG//1PUFF/200PUFF,39,MEDICAMENTOS,1.0,2815.0,17.0
2021-12-31,705632,SALBUTAMOL SUSP. PARA INHALACIÓN 100MCG//1PUFF/200PUFF,36,MEDICAMENTOS,1.0,2815.0,17.0
2022-01-31,705632,SALBUTAMOL SUSP. PARA INHALACIÓN 100MCG//1PUFF/200PUFF,48,MEDICAMENTOS,1.0,2815.0,17.0
2022-02-28,705632,SALBUTAMOL SUSP. PARA INHALACIÓN 100MCG//1PUFF/200PUFF,32,MEDICAMENTOS,1.0,2815.0,17.0
2022-03-31,705632,SALBUTAMOL SUSP. PARA INHALACIÓN 100MCG//1PUFF/200PUFF,36,MEDICAMENTOS,1.0,2815.0,17.0
2022-04-30,705632,SALBUTAMOL SUSP. PARA INHALACIÓN 100MCG//1PUFF/200PUFF,28,MEDICAMENTOS,1.0,2815.0,17.0
2022-05-31,705632,SALBUTAMOL SUSP. PARA INHALACIÓN 100MCG//1PUFF/200PUFF,14,MEDICAMENTOS,1.0,2815.0,17.0
2022-06-30,705632,SALBUTAMOL SUSP. PARA INHALACIÓN 100MCG//1PUFF/200PUFF,16,MEDICAMENTOS,1.0,2815.0,17.0
2021-07-31,705740,MOXIFLOXACINO SOLUCION INFUSION FCO. 400 MG/250 ML  (AVELOX ),8,MEDICAMENTOS,1.0,113739.0,3.0
2021-08-31,705740,MOXIFLOXACINO SOLUCION INFUSION FCO. 400 MG/250 ML  (AVELOX ),0,MEDICAMENTOS,1.0,113739.0,3.0
2021-09-30,705740,MOXIFLOXACINO SOLUCION INFUSION FCO. 400 MG/250 ML  (AVELOX ),0,MEDICAMENTOS,1.0,113739.0,3.0
2021-10-31,705740,MOXIFLOXACINO SOLUCION INFUSION FCO. 400 MG/250 ML  (AVELOX ),0,MEDICAMENTOS,1.0,113739.0,3.0
2021-11-30,705740,MOXIFLOXACINO SOLUCION INFUSION FCO. 400 MG/250 ML  (AVELOX ),0,MEDICAMENTOS,1.0,113739.0,3.0
2021-12-31,705740,MOXIFLOXACINO SOLUCION INFUSION FCO. 400 MG/250 ML  (AVELOX ),0,MEDICAMENTOS,1.0,113739.0,3.0
2022-01-31,705740,MOXIFLOXACINO SOLUCION INFUSION FCO. 400 MG/250 ML  (AVELOX ),0,MEDICAMENTOS,1.0,113739.0,3.0
2022-02-28,705740,MOXIFLOXACINO SOLUCION INFUSION FCO. 400 MG/250 ML  (AVELOX ),0,MEDICAMENTOS,1.0,113739.0,3.0
2022-03-31,705740,MOXIFLOXACINO SOLUCION INFUSION FCO. 400 MG/250 ML  (AVELOX ),0,MEDICAMENTOS,1.0,113739.0,3.0
2022-04-30,705740,MOXIFLOXACINO SOLUCION INFUSION FCO. 400 MG/250 ML  (AVELOX ),0,MEDICAMENTOS,1.0,113739.0,3.0
2022-05-31,705740,MOXIFLOXACINO SOLUCION INFUSION FCO. 400 MG/250 ML  (AVELOX ),0,MEDICAMENTOS,1.0,113739.0,3.0
2022-06-30,705740,MOXIFLOXACINO SOLUCION INFUSION FCO. 400 MG/250 ML  (AVELOX ),0,MEDICAMENTOS,1.0,113739.0,3.0
2021-07-31,705846,MEDROXIPROGESTERONA TABLETA 5MG,1,MEDICAMENTOS,1.0,295.0,19.0
2021-08-31,705846,MEDROXIPROGESTERONA TABLETA 5MG,14,MEDICAMENTOS,1.0,295.0,19.0
2021-09-30,705846,MEDROXIPROGESTERONA TABLETA 5MG,2,MEDICAMENTOS,1.0,295.0,19.0
2021-10-31,705846,MEDROXIPROGESTERONA TABLETA 5MG,0,MEDICAMENTOS,1.0,295.0,19.0
2021-11-30,705846,MEDROXIPROGESTERONA TABLETA 5MG,0,MEDICAMENTOS,1.0,295.0,19.0
2021-12-31,705846,MEDROXIPROGESTERONA TABLETA 5MG,0,MEDICAMENTOS,1.0,295.0,19.0
2022-01-31,705846,MEDROXIPROGESTERONA TABLETA 5MG,0,MEDICAMENTOS,1.0,295.0,19.0
2022-02-28,705846,MEDROXIPROGESTERONA TABLETA 5MG,0,MEDICAMENTOS,1.0,295.0,19.0
2022-03-31,705846,MEDROXIPROGESTERONA TABLETA 5MG,1,MEDICAMENTOS,1.0,295.0,19.0
2022-04-30,705846,MEDROXIPROGESTERONA TABLETA 5MG,1,MEDICAMENTOS,1.0,295.0,19.0
2022-05-31,705846,MEDROXIPROGESTERONA TABLETA 5MG,0,MEDICAMENTOS,1.0,295.0,19.0
2022-06-30,705846,MEDROXIPROGESTERONA TABLETA 5MG,0,MEDICAMENTOS,1.0,295.0,19.0
2021-07-31,705888,IOBAN REF/6650    ,0,DISPOSITIVOS MEDICO,1.0,0.0,0.0
2021-08-31,705888,IOBAN REF/6650    ,1,DISPOSITIVOS MEDICO,1.0,0.0,0.0
2021-09-30,705888,IOBAN REF/6650    ,0,DISPOSITIVOS MEDICO,1.0,0.0,0.0
2021-10-31,705888,IOBAN REF/6650    ,0,DISPOSITIVOS MEDICO,1.0,0.0,0.0
2021-11-30,705888,IOBAN REF/6650    ,0,DISPOSITIVOS MEDICO,1.0,0.0,0.0
2021-12-31,705888,IOBAN REF/6650    ,1,DISPOSITIVOS MEDICO,1.0,0.0,0.0
2022-01-31,705888,IOBAN REF/6650    ,0,DISPOSITIVOS MEDICO,1.0,0.0,0.0
2022-02-28,705888,IOBAN REF/6650    ,0,DISPOSITIVOS MEDICO,1.0,0.0,0.0
2022-03-31,705888,IOBAN REF/6650    ,0,DISPOSITIVOS MEDICO,1.0,0.0,0.0
2022-04-30,705888,IOBAN REF/6650    ,0,DISPOSITIVOS MEDICO,1.0,0.0,0.0
2022-05-31,705888,IOBAN REF/6650    ,2,DISPOSITIVOS MEDICO,1.0,0.0,0.0
2022-06-30,705888,IOBAN REF/6650    ,0,DISPOSITIVOS MEDICO,1.0,0.0,0.0
2021-07-31,705891,PARCHE OCULAR AD,0,DISPOSITIVOS MEDICO,1.0,0.0,0.0
2021-08-31,705891,PARCHE OCULAR AD,0,DISPOSITIVOS MEDICO,1.0,0.0,0.0
2021-09-30,705891,PARCHE OCULAR AD,0,DISPOSITIVOS MEDICO,1.0,0.0,0.0
2021-10-31,705891,PARCHE OCULAR AD,0,DISPOSITIVOS MEDICO,1.0,0.0,0.0
2021-11-30,705891,PARCHE OCULAR AD,0,DISPOSITIVOS MEDICO,1.0,0.0,0.0
2021-12-31,705891,PARCHE OCULAR AD,0,DISPOSITIVOS MEDICO,1.0,0.0,0.0
2022-01-31,705891,PARCHE OCULAR AD,0,DISPOSITIVOS MEDICO,1.0,0.0,0.0
2022-02-28,705891,PARCHE OCULAR AD,0,DISPOSITIVOS MEDICO,1.0,0.0,0.0
2022-03-31,705891,PARCHE OCULAR AD,0,DISPOSITIVOS MEDICO,1.0,0.0,0.0
2022-04-30,705891,PARCHE OCULAR AD,0,DISPOSITIVOS MEDICO,1.0,0.0,0.0
2022-05-31,705891,PARCHE OCULAR AD,1,DISPOSITIVOS MEDICO,1.0,0.0,0.0
2022-06-30,705891,PARCHE OCULAR AD,0,DISPOSITIVOS MEDICO,1.0,0.0,0.0
2021-07-31,705958,MEMANTINA TABLETA 10MG,0,MEDICAMENTOS,1.0,0.0,0.0
2021-08-31,705958,MEMANTINA TABLETA 10MG,0,MEDICAMENTOS,1.0,0.0,0.0
2021-09-30,705958,MEMANTINA TABLETA 10MG,0,MEDICAMENTOS,1.0,0.0,0.0
2021-10-31,705958,MEMANTINA TABLETA 10MG,2,MEDICAMENTOS,1.0,0.0,0.0
2021-11-30,705958,MEMANTINA TABLETA 10MG,0,MEDICAMENTOS,1.0,0.0,0.0
2021-12-31,705958,MEMANTINA TABLETA 10MG,0,MEDICAMENTOS,1.0,0.0,0.0
2022-01-31,705958,MEMANTINA TABLETA 10MG,9,MEDICAMENTOS,1.0,0.0,0.0
2022-02-28,705958,MEMANTINA TABLETA 10MG,0,MEDICAMENTOS,1.0,0.0,0.0
2022-03-31,705958,MEMANTINA TABLETA 10MG,0,MEDICAMENTOS,1.0,0.0,0.0
2022-04-30,705958,MEMANTINA TABLETA 10MG,0,MEDICAMENTOS,1.0,0.0,0.0
2022-05-31,705958,MEMANTINA TABLETA 10MG,0,MEDICAMENTOS,1.0,0.0,0.0
2022-06-30,705958,MEMANTINA TABLETA 10MG,0,MEDICAMENTOS,1.0,0.0,0.0
2021-07-31,705961,MESALAZINA TABLETA 500MG,12,MEDICAMENTOS,1.0,218.0,33.0
2021-08-31,705961,MESALAZINA TABLETA 500MG,0,MEDICAMENTOS,1.0,218.0,33.0
2021-09-30,705961,MESALAZINA TABLETA 500MG,0,MEDICAMENTOS,1.0,218.0,33.0
2021-10-31,705961,MESALAZINA TABLETA 500MG,0,MEDICAMENTOS,1.0,218.0,33.0
2021-11-30,705961,MESALAZINA TABLETA 500MG,54,MEDICAMENTOS,1.0,218.0,33.0
2021-12-31,705961,MESALAZINA TABLETA 500MG,31,MEDICAMENTOS,1.0,218.0,33.0
2022-01-31,705961,MESALAZINA TABLETA 500MG,0,MEDICAMENTOS,1.0,218.0,33.0
2022-02-28,705961,MESALAZINA TABLETA 500MG,46,MEDICAMENTOS,1.0,218.0,33.0
2022-03-31,705961,MESALAZINA TABLETA 500MG,0,MEDICAMENTOS,1.0,218.0,33.0
2022-04-30,705961,MESALAZINA TABLETA 500MG,8,MEDICAMENTOS,1.0,218.0,33.0
2022-05-31,705961,MESALAZINA TABLETA 500MG,0,MEDICAMENTOS,1.0,218.0,33.0
2022-06-30,705961,MESALAZINA TABLETA 500MG,18,MEDICAMENTOS,1.0,218.0,33.0
2021-07-31,706053,ALTEPLASA 50 MG POLVO LIOFILIZADO 50MG,2,MEDICAMENTOS,1.0,1358084.0,2.0
2021-08-31,706053,ALTEPLASA 50 MG POLVO LIOFILIZADO 50MG,0,MEDICAMENTOS,1.0,1358084.0,2.0
2021-09-30,706053,ALTEPLASA 50 MG POLVO LIOFILIZADO 50MG,0,MEDICAMENTOS,1.0,1358084.0,2.0
2021-10-31,706053,ALTEPLASA 50 MG POLVO LIOFILIZADO 50MG,2,MEDICAMENTOS,1.0,1358084.0,2.0
2021-11-30,706053,ALTEPLASA 50 MG POLVO LIOFILIZADO 50MG,0,MEDICAMENTOS,1.0,1358084.0,2.0
2021-12-31,706053,ALTEPLASA 50 MG POLVO LIOFILIZADO 50MG,0,MEDICAMENTOS,1.0,1358084.0,2.0
2022-01-31,706053,ALTEPLASA 50 MG POLVO LIOFILIZADO 50MG,0,MEDICAMENTOS,1.0,1358084.0,2.0
2022-02-28,706053,ALTEPLASA 50 MG POLVO LIOFILIZADO 50MG,0,MEDICAMENTOS,1.0,1358084.0,2.0
2022-03-31,706053,ALTEPLASA 50 MG POLVO LIOFILIZADO 50MG,2,MEDICAMENTOS,1.0,1358084.0,2.0
2022-04-30,706053,ALTEPLASA 50 MG POLVO LIOFILIZADO 50MG,0,MEDICAMENTOS,1.0,1358084.0,2.0
2022-05-31,706053,ALTEPLASA 50 MG POLVO LIOFILIZADO 50MG,2,MEDICAMENTOS,1.0,1358084.0,2.0
2022-06-30,706053,ALTEPLASA 50 MG POLVO LIOFILIZADO 50MG,0,MEDICAMENTOS,1.0,1358084.0,2.0
2021-07-31,706122,"FONDAPARINA 2,5MG/0,5ML SOL. INYECTABLE ",0,MEDICAMENTOS,1.0,0.0,0.0
2021-08-31,706122,"FONDAPARINA 2,5MG/0,5ML SOL. INYECTABLE ",26,MEDICAMENTOS,1.0,0.0,0.0
2021-09-30,706122,"FONDAPARINA 2,5MG/0,5ML SOL. INYECTABLE ",2,MEDICAMENTOS,1.0,0.0,0.0
2021-10-31,706122,"FONDAPARINA 2,5MG/0,5ML SOL. INYECTABLE ",0,MEDICAMENTOS,1.0,0.0,0.0
2021-11-30,706122,"FONDAPARINA 2,5MG/0,5ML SOL. INYECTABLE ",0,MEDICAMENTOS,1.0,0.0,0.0
2021-12-31,706122,"FONDAPARINA 2,5MG/0,5ML SOL. INYECTABLE ",0,MEDICAMENTOS,1.0,0.0,0.0
2022-01-31,706122,"FONDAPARINA 2,5MG/0,5ML SOL. INYECTABLE ",8,MEDICAMENTOS,1.0,0.0,0.0
2022-02-28,706122,"FONDAPARINA 2,5MG/0,5ML SOL. INYECTABLE ",0,MEDICAMENTOS,1.0,0.0,0.0
2022-03-31,706122,"FONDAPARINA 2,5MG/0,5ML SOL. INYECTABLE ",0,MEDICAMENTOS,1.0,0.0,0.0
2022-04-30,706122,"FONDAPARINA 2,5MG/0,5ML SOL. INYECTABLE ",0,MEDICAMENTOS,1.0,0.0,0.0
2022-05-31,706122,"FONDAPARINA 2,5MG/0,5ML SOL. INYECTABLE ",0,MEDICAMENTOS,1.0,0.0,0.0
2022-06-30,706122,"FONDAPARINA 2,5MG/0,5ML SOL. INYECTABLE ",0,MEDICAMENTOS,1.0,0.0,0.0
2021-07-31,706123,CATETER GASTROSTOMIA FLOW-20PUSH/ COOK,10,DISPOSITIVOS MEDICO,1.0,531938.0,4.0
2021-08-31,706123,CATETER GASTROSTOMIA FLOW-20PUSH/ COOK,9,DISPOSITIVOS MEDICO,1.0,531938.0,4.0
2021-09-30,706123,CATETER GASTROSTOMIA FLOW-20PUSH/ COOK,10,DISPOSITIVOS MEDICO,1.0,531938.0,4.0
2021-10-31,706123,CATETER GASTROSTOMIA FLOW-20PUSH/ COOK,4,DISPOSITIVOS MEDICO,1.0,531938.0,4.0
2021-11-30,706123,CATETER GASTROSTOMIA FLOW-20PUSH/ COOK,9,DISPOSITIVOS MEDICO,1.0,531938.0,4.0
2021-12-31,706123,CATETER GASTROSTOMIA FLOW-20PUSH/ COOK,11,DISPOSITIVOS MEDICO,1.0,531938.0,4.0
2022-01-31,706123,CATETER GASTROSTOMIA FLOW-20PUSH/ COOK,14,DISPOSITIVOS MEDICO,1.0,531938.0,4.0
2022-02-28,706123,CATETER GASTROSTOMIA FLOW-20PUSH/ COOK,10,DISPOSITIVOS MEDICO,1.0,531938.0,4.0
2022-03-31,706123,CATETER GASTROSTOMIA FLOW-20PUSH/ COOK,6,DISPOSITIVOS MEDICO,1.0,531938.0,4.0
2022-04-30,706123,CATETER GASTROSTOMIA FLOW-20PUSH/ COOK,11,DISPOSITIVOS MEDICO,1.0,531938.0,4.0
2022-05-31,706123,CATETER GASTROSTOMIA FLOW-20PUSH/ COOK,5,DISPOSITIVOS MEDICO,1.0,531938.0,4.0
2022-06-30,706123,CATETER GASTROSTOMIA FLOW-20PUSH/ COOK,12,DISPOSITIVOS MEDICO,1.0,531938.0,4.0
2021-07-31,706175,CATETER YUGULAR CURVO (MAHURKAR CURVO) 5FR,4,DISPOSITIVOS MEDICO,1.0,213451.0,8.0
2021-08-31,706175,CATETER YUGULAR CURVO (MAHURKAR CURVO) 5FR,7,DISPOSITIVOS MEDICO,1.0,213451.0,8.0
2021-09-30,706175,CATETER YUGULAR CURVO (MAHURKAR CURVO) 5FR,3,DISPOSITIVOS MEDICO,1.0,213451.0,8.0
2021-10-31,706175,CATETER YUGULAR CURVO (MAHURKAR CURVO) 5FR,5,DISPOSITIVOS MEDICO,1.0,213451.0,8.0
2021-11-30,706175,CATETER YUGULAR CURVO (MAHURKAR CURVO) 5FR,11,DISPOSITIVOS MEDICO,1.0,213451.0,8.0
2021-12-31,706175,CATETER YUGULAR CURVO (MAHURKAR CURVO) 5FR,9,DISPOSITIVOS MEDICO,1.0,213451.0,8.0
2022-01-31,706175,CATETER YUGULAR CURVO (MAHURKAR CURVO) 5FR,15,DISPOSITIVOS MEDICO,1.0,213451.0,8.0
2022-02-28,706175,CATETER YUGULAR CURVO (MAHURKAR CURVO) 5FR,8,DISPOSITIVOS MEDICO,1.0,213451.0,8.0
2022-03-31,706175,CATETER YUGULAR CURVO (MAHURKAR CURVO) 5FR,17,DISPOSITIVOS MEDICO,1.0,213451.0,8.0
2022-04-30,706175,CATETER YUGULAR CURVO (MAHURKAR CURVO) 5FR,9,DISPOSITIVOS MEDICO,1.0,213451.0,8.0
2022-05-31,706175,CATETER YUGULAR CURVO (MAHURKAR CURVO) 5FR,15,DISPOSITIVOS MEDICO,1.0,213451.0,8.0
2022-06-30,706175,CATETER YUGULAR CURVO (MAHURKAR CURVO) 5FR,14,DISPOSITIVOS MEDICO,1.0,213451.0,8.0
2021-07-31,706196,"BUDESONIDA/FORMOTEROL POLVO PARA INHALACIÓN 160MCG/4,5MCG/1PUFF x 120PUFF",3,MEDICAMENTOS,1.0,101171.0,3.0
2021-08-31,706196,"BUDESONIDA/FORMOTEROL POLVO PARA INHALACIÓN 160MCG/4,5MCG/1PUFF x 120PUFF",0,MEDICAMENTOS,1.0,101171.0,3.0
2021-09-30,706196,"BUDESONIDA/FORMOTEROL POLVO PARA INHALACIÓN 160MCG/4,5MCG/1PUFF x 120PUFF",0,MEDICAMENTOS,1.0,101171.0,3.0
2021-10-31,706196,"BUDESONIDA/FORMOTEROL POLVO PARA INHALACIÓN 160MCG/4,5MCG/1PUFF x 120PUFF",0,MEDICAMENTOS,1.0,101171.0,3.0
2021-11-30,706196,"BUDESONIDA/FORMOTEROL POLVO PARA INHALACIÓN 160MCG/4,5MCG/1PUFF x 120PUFF",0,MEDICAMENTOS,1.0,101171.0,3.0
2021-12-31,706196,"BUDESONIDA/FORMOTEROL POLVO PARA INHALACIÓN 160MCG/4,5MCG/1PUFF x 120PUFF",1,MEDICAMENTOS,1.0,101171.0,3.0
2022-01-31,706196,"BUDESONIDA/FORMOTEROL POLVO PARA INHALACIÓN 160MCG/4,5MCG/1PUFF x 120PUFF",0,MEDICAMENTOS,1.0,101171.0,3.0
2022-02-28,706196,"BUDESONIDA/FORMOTEROL POLVO PARA INHALACIÓN 160MCG/4,5MCG/1PUFF x 120PUFF",1,MEDICAMENTOS,1.0,101171.0,3.0
2022-03-31,706196,"BUDESONIDA/FORMOTEROL POLVO PARA INHALACIÓN 160MCG/4,5MCG/1PUFF x 120PUFF",1,MEDICAMENTOS,1.0,101171.0,3.0
2022-04-30,706196,"BUDESONIDA/FORMOTEROL POLVO PARA INHALACIÓN 160MCG/4,5MCG/1PUFF x 120PUFF",1,MEDICAMENTOS,1.0,101171.0,3.0
2022-05-31,706196,"BUDESONIDA/FORMOTEROL POLVO PARA INHALACIÓN 160MCG/4,5MCG/1PUFF x 120PUFF",0,MEDICAMENTOS,1.0,101171.0,3.0
2022-06-30,706196,"BUDESONIDA/FORMOTEROL POLVO PARA INHALACIÓN 160MCG/4,5MCG/1PUFF x 120PUFF",0,MEDICAMENTOS,1.0,101171.0,3.0
2021-07-31,706261,GELATINA FLUIDA MODIFICADA EN SOLUCIÓN IÓNICA SOLUCIÓN INYECTABLE 20G/500ML,0,MEDICAMENTOS,1.0,27722.0,1.0
2021-08-31,706261,GELATINA FLUIDA MODIFICADA EN SOLUCIÓN IÓNICA SOLUCIÓN INYECTABLE 20G/500ML,0,MEDICAMENTOS,1.0,27722.0,1.0
2021-09-30,706261,GELATINA FLUIDA MODIFICADA EN SOLUCIÓN IÓNICA SOLUCIÓN INYECTABLE 20G/500ML,0,MEDICAMENTOS,1.0,27722.0,1.0
2021-10-31,706261,GELATINA FLUIDA MODIFICADA EN SOLUCIÓN IÓNICA SOLUCIÓN INYECTABLE 20G/500ML,2,MEDICAMENTOS,1.0,27722.0,1.0
2021-11-30,706261,GELATINA FLUIDA MODIFICADA EN SOLUCIÓN IÓNICA SOLUCIÓN INYECTABLE 20G/500ML,0,MEDICAMENTOS,1.0,27722.0,1.0
2021-12-31,706261,GELATINA FLUIDA MODIFICADA EN SOLUCIÓN IÓNICA SOLUCIÓN INYECTABLE 20G/500ML,0,MEDICAMENTOS,1.0,27722.0,1.0
2022-01-31,706261,GELATINA FLUIDA MODIFICADA EN SOLUCIÓN IÓNICA SOLUCIÓN INYECTABLE 20G/500ML,0,MEDICAMENTOS,1.0,27722.0,1.0
2022-02-28,706261,GELATINA FLUIDA MODIFICADA EN SOLUCIÓN IÓNICA SOLUCIÓN INYECTABLE 20G/500ML,0,MEDICAMENTOS,1.0,27722.0,1.0
2022-03-31,706261,GELATINA FLUIDA MODIFICADA EN SOLUCIÓN IÓNICA SOLUCIÓN INYECTABLE 20G/500ML,0,MEDICAMENTOS,1.0,27722.0,1.0
2022-04-30,706261,GELATINA FLUIDA MODIFICADA EN SOLUCIÓN IÓNICA SOLUCIÓN INYECTABLE 20G/500ML,0,MEDICAMENTOS,1.0,27722.0,1.0
2022-05-31,706261,GELATINA FLUIDA MODIFICADA EN SOLUCIÓN IÓNICA SOLUCIÓN INYECTABLE 20G/500ML,0,MEDICAMENTOS,1.0,27722.0,1.0
2022-06-30,706261,GELATINA FLUIDA MODIFICADA EN SOLUCIÓN IÓNICA SOLUCIÓN INYECTABLE 20G/500ML,0,MEDICAMENTOS,1.0,27722.0,1.0
2021-07-31,706577,APLICADOR NITRATO DE PLATA,0,DISPOSITIVOS MEDICO,1.0,2509.0,3.0
2021-08-31,706577,APLICADOR NITRATO DE PLATA,0,DISPOSITIVOS MEDICO,1.0,2509.0,3.0
2021-09-30,706577,APLICADOR NITRATO DE PLATA,0,DISPOSITIVOS MEDICO,1.0,2509.0,3.0
2021-10-31,706577,APLICADOR NITRATO DE PLATA,0,DISPOSITIVOS MEDICO,1.0,2509.0,3.0
2021-11-30,706577,APLICADOR NITRATO DE PLATA,0,DISPOSITIVOS MEDICO,1.0,2509.0,3.0
2021-12-31,706577,APLICADOR NITRATO DE PLATA,0,DISPOSITIVOS MEDICO,1.0,2509.0,3.0
2022-01-31,706577,APLICADOR NITRATO DE PLATA,2,DISPOSITIVOS MEDICO,1.0,2509.0,3.0
2022-02-28,706577,APLICADOR NITRATO DE PLATA,0,DISPOSITIVOS MEDICO,1.0,2509.0,3.0
2022-03-31,706577,APLICADOR NITRATO DE PLATA,0,DISPOSITIVOS MEDICO,1.0,2509.0,3.0
2022-04-30,706577,APLICADOR NITRATO DE PLATA,0,DISPOSITIVOS MEDICO,1.0,2509.0,3.0
2022-05-31,706577,APLICADOR NITRATO DE PLATA,0,DISPOSITIVOS MEDICO,1.0,2509.0,3.0
2022-06-30,706577,APLICADOR NITRATO DE PLATA,0,DISPOSITIVOS MEDICO,1.0,2509.0,3.0
2021-07-31,706670,ACICLOVIR TABLETA 800MG,22,MEDICAMENTOS,1.0,145.0,20.0
2021-08-31,706670,ACICLOVIR TABLETA 800MG,13,MEDICAMENTOS,1.0,145.0,20.0
2021-09-30,706670,ACICLOVIR TABLETA 800MG,73,MEDICAMENTOS,1.0,145.0,20.0
2021-10-31,706670,ACICLOVIR TABLETA 800MG,0,MEDICAMENTOS,1.0,145.0,20.0
2021-11-30,706670,ACICLOVIR TABLETA 800MG,37,MEDICAMENTOS,1.0,145.0,20.0
2021-12-31,706670,ACICLOVIR TABLETA 800MG,1,MEDICAMENTOS,1.0,145.0,20.0
2022-01-31,706670,ACICLOVIR TABLETA 800MG,0,MEDICAMENTOS,1.0,145.0,20.0
2022-02-28,706670,ACICLOVIR TABLETA 800MG,0,MEDICAMENTOS,1.0,145.0,20.0
2022-03-31,706670,ACICLOVIR TABLETA 800MG,0,MEDICAMENTOS,1.0,145.0,20.0
2022-04-30,706670,ACICLOVIR TABLETA 800MG,189,MEDICAMENTOS,1.0,145.0,20.0
2022-05-31,706670,ACICLOVIR TABLETA 800MG,16,MEDICAMENTOS,1.0,145.0,20.0
2022-06-30,706670,ACICLOVIR TABLETA 800MG,6,MEDICAMENTOS,1.0,145.0,20.0
2021-07-31,706682,QUETIAPINA TABLETA 100MG,0,MEDICAMENTOS,1.0,114.0,30.0
2021-08-31,706682,QUETIAPINA TABLETA 100MG,24,MEDICAMENTOS,1.0,114.0,30.0
2021-09-30,706682,QUETIAPINA TABLETA 100MG,21,MEDICAMENTOS,1.0,114.0,30.0
2021-10-31,706682,QUETIAPINA TABLETA 100MG,16,MEDICAMENTOS,1.0,114.0,30.0
2021-11-30,706682,QUETIAPINA TABLETA 100MG,10,MEDICAMENTOS,1.0,114.0,30.0
2021-12-31,706682,QUETIAPINA TABLETA 100MG,0,MEDICAMENTOS,1.0,114.0,30.0
2022-01-31,706682,QUETIAPINA TABLETA 100MG,103,MEDICAMENTOS,1.0,114.0,30.0
2022-02-28,706682,QUETIAPINA TABLETA 100MG,36,MEDICAMENTOS,1.0,114.0,30.0
2022-03-31,706682,QUETIAPINA TABLETA 100MG,98,MEDICAMENTOS,1.0,114.0,30.0
2022-04-30,706682,QUETIAPINA TABLETA 100MG,0,MEDICAMENTOS,1.0,114.0,30.0
2022-05-31,706682,QUETIAPINA TABLETA 100MG,82,MEDICAMENTOS,1.0,114.0,30.0
2022-06-30,706682,QUETIAPINA TABLETA 100MG,63,MEDICAMENTOS,1.0,114.0,30.0
2021-07-31,706722,CALCIO CARBONATO/VITAMINA D TABLETA 600MG/125UI,98,MEDICAMENTOS,1.0,0.0,0.0
2021-08-31,706722,CALCIO CARBONATO/VITAMINA D TABLETA 600MG/125UI,45,MEDICAMENTOS,1.0,0.0,0.0
2021-09-30,706722,CALCIO CARBONATO/VITAMINA D TABLETA 600MG/125UI,220,MEDICAMENTOS,1.0,0.0,0.0
2021-10-31,706722,CALCIO CARBONATO/VITAMINA D TABLETA 600MG/125UI,85,MEDICAMENTOS,1.0,0.0,0.0
2021-11-30,706722,CALCIO CARBONATO/VITAMINA D TABLETA 600MG/125UI,39,MEDICAMENTOS,1.0,0.0,0.0
2021-12-31,706722,CALCIO CARBONATO/VITAMINA D TABLETA 600MG/125UI,17,MEDICAMENTOS,1.0,0.0,0.0
2022-01-31,706722,CALCIO CARBONATO/VITAMINA D TABLETA 600MG/125UI,69,MEDICAMENTOS,1.0,0.0,0.0
2022-02-28,706722,CALCIO CARBONATO/VITAMINA D TABLETA 600MG/125UI,24,MEDICAMENTOS,1.0,0.0,0.0
2022-03-31,706722,CALCIO CARBONATO/VITAMINA D TABLETA 600MG/125UI,0,MEDICAMENTOS,1.0,0.0,0.0
2022-04-30,706722,CALCIO CARBONATO/VITAMINA D TABLETA 600MG/125UI,80,MEDICAMENTOS,1.0,0.0,0.0
2022-05-31,706722,CALCIO CARBONATO/VITAMINA D TABLETA 600MG/125UI,0,MEDICAMENTOS,1.0,0.0,0.0
2022-06-30,706722,CALCIO CARBONATO/VITAMINA D TABLETA 600MG/125UI,0,MEDICAMENTOS,1.0,0.0,0.0
2021-07-31,707118,AZITROMICINA TABLETA 500MG,8,MEDICAMENTOS,1.0,781.5,82.0
2021-08-31,707118,AZITROMICINA TABLETA 500MG,0,MEDICAMENTOS,1.0,781.5,82.0
2021-09-30,707118,AZITROMICINA TABLETA 500MG,13,MEDICAMENTOS,1.0,781.5,82.0
2021-10-31,707118,AZITROMICINA TABLETA 500MG,8,MEDICAMENTOS,1.0,781.5,82.0
2021-11-30,707118,AZITROMICINA TABLETA 500MG,0,MEDICAMENTOS,1.0,781.5,82.0
2021-12-31,707118,AZITROMICINA TABLETA 500MG,0,MEDICAMENTOS,1.0,781.5,82.0
2022-01-31,707118,AZITROMICINA TABLETA 500MG,3,MEDICAMENTOS,1.0,781.5,82.0
2022-02-28,707118,AZITROMICINA TABLETA 500MG,0,MEDICAMENTOS,1.0,781.5,82.0
2022-03-31,707118,AZITROMICINA TABLETA 500MG,14,MEDICAMENTOS,1.0,781.5,82.0
2022-04-30,707118,AZITROMICINA TABLETA 500MG,13,MEDICAMENTOS,1.0,781.5,82.0
2022-05-31,707118,AZITROMICINA TABLETA 500MG,77,MEDICAMENTOS,1.0,781.5,82.0
2022-06-30,707118,AZITROMICINA TABLETA 500MG,12,MEDICAMENTOS,1.0,781.5,82.0
2021-07-31,707121,CIPROFLOXACINO 500MG TABLETA,41,MEDICAMENTOS,1.0,54.5,45.0
2021-08-31,707121,CIPROFLOXACINO 500MG TABLETA,64,MEDICAMENTOS,1.0,54.5,45.0
2021-09-30,707121,CIPROFLOXACINO 500MG TABLETA,3,MEDICAMENTOS,1.0,54.5,45.0
2021-10-31,707121,CIPROFLOXACINO 500MG TABLETA,51,MEDICAMENTOS,1.0,54.5,45.0
2021-11-30,707121,CIPROFLOXACINO 500MG TABLETA,30,MEDICAMENTOS,1.0,54.5,45.0
2021-12-31,707121,CIPROFLOXACINO 500MG TABLETA,13,MEDICAMENTOS,1.0,54.5,45.0
2022-01-31,707121,CIPROFLOXACINO 500MG TABLETA,83,MEDICAMENTOS,1.0,54.5,45.0
2022-02-28,707121,CIPROFLOXACINO 500MG TABLETA,41,MEDICAMENTOS,1.0,54.5,45.0
2022-03-31,707121,CIPROFLOXACINO 500MG TABLETA,78,MEDICAMENTOS,1.0,54.5,45.0
2022-04-30,707121,CIPROFLOXACINO 500MG TABLETA,85,MEDICAMENTOS,1.0,54.5,45.0
2022-05-31,707121,CIPROFLOXACINO 500MG TABLETA,30,MEDICAMENTOS,1.0,54.5,45.0
2022-06-30,707121,CIPROFLOXACINO 500MG TABLETA,22,MEDICAMENTOS,1.0,54.5,45.0
2021-07-31,707126,ACETAMINOFEN JARABE 150 MG/5 ML FRASCO x 60 ML,7,MEDICAMENTOS,1.0,788.0,4.0
2021-08-31,707126,ACETAMINOFEN JARABE 150 MG/5 ML FRASCO x 60 ML,0,MEDICAMENTOS,1.0,788.0,4.0
2021-09-30,707126,ACETAMINOFEN JARABE 150 MG/5 ML FRASCO x 60 ML,2,MEDICAMENTOS,1.0,788.0,4.0
2021-10-31,707126,ACETAMINOFEN JARABE 150 MG/5 ML FRASCO x 60 ML,2,MEDICAMENTOS,1.0,788.0,4.0
2021-11-30,707126,ACETAMINOFEN JARABE 150 MG/5 ML FRASCO x 60 ML,0,MEDICAMENTOS,1.0,788.0,4.0
2021-12-31,707126,ACETAMINOFEN JARABE 150 MG/5 ML FRASCO x 60 ML,1,MEDICAMENTOS,1.0,788.0,4.0
2022-01-31,707126,ACETAMINOFEN JARABE 150 MG/5 ML FRASCO x 60 ML,0,MEDICAMENTOS,1.0,788.0,4.0
2022-02-28,707126,ACETAMINOFEN JARABE 150 MG/5 ML FRASCO x 60 ML,0,MEDICAMENTOS,1.0,788.0,4.0
2022-03-31,707126,ACETAMINOFEN JARABE 150 MG/5 ML FRASCO x 60 ML,0,MEDICAMENTOS,1.0,788.0,4.0
2022-04-30,707126,ACETAMINOFEN JARABE 150 MG/5 ML FRASCO x 60 ML,1,MEDICAMENTOS,1.0,788.0,4.0
2022-05-31,707126,ACETAMINOFEN JARABE 150 MG/5 ML FRASCO x 60 ML,2,MEDICAMENTOS,1.0,788.0,4.0
2022-06-30,707126,ACETAMINOFEN JARABE 150 MG/5 ML FRASCO x 60 ML,1,MEDICAMENTOS,1.0,788.0,4.0
2021-07-31,707137,LORATADINA JARABE 1MG/1ML (100MG/100ML),0,MEDICAMENTOS,1.0,0.0,0.0
2021-08-31,707137,LORATADINA JARABE 1MG/1ML (100MG/100ML),1,MEDICAMENTOS,1.0,0.0,0.0
2021-09-30,707137,LORATADINA JARABE 1MG/1ML (100MG/100ML),0,MEDICAMENTOS,1.0,0.0,0.0
2021-10-31,707137,LORATADINA JARABE 1MG/1ML (100MG/100ML),0,MEDICAMENTOS,1.0,0.0,0.0
2021-11-30,707137,LORATADINA JARABE 1MG/1ML (100MG/100ML),0,MEDICAMENTOS,1.0,0.0,0.0
2021-12-31,707137,LORATADINA JARABE 1MG/1ML (100MG/100ML),0,MEDICAMENTOS,1.0,0.0,0.0
2022-01-31,707137,LORATADINA JARABE 1MG/1ML (100MG/100ML),1,MEDICAMENTOS,1.0,0.0,0.0
2022-02-28,707137,LORATADINA JARABE 1MG/1ML (100MG/100ML),0,MEDICAMENTOS,1.0,0.0,0.0
2022-03-31,707137,LORATADINA JARABE 1MG/1ML (100MG/100ML),0,MEDICAMENTOS,1.0,0.0,0.0
2022-04-30,707137,LORATADINA JARABE 1MG/1ML (100MG/100ML),0,MEDICAMENTOS,1.0,0.0,0.0
2022-05-31,707137,LORATADINA JARABE 1MG/1ML (100MG/100ML),1,MEDICAMENTOS,1.0,0.0,0.0
2022-06-30,707137,LORATADINA JARABE 1MG/1ML (100MG/100ML),1,MEDICAMENTOS,1.0,0.0,0.0
2021-07-31,707251,SILDENAFIL TABLETA 50MG,0,MEDICAMENTOS,1.0,71.0,22.0
2021-08-31,707251,SILDENAFIL TABLETA 50MG,0,MEDICAMENTOS,1.0,71.0,22.0
2021-09-30,707251,SILDENAFIL TABLETA 50MG,7,MEDICAMENTOS,1.0,71.0,22.0
2021-10-31,707251,SILDENAFIL TABLETA 50MG,20,MEDICAMENTOS,1.0,71.0,22.0
2021-11-30,707251,SILDENAFIL TABLETA 50MG,5,MEDICAMENTOS,1.0,71.0,22.0
2021-12-31,707251,SILDENAFIL TABLETA 50MG,0,MEDICAMENTOS,1.0,71.0,22.0
2022-01-31,707251,SILDENAFIL TABLETA 50MG,0,MEDICAMENTOS,1.0,71.0,22.0
2022-02-28,707251,SILDENAFIL TABLETA 50MG,15,MEDICAMENTOS,1.0,71.0,22.0
2022-03-31,707251,SILDENAFIL TABLETA 50MG,5,MEDICAMENTOS,1.0,71.0,22.0
2022-04-30,707251,SILDENAFIL TABLETA 50MG,6,MEDICAMENTOS,1.0,71.0,22.0
2022-05-31,707251,SILDENAFIL TABLETA 50MG,7,MEDICAMENTOS,1.0,71.0,22.0
2022-06-30,707251,SILDENAFIL TABLETA 50MG,32,MEDICAMENTOS,1.0,71.0,22.0
2021-07-31,707258,TRANSDUCTOR PLASTICO,156,DISPOSITIVOS MEDICO,1.0,63067.0,23.0
2021-08-31,707258,TRANSDUCTOR PLASTICO,161,DISPOSITIVOS MEDICO,1.0,63067.0,23.0
2021-09-30,707258,TRANSDUCTOR PLASTICO,161,DISPOSITIVOS MEDICO,1.0,63067.0,23.0
2021-10-31,707258,TRANSDUCTOR PLASTICO,166,DISPOSITIVOS MEDICO,1.0,63067.0,23.0
2021-11-30,707258,TRANSDUCTOR PLASTICO,195,DISPOSITIVOS MEDICO,1.0,63067.0,23.0
2021-12-31,707258,TRANSDUCTOR PLASTICO,215,DISPOSITIVOS MEDICO,1.0,63067.0,23.0
2022-01-31,707258,TRANSDUCTOR PLASTICO,221,DISPOSITIVOS MEDICO,1.0,63067.0,23.0
2022-02-28,707258,TRANSDUCTOR PLASTICO,176,DISPOSITIVOS MEDICO,1.0,63067.0,23.0
2022-03-31,707258,TRANSDUCTOR PLASTICO,196,DISPOSITIVOS MEDICO,1.0,63067.0,23.0
2022-04-30,707258,TRANSDUCTOR PLASTICO,166,DISPOSITIVOS MEDICO,1.0,63067.0,23.0
2022-05-31,707258,TRANSDUCTOR PLASTICO,219,DISPOSITIVOS MEDICO,1.0,63067.0,23.0
2022-06-30,707258,TRANSDUCTOR PLASTICO,251,DISPOSITIVOS MEDICO,1.0,63067.0,23.0
2021-07-31,707300,SURFACTANTE PULMONAR PORCINO SUSPENSIÓN INYECTABLE 240MG/3ML,0,MEDICAMENTOS,1.0,0.0,0.0
2021-08-31,707300,SURFACTANTE PULMONAR PORCINO SUSPENSIÓN INYECTABLE 240MG/3ML,0,MEDICAMENTOS,1.0,0.0,0.0
2021-09-30,707300,SURFACTANTE PULMONAR PORCINO SUSPENSIÓN INYECTABLE 240MG/3ML,1,MEDICAMENTOS,1.0,0.0,0.0
2021-10-31,707300,SURFACTANTE PULMONAR PORCINO SUSPENSIÓN INYECTABLE 240MG/3ML,1,MEDICAMENTOS,1.0,0.0,0.0
2021-11-30,707300,SURFACTANTE PULMONAR PORCINO SUSPENSIÓN INYECTABLE 240MG/3ML,0,MEDICAMENTOS,1.0,0.0,0.0
2021-12-31,707300,SURFACTANTE PULMONAR PORCINO SUSPENSIÓN INYECTABLE 240MG/3ML,1,MEDICAMENTOS,1.0,0.0,0.0
2022-01-31,707300,SURFACTANTE PULMONAR PORCINO SUSPENSIÓN INYECTABLE 240MG/3ML,3,MEDICAMENTOS,1.0,0.0,0.0
2022-02-28,707300,SURFACTANTE PULMONAR PORCINO SUSPENSIÓN INYECTABLE 240MG/3ML,3,MEDICAMENTOS,1.0,0.0,0.0
2022-03-31,707300,SURFACTANTE PULMONAR PORCINO SUSPENSIÓN INYECTABLE 240MG/3ML,4,MEDICAMENTOS,1.0,0.0,0.0
2022-04-30,707300,SURFACTANTE PULMONAR PORCINO SUSPENSIÓN INYECTABLE 240MG/3ML,0,MEDICAMENTOS,1.0,0.0,0.0
2022-05-31,707300,SURFACTANTE PULMONAR PORCINO SUSPENSIÓN INYECTABLE 240MG/3ML,2,MEDICAMENTOS,1.0,0.0,0.0
2022-06-30,707300,SURFACTANTE PULMONAR PORCINO SUSPENSIÓN INYECTABLE 240MG/3ML,0,MEDICAMENTOS,1.0,0.0,0.0
2021-07-31,707547,AGUJA COAXIAL MCXS 14X10,0,DISPOSITIVOS MEDICO,1.0,0.0,0.0
2021-08-31,707547,AGUJA COAXIAL MCXS 14X10,0,DISPOSITIVOS MEDICO,1.0,0.0,0.0
2021-09-30,707547,AGUJA COAXIAL MCXS 14X10,1,DISPOSITIVOS MEDICO,1.0,0.0,0.0
2021-10-31,707547,AGUJA COAXIAL MCXS 14X10,0,DISPOSITIVOS MEDICO,1.0,0.0,0.0
2021-11-30,707547,AGUJA COAXIAL MCXS 14X10,0,DISPOSITIVOS MEDICO,1.0,0.0,0.0
2021-12-31,707547,AGUJA COAXIAL MCXS 14X10,0,DISPOSITIVOS MEDICO,1.0,0.0,0.0
2022-01-31,707547,AGUJA COAXIAL MCXS 14X10,0,DISPOSITIVOS MEDICO,1.0,0.0,0.0
2022-02-28,707547,AGUJA COAXIAL MCXS 14X10,0,DISPOSITIVOS MEDICO,1.0,0.0,0.0
2022-03-31,707547,AGUJA COAXIAL MCXS 14X10,0,DISPOSITIVOS MEDICO,1.0,0.0,0.0
2022-04-30,707547,AGUJA COAXIAL MCXS 14X10,0,DISPOSITIVOS MEDICO,1.0,0.0,0.0
2022-05-31,707547,AGUJA COAXIAL MCXS 14X10,0,DISPOSITIVOS MEDICO,1.0,0.0,0.0
2022-06-30,707547,AGUJA COAXIAL MCXS 14X10,0,DISPOSITIVOS MEDICO,1.0,0.0,0.0
2021-07-31,707596,ONDANSETRON SOL. INYECTABLE 4MG/2ML,187,MEDICAMENTOS,1.0,1900.5,55.0
2021-08-31,707596,ONDANSETRON SOL. INYECTABLE 4MG/2ML,46,MEDICAMENTOS,1.0,1900.5,55.0
2021-09-30,707596,ONDANSETRON SOL. INYECTABLE 4MG/2ML,94,MEDICAMENTOS,1.0,1900.5,55.0
2021-10-31,707596,ONDANSETRON SOL. INYECTABLE 4MG/2ML,392,MEDICAMENTOS,1.0,1900.5,55.0
2021-11-30,707596,ONDANSETRON SOL. INYECTABLE 4MG/2ML,594,MEDICAMENTOS,1.0,1900.5,55.0
2021-12-31,707596,ONDANSETRON SOL. INYECTABLE 4MG/2ML,273,MEDICAMENTOS,1.0,1900.5,55.0
2022-01-31,707596,ONDANSETRON SOL. INYECTABLE 4MG/2ML,138,MEDICAMENTOS,1.0,1900.5,55.0
2022-02-28,707596,ONDANSETRON SOL. INYECTABLE 4MG/2ML,338,MEDICAMENTOS,1.0,1900.5,55.0
2022-03-31,707596,ONDANSETRON SOL. INYECTABLE 4MG/2ML,80,MEDICAMENTOS,1.0,1900.5,55.0
2022-04-30,707596,ONDANSETRON SOL. INYECTABLE 4MG/2ML,3,MEDICAMENTOS,1.0,1900.5,55.0
2022-05-31,707596,ONDANSETRON SOL. INYECTABLE 4MG/2ML,74,MEDICAMENTOS,1.0,1900.5,55.0
2022-06-30,707596,ONDANSETRON SOL. INYECTABLE 4MG/2ML,78,MEDICAMENTOS,1.0,1900.5,55.0
2021-07-31,707597,ONDANSETRON SOL. INYECTABLE 8MG/4ML,323,MEDICAMENTOS,1.0,509.0,115.0
2021-08-31,707597,ONDANSETRON SOL. INYECTABLE 8MG/4ML,211,MEDICAMENTOS,1.0,509.0,115.0
2021-09-30,707597,ONDANSETRON SOL. INYECTABLE 8MG/4ML,97,MEDICAMENTOS,1.0,509.0,115.0
2021-10-31,707597,ONDANSETRON SOL. INYECTABLE 8MG/4ML,211,MEDICAMENTOS,1.0,509.0,115.0
2021-11-30,707597,ONDANSETRON SOL. INYECTABLE 8MG/4ML,48,MEDICAMENTOS,1.0,509.0,115.0
2021-12-31,707597,ONDANSETRON SOL. INYECTABLE 8MG/4ML,229,MEDICAMENTOS,1.0,509.0,115.0
2022-01-31,707597,ONDANSETRON SOL. INYECTABLE 8MG/4ML,295,MEDICAMENTOS,1.0,509.0,115.0
2022-02-28,707597,ONDANSETRON SOL. INYECTABLE 8MG/4ML,280,MEDICAMENTOS,1.0,509.0,115.0
2022-03-31,707597,ONDANSETRON SOL. INYECTABLE 8MG/4ML,253,MEDICAMENTOS,1.0,509.0,115.0
2022-04-30,707597,ONDANSETRON SOL. INYECTABLE 8MG/4ML,324,MEDICAMENTOS,1.0,509.0,115.0
2022-05-31,707597,ONDANSETRON SOL. INYECTABLE 8MG/4ML,341,MEDICAMENTOS,1.0,509.0,115.0
2022-06-30,707597,ONDANSETRON SOL. INYECTABLE 8MG/4ML,481,MEDICAMENTOS,1.0,509.0,115.0
2021-07-31,707610,COLECALCIFEROL 25.000 UI,0,MEDICAMENTOS,1.0,,
2021-08-31,707610,COLECALCIFEROL 25.000 UI,0,MEDICAMENTOS,1.0,,
2021-09-30,707610,COLECALCIFEROL 25.000 UI,0,MEDICAMENTOS,1.0,,
2021-10-31,707610,COLECALCIFEROL 25.000 UI,0,MEDICAMENTOS,1.0,,
2021-11-30,707610,COLECALCIFEROL 25.000 UI,0,MEDICAMENTOS,1.0,,
2021-12-31,707610,COLECALCIFEROL 25.000 UI,4,MEDICAMENTOS,1.0,,
2022-01-31,707610,COLECALCIFEROL 25.000 UI,0,MEDICAMENTOS,1.0,,
2022-02-28,707610,COLECALCIFEROL 25.000 UI,0,MEDICAMENTOS,1.0,,
2022-03-31,707610,COLECALCIFEROL 25.000 UI,0,MEDICAMENTOS,1.0,,
2022-04-30,707610,COLECALCIFEROL 25.000 UI,0,MEDICAMENTOS,1.0,,
2022-05-31,707610,COLECALCIFEROL 25.000 UI,0,MEDICAMENTOS,1.0,,
2022-06-30,707610,COLECALCIFEROL 25.000 UI,0,MEDICAMENTOS,1.0,,
2021-07-31,707621,CEFTOLOZANO/TAZOBACTAM 1.5G (1+0.5G) POLVO PARA RECONSTITUCION,0,MEDICAMENTOS,1.0,263755.0,20.0
2021-08-31,707621,CEFTOLOZANO/TAZOBACTAM 1.5G (1+0.5G) POLVO PARA RECONSTITUCION,0,MEDICAMENTOS,1.0,263755.0,20.0
2021-09-30,707621,CEFTOLOZANO/TAZOBACTAM 1.5G (1+0.5G) POLVO PARA RECONSTITUCION,7,MEDICAMENTOS,1.0,263755.0,20.0
2021-10-31,707621,CEFTOLOZANO/TAZOBACTAM 1.5G (1+0.5G) POLVO PARA RECONSTITUCION,14,MEDICAMENTOS,1.0,263755.0,20.0
2021-11-30,707621,CEFTOLOZANO/TAZOBACTAM 1.5G (1+0.5G) POLVO PARA RECONSTITUCION,0,MEDICAMENTOS,1.0,263755.0,20.0
2021-12-31,707621,CEFTOLOZANO/TAZOBACTAM 1.5G (1+0.5G) POLVO PARA RECONSTITUCION,0,MEDICAMENTOS,1.0,263755.0,20.0
2022-01-31,707621,CEFTOLOZANO/TAZOBACTAM 1.5G (1+0.5G) POLVO PARA RECONSTITUCION,0,MEDICAMENTOS,1.0,263755.0,20.0
2022-02-28,707621,CEFTOLOZANO/TAZOBACTAM 1.5G (1+0.5G) POLVO PARA RECONSTITUCION,0,MEDICAMENTOS,1.0,263755.0,20.0
2022-03-31,707621,CEFTOLOZANO/TAZOBACTAM 1.5G (1+0.5G) POLVO PARA RECONSTITUCION,9,MEDICAMENTOS,1.0,263755.0,20.0
2022-04-30,707621,CEFTOLOZANO/TAZOBACTAM 1.5G (1+0.5G) POLVO PARA RECONSTITUCION,0,MEDICAMENTOS,1.0,263755.0,20.0
2022-05-31,707621,CEFTOLOZANO/TAZOBACTAM 1.5G (1+0.5G) POLVO PARA RECONSTITUCION,0,MEDICAMENTOS,1.0,263755.0,20.0
2022-06-30,707621,CEFTOLOZANO/TAZOBACTAM 1.5G (1+0.5G) POLVO PARA RECONSTITUCION,0,MEDICAMENTOS,1.0,263755.0,20.0
2021-07-31,707755,METOPROLOL SUCCINATO TABLETA 50MG,85,MEDICAMENTOS,1.0,450.0,32.0
2021-08-31,707755,METOPROLOL SUCCINATO TABLETA 50MG,88,MEDICAMENTOS,1.0,450.0,32.0
2021-09-30,707755,METOPROLOL SUCCINATO TABLETA 50MG,82,MEDICAMENTOS,1.0,450.0,32.0
2021-10-31,707755,METOPROLOL SUCCINATO TABLETA 50MG,92,MEDICAMENTOS,1.0,450.0,32.0
2021-11-30,707755,METOPROLOL SUCCINATO TABLETA 50MG,174,MEDICAMENTOS,1.0,450.0,32.0
2021-12-31,707755,METOPROLOL SUCCINATO TABLETA 50MG,68,MEDICAMENTOS,1.0,450.0,32.0
2022-01-31,707755,METOPROLOL SUCCINATO TABLETA 50MG,41,MEDICAMENTOS,1.0,450.0,32.0
2022-02-28,707755,METOPROLOL SUCCINATO TABLETA 50MG,83,MEDICAMENTOS,1.0,450.0,32.0
2022-03-31,707755,METOPROLOL SUCCINATO TABLETA 50MG,69,MEDICAMENTOS,1.0,450.0,32.0
2022-04-30,707755,METOPROLOL SUCCINATO TABLETA 50MG,148,MEDICAMENTOS,1.0,450.0,32.0
2022-05-31,707755,METOPROLOL SUCCINATO TABLETA 50MG,142,MEDICAMENTOS,1.0,450.0,32.0
2022-06-30,707755,METOPROLOL SUCCINATO TABLETA 50MG,81,MEDICAMENTOS,1.0,450.0,32.0
2021-07-31,707781,DREN BALKE 19FR REDONDO S/U REF 2232,0,DISPOSITIVOS MEDICO,1.0,0.0,0.0
2021-08-31,707781,DREN BALKE 19FR REDONDO S/U REF 2232,0,DISPOSITIVOS MEDICO,1.0,0.0,0.0
2021-09-30,707781,DREN BALKE 19FR REDONDO S/U REF 2232,0,DISPOSITIVOS MEDICO,1.0,0.0,0.0
2021-10-31,707781,DREN BALKE 19FR REDONDO S/U REF 2232,0,DISPOSITIVOS MEDICO,1.0,0.0,0.0
2021-11-30,707781,DREN BALKE 19FR REDONDO S/U REF 2232,0,DISPOSITIVOS MEDICO,1.0,0.0,0.0
2021-12-31,707781,DREN BALKE 19FR REDONDO S/U REF 2232,0,DISPOSITIVOS MEDICO,1.0,0.0,0.0
2022-01-31,707781,DREN BALKE 19FR REDONDO S/U REF 2232,0,DISPOSITIVOS MEDICO,1.0,0.0,0.0
2022-02-28,707781,DREN BALKE 19FR REDONDO S/U REF 2232,2,DISPOSITIVOS MEDICO,1.0,0.0,0.0
2022-03-31,707781,DREN BALKE 19FR REDONDO S/U REF 2232,0,DISPOSITIVOS MEDICO,1.0,0.0,0.0
2022-04-30,707781,DREN BALKE 19FR REDONDO S/U REF 2232,0,DISPOSITIVOS MEDICO,1.0,0.0,0.0
2022-05-31,707781,DREN BALKE 19FR REDONDO S/U REF 2232,0,DISPOSITIVOS MEDICO,1.0,0.0,0.0
2022-06-30,707781,DREN BALKE 19FR REDONDO S/U REF 2232,0,DISPOSITIVOS MEDICO,1.0,0.0,0.0
2021-07-31,707878,CATETER PREMICATH 28GX1FRX20CM    ,2,DISPOSITIVOS MEDICO,1.0,258391.0,5.0
2021-08-31,707878,CATETER PREMICATH 28GX1FRX20CM    ,3,DISPOSITIVOS MEDICO,1.0,258391.0,5.0
2021-09-30,707878,CATETER PREMICATH 28GX1FRX20CM    ,4,DISPOSITIVOS MEDICO,1.0,258391.0,5.0
2021-10-31,707878,CATETER PREMICATH 28GX1FRX20CM    ,1,DISPOSITIVOS MEDICO,1.0,258391.0,5.0
2021-11-30,707878,CATETER PREMICATH 28GX1FRX20CM    ,1,DISPOSITIVOS MEDICO,1.0,258391.0,5.0
2021-12-31,707878,CATETER PREMICATH 28GX1FRX20CM    ,1,DISPOSITIVOS MEDICO,1.0,258391.0,5.0
2022-01-31,707878,CATETER PREMICATH 28GX1FRX20CM    ,3,DISPOSITIVOS MEDICO,1.0,258391.0,5.0
2022-02-28,707878,CATETER PREMICATH 28GX1FRX20CM    ,5,DISPOSITIVOS MEDICO,1.0,258391.0,5.0
2022-03-31,707878,CATETER PREMICATH 28GX1FRX20CM    ,8,DISPOSITIVOS MEDICO,1.0,258391.0,5.0
2022-04-30,707878,CATETER PREMICATH 28GX1FRX20CM    ,1,DISPOSITIVOS MEDICO,1.0,258391.0,5.0
2022-05-31,707878,CATETER PREMICATH 28GX1FRX20CM    ,0,DISPOSITIVOS MEDICO,1.0,258391.0,5.0
2022-06-30,707878,CATETER PREMICATH 28GX1FRX20CM    ,5,DISPOSITIVOS MEDICO,1.0,258391.0,5.0
2021-07-31,708178,AGUJA P/ASPIRACION DE MEDULA OSEA DBMNI 1501 RP.M,4,DISPOSITIVOS MEDICO,1.0,90214.0,4.0
2021-08-31,708178,AGUJA P/ASPIRACION DE MEDULA OSEA DBMNI 1501 RP.M,6,DISPOSITIVOS MEDICO,1.0,90214.0,4.0
2021-09-30,708178,AGUJA P/ASPIRACION DE MEDULA OSEA DBMNI 1501 RP.M,8,DISPOSITIVOS MEDICO,1.0,90214.0,4.0
2021-10-31,708178,AGUJA P/ASPIRACION DE MEDULA OSEA DBMNI 1501 RP.M,3,DISPOSITIVOS MEDICO,1.0,90214.0,4.0
2021-11-30,708178,AGUJA P/ASPIRACION DE MEDULA OSEA DBMNI 1501 RP.M,1,DISPOSITIVOS MEDICO,1.0,90214.0,4.0
2021-12-31,708178,AGUJA P/ASPIRACION DE MEDULA OSEA DBMNI 1501 RP.M,7,DISPOSITIVOS MEDICO,1.0,90214.0,4.0
2022-01-31,708178,AGUJA P/ASPIRACION DE MEDULA OSEA DBMNI 1501 RP.M,7,DISPOSITIVOS MEDICO,1.0,90214.0,4.0
2022-02-28,708178,AGUJA P/ASPIRACION DE MEDULA OSEA DBMNI 1501 RP.M,5,DISPOSITIVOS MEDICO,1.0,90214.0,4.0
2022-03-31,708178,AGUJA P/ASPIRACION DE MEDULA OSEA DBMNI 1501 RP.M,2,DISPOSITIVOS MEDICO,1.0,90214.0,4.0
2022-04-30,708178,AGUJA P/ASPIRACION DE MEDULA OSEA DBMNI 1501 RP.M,5,DISPOSITIVOS MEDICO,1.0,90214.0,4.0
2022-05-31,708178,AGUJA P/ASPIRACION DE MEDULA OSEA DBMNI 1501 RP.M,3,DISPOSITIVOS MEDICO,1.0,90214.0,4.0
2022-06-30,708178,AGUJA P/ASPIRACION DE MEDULA OSEA DBMNI 1501 RP.M,4,DISPOSITIVOS MEDICO,1.0,90214.0,4.0
2021-07-31,708344,JERINGA  5ML LIBRE DE LATEX,6291,DISPOSITIVOS MEDICO,1.0,214.0,540.0
2021-08-31,708344,JERINGA  5ML LIBRE DE LATEX,7087,DISPOSITIVOS MEDICO,1.0,214.0,540.0
2021-09-30,708344,JERINGA  5ML LIBRE DE LATEX,7166,DISPOSITIVOS MEDICO,1.0,214.0,540.0
2021-10-31,708344,JERINGA  5ML LIBRE DE LATEX,7500,DISPOSITIVOS MEDICO,1.0,214.0,540.0
2021-11-30,708344,JERINGA  5ML LIBRE DE LATEX,7609,DISPOSITIVOS MEDICO,1.0,214.0,540.0
2021-12-31,708344,JERINGA  5ML LIBRE DE LATEX,8076,DISPOSITIVOS MEDICO,1.0,214.0,540.0
2022-01-31,708344,JERINGA  5ML LIBRE DE LATEX,7897,DISPOSITIVOS MEDICO,1.0,214.0,540.0
2022-02-28,708344,JERINGA  5ML LIBRE DE LATEX,7294,DISPOSITIVOS MEDICO,1.0,214.0,540.0
2022-03-31,708344,JERINGA  5ML LIBRE DE LATEX,6934,DISPOSITIVOS MEDICO,1.0,214.0,540.0
2022-04-30,708344,JERINGA  5ML LIBRE DE LATEX,7336,DISPOSITIVOS MEDICO,1.0,214.0,540.0
2022-05-31,708344,JERINGA  5ML LIBRE DE LATEX,7030,DISPOSITIVOS MEDICO,1.0,214.0,540.0
2022-06-30,708344,JERINGA  5ML LIBRE DE LATEX,6582,DISPOSITIVOS MEDICO,1.0,214.0,540.0
2021-07-31,708346,JERINGA 20ML ,415,DISPOSITIVOS MEDICO,1.0,322.0,73.0
2021-08-31,708346,JERINGA 20ML ,576,DISPOSITIVOS MEDICO,1.0,322.0,73.0
2021-09-30,708346,JERINGA 20ML ,430,DISPOSITIVOS MEDICO,1.0,322.0,73.0
2021-10-31,708346,JERINGA 20ML ,643,DISPOSITIVOS MEDICO,1.0,322.0,73.0
2021-11-30,708346,JERINGA 20ML ,711,DISPOSITIVOS MEDICO,1.0,322.0,73.0
2021-12-31,708346,JERINGA 20ML ,774,DISPOSITIVOS MEDICO,1.0,322.0,73.0
2022-01-31,708346,JERINGA 20ML ,565,DISPOSITIVOS MEDICO,1.0,322.0,73.0
2022-02-28,708346,JERINGA 20ML ,512,DISPOSITIVOS MEDICO,1.0,322.0,73.0
2022-03-31,708346,JERINGA 20ML ,600,DISPOSITIVOS MEDICO,1.0,322.0,73.0
2022-04-30,708346,JERINGA 20ML ,516,DISPOSITIVOS MEDICO,1.0,322.0,73.0
2022-05-31,708346,JERINGA 20ML ,736,DISPOSITIVOS MEDICO,1.0,322.0,73.0
2022-06-30,708346,JERINGA 20ML ,804,DISPOSITIVOS MEDICO,1.0,322.0,73.0
2021-07-31,708363,CIANOCOBALAMINA 1MG/1ML (VITAMINA B12) SOL. INYECTABLE,3,MEDICAMENTOS,1.0,912.0,16.0
2021-08-31,708363,CIANOCOBALAMINA 1MG/1ML (VITAMINA B12) SOL. INYECTABLE,45,MEDICAMENTOS,1.0,912.0,16.0
2021-09-30,708363,CIANOCOBALAMINA 1MG/1ML (VITAMINA B12) SOL. INYECTABLE,20,MEDICAMENTOS,1.0,912.0,16.0
2021-10-31,708363,CIANOCOBALAMINA 1MG/1ML (VITAMINA B12) SOL. INYECTABLE,16,MEDICAMENTOS,1.0,912.0,16.0
2021-11-30,708363,CIANOCOBALAMINA 1MG/1ML (VITAMINA B12) SOL. INYECTABLE,66,MEDICAMENTOS,1.0,912.0,16.0
2021-12-31,708363,CIANOCOBALAMINA 1MG/1ML (VITAMINA B12) SOL. INYECTABLE,32,MEDICAMENTOS,1.0,912.0,16.0
2022-01-31,708363,CIANOCOBALAMINA 1MG/1ML (VITAMINA B12) SOL. INYECTABLE,42,MEDICAMENTOS,1.0,912.0,16.0
2022-02-28,708363,CIANOCOBALAMINA 1MG/1ML (VITAMINA B12) SOL. INYECTABLE,13,MEDICAMENTOS,1.0,912.0,16.0
2022-03-31,708363,CIANOCOBALAMINA 1MG/1ML (VITAMINA B12) SOL. INYECTABLE,18,MEDICAMENTOS,1.0,912.0,16.0
2022-04-30,708363,CIANOCOBALAMINA 1MG/1ML (VITAMINA B12) SOL. INYECTABLE,31,MEDICAMENTOS,1.0,912.0,16.0
2022-05-31,708363,CIANOCOBALAMINA 1MG/1ML (VITAMINA B12) SOL. INYECTABLE,61,MEDICAMENTOS,1.0,912.0,16.0
2022-06-30,708363,CIANOCOBALAMINA 1MG/1ML (VITAMINA B12) SOL. INYECTABLE,17,MEDICAMENTOS,1.0,912.0,16.0
2021-07-31,708677,DOMPERIDONA 1MG/1ML SUSPENSION,3,MEDICAMENTOS,1.0,31188.0,3.0
2021-08-31,708677,DOMPERIDONA 1MG/1ML SUSPENSION,3,MEDICAMENTOS,1.0,31188.0,3.0
2021-09-30,708677,DOMPERIDONA 1MG/1ML SUSPENSION,7,MEDICAMENTOS,1.0,31188.0,3.0
2021-10-31,708677,DOMPERIDONA 1MG/1ML SUSPENSION,5,MEDICAMENTOS,1.0,31188.0,3.0
2021-11-30,708677,DOMPERIDONA 1MG/1ML SUSPENSION,6,MEDICAMENTOS,1.0,31188.0,3.0
2021-12-31,708677,DOMPERIDONA 1MG/1ML SUSPENSION,3,MEDICAMENTOS,1.0,31188.0,3.0
2022-01-31,708677,DOMPERIDONA 1MG/1ML SUSPENSION,5,MEDICAMENTOS,1.0,31188.0,3.0
2022-02-28,708677,DOMPERIDONA 1MG/1ML SUSPENSION,9,MEDICAMENTOS,1.0,31188.0,3.0
2022-03-31,708677,DOMPERIDONA 1MG/1ML SUSPENSION,0,MEDICAMENTOS,1.0,31188.0,3.0
2022-04-30,708677,DOMPERIDONA 1MG/1ML SUSPENSION,1,MEDICAMENTOS,1.0,31188.0,3.0
2022-05-31,708677,DOMPERIDONA 1MG/1ML SUSPENSION,0,MEDICAMENTOS,1.0,31188.0,3.0
2022-06-30,708677,DOMPERIDONA 1MG/1ML SUSPENSION,1,MEDICAMENTOS,1.0,31188.0,3.0
2021-07-31,708756,CATETER RECTO COAXIAL 2L 11FR X 20CM (MAHURKAR RECTO),7,DISPOSITIVOS MEDICO,1.0,170692.0,7.0
2021-08-31,708756,CATETER RECTO COAXIAL 2L 11FR X 20CM (MAHURKAR RECTO),3,DISPOSITIVOS MEDICO,1.0,170692.0,7.0
2021-09-30,708756,CATETER RECTO COAXIAL 2L 11FR X 20CM (MAHURKAR RECTO),10,DISPOSITIVOS MEDICO,1.0,170692.0,7.0
2021-10-31,708756,CATETER RECTO COAXIAL 2L 11FR X 20CM (MAHURKAR RECTO),13,DISPOSITIVOS MEDICO,1.0,170692.0,7.0
2021-11-30,708756,CATETER RECTO COAXIAL 2L 11FR X 20CM (MAHURKAR RECTO),10,DISPOSITIVOS MEDICO,1.0,170692.0,7.0
2021-12-31,708756,CATETER RECTO COAXIAL 2L 11FR X 20CM (MAHURKAR RECTO),7,DISPOSITIVOS MEDICO,1.0,170692.0,7.0
2022-01-31,708756,CATETER RECTO COAXIAL 2L 11FR X 20CM (MAHURKAR RECTO),13,DISPOSITIVOS MEDICO,1.0,170692.0,7.0
2022-02-28,708756,CATETER RECTO COAXIAL 2L 11FR X 20CM (MAHURKAR RECTO),5,DISPOSITIVOS MEDICO,1.0,170692.0,7.0
2022-03-31,708756,CATETER RECTO COAXIAL 2L 11FR X 20CM (MAHURKAR RECTO),6,DISPOSITIVOS MEDICO,1.0,170692.0,7.0
2022-04-30,708756,CATETER RECTO COAXIAL 2L 11FR X 20CM (MAHURKAR RECTO),8,DISPOSITIVOS MEDICO,1.0,170692.0,7.0
2022-05-31,708756,CATETER RECTO COAXIAL 2L 11FR X 20CM (MAHURKAR RECTO),14,DISPOSITIVOS MEDICO,1.0,170692.0,7.0
2022-06-30,708756,CATETER RECTO COAXIAL 2L 11FR X 20CM (MAHURKAR RECTO),13,DISPOSITIVOS MEDICO,1.0,170692.0,7.0
2021-07-31,708771,HARTMAN SOLUCION INYECTABLE 3000 ML,0,MEDICAMENTOS,1.0,,
2021-08-31,708771,HARTMAN SOLUCION INYECTABLE 3000 ML,0,MEDICAMENTOS,1.0,,
2021-09-30,708771,HARTMAN SOLUCION INYECTABLE 3000 ML,0,MEDICAMENTOS,1.0,,
2021-10-31,708771,HARTMAN SOLUCION INYECTABLE 3000 ML,0,MEDICAMENTOS,1.0,,
2021-11-30,708771,HARTMAN SOLUCION INYECTABLE 3000 ML,0,MEDICAMENTOS,1.0,,
2021-12-31,708771,HARTMAN SOLUCION INYECTABLE 3000 ML,0,MEDICAMENTOS,1.0,,
2022-01-31,708771,HARTMAN SOLUCION INYECTABLE 3000 ML,0,MEDICAMENTOS,1.0,,
2022-02-28,708771,HARTMAN SOLUCION INYECTABLE 3000 ML,0,MEDICAMENTOS,1.0,,
2022-03-31,708771,HARTMAN SOLUCION INYECTABLE 3000 ML,0,MEDICAMENTOS,1.0,,
2022-04-30,708771,HARTMAN SOLUCION INYECTABLE 3000 ML,7,MEDICAMENTOS,1.0,,
2022-05-31,708771,HARTMAN SOLUCION INYECTABLE 3000 ML,0,MEDICAMENTOS,1.0,,
2022-06-30,708771,HARTMAN SOLUCION INYECTABLE 3000 ML,0,MEDICAMENTOS,1.0,,
2021-07-31,708786,SENSOR NEONATAL PULSOXIMETRO,16,DISPOSITIVOS MEDICO,1.0,45106.0,14.0
2021-08-31,708786,SENSOR NEONATAL PULSOXIMETRO,44,DISPOSITIVOS MEDICO,1.0,45106.0,14.0
2021-09-30,708786,SENSOR NEONATAL PULSOXIMETRO,37,DISPOSITIVOS MEDICO,1.0,45106.0,14.0
2021-10-31,708786,SENSOR NEONATAL PULSOXIMETRO,31,DISPOSITIVOS MEDICO,1.0,45106.0,14.0
2021-11-30,708786,SENSOR NEONATAL PULSOXIMETRO,39,DISPOSITIVOS MEDICO,1.0,45106.0,14.0
2021-12-31,708786,SENSOR NEONATAL PULSOXIMETRO,50,DISPOSITIVOS MEDICO,1.0,45106.0,14.0
2022-01-31,708786,SENSOR NEONATAL PULSOXIMETRO,64,DISPOSITIVOS MEDICO,1.0,45106.0,14.0
2022-02-28,708786,SENSOR NEONATAL PULSOXIMETRO,39,DISPOSITIVOS MEDICO,1.0,45106.0,14.0
2022-03-31,708786,SENSOR NEONATAL PULSOXIMETRO,41,DISPOSITIVOS MEDICO,1.0,45106.0,14.0
2022-04-30,708786,SENSOR NEONATAL PULSOXIMETRO,33,DISPOSITIVOS MEDICO,1.0,45106.0,14.0
2022-05-31,708786,SENSOR NEONATAL PULSOXIMETRO,42,DISPOSITIVOS MEDICO,1.0,45106.0,14.0
2022-06-30,708786,SENSOR NEONATAL PULSOXIMETRO,27,DISPOSITIVOS MEDICO,1.0,45106.0,14.0
2021-07-31,708833,QUETIAPINA TABLETA 25MG,35,MEDICAMENTOS,1.0,0.0,0.0
2021-08-31,708833,QUETIAPINA TABLETA 25MG,60,MEDICAMENTOS,1.0,0.0,0.0
2021-09-30,708833,QUETIAPINA TABLETA 25MG,87,MEDICAMENTOS,1.0,0.0,0.0
2021-10-31,708833,QUETIAPINA TABLETA 25MG,85,MEDICAMENTOS,1.0,0.0,0.0
2021-11-30,708833,QUETIAPINA TABLETA 25MG,165,MEDICAMENTOS,1.0,0.0,0.0
2021-12-31,708833,QUETIAPINA TABLETA 25MG,279,MEDICAMENTOS,1.0,0.0,0.0
2022-01-31,708833,QUETIAPINA TABLETA 25MG,106,MEDICAMENTOS,1.0,0.0,0.0
2022-02-28,708833,QUETIAPINA TABLETA 25MG,130,MEDICAMENTOS,1.0,0.0,0.0
2022-03-31,708833,QUETIAPINA TABLETA 25MG,356,MEDICAMENTOS,1.0,0.0,0.0
2022-04-30,708833,QUETIAPINA TABLETA 25MG,49,MEDICAMENTOS,1.0,0.0,0.0
2022-05-31,708833,QUETIAPINA TABLETA 25MG,421,MEDICAMENTOS,1.0,0.0,0.0
2022-06-30,708833,QUETIAPINA TABLETA 25MG,323,MEDICAMENTOS,1.0,0.0,0.0
2021-07-31,708836,TOPIRAMATO TABLETA 100MG,0,MEDICAMENTOS,1.0,534.0,17.0
2021-08-31,708836,TOPIRAMATO TABLETA 100MG,0,MEDICAMENTOS,1.0,534.0,17.0
2021-09-30,708836,TOPIRAMATO TABLETA 100MG,0,MEDICAMENTOS,1.0,534.0,17.0
2021-10-31,708836,TOPIRAMATO TABLETA 100MG,0,MEDICAMENTOS,1.0,534.0,17.0
2021-11-30,708836,TOPIRAMATO TABLETA 100MG,3,MEDICAMENTOS,1.0,534.0,17.0
2021-12-31,708836,TOPIRAMATO TABLETA 100MG,0,MEDICAMENTOS,1.0,534.0,17.0
2022-01-31,708836,TOPIRAMATO TABLETA 100MG,0,MEDICAMENTOS,1.0,534.0,17.0
2022-02-28,708836,TOPIRAMATO TABLETA 100MG,0,MEDICAMENTOS,1.0,534.0,17.0
2022-03-31,708836,TOPIRAMATO TABLETA 100MG,0,MEDICAMENTOS,1.0,534.0,17.0
2022-04-30,708836,TOPIRAMATO TABLETA 100MG,0,MEDICAMENTOS,1.0,534.0,17.0
2022-05-31,708836,TOPIRAMATO TABLETA 100MG,0,MEDICAMENTOS,1.0,534.0,17.0
2022-06-30,708836,TOPIRAMATO TABLETA 100MG,0,MEDICAMENTOS,1.0,534.0,17.0
2021-07-31,708852,TRAMPA DE LUKEN    ,51,DISPOSITIVOS MEDICO,1.0,5500.0,17.0
2021-08-31,708852,TRAMPA DE LUKEN    ,56,DISPOSITIVOS MEDICO,1.0,5500.0,17.0
2021-09-30,708852,TRAMPA DE LUKEN    ,39,DISPOSITIVOS MEDICO,1.0,5500.0,17.0
2021-10-31,708852,TRAMPA DE LUKEN    ,52,DISPOSITIVOS MEDICO,1.0,5500.0,17.0
2021-11-30,708852,TRAMPA DE LUKEN    ,47,DISPOSITIVOS MEDICO,1.0,5500.0,17.0
2021-12-31,708852,TRAMPA DE LUKEN    ,70,DISPOSITIVOS MEDICO,1.0,5500.0,17.0
2022-01-31,708852,TRAMPA DE LUKEN    ,67,DISPOSITIVOS MEDICO,1.0,5500.0,17.0
2022-02-28,708852,TRAMPA DE LUKEN    ,56,DISPOSITIVOS MEDICO,1.0,5500.0,17.0
2022-03-31,708852,TRAMPA DE LUKEN    ,70,DISPOSITIVOS MEDICO,1.0,5500.0,17.0
2022-04-30,708852,TRAMPA DE LUKEN    ,59,DISPOSITIVOS MEDICO,1.0,5500.0,17.0
2022-05-31,708852,TRAMPA DE LUKEN    ,129,DISPOSITIVOS MEDICO,1.0,5500.0,17.0
2022-06-30,708852,TRAMPA DE LUKEN    ,171,DISPOSITIVOS MEDICO,1.0,5500.0,17.0
2021-07-31,708883,AQUACEL AG+ APOSITO 20 X 30 ,4,DISPOSITIVOS MEDICO,1.0,130401.0,4.0
2021-08-31,708883,AQUACEL AG+ APOSITO 20 X 30 ,3,DISPOSITIVOS MEDICO,1.0,130401.0,4.0
2021-09-30,708883,AQUACEL AG+ APOSITO 20 X 30 ,7,DISPOSITIVOS MEDICO,1.0,130401.0,4.0
2021-10-31,708883,AQUACEL AG+ APOSITO 20 X 30 ,3,DISPOSITIVOS MEDICO,1.0,130401.0,4.0
2021-11-30,708883,AQUACEL AG+ APOSITO 20 X 30 ,1,DISPOSITIVOS MEDICO,1.0,130401.0,4.0
2021-12-31,708883,AQUACEL AG+ APOSITO 20 X 30 ,4,DISPOSITIVOS MEDICO,1.0,130401.0,4.0
2022-01-31,708883,AQUACEL AG+ APOSITO 20 X 30 ,2,DISPOSITIVOS MEDICO,1.0,130401.0,4.0
2022-02-28,708883,AQUACEL AG+ APOSITO 20 X 30 ,7,DISPOSITIVOS MEDICO,1.0,130401.0,4.0
2022-03-31,708883,AQUACEL AG+ APOSITO 20 X 30 ,5,DISPOSITIVOS MEDICO,1.0,130401.0,4.0
2022-04-30,708883,AQUACEL AG+ APOSITO 20 X 30 ,4,DISPOSITIVOS MEDICO,1.0,130401.0,4.0
2022-05-31,708883,AQUACEL AG+ APOSITO 20 X 30 ,3,DISPOSITIVOS MEDICO,1.0,130401.0,4.0
2022-06-30,708883,AQUACEL AG+ APOSITO 20 X 30 ,4,DISPOSITIVOS MEDICO,1.0,130401.0,4.0
2021-07-31,708919,ZIDOVUDINA SOLUCIÓN INYECTABLE 10MG/1ML,0,MEDICAMENTOS,1.0,0.0,0.0
2021-08-31,708919,ZIDOVUDINA SOLUCIÓN INYECTABLE 10MG/1ML,0,MEDICAMENTOS,1.0,0.0,0.0
2021-09-30,708919,ZIDOVUDINA SOLUCIÓN INYECTABLE 10MG/1ML,0,MEDICAMENTOS,1.0,0.0,0.0
2021-10-31,708919,ZIDOVUDINA SOLUCIÓN INYECTABLE 10MG/1ML,0,MEDICAMENTOS,1.0,0.0,0.0
2021-11-30,708919,ZIDOVUDINA SOLUCIÓN INYECTABLE 10MG/1ML,0,MEDICAMENTOS,1.0,0.0,0.0
2021-12-31,708919,ZIDOVUDINA SOLUCIÓN INYECTABLE 10MG/1ML,0,MEDICAMENTOS,1.0,0.0,0.0
2022-01-31,708919,ZIDOVUDINA SOLUCIÓN INYECTABLE 10MG/1ML,0,MEDICAMENTOS,1.0,0.0,0.0
2022-02-28,708919,ZIDOVUDINA SOLUCIÓN INYECTABLE 10MG/1ML,3,MEDICAMENTOS,1.0,0.0,0.0
2022-03-31,708919,ZIDOVUDINA SOLUCIÓN INYECTABLE 10MG/1ML,0,MEDICAMENTOS,1.0,0.0,0.0
2022-04-30,708919,ZIDOVUDINA SOLUCIÓN INYECTABLE 10MG/1ML,0,MEDICAMENTOS,1.0,0.0,0.0
2022-05-31,708919,ZIDOVUDINA SOLUCIÓN INYECTABLE 10MG/1ML,0,MEDICAMENTOS,1.0,0.0,0.0
2022-06-30,708919,ZIDOVUDINA SOLUCIÓN INYECTABLE 10MG/1ML,0,MEDICAMENTOS,1.0,0.0,0.0
2021-07-31,709134,LEVETIRACETAM TABLETA 500MG,345,MEDICAMENTOS,1.0,607.0,17.0
2021-08-31,709134,LEVETIRACETAM TABLETA 500MG,194,MEDICAMENTOS,1.0,607.0,17.0
2021-09-30,709134,LEVETIRACETAM TABLETA 500MG,131,MEDICAMENTOS,1.0,607.0,17.0
2021-10-31,709134,LEVETIRACETAM TABLETA 500MG,258,MEDICAMENTOS,1.0,607.0,17.0
2021-11-30,709134,LEVETIRACETAM TABLETA 500MG,104,MEDICAMENTOS,1.0,607.0,17.0
2021-12-31,709134,LEVETIRACETAM TABLETA 500MG,167,MEDICAMENTOS,1.0,607.0,17.0
2022-01-31,709134,LEVETIRACETAM TABLETA 500MG,98,MEDICAMENTOS,1.0,607.0,17.0
2022-02-28,709134,LEVETIRACETAM TABLETA 500MG,54,MEDICAMENTOS,1.0,607.0,17.0
2022-03-31,709134,LEVETIRACETAM TABLETA 500MG,108,MEDICAMENTOS,1.0,607.0,17.0
2022-04-30,709134,LEVETIRACETAM TABLETA 500MG,237,MEDICAMENTOS,1.0,607.0,17.0
2022-05-31,709134,LEVETIRACETAM TABLETA 500MG,313,MEDICAMENTOS,1.0,607.0,17.0
2022-06-30,709134,LEVETIRACETAM TABLETA 500MG,359,MEDICAMENTOS,1.0,607.0,17.0
2021-07-31,709707,CATETER VENOSO CENTRAL (CVC) BILUMEN 7FRX20CM ,3,DISPOSITIVOS MEDICO,1.0,84003.0,11.0
2021-08-31,709707,CATETER VENOSO CENTRAL (CVC) BILUMEN 7FRX20CM ,5,DISPOSITIVOS MEDICO,1.0,84003.0,11.0
2021-09-30,709707,CATETER VENOSO CENTRAL (CVC) BILUMEN 7FRX20CM ,8,DISPOSITIVOS MEDICO,1.0,84003.0,11.0
2021-10-31,709707,CATETER VENOSO CENTRAL (CVC) BILUMEN 7FRX20CM ,4,DISPOSITIVOS MEDICO,1.0,84003.0,11.0
2021-11-30,709707,CATETER VENOSO CENTRAL (CVC) BILUMEN 7FRX20CM ,7,DISPOSITIVOS MEDICO,1.0,84003.0,11.0
2021-12-31,709707,CATETER VENOSO CENTRAL (CVC) BILUMEN 7FRX20CM ,3,DISPOSITIVOS MEDICO,1.0,84003.0,11.0
2022-01-31,709707,CATETER VENOSO CENTRAL (CVC) BILUMEN 7FRX20CM ,4,DISPOSITIVOS MEDICO,1.0,84003.0,11.0
2022-02-28,709707,CATETER VENOSO CENTRAL (CVC) BILUMEN 7FRX20CM ,4,DISPOSITIVOS MEDICO,1.0,84003.0,11.0
2022-03-31,709707,CATETER VENOSO CENTRAL (CVC) BILUMEN 7FRX20CM ,6,DISPOSITIVOS MEDICO,1.0,84003.0,11.0
2022-04-30,709707,CATETER VENOSO CENTRAL (CVC) BILUMEN 7FRX20CM ,15,DISPOSITIVOS MEDICO,1.0,84003.0,11.0
2022-05-31,709707,CATETER VENOSO CENTRAL (CVC) BILUMEN 7FRX20CM ,3,DISPOSITIVOS MEDICO,1.0,84003.0,11.0
2022-06-30,709707,CATETER VENOSO CENTRAL (CVC) BILUMEN 7FRX20CM ,5,DISPOSITIVOS MEDICO,1.0,84003.0,11.0
2021-07-31,709736,"ALPRAZOLAM TABLETA 0,25 MG ",101,CONTROLADOS,1.0,53.0,401.0
2021-08-31,709736,"ALPRAZOLAM TABLETA 0,25 MG ",89,CONTROLADOS,1.0,53.0,401.0
2021-09-30,709736,"ALPRAZOLAM TABLETA 0,25 MG ",116,CONTROLADOS,1.0,53.0,401.0
2021-10-31,709736,"ALPRAZOLAM TABLETA 0,25 MG ",215,CONTROLADOS,1.0,53.0,401.0
2021-11-30,709736,"ALPRAZOLAM TABLETA 0,25 MG ",107,CONTROLADOS,1.0,53.0,401.0
2021-12-31,709736,"ALPRAZOLAM TABLETA 0,25 MG ",78,CONTROLADOS,1.0,53.0,401.0
2022-01-31,709736,"ALPRAZOLAM TABLETA 0,25 MG ",77,CONTROLADOS,1.0,53.0,401.0
2022-02-28,709736,"ALPRAZOLAM TABLETA 0,25 MG ",68,CONTROLADOS,1.0,53.0,401.0
2022-03-31,709736,"ALPRAZOLAM TABLETA 0,25 MG ",94,CONTROLADOS,1.0,53.0,401.0
2022-04-30,709736,"ALPRAZOLAM TABLETA 0,25 MG ",258,CONTROLADOS,1.0,53.0,401.0
2022-05-31,709736,"ALPRAZOLAM TABLETA 0,25 MG ",85,CONTROLADOS,1.0,53.0,401.0
2022-06-30,709736,"ALPRAZOLAM TABLETA 0,25 MG ",55,CONTROLADOS,1.0,53.0,401.0
2021-07-31,709757,DIAZEPAM SOLUCIÓN INYECTABLE 10MG/2ML ,0,CONTROLADOS,1.0,1108.0,76.0
2021-08-31,709757,DIAZEPAM SOLUCIÓN INYECTABLE 10MG/2ML ,0,CONTROLADOS,1.0,1108.0,76.0
2021-09-30,709757,DIAZEPAM SOLUCIÓN INYECTABLE 10MG/2ML ,0,CONTROLADOS,1.0,1108.0,76.0
2021-10-31,709757,DIAZEPAM SOLUCIÓN INYECTABLE 10MG/2ML ,1,CONTROLADOS,1.0,1108.0,76.0
2021-11-30,709757,DIAZEPAM SOLUCIÓN INYECTABLE 10MG/2ML ,2,CONTROLADOS,1.0,1108.0,76.0
2021-12-31,709757,DIAZEPAM SOLUCIÓN INYECTABLE 10MG/2ML ,0,CONTROLADOS,1.0,1108.0,76.0
2022-01-31,709757,DIAZEPAM SOLUCIÓN INYECTABLE 10MG/2ML ,1,CONTROLADOS,1.0,1108.0,76.0
2022-02-28,709757,DIAZEPAM SOLUCIÓN INYECTABLE 10MG/2ML ,1,CONTROLADOS,1.0,1108.0,76.0
2022-03-31,709757,DIAZEPAM SOLUCIÓN INYECTABLE 10MG/2ML ,1,CONTROLADOS,1.0,1108.0,76.0
2022-04-30,709757,DIAZEPAM SOLUCIÓN INYECTABLE 10MG/2ML ,1,CONTROLADOS,1.0,1108.0,76.0
2022-05-31,709757,DIAZEPAM SOLUCIÓN INYECTABLE 10MG/2ML ,3,CONTROLADOS,1.0,1108.0,76.0
2022-06-30,709757,DIAZEPAM SOLUCIÓN INYECTABLE 10MG/2ML ,1,CONTROLADOS,1.0,1108.0,76.0
2021-07-31,710039,SEDA  0 CS424 (GS-21)SOFSILK  TYCO,0,DISPOSITIVOS MEDICO,1.0,5100.0,26.0
2021-08-31,710039,SEDA  0 CS424 (GS-21)SOFSILK  TYCO,0,DISPOSITIVOS MEDICO,1.0,5100.0,26.0
2021-09-30,710039,SEDA  0 CS424 (GS-21)SOFSILK  TYCO,0,DISPOSITIVOS MEDICO,1.0,5100.0,26.0
2021-10-31,710039,SEDA  0 CS424 (GS-21)SOFSILK  TYCO,4,DISPOSITIVOS MEDICO,1.0,5100.0,26.0
2021-11-30,710039,SEDA  0 CS424 (GS-21)SOFSILK  TYCO,0,DISPOSITIVOS MEDICO,1.0,5100.0,26.0
2021-12-31,710039,SEDA  0 CS424 (GS-21)SOFSILK  TYCO,1,DISPOSITIVOS MEDICO,1.0,5100.0,26.0
2022-01-31,710039,SEDA  0 CS424 (GS-21)SOFSILK  TYCO,1,DISPOSITIVOS MEDICO,1.0,5100.0,26.0
2022-02-28,710039,SEDA  0 CS424 (GS-21)SOFSILK  TYCO,1,DISPOSITIVOS MEDICO,1.0,5100.0,26.0
2022-03-31,710039,SEDA  0 CS424 (GS-21)SOFSILK  TYCO,1,DISPOSITIVOS MEDICO,1.0,5100.0,26.0
2022-04-30,710039,SEDA  0 CS424 (GS-21)SOFSILK  TYCO,0,DISPOSITIVOS MEDICO,1.0,5100.0,26.0
2022-05-31,710039,SEDA  0 CS424 (GS-21)SOFSILK  TYCO,0,DISPOSITIVOS MEDICO,1.0,5100.0,26.0
2022-06-30,710039,SEDA  0 CS424 (GS-21)SOFSILK  TYCO,4,DISPOSITIVOS MEDICO,1.0,5100.0,26.0
2021-07-31,710045,SEDA 3-0 SS684( C-14)SOFSILK,6,DISPOSITIVOS MEDICO,1.0,4936.0,7.0
2021-08-31,710045,SEDA 3-0 SS684( C-14)SOFSILK,12,DISPOSITIVOS MEDICO,1.0,4936.0,7.0
2021-09-30,710045,SEDA 3-0 SS684( C-14)SOFSILK,16,DISPOSITIVOS MEDICO,1.0,4936.0,7.0
2021-10-31,710045,SEDA 3-0 SS684( C-14)SOFSILK,13,DISPOSITIVOS MEDICO,1.0,4936.0,7.0
2021-11-30,710045,SEDA 3-0 SS684( C-14)SOFSILK,13,DISPOSITIVOS MEDICO,1.0,4936.0,7.0
2021-12-31,710045,SEDA 3-0 SS684( C-14)SOFSILK,10,DISPOSITIVOS MEDICO,1.0,4936.0,7.0
2022-01-31,710045,SEDA 3-0 SS684( C-14)SOFSILK,23,DISPOSITIVOS MEDICO,1.0,4936.0,7.0
2022-02-28,710045,SEDA 3-0 SS684( C-14)SOFSILK,14,DISPOSITIVOS MEDICO,1.0,4936.0,7.0
2022-03-31,710045,SEDA 3-0 SS684( C-14)SOFSILK,15,DISPOSITIVOS MEDICO,1.0,4936.0,7.0
2022-04-30,710045,SEDA 3-0 SS684( C-14)SOFSILK,5,DISPOSITIVOS MEDICO,1.0,4936.0,7.0
2022-05-31,710045,SEDA 3-0 SS684( C-14)SOFSILK,19,DISPOSITIVOS MEDICO,1.0,4936.0,7.0
2022-06-30,710045,SEDA 3-0 SS684( C-14)SOFSILK,8,DISPOSITIVOS MEDICO,1.0,4936.0,7.0
2021-07-31,710108,SURGIPRO 4-0 SP5682 (P-12) TYCO,0,DISPOSITIVOS MEDICO,1.0,0.0,0.0
2021-08-31,710108,SURGIPRO 4-0 SP5682 (P-12) TYCO,0,DISPOSITIVOS MEDICO,1.0,0.0,0.0
2021-09-30,710108,SURGIPRO 4-0 SP5682 (P-12) TYCO,0,DISPOSITIVOS MEDICO,1.0,0.0,0.0
2021-10-31,710108,SURGIPRO 4-0 SP5682 (P-12) TYCO,1,DISPOSITIVOS MEDICO,1.0,0.0,0.0
2021-11-30,710108,SURGIPRO 4-0 SP5682 (P-12) TYCO,0,DISPOSITIVOS MEDICO,1.0,0.0,0.0
2021-12-31,710108,SURGIPRO 4-0 SP5682 (P-12) TYCO,0,DISPOSITIVOS MEDICO,1.0,0.0,0.0
2022-01-31,710108,SURGIPRO 4-0 SP5682 (P-12) TYCO,0,DISPOSITIVOS MEDICO,1.0,0.0,0.0
2022-02-28,710108,SURGIPRO 4-0 SP5682 (P-12) TYCO,0,DISPOSITIVOS MEDICO,1.0,0.0,0.0
2022-03-31,710108,SURGIPRO 4-0 SP5682 (P-12) TYCO,0,DISPOSITIVOS MEDICO,1.0,0.0,0.0
2022-04-30,710108,SURGIPRO 4-0 SP5682 (P-12) TYCO,0,DISPOSITIVOS MEDICO,1.0,0.0,0.0
2022-05-31,710108,SURGIPRO 4-0 SP5682 (P-12) TYCO,0,DISPOSITIVOS MEDICO,1.0,0.0,0.0
2022-06-30,710108,SURGIPRO 4-0 SP5682 (P-12) TYCO,0,DISPOSITIVOS MEDICO,1.0,0.0,0.0
2021-07-31,710110,SEDA 2-0 SS685 (C-15) SOFSILK CURVA,4,DISPOSITIVOS MEDICO,1.0,,
2021-08-31,710110,SEDA 2-0 SS685 (C-15) SOFSILK CURVA,4,DISPOSITIVOS MEDICO,1.0,,
2021-09-30,710110,SEDA 2-0 SS685 (C-15) SOFSILK CURVA,6,DISPOSITIVOS MEDICO,1.0,,
2021-10-31,710110,SEDA 2-0 SS685 (C-15) SOFSILK CURVA,3,DISPOSITIVOS MEDICO,1.0,,
2021-11-30,710110,SEDA 2-0 SS685 (C-15) SOFSILK CURVA,14,DISPOSITIVOS MEDICO,1.0,,
2021-12-31,710110,SEDA 2-0 SS685 (C-15) SOFSILK CURVA,11,DISPOSITIVOS MEDICO,1.0,,
2022-01-31,710110,SEDA 2-0 SS685 (C-15) SOFSILK CURVA,11,DISPOSITIVOS MEDICO,1.0,,
2022-02-28,710110,SEDA 2-0 SS685 (C-15) SOFSILK CURVA,7,DISPOSITIVOS MEDICO,1.0,,
2022-03-31,710110,SEDA 2-0 SS685 (C-15) SOFSILK CURVA,0,DISPOSITIVOS MEDICO,1.0,,
2022-04-30,710110,SEDA 2-0 SS685 (C-15) SOFSILK CURVA,0,DISPOSITIVOS MEDICO,1.0,,
2022-05-31,710110,SEDA 2-0 SS685 (C-15) SOFSILK CURVA,0,DISPOSITIVOS MEDICO,1.0,,
2022-06-30,710110,SEDA 2-0 SS685 (C-15) SOFSILK CURVA,0,DISPOSITIVOS MEDICO,1.0,,
2021-07-31,710111,SEDA 2-0 SS623 (SC-2) SOFSILK RECTA,64,DISPOSITIVOS MEDICO,1.0,,
2021-08-31,710111,SEDA 2-0 SS623 (SC-2) SOFSILK RECTA,80,DISPOSITIVOS MEDICO,1.0,,
2021-09-30,710111,SEDA 2-0 SS623 (SC-2) SOFSILK RECTA,85,DISPOSITIVOS MEDICO,1.0,,
2021-10-31,710111,SEDA 2-0 SS623 (SC-2) SOFSILK RECTA,85,DISPOSITIVOS MEDICO,1.0,,
2021-11-30,710111,SEDA 2-0 SS623 (SC-2) SOFSILK RECTA,78,DISPOSITIVOS MEDICO,1.0,,
2021-12-31,710111,SEDA 2-0 SS623 (SC-2) SOFSILK RECTA,74,DISPOSITIVOS MEDICO,1.0,,
2022-01-31,710111,SEDA 2-0 SS623 (SC-2) SOFSILK RECTA,69,DISPOSITIVOS MEDICO,1.0,,
2022-02-28,710111,SEDA 2-0 SS623 (SC-2) SOFSILK RECTA,82,DISPOSITIVOS MEDICO,1.0,,
2022-03-31,710111,SEDA 2-0 SS623 (SC-2) SOFSILK RECTA,82,DISPOSITIVOS MEDICO,1.0,,
2022-04-30,710111,SEDA 2-0 SS623 (SC-2) SOFSILK RECTA,82,DISPOSITIVOS MEDICO,1.0,,
2022-05-31,710111,SEDA 2-0 SS623 (SC-2) SOFSILK RECTA,109,DISPOSITIVOS MEDICO,1.0,,
2022-06-30,710111,SEDA 2-0 SS623 (SC-2) SOFSILK RECTA,62,DISPOSITIVOS MEDICO,1.0,,
2021-07-31,710176,PROPOFOL SOLUCIÓN INYECTABLE 10MG/1ML (500MG/50ML),0,MEDICAMENTOS,1.0,12909.0,9.0
2021-08-31,710176,PROPOFOL SOLUCIÓN INYECTABLE 10MG/1ML (500MG/50ML),0,MEDICAMENTOS,1.0,12909.0,9.0
2021-09-30,710176,PROPOFOL SOLUCIÓN INYECTABLE 10MG/1ML (500MG/50ML),0,MEDICAMENTOS,1.0,12909.0,9.0
2021-10-31,710176,PROPOFOL SOLUCIÓN INYECTABLE 10MG/1ML (500MG/50ML),0,MEDICAMENTOS,1.0,12909.0,9.0
2021-11-30,710176,PROPOFOL SOLUCIÓN INYECTABLE 10MG/1ML (500MG/50ML),0,MEDICAMENTOS,1.0,12909.0,9.0
2021-12-31,710176,PROPOFOL SOLUCIÓN INYECTABLE 10MG/1ML (500MG/50ML),0,MEDICAMENTOS,1.0,12909.0,9.0
2022-01-31,710176,PROPOFOL SOLUCIÓN INYECTABLE 10MG/1ML (500MG/50ML),0,MEDICAMENTOS,1.0,12909.0,9.0
2022-02-28,710176,PROPOFOL SOLUCIÓN INYECTABLE 10MG/1ML (500MG/50ML),0,MEDICAMENTOS,1.0,12909.0,9.0
2022-03-31,710176,PROPOFOL SOLUCIÓN INYECTABLE 10MG/1ML (500MG/50ML),0,MEDICAMENTOS,1.0,12909.0,9.0
2022-04-30,710176,PROPOFOL SOLUCIÓN INYECTABLE 10MG/1ML (500MG/50ML),0,MEDICAMENTOS,1.0,12909.0,9.0
2022-05-31,710176,PROPOFOL SOLUCIÓN INYECTABLE 10MG/1ML (500MG/50ML),0,MEDICAMENTOS,1.0,12909.0,9.0
2022-06-30,710176,PROPOFOL SOLUCIÓN INYECTABLE 10MG/1ML (500MG/50ML),6,MEDICAMENTOS,1.0,12909.0,9.0
2021-07-31,710356,"CARVEDILOL TABLETA 6,25MG",384,MEDICAMENTOS,1.0,13.666666666666666,1.0
2021-08-31,710356,"CARVEDILOL TABLETA 6,25MG",396,MEDICAMENTOS,1.0,13.666666666666666,1.0
2021-09-30,710356,"CARVEDILOL TABLETA 6,25MG",435,MEDICAMENTOS,1.0,13.666666666666666,1.0
2021-10-31,710356,"CARVEDILOL TABLETA 6,25MG",300,MEDICAMENTOS,1.0,13.666666666666666,1.0
2021-11-30,710356,"CARVEDILOL TABLETA 6,25MG",225,MEDICAMENTOS,1.0,13.666666666666666,1.0
2021-12-31,710356,"CARVEDILOL TABLETA 6,25MG",331,MEDICAMENTOS,1.0,13.666666666666666,1.0
2022-01-31,710356,"CARVEDILOL TABLETA 6,25MG",461,MEDICAMENTOS,1.0,13.666666666666666,1.0
2022-02-28,710356,"CARVEDILOL TABLETA 6,25MG",313,MEDICAMENTOS,1.0,13.666666666666666,1.0
2022-03-31,710356,"CARVEDILOL TABLETA 6,25MG",295,MEDICAMENTOS,1.0,13.666666666666666,1.0
2022-04-30,710356,"CARVEDILOL TABLETA 6,25MG",288,MEDICAMENTOS,1.0,13.666666666666666,1.0
2022-05-31,710356,"CARVEDILOL TABLETA 6,25MG",544,MEDICAMENTOS,1.0,13.666666666666666,1.0
2022-06-30,710356,"CARVEDILOL TABLETA 6,25MG",486,MEDICAMENTOS,1.0,13.666666666666666,1.0
2021-07-31,710703,HIDROXICARBAMIDA CÁPSULA 500MG,61,MEDICAMENTOS,1.0,1215.0,24.0
2021-08-31,710703,HIDROXICARBAMIDA CÁPSULA 500MG,113,MEDICAMENTOS,1.0,1215.0,24.0
2021-09-30,710703,HIDROXICARBAMIDA CÁPSULA 500MG,103,MEDICAMENTOS,1.0,1215.0,24.0
2021-10-31,710703,HIDROXICARBAMIDA CÁPSULA 500MG,53,MEDICAMENTOS,1.0,1215.0,24.0
2021-11-30,710703,HIDROXICARBAMIDA CÁPSULA 500MG,0,MEDICAMENTOS,1.0,1215.0,24.0
2021-12-31,710703,HIDROXICARBAMIDA CÁPSULA 500MG,62,MEDICAMENTOS,1.0,1215.0,24.0
2022-01-31,710703,HIDROXICARBAMIDA CÁPSULA 500MG,33,MEDICAMENTOS,1.0,1215.0,24.0
2022-02-28,710703,HIDROXICARBAMIDA CÁPSULA 500MG,9,MEDICAMENTOS,1.0,1215.0,24.0
2022-03-31,710703,HIDROXICARBAMIDA CÁPSULA 500MG,0,MEDICAMENTOS,1.0,1215.0,24.0
2022-04-30,710703,HIDROXICARBAMIDA CÁPSULA 500MG,33,MEDICAMENTOS,1.0,1215.0,24.0
2022-05-31,710703,HIDROXICARBAMIDA CÁPSULA 500MG,14,MEDICAMENTOS,1.0,1215.0,24.0
2022-06-30,710703,HIDROXICARBAMIDA CÁPSULA 500MG,0,MEDICAMENTOS,1.0,1215.0,24.0
2021-07-31,710768,CYSTOFLOW 500 ML,20,DISPOSITIVOS MEDICO,1.0,4137.0,6.0
2021-08-31,710768,CYSTOFLOW 500 ML,25,DISPOSITIVOS MEDICO,1.0,4137.0,6.0
2021-09-30,710768,CYSTOFLOW 500 ML,27,DISPOSITIVOS MEDICO,1.0,4137.0,6.0
2021-10-31,710768,CYSTOFLOW 500 ML,15,DISPOSITIVOS MEDICO,1.0,4137.0,6.0
2021-11-30,710768,CYSTOFLOW 500 ML,17,DISPOSITIVOS MEDICO,1.0,4137.0,6.0
2021-12-31,710768,CYSTOFLOW 500 ML,10,DISPOSITIVOS MEDICO,1.0,4137.0,6.0
2022-01-31,710768,CYSTOFLOW 500 ML,5,DISPOSITIVOS MEDICO,1.0,4137.0,6.0
2022-02-28,710768,CYSTOFLOW 500 ML,11,DISPOSITIVOS MEDICO,1.0,4137.0,6.0
2022-03-31,710768,CYSTOFLOW 500 ML,13,DISPOSITIVOS MEDICO,1.0,4137.0,6.0
2022-04-30,710768,CYSTOFLOW 500 ML,26,DISPOSITIVOS MEDICO,1.0,4137.0,6.0
2022-05-31,710768,CYSTOFLOW 500 ML,11,DISPOSITIVOS MEDICO,1.0,4137.0,6.0
2022-06-30,710768,CYSTOFLOW 500 ML,7,DISPOSITIVOS MEDICO,1.0,4137.0,6.0
2021-07-31,711321,ADAPTADOR P/CO-SET REF-93505,1,DISPOSITIVOS MEDICO,1.0,37479.0,3.0
2021-08-31,711321,ADAPTADOR P/CO-SET REF-93505,1,DISPOSITIVOS MEDICO,1.0,37479.0,3.0
2021-09-30,711321,ADAPTADOR P/CO-SET REF-93505,0,DISPOSITIVOS MEDICO,1.0,37479.0,3.0
2021-10-31,711321,ADAPTADOR P/CO-SET REF-93505,1,DISPOSITIVOS MEDICO,1.0,37479.0,3.0
2021-11-30,711321,ADAPTADOR P/CO-SET REF-93505,1,DISPOSITIVOS MEDICO,1.0,37479.0,3.0
2021-12-31,711321,ADAPTADOR P/CO-SET REF-93505,1,DISPOSITIVOS MEDICO,1.0,37479.0,3.0
2022-01-31,711321,ADAPTADOR P/CO-SET REF-93505,0,DISPOSITIVOS MEDICO,1.0,37479.0,3.0
2022-02-28,711321,ADAPTADOR P/CO-SET REF-93505,0,DISPOSITIVOS MEDICO,1.0,37479.0,3.0
2022-03-31,711321,ADAPTADOR P/CO-SET REF-93505,1,DISPOSITIVOS MEDICO,1.0,37479.0,3.0
2022-04-30,711321,ADAPTADOR P/CO-SET REF-93505,3,DISPOSITIVOS MEDICO,1.0,37479.0,3.0
2022-05-31,711321,ADAPTADOR P/CO-SET REF-93505,1,DISPOSITIVOS MEDICO,1.0,37479.0,3.0
2022-06-30,711321,ADAPTADOR P/CO-SET REF-93505,0,DISPOSITIVOS MEDICO,1.0,37479.0,3.0
2021-07-31,711417,AZUL DE METILENO 1% x 5ML,4,MEDICAMENTOS,1.0,8897.0,5.0
2021-08-31,711417,AZUL DE METILENO 1% x 5ML,3,MEDICAMENTOS,1.0,8897.0,5.0
2021-09-30,711417,AZUL DE METILENO 1% x 5ML,2,MEDICAMENTOS,1.0,8897.0,5.0
2021-10-31,711417,AZUL DE METILENO 1% x 5ML,6,MEDICAMENTOS,1.0,8897.0,5.0
2021-11-30,711417,AZUL DE METILENO 1% x 5ML,0,MEDICAMENTOS,1.0,8897.0,5.0
2021-12-31,711417,AZUL DE METILENO 1% x 5ML,3,MEDICAMENTOS,1.0,8897.0,5.0
2022-01-31,711417,AZUL DE METILENO 1% x 5ML,8,MEDICAMENTOS,1.0,8897.0,5.0
2022-02-28,711417,AZUL DE METILENO 1% x 5ML,0,MEDICAMENTOS,1.0,8897.0,5.0
2022-03-31,711417,AZUL DE METILENO 1% x 5ML,5,MEDICAMENTOS,1.0,8897.0,5.0
2022-04-30,711417,AZUL DE METILENO 1% x 5ML,6,MEDICAMENTOS,1.0,8897.0,5.0
2022-05-31,711417,AZUL DE METILENO 1% x 5ML,6,MEDICAMENTOS,1.0,8897.0,5.0
2022-06-30,711417,AZUL DE METILENO 1% x 5ML,0,MEDICAMENTOS,1.0,8897.0,5.0
2021-07-31,711979,"FLUDROCORTISONA TABLETA 0,1MG",0,MEDICAMENTOS,1.0,1739.0,52.0
2021-08-31,711979,"FLUDROCORTISONA TABLETA 0,1MG",0,MEDICAMENTOS,1.0,1739.0,52.0
2021-09-30,711979,"FLUDROCORTISONA TABLETA 0,1MG",0,MEDICAMENTOS,1.0,1739.0,52.0
2021-10-31,711979,"FLUDROCORTISONA TABLETA 0,1MG",0,MEDICAMENTOS,1.0,1739.0,52.0
2021-11-30,711979,"FLUDROCORTISONA TABLETA 0,1MG",6,MEDICAMENTOS,1.0,1739.0,52.0
2021-12-31,711979,"FLUDROCORTISONA TABLETA 0,1MG",21,MEDICAMENTOS,1.0,1739.0,52.0
2022-01-31,711979,"FLUDROCORTISONA TABLETA 0,1MG",21,MEDICAMENTOS,1.0,1739.0,52.0
2022-02-28,711979,"FLUDROCORTISONA TABLETA 0,1MG",0,MEDICAMENTOS,1.0,1739.0,52.0
2022-03-31,711979,"FLUDROCORTISONA TABLETA 0,1MG",0,MEDICAMENTOS,1.0,1739.0,52.0
2022-04-30,711979,"FLUDROCORTISONA TABLETA 0,1MG",0,MEDICAMENTOS,1.0,1739.0,52.0
2022-05-31,711979,"FLUDROCORTISONA TABLETA 0,1MG",2,MEDICAMENTOS,1.0,1739.0,52.0
2022-06-30,711979,"FLUDROCORTISONA TABLETA 0,1MG",11,MEDICAMENTOS,1.0,1739.0,52.0
2021-07-31,712599,ARTEMETER/LUMEFANTRINA TABLETA 20/120MG,0,MEDICAMENTOS,1.0,,
2021-08-31,712599,ARTEMETER/LUMEFANTRINA TABLETA 20/120MG,0,MEDICAMENTOS,1.0,,
2021-09-30,712599,ARTEMETER/LUMEFANTRINA TABLETA 20/120MG,0,MEDICAMENTOS,1.0,,
2021-10-31,712599,ARTEMETER/LUMEFANTRINA TABLETA 20/120MG,0,MEDICAMENTOS,1.0,,
2021-11-30,712599,ARTEMETER/LUMEFANTRINA TABLETA 20/120MG,0,MEDICAMENTOS,1.0,,
2021-12-31,712599,ARTEMETER/LUMEFANTRINA TABLETA 20/120MG,0,MEDICAMENTOS,1.0,,
2022-01-31,712599,ARTEMETER/LUMEFANTRINA TABLETA 20/120MG,24,MEDICAMENTOS,1.0,,
2022-02-28,712599,ARTEMETER/LUMEFANTRINA TABLETA 20/120MG,0,MEDICAMENTOS,1.0,,
2022-03-31,712599,ARTEMETER/LUMEFANTRINA TABLETA 20/120MG,0,MEDICAMENTOS,1.0,,
2022-04-30,712599,ARTEMETER/LUMEFANTRINA TABLETA 20/120MG,0,MEDICAMENTOS,1.0,,
2022-05-31,712599,ARTEMETER/LUMEFANTRINA TABLETA 20/120MG,20,MEDICAMENTOS,1.0,,
2022-06-30,712599,ARTEMETER/LUMEFANTRINA TABLETA 20/120MG,34,MEDICAMENTOS,1.0,,
2021-07-31,712920,SONDA FOLEY 2 VIAS 8X3 SILICONADA PEDIATRICA ,0,DISPOSITIVOS MEDICO,1.0,24400.0,1.0
2021-08-31,712920,SONDA FOLEY 2 VIAS 8X3 SILICONADA PEDIATRICA ,0,DISPOSITIVOS MEDICO,1.0,24400.0,1.0
2021-09-30,712920,SONDA FOLEY 2 VIAS 8X3 SILICONADA PEDIATRICA ,0,DISPOSITIVOS MEDICO,1.0,24400.0,1.0
2021-10-31,712920,SONDA FOLEY 2 VIAS 8X3 SILICONADA PEDIATRICA ,0,DISPOSITIVOS MEDICO,1.0,24400.0,1.0
2021-11-30,712920,SONDA FOLEY 2 VIAS 8X3 SILICONADA PEDIATRICA ,0,DISPOSITIVOS MEDICO,1.0,24400.0,1.0
2021-12-31,712920,SONDA FOLEY 2 VIAS 8X3 SILICONADA PEDIATRICA ,0,DISPOSITIVOS MEDICO,1.0,24400.0,1.0
2022-01-31,712920,SONDA FOLEY 2 VIAS 8X3 SILICONADA PEDIATRICA ,0,DISPOSITIVOS MEDICO,1.0,24400.0,1.0
2022-02-28,712920,SONDA FOLEY 2 VIAS 8X3 SILICONADA PEDIATRICA ,0,DISPOSITIVOS MEDICO,1.0,24400.0,1.0
2022-03-31,712920,SONDA FOLEY 2 VIAS 8X3 SILICONADA PEDIATRICA ,1,DISPOSITIVOS MEDICO,1.0,24400.0,1.0
2022-04-30,712920,SONDA FOLEY 2 VIAS 8X3 SILICONADA PEDIATRICA ,0,DISPOSITIVOS MEDICO,1.0,24400.0,1.0
2022-05-31,712920,SONDA FOLEY 2 VIAS 8X3 SILICONADA PEDIATRICA ,0,DISPOSITIVOS MEDICO,1.0,24400.0,1.0
2022-06-30,712920,SONDA FOLEY 2 VIAS 8X3 SILICONADA PEDIATRICA ,0,DISPOSITIVOS MEDICO,1.0,24400.0,1.0
2021-07-31,712991,CANULA NASAL OXIGENO PEDIATRICA NO ESTERIL ,0,DISPOSITIVOS MEDICO,1.0,,
2021-08-31,712991,CANULA NASAL OXIGENO PEDIATRICA NO ESTERIL ,1,DISPOSITIVOS MEDICO,1.0,,
2021-09-30,712991,CANULA NASAL OXIGENO PEDIATRICA NO ESTERIL ,0,DISPOSITIVOS MEDICO,1.0,,
2021-10-31,712991,CANULA NASAL OXIGENO PEDIATRICA NO ESTERIL ,0,DISPOSITIVOS MEDICO,1.0,,
2021-11-30,712991,CANULA NASAL OXIGENO PEDIATRICA NO ESTERIL ,0,DISPOSITIVOS MEDICO,1.0,,
2021-12-31,712991,CANULA NASAL OXIGENO PEDIATRICA NO ESTERIL ,0,DISPOSITIVOS MEDICO,1.0,,
2022-01-31,712991,CANULA NASAL OXIGENO PEDIATRICA NO ESTERIL ,0,DISPOSITIVOS MEDICO,1.0,,
2022-02-28,712991,CANULA NASAL OXIGENO PEDIATRICA NO ESTERIL ,0,DISPOSITIVOS MEDICO,1.0,,
2022-03-31,712991,CANULA NASAL OXIGENO PEDIATRICA NO ESTERIL ,0,DISPOSITIVOS MEDICO,1.0,,
2022-04-30,712991,CANULA NASAL OXIGENO PEDIATRICA NO ESTERIL ,0,DISPOSITIVOS MEDICO,1.0,,
2022-05-31,712991,CANULA NASAL OXIGENO PEDIATRICA NO ESTERIL ,0,DISPOSITIVOS MEDICO,1.0,,
2022-06-30,712991,CANULA NASAL OXIGENO PEDIATRICA NO ESTERIL ,0,DISPOSITIVOS MEDICO,1.0,,
2021-07-31,713099,CATETER VENOSO CENTRAL TRILUMEN (CVC) 7FRX20CM ,25,DISPOSITIVOS MEDICO,1.0,94418.0,18.0
2021-08-31,713099,CATETER VENOSO CENTRAL TRILUMEN (CVC) 7FRX20CM ,38,DISPOSITIVOS MEDICO,1.0,94418.0,18.0
2021-09-30,713099,CATETER VENOSO CENTRAL TRILUMEN (CVC) 7FRX20CM ,31,DISPOSITIVOS MEDICO,1.0,94418.0,18.0
2021-10-31,713099,CATETER VENOSO CENTRAL TRILUMEN (CVC) 7FRX20CM ,33,DISPOSITIVOS MEDICO,1.0,94418.0,18.0
2021-11-30,713099,CATETER VENOSO CENTRAL TRILUMEN (CVC) 7FRX20CM ,32,DISPOSITIVOS MEDICO,1.0,94418.0,18.0
2021-12-31,713099,CATETER VENOSO CENTRAL TRILUMEN (CVC) 7FRX20CM ,44,DISPOSITIVOS MEDICO,1.0,94418.0,18.0
2022-01-31,713099,CATETER VENOSO CENTRAL TRILUMEN (CVC) 7FRX20CM ,38,DISPOSITIVOS MEDICO,1.0,94418.0,18.0
2022-02-28,713099,CATETER VENOSO CENTRAL TRILUMEN (CVC) 7FRX20CM ,32,DISPOSITIVOS MEDICO,1.0,94418.0,18.0
2022-03-31,713099,CATETER VENOSO CENTRAL TRILUMEN (CVC) 7FRX20CM ,35,DISPOSITIVOS MEDICO,1.0,94418.0,18.0
2022-04-30,713099,CATETER VENOSO CENTRAL TRILUMEN (CVC) 7FRX20CM ,26,DISPOSITIVOS MEDICO,1.0,94418.0,18.0
2022-05-31,713099,CATETER VENOSO CENTRAL TRILUMEN (CVC) 7FRX20CM ,37,DISPOSITIVOS MEDICO,1.0,94418.0,18.0
2022-06-30,713099,CATETER VENOSO CENTRAL TRILUMEN (CVC) 7FRX20CM ,33,DISPOSITIVOS MEDICO,1.0,94418.0,18.0
2021-07-31,713258,"ALPRAZOLAM TABLETA 0,50 MG ",59,CONTROLADOS,1.0,49.0,307.0
2021-08-31,713258,"ALPRAZOLAM TABLETA 0,50 MG ",75,CONTROLADOS,1.0,49.0,307.0
2021-09-30,713258,"ALPRAZOLAM TABLETA 0,50 MG ",10,CONTROLADOS,1.0,49.0,307.0
2021-10-31,713258,"ALPRAZOLAM TABLETA 0,50 MG ",18,CONTROLADOS,1.0,49.0,307.0
2021-11-30,713258,"ALPRAZOLAM TABLETA 0,50 MG ",28,CONTROLADOS,1.0,49.0,307.0
2021-12-31,713258,"ALPRAZOLAM TABLETA 0,50 MG ",67,CONTROLADOS,1.0,49.0,307.0
2022-01-31,713258,"ALPRAZOLAM TABLETA 0,50 MG ",81,CONTROLADOS,1.0,49.0,307.0
2022-02-28,713258,"ALPRAZOLAM TABLETA 0,50 MG ",26,CONTROLADOS,1.0,49.0,307.0
2022-03-31,713258,"ALPRAZOLAM TABLETA 0,50 MG ",39,CONTROLADOS,1.0,49.0,307.0
2022-04-30,713258,"ALPRAZOLAM TABLETA 0,50 MG ",15,CONTROLADOS,1.0,49.0,307.0
2022-05-31,713258,"ALPRAZOLAM TABLETA 0,50 MG ",39,CONTROLADOS,1.0,49.0,307.0
2022-06-30,713258,"ALPRAZOLAM TABLETA 0,50 MG ",30,CONTROLADOS,1.0,49.0,307.0
2021-07-31,713549,LOPINAVIR/RITONAVIR TABLETA 200MG/50MG,0,MEDICAMENTOS,1.0,0.0,0.0
2021-08-31,713549,LOPINAVIR/RITONAVIR TABLETA 200MG/50MG,54,MEDICAMENTOS,1.0,0.0,0.0
2021-09-30,713549,LOPINAVIR/RITONAVIR TABLETA 200MG/50MG,0,MEDICAMENTOS,1.0,0.0,0.0
2021-10-31,713549,LOPINAVIR/RITONAVIR TABLETA 200MG/50MG,0,MEDICAMENTOS,1.0,0.0,0.0
2021-11-30,713549,LOPINAVIR/RITONAVIR TABLETA 200MG/50MG,0,MEDICAMENTOS,1.0,0.0,0.0
2021-12-31,713549,LOPINAVIR/RITONAVIR TABLETA 200MG/50MG,4,MEDICAMENTOS,1.0,0.0,0.0
2022-01-31,713549,LOPINAVIR/RITONAVIR TABLETA 200MG/50MG,0,MEDICAMENTOS,1.0,0.0,0.0
2022-02-28,713549,LOPINAVIR/RITONAVIR TABLETA 200MG/50MG,0,MEDICAMENTOS,1.0,0.0,0.0
2022-03-31,713549,LOPINAVIR/RITONAVIR TABLETA 200MG/50MG,46,MEDICAMENTOS,1.0,0.0,0.0
2022-04-30,713549,LOPINAVIR/RITONAVIR TABLETA 200MG/50MG,0,MEDICAMENTOS,1.0,0.0,0.0
2022-05-31,713549,LOPINAVIR/RITONAVIR TABLETA 200MG/50MG,0,MEDICAMENTOS,1.0,0.0,0.0
2022-06-30,713549,LOPINAVIR/RITONAVIR TABLETA 200MG/50MG,0,MEDICAMENTOS,1.0,0.0,0.0
2021-07-31,713679,APOSITO ESTERIL 1685 IV (TEGADERM 8.5 X 11.5),225,DISPOSITIVOS MEDICO,1.0,5702.0,51.0
2021-08-31,713679,APOSITO ESTERIL 1685 IV (TEGADERM 8.5 X 11.5),245,DISPOSITIVOS MEDICO,1.0,5702.0,51.0
2021-09-30,713679,APOSITO ESTERIL 1685 IV (TEGADERM 8.5 X 11.5),204,DISPOSITIVOS MEDICO,1.0,5702.0,51.0
2021-10-31,713679,APOSITO ESTERIL 1685 IV (TEGADERM 8.5 X 11.5),213,DISPOSITIVOS MEDICO,1.0,5702.0,51.0
2021-11-30,713679,APOSITO ESTERIL 1685 IV (TEGADERM 8.5 X 11.5),207,DISPOSITIVOS MEDICO,1.0,5702.0,51.0
2021-12-31,713679,APOSITO ESTERIL 1685 IV (TEGADERM 8.5 X 11.5),216,DISPOSITIVOS MEDICO,1.0,5702.0,51.0
2022-01-31,713679,APOSITO ESTERIL 1685 IV (TEGADERM 8.5 X 11.5),239,DISPOSITIVOS MEDICO,1.0,5702.0,51.0
2022-02-28,713679,APOSITO ESTERIL 1685 IV (TEGADERM 8.5 X 11.5),222,DISPOSITIVOS MEDICO,1.0,5702.0,51.0
2022-03-31,713679,APOSITO ESTERIL 1685 IV (TEGADERM 8.5 X 11.5),216,DISPOSITIVOS MEDICO,1.0,5702.0,51.0
2022-04-30,713679,APOSITO ESTERIL 1685 IV (TEGADERM 8.5 X 11.5),249,DISPOSITIVOS MEDICO,1.0,5702.0,51.0
2022-05-31,713679,APOSITO ESTERIL 1685 IV (TEGADERM 8.5 X 11.5),232,DISPOSITIVOS MEDICO,1.0,5702.0,51.0
2022-06-30,713679,APOSITO ESTERIL 1685 IV (TEGADERM 8.5 X 11.5),265,DISPOSITIVOS MEDICO,1.0,5702.0,51.0
2021-07-31,713842,ESTILETE GUIA ENDOTRAQUEAL 14MM,0,DISPOSITIVOS MEDICO,1.0,3099.0,7.0
2021-08-31,713842,ESTILETE GUIA ENDOTRAQUEAL 14MM,0,DISPOSITIVOS MEDICO,1.0,3099.0,7.0
2021-09-30,713842,ESTILETE GUIA ENDOTRAQUEAL 14MM,0,DISPOSITIVOS MEDICO,1.0,3099.0,7.0
2021-10-31,713842,ESTILETE GUIA ENDOTRAQUEAL 14MM,0,DISPOSITIVOS MEDICO,1.0,3099.0,7.0
2021-11-30,713842,ESTILETE GUIA ENDOTRAQUEAL 14MM,0,DISPOSITIVOS MEDICO,1.0,3099.0,7.0
2021-12-31,713842,ESTILETE GUIA ENDOTRAQUEAL 14MM,0,DISPOSITIVOS MEDICO,1.0,3099.0,7.0
2022-01-31,713842,ESTILETE GUIA ENDOTRAQUEAL 14MM,1,DISPOSITIVOS MEDICO,1.0,3099.0,7.0
2022-02-28,713842,ESTILETE GUIA ENDOTRAQUEAL 14MM,20,DISPOSITIVOS MEDICO,1.0,3099.0,7.0
2022-03-31,713842,ESTILETE GUIA ENDOTRAQUEAL 14MM,23,DISPOSITIVOS MEDICO,1.0,3099.0,7.0
2022-04-30,713842,ESTILETE GUIA ENDOTRAQUEAL 14MM,0,DISPOSITIVOS MEDICO,1.0,3099.0,7.0
2022-05-31,713842,ESTILETE GUIA ENDOTRAQUEAL 14MM,28,DISPOSITIVOS MEDICO,1.0,3099.0,7.0
2022-06-30,713842,ESTILETE GUIA ENDOTRAQUEAL 14MM,30,DISPOSITIVOS MEDICO,1.0,3099.0,7.0
2021-07-31,713863,INMUNOGLOBULINA HUMANA ANTIHEPATITIS B SOLUCIÓN INYECTABLE 50UI/1ML (100UI/2ML),0,MEDICAMENTOS,1.0,,
2021-08-31,713863,INMUNOGLOBULINA HUMANA ANTIHEPATITIS B SOLUCIÓN INYECTABLE 50UI/1ML (100UI/2ML),0,MEDICAMENTOS,1.0,,
2021-09-30,713863,INMUNOGLOBULINA HUMANA ANTIHEPATITIS B SOLUCIÓN INYECTABLE 50UI/1ML (100UI/2ML),0,MEDICAMENTOS,1.0,,
2021-10-31,713863,INMUNOGLOBULINA HUMANA ANTIHEPATITIS B SOLUCIÓN INYECTABLE 50UI/1ML (100UI/2ML),1,MEDICAMENTOS,1.0,,
2021-11-30,713863,INMUNOGLOBULINA HUMANA ANTIHEPATITIS B SOLUCIÓN INYECTABLE 50UI/1ML (100UI/2ML),0,MEDICAMENTOS,1.0,,
2021-12-31,713863,INMUNOGLOBULINA HUMANA ANTIHEPATITIS B SOLUCIÓN INYECTABLE 50UI/1ML (100UI/2ML),1,MEDICAMENTOS,1.0,,
2022-01-31,713863,INMUNOGLOBULINA HUMANA ANTIHEPATITIS B SOLUCIÓN INYECTABLE 50UI/1ML (100UI/2ML),0,MEDICAMENTOS,1.0,,
2022-02-28,713863,INMUNOGLOBULINA HUMANA ANTIHEPATITIS B SOLUCIÓN INYECTABLE 50UI/1ML (100UI/2ML),0,MEDICAMENTOS,1.0,,
2022-03-31,713863,INMUNOGLOBULINA HUMANA ANTIHEPATITIS B SOLUCIÓN INYECTABLE 50UI/1ML (100UI/2ML),0,MEDICAMENTOS,1.0,,
2022-04-30,713863,INMUNOGLOBULINA HUMANA ANTIHEPATITIS B SOLUCIÓN INYECTABLE 50UI/1ML (100UI/2ML),0,MEDICAMENTOS,1.0,,
2022-05-31,713863,INMUNOGLOBULINA HUMANA ANTIHEPATITIS B SOLUCIÓN INYECTABLE 50UI/1ML (100UI/2ML),0,MEDICAMENTOS,1.0,,
2022-06-30,713863,INMUNOGLOBULINA HUMANA ANTIHEPATITIS B SOLUCIÓN INYECTABLE 50UI/1ML (100UI/2ML),1,MEDICAMENTOS,1.0,,
2021-07-31,713981,PIRIDOSTIGMINA TABLETA 60MG,0,MEDICAMENTOS,1.0,924.5,10.0
2021-08-31,713981,PIRIDOSTIGMINA TABLETA 60MG,56,MEDICAMENTOS,1.0,924.5,10.0
2021-09-30,713981,PIRIDOSTIGMINA TABLETA 60MG,0,MEDICAMENTOS,1.0,924.5,10.0
2021-10-31,713981,PIRIDOSTIGMINA TABLETA 60MG,0,MEDICAMENTOS,1.0,924.5,10.0
2021-11-30,713981,PIRIDOSTIGMINA TABLETA 60MG,43,MEDICAMENTOS,1.0,924.5,10.0
2021-12-31,713981,PIRIDOSTIGMINA TABLETA 60MG,0,MEDICAMENTOS,1.0,924.5,10.0
2022-01-31,713981,PIRIDOSTIGMINA TABLETA 60MG,0,MEDICAMENTOS,1.0,924.5,10.0
2022-02-28,713981,PIRIDOSTIGMINA TABLETA 60MG,0,MEDICAMENTOS,1.0,924.5,10.0
2022-03-31,713981,PIRIDOSTIGMINA TABLETA 60MG,0,MEDICAMENTOS,1.0,924.5,10.0
2022-04-30,713981,PIRIDOSTIGMINA TABLETA 60MG,0,MEDICAMENTOS,1.0,924.5,10.0
2022-05-31,713981,PIRIDOSTIGMINA TABLETA 60MG,8,MEDICAMENTOS,1.0,924.5,10.0
2022-06-30,713981,PIRIDOSTIGMINA TABLETA 60MG,0,MEDICAMENTOS,1.0,924.5,10.0
2021-07-31,714048,LAGRIMAS ARTIFICIALES SOLUCIÓN OFTÁLMICA 5MG/1ML (75MG/15ML),2,MEDICAMENTOS,1.0,,
2021-08-31,714048,LAGRIMAS ARTIFICIALES SOLUCIÓN OFTÁLMICA 5MG/1ML (75MG/15ML),0,MEDICAMENTOS,1.0,,
2021-09-30,714048,LAGRIMAS ARTIFICIALES SOLUCIÓN OFTÁLMICA 5MG/1ML (75MG/15ML),1,MEDICAMENTOS,1.0,,
2021-10-31,714048,LAGRIMAS ARTIFICIALES SOLUCIÓN OFTÁLMICA 5MG/1ML (75MG/15ML),1,MEDICAMENTOS,1.0,,
2021-11-30,714048,LAGRIMAS ARTIFICIALES SOLUCIÓN OFTÁLMICA 5MG/1ML (75MG/15ML),0,MEDICAMENTOS,1.0,,
2021-12-31,714048,LAGRIMAS ARTIFICIALES SOLUCIÓN OFTÁLMICA 5MG/1ML (75MG/15ML),0,MEDICAMENTOS,1.0,,
2022-01-31,714048,LAGRIMAS ARTIFICIALES SOLUCIÓN OFTÁLMICA 5MG/1ML (75MG/15ML),0,MEDICAMENTOS,1.0,,
2022-02-28,714048,LAGRIMAS ARTIFICIALES SOLUCIÓN OFTÁLMICA 5MG/1ML (75MG/15ML),0,MEDICAMENTOS,1.0,,
2022-03-31,714048,LAGRIMAS ARTIFICIALES SOLUCIÓN OFTÁLMICA 5MG/1ML (75MG/15ML),0,MEDICAMENTOS,1.0,,
2022-04-30,714048,LAGRIMAS ARTIFICIALES SOLUCIÓN OFTÁLMICA 5MG/1ML (75MG/15ML),0,MEDICAMENTOS,1.0,,
2022-05-31,714048,LAGRIMAS ARTIFICIALES SOLUCIÓN OFTÁLMICA 5MG/1ML (75MG/15ML),0,MEDICAMENTOS,1.0,,
2022-06-30,714048,LAGRIMAS ARTIFICIALES SOLUCIÓN OFTÁLMICA 5MG/1ML (75MG/15ML),0,MEDICAMENTOS,1.0,,
2021-07-31,714463,RIVAROXABAN TABLETA 20MG,3,MEDICAMENTOS,1.0,6071.0,13.0
2021-08-31,714463,RIVAROXABAN TABLETA 20MG,0,MEDICAMENTOS,1.0,6071.0,13.0
2021-09-30,714463,RIVAROXABAN TABLETA 20MG,3,MEDICAMENTOS,1.0,6071.0,13.0
2021-10-31,714463,RIVAROXABAN TABLETA 20MG,0,MEDICAMENTOS,1.0,6071.0,13.0
2021-11-30,714463,RIVAROXABAN TABLETA 20MG,5,MEDICAMENTOS,1.0,6071.0,13.0
2021-12-31,714463,RIVAROXABAN TABLETA 20MG,0,MEDICAMENTOS,1.0,6071.0,13.0
2022-01-31,714463,RIVAROXABAN TABLETA 20MG,1,MEDICAMENTOS,1.0,6071.0,13.0
2022-02-28,714463,RIVAROXABAN TABLETA 20MG,0,MEDICAMENTOS,1.0,6071.0,13.0
2022-03-31,714463,RIVAROXABAN TABLETA 20MG,0,MEDICAMENTOS,1.0,6071.0,13.0
2022-04-30,714463,RIVAROXABAN TABLETA 20MG,0,MEDICAMENTOS,1.0,6071.0,13.0
2022-05-31,714463,RIVAROXABAN TABLETA 20MG,0,MEDICAMENTOS,1.0,6071.0,13.0
2022-06-30,714463,RIVAROXABAN TABLETA 20MG,0,MEDICAMENTOS,1.0,6071.0,13.0
2021-07-31,714819,MOSAPRIDA TABLETA 5MG,6,MEDICAMENTOS,1.0,2333.0,9.0
2021-08-31,714819,MOSAPRIDA TABLETA 5MG,2,MEDICAMENTOS,1.0,2333.0,9.0
2021-09-30,714819,MOSAPRIDA TABLETA 5MG,0,MEDICAMENTOS,1.0,2333.0,9.0
2021-10-31,714819,MOSAPRIDA TABLETA 5MG,0,MEDICAMENTOS,1.0,2333.0,9.0
2021-11-30,714819,MOSAPRIDA TABLETA 5MG,0,MEDICAMENTOS,1.0,2333.0,9.0
2021-12-31,714819,MOSAPRIDA TABLETA 5MG,0,MEDICAMENTOS,1.0,2333.0,9.0
2022-01-31,714819,MOSAPRIDA TABLETA 5MG,0,MEDICAMENTOS,1.0,2333.0,9.0
2022-02-28,714819,MOSAPRIDA TABLETA 5MG,0,MEDICAMENTOS,1.0,2333.0,9.0
2022-03-31,714819,MOSAPRIDA TABLETA 5MG,0,MEDICAMENTOS,1.0,2333.0,9.0
2022-04-30,714819,MOSAPRIDA TABLETA 5MG,0,MEDICAMENTOS,1.0,2333.0,9.0
2022-05-31,714819,MOSAPRIDA TABLETA 5MG,0,MEDICAMENTOS,1.0,2333.0,9.0
2022-06-30,714819,MOSAPRIDA TABLETA 5MG,0,MEDICAMENTOS,1.0,2333.0,9.0
2021-07-31,714878,"GLUCERNA SOLUCIÓN ORAL 0,93KCAL/1ML (220,4KCAL/237ML)) ALIMENTO LIQUIDO CON CA",0,NUTRICION,1.0,0.0,0.0
2021-08-31,714878,"GLUCERNA SOLUCIÓN ORAL 0,93KCAL/1ML (220,4KCAL/237ML)) ALIMENTO LIQUIDO CON CA",0,NUTRICION,1.0,0.0,0.0
2021-09-30,714878,"GLUCERNA SOLUCIÓN ORAL 0,93KCAL/1ML (220,4KCAL/237ML)) ALIMENTO LIQUIDO CON CA",0,NUTRICION,1.0,0.0,0.0
2021-10-31,714878,"GLUCERNA SOLUCIÓN ORAL 0,93KCAL/1ML (220,4KCAL/237ML)) ALIMENTO LIQUIDO CON CA",0,NUTRICION,1.0,0.0,0.0
2021-11-30,714878,"GLUCERNA SOLUCIÓN ORAL 0,93KCAL/1ML (220,4KCAL/237ML)) ALIMENTO LIQUIDO CON CA",3,NUTRICION,1.0,0.0,0.0
2021-12-31,714878,"GLUCERNA SOLUCIÓN ORAL 0,93KCAL/1ML (220,4KCAL/237ML)) ALIMENTO LIQUIDO CON CA",12,NUTRICION,1.0,0.0,0.0
2022-01-31,714878,"GLUCERNA SOLUCIÓN ORAL 0,93KCAL/1ML (220,4KCAL/237ML)) ALIMENTO LIQUIDO CON CA",66,NUTRICION,1.0,0.0,0.0
2022-02-28,714878,"GLUCERNA SOLUCIÓN ORAL 0,93KCAL/1ML (220,4KCAL/237ML)) ALIMENTO LIQUIDO CON CA",0,NUTRICION,1.0,0.0,0.0
2022-03-31,714878,"GLUCERNA SOLUCIÓN ORAL 0,93KCAL/1ML (220,4KCAL/237ML)) ALIMENTO LIQUIDO CON CA",0,NUTRICION,1.0,0.0,0.0
2022-04-30,714878,"GLUCERNA SOLUCIÓN ORAL 0,93KCAL/1ML (220,4KCAL/237ML)) ALIMENTO LIQUIDO CON CA",0,NUTRICION,1.0,0.0,0.0
2022-05-31,714878,"GLUCERNA SOLUCIÓN ORAL 0,93KCAL/1ML (220,4KCAL/237ML)) ALIMENTO LIQUIDO CON CA",0,NUTRICION,1.0,0.0,0.0
2022-06-30,714878,"GLUCERNA SOLUCIÓN ORAL 0,93KCAL/1ML (220,4KCAL/237ML)) ALIMENTO LIQUIDO CON CA",0,NUTRICION,1.0,0.0,0.0
2021-07-31,714955,CLOZAPINA TABLETA 25 MG,125,CONTROLADOS,1.0,39.0,389.0
2021-08-31,714955,CLOZAPINA TABLETA 25 MG,224,CONTROLADOS,1.0,39.0,389.0
2021-09-30,714955,CLOZAPINA TABLETA 25 MG,175,CONTROLADOS,1.0,39.0,389.0
2021-10-31,714955,CLOZAPINA TABLETA 25 MG,144,CONTROLADOS,1.0,39.0,389.0
2021-11-30,714955,CLOZAPINA TABLETA 25 MG,56,CONTROLADOS,1.0,39.0,389.0
2021-12-31,714955,CLOZAPINA TABLETA 25 MG,192,CONTROLADOS,1.0,39.0,389.0
2022-01-31,714955,CLOZAPINA TABLETA 25 MG,192,CONTROLADOS,1.0,39.0,389.0
2022-02-28,714955,CLOZAPINA TABLETA 25 MG,264,CONTROLADOS,1.0,39.0,389.0
2022-03-31,714955,CLOZAPINA TABLETA 25 MG,185,CONTROLADOS,1.0,39.0,389.0
2022-04-30,714955,CLOZAPINA TABLETA 25 MG,314,CONTROLADOS,1.0,39.0,389.0
2022-05-31,714955,CLOZAPINA TABLETA 25 MG,243,CONTROLADOS,1.0,39.0,389.0
2022-06-30,714955,CLOZAPINA TABLETA 25 MG,184,CONTROLADOS,1.0,39.0,389.0
2021-07-31,715020,DULOXETINA TABLETA 30MG,4,MEDICAMENTOS,1.0,3024.0,12.0
2021-08-31,715020,DULOXETINA TABLETA 30MG,45,MEDICAMENTOS,1.0,3024.0,12.0
2021-09-30,715020,DULOXETINA TABLETA 30MG,0,MEDICAMENTOS,1.0,3024.0,12.0
2021-10-31,715020,DULOXETINA TABLETA 30MG,0,MEDICAMENTOS,1.0,3024.0,12.0
2021-11-30,715020,DULOXETINA TABLETA 30MG,4,MEDICAMENTOS,1.0,3024.0,12.0
2021-12-31,715020,DULOXETINA TABLETA 30MG,0,MEDICAMENTOS,1.0,3024.0,12.0
2022-01-31,715020,DULOXETINA TABLETA 30MG,0,MEDICAMENTOS,1.0,3024.0,12.0
2022-02-28,715020,DULOXETINA TABLETA 30MG,0,MEDICAMENTOS,1.0,3024.0,12.0
2022-03-31,715020,DULOXETINA TABLETA 30MG,0,MEDICAMENTOS,1.0,3024.0,12.0
2022-04-30,715020,DULOXETINA TABLETA 30MG,3,MEDICAMENTOS,1.0,3024.0,12.0
2022-05-31,715020,DULOXETINA TABLETA 30MG,0,MEDICAMENTOS,1.0,3024.0,12.0
2022-06-30,715020,DULOXETINA TABLETA 30MG,0,MEDICAMENTOS,1.0,3024.0,12.0
2021-07-31,715068,SET DE LINEA (CATETER ARTERIAL CATH 20X8),66,DISPOSITIVOS MEDICO,1.0,30168.0,27.0
2021-08-31,715068,SET DE LINEA (CATETER ARTERIAL CATH 20X8),81,DISPOSITIVOS MEDICO,1.0,30168.0,27.0
2021-09-30,715068,SET DE LINEA (CATETER ARTERIAL CATH 20X8),79,DISPOSITIVOS MEDICO,1.0,30168.0,27.0
2021-10-31,715068,SET DE LINEA (CATETER ARTERIAL CATH 20X8),91,DISPOSITIVOS MEDICO,1.0,30168.0,27.0
2021-11-30,715068,SET DE LINEA (CATETER ARTERIAL CATH 20X8),90,DISPOSITIVOS MEDICO,1.0,30168.0,27.0
2021-12-31,715068,SET DE LINEA (CATETER ARTERIAL CATH 20X8),97,DISPOSITIVOS MEDICO,1.0,30168.0,27.0
2022-01-31,715068,SET DE LINEA (CATETER ARTERIAL CATH 20X8),96,DISPOSITIVOS MEDICO,1.0,30168.0,27.0
2022-02-28,715068,SET DE LINEA (CATETER ARTERIAL CATH 20X8),76,DISPOSITIVOS MEDICO,1.0,30168.0,27.0
2022-03-31,715068,SET DE LINEA (CATETER ARTERIAL CATH 20X8),120,DISPOSITIVOS MEDICO,1.0,30168.0,27.0
2022-04-30,715068,SET DE LINEA (CATETER ARTERIAL CATH 20X8),96,DISPOSITIVOS MEDICO,1.0,30168.0,27.0
2022-05-31,715068,SET DE LINEA (CATETER ARTERIAL CATH 20X8),113,DISPOSITIVOS MEDICO,1.0,30168.0,27.0
2022-06-30,715068,SET DE LINEA (CATETER ARTERIAL CATH 20X8),129,DISPOSITIVOS MEDICO,1.0,30168.0,27.0
2021-07-31,715131,CEFOTAXIMA SOLUCIÓN INYECTABLE 1G,0,MEDICAMENTOS,1.0,1768.0,19.0
2021-08-31,715131,CEFOTAXIMA SOLUCIÓN INYECTABLE 1G,0,MEDICAMENTOS,1.0,1768.0,19.0
2021-09-30,715131,CEFOTAXIMA SOLUCIÓN INYECTABLE 1G,0,MEDICAMENTOS,1.0,1768.0,19.0
2021-10-31,715131,CEFOTAXIMA SOLUCIÓN INYECTABLE 1G,0,MEDICAMENTOS,1.0,1768.0,19.0
2021-11-30,715131,CEFOTAXIMA SOLUCIÓN INYECTABLE 1G,0,MEDICAMENTOS,1.0,1768.0,19.0
2021-12-31,715131,CEFOTAXIMA SOLUCIÓN INYECTABLE 1G,0,MEDICAMENTOS,1.0,1768.0,19.0
2022-01-31,715131,CEFOTAXIMA SOLUCIÓN INYECTABLE 1G,54,MEDICAMENTOS,1.0,1768.0,19.0
2022-02-28,715131,CEFOTAXIMA SOLUCIÓN INYECTABLE 1G,0,MEDICAMENTOS,1.0,1768.0,19.0
2022-03-31,715131,CEFOTAXIMA SOLUCIÓN INYECTABLE 1G,0,MEDICAMENTOS,1.0,1768.0,19.0
2022-04-30,715131,CEFOTAXIMA SOLUCIÓN INYECTABLE 1G,0,MEDICAMENTOS,1.0,1768.0,19.0
2022-05-31,715131,CEFOTAXIMA SOLUCIÓN INYECTABLE 1G,0,MEDICAMENTOS,1.0,1768.0,19.0
2022-06-30,715131,CEFOTAXIMA SOLUCIÓN INYECTABLE 1G,4,MEDICAMENTOS,1.0,1768.0,19.0
2021-07-31,715385,CAFEINA CITRATO 20MG/ML SOL. INYECTABLE (10MG/ML CAFEINA BASE),98,MEDICAMENTOS,1.0,7112.0,105.0
2021-08-31,715385,CAFEINA CITRATO 20MG/ML SOL. INYECTABLE (10MG/ML CAFEINA BASE),95,MEDICAMENTOS,1.0,7112.0,105.0
2021-09-30,715385,CAFEINA CITRATO 20MG/ML SOL. INYECTABLE (10MG/ML CAFEINA BASE),91,MEDICAMENTOS,1.0,7112.0,105.0
2021-10-31,715385,CAFEINA CITRATO 20MG/ML SOL. INYECTABLE (10MG/ML CAFEINA BASE),72,MEDICAMENTOS,1.0,7112.0,105.0
2021-11-30,715385,CAFEINA CITRATO 20MG/ML SOL. INYECTABLE (10MG/ML CAFEINA BASE),67,MEDICAMENTOS,1.0,7112.0,105.0
2021-12-31,715385,CAFEINA CITRATO 20MG/ML SOL. INYECTABLE (10MG/ML CAFEINA BASE),56,MEDICAMENTOS,1.0,7112.0,105.0
2022-01-31,715385,CAFEINA CITRATO 20MG/ML SOL. INYECTABLE (10MG/ML CAFEINA BASE),253,MEDICAMENTOS,1.0,7112.0,105.0
2022-02-28,715385,CAFEINA CITRATO 20MG/ML SOL. INYECTABLE (10MG/ML CAFEINA BASE),262,MEDICAMENTOS,1.0,7112.0,105.0
2022-03-31,715385,CAFEINA CITRATO 20MG/ML SOL. INYECTABLE (10MG/ML CAFEINA BASE),355,MEDICAMENTOS,1.0,7112.0,105.0
2022-04-30,715385,CAFEINA CITRATO 20MG/ML SOL. INYECTABLE (10MG/ML CAFEINA BASE),39,MEDICAMENTOS,1.0,7112.0,105.0
2022-05-31,715385,CAFEINA CITRATO 20MG/ML SOL. INYECTABLE (10MG/ML CAFEINA BASE),227,MEDICAMENTOS,1.0,7112.0,105.0
2022-06-30,715385,CAFEINA CITRATO 20MG/ML SOL. INYECTABLE (10MG/ML CAFEINA BASE),137,MEDICAMENTOS,1.0,7112.0,105.0
2021-07-31,715460,BOLSA ACTIVE LIFE ADULTO-22771 ,23,DISPOSITIVOS MEDICO,1.0,19820.0,13.0
2021-08-31,715460,BOLSA ACTIVE LIFE ADULTO-22771 ,5,DISPOSITIVOS MEDICO,1.0,19820.0,13.0
2021-09-30,715460,BOLSA ACTIVE LIFE ADULTO-22771 ,1,DISPOSITIVOS MEDICO,1.0,19820.0,13.0
2021-10-31,715460,BOLSA ACTIVE LIFE ADULTO-22771 ,7,DISPOSITIVOS MEDICO,1.0,19820.0,13.0
2021-11-30,715460,BOLSA ACTIVE LIFE ADULTO-22771 ,14,DISPOSITIVOS MEDICO,1.0,19820.0,13.0
2021-12-31,715460,BOLSA ACTIVE LIFE ADULTO-22771 ,19,DISPOSITIVOS MEDICO,1.0,19820.0,13.0
2022-01-31,715460,BOLSA ACTIVE LIFE ADULTO-22771 ,39,DISPOSITIVOS MEDICO,1.0,19820.0,13.0
2022-02-28,715460,BOLSA ACTIVE LIFE ADULTO-22771 ,19,DISPOSITIVOS MEDICO,1.0,19820.0,13.0
2022-03-31,715460,BOLSA ACTIVE LIFE ADULTO-22771 ,17,DISPOSITIVOS MEDICO,1.0,19820.0,13.0
2022-04-30,715460,BOLSA ACTIVE LIFE ADULTO-22771 ,8,DISPOSITIVOS MEDICO,1.0,19820.0,13.0
2022-05-31,715460,BOLSA ACTIVE LIFE ADULTO-22771 ,19,DISPOSITIVOS MEDICO,1.0,19820.0,13.0
2022-06-30,715460,BOLSA ACTIVE LIFE ADULTO-22771 ,21,DISPOSITIVOS MEDICO,1.0,19820.0,13.0
2021-07-31,715545,LORAZEPAM TABLETA 2MG,141,CONTROLADOS,1.0,34.0,63.0
2021-08-31,715545,LORAZEPAM TABLETA 2MG,84,CONTROLADOS,1.0,34.0,63.0
2021-09-30,715545,LORAZEPAM TABLETA 2MG,40,CONTROLADOS,1.0,34.0,63.0
2021-10-31,715545,LORAZEPAM TABLETA 2MG,58,CONTROLADOS,1.0,34.0,63.0
2021-11-30,715545,LORAZEPAM TABLETA 2MG,159,CONTROLADOS,1.0,34.0,63.0
2021-12-31,715545,LORAZEPAM TABLETA 2MG,418,CONTROLADOS,1.0,34.0,63.0
2022-01-31,715545,LORAZEPAM TABLETA 2MG,118,CONTROLADOS,1.0,34.0,63.0
2022-02-28,715545,LORAZEPAM TABLETA 2MG,142,CONTROLADOS,1.0,34.0,63.0
2022-03-31,715545,LORAZEPAM TABLETA 2MG,350,CONTROLADOS,1.0,34.0,63.0
2022-04-30,715545,LORAZEPAM TABLETA 2MG,167,CONTROLADOS,1.0,34.0,63.0
2022-05-31,715545,LORAZEPAM TABLETA 2MG,452,CONTROLADOS,1.0,34.0,63.0
2022-06-30,715545,LORAZEPAM TABLETA 2MG,710,CONTROLADOS,1.0,34.0,63.0
2021-07-31,715571,ACIDO POLIACRILICO 0.2% GEL OFTALMICO ESTERIL,0,MEDICAMENTOS,1.0,22200.0,4.0
2021-08-31,715571,ACIDO POLIACRILICO 0.2% GEL OFTALMICO ESTERIL,1,MEDICAMENTOS,1.0,22200.0,4.0
2021-09-30,715571,ACIDO POLIACRILICO 0.2% GEL OFTALMICO ESTERIL,0,MEDICAMENTOS,1.0,22200.0,4.0
2021-10-31,715571,ACIDO POLIACRILICO 0.2% GEL OFTALMICO ESTERIL,0,MEDICAMENTOS,1.0,22200.0,4.0
2021-11-30,715571,ACIDO POLIACRILICO 0.2% GEL OFTALMICO ESTERIL,0,MEDICAMENTOS,1.0,22200.0,4.0
2021-12-31,715571,ACIDO POLIACRILICO 0.2% GEL OFTALMICO ESTERIL,0,MEDICAMENTOS,1.0,22200.0,4.0
2022-01-31,715571,ACIDO POLIACRILICO 0.2% GEL OFTALMICO ESTERIL,0,MEDICAMENTOS,1.0,22200.0,4.0
2022-02-28,715571,ACIDO POLIACRILICO 0.2% GEL OFTALMICO ESTERIL,0,MEDICAMENTOS,1.0,22200.0,4.0
2022-03-31,715571,ACIDO POLIACRILICO 0.2% GEL OFTALMICO ESTERIL,0,MEDICAMENTOS,1.0,22200.0,4.0
2022-04-30,715571,ACIDO POLIACRILICO 0.2% GEL OFTALMICO ESTERIL,0,MEDICAMENTOS,1.0,22200.0,4.0
2022-05-31,715571,ACIDO POLIACRILICO 0.2% GEL OFTALMICO ESTERIL,0,MEDICAMENTOS,1.0,22200.0,4.0
2022-06-30,715571,ACIDO POLIACRILICO 0.2% GEL OFTALMICO ESTERIL,0,MEDICAMENTOS,1.0,22200.0,4.0
2021-07-31,715576,DORIPENEM POLVO LIOFILIZADO 500MG,4,MEDICAMENTOS,1.0,27539.0,48.0
2021-08-31,715576,DORIPENEM POLVO LIOFILIZADO 500MG,0,MEDICAMENTOS,1.0,27539.0,48.0
2021-09-30,715576,DORIPENEM POLVO LIOFILIZADO 500MG,0,MEDICAMENTOS,1.0,27539.0,48.0
2021-10-31,715576,DORIPENEM POLVO LIOFILIZADO 500MG,0,MEDICAMENTOS,1.0,27539.0,48.0
2021-11-30,715576,DORIPENEM POLVO LIOFILIZADO 500MG,0,MEDICAMENTOS,1.0,27539.0,48.0
2021-12-31,715576,DORIPENEM POLVO LIOFILIZADO 500MG,46,MEDICAMENTOS,1.0,27539.0,48.0
2022-01-31,715576,DORIPENEM POLVO LIOFILIZADO 500MG,0,MEDICAMENTOS,1.0,27539.0,48.0
2022-02-28,715576,DORIPENEM POLVO LIOFILIZADO 500MG,0,MEDICAMENTOS,1.0,27539.0,48.0
2022-03-31,715576,DORIPENEM POLVO LIOFILIZADO 500MG,0,MEDICAMENTOS,1.0,27539.0,48.0
2022-04-30,715576,DORIPENEM POLVO LIOFILIZADO 500MG,5,MEDICAMENTOS,1.0,27539.0,48.0
2022-05-31,715576,DORIPENEM POLVO LIOFILIZADO 500MG,199,MEDICAMENTOS,1.0,27539.0,48.0
2022-06-30,715576,DORIPENEM POLVO LIOFILIZADO 500MG,74,MEDICAMENTOS,1.0,27539.0,48.0
2021-07-31,715623,OXICODONA TABLETA DE LIBERACIÓN CONTROLADA 10MG ,41,CONTROLADOS,1.0,307.0,431.0
2021-08-31,715623,OXICODONA TABLETA DE LIBERACIÓN CONTROLADA 10MG ,63,CONTROLADOS,1.0,307.0,431.0
2021-09-30,715623,OXICODONA TABLETA DE LIBERACIÓN CONTROLADA 10MG ,94,CONTROLADOS,1.0,307.0,431.0
2021-10-31,715623,OXICODONA TABLETA DE LIBERACIÓN CONTROLADA 10MG ,78,CONTROLADOS,1.0,307.0,431.0
2021-11-30,715623,OXICODONA TABLETA DE LIBERACIÓN CONTROLADA 10MG ,30,CONTROLADOS,1.0,307.0,431.0
2021-12-31,715623,OXICODONA TABLETA DE LIBERACIÓN CONTROLADA 10MG ,179,CONTROLADOS,1.0,307.0,431.0
2022-01-31,715623,OXICODONA TABLETA DE LIBERACIÓN CONTROLADA 10MG ,83,CONTROLADOS,1.0,307.0,431.0
2022-02-28,715623,OXICODONA TABLETA DE LIBERACIÓN CONTROLADA 10MG ,167,CONTROLADOS,1.0,307.0,431.0
2022-03-31,715623,OXICODONA TABLETA DE LIBERACIÓN CONTROLADA 10MG ,49,CONTROLADOS,1.0,307.0,431.0
2022-04-30,715623,OXICODONA TABLETA DE LIBERACIÓN CONTROLADA 10MG ,0,CONTROLADOS,1.0,307.0,431.0
2022-05-31,715623,OXICODONA TABLETA DE LIBERACIÓN CONTROLADA 10MG ,41,CONTROLADOS,1.0,307.0,431.0
2022-06-30,715623,OXICODONA TABLETA DE LIBERACIÓN CONTROLADA 10MG ,43,CONTROLADOS,1.0,307.0,431.0
2021-07-31,715706,CAUCHO TUBO P/SUCCION 3MT ESTERIL  ,122,DISPOSITIVOS MEDICO,1.0,2473.0,19.0
2021-08-31,715706,CAUCHO TUBO P/SUCCION 3MT ESTERIL  ,135,DISPOSITIVOS MEDICO,1.0,2473.0,19.0
2021-09-30,715706,CAUCHO TUBO P/SUCCION 3MT ESTERIL  ,121,DISPOSITIVOS MEDICO,1.0,2473.0,19.0
2021-10-31,715706,CAUCHO TUBO P/SUCCION 3MT ESTERIL  ,127,DISPOSITIVOS MEDICO,1.0,2473.0,19.0
2021-11-30,715706,CAUCHO TUBO P/SUCCION 3MT ESTERIL  ,122,DISPOSITIVOS MEDICO,1.0,2473.0,19.0
2021-12-31,715706,CAUCHO TUBO P/SUCCION 3MT ESTERIL  ,152,DISPOSITIVOS MEDICO,1.0,2473.0,19.0
2022-01-31,715706,CAUCHO TUBO P/SUCCION 3MT ESTERIL  ,166,DISPOSITIVOS MEDICO,1.0,2473.0,19.0
2022-02-28,715706,CAUCHO TUBO P/SUCCION 3MT ESTERIL  ,170,DISPOSITIVOS MEDICO,1.0,2473.0,19.0
2022-03-31,715706,CAUCHO TUBO P/SUCCION 3MT ESTERIL  ,152,DISPOSITIVOS MEDICO,1.0,2473.0,19.0
2022-04-30,715706,CAUCHO TUBO P/SUCCION 3MT ESTERIL  ,146,DISPOSITIVOS MEDICO,1.0,2473.0,19.0
2022-05-31,715706,CAUCHO TUBO P/SUCCION 3MT ESTERIL  ,198,DISPOSITIVOS MEDICO,1.0,2473.0,19.0
2022-06-30,715706,CAUCHO TUBO P/SUCCION 3MT ESTERIL  ,199,DISPOSITIVOS MEDICO,1.0,2473.0,19.0
2021-07-31,715794,GLUTAPAK R POLVO PARA SOLUCIÓN ORAL 15G) ALIMENTO A BASE DE GLUTAMINA Y LACTOB,77,NUTRICION,1.0,30098.0,22.0
2021-08-31,715794,GLUTAPAK R POLVO PARA SOLUCIÓN ORAL 15G) ALIMENTO A BASE DE GLUTAMINA Y LACTOB,133,NUTRICION,1.0,30098.0,22.0
2021-09-30,715794,GLUTAPAK R POLVO PARA SOLUCIÓN ORAL 15G) ALIMENTO A BASE DE GLUTAMINA Y LACTOB,51,NUTRICION,1.0,30098.0,22.0
2021-10-31,715794,GLUTAPAK R POLVO PARA SOLUCIÓN ORAL 15G) ALIMENTO A BASE DE GLUTAMINA Y LACTOB,124,NUTRICION,1.0,30098.0,22.0
2021-11-30,715794,GLUTAPAK R POLVO PARA SOLUCIÓN ORAL 15G) ALIMENTO A BASE DE GLUTAMINA Y LACTOB,30,NUTRICION,1.0,30098.0,22.0
2021-12-31,715794,GLUTAPAK R POLVO PARA SOLUCIÓN ORAL 15G) ALIMENTO A BASE DE GLUTAMINA Y LACTOB,49,NUTRICION,1.0,30098.0,22.0
2022-01-31,715794,GLUTAPAK R POLVO PARA SOLUCIÓN ORAL 15G) ALIMENTO A BASE DE GLUTAMINA Y LACTOB,75,NUTRICION,1.0,30098.0,22.0
2022-02-28,715794,GLUTAPAK R POLVO PARA SOLUCIÓN ORAL 15G) ALIMENTO A BASE DE GLUTAMINA Y LACTOB,82,NUTRICION,1.0,30098.0,22.0
2022-03-31,715794,GLUTAPAK R POLVO PARA SOLUCIÓN ORAL 15G) ALIMENTO A BASE DE GLUTAMINA Y LACTOB,105,NUTRICION,1.0,30098.0,22.0
2022-04-30,715794,GLUTAPAK R POLVO PARA SOLUCIÓN ORAL 15G) ALIMENTO A BASE DE GLUTAMINA Y LACTOB,100,NUTRICION,1.0,30098.0,22.0
2022-05-31,715794,GLUTAPAK R POLVO PARA SOLUCIÓN ORAL 15G) ALIMENTO A BASE DE GLUTAMINA Y LACTOB,126,NUTRICION,1.0,30098.0,22.0
2022-06-30,715794,GLUTAPAK R POLVO PARA SOLUCIÓN ORAL 15G) ALIMENTO A BASE DE GLUTAMINA Y LACTOB,37,NUTRICION,1.0,30098.0,22.0
2021-07-31,715826,PLEUR-EVAC 2500CC -A8000106 (PLEUROVAC),5,DISPOSITIVOS MEDICO,1.0,117850.0,3.0
2021-08-31,715826,PLEUR-EVAC 2500CC -A8000106 (PLEUROVAC),10,DISPOSITIVOS MEDICO,1.0,117850.0,3.0
2021-09-30,715826,PLEUR-EVAC 2500CC -A8000106 (PLEUROVAC),14,DISPOSITIVOS MEDICO,1.0,117850.0,3.0
2021-10-31,715826,PLEUR-EVAC 2500CC -A8000106 (PLEUROVAC),6,DISPOSITIVOS MEDICO,1.0,117850.0,3.0
2021-11-30,715826,PLEUR-EVAC 2500CC -A8000106 (PLEUROVAC),4,DISPOSITIVOS MEDICO,1.0,117850.0,3.0
2021-12-31,715826,PLEUR-EVAC 2500CC -A8000106 (PLEUROVAC),8,DISPOSITIVOS MEDICO,1.0,117850.0,3.0
2022-01-31,715826,PLEUR-EVAC 2500CC -A8000106 (PLEUROVAC),7,DISPOSITIVOS MEDICO,1.0,117850.0,3.0
2022-02-28,715826,PLEUR-EVAC 2500CC -A8000106 (PLEUROVAC),8,DISPOSITIVOS MEDICO,1.0,117850.0,3.0
2022-03-31,715826,PLEUR-EVAC 2500CC -A8000106 (PLEUROVAC),4,DISPOSITIVOS MEDICO,1.0,117850.0,3.0
2022-04-30,715826,PLEUR-EVAC 2500CC -A8000106 (PLEUROVAC),5,DISPOSITIVOS MEDICO,1.0,117850.0,3.0
2022-05-31,715826,PLEUR-EVAC 2500CC -A8000106 (PLEUROVAC),4,DISPOSITIVOS MEDICO,1.0,117850.0,3.0
2022-06-30,715826,PLEUR-EVAC 2500CC -A8000106 (PLEUROVAC),12,DISPOSITIVOS MEDICO,1.0,117850.0,3.0
2021-07-31,716204,KETAMINA SOL. INYECTABLE 500MG,1,CONTROLADOS,1.0,13075.0,12.0
2021-08-31,716204,KETAMINA SOL. INYECTABLE 500MG,3,CONTROLADOS,1.0,13075.0,12.0
2021-09-30,716204,KETAMINA SOL. INYECTABLE 500MG,3,CONTROLADOS,1.0,13075.0,12.0
2021-10-31,716204,KETAMINA SOL. INYECTABLE 500MG,72,CONTROLADOS,1.0,13075.0,12.0
2021-11-30,716204,KETAMINA SOL. INYECTABLE 500MG,70,CONTROLADOS,1.0,13075.0,12.0
2021-12-31,716204,KETAMINA SOL. INYECTABLE 500MG,2,CONTROLADOS,1.0,13075.0,12.0
2022-01-31,716204,KETAMINA SOL. INYECTABLE 500MG,0,CONTROLADOS,1.0,13075.0,12.0
2022-02-28,716204,KETAMINA SOL. INYECTABLE 500MG,3,CONTROLADOS,1.0,13075.0,12.0
2022-03-31,716204,KETAMINA SOL. INYECTABLE 500MG,5,CONTROLADOS,1.0,13075.0,12.0
2022-04-30,716204,KETAMINA SOL. INYECTABLE 500MG,1,CONTROLADOS,1.0,13075.0,12.0
2022-05-31,716204,KETAMINA SOL. INYECTABLE 500MG,2,CONTROLADOS,1.0,13075.0,12.0
2022-06-30,716204,KETAMINA SOL. INYECTABLE 500MG,1,CONTROLADOS,1.0,13075.0,12.0
2021-07-31,716715,CLONAZEPAM TABLETA 2 MG ,1,CONTROLADOS,1.0,65.0,124.0
2021-08-31,716715,CLONAZEPAM TABLETA 2 MG ,7,CONTROLADOS,1.0,65.0,124.0
2021-09-30,716715,CLONAZEPAM TABLETA 2 MG ,10,CONTROLADOS,1.0,65.0,124.0
2021-10-31,716715,CLONAZEPAM TABLETA 2 MG ,0,CONTROLADOS,1.0,65.0,124.0
2021-11-30,716715,CLONAZEPAM TABLETA 2 MG ,12,CONTROLADOS,1.0,65.0,124.0
2021-12-31,716715,CLONAZEPAM TABLETA 2 MG ,12,CONTROLADOS,1.0,65.0,124.0
2022-01-31,716715,CLONAZEPAM TABLETA 2 MG ,1,CONTROLADOS,1.0,65.0,124.0
2022-02-28,716715,CLONAZEPAM TABLETA 2 MG ,8,CONTROLADOS,1.0,65.0,124.0
2022-03-31,716715,CLONAZEPAM TABLETA 2 MG ,3,CONTROLADOS,1.0,65.0,124.0
2022-04-30,716715,CLONAZEPAM TABLETA 2 MG ,97,CONTROLADOS,1.0,65.0,124.0
2022-05-31,716715,CLONAZEPAM TABLETA 2 MG ,55,CONTROLADOS,1.0,65.0,124.0
2022-06-30,716715,CLONAZEPAM TABLETA 2 MG ,36,CONTROLADOS,1.0,65.0,124.0
2021-07-31,716732,IBUPROFENO 10MG/2ML SOL. INYECTABLE,0,MEDICAMENTOS,1.0,,
2021-08-31,716732,IBUPROFENO 10MG/2ML SOL. INYECTABLE,0,MEDICAMENTOS,1.0,,
2021-09-30,716732,IBUPROFENO 10MG/2ML SOL. INYECTABLE,0,MEDICAMENTOS,1.0,,
2021-10-31,716732,IBUPROFENO 10MG/2ML SOL. INYECTABLE,0,MEDICAMENTOS,1.0,,
2021-11-30,716732,IBUPROFENO 10MG/2ML SOL. INYECTABLE,0,MEDICAMENTOS,1.0,,
2021-12-31,716732,IBUPROFENO 10MG/2ML SOL. INYECTABLE,0,MEDICAMENTOS,1.0,,
2022-01-31,716732,IBUPROFENO 10MG/2ML SOL. INYECTABLE,0,MEDICAMENTOS,1.0,,
2022-02-28,716732,IBUPROFENO 10MG/2ML SOL. INYECTABLE,4,MEDICAMENTOS,1.0,,
2022-03-31,716732,IBUPROFENO 10MG/2ML SOL. INYECTABLE,0,MEDICAMENTOS,1.0,,
2022-04-30,716732,IBUPROFENO 10MG/2ML SOL. INYECTABLE,0,MEDICAMENTOS,1.0,,
2022-05-31,716732,IBUPROFENO 10MG/2ML SOL. INYECTABLE,0,MEDICAMENTOS,1.0,,
2022-06-30,716732,IBUPROFENO 10MG/2ML SOL. INYECTABLE,0,MEDICAMENTOS,1.0,,
2021-07-31,716753,BOLSA RECOLECTORA 1000 CC REF: Z-01000,1,DISPOSITIVOS MEDICO,1.0,0.0,0.0
2021-08-31,716753,BOLSA RECOLECTORA 1000 CC REF: Z-01000,2,DISPOSITIVOS MEDICO,1.0,0.0,0.0
2021-09-30,716753,BOLSA RECOLECTORA 1000 CC REF: Z-01000,0,DISPOSITIVOS MEDICO,1.0,0.0,0.0
2021-10-31,716753,BOLSA RECOLECTORA 1000 CC REF: Z-01000,0,DISPOSITIVOS MEDICO,1.0,0.0,0.0
2021-11-30,716753,BOLSA RECOLECTORA 1000 CC REF: Z-01000,9,DISPOSITIVOS MEDICO,1.0,0.0,0.0
2021-12-31,716753,BOLSA RECOLECTORA 1000 CC REF: Z-01000,5,DISPOSITIVOS MEDICO,1.0,0.0,0.0
2022-01-31,716753,BOLSA RECOLECTORA 1000 CC REF: Z-01000,0,DISPOSITIVOS MEDICO,1.0,0.0,0.0
2022-02-28,716753,BOLSA RECOLECTORA 1000 CC REF: Z-01000,4,DISPOSITIVOS MEDICO,1.0,0.0,0.0
2022-03-31,716753,BOLSA RECOLECTORA 1000 CC REF: Z-01000,2,DISPOSITIVOS MEDICO,1.0,0.0,0.0
2022-04-30,716753,BOLSA RECOLECTORA 1000 CC REF: Z-01000,1,DISPOSITIVOS MEDICO,1.0,0.0,0.0
2022-05-31,716753,BOLSA RECOLECTORA 1000 CC REF: Z-01000,1,DISPOSITIVOS MEDICO,1.0,0.0,0.0
2022-06-30,716753,BOLSA RECOLECTORA 1000 CC REF: Z-01000,0,DISPOSITIVOS MEDICO,1.0,0.0,0.0
2021-07-31,716754,CONECTOR EN Y -SUPLESALUD,0,DISPOSITIVOS MEDICO,1.0,,
2021-08-31,716754,CONECTOR EN Y -SUPLESALUD,0,DISPOSITIVOS MEDICO,1.0,,
2021-09-30,716754,CONECTOR EN Y -SUPLESALUD,0,DISPOSITIVOS MEDICO,1.0,,
2021-10-31,716754,CONECTOR EN Y -SUPLESALUD,0,DISPOSITIVOS MEDICO,1.0,,
2021-11-30,716754,CONECTOR EN Y -SUPLESALUD,0,DISPOSITIVOS MEDICO,1.0,,
2021-12-31,716754,CONECTOR EN Y -SUPLESALUD,0,DISPOSITIVOS MEDICO,1.0,,
2022-01-31,716754,CONECTOR EN Y -SUPLESALUD,1,DISPOSITIVOS MEDICO,1.0,,
2022-02-28,716754,CONECTOR EN Y -SUPLESALUD,0,DISPOSITIVOS MEDICO,1.0,,
2022-03-31,716754,CONECTOR EN Y -SUPLESALUD,0,DISPOSITIVOS MEDICO,1.0,,
2022-04-30,716754,CONECTOR EN Y -SUPLESALUD,0,DISPOSITIVOS MEDICO,1.0,,
2022-05-31,716754,CONECTOR EN Y -SUPLESALUD,0,DISPOSITIVOS MEDICO,1.0,,
2022-06-30,716754,CONECTOR EN Y -SUPLESALUD,0,DISPOSITIVOS MEDICO,1.0,,
2021-07-31,716842,TERLIPRESINA ACETATO 1MG,1,MEDICAMENTOS,1.0,102704.0,35.0
2021-08-31,716842,TERLIPRESINA ACETATO 1MG,6,MEDICAMENTOS,1.0,102704.0,35.0
2021-09-30,716842,TERLIPRESINA ACETATO 1MG,167,MEDICAMENTOS,1.0,102704.0,35.0
2021-10-31,716842,TERLIPRESINA ACETATO 1MG,32,MEDICAMENTOS,1.0,102704.0,35.0
2021-11-30,716842,TERLIPRESINA ACETATO 1MG,27,MEDICAMENTOS,1.0,102704.0,35.0
2021-12-31,716842,TERLIPRESINA ACETATO 1MG,25,MEDICAMENTOS,1.0,102704.0,35.0
2022-01-31,716842,TERLIPRESINA ACETATO 1MG,72,MEDICAMENTOS,1.0,102704.0,35.0
2022-02-28,716842,TERLIPRESINA ACETATO 1MG,5,MEDICAMENTOS,1.0,102704.0,35.0
2022-03-31,716842,TERLIPRESINA ACETATO 1MG,72,MEDICAMENTOS,1.0,102704.0,35.0
2022-04-30,716842,TERLIPRESINA ACETATO 1MG,41,MEDICAMENTOS,1.0,102704.0,35.0
2022-05-31,716842,TERLIPRESINA ACETATO 1MG,0,MEDICAMENTOS,1.0,102704.0,35.0
2022-06-30,716842,TERLIPRESINA ACETATO 1MG,0,MEDICAMENTOS,1.0,102704.0,35.0
2021-07-31,716958,CATETER  UMBILICAL 2.5 FR,0,DISPOSITIVOS MEDICO,1.0,30741.0,11.0
2021-08-31,716958,CATETER  UMBILICAL 2.5 FR,1,DISPOSITIVOS MEDICO,1.0,30741.0,11.0
2021-09-30,716958,CATETER  UMBILICAL 2.5 FR,1,DISPOSITIVOS MEDICO,1.0,30741.0,11.0
2021-10-31,716958,CATETER  UMBILICAL 2.5 FR,1,DISPOSITIVOS MEDICO,1.0,30741.0,11.0
2021-11-30,716958,CATETER  UMBILICAL 2.5 FR,0,DISPOSITIVOS MEDICO,1.0,30741.0,11.0
2021-12-31,716958,CATETER  UMBILICAL 2.5 FR,0,DISPOSITIVOS MEDICO,1.0,30741.0,11.0
2022-01-31,716958,CATETER  UMBILICAL 2.5 FR,4,DISPOSITIVOS MEDICO,1.0,30741.0,11.0
2022-02-28,716958,CATETER  UMBILICAL 2.5 FR,2,DISPOSITIVOS MEDICO,1.0,30741.0,11.0
2022-03-31,716958,CATETER  UMBILICAL 2.5 FR,0,DISPOSITIVOS MEDICO,1.0,30741.0,11.0
2022-04-30,716958,CATETER  UMBILICAL 2.5 FR,1,DISPOSITIVOS MEDICO,1.0,30741.0,11.0
2022-05-31,716958,CATETER  UMBILICAL 2.5 FR,3,DISPOSITIVOS MEDICO,1.0,30741.0,11.0
2022-06-30,716958,CATETER  UMBILICAL 2.5 FR,0,DISPOSITIVOS MEDICO,1.0,30741.0,11.0
2021-07-31,717140,NUTRICION ENTERAL CETOGENICA 300 G LATA,0,NUTRICION,1.0,,
2021-08-31,717140,NUTRICION ENTERAL CETOGENICA 300 G LATA,0,NUTRICION,1.0,,
2021-09-30,717140,NUTRICION ENTERAL CETOGENICA 300 G LATA,0,NUTRICION,1.0,,
2021-10-31,717140,NUTRICION ENTERAL CETOGENICA 300 G LATA,0,NUTRICION,1.0,,
2021-11-30,717140,NUTRICION ENTERAL CETOGENICA 300 G LATA,3,NUTRICION,1.0,,
2021-12-31,717140,NUTRICION ENTERAL CETOGENICA 300 G LATA,0,NUTRICION,1.0,,
2022-01-31,717140,NUTRICION ENTERAL CETOGENICA 300 G LATA,0,NUTRICION,1.0,,
2022-02-28,717140,NUTRICION ENTERAL CETOGENICA 300 G LATA,0,NUTRICION,1.0,,
2022-03-31,717140,NUTRICION ENTERAL CETOGENICA 300 G LATA,0,NUTRICION,1.0,,
2022-04-30,717140,NUTRICION ENTERAL CETOGENICA 300 G LATA,0,NUTRICION,1.0,,
2022-05-31,717140,NUTRICION ENTERAL CETOGENICA 300 G LATA,0,NUTRICION,1.0,,
2022-06-30,717140,NUTRICION ENTERAL CETOGENICA 300 G LATA,0,NUTRICION,1.0,,
2021-07-31,717160,PROGESTERONA CÁPSULA 200MG,0,MEDICAMENTOS,1.0,3264.0,18.0
2021-08-31,717160,PROGESTERONA CÁPSULA 200MG,0,MEDICAMENTOS,1.0,3264.0,18.0
2021-09-30,717160,PROGESTERONA CÁPSULA 200MG,0,MEDICAMENTOS,1.0,3264.0,18.0
2021-10-31,717160,PROGESTERONA CÁPSULA 200MG,0,MEDICAMENTOS,1.0,3264.0,18.0
2021-11-30,717160,PROGESTERONA CÁPSULA 200MG,0,MEDICAMENTOS,1.0,3264.0,18.0
2021-12-31,717160,PROGESTERONA CÁPSULA 200MG,0,MEDICAMENTOS,1.0,3264.0,18.0
2022-01-31,717160,PROGESTERONA CÁPSULA 200MG,0,MEDICAMENTOS,1.0,3264.0,18.0
2022-02-28,717160,PROGESTERONA CÁPSULA 200MG,0,MEDICAMENTOS,1.0,3264.0,18.0
2022-03-31,717160,PROGESTERONA CÁPSULA 200MG,7,MEDICAMENTOS,1.0,3264.0,18.0
2022-04-30,717160,PROGESTERONA CÁPSULA 200MG,0,MEDICAMENTOS,1.0,3264.0,18.0
2022-05-31,717160,PROGESTERONA CÁPSULA 200MG,0,MEDICAMENTOS,1.0,3264.0,18.0
2022-06-30,717160,PROGESTERONA CÁPSULA 200MG,0,MEDICAMENTOS,1.0,3264.0,18.0
2021-07-31,717191,MOXIFLOXACINO TABLETA 400MG,4,MEDICAMENTOS,1.0,,
2021-08-31,717191,MOXIFLOXACINO TABLETA 400MG,0,MEDICAMENTOS,1.0,,
2021-09-30,717191,MOXIFLOXACINO TABLETA 400MG,0,MEDICAMENTOS,1.0,,
2021-10-31,717191,MOXIFLOXACINO TABLETA 400MG,3,MEDICAMENTOS,1.0,,
2021-11-30,717191,MOXIFLOXACINO TABLETA 400MG,5,MEDICAMENTOS,1.0,,
2021-12-31,717191,MOXIFLOXACINO TABLETA 400MG,0,MEDICAMENTOS,1.0,,
2022-01-31,717191,MOXIFLOXACINO TABLETA 400MG,0,MEDICAMENTOS,1.0,,
2022-02-28,717191,MOXIFLOXACINO TABLETA 400MG,0,MEDICAMENTOS,1.0,,
2022-03-31,717191,MOXIFLOXACINO TABLETA 400MG,0,MEDICAMENTOS,1.0,,
2022-04-30,717191,MOXIFLOXACINO TABLETA 400MG,0,MEDICAMENTOS,1.0,,
2022-05-31,717191,MOXIFLOXACINO TABLETA 400MG,11,MEDICAMENTOS,1.0,,
2022-06-30,717191,MOXIFLOXACINO TABLETA 400MG,5,MEDICAMENTOS,1.0,,
2021-07-31,717218,"CLONAZEPAM SOL. ORAL 2,5MG/1ML x 20ML",7,CONTROLADOS,1.0,4271.0,29.0
2021-08-31,717218,"CLONAZEPAM SOL. ORAL 2,5MG/1ML x 20ML",7,CONTROLADOS,1.0,4271.0,29.0
2021-09-30,717218,"CLONAZEPAM SOL. ORAL 2,5MG/1ML x 20ML",3,CONTROLADOS,1.0,4271.0,29.0
2021-10-31,717218,"CLONAZEPAM SOL. ORAL 2,5MG/1ML x 20ML",8,CONTROLADOS,1.0,4271.0,29.0
2021-11-30,717218,"CLONAZEPAM SOL. ORAL 2,5MG/1ML x 20ML",11,CONTROLADOS,1.0,4271.0,29.0
2021-12-31,717218,"CLONAZEPAM SOL. ORAL 2,5MG/1ML x 20ML",3,CONTROLADOS,1.0,4271.0,29.0
2022-01-31,717218,"CLONAZEPAM SOL. ORAL 2,5MG/1ML x 20ML",4,CONTROLADOS,1.0,4271.0,29.0
2022-02-28,717218,"CLONAZEPAM SOL. ORAL 2,5MG/1ML x 20ML",6,CONTROLADOS,1.0,4271.0,29.0
2022-03-31,717218,"CLONAZEPAM SOL. ORAL 2,5MG/1ML x 20ML",5,CONTROLADOS,1.0,4271.0,29.0
2022-04-30,717218,"CLONAZEPAM SOL. ORAL 2,5MG/1ML x 20ML",3,CONTROLADOS,1.0,4271.0,29.0
2022-05-31,717218,"CLONAZEPAM SOL. ORAL 2,5MG/1ML x 20ML",0,CONTROLADOS,1.0,4271.0,29.0
2022-06-30,717218,"CLONAZEPAM SOL. ORAL 2,5MG/1ML x 20ML",4,CONTROLADOS,1.0,4271.0,29.0
2021-07-31,717219,"CLONAZEPAM TABLETA 0,5 MG ",72,CONTROLADOS,1.0,66.0,345.0
2021-08-31,717219,"CLONAZEPAM TABLETA 0,5 MG ",115,CONTROLADOS,1.0,66.0,345.0
2021-09-30,717219,"CLONAZEPAM TABLETA 0,5 MG ",101,CONTROLADOS,1.0,66.0,345.0
2021-10-31,717219,"CLONAZEPAM TABLETA 0,5 MG ",85,CONTROLADOS,1.0,66.0,345.0
2021-11-30,717219,"CLONAZEPAM TABLETA 0,5 MG ",81,CONTROLADOS,1.0,66.0,345.0
2021-12-31,717219,"CLONAZEPAM TABLETA 0,5 MG ",96,CONTROLADOS,1.0,66.0,345.0
2022-01-31,717219,"CLONAZEPAM TABLETA 0,5 MG ",84,CONTROLADOS,1.0,66.0,345.0
2022-02-28,717219,"CLONAZEPAM TABLETA 0,5 MG ",31,CONTROLADOS,1.0,66.0,345.0
2022-03-31,717219,"CLONAZEPAM TABLETA 0,5 MG ",0,CONTROLADOS,1.0,66.0,345.0
2022-04-30,717219,"CLONAZEPAM TABLETA 0,5 MG ",153,CONTROLADOS,1.0,66.0,345.0
2022-05-31,717219,"CLONAZEPAM TABLETA 0,5 MG ",175,CONTROLADOS,1.0,66.0,345.0
2022-06-30,717219,"CLONAZEPAM TABLETA 0,5 MG ",66,CONTROLADOS,1.0,66.0,345.0
2021-07-31,717248,N-ACETILCISTEINA GRANULOS PARA SUSPENCIÓN ORAL 600MG,12,MEDICAMENTOS,1.0,232.0,34.0
2021-08-31,717248,N-ACETILCISTEINA GRANULOS PARA SUSPENCIÓN ORAL 600MG,0,MEDICAMENTOS,1.0,232.0,34.0
2021-09-30,717248,N-ACETILCISTEINA GRANULOS PARA SUSPENCIÓN ORAL 600MG,0,MEDICAMENTOS,1.0,232.0,34.0
2021-10-31,717248,N-ACETILCISTEINA GRANULOS PARA SUSPENCIÓN ORAL 600MG,0,MEDICAMENTOS,1.0,232.0,34.0
2021-11-30,717248,N-ACETILCISTEINA GRANULOS PARA SUSPENCIÓN ORAL 600MG,0,MEDICAMENTOS,1.0,232.0,34.0
2021-12-31,717248,N-ACETILCISTEINA GRANULOS PARA SUSPENCIÓN ORAL 600MG,0,MEDICAMENTOS,1.0,232.0,34.0
2022-01-31,717248,N-ACETILCISTEINA GRANULOS PARA SUSPENCIÓN ORAL 600MG,0,MEDICAMENTOS,1.0,232.0,34.0
2022-02-28,717248,N-ACETILCISTEINA GRANULOS PARA SUSPENCIÓN ORAL 600MG,0,MEDICAMENTOS,1.0,232.0,34.0
2022-03-31,717248,N-ACETILCISTEINA GRANULOS PARA SUSPENCIÓN ORAL 600MG,6,MEDICAMENTOS,1.0,232.0,34.0
2022-04-30,717248,N-ACETILCISTEINA GRANULOS PARA SUSPENCIÓN ORAL 600MG,0,MEDICAMENTOS,1.0,232.0,34.0
2022-05-31,717248,N-ACETILCISTEINA GRANULOS PARA SUSPENCIÓN ORAL 600MG,0,MEDICAMENTOS,1.0,232.0,34.0
2022-06-30,717248,N-ACETILCISTEINA GRANULOS PARA SUSPENCIÓN ORAL 600MG,0,MEDICAMENTOS,1.0,232.0,34.0
2021-07-31,717262,OXITOCINA 10UI SOL. INYECTABLE,4,CONTROLADOS,1.0,1070.0,635.0
2021-08-31,717262,OXITOCINA 10UI SOL. INYECTABLE,0,CONTROLADOS,1.0,1070.0,635.0
2021-09-30,717262,OXITOCINA 10UI SOL. INYECTABLE,3,CONTROLADOS,1.0,1070.0,635.0
2021-10-31,717262,OXITOCINA 10UI SOL. INYECTABLE,0,CONTROLADOS,1.0,1070.0,635.0
2021-11-30,717262,OXITOCINA 10UI SOL. INYECTABLE,0,CONTROLADOS,1.0,1070.0,635.0
2021-12-31,717262,OXITOCINA 10UI SOL. INYECTABLE,0,CONTROLADOS,1.0,1070.0,635.0
2022-01-31,717262,OXITOCINA 10UI SOL. INYECTABLE,4,CONTROLADOS,1.0,1070.0,635.0
2022-02-28,717262,OXITOCINA 10UI SOL. INYECTABLE,0,CONTROLADOS,1.0,1070.0,635.0
2022-03-31,717262,OXITOCINA 10UI SOL. INYECTABLE,0,CONTROLADOS,1.0,1070.0,635.0
2022-04-30,717262,OXITOCINA 10UI SOL. INYECTABLE,0,CONTROLADOS,1.0,1070.0,635.0
2022-05-31,717262,OXITOCINA 10UI SOL. INYECTABLE,4,CONTROLADOS,1.0,1070.0,635.0
2022-06-30,717262,OXITOCINA 10UI SOL. INYECTABLE,0,CONTROLADOS,1.0,1070.0,635.0
2021-07-31,717274,PREGABALINA TABLETA 75MG,163,MEDICAMENTOS,1.0,74.0,97.0
2021-08-31,717274,PREGABALINA TABLETA 75MG,106,MEDICAMENTOS,1.0,74.0,97.0
2021-09-30,717274,PREGABALINA TABLETA 75MG,158,MEDICAMENTOS,1.0,74.0,97.0
2021-10-31,717274,PREGABALINA TABLETA 75MG,198,MEDICAMENTOS,1.0,74.0,97.0
2021-11-30,717274,PREGABALINA TABLETA 75MG,151,MEDICAMENTOS,1.0,74.0,97.0
2021-12-31,717274,PREGABALINA TABLETA 75MG,240,MEDICAMENTOS,1.0,74.0,97.0
2022-01-31,717274,PREGABALINA TABLETA 75MG,263,MEDICAMENTOS,1.0,74.0,97.0
2022-02-28,717274,PREGABALINA TABLETA 75MG,41,MEDICAMENTOS,1.0,74.0,97.0
2022-03-31,717274,PREGABALINA TABLETA 75MG,49,MEDICAMENTOS,1.0,74.0,97.0
2022-04-30,717274,PREGABALINA TABLETA 75MG,37,MEDICAMENTOS,1.0,74.0,97.0
2022-05-31,717274,PREGABALINA TABLETA 75MG,165,MEDICAMENTOS,1.0,74.0,97.0
2022-06-30,717274,PREGABALINA TABLETA 75MG,98,MEDICAMENTOS,1.0,74.0,97.0
2021-07-31,717280,SACUBITRIL/ VALSARTAN 100 MG TABLETA,0,MEDICAMENTOS,1.0,4912.0,10.0
2021-08-31,717280,SACUBITRIL/ VALSARTAN 100 MG TABLETA,0,MEDICAMENTOS,1.0,4912.0,10.0
2021-09-30,717280,SACUBITRIL/ VALSARTAN 100 MG TABLETA,0,MEDICAMENTOS,1.0,4912.0,10.0
2021-10-31,717280,SACUBITRIL/ VALSARTAN 100 MG TABLETA,0,MEDICAMENTOS,1.0,4912.0,10.0
2021-11-30,717280,SACUBITRIL/ VALSARTAN 100 MG TABLETA,0,MEDICAMENTOS,1.0,4912.0,10.0
2021-12-31,717280,SACUBITRIL/ VALSARTAN 100 MG TABLETA,0,MEDICAMENTOS,1.0,4912.0,10.0
2022-01-31,717280,SACUBITRIL/ VALSARTAN 100 MG TABLETA,4,MEDICAMENTOS,1.0,4912.0,10.0
2022-02-28,717280,SACUBITRIL/ VALSARTAN 100 MG TABLETA,0,MEDICAMENTOS,1.0,4912.0,10.0
2022-03-31,717280,SACUBITRIL/ VALSARTAN 100 MG TABLETA,0,MEDICAMENTOS,1.0,4912.0,10.0
2022-04-30,717280,SACUBITRIL/ VALSARTAN 100 MG TABLETA,0,MEDICAMENTOS,1.0,4912.0,10.0
2022-05-31,717280,SACUBITRIL/ VALSARTAN 100 MG TABLETA,0,MEDICAMENTOS,1.0,4912.0,10.0
2022-06-30,717280,SACUBITRIL/ VALSARTAN 100 MG TABLETA,0,MEDICAMENTOS,1.0,4912.0,10.0
2021-07-31,717389,VASO DESECHABLE 7 ONZ,877,DISPOSITIVOS MEDICO,1.0,0.0,0.0
2021-08-31,717389,VASO DESECHABLE 7 ONZ,1243,DISPOSITIVOS MEDICO,1.0,0.0,0.0
2021-09-30,717389,VASO DESECHABLE 7 ONZ,1239,DISPOSITIVOS MEDICO,1.0,0.0,0.0
2021-10-31,717389,VASO DESECHABLE 7 ONZ,1148,DISPOSITIVOS MEDICO,1.0,0.0,0.0
2021-11-30,717389,VASO DESECHABLE 7 ONZ,1020,DISPOSITIVOS MEDICO,1.0,0.0,0.0
2021-12-31,717389,VASO DESECHABLE 7 ONZ,21,DISPOSITIVOS MEDICO,1.0,0.0,0.0
2022-01-31,717389,VASO DESECHABLE 7 ONZ,0,DISPOSITIVOS MEDICO,1.0,0.0,0.0
2022-02-28,717389,VASO DESECHABLE 7 ONZ,0,DISPOSITIVOS MEDICO,1.0,0.0,0.0
2022-03-31,717389,VASO DESECHABLE 7 ONZ,0,DISPOSITIVOS MEDICO,1.0,0.0,0.0
2022-04-30,717389,VASO DESECHABLE 7 ONZ,798,DISPOSITIVOS MEDICO,1.0,0.0,0.0
2022-05-31,717389,VASO DESECHABLE 7 ONZ,0,DISPOSITIVOS MEDICO,1.0,0.0,0.0
2022-06-30,717389,VASO DESECHABLE 7 ONZ,0,DISPOSITIVOS MEDICO,1.0,0.0,0.0
2021-07-31,717421,NUTRAMIGEN PREMIUM CON LGG 357G LATA,0,MEDICAMENTOS,1.0,,
2021-08-31,717421,NUTRAMIGEN PREMIUM CON LGG 357G LATA,0,MEDICAMENTOS,1.0,,
2021-09-30,717421,NUTRAMIGEN PREMIUM CON LGG 357G LATA,0,MEDICAMENTOS,1.0,,
2021-10-31,717421,NUTRAMIGEN PREMIUM CON LGG 357G LATA,0,MEDICAMENTOS,1.0,,
2021-11-30,717421,NUTRAMIGEN PREMIUM CON LGG 357G LATA,0,MEDICAMENTOS,1.0,,
2021-12-31,717421,NUTRAMIGEN PREMIUM CON LGG 357G LATA,1,MEDICAMENTOS,1.0,,
2022-01-31,717421,NUTRAMIGEN PREMIUM CON LGG 357G LATA,0,MEDICAMENTOS,1.0,,
2022-02-28,717421,NUTRAMIGEN PREMIUM CON LGG 357G LATA,0,MEDICAMENTOS,1.0,,
2022-03-31,717421,NUTRAMIGEN PREMIUM CON LGG 357G LATA,0,MEDICAMENTOS,1.0,,
2022-04-30,717421,NUTRAMIGEN PREMIUM CON LGG 357G LATA,0,MEDICAMENTOS,1.0,,
2022-05-31,717421,NUTRAMIGEN PREMIUM CON LGG 357G LATA,0,MEDICAMENTOS,1.0,,
2022-06-30,717421,NUTRAMIGEN PREMIUM CON LGG 357G LATA,0,MEDICAMENTOS,1.0,,
2021-07-31,717432,FLUTICASONA/SALMETEROL SUSPENSIÓN PARA INHALACIÓN 250MCG/25MCG/1PUFF/120PUFF,7,MEDICAMENTOS,1.0,78130.0,3.0
2021-08-31,717432,FLUTICASONA/SALMETEROL SUSPENSIÓN PARA INHALACIÓN 250MCG/25MCG/1PUFF/120PUFF,4,MEDICAMENTOS,1.0,78130.0,3.0
2021-09-30,717432,FLUTICASONA/SALMETEROL SUSPENSIÓN PARA INHALACIÓN 250MCG/25MCG/1PUFF/120PUFF,4,MEDICAMENTOS,1.0,78130.0,3.0
2021-10-31,717432,FLUTICASONA/SALMETEROL SUSPENSIÓN PARA INHALACIÓN 250MCG/25MCG/1PUFF/120PUFF,4,MEDICAMENTOS,1.0,78130.0,3.0
2021-11-30,717432,FLUTICASONA/SALMETEROL SUSPENSIÓN PARA INHALACIÓN 250MCG/25MCG/1PUFF/120PUFF,6,MEDICAMENTOS,1.0,78130.0,3.0
2021-12-31,717432,FLUTICASONA/SALMETEROL SUSPENSIÓN PARA INHALACIÓN 250MCG/25MCG/1PUFF/120PUFF,7,MEDICAMENTOS,1.0,78130.0,3.0
2022-01-31,717432,FLUTICASONA/SALMETEROL SUSPENSIÓN PARA INHALACIÓN 250MCG/25MCG/1PUFF/120PUFF,3,MEDICAMENTOS,1.0,78130.0,3.0
2022-02-28,717432,FLUTICASONA/SALMETEROL SUSPENSIÓN PARA INHALACIÓN 250MCG/25MCG/1PUFF/120PUFF,2,MEDICAMENTOS,1.0,78130.0,3.0
2022-03-31,717432,FLUTICASONA/SALMETEROL SUSPENSIÓN PARA INHALACIÓN 250MCG/25MCG/1PUFF/120PUFF,3,MEDICAMENTOS,1.0,78130.0,3.0
2022-04-30,717432,FLUTICASONA/SALMETEROL SUSPENSIÓN PARA INHALACIÓN 250MCG/25MCG/1PUFF/120PUFF,4,MEDICAMENTOS,1.0,78130.0,3.0
2022-05-31,717432,FLUTICASONA/SALMETEROL SUSPENSIÓN PARA INHALACIÓN 250MCG/25MCG/1PUFF/120PUFF,0,MEDICAMENTOS,1.0,78130.0,3.0
2022-06-30,717432,FLUTICASONA/SALMETEROL SUSPENSIÓN PARA INHALACIÓN 250MCG/25MCG/1PUFF/120PUFF,1,MEDICAMENTOS,1.0,78130.0,3.0
2021-07-31,717442,BUDESONIDA/FORMOTEROL SUSPENSIÓN PARA INHALACIÓN 320MCG/9MCG/1PUFF/60PUFF,1,MEDICAMENTOS,1.0,0.0,0.0
2021-08-31,717442,BUDESONIDA/FORMOTEROL SUSPENSIÓN PARA INHALACIÓN 320MCG/9MCG/1PUFF/60PUFF,0,MEDICAMENTOS,1.0,0.0,0.0
2021-09-30,717442,BUDESONIDA/FORMOTEROL SUSPENSIÓN PARA INHALACIÓN 320MCG/9MCG/1PUFF/60PUFF,0,MEDICAMENTOS,1.0,0.0,0.0
2021-10-31,717442,BUDESONIDA/FORMOTEROL SUSPENSIÓN PARA INHALACIÓN 320MCG/9MCG/1PUFF/60PUFF,0,MEDICAMENTOS,1.0,0.0,0.0
2021-11-30,717442,BUDESONIDA/FORMOTEROL SUSPENSIÓN PARA INHALACIÓN 320MCG/9MCG/1PUFF/60PUFF,0,MEDICAMENTOS,1.0,0.0,0.0
2021-12-31,717442,BUDESONIDA/FORMOTEROL SUSPENSIÓN PARA INHALACIÓN 320MCG/9MCG/1PUFF/60PUFF,0,MEDICAMENTOS,1.0,0.0,0.0
2022-01-31,717442,BUDESONIDA/FORMOTEROL SUSPENSIÓN PARA INHALACIÓN 320MCG/9MCG/1PUFF/60PUFF,0,MEDICAMENTOS,1.0,0.0,0.0
2022-02-28,717442,BUDESONIDA/FORMOTEROL SUSPENSIÓN PARA INHALACIÓN 320MCG/9MCG/1PUFF/60PUFF,0,MEDICAMENTOS,1.0,0.0,0.0
2022-03-31,717442,BUDESONIDA/FORMOTEROL SUSPENSIÓN PARA INHALACIÓN 320MCG/9MCG/1PUFF/60PUFF,0,MEDICAMENTOS,1.0,0.0,0.0
2022-04-30,717442,BUDESONIDA/FORMOTEROL SUSPENSIÓN PARA INHALACIÓN 320MCG/9MCG/1PUFF/60PUFF,0,MEDICAMENTOS,1.0,0.0,0.0
2022-05-31,717442,BUDESONIDA/FORMOTEROL SUSPENSIÓN PARA INHALACIÓN 320MCG/9MCG/1PUFF/60PUFF,0,MEDICAMENTOS,1.0,0.0,0.0
2022-06-30,717442,BUDESONIDA/FORMOTEROL SUSPENSIÓN PARA INHALACIÓN 320MCG/9MCG/1PUFF/60PUFF,1,MEDICAMENTOS,1.0,0.0,0.0
2021-07-31,717450,N-ACETILCISTEINA SOLUCIÓN INYECTABLE 300MG/3ML,8,MEDICAMENTOS,1.0,3374.0,12.0
2021-08-31,717450,N-ACETILCISTEINA SOLUCIÓN INYECTABLE 300MG/3ML,0,MEDICAMENTOS,1.0,3374.0,12.0
2021-09-30,717450,N-ACETILCISTEINA SOLUCIÓN INYECTABLE 300MG/3ML,2,MEDICAMENTOS,1.0,3374.0,12.0
2021-10-31,717450,N-ACETILCISTEINA SOLUCIÓN INYECTABLE 300MG/3ML,20,MEDICAMENTOS,1.0,3374.0,12.0
2021-11-30,717450,N-ACETILCISTEINA SOLUCIÓN INYECTABLE 300MG/3ML,34,MEDICAMENTOS,1.0,3374.0,12.0
2021-12-31,717450,N-ACETILCISTEINA SOLUCIÓN INYECTABLE 300MG/3ML,0,MEDICAMENTOS,1.0,3374.0,12.0
2022-01-31,717450,N-ACETILCISTEINA SOLUCIÓN INYECTABLE 300MG/3ML,5,MEDICAMENTOS,1.0,3374.0,12.0
2022-02-28,717450,N-ACETILCISTEINA SOLUCIÓN INYECTABLE 300MG/3ML,0,MEDICAMENTOS,1.0,3374.0,12.0
2022-03-31,717450,N-ACETILCISTEINA SOLUCIÓN INYECTABLE 300MG/3ML,0,MEDICAMENTOS,1.0,3374.0,12.0
2022-04-30,717450,N-ACETILCISTEINA SOLUCIÓN INYECTABLE 300MG/3ML,25,MEDICAMENTOS,1.0,3374.0,12.0
2022-05-31,717450,N-ACETILCISTEINA SOLUCIÓN INYECTABLE 300MG/3ML,7,MEDICAMENTOS,1.0,3374.0,12.0
2022-06-30,717450,N-ACETILCISTEINA SOLUCIÓN INYECTABLE 300MG/3ML,1,MEDICAMENTOS,1.0,3374.0,12.0
2021-07-31,717455,IVABRADINE TABLETA 5MG,0,MEDICAMENTOS,1.0,1322.0,6.0
2021-08-31,717455,IVABRADINE TABLETA 5MG,6,MEDICAMENTOS,1.0,1322.0,6.0
2021-09-30,717455,IVABRADINE TABLETA 5MG,0,MEDICAMENTOS,1.0,1322.0,6.0
2021-10-31,717455,IVABRADINE TABLETA 5MG,0,MEDICAMENTOS,1.0,1322.0,6.0
2021-11-30,717455,IVABRADINE TABLETA 5MG,0,MEDICAMENTOS,1.0,1322.0,6.0
2021-12-31,717455,IVABRADINE TABLETA 5MG,0,MEDICAMENTOS,1.0,1322.0,6.0
2022-01-31,717455,IVABRADINE TABLETA 5MG,3,MEDICAMENTOS,1.0,1322.0,6.0
2022-02-28,717455,IVABRADINE TABLETA 5MG,0,MEDICAMENTOS,1.0,1322.0,6.0
2022-03-31,717455,IVABRADINE TABLETA 5MG,0,MEDICAMENTOS,1.0,1322.0,6.0
2022-04-30,717455,IVABRADINE TABLETA 5MG,0,MEDICAMENTOS,1.0,1322.0,6.0
2022-05-31,717455,IVABRADINE TABLETA 5MG,0,MEDICAMENTOS,1.0,1322.0,6.0
2022-06-30,717455,IVABRADINE TABLETA 5MG,0,MEDICAMENTOS,1.0,1322.0,6.0
2021-07-31,717519,OMEPRAZOL POLVO LIOFILIZADO 40MG,1080,MEDICAMENTOS,1.0,744.5,217.0
2021-08-31,717519,OMEPRAZOL POLVO LIOFILIZADO 40MG,1182,MEDICAMENTOS,1.0,744.5,217.0
2021-09-30,717519,OMEPRAZOL POLVO LIOFILIZADO 40MG,1417,MEDICAMENTOS,1.0,744.5,217.0
2021-10-31,717519,OMEPRAZOL POLVO LIOFILIZADO 40MG,1263,MEDICAMENTOS,1.0,744.5,217.0
2021-11-30,717519,OMEPRAZOL POLVO LIOFILIZADO 40MG,1291,MEDICAMENTOS,1.0,744.5,217.0
2021-12-31,717519,OMEPRAZOL POLVO LIOFILIZADO 40MG,1269,MEDICAMENTOS,1.0,744.5,217.0
2022-01-31,717519,OMEPRAZOL POLVO LIOFILIZADO 40MG,1448,MEDICAMENTOS,1.0,744.5,217.0
2022-02-28,717519,OMEPRAZOL POLVO LIOFILIZADO 40MG,1306,MEDICAMENTOS,1.0,744.5,217.0
2022-03-31,717519,OMEPRAZOL POLVO LIOFILIZADO 40MG,1410,MEDICAMENTOS,1.0,744.5,217.0
2022-04-30,717519,OMEPRAZOL POLVO LIOFILIZADO 40MG,1555,MEDICAMENTOS,1.0,744.5,217.0
2022-05-31,717519,OMEPRAZOL POLVO LIOFILIZADO 40MG,1682,MEDICAMENTOS,1.0,744.5,217.0
2022-06-30,717519,OMEPRAZOL POLVO LIOFILIZADO 40MG,1924,MEDICAMENTOS,1.0,744.5,217.0
2021-07-31,717705,DABIGATRAN CÁPSULA 150MG,0,MEDICAMENTOS,1.0,,
2021-08-31,717705,DABIGATRAN CÁPSULA 150MG,0,MEDICAMENTOS,1.0,,
2021-09-30,717705,DABIGATRAN CÁPSULA 150MG,0,MEDICAMENTOS,1.0,,
2021-10-31,717705,DABIGATRAN CÁPSULA 150MG,0,MEDICAMENTOS,1.0,,
2021-11-30,717705,DABIGATRAN CÁPSULA 150MG,0,MEDICAMENTOS,1.0,,
2021-12-31,717705,DABIGATRAN CÁPSULA 150MG,0,MEDICAMENTOS,1.0,,
2022-01-31,717705,DABIGATRAN CÁPSULA 150MG,0,MEDICAMENTOS,1.0,,
2022-02-28,717705,DABIGATRAN CÁPSULA 150MG,0,MEDICAMENTOS,1.0,,
2022-03-31,717705,DABIGATRAN CÁPSULA 150MG,0,MEDICAMENTOS,1.0,,
2022-04-30,717705,DABIGATRAN CÁPSULA 150MG,2,MEDICAMENTOS,1.0,,
2022-05-31,717705,DABIGATRAN CÁPSULA 150MG,0,MEDICAMENTOS,1.0,,
2022-06-30,717705,DABIGATRAN CÁPSULA 150MG,0,MEDICAMENTOS,1.0,,
2021-07-31,717716,TERMOMETRO,281,DISPOSITIVOS MEDICO,1.0,5945.0,61.0
2021-08-31,717716,TERMOMETRO,389,DISPOSITIVOS MEDICO,1.0,5945.0,61.0
2021-09-30,717716,TERMOMETRO,397,DISPOSITIVOS MEDICO,1.0,5945.0,61.0
2021-10-31,717716,TERMOMETRO,353,DISPOSITIVOS MEDICO,1.0,5945.0,61.0
2021-11-30,717716,TERMOMETRO,390,DISPOSITIVOS MEDICO,1.0,5945.0,61.0
2021-12-31,717716,TERMOMETRO,389,DISPOSITIVOS MEDICO,1.0,5945.0,61.0
2022-01-31,717716,TERMOMETRO,439,DISPOSITIVOS MEDICO,1.0,5945.0,61.0
2022-02-28,717716,TERMOMETRO,389,DISPOSITIVOS MEDICO,1.0,5945.0,61.0
2022-03-31,717716,TERMOMETRO,355,DISPOSITIVOS MEDICO,1.0,5945.0,61.0
2022-04-30,717716,TERMOMETRO,300,DISPOSITIVOS MEDICO,1.0,5945.0,61.0
2022-05-31,717716,TERMOMETRO,292,DISPOSITIVOS MEDICO,1.0,5945.0,61.0
2022-06-30,717716,TERMOMETRO,294,DISPOSITIVOS MEDICO,1.0,5945.0,61.0
2021-07-31,717763,LACOSAMIDA TABLETA 100MG,0,MEDICAMENTOS,1.0,4561.0,55.0
2021-08-31,717763,LACOSAMIDA TABLETA 100MG,32,MEDICAMENTOS,1.0,4561.0,55.0
2021-09-30,717763,LACOSAMIDA TABLETA 100MG,0,MEDICAMENTOS,1.0,4561.0,55.0
2021-10-31,717763,LACOSAMIDA TABLETA 100MG,135,MEDICAMENTOS,1.0,4561.0,55.0
2021-11-30,717763,LACOSAMIDA TABLETA 100MG,91,MEDICAMENTOS,1.0,4561.0,55.0
2021-12-31,717763,LACOSAMIDA TABLETA 100MG,69,MEDICAMENTOS,1.0,4561.0,55.0
2022-01-31,717763,LACOSAMIDA TABLETA 100MG,0,MEDICAMENTOS,1.0,4561.0,55.0
2022-02-28,717763,LACOSAMIDA TABLETA 100MG,0,MEDICAMENTOS,1.0,4561.0,55.0
2022-03-31,717763,LACOSAMIDA TABLETA 100MG,0,MEDICAMENTOS,1.0,4561.0,55.0
2022-04-30,717763,LACOSAMIDA TABLETA 100MG,239,MEDICAMENTOS,1.0,4561.0,55.0
2022-05-31,717763,LACOSAMIDA TABLETA 100MG,53,MEDICAMENTOS,1.0,4561.0,55.0
2022-06-30,717763,LACOSAMIDA TABLETA 100MG,110,MEDICAMENTOS,1.0,4561.0,55.0
2021-07-31,717813,BOLSA OSTOMIA OP/100MM,3,DISPOSITIVOS MEDICO,1.0,9584.0,8.0
2021-08-31,717813,BOLSA OSTOMIA OP/100MM,0,DISPOSITIVOS MEDICO,1.0,9584.0,8.0
2021-09-30,717813,BOLSA OSTOMIA OP/100MM,4,DISPOSITIVOS MEDICO,1.0,9584.0,8.0
2021-10-31,717813,BOLSA OSTOMIA OP/100MM,0,DISPOSITIVOS MEDICO,1.0,9584.0,8.0
2021-11-30,717813,BOLSA OSTOMIA OP/100MM,3,DISPOSITIVOS MEDICO,1.0,9584.0,8.0
2021-12-31,717813,BOLSA OSTOMIA OP/100MM,7,DISPOSITIVOS MEDICO,1.0,9584.0,8.0
2022-01-31,717813,BOLSA OSTOMIA OP/100MM,13,DISPOSITIVOS MEDICO,1.0,9584.0,8.0
2022-02-28,717813,BOLSA OSTOMIA OP/100MM,11,DISPOSITIVOS MEDICO,1.0,9584.0,8.0
2022-03-31,717813,BOLSA OSTOMIA OP/100MM,21,DISPOSITIVOS MEDICO,1.0,9584.0,8.0
2022-04-30,717813,BOLSA OSTOMIA OP/100MM,2,DISPOSITIVOS MEDICO,1.0,9584.0,8.0
2022-05-31,717813,BOLSA OSTOMIA OP/100MM,4,DISPOSITIVOS MEDICO,1.0,9584.0,8.0
2022-06-30,717813,BOLSA OSTOMIA OP/100MM,4,DISPOSITIVOS MEDICO,1.0,9584.0,8.0
2021-07-31,717814,BARRERA STOMAHESIVE 100MM ,2,DISPOSITIVOS MEDICO,1.0,23298.0,6.0
2021-08-31,717814,BARRERA STOMAHESIVE 100MM ,0,DISPOSITIVOS MEDICO,1.0,23298.0,6.0
2021-09-30,717814,BARRERA STOMAHESIVE 100MM ,4,DISPOSITIVOS MEDICO,1.0,23298.0,6.0
2021-10-31,717814,BARRERA STOMAHESIVE 100MM ,0,DISPOSITIVOS MEDICO,1.0,23298.0,6.0
2021-11-30,717814,BARRERA STOMAHESIVE 100MM ,3,DISPOSITIVOS MEDICO,1.0,23298.0,6.0
2021-12-31,717814,BARRERA STOMAHESIVE 100MM ,7,DISPOSITIVOS MEDICO,1.0,23298.0,6.0
2022-01-31,717814,BARRERA STOMAHESIVE 100MM ,13,DISPOSITIVOS MEDICO,1.0,23298.0,6.0
2022-02-28,717814,BARRERA STOMAHESIVE 100MM ,12,DISPOSITIVOS MEDICO,1.0,23298.0,6.0
2022-03-31,717814,BARRERA STOMAHESIVE 100MM ,22,DISPOSITIVOS MEDICO,1.0,23298.0,6.0
2022-04-30,717814,BARRERA STOMAHESIVE 100MM ,3,DISPOSITIVOS MEDICO,1.0,23298.0,6.0
2022-05-31,717814,BARRERA STOMAHESIVE 100MM ,4,DISPOSITIVOS MEDICO,1.0,23298.0,6.0
2022-06-30,717814,BARRERA STOMAHESIVE 100MM ,9,DISPOSITIVOS MEDICO,1.0,23298.0,6.0
2021-07-31,717825,TENOFOVIR/EMTRICITABINA 300MG/200MG TABLETA,36,MEDICAMENTOS,1.0,303.0,31.0
2021-08-31,717825,TENOFOVIR/EMTRICITABINA 300MG/200MG TABLETA,13,MEDICAMENTOS,1.0,303.0,31.0
2021-09-30,717825,TENOFOVIR/EMTRICITABINA 300MG/200MG TABLETA,50,MEDICAMENTOS,1.0,303.0,31.0
2021-10-31,717825,TENOFOVIR/EMTRICITABINA 300MG/200MG TABLETA,45,MEDICAMENTOS,1.0,303.0,31.0
2021-11-30,717825,TENOFOVIR/EMTRICITABINA 300MG/200MG TABLETA,0,MEDICAMENTOS,1.0,303.0,31.0
2021-12-31,717825,TENOFOVIR/EMTRICITABINA 300MG/200MG TABLETA,1,MEDICAMENTOS,1.0,303.0,31.0
2022-01-31,717825,TENOFOVIR/EMTRICITABINA 300MG/200MG TABLETA,3,MEDICAMENTOS,1.0,303.0,31.0
2022-02-28,717825,TENOFOVIR/EMTRICITABINA 300MG/200MG TABLETA,3,MEDICAMENTOS,1.0,303.0,31.0
2022-03-31,717825,TENOFOVIR/EMTRICITABINA 300MG/200MG TABLETA,3,MEDICAMENTOS,1.0,303.0,31.0
2022-04-30,717825,TENOFOVIR/EMTRICITABINA 300MG/200MG TABLETA,4,MEDICAMENTOS,1.0,303.0,31.0
2022-05-31,717825,TENOFOVIR/EMTRICITABINA 300MG/200MG TABLETA,12,MEDICAMENTOS,1.0,303.0,31.0
2022-06-30,717825,TENOFOVIR/EMTRICITABINA 300MG/200MG TABLETA,15,MEDICAMENTOS,1.0,303.0,31.0
2021-07-31,717838,MECHAS NASALES REF 2248 ,0,DISPOSITIVOS MEDICO,1.0,,
2021-08-31,717838,MECHAS NASALES REF 2248 ,0,DISPOSITIVOS MEDICO,1.0,,
2021-09-30,717838,MECHAS NASALES REF 2248 ,0,DISPOSITIVOS MEDICO,1.0,,
2021-10-31,717838,MECHAS NASALES REF 2248 ,0,DISPOSITIVOS MEDICO,1.0,,
2021-11-30,717838,MECHAS NASALES REF 2248 ,0,DISPOSITIVOS MEDICO,1.0,,
2021-12-31,717838,MECHAS NASALES REF 2248 ,0,DISPOSITIVOS MEDICO,1.0,,
2022-01-31,717838,MECHAS NASALES REF 2248 ,0,DISPOSITIVOS MEDICO,1.0,,
2022-02-28,717838,MECHAS NASALES REF 2248 ,8,DISPOSITIVOS MEDICO,1.0,,
2022-03-31,717838,MECHAS NASALES REF 2248 ,0,DISPOSITIVOS MEDICO,1.0,,
2022-04-30,717838,MECHAS NASALES REF 2248 ,2,DISPOSITIVOS MEDICO,1.0,,
2022-05-31,717838,MECHAS NASALES REF 2248 ,3,DISPOSITIVOS MEDICO,1.0,,
2022-06-30,717838,MECHAS NASALES REF 2248 ,0,DISPOSITIVOS MEDICO,1.0,,
2021-07-31,717864,"TAMSULOSINA CÁPSULA DE LIBERACIÓN CONTROLADA 0,4MG",25,MEDICAMENTOS,1.0,498.0,48.0
2021-08-31,717864,"TAMSULOSINA CÁPSULA DE LIBERACIÓN CONTROLADA 0,4MG",20,MEDICAMENTOS,1.0,498.0,48.0
2021-09-30,717864,"TAMSULOSINA CÁPSULA DE LIBERACIÓN CONTROLADA 0,4MG",16,MEDICAMENTOS,1.0,498.0,48.0
2021-10-31,717864,"TAMSULOSINA CÁPSULA DE LIBERACIÓN CONTROLADA 0,4MG",41,MEDICAMENTOS,1.0,498.0,48.0
2021-11-30,717864,"TAMSULOSINA CÁPSULA DE LIBERACIÓN CONTROLADA 0,4MG",56,MEDICAMENTOS,1.0,498.0,48.0
2021-12-31,717864,"TAMSULOSINA CÁPSULA DE LIBERACIÓN CONTROLADA 0,4MG",53,MEDICAMENTOS,1.0,498.0,48.0
2022-01-31,717864,"TAMSULOSINA CÁPSULA DE LIBERACIÓN CONTROLADA 0,4MG",26,MEDICAMENTOS,1.0,498.0,48.0
2022-02-28,717864,"TAMSULOSINA CÁPSULA DE LIBERACIÓN CONTROLADA 0,4MG",26,MEDICAMENTOS,1.0,498.0,48.0
2022-03-31,717864,"TAMSULOSINA CÁPSULA DE LIBERACIÓN CONTROLADA 0,4MG",25,MEDICAMENTOS,1.0,498.0,48.0
2022-04-30,717864,"TAMSULOSINA CÁPSULA DE LIBERACIÓN CONTROLADA 0,4MG",24,MEDICAMENTOS,1.0,498.0,48.0
2022-05-31,717864,"TAMSULOSINA CÁPSULA DE LIBERACIÓN CONTROLADA 0,4MG",1,MEDICAMENTOS,1.0,498.0,48.0
2022-06-30,717864,"TAMSULOSINA CÁPSULA DE LIBERACIÓN CONTROLADA 0,4MG",12,MEDICAMENTOS,1.0,498.0,48.0
2021-07-31,717923,INSULINA GLULISINA SOL. INYECTABLE 100UI/ML x 10ML (1000UI),22,MEDICAMENTOS,1.0,66404.0,7.0
2021-08-31,717923,INSULINA GLULISINA SOL. INYECTABLE 100UI/ML x 10ML (1000UI),18,MEDICAMENTOS,1.0,66404.0,7.0
2021-09-30,717923,INSULINA GLULISINA SOL. INYECTABLE 100UI/ML x 10ML (1000UI),27,MEDICAMENTOS,1.0,66404.0,7.0
2021-10-31,717923,INSULINA GLULISINA SOL. INYECTABLE 100UI/ML x 10ML (1000UI),13,MEDICAMENTOS,1.0,66404.0,7.0
2021-11-30,717923,INSULINA GLULISINA SOL. INYECTABLE 100UI/ML x 10ML (1000UI),23,MEDICAMENTOS,1.0,66404.0,7.0
2021-12-31,717923,INSULINA GLULISINA SOL. INYECTABLE 100UI/ML x 10ML (1000UI),27,MEDICAMENTOS,1.0,66404.0,7.0
2022-01-31,717923,INSULINA GLULISINA SOL. INYECTABLE 100UI/ML x 10ML (1000UI),18,MEDICAMENTOS,1.0,66404.0,7.0
2022-02-28,717923,INSULINA GLULISINA SOL. INYECTABLE 100UI/ML x 10ML (1000UI),15,MEDICAMENTOS,1.0,66404.0,7.0
2022-03-31,717923,INSULINA GLULISINA SOL. INYECTABLE 100UI/ML x 10ML (1000UI),24,MEDICAMENTOS,1.0,66404.0,7.0
2022-04-30,717923,INSULINA GLULISINA SOL. INYECTABLE 100UI/ML x 10ML (1000UI),17,MEDICAMENTOS,1.0,66404.0,7.0
2022-05-31,717923,INSULINA GLULISINA SOL. INYECTABLE 100UI/ML x 10ML (1000UI),26,MEDICAMENTOS,1.0,66404.0,7.0
2022-06-30,717923,INSULINA GLULISINA SOL. INYECTABLE 100UI/ML x 10ML (1000UI),36,MEDICAMENTOS,1.0,66404.0,7.0
2021-07-31,718001,ESCITALOPRAN 10MG TABLETA ,87,MEDICAMENTOS,1.0,281.0,42.0
2021-08-31,718001,ESCITALOPRAN 10MG TABLETA ,106,MEDICAMENTOS,1.0,281.0,42.0
2021-09-30,718001,ESCITALOPRAN 10MG TABLETA ,60,MEDICAMENTOS,1.0,281.0,42.0
2021-10-31,718001,ESCITALOPRAN 10MG TABLETA ,44,MEDICAMENTOS,1.0,281.0,42.0
2021-11-30,718001,ESCITALOPRAN 10MG TABLETA ,64,MEDICAMENTOS,1.0,281.0,42.0
2021-12-31,718001,ESCITALOPRAN 10MG TABLETA ,84,MEDICAMENTOS,1.0,281.0,42.0
2022-01-31,718001,ESCITALOPRAN 10MG TABLETA ,124,MEDICAMENTOS,1.0,281.0,42.0
2022-02-28,718001,ESCITALOPRAN 10MG TABLETA ,72,MEDICAMENTOS,1.0,281.0,42.0
2022-03-31,718001,ESCITALOPRAN 10MG TABLETA ,146,MEDICAMENTOS,1.0,281.0,42.0
2022-04-30,718001,ESCITALOPRAN 10MG TABLETA ,31,MEDICAMENTOS,1.0,281.0,42.0
2022-05-31,718001,ESCITALOPRAN 10MG TABLETA ,51,MEDICAMENTOS,1.0,281.0,42.0
2022-06-30,718001,ESCITALOPRAN 10MG TABLETA ,20,MEDICAMENTOS,1.0,281.0,42.0
2021-07-31,718005,ABACAVIR/LAMIVUDINA TABLETA 600MG/300MG,0,MEDICAMENTOS,1.0,2168.0,23.0
2021-08-31,718005,ABACAVIR/LAMIVUDINA TABLETA 600MG/300MG,7,MEDICAMENTOS,1.0,2168.0,23.0
2021-09-30,718005,ABACAVIR/LAMIVUDINA TABLETA 600MG/300MG,1,MEDICAMENTOS,1.0,2168.0,23.0
2021-10-31,718005,ABACAVIR/LAMIVUDINA TABLETA 600MG/300MG,0,MEDICAMENTOS,1.0,2168.0,23.0
2021-11-30,718005,ABACAVIR/LAMIVUDINA TABLETA 600MG/300MG,0,MEDICAMENTOS,1.0,2168.0,23.0
2021-12-31,718005,ABACAVIR/LAMIVUDINA TABLETA 600MG/300MG,0,MEDICAMENTOS,1.0,2168.0,23.0
2022-01-31,718005,ABACAVIR/LAMIVUDINA TABLETA 600MG/300MG,0,MEDICAMENTOS,1.0,2168.0,23.0
2022-02-28,718005,ABACAVIR/LAMIVUDINA TABLETA 600MG/300MG,0,MEDICAMENTOS,1.0,2168.0,23.0
2022-03-31,718005,ABACAVIR/LAMIVUDINA TABLETA 600MG/300MG,0,MEDICAMENTOS,1.0,2168.0,23.0
2022-04-30,718005,ABACAVIR/LAMIVUDINA TABLETA 600MG/300MG,0,MEDICAMENTOS,1.0,2168.0,23.0
2022-05-31,718005,ABACAVIR/LAMIVUDINA TABLETA 600MG/300MG,1,MEDICAMENTOS,1.0,2168.0,23.0
2022-06-30,718005,ABACAVIR/LAMIVUDINA TABLETA 600MG/300MG,3,MEDICAMENTOS,1.0,2168.0,23.0
2021-07-31,718072,ENTEREX POLVO PARA SOLUCIÓN ORAL 110G ALIMENTO PARA USOS NUTRICIONALES ESPECIALE,0,NUTRICION,1.0,50684.0,16.0
2021-08-31,718072,ENTEREX POLVO PARA SOLUCIÓN ORAL 110G ALIMENTO PARA USOS NUTRICIONALES ESPECIALE,70,NUTRICION,1.0,50684.0,16.0
2021-09-30,718072,ENTEREX POLVO PARA SOLUCIÓN ORAL 110G ALIMENTO PARA USOS NUTRICIONALES ESPECIALE,15,NUTRICION,1.0,50684.0,16.0
2021-10-31,718072,ENTEREX POLVO PARA SOLUCIÓN ORAL 110G ALIMENTO PARA USOS NUTRICIONALES ESPECIALE,10,NUTRICION,1.0,50684.0,16.0
2021-11-30,718072,ENTEREX POLVO PARA SOLUCIÓN ORAL 110G ALIMENTO PARA USOS NUTRICIONALES ESPECIALE,4,NUTRICION,1.0,50684.0,16.0
2021-12-31,718072,ENTEREX POLVO PARA SOLUCIÓN ORAL 110G ALIMENTO PARA USOS NUTRICIONALES ESPECIALE,0,NUTRICION,1.0,50684.0,16.0
2022-01-31,718072,ENTEREX POLVO PARA SOLUCIÓN ORAL 110G ALIMENTO PARA USOS NUTRICIONALES ESPECIALE,40,NUTRICION,1.0,50684.0,16.0
2022-02-28,718072,ENTEREX POLVO PARA SOLUCIÓN ORAL 110G ALIMENTO PARA USOS NUTRICIONALES ESPECIALE,0,NUTRICION,1.0,50684.0,16.0
2022-03-31,718072,ENTEREX POLVO PARA SOLUCIÓN ORAL 110G ALIMENTO PARA USOS NUTRICIONALES ESPECIALE,3,NUTRICION,1.0,50684.0,16.0
2022-04-30,718072,ENTEREX POLVO PARA SOLUCIÓN ORAL 110G ALIMENTO PARA USOS NUTRICIONALES ESPECIALE,0,NUTRICION,1.0,50684.0,16.0
2022-05-31,718072,ENTEREX POLVO PARA SOLUCIÓN ORAL 110G ALIMENTO PARA USOS NUTRICIONALES ESPECIALE,0,NUTRICION,1.0,50684.0,16.0
2022-06-30,718072,ENTEREX POLVO PARA SOLUCIÓN ORAL 110G ALIMENTO PARA USOS NUTRICIONALES ESPECIALE,0,NUTRICION,1.0,50684.0,16.0
2021-07-31,718218,ELECTRODO PEDIATRICO,287,MEDICAMENTOS,1.0,333.0,72.0
2021-08-31,718218,ELECTRODO PEDIATRICO,305,MEDICAMENTOS,1.0,333.0,72.0
2021-09-30,718218,ELECTRODO PEDIATRICO,238,MEDICAMENTOS,1.0,333.0,72.0
2021-10-31,718218,ELECTRODO PEDIATRICO,280,MEDICAMENTOS,1.0,333.0,72.0
2021-11-30,718218,ELECTRODO PEDIATRICO,273,MEDICAMENTOS,1.0,333.0,72.0
2021-12-31,718218,ELECTRODO PEDIATRICO,131,MEDICAMENTOS,1.0,333.0,72.0
2022-01-31,718218,ELECTRODO PEDIATRICO,349,MEDICAMENTOS,1.0,333.0,72.0
2022-02-28,718218,ELECTRODO PEDIATRICO,222,MEDICAMENTOS,1.0,333.0,72.0
2022-03-31,718218,ELECTRODO PEDIATRICO,343,MEDICAMENTOS,1.0,333.0,72.0
2022-04-30,718218,ELECTRODO PEDIATRICO,221,MEDICAMENTOS,1.0,333.0,72.0
2022-05-31,718218,ELECTRODO PEDIATRICO,321,MEDICAMENTOS,1.0,333.0,72.0
2022-06-30,718218,ELECTRODO PEDIATRICO,237,MEDICAMENTOS,1.0,333.0,72.0
2021-07-31,718219,ELECTRODO ADULTO,2160,MEDICAMENTOS,1.0,292.0,918.0
2021-08-31,718219,ELECTRODO ADULTO,2571,MEDICAMENTOS,1.0,292.0,918.0
2021-09-30,718219,ELECTRODO ADULTO,2650,MEDICAMENTOS,1.0,292.0,918.0
2021-10-31,718219,ELECTRODO ADULTO,2484,MEDICAMENTOS,1.0,292.0,918.0
2021-11-30,718219,ELECTRODO ADULTO,2101,MEDICAMENTOS,1.0,292.0,918.0
2021-12-31,718219,ELECTRODO ADULTO,1878,MEDICAMENTOS,1.0,292.0,918.0
2022-01-31,718219,ELECTRODO ADULTO,2199,MEDICAMENTOS,1.0,292.0,918.0
2022-02-28,718219,ELECTRODO ADULTO,1862,MEDICAMENTOS,1.0,292.0,918.0
2022-03-31,718219,ELECTRODO ADULTO,2196,MEDICAMENTOS,1.0,292.0,918.0
2022-04-30,718219,ELECTRODO ADULTO,2400,MEDICAMENTOS,1.0,292.0,918.0
2022-05-31,718219,ELECTRODO ADULTO,1906,MEDICAMENTOS,1.0,292.0,918.0
2022-06-30,718219,ELECTRODO ADULTO,2086,MEDICAMENTOS,1.0,292.0,918.0
2021-07-31,718228,GABAPENTIN 400MG CAPSULA ,0,MEDICAMENTOS,1.0,250.0,32.0
2021-08-31,718228,GABAPENTIN 400MG CAPSULA ,0,MEDICAMENTOS,1.0,250.0,32.0
2021-09-30,718228,GABAPENTIN 400MG CAPSULA ,0,MEDICAMENTOS,1.0,250.0,32.0
2021-10-31,718228,GABAPENTIN 400MG CAPSULA ,0,MEDICAMENTOS,1.0,250.0,32.0
2021-11-30,718228,GABAPENTIN 400MG CAPSULA ,6,MEDICAMENTOS,1.0,250.0,32.0
2021-12-31,718228,GABAPENTIN 400MG CAPSULA ,12,MEDICAMENTOS,1.0,250.0,32.0
2022-01-31,718228,GABAPENTIN 400MG CAPSULA ,0,MEDICAMENTOS,1.0,250.0,32.0
2022-02-28,718228,GABAPENTIN 400MG CAPSULA ,0,MEDICAMENTOS,1.0,250.0,32.0
2022-03-31,718228,GABAPENTIN 400MG CAPSULA ,0,MEDICAMENTOS,1.0,250.0,32.0
2022-04-30,718228,GABAPENTIN 400MG CAPSULA ,0,MEDICAMENTOS,1.0,250.0,32.0
2022-05-31,718228,GABAPENTIN 400MG CAPSULA ,0,MEDICAMENTOS,1.0,250.0,32.0
2022-06-30,718228,GABAPENTIN 400MG CAPSULA ,0,MEDICAMENTOS,1.0,250.0,32.0
2021-07-31,718292,LORAZEPAM TABLETA 1MG,72,MEDICAMENTOS,1.0,221.0,78.0
2021-08-31,718292,LORAZEPAM TABLETA 1MG,34,MEDICAMENTOS,1.0,221.0,78.0
2021-09-30,718292,LORAZEPAM TABLETA 1MG,15,MEDICAMENTOS,1.0,221.0,78.0
2021-10-31,718292,LORAZEPAM TABLETA 1MG,36,MEDICAMENTOS,1.0,221.0,78.0
2021-11-30,718292,LORAZEPAM TABLETA 1MG,133,MEDICAMENTOS,1.0,221.0,78.0
2021-12-31,718292,LORAZEPAM TABLETA 1MG,275,MEDICAMENTOS,1.0,221.0,78.0
2022-01-31,718292,LORAZEPAM TABLETA 1MG,23,MEDICAMENTOS,1.0,221.0,78.0
2022-02-28,718292,LORAZEPAM TABLETA 1MG,93,MEDICAMENTOS,1.0,221.0,78.0
2022-03-31,718292,LORAZEPAM TABLETA 1MG,171,MEDICAMENTOS,1.0,221.0,78.0
2022-04-30,718292,LORAZEPAM TABLETA 1MG,76,MEDICAMENTOS,1.0,221.0,78.0
2022-05-31,718292,LORAZEPAM TABLETA 1MG,255,MEDICAMENTOS,1.0,221.0,78.0
2022-06-30,718292,LORAZEPAM TABLETA 1MG,510,MEDICAMENTOS,1.0,221.0,78.0
2021-07-31,718376,ATAZANAVIR 300MG CAPSULA,21,MEDICAMENTOS,1.0,5132.0,24.0
2021-08-31,718376,ATAZANAVIR 300MG CAPSULA,7,MEDICAMENTOS,1.0,5132.0,24.0
2021-09-30,718376,ATAZANAVIR 300MG CAPSULA,36,MEDICAMENTOS,1.0,5132.0,24.0
2021-10-31,718376,ATAZANAVIR 300MG CAPSULA,0,MEDICAMENTOS,1.0,5132.0,24.0
2021-11-30,718376,ATAZANAVIR 300MG CAPSULA,0,MEDICAMENTOS,1.0,5132.0,24.0
2021-12-31,718376,ATAZANAVIR 300MG CAPSULA,0,MEDICAMENTOS,1.0,5132.0,24.0
2022-01-31,718376,ATAZANAVIR 300MG CAPSULA,0,MEDICAMENTOS,1.0,5132.0,24.0
2022-02-28,718376,ATAZANAVIR 300MG CAPSULA,0,MEDICAMENTOS,1.0,5132.0,24.0
2022-03-31,718376,ATAZANAVIR 300MG CAPSULA,0,MEDICAMENTOS,1.0,5132.0,24.0
2022-04-30,718376,ATAZANAVIR 300MG CAPSULA,0,MEDICAMENTOS,1.0,5132.0,24.0
2022-05-31,718376,ATAZANAVIR 300MG CAPSULA,0,MEDICAMENTOS,1.0,5132.0,24.0
2022-06-30,718376,ATAZANAVIR 300MG CAPSULA,0,MEDICAMENTOS,1.0,5132.0,24.0
2021-07-31,718747,RIFAXIMINA CÁPSULA 200MG,25,MEDICAMENTOS,1.0,554.0,65.0
2021-08-31,718747,RIFAXIMINA CÁPSULA 200MG,109,MEDICAMENTOS,1.0,554.0,65.0
2021-09-30,718747,RIFAXIMINA CÁPSULA 200MG,166,MEDICAMENTOS,1.0,554.0,65.0
2021-10-31,718747,RIFAXIMINA CÁPSULA 200MG,55,MEDICAMENTOS,1.0,554.0,65.0
2021-11-30,718747,RIFAXIMINA CÁPSULA 200MG,98,MEDICAMENTOS,1.0,554.0,65.0
2021-12-31,718747,RIFAXIMINA CÁPSULA 200MG,0,MEDICAMENTOS,1.0,554.0,65.0
2022-01-31,718747,RIFAXIMINA CÁPSULA 200MG,68,MEDICAMENTOS,1.0,554.0,65.0
2022-02-28,718747,RIFAXIMINA CÁPSULA 200MG,49,MEDICAMENTOS,1.0,554.0,65.0
2022-03-31,718747,RIFAXIMINA CÁPSULA 200MG,4,MEDICAMENTOS,1.0,554.0,65.0
2022-04-30,718747,RIFAXIMINA CÁPSULA 200MG,127,MEDICAMENTOS,1.0,554.0,65.0
2022-05-31,718747,RIFAXIMINA CÁPSULA 200MG,0,MEDICAMENTOS,1.0,554.0,65.0
2022-06-30,718747,RIFAXIMINA CÁPSULA 200MG,46,MEDICAMENTOS,1.0,554.0,65.0
2021-07-31,718798,SERTRALINA TABLETA 50MG,138,MEDICAMENTOS,1.0,,
2021-08-31,718798,SERTRALINA TABLETA 50MG,118,MEDICAMENTOS,1.0,,
2021-09-30,718798,SERTRALINA TABLETA 50MG,38,MEDICAMENTOS,1.0,,
2021-10-31,718798,SERTRALINA TABLETA 50MG,40,MEDICAMENTOS,1.0,,
2021-11-30,718798,SERTRALINA TABLETA 50MG,105,MEDICAMENTOS,1.0,,
2021-12-31,718798,SERTRALINA TABLETA 50MG,87,MEDICAMENTOS,1.0,,
2022-01-31,718798,SERTRALINA TABLETA 50MG,115,MEDICAMENTOS,1.0,,
2022-02-28,718798,SERTRALINA TABLETA 50MG,114,MEDICAMENTOS,1.0,,
2022-03-31,718798,SERTRALINA TABLETA 50MG,93,MEDICAMENTOS,1.0,,
2022-04-30,718798,SERTRALINA TABLETA 50MG,142,MEDICAMENTOS,1.0,,
2022-05-31,718798,SERTRALINA TABLETA 50MG,56,MEDICAMENTOS,1.0,,
2022-06-30,718798,SERTRALINA TABLETA 50MG,45,MEDICAMENTOS,1.0,,
2021-07-31,718800,MIRTAZAPINA TABLETA 30MG,0,MEDICAMENTOS,1.0,,
2021-08-31,718800,MIRTAZAPINA TABLETA 30MG,0,MEDICAMENTOS,1.0,,
2021-09-30,718800,MIRTAZAPINA TABLETA 30MG,0,MEDICAMENTOS,1.0,,
2021-10-31,718800,MIRTAZAPINA TABLETA 30MG,0,MEDICAMENTOS,1.0,,
2021-11-30,718800,MIRTAZAPINA TABLETA 30MG,0,MEDICAMENTOS,1.0,,
2021-12-31,718800,MIRTAZAPINA TABLETA 30MG,0,MEDICAMENTOS,1.0,,
2022-01-31,718800,MIRTAZAPINA TABLETA 30MG,0,MEDICAMENTOS,1.0,,
2022-02-28,718800,MIRTAZAPINA TABLETA 30MG,0,MEDICAMENTOS,1.0,,
2022-03-31,718800,MIRTAZAPINA TABLETA 30MG,0,MEDICAMENTOS,1.0,,
2022-04-30,718800,MIRTAZAPINA TABLETA 30MG,6,MEDICAMENTOS,1.0,,
2022-05-31,718800,MIRTAZAPINA TABLETA 30MG,0,MEDICAMENTOS,1.0,,
2022-06-30,718800,MIRTAZAPINA TABLETA 30MG,0,MEDICAMENTOS,1.0,,
2021-07-31,718999,INMUNOGLOBULINA HUMANA NORMAL  5G/100ML (50MG/ML) SOL. INYECTABLE ,0,MEDICAMENTOS,1.0,736552.0,16.0
2021-08-31,718999,INMUNOGLOBULINA HUMANA NORMAL  5G/100ML (50MG/ML) SOL. INYECTABLE ,0,MEDICAMENTOS,1.0,736552.0,16.0
2021-09-30,718999,INMUNOGLOBULINA HUMANA NORMAL  5G/100ML (50MG/ML) SOL. INYECTABLE ,0,MEDICAMENTOS,1.0,736552.0,16.0
2021-10-31,718999,INMUNOGLOBULINA HUMANA NORMAL  5G/100ML (50MG/ML) SOL. INYECTABLE ,0,MEDICAMENTOS,1.0,736552.0,16.0
2021-11-30,718999,INMUNOGLOBULINA HUMANA NORMAL  5G/100ML (50MG/ML) SOL. INYECTABLE ,0,MEDICAMENTOS,1.0,736552.0,16.0
2021-12-31,718999,INMUNOGLOBULINA HUMANA NORMAL  5G/100ML (50MG/ML) SOL. INYECTABLE ,0,MEDICAMENTOS,1.0,736552.0,16.0
2022-01-31,718999,INMUNOGLOBULINA HUMANA NORMAL  5G/100ML (50MG/ML) SOL. INYECTABLE ,12,MEDICAMENTOS,1.0,736552.0,16.0
2022-02-28,718999,INMUNOGLOBULINA HUMANA NORMAL  5G/100ML (50MG/ML) SOL. INYECTABLE ,0,MEDICAMENTOS,1.0,736552.0,16.0
2022-03-31,718999,INMUNOGLOBULINA HUMANA NORMAL  5G/100ML (50MG/ML) SOL. INYECTABLE ,24,MEDICAMENTOS,1.0,736552.0,16.0
2022-04-30,718999,INMUNOGLOBULINA HUMANA NORMAL  5G/100ML (50MG/ML) SOL. INYECTABLE ,0,MEDICAMENTOS,1.0,736552.0,16.0
2022-05-31,718999,INMUNOGLOBULINA HUMANA NORMAL  5G/100ML (50MG/ML) SOL. INYECTABLE ,0,MEDICAMENTOS,1.0,736552.0,16.0
2022-06-30,718999,INMUNOGLOBULINA HUMANA NORMAL  5G/100ML (50MG/ML) SOL. INYECTABLE ,0,MEDICAMENTOS,1.0,736552.0,16.0
2021-07-31,719016,ACETAMINOFEN/CODEINA TABLETA 325MG/8MG,0,MEDICAMENTOS,1.0,,
2021-08-31,719016,ACETAMINOFEN/CODEINA TABLETA 325MG/8MG,0,MEDICAMENTOS,1.0,,
2021-09-30,719016,ACETAMINOFEN/CODEINA TABLETA 325MG/8MG,0,MEDICAMENTOS,1.0,,
2021-10-31,719016,ACETAMINOFEN/CODEINA TABLETA 325MG/8MG,0,MEDICAMENTOS,1.0,,
2021-11-30,719016,ACETAMINOFEN/CODEINA TABLETA 325MG/8MG,21,MEDICAMENTOS,1.0,,
2021-12-31,719016,ACETAMINOFEN/CODEINA TABLETA 325MG/8MG,0,MEDICAMENTOS,1.0,,
2022-01-31,719016,ACETAMINOFEN/CODEINA TABLETA 325MG/8MG,0,MEDICAMENTOS,1.0,,
2022-02-28,719016,ACETAMINOFEN/CODEINA TABLETA 325MG/8MG,5,MEDICAMENTOS,1.0,,
2022-03-31,719016,ACETAMINOFEN/CODEINA TABLETA 325MG/8MG,0,MEDICAMENTOS,1.0,,
2022-04-30,719016,ACETAMINOFEN/CODEINA TABLETA 325MG/8MG,0,MEDICAMENTOS,1.0,,
2022-05-31,719016,ACETAMINOFEN/CODEINA TABLETA 325MG/8MG,0,MEDICAMENTOS,1.0,,
2022-06-30,719016,ACETAMINOFEN/CODEINA TABLETA 325MG/8MG,0,MEDICAMENTOS,1.0,,
2021-07-31,719059,METADONA TABLETA 10MG ,51,CONTROLADOS,1.0,,
2021-08-31,719059,METADONA TABLETA 10MG ,80,CONTROLADOS,1.0,,
2021-09-30,719059,METADONA TABLETA 10MG ,0,CONTROLADOS,1.0,,
2021-10-31,719059,METADONA TABLETA 10MG ,41,CONTROLADOS,1.0,,
2021-11-30,719059,METADONA TABLETA 10MG ,65,CONTROLADOS,1.0,,
2021-12-31,719059,METADONA TABLETA 10MG ,41,CONTROLADOS,1.0,,
2022-01-31,719059,METADONA TABLETA 10MG ,61,CONTROLADOS,1.0,,
2022-02-28,719059,METADONA TABLETA 10MG ,55,CONTROLADOS,1.0,,
2022-03-31,719059,METADONA TABLETA 10MG ,60,CONTROLADOS,1.0,,
2022-04-30,719059,METADONA TABLETA 10MG ,8,CONTROLADOS,1.0,,
2022-05-31,719059,METADONA TABLETA 10MG ,168,CONTROLADOS,1.0,,
2022-06-30,719059,METADONA TABLETA 10MG ,203,CONTROLADOS,1.0,,
2021-07-31,719158,RIVAROXABAN TABLETA 15MG,12,MEDICAMENTOS,1.0,,
2021-08-31,719158,RIVAROXABAN TABLETA 15MG,1,MEDICAMENTOS,1.0,,
2021-09-30,719158,RIVAROXABAN TABLETA 15MG,0,MEDICAMENTOS,1.0,,
2021-10-31,719158,RIVAROXABAN TABLETA 15MG,0,MEDICAMENTOS,1.0,,
2021-11-30,719158,RIVAROXABAN TABLETA 15MG,3,MEDICAMENTOS,1.0,,
2021-12-31,719158,RIVAROXABAN TABLETA 15MG,2,MEDICAMENTOS,1.0,,
2022-01-31,719158,RIVAROXABAN TABLETA 15MG,2,MEDICAMENTOS,1.0,,
2022-02-28,719158,RIVAROXABAN TABLETA 15MG,0,MEDICAMENTOS,1.0,,
2022-03-31,719158,RIVAROXABAN TABLETA 15MG,0,MEDICAMENTOS,1.0,,
2022-04-30,719158,RIVAROXABAN TABLETA 15MG,0,MEDICAMENTOS,1.0,,
2022-05-31,719158,RIVAROXABAN TABLETA 15MG,0,MEDICAMENTOS,1.0,,
2022-06-30,719158,RIVAROXABAN TABLETA 15MG,0,MEDICAMENTOS,1.0,,
2021-07-31,719225,"DUTASTERIDA/TAMSULOSINA CÁPSULA 0,5MG/0,4MG (0,9MG)",19,MEDICAMENTOS,1.0,,
2021-08-31,719225,"DUTASTERIDA/TAMSULOSINA CÁPSULA 0,5MG/0,4MG (0,9MG)",21,MEDICAMENTOS,1.0,,
2021-09-30,719225,"DUTASTERIDA/TAMSULOSINA CÁPSULA 0,5MG/0,4MG (0,9MG)",12,MEDICAMENTOS,1.0,,
2021-10-31,719225,"DUTASTERIDA/TAMSULOSINA CÁPSULA 0,5MG/0,4MG (0,9MG)",42,MEDICAMENTOS,1.0,,
2021-11-30,719225,"DUTASTERIDA/TAMSULOSINA CÁPSULA 0,5MG/0,4MG (0,9MG)",39,MEDICAMENTOS,1.0,,
2021-12-31,719225,"DUTASTERIDA/TAMSULOSINA CÁPSULA 0,5MG/0,4MG (0,9MG)",8,MEDICAMENTOS,1.0,,
2022-01-31,719225,"DUTASTERIDA/TAMSULOSINA CÁPSULA 0,5MG/0,4MG (0,9MG)",17,MEDICAMENTOS,1.0,,
2022-02-28,719225,"DUTASTERIDA/TAMSULOSINA CÁPSULA 0,5MG/0,4MG (0,9MG)",17,MEDICAMENTOS,1.0,,
2022-03-31,719225,"DUTASTERIDA/TAMSULOSINA CÁPSULA 0,5MG/0,4MG (0,9MG)",42,MEDICAMENTOS,1.0,,
2022-04-30,719225,"DUTASTERIDA/TAMSULOSINA CÁPSULA 0,5MG/0,4MG (0,9MG)",0,MEDICAMENTOS,1.0,,
2022-05-31,719225,"DUTASTERIDA/TAMSULOSINA CÁPSULA 0,5MG/0,4MG (0,9MG)",25,MEDICAMENTOS,1.0,,
2022-06-30,719225,"DUTASTERIDA/TAMSULOSINA CÁPSULA 0,5MG/0,4MG (0,9MG)",26,MEDICAMENTOS,1.0,,
2021-07-31,719246,"BISOPROLOL TABLETA 2,5MG",32,MEDICAMENTOS,1.0,,
2021-08-31,719246,"BISOPROLOL TABLETA 2,5MG",6,MEDICAMENTOS,1.0,,
2021-09-30,719246,"BISOPROLOL TABLETA 2,5MG",6,MEDICAMENTOS,1.0,,
2021-10-31,719246,"BISOPROLOL TABLETA 2,5MG",2,MEDICAMENTOS,1.0,,
2021-11-30,719246,"BISOPROLOL TABLETA 2,5MG",0,MEDICAMENTOS,1.0,,
2021-12-31,719246,"BISOPROLOL TABLETA 2,5MG",0,MEDICAMENTOS,1.0,,
2022-01-31,719246,"BISOPROLOL TABLETA 2,5MG",13,MEDICAMENTOS,1.0,,
2022-02-28,719246,"BISOPROLOL TABLETA 2,5MG",11,MEDICAMENTOS,1.0,,
2022-03-31,719246,"BISOPROLOL TABLETA 2,5MG",0,MEDICAMENTOS,1.0,,
2022-04-30,719246,"BISOPROLOL TABLETA 2,5MG",6,MEDICAMENTOS,1.0,,
2022-05-31,719246,"BISOPROLOL TABLETA 2,5MG",0,MEDICAMENTOS,1.0,,
2022-06-30,719246,"BISOPROLOL TABLETA 2,5MG",0,MEDICAMENTOS,1.0,,
2021-07-31,719247,INSULINA DETERMIR SOL. INYECTABLE 100UI/ML x 3ML (300UI),7,MEDICAMENTOS,1.0,,
2021-08-31,719247,INSULINA DETERMIR SOL. INYECTABLE 100UI/ML x 3ML (300UI),2,MEDICAMENTOS,1.0,,
2021-09-30,719247,INSULINA DETERMIR SOL. INYECTABLE 100UI/ML x 3ML (300UI),2,MEDICAMENTOS,1.0,,
2021-10-31,719247,INSULINA DETERMIR SOL. INYECTABLE 100UI/ML x 3ML (300UI),1,MEDICAMENTOS,1.0,,
2021-11-30,719247,INSULINA DETERMIR SOL. INYECTABLE 100UI/ML x 3ML (300UI),7,MEDICAMENTOS,1.0,,
2021-12-31,719247,INSULINA DETERMIR SOL. INYECTABLE 100UI/ML x 3ML (300UI),5,MEDICAMENTOS,1.0,,
2022-01-31,719247,INSULINA DETERMIR SOL. INYECTABLE 100UI/ML x 3ML (300UI),5,MEDICAMENTOS,1.0,,
2022-02-28,719247,INSULINA DETERMIR SOL. INYECTABLE 100UI/ML x 3ML (300UI),3,MEDICAMENTOS,1.0,,
2022-03-31,719247,INSULINA DETERMIR SOL. INYECTABLE 100UI/ML x 3ML (300UI),0,MEDICAMENTOS,1.0,,
2022-04-30,719247,INSULINA DETERMIR SOL. INYECTABLE 100UI/ML x 3ML (300UI),1,MEDICAMENTOS,1.0,,
2022-05-31,719247,INSULINA DETERMIR SOL. INYECTABLE 100UI/ML x 3ML (300UI),6,MEDICAMENTOS,1.0,,
2022-06-30,719247,INSULINA DETERMIR SOL. INYECTABLE 100UI/ML x 3ML (300UI),2,MEDICAMENTOS,1.0,,
2021-07-31,719274,MASCARA VENTURY PEDIATRICA,0,DISPOSITIVOS MEDICO,1.0,,
2021-08-31,719274,MASCARA VENTURY PEDIATRICA,1,DISPOSITIVOS MEDICO,1.0,,
2021-09-30,719274,MASCARA VENTURY PEDIATRICA,1,DISPOSITIVOS MEDICO,1.0,,
2021-10-31,719274,MASCARA VENTURY PEDIATRICA,4,DISPOSITIVOS MEDICO,1.0,,
2021-11-30,719274,MASCARA VENTURY PEDIATRICA,0,DISPOSITIVOS MEDICO,1.0,,
2021-12-31,719274,MASCARA VENTURY PEDIATRICA,8,DISPOSITIVOS MEDICO,1.0,,
2022-01-31,719274,MASCARA VENTURY PEDIATRICA,11,DISPOSITIVOS MEDICO,1.0,,
2022-02-28,719274,MASCARA VENTURY PEDIATRICA,7,DISPOSITIVOS MEDICO,1.0,,
2022-03-31,719274,MASCARA VENTURY PEDIATRICA,7,DISPOSITIVOS MEDICO,1.0,,
2022-04-30,719274,MASCARA VENTURY PEDIATRICA,0,DISPOSITIVOS MEDICO,1.0,,
2022-05-31,719274,MASCARA VENTURY PEDIATRICA,7,DISPOSITIVOS MEDICO,1.0,,
2022-06-30,719274,MASCARA VENTURY PEDIATRICA,3,DISPOSITIVOS MEDICO,1.0,,
2021-07-31,719275,AGUJA P/INSULINA TIPO LAPICERO,95,DISPOSITIVOS MEDICO,1.0,,
2021-08-31,719275,AGUJA P/INSULINA TIPO LAPICERO,21,DISPOSITIVOS MEDICO,1.0,,
2021-09-30,719275,AGUJA P/INSULINA TIPO LAPICERO,20,DISPOSITIVOS MEDICO,1.0,,
2021-10-31,719275,AGUJA P/INSULINA TIPO LAPICERO,163,DISPOSITIVOS MEDICO,1.0,,
2021-11-30,719275,AGUJA P/INSULINA TIPO LAPICERO,99,DISPOSITIVOS MEDICO,1.0,,
2021-12-31,719275,AGUJA P/INSULINA TIPO LAPICERO,38,DISPOSITIVOS MEDICO,1.0,,
2022-01-31,719275,AGUJA P/INSULINA TIPO LAPICERO,11,DISPOSITIVOS MEDICO,1.0,,
2022-02-28,719275,AGUJA P/INSULINA TIPO LAPICERO,60,DISPOSITIVOS MEDICO,1.0,,
2022-03-31,719275,AGUJA P/INSULINA TIPO LAPICERO,37,DISPOSITIVOS MEDICO,1.0,,
2022-04-30,719275,AGUJA P/INSULINA TIPO LAPICERO,61,DISPOSITIVOS MEDICO,1.0,,
2022-05-31,719275,AGUJA P/INSULINA TIPO LAPICERO,81,DISPOSITIVOS MEDICO,1.0,,
2022-06-30,719275,AGUJA P/INSULINA TIPO LAPICERO,54,DISPOSITIVOS MEDICO,1.0,,
2021-07-31,719419,INSULINA ASPARTATO SOL. INYECTABLE 100UI/ML x 10ML (1000UI),6,MEDICAMENTOS,1.0,19828.0,6.0
2021-08-31,719419,INSULINA ASPARTATO SOL. INYECTABLE 100UI/ML x 10ML (1000UI),2,MEDICAMENTOS,1.0,19828.0,6.0
2021-09-30,719419,INSULINA ASPARTATO SOL. INYECTABLE 100UI/ML x 10ML (1000UI),2,MEDICAMENTOS,1.0,19828.0,6.0
2021-10-31,719419,INSULINA ASPARTATO SOL. INYECTABLE 100UI/ML x 10ML (1000UI),7,MEDICAMENTOS,1.0,19828.0,6.0
2021-11-30,719419,INSULINA ASPARTATO SOL. INYECTABLE 100UI/ML x 10ML (1000UI),6,MEDICAMENTOS,1.0,19828.0,6.0
2021-12-31,719419,INSULINA ASPARTATO SOL. INYECTABLE 100UI/ML x 10ML (1000UI),4,MEDICAMENTOS,1.0,19828.0,6.0
2022-01-31,719419,INSULINA ASPARTATO SOL. INYECTABLE 100UI/ML x 10ML (1000UI),0,MEDICAMENTOS,1.0,19828.0,6.0
2022-02-28,719419,INSULINA ASPARTATO SOL. INYECTABLE 100UI/ML x 10ML (1000UI),5,MEDICAMENTOS,1.0,19828.0,6.0
2022-03-31,719419,INSULINA ASPARTATO SOL. INYECTABLE 100UI/ML x 10ML (1000UI),0,MEDICAMENTOS,1.0,19828.0,6.0
2022-04-30,719419,INSULINA ASPARTATO SOL. INYECTABLE 100UI/ML x 10ML (1000UI),3,MEDICAMENTOS,1.0,19828.0,6.0
2022-05-31,719419,INSULINA ASPARTATO SOL. INYECTABLE 100UI/ML x 10ML (1000UI),5,MEDICAMENTOS,1.0,19828.0,6.0
2022-06-30,719419,INSULINA ASPARTATO SOL. INYECTABLE 100UI/ML x 10ML (1000UI),4,MEDICAMENTOS,1.0,19828.0,6.0
2021-07-31,719423,LOPINAVIR/RITONAVIR 80MG/20MG/ML SUSPENSION ORAL  ,0,MEDICAMENTOS,1.0,870.0,47.0
2021-08-31,719423,LOPINAVIR/RITONAVIR 80MG/20MG/ML SUSPENSION ORAL  ,0,MEDICAMENTOS,1.0,870.0,47.0
2021-09-30,719423,LOPINAVIR/RITONAVIR 80MG/20MG/ML SUSPENSION ORAL  ,0,MEDICAMENTOS,1.0,870.0,47.0
2021-10-31,719423,LOPINAVIR/RITONAVIR 80MG/20MG/ML SUSPENSION ORAL  ,0,MEDICAMENTOS,1.0,870.0,47.0
2021-11-30,719423,LOPINAVIR/RITONAVIR 80MG/20MG/ML SUSPENSION ORAL  ,0,MEDICAMENTOS,1.0,870.0,47.0
2021-12-31,719423,LOPINAVIR/RITONAVIR 80MG/20MG/ML SUSPENSION ORAL  ,0,MEDICAMENTOS,1.0,870.0,47.0
2022-01-31,719423,LOPINAVIR/RITONAVIR 80MG/20MG/ML SUSPENSION ORAL  ,0,MEDICAMENTOS,1.0,870.0,47.0
2022-02-28,719423,LOPINAVIR/RITONAVIR 80MG/20MG/ML SUSPENSION ORAL  ,0,MEDICAMENTOS,1.0,870.0,47.0
2022-03-31,719423,LOPINAVIR/RITONAVIR 80MG/20MG/ML SUSPENSION ORAL  ,0,MEDICAMENTOS,1.0,870.0,47.0
2022-04-30,719423,LOPINAVIR/RITONAVIR 80MG/20MG/ML SUSPENSION ORAL  ,0,MEDICAMENTOS,1.0,870.0,47.0
2022-05-31,719423,LOPINAVIR/RITONAVIR 80MG/20MG/ML SUSPENSION ORAL  ,712,MEDICAMENTOS,1.0,870.0,47.0
2022-06-30,719423,LOPINAVIR/RITONAVIR 80MG/20MG/ML SUSPENSION ORAL  ,1056,MEDICAMENTOS,1.0,870.0,47.0
2021-07-31,719455,S/FOLEY 3V  20FR SILICONA,0,DISPOSITIVOS MEDICO,1.0,0.0,0.0
2021-08-31,719455,S/FOLEY 3V  20FR SILICONA,0,DISPOSITIVOS MEDICO,1.0,0.0,0.0
2021-09-30,719455,S/FOLEY 3V  20FR SILICONA,0,DISPOSITIVOS MEDICO,1.0,0.0,0.0
2021-10-31,719455,S/FOLEY 3V  20FR SILICONA,0,DISPOSITIVOS MEDICO,1.0,0.0,0.0
2021-11-30,719455,S/FOLEY 3V  20FR SILICONA,0,DISPOSITIVOS MEDICO,1.0,0.0,0.0
2021-12-31,719455,S/FOLEY 3V  20FR SILICONA,0,DISPOSITIVOS MEDICO,1.0,0.0,0.0
2022-01-31,719455,S/FOLEY 3V  20FR SILICONA,1,DISPOSITIVOS MEDICO,1.0,0.0,0.0
2022-02-28,719455,S/FOLEY 3V  20FR SILICONA,0,DISPOSITIVOS MEDICO,1.0,0.0,0.0
2022-03-31,719455,S/FOLEY 3V  20FR SILICONA,0,DISPOSITIVOS MEDICO,1.0,0.0,0.0
2022-04-30,719455,S/FOLEY 3V  20FR SILICONA,0,DISPOSITIVOS MEDICO,1.0,0.0,0.0
2022-05-31,719455,S/FOLEY 3V  20FR SILICONA,0,DISPOSITIVOS MEDICO,1.0,0.0,0.0
2022-06-30,719455,S/FOLEY 3V  20FR SILICONA,0,DISPOSITIVOS MEDICO,1.0,0.0,0.0
2021-07-31,719533,CAOLIN/PECTINA SUSPENSIÓN ORAL 20G/1G/120ML,5,MEDICAMENTOS,1.0,8747.0,3.0
2021-08-31,719533,CAOLIN/PECTINA SUSPENSIÓN ORAL 20G/1G/120ML,0,MEDICAMENTOS,1.0,8747.0,3.0
2021-09-30,719533,CAOLIN/PECTINA SUSPENSIÓN ORAL 20G/1G/120ML,0,MEDICAMENTOS,1.0,8747.0,3.0
2021-10-31,719533,CAOLIN/PECTINA SUSPENSIÓN ORAL 20G/1G/120ML,0,MEDICAMENTOS,1.0,8747.0,3.0
2021-11-30,719533,CAOLIN/PECTINA SUSPENSIÓN ORAL 20G/1G/120ML,0,MEDICAMENTOS,1.0,8747.0,3.0
2021-12-31,719533,CAOLIN/PECTINA SUSPENSIÓN ORAL 20G/1G/120ML,0,MEDICAMENTOS,1.0,8747.0,3.0
2022-01-31,719533,CAOLIN/PECTINA SUSPENSIÓN ORAL 20G/1G/120ML,1,MEDICAMENTOS,1.0,8747.0,3.0
2022-02-28,719533,CAOLIN/PECTINA SUSPENSIÓN ORAL 20G/1G/120ML,0,MEDICAMENTOS,1.0,8747.0,3.0
2022-03-31,719533,CAOLIN/PECTINA SUSPENSIÓN ORAL 20G/1G/120ML,0,MEDICAMENTOS,1.0,8747.0,3.0
2022-04-30,719533,CAOLIN/PECTINA SUSPENSIÓN ORAL 20G/1G/120ML,0,MEDICAMENTOS,1.0,8747.0,3.0
2022-05-31,719533,CAOLIN/PECTINA SUSPENSIÓN ORAL 20G/1G/120ML,0,MEDICAMENTOS,1.0,8747.0,3.0
2022-06-30,719533,CAOLIN/PECTINA SUSPENSIÓN ORAL 20G/1G/120ML,0,MEDICAMENTOS,1.0,8747.0,3.0
2021-07-31,719540,"GLUCERNA SOLUCIÓN ORAL 1,5KCAL/1ML (1500KCAL/1000ML)) ALIMENTO LÍQUIDO PARA PR",11,NUTRICION,1.0,49181.0,5.0
2021-08-31,719540,"GLUCERNA SOLUCIÓN ORAL 1,5KCAL/1ML (1500KCAL/1000ML)) ALIMENTO LÍQUIDO PARA PR",0,NUTRICION,1.0,49181.0,5.0
2021-09-30,719540,"GLUCERNA SOLUCIÓN ORAL 1,5KCAL/1ML (1500KCAL/1000ML)) ALIMENTO LÍQUIDO PARA PR",26,NUTRICION,1.0,49181.0,5.0
2021-10-31,719540,"GLUCERNA SOLUCIÓN ORAL 1,5KCAL/1ML (1500KCAL/1000ML)) ALIMENTO LÍQUIDO PARA PR",11,NUTRICION,1.0,49181.0,5.0
2021-11-30,719540,"GLUCERNA SOLUCIÓN ORAL 1,5KCAL/1ML (1500KCAL/1000ML)) ALIMENTO LÍQUIDO PARA PR",30,NUTRICION,1.0,49181.0,5.0
2021-12-31,719540,"GLUCERNA SOLUCIÓN ORAL 1,5KCAL/1ML (1500KCAL/1000ML)) ALIMENTO LÍQUIDO PARA PR",18,NUTRICION,1.0,49181.0,5.0
2022-01-31,719540,"GLUCERNA SOLUCIÓN ORAL 1,5KCAL/1ML (1500KCAL/1000ML)) ALIMENTO LÍQUIDO PARA PR",2,NUTRICION,1.0,49181.0,5.0
2022-02-28,719540,"GLUCERNA SOLUCIÓN ORAL 1,5KCAL/1ML (1500KCAL/1000ML)) ALIMENTO LÍQUIDO PARA PR",19,NUTRICION,1.0,49181.0,5.0
2022-03-31,719540,"GLUCERNA SOLUCIÓN ORAL 1,5KCAL/1ML (1500KCAL/1000ML)) ALIMENTO LÍQUIDO PARA PR",5,NUTRICION,1.0,49181.0,5.0
2022-04-30,719540,"GLUCERNA SOLUCIÓN ORAL 1,5KCAL/1ML (1500KCAL/1000ML)) ALIMENTO LÍQUIDO PARA PR",17,NUTRICION,1.0,49181.0,5.0
2022-05-31,719540,"GLUCERNA SOLUCIÓN ORAL 1,5KCAL/1ML (1500KCAL/1000ML)) ALIMENTO LÍQUIDO PARA PR",3,NUTRICION,1.0,49181.0,5.0
2022-06-30,719540,"GLUCERNA SOLUCIÓN ORAL 1,5KCAL/1ML (1500KCAL/1000ML)) ALIMENTO LÍQUIDO PARA PR",5,NUTRICION,1.0,49181.0,5.0
2021-07-31,719561,OXIBUTININA TABLETA 5MG,0,MEDICAMENTOS,1.0,659.0,2.0
2021-08-31,719561,OXIBUTININA TABLETA 5MG,18,MEDICAMENTOS,1.0,659.0,2.0
2021-09-30,719561,OXIBUTININA TABLETA 5MG,0,MEDICAMENTOS,1.0,659.0,2.0
2021-10-31,719561,OXIBUTININA TABLETA 5MG,3,MEDICAMENTOS,1.0,659.0,2.0
2021-11-30,719561,OXIBUTININA TABLETA 5MG,0,MEDICAMENTOS,1.0,659.0,2.0
2021-12-31,719561,OXIBUTININA TABLETA 5MG,3,MEDICAMENTOS,1.0,659.0,2.0
2022-01-31,719561,OXIBUTININA TABLETA 5MG,2,MEDICAMENTOS,1.0,659.0,2.0
2022-02-28,719561,OXIBUTININA TABLETA 5MG,0,MEDICAMENTOS,1.0,659.0,2.0
2022-03-31,719561,OXIBUTININA TABLETA 5MG,0,MEDICAMENTOS,1.0,659.0,2.0
2022-04-30,719561,OXIBUTININA TABLETA 5MG,0,MEDICAMENTOS,1.0,659.0,2.0
2022-05-31,719561,OXIBUTININA TABLETA 5MG,0,MEDICAMENTOS,1.0,659.0,2.0
2022-06-30,719561,OXIBUTININA TABLETA 5MG,0,MEDICAMENTOS,1.0,659.0,2.0
2021-07-31,719612,CATETER 2L 4FRX5CM 22G PEDIAT. REF- CS12402,1,DISPOSITIVOS MEDICO,1.0,0.0,0.0
2021-08-31,719612,CATETER 2L 4FRX5CM 22G PEDIAT. REF- CS12402,0,DISPOSITIVOS MEDICO,1.0,0.0,0.0
2021-09-30,719612,CATETER 2L 4FRX5CM 22G PEDIAT. REF- CS12402,0,DISPOSITIVOS MEDICO,1.0,0.0,0.0
2021-10-31,719612,CATETER 2L 4FRX5CM 22G PEDIAT. REF- CS12402,0,DISPOSITIVOS MEDICO,1.0,0.0,0.0
2021-11-30,719612,CATETER 2L 4FRX5CM 22G PEDIAT. REF- CS12402,0,DISPOSITIVOS MEDICO,1.0,0.0,0.0
2021-12-31,719612,CATETER 2L 4FRX5CM 22G PEDIAT. REF- CS12402,0,DISPOSITIVOS MEDICO,1.0,0.0,0.0
2022-01-31,719612,CATETER 2L 4FRX5CM 22G PEDIAT. REF- CS12402,0,DISPOSITIVOS MEDICO,1.0,0.0,0.0
2022-02-28,719612,CATETER 2L 4FRX5CM 22G PEDIAT. REF- CS12402,0,DISPOSITIVOS MEDICO,1.0,0.0,0.0
2022-03-31,719612,CATETER 2L 4FRX5CM 22G PEDIAT. REF- CS12402,0,DISPOSITIVOS MEDICO,1.0,0.0,0.0
2022-04-30,719612,CATETER 2L 4FRX5CM 22G PEDIAT. REF- CS12402,1,DISPOSITIVOS MEDICO,1.0,0.0,0.0
2022-05-31,719612,CATETER 2L 4FRX5CM 22G PEDIAT. REF- CS12402,2,DISPOSITIVOS MEDICO,1.0,0.0,0.0
2022-06-30,719612,CATETER 2L 4FRX5CM 22G PEDIAT. REF- CS12402,0,DISPOSITIVOS MEDICO,1.0,0.0,0.0
2021-07-31,719618,BOLSA RECOLECTORA 200CC -SUPLESALUD,4,DISPOSITIVOS MEDICO,1.0,178735.0,1.0
2021-08-31,719618,BOLSA RECOLECTORA 200CC -SUPLESALUD,0,DISPOSITIVOS MEDICO,1.0,178735.0,1.0
2021-09-30,719618,BOLSA RECOLECTORA 200CC -SUPLESALUD,0,DISPOSITIVOS MEDICO,1.0,178735.0,1.0
2021-10-31,719618,BOLSA RECOLECTORA 200CC -SUPLESALUD,0,DISPOSITIVOS MEDICO,1.0,178735.0,1.0
2021-11-30,719618,BOLSA RECOLECTORA 200CC -SUPLESALUD,1,DISPOSITIVOS MEDICO,1.0,178735.0,1.0
2021-12-31,719618,BOLSA RECOLECTORA 200CC -SUPLESALUD,0,DISPOSITIVOS MEDICO,1.0,178735.0,1.0
2022-01-31,719618,BOLSA RECOLECTORA 200CC -SUPLESALUD,0,DISPOSITIVOS MEDICO,1.0,178735.0,1.0
2022-02-28,719618,BOLSA RECOLECTORA 200CC -SUPLESALUD,0,DISPOSITIVOS MEDICO,1.0,178735.0,1.0
2022-03-31,719618,BOLSA RECOLECTORA 200CC -SUPLESALUD,0,DISPOSITIVOS MEDICO,1.0,178735.0,1.0
2022-04-30,719618,BOLSA RECOLECTORA 200CC -SUPLESALUD,0,DISPOSITIVOS MEDICO,1.0,178735.0,1.0
2022-05-31,719618,BOLSA RECOLECTORA 200CC -SUPLESALUD,0,DISPOSITIVOS MEDICO,1.0,178735.0,1.0
2022-06-30,719618,BOLSA RECOLECTORA 200CC -SUPLESALUD,0,DISPOSITIVOS MEDICO,1.0,178735.0,1.0
2021-07-31,719619,"APIXABAN TABLETA 2,5MG",3,MEDICAMENTOS,1.0,3458.0,18.0
2021-08-31,719619,"APIXABAN TABLETA 2,5MG",18,MEDICAMENTOS,1.0,3458.0,18.0
2021-09-30,719619,"APIXABAN TABLETA 2,5MG",25,MEDICAMENTOS,1.0,3458.0,18.0
2021-10-31,719619,"APIXABAN TABLETA 2,5MG",17,MEDICAMENTOS,1.0,3458.0,18.0
2021-11-30,719619,"APIXABAN TABLETA 2,5MG",1,MEDICAMENTOS,1.0,3458.0,18.0
2021-12-31,719619,"APIXABAN TABLETA 2,5MG",2,MEDICAMENTOS,1.0,3458.0,18.0
2022-01-31,719619,"APIXABAN TABLETA 2,5MG",0,MEDICAMENTOS,1.0,3458.0,18.0
2022-02-28,719619,"APIXABAN TABLETA 2,5MG",0,MEDICAMENTOS,1.0,3458.0,18.0
2022-03-31,719619,"APIXABAN TABLETA 2,5MG",0,MEDICAMENTOS,1.0,3458.0,18.0
2022-04-30,719619,"APIXABAN TABLETA 2,5MG",9,MEDICAMENTOS,1.0,3458.0,18.0
2022-05-31,719619,"APIXABAN TABLETA 2,5MG",0,MEDICAMENTOS,1.0,3458.0,18.0
2022-06-30,719619,"APIXABAN TABLETA 2,5MG",0,MEDICAMENTOS,1.0,3458.0,18.0
2021-07-31,719669,CANULA FENESTRADA  8 C/BALON ,0,DISPOSITIVOS MEDICO,1.0,0.0,0.0
2021-08-31,719669,CANULA FENESTRADA  8 C/BALON ,0,DISPOSITIVOS MEDICO,1.0,0.0,0.0
2021-09-30,719669,CANULA FENESTRADA  8 C/BALON ,1,DISPOSITIVOS MEDICO,1.0,0.0,0.0
2021-10-31,719669,CANULA FENESTRADA  8 C/BALON ,0,DISPOSITIVOS MEDICO,1.0,0.0,0.0
2021-11-30,719669,CANULA FENESTRADA  8 C/BALON ,0,DISPOSITIVOS MEDICO,1.0,0.0,0.0
2021-12-31,719669,CANULA FENESTRADA  8 C/BALON ,0,DISPOSITIVOS MEDICO,1.0,0.0,0.0
2022-01-31,719669,CANULA FENESTRADA  8 C/BALON ,0,DISPOSITIVOS MEDICO,1.0,0.0,0.0
2022-02-28,719669,CANULA FENESTRADA  8 C/BALON ,0,DISPOSITIVOS MEDICO,1.0,0.0,0.0
2022-03-31,719669,CANULA FENESTRADA  8 C/BALON ,0,DISPOSITIVOS MEDICO,1.0,0.0,0.0
2022-04-30,719669,CANULA FENESTRADA  8 C/BALON ,0,DISPOSITIVOS MEDICO,1.0,0.0,0.0
2022-05-31,719669,CANULA FENESTRADA  8 C/BALON ,0,DISPOSITIVOS MEDICO,1.0,0.0,0.0
2022-06-30,719669,CANULA FENESTRADA  8 C/BALON ,0,DISPOSITIVOS MEDICO,1.0,0.0,0.0
2021-07-31,719743,"FONDAPARINA 7,5MG/0,6ML SOL. INYECTABLE ",0,MEDICAMENTOS,1.0,59908.0,3.0
2021-08-31,719743,"FONDAPARINA 7,5MG/0,6ML SOL. INYECTABLE ",0,MEDICAMENTOS,1.0,59908.0,3.0
2021-09-30,719743,"FONDAPARINA 7,5MG/0,6ML SOL. INYECTABLE ",0,MEDICAMENTOS,1.0,59908.0,3.0
2021-10-31,719743,"FONDAPARINA 7,5MG/0,6ML SOL. INYECTABLE ",0,MEDICAMENTOS,1.0,59908.0,3.0
2021-11-30,719743,"FONDAPARINA 7,5MG/0,6ML SOL. INYECTABLE ",0,MEDICAMENTOS,1.0,59908.0,3.0
2021-12-31,719743,"FONDAPARINA 7,5MG/0,6ML SOL. INYECTABLE ",0,MEDICAMENTOS,1.0,59908.0,3.0
2022-01-31,719743,"FONDAPARINA 7,5MG/0,6ML SOL. INYECTABLE ",16,MEDICAMENTOS,1.0,59908.0,3.0
2022-02-28,719743,"FONDAPARINA 7,5MG/0,6ML SOL. INYECTABLE ",0,MEDICAMENTOS,1.0,59908.0,3.0
2022-03-31,719743,"FONDAPARINA 7,5MG/0,6ML SOL. INYECTABLE ",0,MEDICAMENTOS,1.0,59908.0,3.0
2022-04-30,719743,"FONDAPARINA 7,5MG/0,6ML SOL. INYECTABLE ",0,MEDICAMENTOS,1.0,59908.0,3.0
2022-05-31,719743,"FONDAPARINA 7,5MG/0,6ML SOL. INYECTABLE ",0,MEDICAMENTOS,1.0,59908.0,3.0
2022-06-30,719743,"FONDAPARINA 7,5MG/0,6ML SOL. INYECTABLE ",3,MEDICAMENTOS,1.0,59908.0,3.0
2021-07-31,719747,BROMURO DE GLICOPIRRONIO 50 MCG POLVO PARA INHALACION EN CAPSULAS,0,MEDICAMENTOS,1.0,,
2021-08-31,719747,BROMURO DE GLICOPIRRONIO 50 MCG POLVO PARA INHALACION EN CAPSULAS,0,MEDICAMENTOS,1.0,,
2021-09-30,719747,BROMURO DE GLICOPIRRONIO 50 MCG POLVO PARA INHALACION EN CAPSULAS,0,MEDICAMENTOS,1.0,,
2021-10-31,719747,BROMURO DE GLICOPIRRONIO 50 MCG POLVO PARA INHALACION EN CAPSULAS,0,MEDICAMENTOS,1.0,,
2021-11-30,719747,BROMURO DE GLICOPIRRONIO 50 MCG POLVO PARA INHALACION EN CAPSULAS,0,MEDICAMENTOS,1.0,,
2021-12-31,719747,BROMURO DE GLICOPIRRONIO 50 MCG POLVO PARA INHALACION EN CAPSULAS,0,MEDICAMENTOS,1.0,,
2022-01-31,719747,BROMURO DE GLICOPIRRONIO 50 MCG POLVO PARA INHALACION EN CAPSULAS,0,MEDICAMENTOS,1.0,,
2022-02-28,719747,BROMURO DE GLICOPIRRONIO 50 MCG POLVO PARA INHALACION EN CAPSULAS,0,MEDICAMENTOS,1.0,,
2022-03-31,719747,BROMURO DE GLICOPIRRONIO 50 MCG POLVO PARA INHALACION EN CAPSULAS,0,MEDICAMENTOS,1.0,,
2022-04-30,719747,BROMURO DE GLICOPIRRONIO 50 MCG POLVO PARA INHALACION EN CAPSULAS,0,MEDICAMENTOS,1.0,,
2022-05-31,719747,BROMURO DE GLICOPIRRONIO 50 MCG POLVO PARA INHALACION EN CAPSULAS,0,MEDICAMENTOS,1.0,,
2022-06-30,719747,BROMURO DE GLICOPIRRONIO 50 MCG POLVO PARA INHALACION EN CAPSULAS,30,MEDICAMENTOS,1.0,,
2021-07-31,719766,LIDOCAINA SOL. INYECTABLE 2% x 10ML,131,CONTROLADOS,1.0,906.0,35.0
2021-08-31,719766,LIDOCAINA SOL. INYECTABLE 2% x 10ML,141,CONTROLADOS,1.0,906.0,35.0
2021-09-30,719766,LIDOCAINA SOL. INYECTABLE 2% x 10ML,124,CONTROLADOS,1.0,906.0,35.0
2021-10-31,719766,LIDOCAINA SOL. INYECTABLE 2% x 10ML,156,CONTROLADOS,1.0,906.0,35.0
2021-11-30,719766,LIDOCAINA SOL. INYECTABLE 2% x 10ML,185,CONTROLADOS,1.0,906.0,35.0
2021-12-31,719766,LIDOCAINA SOL. INYECTABLE 2% x 10ML,191,CONTROLADOS,1.0,906.0,35.0
2022-01-31,719766,LIDOCAINA SOL. INYECTABLE 2% x 10ML,149,CONTROLADOS,1.0,906.0,35.0
2022-02-28,719766,LIDOCAINA SOL. INYECTABLE 2% x 10ML,137,CONTROLADOS,1.0,906.0,35.0
2022-03-31,719766,LIDOCAINA SOL. INYECTABLE 2% x 10ML,127,CONTROLADOS,1.0,906.0,35.0
2022-04-30,719766,LIDOCAINA SOL. INYECTABLE 2% x 10ML,160,CONTROLADOS,1.0,906.0,35.0
2022-05-31,719766,LIDOCAINA SOL. INYECTABLE 2% x 10ML,198,CONTROLADOS,1.0,906.0,35.0
2022-06-30,719766,LIDOCAINA SOL. INYECTABLE 2% x 10ML,175,CONTROLADOS,1.0,906.0,35.0
2021-07-31,719773,ACETAMINOFEN/CODEINA TABLETA 325MG/30MG,15,MEDICAMENTOS,1.0,147.0,13.0
2021-08-31,719773,ACETAMINOFEN/CODEINA TABLETA 325MG/30MG,0,MEDICAMENTOS,1.0,147.0,13.0
2021-09-30,719773,ACETAMINOFEN/CODEINA TABLETA 325MG/30MG,0,MEDICAMENTOS,1.0,147.0,13.0
2021-10-31,719773,ACETAMINOFEN/CODEINA TABLETA 325MG/30MG,0,MEDICAMENTOS,1.0,147.0,13.0
2021-11-30,719773,ACETAMINOFEN/CODEINA TABLETA 325MG/30MG,0,MEDICAMENTOS,1.0,147.0,13.0
2021-12-31,719773,ACETAMINOFEN/CODEINA TABLETA 325MG/30MG,0,MEDICAMENTOS,1.0,147.0,13.0
2022-01-31,719773,ACETAMINOFEN/CODEINA TABLETA 325MG/30MG,0,MEDICAMENTOS,1.0,147.0,13.0
2022-02-28,719773,ACETAMINOFEN/CODEINA TABLETA 325MG/30MG,30,MEDICAMENTOS,1.0,147.0,13.0
2022-03-31,719773,ACETAMINOFEN/CODEINA TABLETA 325MG/30MG,0,MEDICAMENTOS,1.0,147.0,13.0
2022-04-30,719773,ACETAMINOFEN/CODEINA TABLETA 325MG/30MG,0,MEDICAMENTOS,1.0,147.0,13.0
2022-05-31,719773,ACETAMINOFEN/CODEINA TABLETA 325MG/30MG,0,MEDICAMENTOS,1.0,147.0,13.0
2022-06-30,719773,ACETAMINOFEN/CODEINA TABLETA 325MG/30MG,0,MEDICAMENTOS,1.0,147.0,13.0
2021-07-31,719819,LINEZOLID 600MG SOL. INYECTABLE ,71,MEDICAMENTOS,1.0,50003.0,57.0
2021-08-31,719819,LINEZOLID 600MG SOL. INYECTABLE ,104,MEDICAMENTOS,1.0,50003.0,57.0
2021-09-30,719819,LINEZOLID 600MG SOL. INYECTABLE ,61,MEDICAMENTOS,1.0,50003.0,57.0
2021-10-31,719819,LINEZOLID 600MG SOL. INYECTABLE ,81,MEDICAMENTOS,1.0,50003.0,57.0
2021-11-30,719819,LINEZOLID 600MG SOL. INYECTABLE ,52,MEDICAMENTOS,1.0,50003.0,57.0
2021-12-31,719819,LINEZOLID 600MG SOL. INYECTABLE ,54,MEDICAMENTOS,1.0,50003.0,57.0
2022-01-31,719819,LINEZOLID 600MG SOL. INYECTABLE ,77,MEDICAMENTOS,1.0,50003.0,57.0
2022-02-28,719819,LINEZOLID 600MG SOL. INYECTABLE ,56,MEDICAMENTOS,1.0,50003.0,57.0
2022-03-31,719819,LINEZOLID 600MG SOL. INYECTABLE ,129,MEDICAMENTOS,1.0,50003.0,57.0
2022-04-30,719819,LINEZOLID 600MG SOL. INYECTABLE ,43,MEDICAMENTOS,1.0,50003.0,57.0
2022-05-31,719819,LINEZOLID 600MG SOL. INYECTABLE ,141,MEDICAMENTOS,1.0,50003.0,57.0
2022-06-30,719819,LINEZOLID 600MG SOL. INYECTABLE ,140,MEDICAMENTOS,1.0,50003.0,57.0
2021-07-31,719841,LIDOCAINA/EPINEFRINA SOLUCIÓN INYECTABLE 2%/50ML,0,MEDICAMENTOS,1.0,7744.0,3.0
2021-08-31,719841,LIDOCAINA/EPINEFRINA SOLUCIÓN INYECTABLE 2%/50ML,3,MEDICAMENTOS,1.0,7744.0,3.0
2021-09-30,719841,LIDOCAINA/EPINEFRINA SOLUCIÓN INYECTABLE 2%/50ML,1,MEDICAMENTOS,1.0,7744.0,3.0
2021-10-31,719841,LIDOCAINA/EPINEFRINA SOLUCIÓN INYECTABLE 2%/50ML,0,MEDICAMENTOS,1.0,7744.0,3.0
2021-11-30,719841,LIDOCAINA/EPINEFRINA SOLUCIÓN INYECTABLE 2%/50ML,0,MEDICAMENTOS,1.0,7744.0,3.0
2021-12-31,719841,LIDOCAINA/EPINEFRINA SOLUCIÓN INYECTABLE 2%/50ML,1,MEDICAMENTOS,1.0,7744.0,3.0
2022-01-31,719841,LIDOCAINA/EPINEFRINA SOLUCIÓN INYECTABLE 2%/50ML,0,MEDICAMENTOS,1.0,7744.0,3.0
2022-02-28,719841,LIDOCAINA/EPINEFRINA SOLUCIÓN INYECTABLE 2%/50ML,3,MEDICAMENTOS,1.0,7744.0,3.0
2022-03-31,719841,LIDOCAINA/EPINEFRINA SOLUCIÓN INYECTABLE 2%/50ML,2,MEDICAMENTOS,1.0,7744.0,3.0
2022-04-30,719841,LIDOCAINA/EPINEFRINA SOLUCIÓN INYECTABLE 2%/50ML,0,MEDICAMENTOS,1.0,7744.0,3.0
2022-05-31,719841,LIDOCAINA/EPINEFRINA SOLUCIÓN INYECTABLE 2%/50ML,0,MEDICAMENTOS,1.0,7744.0,3.0
2022-06-30,719841,LIDOCAINA/EPINEFRINA SOLUCIÓN INYECTABLE 2%/50ML,3,MEDICAMENTOS,1.0,7744.0,3.0
2021-07-31,719849,CANULA 7.0 C/B  FENESTRADA TRACOE REF- T 302-07,0,DISPOSITIVOS MEDICO,1.0,0.0,0.0
2021-08-31,719849,CANULA 7.0 C/B  FENESTRADA TRACOE REF- T 302-07,0,DISPOSITIVOS MEDICO,1.0,0.0,0.0
2021-09-30,719849,CANULA 7.0 C/B  FENESTRADA TRACOE REF- T 302-07,0,DISPOSITIVOS MEDICO,1.0,0.0,0.0
2021-10-31,719849,CANULA 7.0 C/B  FENESTRADA TRACOE REF- T 302-07,0,DISPOSITIVOS MEDICO,1.0,0.0,0.0
2021-11-30,719849,CANULA 7.0 C/B  FENESTRADA TRACOE REF- T 302-07,0,DISPOSITIVOS MEDICO,1.0,0.0,0.0
2021-12-31,719849,CANULA 7.0 C/B  FENESTRADA TRACOE REF- T 302-07,0,DISPOSITIVOS MEDICO,1.0,0.0,0.0
2022-01-31,719849,CANULA 7.0 C/B  FENESTRADA TRACOE REF- T 302-07,0,DISPOSITIVOS MEDICO,1.0,0.0,0.0
2022-02-28,719849,CANULA 7.0 C/B  FENESTRADA TRACOE REF- T 302-07,0,DISPOSITIVOS MEDICO,1.0,0.0,0.0
2022-03-31,719849,CANULA 7.0 C/B  FENESTRADA TRACOE REF- T 302-07,0,DISPOSITIVOS MEDICO,1.0,0.0,0.0
2022-04-30,719849,CANULA 7.0 C/B  FENESTRADA TRACOE REF- T 302-07,0,DISPOSITIVOS MEDICO,1.0,0.0,0.0
2022-05-31,719849,CANULA 7.0 C/B  FENESTRADA TRACOE REF- T 302-07,0,DISPOSITIVOS MEDICO,1.0,0.0,0.0
2022-06-30,719849,CANULA 7.0 C/B  FENESTRADA TRACOE REF- T 302-07,1,DISPOSITIVOS MEDICO,1.0,0.0,0.0
2021-07-31,719877,BARRERA  57 MM REF 411451 CONVEX  SUR-FIT PLUS ,1,DISPOSITIVOS MEDICO,1.0,28124.0,6.0
2021-08-31,719877,BARRERA  57 MM REF 411451 CONVEX  SUR-FIT PLUS ,6,DISPOSITIVOS MEDICO,1.0,28124.0,6.0
2021-09-30,719877,BARRERA  57 MM REF 411451 CONVEX  SUR-FIT PLUS ,9,DISPOSITIVOS MEDICO,1.0,28124.0,6.0
2021-10-31,719877,BARRERA  57 MM REF 411451 CONVEX  SUR-FIT PLUS ,1,DISPOSITIVOS MEDICO,1.0,28124.0,6.0
2021-11-30,719877,BARRERA  57 MM REF 411451 CONVEX  SUR-FIT PLUS ,9,DISPOSITIVOS MEDICO,1.0,28124.0,6.0
2021-12-31,719877,BARRERA  57 MM REF 411451 CONVEX  SUR-FIT PLUS ,1,DISPOSITIVOS MEDICO,1.0,28124.0,6.0
2022-01-31,719877,BARRERA  57 MM REF 411451 CONVEX  SUR-FIT PLUS ,0,DISPOSITIVOS MEDICO,1.0,28124.0,6.0
2022-02-28,719877,BARRERA  57 MM REF 411451 CONVEX  SUR-FIT PLUS ,0,DISPOSITIVOS MEDICO,1.0,28124.0,6.0
2022-03-31,719877,BARRERA  57 MM REF 411451 CONVEX  SUR-FIT PLUS ,5,DISPOSITIVOS MEDICO,1.0,28124.0,6.0
2022-04-30,719877,BARRERA  57 MM REF 411451 CONVEX  SUR-FIT PLUS ,5,DISPOSITIVOS MEDICO,1.0,28124.0,6.0
2022-05-31,719877,BARRERA  57 MM REF 411451 CONVEX  SUR-FIT PLUS ,0,DISPOSITIVOS MEDICO,1.0,28124.0,6.0
2022-06-30,719877,BARRERA  57 MM REF 411451 CONVEX  SUR-FIT PLUS ,3,DISPOSITIVOS MEDICO,1.0,28124.0,6.0
2021-07-31,719878,UNNA BOTA,0,DISPOSITIVOS MEDICO,1.0,52309.0,2.0
2021-08-31,719878,UNNA BOTA,1,DISPOSITIVOS MEDICO,1.0,52309.0,2.0
2021-09-30,719878,UNNA BOTA,1,DISPOSITIVOS MEDICO,1.0,52309.0,2.0
2021-10-31,719878,UNNA BOTA,1,DISPOSITIVOS MEDICO,1.0,52309.0,2.0
2021-11-30,719878,UNNA BOTA,1,DISPOSITIVOS MEDICO,1.0,52309.0,2.0
2021-12-31,719878,UNNA BOTA,1,DISPOSITIVOS MEDICO,1.0,52309.0,2.0
2022-01-31,719878,UNNA BOTA,3,DISPOSITIVOS MEDICO,1.0,52309.0,2.0
2022-02-28,719878,UNNA BOTA,2,DISPOSITIVOS MEDICO,1.0,52309.0,2.0
2022-03-31,719878,UNNA BOTA,3,DISPOSITIVOS MEDICO,1.0,52309.0,2.0
2022-04-30,719878,UNNA BOTA,0,DISPOSITIVOS MEDICO,1.0,52309.0,2.0
2022-05-31,719878,UNNA BOTA,0,DISPOSITIVOS MEDICO,1.0,52309.0,2.0
2022-06-30,719878,UNNA BOTA,0,DISPOSITIVOS MEDICO,1.0,52309.0,2.0
2021-07-31,719888,APIXABAN 5 MG TABLETA,0,MEDICAMENTOS,1.0,3492.0,27.0
2021-08-31,719888,APIXABAN 5 MG TABLETA,11,MEDICAMENTOS,1.0,3492.0,27.0
2021-09-30,719888,APIXABAN 5 MG TABLETA,25,MEDICAMENTOS,1.0,3492.0,27.0
2021-10-31,719888,APIXABAN 5 MG TABLETA,1,MEDICAMENTOS,1.0,3492.0,27.0
2021-11-30,719888,APIXABAN 5 MG TABLETA,0,MEDICAMENTOS,1.0,3492.0,27.0
2021-12-31,719888,APIXABAN 5 MG TABLETA,0,MEDICAMENTOS,1.0,3492.0,27.0
2022-01-31,719888,APIXABAN 5 MG TABLETA,2,MEDICAMENTOS,1.0,3492.0,27.0
2022-02-28,719888,APIXABAN 5 MG TABLETA,0,MEDICAMENTOS,1.0,3492.0,27.0
2022-03-31,719888,APIXABAN 5 MG TABLETA,0,MEDICAMENTOS,1.0,3492.0,27.0
2022-04-30,719888,APIXABAN 5 MG TABLETA,9,MEDICAMENTOS,1.0,3492.0,27.0
2022-05-31,719888,APIXABAN 5 MG TABLETA,0,MEDICAMENTOS,1.0,3492.0,27.0
2022-06-30,719888,APIXABAN 5 MG TABLETA,0,MEDICAMENTOS,1.0,3492.0,27.0
2021-07-31,719930,SONDA DE RECAMBIO PARA GASTROSTOMIA  REF-PEG-18-BRT-S,0,DISPOSITIVOS MEDICO,1.0,,
2021-08-31,719930,SONDA DE RECAMBIO PARA GASTROSTOMIA  REF-PEG-18-BRT-S,0,DISPOSITIVOS MEDICO,1.0,,
2021-09-30,719930,SONDA DE RECAMBIO PARA GASTROSTOMIA  REF-PEG-18-BRT-S,0,DISPOSITIVOS MEDICO,1.0,,
2021-10-31,719930,SONDA DE RECAMBIO PARA GASTROSTOMIA  REF-PEG-18-BRT-S,0,DISPOSITIVOS MEDICO,1.0,,
2021-11-30,719930,SONDA DE RECAMBIO PARA GASTROSTOMIA  REF-PEG-18-BRT-S,0,DISPOSITIVOS MEDICO,1.0,,
2021-12-31,719930,SONDA DE RECAMBIO PARA GASTROSTOMIA  REF-PEG-18-BRT-S,1,DISPOSITIVOS MEDICO,1.0,,
2022-01-31,719930,SONDA DE RECAMBIO PARA GASTROSTOMIA  REF-PEG-18-BRT-S,0,DISPOSITIVOS MEDICO,1.0,,
2022-02-28,719930,SONDA DE RECAMBIO PARA GASTROSTOMIA  REF-PEG-18-BRT-S,0,DISPOSITIVOS MEDICO,1.0,,
2022-03-31,719930,SONDA DE RECAMBIO PARA GASTROSTOMIA  REF-PEG-18-BRT-S,0,DISPOSITIVOS MEDICO,1.0,,
2022-04-30,719930,SONDA DE RECAMBIO PARA GASTROSTOMIA  REF-PEG-18-BRT-S,0,DISPOSITIVOS MEDICO,1.0,,
2022-05-31,719930,SONDA DE RECAMBIO PARA GASTROSTOMIA  REF-PEG-18-BRT-S,0,DISPOSITIVOS MEDICO,1.0,,
2022-06-30,719930,SONDA DE RECAMBIO PARA GASTROSTOMIA  REF-PEG-18-BRT-S,0,DISPOSITIVOS MEDICO,1.0,,
2021-07-31,719935,ATORVASTATINA 40 MG TABLETA,978,MEDICAMENTOS,1.0,96.0,663.0
2021-08-31,719935,ATORVASTATINA 40 MG TABLETA,773,MEDICAMENTOS,1.0,96.0,663.0
2021-09-30,719935,ATORVASTATINA 40 MG TABLETA,918,MEDICAMENTOS,1.0,96.0,663.0
2021-10-31,719935,ATORVASTATINA 40 MG TABLETA,1009,MEDICAMENTOS,1.0,96.0,663.0
2021-11-30,719935,ATORVASTATINA 40 MG TABLETA,1362,MEDICAMENTOS,1.0,96.0,663.0
2021-12-31,719935,ATORVASTATINA 40 MG TABLETA,1103,MEDICAMENTOS,1.0,96.0,663.0
2022-01-31,719935,ATORVASTATINA 40 MG TABLETA,1135,MEDICAMENTOS,1.0,96.0,663.0
2022-02-28,719935,ATORVASTATINA 40 MG TABLETA,766,MEDICAMENTOS,1.0,96.0,663.0
2022-03-31,719935,ATORVASTATINA 40 MG TABLETA,715,MEDICAMENTOS,1.0,96.0,663.0
2022-04-30,719935,ATORVASTATINA 40 MG TABLETA,870,MEDICAMENTOS,1.0,96.0,663.0
2022-05-31,719935,ATORVASTATINA 40 MG TABLETA,855,MEDICAMENTOS,1.0,96.0,663.0
2022-06-30,719935,ATORVASTATINA 40 MG TABLETA,1002,MEDICAMENTOS,1.0,96.0,663.0
2021-07-31,719944,ROMIPLOSTIN POLVO LIOFILIZADO 250MCG (NPLATE),0,MEDICAMENTOS,1.0,,
2021-08-31,719944,ROMIPLOSTIN POLVO LIOFILIZADO 250MCG (NPLATE),1,MEDICAMENTOS,1.0,,
2021-09-30,719944,ROMIPLOSTIN POLVO LIOFILIZADO 250MCG (NPLATE),0,MEDICAMENTOS,1.0,,
2021-10-31,719944,ROMIPLOSTIN POLVO LIOFILIZADO 250MCG (NPLATE),0,MEDICAMENTOS,1.0,,
2021-11-30,719944,ROMIPLOSTIN POLVO LIOFILIZADO 250MCG (NPLATE),0,MEDICAMENTOS,1.0,,
2021-12-31,719944,ROMIPLOSTIN POLVO LIOFILIZADO 250MCG (NPLATE),0,MEDICAMENTOS,1.0,,
2022-01-31,719944,ROMIPLOSTIN POLVO LIOFILIZADO 250MCG (NPLATE),0,MEDICAMENTOS,1.0,,
2022-02-28,719944,ROMIPLOSTIN POLVO LIOFILIZADO 250MCG (NPLATE),0,MEDICAMENTOS,1.0,,
2022-03-31,719944,ROMIPLOSTIN POLVO LIOFILIZADO 250MCG (NPLATE),0,MEDICAMENTOS,1.0,,
2022-04-30,719944,ROMIPLOSTIN POLVO LIOFILIZADO 250MCG (NPLATE),0,MEDICAMENTOS,1.0,,
2022-05-31,719944,ROMIPLOSTIN POLVO LIOFILIZADO 250MCG (NPLATE),0,MEDICAMENTOS,1.0,,
2022-06-30,719944,ROMIPLOSTIN POLVO LIOFILIZADO 250MCG (NPLATE),0,MEDICAMENTOS,1.0,,
2021-07-31,719945,TELMISARTAN/AMLODIPINO TABLETA 80MG/10MG,0,MEDICAMENTOS,1.0,,
2021-08-31,719945,TELMISARTAN/AMLODIPINO TABLETA 80MG/10MG,0,MEDICAMENTOS,1.0,,
2021-09-30,719945,TELMISARTAN/AMLODIPINO TABLETA 80MG/10MG,0,MEDICAMENTOS,1.0,,
2021-10-31,719945,TELMISARTAN/AMLODIPINO TABLETA 80MG/10MG,0,MEDICAMENTOS,1.0,,
2021-11-30,719945,TELMISARTAN/AMLODIPINO TABLETA 80MG/10MG,0,MEDICAMENTOS,1.0,,
2021-12-31,719945,TELMISARTAN/AMLODIPINO TABLETA 80MG/10MG,0,MEDICAMENTOS,1.0,,
2022-01-31,719945,TELMISARTAN/AMLODIPINO TABLETA 80MG/10MG,0,MEDICAMENTOS,1.0,,
2022-02-28,719945,TELMISARTAN/AMLODIPINO TABLETA 80MG/10MG,0,MEDICAMENTOS,1.0,,
2022-03-31,719945,TELMISARTAN/AMLODIPINO TABLETA 80MG/10MG,0,MEDICAMENTOS,1.0,,
2022-04-30,719945,TELMISARTAN/AMLODIPINO TABLETA 80MG/10MG,7,MEDICAMENTOS,1.0,,
2022-05-31,719945,TELMISARTAN/AMLODIPINO TABLETA 80MG/10MG,0,MEDICAMENTOS,1.0,,
2022-06-30,719945,TELMISARTAN/AMLODIPINO TABLETA 80MG/10MG,0,MEDICAMENTOS,1.0,,
2021-07-31,720012,CIRCUITO DE VENTILADOR REF-5513000 ALMA LISA PEDIATRICO,6,DISPOSITIVOS MEDICO,1.0,,
2021-08-31,720012,CIRCUITO DE VENTILADOR REF-5513000 ALMA LISA PEDIATRICO,10,DISPOSITIVOS MEDICO,1.0,,
2021-09-30,720012,CIRCUITO DE VENTILADOR REF-5513000 ALMA LISA PEDIATRICO,8,DISPOSITIVOS MEDICO,1.0,,
2021-10-31,720012,CIRCUITO DE VENTILADOR REF-5513000 ALMA LISA PEDIATRICO,9,DISPOSITIVOS MEDICO,1.0,,
2021-11-30,720012,CIRCUITO DE VENTILADOR REF-5513000 ALMA LISA PEDIATRICO,9,DISPOSITIVOS MEDICO,1.0,,
2021-12-31,720012,CIRCUITO DE VENTILADOR REF-5513000 ALMA LISA PEDIATRICO,8,DISPOSITIVOS MEDICO,1.0,,
2022-01-31,720012,CIRCUITO DE VENTILADOR REF-5513000 ALMA LISA PEDIATRICO,14,DISPOSITIVOS MEDICO,1.0,,
2022-02-28,720012,CIRCUITO DE VENTILADOR REF-5513000 ALMA LISA PEDIATRICO,14,DISPOSITIVOS MEDICO,1.0,,
2022-03-31,720012,CIRCUITO DE VENTILADOR REF-5513000 ALMA LISA PEDIATRICO,15,DISPOSITIVOS MEDICO,1.0,,
2022-04-30,720012,CIRCUITO DE VENTILADOR REF-5513000 ALMA LISA PEDIATRICO,0,DISPOSITIVOS MEDICO,1.0,,
2022-05-31,720012,CIRCUITO DE VENTILADOR REF-5513000 ALMA LISA PEDIATRICO,16,DISPOSITIVOS MEDICO,1.0,,
2022-06-30,720012,CIRCUITO DE VENTILADOR REF-5513000 ALMA LISA PEDIATRICO,8,DISPOSITIVOS MEDICO,1.0,,
2021-07-31,720013,CIRCUITO DE VENTILACION REF-5068850 ALMA LISA NEONATAL - INTERSURGICAL,6,DISPOSITIVOS MEDICO,1.0,185215.0,6.0
2021-08-31,720013,CIRCUITO DE VENTILACION REF-5068850 ALMA LISA NEONATAL - INTERSURGICAL,10,DISPOSITIVOS MEDICO,1.0,185215.0,6.0
2021-09-30,720013,CIRCUITO DE VENTILACION REF-5068850 ALMA LISA NEONATAL - INTERSURGICAL,8,DISPOSITIVOS MEDICO,1.0,185215.0,6.0
2021-10-31,720013,CIRCUITO DE VENTILACION REF-5068850 ALMA LISA NEONATAL - INTERSURGICAL,9,DISPOSITIVOS MEDICO,1.0,185215.0,6.0
2021-11-30,720013,CIRCUITO DE VENTILACION REF-5068850 ALMA LISA NEONATAL - INTERSURGICAL,9,DISPOSITIVOS MEDICO,1.0,185215.0,6.0
2021-12-31,720013,CIRCUITO DE VENTILACION REF-5068850 ALMA LISA NEONATAL - INTERSURGICAL,8,DISPOSITIVOS MEDICO,1.0,185215.0,6.0
2022-01-31,720013,CIRCUITO DE VENTILACION REF-5068850 ALMA LISA NEONATAL - INTERSURGICAL,14,DISPOSITIVOS MEDICO,1.0,185215.0,6.0
2022-02-28,720013,CIRCUITO DE VENTILACION REF-5068850 ALMA LISA NEONATAL - INTERSURGICAL,14,DISPOSITIVOS MEDICO,1.0,185215.0,6.0
2022-03-31,720013,CIRCUITO DE VENTILACION REF-5068850 ALMA LISA NEONATAL - INTERSURGICAL,15,DISPOSITIVOS MEDICO,1.0,185215.0,6.0
2022-04-30,720013,CIRCUITO DE VENTILACION REF-5068850 ALMA LISA NEONATAL - INTERSURGICAL,0,DISPOSITIVOS MEDICO,1.0,185215.0,6.0
2022-05-31,720013,CIRCUITO DE VENTILACION REF-5068850 ALMA LISA NEONATAL - INTERSURGICAL,16,DISPOSITIVOS MEDICO,1.0,185215.0,6.0
2022-06-30,720013,CIRCUITO DE VENTILACION REF-5068850 ALMA LISA NEONATAL - INTERSURGICAL,8,DISPOSITIVOS MEDICO,1.0,185215.0,6.0
2021-07-31,720068,TEGADERM 1683 IV 6.5X7CM ADVANCED,1232,DISPOSITIVOS MEDICO,1.0,2238.0,73.0
2021-08-31,720068,TEGADERM 1683 IV 6.5X7CM ADVANCED,1558,DISPOSITIVOS MEDICO,1.0,2238.0,73.0
2021-09-30,720068,TEGADERM 1683 IV 6.5X7CM ADVANCED,1830,DISPOSITIVOS MEDICO,1.0,2238.0,73.0
2021-10-31,720068,TEGADERM 1683 IV 6.5X7CM ADVANCED,1771,DISPOSITIVOS MEDICO,1.0,2238.0,73.0
2021-11-30,720068,TEGADERM 1683 IV 6.5X7CM ADVANCED,1563,DISPOSITIVOS MEDICO,1.0,2238.0,73.0
2021-12-31,720068,TEGADERM 1683 IV 6.5X7CM ADVANCED,1626,DISPOSITIVOS MEDICO,1.0,2238.0,73.0
2022-01-31,720068,TEGADERM 1683 IV 6.5X7CM ADVANCED,1913,DISPOSITIVOS MEDICO,1.0,2238.0,73.0
2022-02-28,720068,TEGADERM 1683 IV 6.5X7CM ADVANCED,1676,DISPOSITIVOS MEDICO,1.0,2238.0,73.0
2022-03-31,720068,TEGADERM 1683 IV 6.5X7CM ADVANCED,1680,DISPOSITIVOS MEDICO,1.0,2238.0,73.0
2022-04-30,720068,TEGADERM 1683 IV 6.5X7CM ADVANCED,616,DISPOSITIVOS MEDICO,1.0,2238.0,73.0
2022-05-31,720068,TEGADERM 1683 IV 6.5X7CM ADVANCED,1633,DISPOSITIVOS MEDICO,1.0,2238.0,73.0
2022-06-30,720068,TEGADERM 1683 IV 6.5X7CM ADVANCED,1622,DISPOSITIVOS MEDICO,1.0,2238.0,73.0
2021-07-31,720104,PARCHES DE ELECTRODO PARA DESFIBRILADOR,0,DISPOSITIVOS MEDICO,1.0,269432.0,1.0
2021-08-31,720104,PARCHES DE ELECTRODO PARA DESFIBRILADOR,0,DISPOSITIVOS MEDICO,1.0,269432.0,1.0
2021-09-30,720104,PARCHES DE ELECTRODO PARA DESFIBRILADOR,0,DISPOSITIVOS MEDICO,1.0,269432.0,1.0
2021-10-31,720104,PARCHES DE ELECTRODO PARA DESFIBRILADOR,2,DISPOSITIVOS MEDICO,1.0,269432.0,1.0
2021-11-30,720104,PARCHES DE ELECTRODO PARA DESFIBRILADOR,0,DISPOSITIVOS MEDICO,1.0,269432.0,1.0
2021-12-31,720104,PARCHES DE ELECTRODO PARA DESFIBRILADOR,0,DISPOSITIVOS MEDICO,1.0,269432.0,1.0
2022-01-31,720104,PARCHES DE ELECTRODO PARA DESFIBRILADOR,1,DISPOSITIVOS MEDICO,1.0,269432.0,1.0
2022-02-28,720104,PARCHES DE ELECTRODO PARA DESFIBRILADOR,1,DISPOSITIVOS MEDICO,1.0,269432.0,1.0
2022-03-31,720104,PARCHES DE ELECTRODO PARA DESFIBRILADOR,0,DISPOSITIVOS MEDICO,1.0,269432.0,1.0
2022-04-30,720104,PARCHES DE ELECTRODO PARA DESFIBRILADOR,0,DISPOSITIVOS MEDICO,1.0,269432.0,1.0
2022-05-31,720104,PARCHES DE ELECTRODO PARA DESFIBRILADOR,0,DISPOSITIVOS MEDICO,1.0,269432.0,1.0
2022-06-30,720104,PARCHES DE ELECTRODO PARA DESFIBRILADOR,0,DISPOSITIVOS MEDICO,1.0,269432.0,1.0
2021-07-31,720151,CATETER VENOSO CENTRAL BILUMEN 22G (3FR)X6CM-157064-VYGON,0,DISPOSITIVOS MEDICO,1.0,,
2021-08-31,720151,CATETER VENOSO CENTRAL BILUMEN 22G (3FR)X6CM-157064-VYGON,0,DISPOSITIVOS MEDICO,1.0,,
2021-09-30,720151,CATETER VENOSO CENTRAL BILUMEN 22G (3FR)X6CM-157064-VYGON,0,DISPOSITIVOS MEDICO,1.0,,
2021-10-31,720151,CATETER VENOSO CENTRAL BILUMEN 22G (3FR)X6CM-157064-VYGON,0,DISPOSITIVOS MEDICO,1.0,,
2021-11-30,720151,CATETER VENOSO CENTRAL BILUMEN 22G (3FR)X6CM-157064-VYGON,0,DISPOSITIVOS MEDICO,1.0,,
2021-12-31,720151,CATETER VENOSO CENTRAL BILUMEN 22G (3FR)X6CM-157064-VYGON,0,DISPOSITIVOS MEDICO,1.0,,
2022-01-31,720151,CATETER VENOSO CENTRAL BILUMEN 22G (3FR)X6CM-157064-VYGON,0,DISPOSITIVOS MEDICO,1.0,,
2022-02-28,720151,CATETER VENOSO CENTRAL BILUMEN 22G (3FR)X6CM-157064-VYGON,0,DISPOSITIVOS MEDICO,1.0,,
2022-03-31,720151,CATETER VENOSO CENTRAL BILUMEN 22G (3FR)X6CM-157064-VYGON,1,DISPOSITIVOS MEDICO,1.0,,
2022-04-30,720151,CATETER VENOSO CENTRAL BILUMEN 22G (3FR)X6CM-157064-VYGON,0,DISPOSITIVOS MEDICO,1.0,,
2022-05-31,720151,CATETER VENOSO CENTRAL BILUMEN 22G (3FR)X6CM-157064-VYGON,0,DISPOSITIVOS MEDICO,1.0,,
2022-06-30,720151,CATETER VENOSO CENTRAL BILUMEN 22G (3FR)X6CM-157064-VYGON,0,DISPOSITIVOS MEDICO,1.0,,
2021-07-31,720207,DIBEN 1.5 KCAL HP 1000 ML ALIMENTO LIQUIDO PARA USOS NUTRICIONALES ESPECIALES AL,53,NUTRICION,1.0,44291.0,23.0
2021-08-31,720207,DIBEN 1.5 KCAL HP 1000 ML ALIMENTO LIQUIDO PARA USOS NUTRICIONALES ESPECIALES AL,126,NUTRICION,1.0,44291.0,23.0
2021-09-30,720207,DIBEN 1.5 KCAL HP 1000 ML ALIMENTO LIQUIDO PARA USOS NUTRICIONALES ESPECIALES AL,154,NUTRICION,1.0,44291.0,23.0
2021-10-31,720207,DIBEN 1.5 KCAL HP 1000 ML ALIMENTO LIQUIDO PARA USOS NUTRICIONALES ESPECIALES AL,61,NUTRICION,1.0,44291.0,23.0
2021-11-30,720207,DIBEN 1.5 KCAL HP 1000 ML ALIMENTO LIQUIDO PARA USOS NUTRICIONALES ESPECIALES AL,38,NUTRICION,1.0,44291.0,23.0
2021-12-31,720207,DIBEN 1.5 KCAL HP 1000 ML ALIMENTO LIQUIDO PARA USOS NUTRICIONALES ESPECIALES AL,118,NUTRICION,1.0,44291.0,23.0
2022-01-31,720207,DIBEN 1.5 KCAL HP 1000 ML ALIMENTO LIQUIDO PARA USOS NUTRICIONALES ESPECIALES AL,178,NUTRICION,1.0,44291.0,23.0
2022-02-28,720207,DIBEN 1.5 KCAL HP 1000 ML ALIMENTO LIQUIDO PARA USOS NUTRICIONALES ESPECIALES AL,103,NUTRICION,1.0,44291.0,23.0
2022-03-31,720207,DIBEN 1.5 KCAL HP 1000 ML ALIMENTO LIQUIDO PARA USOS NUTRICIONALES ESPECIALES AL,109,NUTRICION,1.0,44291.0,23.0
2022-04-30,720207,DIBEN 1.5 KCAL HP 1000 ML ALIMENTO LIQUIDO PARA USOS NUTRICIONALES ESPECIALES AL,68,NUTRICION,1.0,44291.0,23.0
2022-05-31,720207,DIBEN 1.5 KCAL HP 1000 ML ALIMENTO LIQUIDO PARA USOS NUTRICIONALES ESPECIALES AL,106,NUTRICION,1.0,44291.0,23.0
2022-06-30,720207,DIBEN 1.5 KCAL HP 1000 ML ALIMENTO LIQUIDO PARA USOS NUTRICIONALES ESPECIALES AL,177,NUTRICION,1.0,44291.0,23.0
2021-07-31,720208,APOSITO ESTERIL DE ALGINATO DE CALCIO CON PLATA ALGISITE,5,DISPOSITIVOS MEDICO,1.0,88600.0,5.0
2021-08-31,720208,APOSITO ESTERIL DE ALGINATO DE CALCIO CON PLATA ALGISITE,2,DISPOSITIVOS MEDICO,1.0,88600.0,5.0
2021-09-30,720208,APOSITO ESTERIL DE ALGINATO DE CALCIO CON PLATA ALGISITE,0,DISPOSITIVOS MEDICO,1.0,88600.0,5.0
2021-10-31,720208,APOSITO ESTERIL DE ALGINATO DE CALCIO CON PLATA ALGISITE,0,DISPOSITIVOS MEDICO,1.0,88600.0,5.0
2021-11-30,720208,APOSITO ESTERIL DE ALGINATO DE CALCIO CON PLATA ALGISITE,0,DISPOSITIVOS MEDICO,1.0,88600.0,5.0
2021-12-31,720208,APOSITO ESTERIL DE ALGINATO DE CALCIO CON PLATA ALGISITE,0,DISPOSITIVOS MEDICO,1.0,88600.0,5.0
2022-01-31,720208,APOSITO ESTERIL DE ALGINATO DE CALCIO CON PLATA ALGISITE,3,DISPOSITIVOS MEDICO,1.0,88600.0,5.0
2022-02-28,720208,APOSITO ESTERIL DE ALGINATO DE CALCIO CON PLATA ALGISITE,0,DISPOSITIVOS MEDICO,1.0,88600.0,5.0
2022-03-31,720208,APOSITO ESTERIL DE ALGINATO DE CALCIO CON PLATA ALGISITE,2,DISPOSITIVOS MEDICO,1.0,88600.0,5.0
2022-04-30,720208,APOSITO ESTERIL DE ALGINATO DE CALCIO CON PLATA ALGISITE,0,DISPOSITIVOS MEDICO,1.0,88600.0,5.0
2022-05-31,720208,APOSITO ESTERIL DE ALGINATO DE CALCIO CON PLATA ALGISITE,0,DISPOSITIVOS MEDICO,1.0,88600.0,5.0
2022-06-30,720208,APOSITO ESTERIL DE ALGINATO DE CALCIO CON PLATA ALGISITE,0,DISPOSITIVOS MEDICO,1.0,88600.0,5.0
2021-07-31,720209,MINOCICLINA 100 MG TAB,10,MEDICAMENTOS,1.0,3368.0,40.0
2021-08-31,720209,MINOCICLINA 100 MG TAB,3,MEDICAMENTOS,1.0,3368.0,40.0
2021-09-30,720209,MINOCICLINA 100 MG TAB,0,MEDICAMENTOS,1.0,3368.0,40.0
2021-10-31,720209,MINOCICLINA 100 MG TAB,0,MEDICAMENTOS,1.0,3368.0,40.0
2021-11-30,720209,MINOCICLINA 100 MG TAB,0,MEDICAMENTOS,1.0,3368.0,40.0
2021-12-31,720209,MINOCICLINA 100 MG TAB,0,MEDICAMENTOS,1.0,3368.0,40.0
2022-01-31,720209,MINOCICLINA 100 MG TAB,0,MEDICAMENTOS,1.0,3368.0,40.0
2022-02-28,720209,MINOCICLINA 100 MG TAB,0,MEDICAMENTOS,1.0,3368.0,40.0
2022-03-31,720209,MINOCICLINA 100 MG TAB,0,MEDICAMENTOS,1.0,3368.0,40.0
2022-04-30,720209,MINOCICLINA 100 MG TAB,3,MEDICAMENTOS,1.0,3368.0,40.0
2022-05-31,720209,MINOCICLINA 100 MG TAB,0,MEDICAMENTOS,1.0,3368.0,40.0
2022-06-30,720209,MINOCICLINA 100 MG TAB,0,MEDICAMENTOS,1.0,3368.0,40.0
2021-07-31,720211,ESOMEPRAZOL 10 MG GRANULOS SOBRE (NEDOX),0,MEDICAMENTOS,1.0,,
2021-08-31,720211,ESOMEPRAZOL 10 MG GRANULOS SOBRE (NEDOX),0,MEDICAMENTOS,1.0,,
2021-09-30,720211,ESOMEPRAZOL 10 MG GRANULOS SOBRE (NEDOX),0,MEDICAMENTOS,1.0,,
2021-10-31,720211,ESOMEPRAZOL 10 MG GRANULOS SOBRE (NEDOX),0,MEDICAMENTOS,1.0,,
2021-11-30,720211,ESOMEPRAZOL 10 MG GRANULOS SOBRE (NEDOX),0,MEDICAMENTOS,1.0,,
2021-12-31,720211,ESOMEPRAZOL 10 MG GRANULOS SOBRE (NEDOX),0,MEDICAMENTOS,1.0,,
2022-01-31,720211,ESOMEPRAZOL 10 MG GRANULOS SOBRE (NEDOX),0,MEDICAMENTOS,1.0,,
2022-02-28,720211,ESOMEPRAZOL 10 MG GRANULOS SOBRE (NEDOX),0,MEDICAMENTOS,1.0,,
2022-03-31,720211,ESOMEPRAZOL 10 MG GRANULOS SOBRE (NEDOX),10,MEDICAMENTOS,1.0,,
2022-04-30,720211,ESOMEPRAZOL 10 MG GRANULOS SOBRE (NEDOX),0,MEDICAMENTOS,1.0,,
2022-05-31,720211,ESOMEPRAZOL 10 MG GRANULOS SOBRE (NEDOX),0,MEDICAMENTOS,1.0,,
2022-06-30,720211,ESOMEPRAZOL 10 MG GRANULOS SOBRE (NEDOX),0,MEDICAMENTOS,1.0,,
2021-07-31,720281,FENTANILO 25 MCG/HORA PARCHE,0,CONTROLADOS,1.0,,
2021-08-31,720281,FENTANILO 25 MCG/HORA PARCHE,0,CONTROLADOS,1.0,,
2021-09-30,720281,FENTANILO 25 MCG/HORA PARCHE,0,CONTROLADOS,1.0,,
2021-10-31,720281,FENTANILO 25 MCG/HORA PARCHE,0,CONTROLADOS,1.0,,
2021-11-30,720281,FENTANILO 25 MCG/HORA PARCHE,0,CONTROLADOS,1.0,,
2021-12-31,720281,FENTANILO 25 MCG/HORA PARCHE,0,CONTROLADOS,1.0,,
2022-01-31,720281,FENTANILO 25 MCG/HORA PARCHE,0,CONTROLADOS,1.0,,
2022-02-28,720281,FENTANILO 25 MCG/HORA PARCHE,0,CONTROLADOS,1.0,,
2022-03-31,720281,FENTANILO 25 MCG/HORA PARCHE,2,CONTROLADOS,1.0,,
2022-04-30,720281,FENTANILO 25 MCG/HORA PARCHE,0,CONTROLADOS,1.0,,
2022-05-31,720281,FENTANILO 25 MCG/HORA PARCHE,0,CONTROLADOS,1.0,,
2022-06-30,720281,FENTANILO 25 MCG/HORA PARCHE,0,CONTROLADOS,1.0,,
2021-07-31,730033,"CARBONATO DE CALCIO/VITAMINA D3/ZINC SUSPENSIÓN ORAL 300MG/100UI/7,5MG/5ML (108",1,MEDICAMENTOS,1.0,38845.0,1.0
2021-08-31,730033,"CARBONATO DE CALCIO/VITAMINA D3/ZINC SUSPENSIÓN ORAL 300MG/100UI/7,5MG/5ML (108",2,MEDICAMENTOS,1.0,38845.0,1.0
2021-09-30,730033,"CARBONATO DE CALCIO/VITAMINA D3/ZINC SUSPENSIÓN ORAL 300MG/100UI/7,5MG/5ML (108",1,MEDICAMENTOS,1.0,38845.0,1.0
2021-10-31,730033,"CARBONATO DE CALCIO/VITAMINA D3/ZINC SUSPENSIÓN ORAL 300MG/100UI/7,5MG/5ML (108",1,MEDICAMENTOS,1.0,38845.0,1.0
2021-11-30,730033,"CARBONATO DE CALCIO/VITAMINA D3/ZINC SUSPENSIÓN ORAL 300MG/100UI/7,5MG/5ML (108",1,MEDICAMENTOS,1.0,38845.0,1.0
2021-12-31,730033,"CARBONATO DE CALCIO/VITAMINA D3/ZINC SUSPENSIÓN ORAL 300MG/100UI/7,5MG/5ML (108",0,MEDICAMENTOS,1.0,38845.0,1.0
2022-01-31,730033,"CARBONATO DE CALCIO/VITAMINA D3/ZINC SUSPENSIÓN ORAL 300MG/100UI/7,5MG/5ML (108",1,MEDICAMENTOS,1.0,38845.0,1.0
2022-02-28,730033,"CARBONATO DE CALCIO/VITAMINA D3/ZINC SUSPENSIÓN ORAL 300MG/100UI/7,5MG/5ML (108",0,MEDICAMENTOS,1.0,38845.0,1.0
2022-03-31,730033,"CARBONATO DE CALCIO/VITAMINA D3/ZINC SUSPENSIÓN ORAL 300MG/100UI/7,5MG/5ML (108",1,MEDICAMENTOS,1.0,38845.0,1.0
2022-04-30,730033,"CARBONATO DE CALCIO/VITAMINA D3/ZINC SUSPENSIÓN ORAL 300MG/100UI/7,5MG/5ML (108",0,MEDICAMENTOS,1.0,38845.0,1.0
2022-05-31,730033,"CARBONATO DE CALCIO/VITAMINA D3/ZINC SUSPENSIÓN ORAL 300MG/100UI/7,5MG/5ML (108",1,MEDICAMENTOS,1.0,38845.0,1.0
2022-06-30,730033,"CARBONATO DE CALCIO/VITAMINA D3/ZINC SUSPENSIÓN ORAL 300MG/100UI/7,5MG/5ML (108",1,MEDICAMENTOS,1.0,38845.0,1.0
2021-07-31,730034,(FRESUBIN ORIGINAL SOLUCIÓN ORAL 1KCAL/1ML (1000KCAL/1000ML)) ALIMENTO LÍQUIDO ,94,NUTRICION,1.0,15343.0,14.0
2021-08-31,730034,(FRESUBIN ORIGINAL SOLUCIÓN ORAL 1KCAL/1ML (1000KCAL/1000ML)) ALIMENTO LÍQUIDO ,43,NUTRICION,1.0,15343.0,14.0
2021-09-30,730034,(FRESUBIN ORIGINAL SOLUCIÓN ORAL 1KCAL/1ML (1000KCAL/1000ML)) ALIMENTO LÍQUIDO ,58,NUTRICION,1.0,15343.0,14.0
2021-10-31,730034,(FRESUBIN ORIGINAL SOLUCIÓN ORAL 1KCAL/1ML (1000KCAL/1000ML)) ALIMENTO LÍQUIDO ,49,NUTRICION,1.0,15343.0,14.0
2021-11-30,730034,(FRESUBIN ORIGINAL SOLUCIÓN ORAL 1KCAL/1ML (1000KCAL/1000ML)) ALIMENTO LÍQUIDO ,55,NUTRICION,1.0,15343.0,14.0
2021-12-31,730034,(FRESUBIN ORIGINAL SOLUCIÓN ORAL 1KCAL/1ML (1000KCAL/1000ML)) ALIMENTO LÍQUIDO ,64,NUTRICION,1.0,15343.0,14.0
2022-01-31,730034,(FRESUBIN ORIGINAL SOLUCIÓN ORAL 1KCAL/1ML (1000KCAL/1000ML)) ALIMENTO LÍQUIDO ,42,NUTRICION,1.0,15343.0,14.0
2022-02-28,730034,(FRESUBIN ORIGINAL SOLUCIÓN ORAL 1KCAL/1ML (1000KCAL/1000ML)) ALIMENTO LÍQUIDO ,13,NUTRICION,1.0,15343.0,14.0
2022-03-31,730034,(FRESUBIN ORIGINAL SOLUCIÓN ORAL 1KCAL/1ML (1000KCAL/1000ML)) ALIMENTO LÍQUIDO ,11,NUTRICION,1.0,15343.0,14.0
2022-04-30,730034,(FRESUBIN ORIGINAL SOLUCIÓN ORAL 1KCAL/1ML (1000KCAL/1000ML)) ALIMENTO LÍQUIDO ,38,NUTRICION,1.0,15343.0,14.0
2022-05-31,730034,(FRESUBIN ORIGINAL SOLUCIÓN ORAL 1KCAL/1ML (1000KCAL/1000ML)) ALIMENTO LÍQUIDO ,36,NUTRICION,1.0,15343.0,14.0
2022-06-30,730034,(FRESUBIN ORIGINAL SOLUCIÓN ORAL 1KCAL/1ML (1000KCAL/1000ML)) ALIMENTO LÍQUIDO ,38,NUTRICION,1.0,15343.0,14.0
2021-07-31,730035,FRESUBIN DRINK SOLUCIÓN ORAL 2KCAL/1ML (400KCAL/200ML) ALIMENTO LÍQUIDO NUTRICIO,170,NUTRICION,1.0,6923.0,68.0
2021-08-31,730035,FRESUBIN DRINK SOLUCIÓN ORAL 2KCAL/1ML (400KCAL/200ML) ALIMENTO LÍQUIDO NUTRICIO,134,NUTRICION,1.0,6923.0,68.0
2021-09-30,730035,FRESUBIN DRINK SOLUCIÓN ORAL 2KCAL/1ML (400KCAL/200ML) ALIMENTO LÍQUIDO NUTRICIO,290,NUTRICION,1.0,6923.0,68.0
2021-10-31,730035,FRESUBIN DRINK SOLUCIÓN ORAL 2KCAL/1ML (400KCAL/200ML) ALIMENTO LÍQUIDO NUTRICIO,158,NUTRICION,1.0,6923.0,68.0
2021-11-30,730035,FRESUBIN DRINK SOLUCIÓN ORAL 2KCAL/1ML (400KCAL/200ML) ALIMENTO LÍQUIDO NUTRICIO,117,NUTRICION,1.0,6923.0,68.0
2021-12-31,730035,FRESUBIN DRINK SOLUCIÓN ORAL 2KCAL/1ML (400KCAL/200ML) ALIMENTO LÍQUIDO NUTRICIO,163,NUTRICION,1.0,6923.0,68.0
2022-01-31,730035,FRESUBIN DRINK SOLUCIÓN ORAL 2KCAL/1ML (400KCAL/200ML) ALIMENTO LÍQUIDO NUTRICIO,160,NUTRICION,1.0,6923.0,68.0
2022-02-28,730035,FRESUBIN DRINK SOLUCIÓN ORAL 2KCAL/1ML (400KCAL/200ML) ALIMENTO LÍQUIDO NUTRICIO,144,NUTRICION,1.0,6923.0,68.0
2022-03-31,730035,FRESUBIN DRINK SOLUCIÓN ORAL 2KCAL/1ML (400KCAL/200ML) ALIMENTO LÍQUIDO NUTRICIO,89,NUTRICION,1.0,6923.0,68.0
2022-04-30,730035,FRESUBIN DRINK SOLUCIÓN ORAL 2KCAL/1ML (400KCAL/200ML) ALIMENTO LÍQUIDO NUTRICIO,209,NUTRICION,1.0,6923.0,68.0
2022-05-31,730035,FRESUBIN DRINK SOLUCIÓN ORAL 2KCAL/1ML (400KCAL/200ML) ALIMENTO LÍQUIDO NUTRICIO,241,NUTRICION,1.0,6923.0,68.0
2022-06-30,730035,FRESUBIN DRINK SOLUCIÓN ORAL 2KCAL/1ML (400KCAL/200ML) ALIMENTO LÍQUIDO NUTRICIO,277,NUTRICION,1.0,6923.0,68.0
2021-07-31,730036,"DIBEN DRINK SOLUCIÓN ORAL 1,5KCAL/1ML (300KCAL/200ML) ALIMENTO LÍQUIDO PARA ADMI",196,NUTRICION,1.0,8299.0,65.0
2021-08-31,730036,"DIBEN DRINK SOLUCIÓN ORAL 1,5KCAL/1ML (300KCAL/200ML) ALIMENTO LÍQUIDO PARA ADMI",173,NUTRICION,1.0,8299.0,65.0
2021-09-30,730036,"DIBEN DRINK SOLUCIÓN ORAL 1,5KCAL/1ML (300KCAL/200ML) ALIMENTO LÍQUIDO PARA ADMI",96,NUTRICION,1.0,8299.0,65.0
2021-10-31,730036,"DIBEN DRINK SOLUCIÓN ORAL 1,5KCAL/1ML (300KCAL/200ML) ALIMENTO LÍQUIDO PARA ADMI",139,NUTRICION,1.0,8299.0,65.0
2021-11-30,730036,"DIBEN DRINK SOLUCIÓN ORAL 1,5KCAL/1ML (300KCAL/200ML) ALIMENTO LÍQUIDO PARA ADMI",146,NUTRICION,1.0,8299.0,65.0
2021-12-31,730036,"DIBEN DRINK SOLUCIÓN ORAL 1,5KCAL/1ML (300KCAL/200ML) ALIMENTO LÍQUIDO PARA ADMI",18,NUTRICION,1.0,8299.0,65.0
2022-01-31,730036,"DIBEN DRINK SOLUCIÓN ORAL 1,5KCAL/1ML (300KCAL/200ML) ALIMENTO LÍQUIDO PARA ADMI",128,NUTRICION,1.0,8299.0,65.0
2022-02-28,730036,"DIBEN DRINK SOLUCIÓN ORAL 1,5KCAL/1ML (300KCAL/200ML) ALIMENTO LÍQUIDO PARA ADMI",160,NUTRICION,1.0,8299.0,65.0
2022-03-31,730036,"DIBEN DRINK SOLUCIÓN ORAL 1,5KCAL/1ML (300KCAL/200ML) ALIMENTO LÍQUIDO PARA ADMI",120,NUTRICION,1.0,8299.0,65.0
2022-04-30,730036,"DIBEN DRINK SOLUCIÓN ORAL 1,5KCAL/1ML (300KCAL/200ML) ALIMENTO LÍQUIDO PARA ADMI",284,NUTRICION,1.0,8299.0,65.0
2022-05-31,730036,"DIBEN DRINK SOLUCIÓN ORAL 1,5KCAL/1ML (300KCAL/200ML) ALIMENTO LÍQUIDO PARA ADMI",144,NUTRICION,1.0,8299.0,65.0
2022-06-30,730036,"DIBEN DRINK SOLUCIÓN ORAL 1,5KCAL/1ML (300KCAL/200ML) ALIMENTO LÍQUIDO PARA ADMI",243,NUTRICION,1.0,8299.0,65.0
2021-07-31,730037,"DIBEN SOLUCIÓN ORAL 1,05KCAL/1ML (525KCAL/500ML) ALIMENTO LÍQUIDO PARA ADMINISTR",219,NUTRICION,1.0,16699.0,13.0
2021-08-31,730037,"DIBEN SOLUCIÓN ORAL 1,05KCAL/1ML (525KCAL/500ML) ALIMENTO LÍQUIDO PARA ADMINISTR",60,NUTRICION,1.0,16699.0,13.0
2021-09-30,730037,"DIBEN SOLUCIÓN ORAL 1,05KCAL/1ML (525KCAL/500ML) ALIMENTO LÍQUIDO PARA ADMINISTR",80,NUTRICION,1.0,16699.0,13.0
2021-10-31,730037,"DIBEN SOLUCIÓN ORAL 1,05KCAL/1ML (525KCAL/500ML) ALIMENTO LÍQUIDO PARA ADMINISTR",80,NUTRICION,1.0,16699.0,13.0
2021-11-30,730037,"DIBEN SOLUCIÓN ORAL 1,05KCAL/1ML (525KCAL/500ML) ALIMENTO LÍQUIDO PARA ADMINISTR",61,NUTRICION,1.0,16699.0,13.0
2021-12-31,730037,"DIBEN SOLUCIÓN ORAL 1,05KCAL/1ML (525KCAL/500ML) ALIMENTO LÍQUIDO PARA ADMINISTR",82,NUTRICION,1.0,16699.0,13.0
2022-01-31,730037,"DIBEN SOLUCIÓN ORAL 1,05KCAL/1ML (525KCAL/500ML) ALIMENTO LÍQUIDO PARA ADMINISTR",48,NUTRICION,1.0,16699.0,13.0
2022-02-28,730037,"DIBEN SOLUCIÓN ORAL 1,05KCAL/1ML (525KCAL/500ML) ALIMENTO LÍQUIDO PARA ADMINISTR",95,NUTRICION,1.0,16699.0,13.0
2022-03-31,730037,"DIBEN SOLUCIÓN ORAL 1,05KCAL/1ML (525KCAL/500ML) ALIMENTO LÍQUIDO PARA ADMINISTR",115,NUTRICION,1.0,16699.0,13.0
2022-04-30,730037,"DIBEN SOLUCIÓN ORAL 1,05KCAL/1ML (525KCAL/500ML) ALIMENTO LÍQUIDO PARA ADMINISTR",155,NUTRICION,1.0,16699.0,13.0
2022-05-31,730037,"DIBEN SOLUCIÓN ORAL 1,05KCAL/1ML (525KCAL/500ML) ALIMENTO LÍQUIDO PARA ADMINISTR",155,NUTRICION,1.0,16699.0,13.0
2022-06-30,730037,"DIBEN SOLUCIÓN ORAL 1,05KCAL/1ML (525KCAL/500ML) ALIMENTO LÍQUIDO PARA ADMINISTR",73,NUTRICION,1.0,16699.0,13.0
2021-07-31,730038,"SURVIMED OPD SOLUCIÓN ORAL 1,33KCAL/1ML (665KCAL/500ML)) ALIMENTO LIQUIDO OLIG",14,NUTRICION,1.0,34911.0,23.0
2021-08-31,730038,"SURVIMED OPD SOLUCIÓN ORAL 1,33KCAL/1ML (665KCAL/500ML)) ALIMENTO LIQUIDO OLIG",9,NUTRICION,1.0,34911.0,23.0
2021-09-30,730038,"SURVIMED OPD SOLUCIÓN ORAL 1,33KCAL/1ML (665KCAL/500ML)) ALIMENTO LIQUIDO OLIG",20,NUTRICION,1.0,34911.0,23.0
2021-10-31,730038,"SURVIMED OPD SOLUCIÓN ORAL 1,33KCAL/1ML (665KCAL/500ML)) ALIMENTO LIQUIDO OLIG",38,NUTRICION,1.0,34911.0,23.0
2021-11-30,730038,"SURVIMED OPD SOLUCIÓN ORAL 1,33KCAL/1ML (665KCAL/500ML)) ALIMENTO LIQUIDO OLIG",57,NUTRICION,1.0,34911.0,23.0
2021-12-31,730038,"SURVIMED OPD SOLUCIÓN ORAL 1,33KCAL/1ML (665KCAL/500ML)) ALIMENTO LIQUIDO OLIG",22,NUTRICION,1.0,34911.0,23.0
2022-01-31,730038,"SURVIMED OPD SOLUCIÓN ORAL 1,33KCAL/1ML (665KCAL/500ML)) ALIMENTO LIQUIDO OLIG",19,NUTRICION,1.0,34911.0,23.0
2022-02-28,730038,"SURVIMED OPD SOLUCIÓN ORAL 1,33KCAL/1ML (665KCAL/500ML)) ALIMENTO LIQUIDO OLIG",76,NUTRICION,1.0,34911.0,23.0
2022-03-31,730038,"SURVIMED OPD SOLUCIÓN ORAL 1,33KCAL/1ML (665KCAL/500ML)) ALIMENTO LIQUIDO OLIG",61,NUTRICION,1.0,34911.0,23.0
2022-04-30,730038,"SURVIMED OPD SOLUCIÓN ORAL 1,33KCAL/1ML (665KCAL/500ML)) ALIMENTO LIQUIDO OLIG",72,NUTRICION,1.0,34911.0,23.0
2022-05-31,730038,"SURVIMED OPD SOLUCIÓN ORAL 1,33KCAL/1ML (665KCAL/500ML)) ALIMENTO LIQUIDO OLIG",51,NUTRICION,1.0,34911.0,23.0
2022-06-30,730038,"SURVIMED OPD SOLUCIÓN ORAL 1,33KCAL/1ML (665KCAL/500ML)) ALIMENTO LIQUIDO OLIG",19,NUTRICION,1.0,34911.0,23.0
2021-07-31,730039,"RECONVAN SOLUCIÓN ORAL 1,0KCAL/1ML (500KCAL/500ML)) ALIMENTO LÍQUIDO PARA ADMI",0,NUTRICION,1.0,28270.0,12.0
2021-08-31,730039,"RECONVAN SOLUCIÓN ORAL 1,0KCAL/1ML (500KCAL/500ML)) ALIMENTO LÍQUIDO PARA ADMI",45,NUTRICION,1.0,28270.0,12.0
2021-09-30,730039,"RECONVAN SOLUCIÓN ORAL 1,0KCAL/1ML (500KCAL/500ML)) ALIMENTO LÍQUIDO PARA ADMI",52,NUTRICION,1.0,28270.0,12.0
2021-10-31,730039,"RECONVAN SOLUCIÓN ORAL 1,0KCAL/1ML (500KCAL/500ML)) ALIMENTO LÍQUIDO PARA ADMI",60,NUTRICION,1.0,28270.0,12.0
2021-11-30,730039,"RECONVAN SOLUCIÓN ORAL 1,0KCAL/1ML (500KCAL/500ML)) ALIMENTO LÍQUIDO PARA ADMI",32,NUTRICION,1.0,28270.0,12.0
2021-12-31,730039,"RECONVAN SOLUCIÓN ORAL 1,0KCAL/1ML (500KCAL/500ML)) ALIMENTO LÍQUIDO PARA ADMI",94,NUTRICION,1.0,28270.0,12.0
2022-01-31,730039,"RECONVAN SOLUCIÓN ORAL 1,0KCAL/1ML (500KCAL/500ML)) ALIMENTO LÍQUIDO PARA ADMI",250,NUTRICION,1.0,28270.0,12.0
2022-02-28,730039,"RECONVAN SOLUCIÓN ORAL 1,0KCAL/1ML (500KCAL/500ML)) ALIMENTO LÍQUIDO PARA ADMI",189,NUTRICION,1.0,28270.0,12.0
2022-03-31,730039,"RECONVAN SOLUCIÓN ORAL 1,0KCAL/1ML (500KCAL/500ML)) ALIMENTO LÍQUIDO PARA ADMI",88,NUTRICION,1.0,28270.0,12.0
2022-04-30,730039,"RECONVAN SOLUCIÓN ORAL 1,0KCAL/1ML (500KCAL/500ML)) ALIMENTO LÍQUIDO PARA ADMI",69,NUTRICION,1.0,28270.0,12.0
2022-05-31,730039,"RECONVAN SOLUCIÓN ORAL 1,0KCAL/1ML (500KCAL/500ML)) ALIMENTO LÍQUIDO PARA ADMI",21,NUTRICION,1.0,28270.0,12.0
2022-06-30,730039,"RECONVAN SOLUCIÓN ORAL 1,0KCAL/1ML (500KCAL/500ML)) ALIMENTO LÍQUIDO PARA ADMI",88,NUTRICION,1.0,28270.0,12.0
2021-07-31,730040,"SUPPORTAN DRINK SOLUCIÓN ORAL 1,5KCAL/1ML (300KCAL/200ML)) ALIMENTO LIQUIDO RI",78,NUTRICION,1.0,11051.0,31.0
2021-08-31,730040,"SUPPORTAN DRINK SOLUCIÓN ORAL 1,5KCAL/1ML (300KCAL/200ML)) ALIMENTO LIQUIDO RI",123,NUTRICION,1.0,11051.0,31.0
2021-09-30,730040,"SUPPORTAN DRINK SOLUCIÓN ORAL 1,5KCAL/1ML (300KCAL/200ML)) ALIMENTO LIQUIDO RI",138,NUTRICION,1.0,11051.0,31.0
2021-10-31,730040,"SUPPORTAN DRINK SOLUCIÓN ORAL 1,5KCAL/1ML (300KCAL/200ML)) ALIMENTO LIQUIDO RI",98,NUTRICION,1.0,11051.0,31.0
2021-11-30,730040,"SUPPORTAN DRINK SOLUCIÓN ORAL 1,5KCAL/1ML (300KCAL/200ML)) ALIMENTO LIQUIDO RI",149,NUTRICION,1.0,11051.0,31.0
2021-12-31,730040,"SUPPORTAN DRINK SOLUCIÓN ORAL 1,5KCAL/1ML (300KCAL/200ML)) ALIMENTO LIQUIDO RI",352,NUTRICION,1.0,11051.0,31.0
2022-01-31,730040,"SUPPORTAN DRINK SOLUCIÓN ORAL 1,5KCAL/1ML (300KCAL/200ML)) ALIMENTO LIQUIDO RI",336,NUTRICION,1.0,11051.0,31.0
2022-02-28,730040,"SUPPORTAN DRINK SOLUCIÓN ORAL 1,5KCAL/1ML (300KCAL/200ML)) ALIMENTO LIQUIDO RI",186,NUTRICION,1.0,11051.0,31.0
2022-03-31,730040,"SUPPORTAN DRINK SOLUCIÓN ORAL 1,5KCAL/1ML (300KCAL/200ML)) ALIMENTO LIQUIDO RI",65,NUTRICION,1.0,11051.0,31.0
2022-04-30,730040,"SUPPORTAN DRINK SOLUCIÓN ORAL 1,5KCAL/1ML (300KCAL/200ML)) ALIMENTO LIQUIDO RI",104,NUTRICION,1.0,11051.0,31.0
2022-05-31,730040,"SUPPORTAN DRINK SOLUCIÓN ORAL 1,5KCAL/1ML (300KCAL/200ML)) ALIMENTO LIQUIDO RI",127,NUTRICION,1.0,11051.0,31.0
2022-06-30,730040,"SUPPORTAN DRINK SOLUCIÓN ORAL 1,5KCAL/1ML (300KCAL/200ML)) ALIMENTO LIQUIDO RI",59,NUTRICION,1.0,11051.0,31.0
2021-07-31,730041,(FRESUBIN HP SOLUCIÓN ORAL 2KCAL/1ML (1000KCAL/500ML)) ALIMENTO LÍQUIDO PARA AD,108,NUTRICION,1.0,22577.0,34.0
2021-08-31,730041,(FRESUBIN HP SOLUCIÓN ORAL 2KCAL/1ML (1000KCAL/500ML)) ALIMENTO LÍQUIDO PARA AD,0,NUTRICION,1.0,22577.0,34.0
2021-09-30,730041,(FRESUBIN HP SOLUCIÓN ORAL 2KCAL/1ML (1000KCAL/500ML)) ALIMENTO LÍQUIDO PARA AD,52,NUTRICION,1.0,22577.0,34.0
2021-10-31,730041,(FRESUBIN HP SOLUCIÓN ORAL 2KCAL/1ML (1000KCAL/500ML)) ALIMENTO LÍQUIDO PARA AD,126,NUTRICION,1.0,22577.0,34.0
2021-11-30,730041,(FRESUBIN HP SOLUCIÓN ORAL 2KCAL/1ML (1000KCAL/500ML)) ALIMENTO LÍQUIDO PARA AD,18,NUTRICION,1.0,22577.0,34.0
2021-12-31,730041,(FRESUBIN HP SOLUCIÓN ORAL 2KCAL/1ML (1000KCAL/500ML)) ALIMENTO LÍQUIDO PARA AD,1,NUTRICION,1.0,22577.0,34.0
2022-01-31,730041,(FRESUBIN HP SOLUCIÓN ORAL 2KCAL/1ML (1000KCAL/500ML)) ALIMENTO LÍQUIDO PARA AD,13,NUTRICION,1.0,22577.0,34.0
2022-02-28,730041,(FRESUBIN HP SOLUCIÓN ORAL 2KCAL/1ML (1000KCAL/500ML)) ALIMENTO LÍQUIDO PARA AD,56,NUTRICION,1.0,22577.0,34.0
2022-03-31,730041,(FRESUBIN HP SOLUCIÓN ORAL 2KCAL/1ML (1000KCAL/500ML)) ALIMENTO LÍQUIDO PARA AD,136,NUTRICION,1.0,22577.0,34.0
2022-04-30,730041,(FRESUBIN HP SOLUCIÓN ORAL 2KCAL/1ML (1000KCAL/500ML)) ALIMENTO LÍQUIDO PARA AD,10,NUTRICION,1.0,22577.0,34.0
2022-05-31,730041,(FRESUBIN HP SOLUCIÓN ORAL 2KCAL/1ML (1000KCAL/500ML)) ALIMENTO LÍQUIDO PARA AD,8,NUTRICION,1.0,22577.0,34.0
2022-06-30,730041,(FRESUBIN HP SOLUCIÓN ORAL 2KCAL/1ML (1000KCAL/500ML)) ALIMENTO LÍQUIDO PARA AD,97,NUTRICION,1.0,22577.0,34.0
2021-07-31,730053,SISTEMA DRENAJE TORAXICO PEDIATRICO THORAMETRIX X1500-LM INSTRUMENT,0,DISPOSITIVOS MEDICO,1.0,79114.0,2.0
2021-08-31,730053,SISTEMA DRENAJE TORAXICO PEDIATRICO THORAMETRIX X1500-LM INSTRUMENT,0,DISPOSITIVOS MEDICO,1.0,79114.0,2.0
2021-09-30,730053,SISTEMA DRENAJE TORAXICO PEDIATRICO THORAMETRIX X1500-LM INSTRUMENT,1,DISPOSITIVOS MEDICO,1.0,79114.0,2.0
2021-10-31,730053,SISTEMA DRENAJE TORAXICO PEDIATRICO THORAMETRIX X1500-LM INSTRUMENT,0,DISPOSITIVOS MEDICO,1.0,79114.0,2.0
2021-11-30,730053,SISTEMA DRENAJE TORAXICO PEDIATRICO THORAMETRIX X1500-LM INSTRUMENT,1,DISPOSITIVOS MEDICO,1.0,79114.0,2.0
2021-12-31,730053,SISTEMA DRENAJE TORAXICO PEDIATRICO THORAMETRIX X1500-LM INSTRUMENT,0,DISPOSITIVOS MEDICO,1.0,79114.0,2.0
2022-01-31,730053,SISTEMA DRENAJE TORAXICO PEDIATRICO THORAMETRIX X1500-LM INSTRUMENT,0,DISPOSITIVOS MEDICO,1.0,79114.0,2.0
2022-02-28,730053,SISTEMA DRENAJE TORAXICO PEDIATRICO THORAMETRIX X1500-LM INSTRUMENT,0,DISPOSITIVOS MEDICO,1.0,79114.0,2.0
2022-03-31,730053,SISTEMA DRENAJE TORAXICO PEDIATRICO THORAMETRIX X1500-LM INSTRUMENT,0,DISPOSITIVOS MEDICO,1.0,79114.0,2.0
2022-04-30,730053,SISTEMA DRENAJE TORAXICO PEDIATRICO THORAMETRIX X1500-LM INSTRUMENT,0,DISPOSITIVOS MEDICO,1.0,79114.0,2.0
2022-05-31,730053,SISTEMA DRENAJE TORAXICO PEDIATRICO THORAMETRIX X1500-LM INSTRUMENT,0,DISPOSITIVOS MEDICO,1.0,79114.0,2.0
2022-06-30,730053,SISTEMA DRENAJE TORAXICO PEDIATRICO THORAMETRIX X1500-LM INSTRUMENT,1,DISPOSITIVOS MEDICO,1.0,79114.0,2.0
2021-07-31,730058,EQUIPO BOMBA SIN AGUJA,2016,DISPOSITIVOS MEDICO,1.0,16509.0,98.0
2021-08-31,730058,EQUIPO BOMBA SIN AGUJA,2082,DISPOSITIVOS MEDICO,1.0,16509.0,98.0
2021-09-30,730058,EQUIPO BOMBA SIN AGUJA,2074,DISPOSITIVOS MEDICO,1.0,16509.0,98.0
2021-10-31,730058,EQUIPO BOMBA SIN AGUJA,2127,DISPOSITIVOS MEDICO,1.0,16509.0,98.0
2021-11-30,730058,EQUIPO BOMBA SIN AGUJA,1803,DISPOSITIVOS MEDICO,1.0,16509.0,98.0
2021-12-31,730058,EQUIPO BOMBA SIN AGUJA,1799,DISPOSITIVOS MEDICO,1.0,16509.0,98.0
2022-01-31,730058,EQUIPO BOMBA SIN AGUJA,2003,DISPOSITIVOS MEDICO,1.0,16509.0,98.0
2022-02-28,730058,EQUIPO BOMBA SIN AGUJA,1657,DISPOSITIVOS MEDICO,1.0,16509.0,98.0
2022-03-31,730058,EQUIPO BOMBA SIN AGUJA,1676,DISPOSITIVOS MEDICO,1.0,16509.0,98.0
2022-04-30,730058,EQUIPO BOMBA SIN AGUJA,2119,DISPOSITIVOS MEDICO,1.0,16509.0,98.0
2022-05-31,730058,EQUIPO BOMBA SIN AGUJA,1685,DISPOSITIVOS MEDICO,1.0,16509.0,98.0
2022-06-30,730058,EQUIPO BOMBA SIN AGUJA,1868,DISPOSITIVOS MEDICO,1.0,16509.0,98.0
2021-07-31,730063,SURVIMED OPD SOLUCIÓN ORAL 1KCAL/1ML (1000KCAL/1000ML)) ALIMENTO LIQUIDO OLIGO,67,NUTRICION,1.0,0.0,0.0
2021-08-31,730063,SURVIMED OPD SOLUCIÓN ORAL 1KCAL/1ML (1000KCAL/1000ML)) ALIMENTO LIQUIDO OLIGO,102,NUTRICION,1.0,0.0,0.0
2021-09-30,730063,SURVIMED OPD SOLUCIÓN ORAL 1KCAL/1ML (1000KCAL/1000ML)) ALIMENTO LIQUIDO OLIGO,63,NUTRICION,1.0,0.0,0.0
2021-10-31,730063,SURVIMED OPD SOLUCIÓN ORAL 1KCAL/1ML (1000KCAL/1000ML)) ALIMENTO LIQUIDO OLIGO,38,NUTRICION,1.0,0.0,0.0
2021-11-30,730063,SURVIMED OPD SOLUCIÓN ORAL 1KCAL/1ML (1000KCAL/1000ML)) ALIMENTO LIQUIDO OLIGO,23,NUTRICION,1.0,0.0,0.0
2021-12-31,730063,SURVIMED OPD SOLUCIÓN ORAL 1KCAL/1ML (1000KCAL/1000ML)) ALIMENTO LIQUIDO OLIGO,89,NUTRICION,1.0,0.0,0.0
2022-01-31,730063,SURVIMED OPD SOLUCIÓN ORAL 1KCAL/1ML (1000KCAL/1000ML)) ALIMENTO LIQUIDO OLIGO,60,NUTRICION,1.0,0.0,0.0
2022-02-28,730063,SURVIMED OPD SOLUCIÓN ORAL 1KCAL/1ML (1000KCAL/1000ML)) ALIMENTO LIQUIDO OLIGO,29,NUTRICION,1.0,0.0,0.0
2022-03-31,730063,SURVIMED OPD SOLUCIÓN ORAL 1KCAL/1ML (1000KCAL/1000ML)) ALIMENTO LIQUIDO OLIGO,31,NUTRICION,1.0,0.0,0.0
2022-04-30,730063,SURVIMED OPD SOLUCIÓN ORAL 1KCAL/1ML (1000KCAL/1000ML)) ALIMENTO LIQUIDO OLIGO,78,NUTRICION,1.0,0.0,0.0
2022-05-31,730063,SURVIMED OPD SOLUCIÓN ORAL 1KCAL/1ML (1000KCAL/1000ML)) ALIMENTO LIQUIDO OLIGO,24,NUTRICION,1.0,0.0,0.0
2022-06-30,730063,SURVIMED OPD SOLUCIÓN ORAL 1KCAL/1ML (1000KCAL/1000ML)) ALIMENTO LIQUIDO OLIGO,0,NUTRICION,1.0,0.0,0.0
2021-07-31,730066,EQUIPO DE INFUSION DE LIQUIDOS FOTOSENSIBLES,25,DISPOSITIVOS MEDICO,1.0,28446.0,32.0
2021-08-31,730066,EQUIPO DE INFUSION DE LIQUIDOS FOTOSENSIBLES,31,DISPOSITIVOS MEDICO,1.0,28446.0,32.0
2021-09-30,730066,EQUIPO DE INFUSION DE LIQUIDOS FOTOSENSIBLES,28,DISPOSITIVOS MEDICO,1.0,28446.0,32.0
2021-10-31,730066,EQUIPO DE INFUSION DE LIQUIDOS FOTOSENSIBLES,24,DISPOSITIVOS MEDICO,1.0,28446.0,32.0
2021-11-30,730066,EQUIPO DE INFUSION DE LIQUIDOS FOTOSENSIBLES,32,DISPOSITIVOS MEDICO,1.0,28446.0,32.0
2021-12-31,730066,EQUIPO DE INFUSION DE LIQUIDOS FOTOSENSIBLES,40,DISPOSITIVOS MEDICO,1.0,28446.0,32.0
2022-01-31,730066,EQUIPO DE INFUSION DE LIQUIDOS FOTOSENSIBLES,35,DISPOSITIVOS MEDICO,1.0,28446.0,32.0
2022-02-28,730066,EQUIPO DE INFUSION DE LIQUIDOS FOTOSENSIBLES,30,DISPOSITIVOS MEDICO,1.0,28446.0,32.0
2022-03-31,730066,EQUIPO DE INFUSION DE LIQUIDOS FOTOSENSIBLES,50,DISPOSITIVOS MEDICO,1.0,28446.0,32.0
2022-04-30,730066,EQUIPO DE INFUSION DE LIQUIDOS FOTOSENSIBLES,33,DISPOSITIVOS MEDICO,1.0,28446.0,32.0
2022-05-31,730066,EQUIPO DE INFUSION DE LIQUIDOS FOTOSENSIBLES,33,DISPOSITIVOS MEDICO,1.0,28446.0,32.0
2022-06-30,730066,EQUIPO DE INFUSION DE LIQUIDOS FOTOSENSIBLES,38,DISPOSITIVOS MEDICO,1.0,28446.0,32.0
2021-07-31,730082,VECURONIO BROMURO SOLUCIÓN INYECTABLE 4MG,0,MEDICAMENTOS,1.0,,
2021-08-31,730082,VECURONIO BROMURO SOLUCIÓN INYECTABLE 4MG,0,MEDICAMENTOS,1.0,,
2021-09-30,730082,VECURONIO BROMURO SOLUCIÓN INYECTABLE 4MG,0,MEDICAMENTOS,1.0,,
2021-10-31,730082,VECURONIO BROMURO SOLUCIÓN INYECTABLE 4MG,0,MEDICAMENTOS,1.0,,
2021-11-30,730082,VECURONIO BROMURO SOLUCIÓN INYECTABLE 4MG,0,MEDICAMENTOS,1.0,,
2021-12-31,730082,VECURONIO BROMURO SOLUCIÓN INYECTABLE 4MG,0,MEDICAMENTOS,1.0,,
2022-01-31,730082,VECURONIO BROMURO SOLUCIÓN INYECTABLE 4MG,0,MEDICAMENTOS,1.0,,
2022-02-28,730082,VECURONIO BROMURO SOLUCIÓN INYECTABLE 4MG,0,MEDICAMENTOS,1.0,,
2022-03-31,730082,VECURONIO BROMURO SOLUCIÓN INYECTABLE 4MG,0,MEDICAMENTOS,1.0,,
2022-04-30,730082,VECURONIO BROMURO SOLUCIÓN INYECTABLE 4MG,0,MEDICAMENTOS,1.0,,
2022-05-31,730082,VECURONIO BROMURO SOLUCIÓN INYECTABLE 4MG,54,MEDICAMENTOS,1.0,,
2022-06-30,730082,VECURONIO BROMURO SOLUCIÓN INYECTABLE 4MG,0,MEDICAMENTOS,1.0,,
2021-07-31,730083,EQUIPO PERFUSOR 20CC REF C0020C FRESENIUS,85,DISPOSITIVOS MEDICO,1.0,21258.0,65.0
2021-08-31,730083,EQUIPO PERFUSOR 20CC REF C0020C FRESENIUS,134,DISPOSITIVOS MEDICO,1.0,21258.0,65.0
2021-09-30,730083,EQUIPO PERFUSOR 20CC REF C0020C FRESENIUS,121,DISPOSITIVOS MEDICO,1.0,21258.0,65.0
2021-10-31,730083,EQUIPO PERFUSOR 20CC REF C0020C FRESENIUS,87,DISPOSITIVOS MEDICO,1.0,21258.0,65.0
2021-11-30,730083,EQUIPO PERFUSOR 20CC REF C0020C FRESENIUS,82,DISPOSITIVOS MEDICO,1.0,21258.0,65.0
2021-12-31,730083,EQUIPO PERFUSOR 20CC REF C0020C FRESENIUS,54,DISPOSITIVOS MEDICO,1.0,21258.0,65.0
2022-01-31,730083,EQUIPO PERFUSOR 20CC REF C0020C FRESENIUS,82,DISPOSITIVOS MEDICO,1.0,21258.0,65.0
2022-02-28,730083,EQUIPO PERFUSOR 20CC REF C0020C FRESENIUS,188,DISPOSITIVOS MEDICO,1.0,21258.0,65.0
2022-03-31,730083,EQUIPO PERFUSOR 20CC REF C0020C FRESENIUS,176,DISPOSITIVOS MEDICO,1.0,21258.0,65.0
2022-04-30,730083,EQUIPO PERFUSOR 20CC REF C0020C FRESENIUS,98,DISPOSITIVOS MEDICO,1.0,21258.0,65.0
2022-05-31,730083,EQUIPO PERFUSOR 20CC REF C0020C FRESENIUS,78,DISPOSITIVOS MEDICO,1.0,21258.0,65.0
2022-06-30,730083,EQUIPO PERFUSOR 20CC REF C0020C FRESENIUS,133,DISPOSITIVOS MEDICO,1.0,21258.0,65.0
2021-07-31,730084,DALTEPARINA SODICA 7.500 UI (ANTIFACTOR XA) SOL. INYECTABLE,7,MEDICAMENTOS,1.0,15978.0,12.0
2021-08-31,730084,DALTEPARINA SODICA 7.500 UI (ANTIFACTOR XA) SOL. INYECTABLE,7,MEDICAMENTOS,1.0,15978.0,12.0
2021-09-30,730084,DALTEPARINA SODICA 7.500 UI (ANTIFACTOR XA) SOL. INYECTABLE,32,MEDICAMENTOS,1.0,15978.0,12.0
2021-10-31,730084,DALTEPARINA SODICA 7.500 UI (ANTIFACTOR XA) SOL. INYECTABLE,4,MEDICAMENTOS,1.0,15978.0,12.0
2021-11-30,730084,DALTEPARINA SODICA 7.500 UI (ANTIFACTOR XA) SOL. INYECTABLE,0,MEDICAMENTOS,1.0,15978.0,12.0
2021-12-31,730084,DALTEPARINA SODICA 7.500 UI (ANTIFACTOR XA) SOL. INYECTABLE,0,MEDICAMENTOS,1.0,15978.0,12.0
2022-01-31,730084,DALTEPARINA SODICA 7.500 UI (ANTIFACTOR XA) SOL. INYECTABLE,0,MEDICAMENTOS,1.0,15978.0,12.0
2022-02-28,730084,DALTEPARINA SODICA 7.500 UI (ANTIFACTOR XA) SOL. INYECTABLE,0,MEDICAMENTOS,1.0,15978.0,12.0
2022-03-31,730084,DALTEPARINA SODICA 7.500 UI (ANTIFACTOR XA) SOL. INYECTABLE,0,MEDICAMENTOS,1.0,15978.0,12.0
2022-04-30,730084,DALTEPARINA SODICA 7.500 UI (ANTIFACTOR XA) SOL. INYECTABLE,0,MEDICAMENTOS,1.0,15978.0,12.0
2022-05-31,730084,DALTEPARINA SODICA 7.500 UI (ANTIFACTOR XA) SOL. INYECTABLE,0,MEDICAMENTOS,1.0,15978.0,12.0
2022-06-30,730084,DALTEPARINA SODICA 7.500 UI (ANTIFACTOR XA) SOL. INYECTABLE,3,MEDICAMENTOS,1.0,15978.0,12.0
2021-07-31,730096,HIALURONATO DE SODIO GOTAS OFTALMICAS,0,MEDICAMENTOS,1.0,,
2021-08-31,730096,HIALURONATO DE SODIO GOTAS OFTALMICAS,0,MEDICAMENTOS,1.0,,
2021-09-30,730096,HIALURONATO DE SODIO GOTAS OFTALMICAS,0,MEDICAMENTOS,1.0,,
2021-10-31,730096,HIALURONATO DE SODIO GOTAS OFTALMICAS,0,MEDICAMENTOS,1.0,,
2021-11-30,730096,HIALURONATO DE SODIO GOTAS OFTALMICAS,0,MEDICAMENTOS,1.0,,
2021-12-31,730096,HIALURONATO DE SODIO GOTAS OFTALMICAS,0,MEDICAMENTOS,1.0,,
2022-01-31,730096,HIALURONATO DE SODIO GOTAS OFTALMICAS,1,MEDICAMENTOS,1.0,,
2022-02-28,730096,HIALURONATO DE SODIO GOTAS OFTALMICAS,1,MEDICAMENTOS,1.0,,
2022-03-31,730096,HIALURONATO DE SODIO GOTAS OFTALMICAS,0,MEDICAMENTOS,1.0,,
2022-04-30,730096,HIALURONATO DE SODIO GOTAS OFTALMICAS,3,MEDICAMENTOS,1.0,,
2022-05-31,730096,HIALURONATO DE SODIO GOTAS OFTALMICAS,0,MEDICAMENTOS,1.0,,
2022-06-30,730096,HIALURONATO DE SODIO GOTAS OFTALMICAS,0,MEDICAMENTOS,1.0,,
2021-07-31,730113,APOSITO URGOSORB SILVER ALGINATO Y PLATA10X20CM-REF 503136-SUPLESA,0,DISPOSITIVOS MEDICO,1.0,36710.0,6.0
2021-08-31,730113,APOSITO URGOSORB SILVER ALGINATO Y PLATA10X20CM-REF 503136-SUPLESA,0,DISPOSITIVOS MEDICO,1.0,36710.0,6.0
2021-09-30,730113,APOSITO URGOSORB SILVER ALGINATO Y PLATA10X20CM-REF 503136-SUPLESA,0,DISPOSITIVOS MEDICO,1.0,36710.0,6.0
2021-10-31,730113,APOSITO URGOSORB SILVER ALGINATO Y PLATA10X20CM-REF 503136-SUPLESA,0,DISPOSITIVOS MEDICO,1.0,36710.0,6.0
2021-11-30,730113,APOSITO URGOSORB SILVER ALGINATO Y PLATA10X20CM-REF 503136-SUPLESA,0,DISPOSITIVOS MEDICO,1.0,36710.0,6.0
2021-12-31,730113,APOSITO URGOSORB SILVER ALGINATO Y PLATA10X20CM-REF 503136-SUPLESA,0,DISPOSITIVOS MEDICO,1.0,36710.0,6.0
2022-01-31,730113,APOSITO URGOSORB SILVER ALGINATO Y PLATA10X20CM-REF 503136-SUPLESA,0,DISPOSITIVOS MEDICO,1.0,36710.0,6.0
2022-02-28,730113,APOSITO URGOSORB SILVER ALGINATO Y PLATA10X20CM-REF 503136-SUPLESA,0,DISPOSITIVOS MEDICO,1.0,36710.0,6.0
2022-03-31,730113,APOSITO URGOSORB SILVER ALGINATO Y PLATA10X20CM-REF 503136-SUPLESA,4,DISPOSITIVOS MEDICO,1.0,36710.0,6.0
2022-04-30,730113,APOSITO URGOSORB SILVER ALGINATO Y PLATA10X20CM-REF 503136-SUPLESA,0,DISPOSITIVOS MEDICO,1.0,36710.0,6.0
2022-05-31,730113,APOSITO URGOSORB SILVER ALGINATO Y PLATA10X20CM-REF 503136-SUPLESA,0,DISPOSITIVOS MEDICO,1.0,36710.0,6.0
2022-06-30,730113,APOSITO URGOSORB SILVER ALGINATO Y PLATA10X20CM-REF 503136-SUPLESA,0,DISPOSITIVOS MEDICO,1.0,36710.0,6.0
2021-07-31,730116,TEGADERM REF 1682 IV 5X5.7CM AVANCED-NIÑOS,123,DISPOSITIVOS MEDICO,1.0,3515.0,38.0
2021-08-31,730116,TEGADERM REF 1682 IV 5X5.7CM AVANCED-NIÑOS,133,DISPOSITIVOS MEDICO,1.0,3515.0,38.0
2021-09-30,730116,TEGADERM REF 1682 IV 5X5.7CM AVANCED-NIÑOS,113,DISPOSITIVOS MEDICO,1.0,3515.0,38.0
2021-10-31,730116,TEGADERM REF 1682 IV 5X5.7CM AVANCED-NIÑOS,138,DISPOSITIVOS MEDICO,1.0,3515.0,38.0
2021-11-30,730116,TEGADERM REF 1682 IV 5X5.7CM AVANCED-NIÑOS,116,DISPOSITIVOS MEDICO,1.0,3515.0,38.0
2021-12-31,730116,TEGADERM REF 1682 IV 5X5.7CM AVANCED-NIÑOS,83,DISPOSITIVOS MEDICO,1.0,3515.0,38.0
2022-01-31,730116,TEGADERM REF 1682 IV 5X5.7CM AVANCED-NIÑOS,120,DISPOSITIVOS MEDICO,1.0,3515.0,38.0
2022-02-28,730116,TEGADERM REF 1682 IV 5X5.7CM AVANCED-NIÑOS,145,DISPOSITIVOS MEDICO,1.0,3515.0,38.0
2022-03-31,730116,TEGADERM REF 1682 IV 5X5.7CM AVANCED-NIÑOS,148,DISPOSITIVOS MEDICO,1.0,3515.0,38.0
2022-04-30,730116,TEGADERM REF 1682 IV 5X5.7CM AVANCED-NIÑOS,44,DISPOSITIVOS MEDICO,1.0,3515.0,38.0
2022-05-31,730116,TEGADERM REF 1682 IV 5X5.7CM AVANCED-NIÑOS,116,DISPOSITIVOS MEDICO,1.0,3515.0,38.0
2022-06-30,730116,TEGADERM REF 1682 IV 5X5.7CM AVANCED-NIÑOS,146,DISPOSITIVOS MEDICO,1.0,3515.0,38.0
2021-07-31,730122,CATETER PICC ALTA PRESION 4.5FR X 50CM REF 01PR45041-HP,0,DISPOSITIVOS MEDICO,1.0,,
2021-08-31,730122,CATETER PICC ALTA PRESION 4.5FR X 50CM REF 01PR45041-HP,0,DISPOSITIVOS MEDICO,1.0,,
2021-09-30,730122,CATETER PICC ALTA PRESION 4.5FR X 50CM REF 01PR45041-HP,0,DISPOSITIVOS MEDICO,1.0,,
2021-10-31,730122,CATETER PICC ALTA PRESION 4.5FR X 50CM REF 01PR45041-HP,0,DISPOSITIVOS MEDICO,1.0,,
2021-11-30,730122,CATETER PICC ALTA PRESION 4.5FR X 50CM REF 01PR45041-HP,0,DISPOSITIVOS MEDICO,1.0,,
2021-12-31,730122,CATETER PICC ALTA PRESION 4.5FR X 50CM REF 01PR45041-HP,0,DISPOSITIVOS MEDICO,1.0,,
2022-01-31,730122,CATETER PICC ALTA PRESION 4.5FR X 50CM REF 01PR45041-HP,0,DISPOSITIVOS MEDICO,1.0,,
2022-02-28,730122,CATETER PICC ALTA PRESION 4.5FR X 50CM REF 01PR45041-HP,0,DISPOSITIVOS MEDICO,1.0,,
2022-03-31,730122,CATETER PICC ALTA PRESION 4.5FR X 50CM REF 01PR45041-HP,0,DISPOSITIVOS MEDICO,1.0,,
2022-04-30,730122,CATETER PICC ALTA PRESION 4.5FR X 50CM REF 01PR45041-HP,7,DISPOSITIVOS MEDICO,1.0,,
2022-05-31,730122,CATETER PICC ALTA PRESION 4.5FR X 50CM REF 01PR45041-HP,0,DISPOSITIVOS MEDICO,1.0,,
2022-06-30,730122,CATETER PICC ALTA PRESION 4.5FR X 50CM REF 01PR45041-HP,0,DISPOSITIVOS MEDICO,1.0,,
2021-07-31,730123,CATETER PICC ALTA PRESION 5FR X 50 CM REF 01PR05052,4,DISPOSITIVOS MEDICO,1.0,449625.0,5.0
2021-08-31,730123,CATETER PICC ALTA PRESION 5FR X 50 CM REF 01PR05052,4,DISPOSITIVOS MEDICO,1.0,449625.0,5.0
2021-09-30,730123,CATETER PICC ALTA PRESION 5FR X 50 CM REF 01PR05052,12,DISPOSITIVOS MEDICO,1.0,449625.0,5.0
2021-10-31,730123,CATETER PICC ALTA PRESION 5FR X 50 CM REF 01PR05052,3,DISPOSITIVOS MEDICO,1.0,449625.0,5.0
2021-11-30,730123,CATETER PICC ALTA PRESION 5FR X 50 CM REF 01PR05052,2,DISPOSITIVOS MEDICO,1.0,449625.0,5.0
2021-12-31,730123,CATETER PICC ALTA PRESION 5FR X 50 CM REF 01PR05052,8,DISPOSITIVOS MEDICO,1.0,449625.0,5.0
2022-01-31,730123,CATETER PICC ALTA PRESION 5FR X 50 CM REF 01PR05052,1,DISPOSITIVOS MEDICO,1.0,449625.0,5.0
2022-02-28,730123,CATETER PICC ALTA PRESION 5FR X 50 CM REF 01PR05052,5,DISPOSITIVOS MEDICO,1.0,449625.0,5.0
2022-03-31,730123,CATETER PICC ALTA PRESION 5FR X 50 CM REF 01PR05052,3,DISPOSITIVOS MEDICO,1.0,449625.0,5.0
2022-04-30,730123,CATETER PICC ALTA PRESION 5FR X 50 CM REF 01PR05052,3,DISPOSITIVOS MEDICO,1.0,449625.0,5.0
2022-05-31,730123,CATETER PICC ALTA PRESION 5FR X 50 CM REF 01PR05052,10,DISPOSITIVOS MEDICO,1.0,449625.0,5.0
2022-06-30,730123,CATETER PICC ALTA PRESION 5FR X 50 CM REF 01PR05052,7,DISPOSITIVOS MEDICO,1.0,449625.0,5.0
2021-07-31,730124,CATETER PICC ALTA PRESION 5.5FR X 50 CM REF PR45052-HP,1,DISPOSITIVOS MEDICO,1.0,,
2021-08-31,730124,CATETER PICC ALTA PRESION 5.5FR X 50 CM REF PR45052-HP,0,DISPOSITIVOS MEDICO,1.0,,
2021-09-30,730124,CATETER PICC ALTA PRESION 5.5FR X 50 CM REF PR45052-HP,0,DISPOSITIVOS MEDICO,1.0,,
2021-10-31,730124,CATETER PICC ALTA PRESION 5.5FR X 50 CM REF PR45052-HP,0,DISPOSITIVOS MEDICO,1.0,,
2021-11-30,730124,CATETER PICC ALTA PRESION 5.5FR X 50 CM REF PR45052-HP,0,DISPOSITIVOS MEDICO,1.0,,
2021-12-31,730124,CATETER PICC ALTA PRESION 5.5FR X 50 CM REF PR45052-HP,0,DISPOSITIVOS MEDICO,1.0,,
2022-01-31,730124,CATETER PICC ALTA PRESION 5.5FR X 50 CM REF PR45052-HP,0,DISPOSITIVOS MEDICO,1.0,,
2022-02-28,730124,CATETER PICC ALTA PRESION 5.5FR X 50 CM REF PR45052-HP,0,DISPOSITIVOS MEDICO,1.0,,
2022-03-31,730124,CATETER PICC ALTA PRESION 5.5FR X 50 CM REF PR45052-HP,0,DISPOSITIVOS MEDICO,1.0,,
2022-04-30,730124,CATETER PICC ALTA PRESION 5.5FR X 50 CM REF PR45052-HP,4,DISPOSITIVOS MEDICO,1.0,,
2022-05-31,730124,CATETER PICC ALTA PRESION 5.5FR X 50 CM REF PR45052-HP,0,DISPOSITIVOS MEDICO,1.0,,
2022-06-30,730124,CATETER PICC ALTA PRESION 5.5FR X 50 CM REF PR45052-HP,0,DISPOSITIVOS MEDICO,1.0,,
2021-07-31,730125,CATETER PICC BILUMEN INSERCION PERIFERICA 4FR X 50CM REF PR05042,0,DISPOSITIVOS MEDICO,1.0,0.0,0.0
2021-08-31,730125,CATETER PICC BILUMEN INSERCION PERIFERICA 4FR X 50CM REF PR05042,0,DISPOSITIVOS MEDICO,1.0,0.0,0.0
2021-09-30,730125,CATETER PICC BILUMEN INSERCION PERIFERICA 4FR X 50CM REF PR05042,0,DISPOSITIVOS MEDICO,1.0,0.0,0.0
2021-10-31,730125,CATETER PICC BILUMEN INSERCION PERIFERICA 4FR X 50CM REF PR05042,3,DISPOSITIVOS MEDICO,1.0,0.0,0.0
2021-11-30,730125,CATETER PICC BILUMEN INSERCION PERIFERICA 4FR X 50CM REF PR05042,1,DISPOSITIVOS MEDICO,1.0,0.0,0.0
2021-12-31,730125,CATETER PICC BILUMEN INSERCION PERIFERICA 4FR X 50CM REF PR05042,0,DISPOSITIVOS MEDICO,1.0,0.0,0.0
2022-01-31,730125,CATETER PICC BILUMEN INSERCION PERIFERICA 4FR X 50CM REF PR05042,0,DISPOSITIVOS MEDICO,1.0,0.0,0.0
2022-02-28,730125,CATETER PICC BILUMEN INSERCION PERIFERICA 4FR X 50CM REF PR05042,0,DISPOSITIVOS MEDICO,1.0,0.0,0.0
2022-03-31,730125,CATETER PICC BILUMEN INSERCION PERIFERICA 4FR X 50CM REF PR05042,0,DISPOSITIVOS MEDICO,1.0,0.0,0.0
2022-04-30,730125,CATETER PICC BILUMEN INSERCION PERIFERICA 4FR X 50CM REF PR05042,0,DISPOSITIVOS MEDICO,1.0,0.0,0.0
2022-05-31,730125,CATETER PICC BILUMEN INSERCION PERIFERICA 4FR X 50CM REF PR05042,1,DISPOSITIVOS MEDICO,1.0,0.0,0.0
2022-06-30,730125,CATETER PICC BILUMEN INSERCION PERIFERICA 4FR X 50CM REF PR05042,2,DISPOSITIVOS MEDICO,1.0,0.0,0.0
2021-07-31,730126,CATETER PICC MONOLUMEN INSERCION PERIFERICA 4FR X 50CM REF 01PR05041 ,3,DISPOSITIVOS MEDICO,1.0,186887.0,1.0
2021-08-31,730126,CATETER PICC MONOLUMEN INSERCION PERIFERICA 4FR X 50CM REF 01PR05041 ,1,DISPOSITIVOS MEDICO,1.0,186887.0,1.0
2021-09-30,730126,CATETER PICC MONOLUMEN INSERCION PERIFERICA 4FR X 50CM REF 01PR05041 ,1,DISPOSITIVOS MEDICO,1.0,186887.0,1.0
2021-10-31,730126,CATETER PICC MONOLUMEN INSERCION PERIFERICA 4FR X 50CM REF 01PR05041 ,0,DISPOSITIVOS MEDICO,1.0,186887.0,1.0
2021-11-30,730126,CATETER PICC MONOLUMEN INSERCION PERIFERICA 4FR X 50CM REF 01PR05041 ,0,DISPOSITIVOS MEDICO,1.0,186887.0,1.0
2021-12-31,730126,CATETER PICC MONOLUMEN INSERCION PERIFERICA 4FR X 50CM REF 01PR05041 ,0,DISPOSITIVOS MEDICO,1.0,186887.0,1.0
2022-01-31,730126,CATETER PICC MONOLUMEN INSERCION PERIFERICA 4FR X 50CM REF 01PR05041 ,0,DISPOSITIVOS MEDICO,1.0,186887.0,1.0
2022-02-28,730126,CATETER PICC MONOLUMEN INSERCION PERIFERICA 4FR X 50CM REF 01PR05041 ,0,DISPOSITIVOS MEDICO,1.0,186887.0,1.0
2022-03-31,730126,CATETER PICC MONOLUMEN INSERCION PERIFERICA 4FR X 50CM REF 01PR05041 ,1,DISPOSITIVOS MEDICO,1.0,186887.0,1.0
2022-04-30,730126,CATETER PICC MONOLUMEN INSERCION PERIFERICA 4FR X 50CM REF 01PR05041 ,0,DISPOSITIVOS MEDICO,1.0,186887.0,1.0
2022-05-31,730126,CATETER PICC MONOLUMEN INSERCION PERIFERICA 4FR X 50CM REF 01PR05041 ,1,DISPOSITIVOS MEDICO,1.0,186887.0,1.0
2022-06-30,730126,CATETER PICC MONOLUMEN INSERCION PERIFERICA 4FR X 50CM REF 01PR05041 ,2,DISPOSITIVOS MEDICO,1.0,186887.0,1.0
2021-07-31,730134,CLOROQUINA 150MG TABLETA ,49,MEDICAMENTOS,1.0,155.0,1.0
2021-08-31,730134,CLOROQUINA 150MG TABLETA ,40,MEDICAMENTOS,1.0,155.0,1.0
2021-09-30,730134,CLOROQUINA 150MG TABLETA ,89,MEDICAMENTOS,1.0,155.0,1.0
2021-10-31,730134,CLOROQUINA 150MG TABLETA ,91,MEDICAMENTOS,1.0,155.0,1.0
2021-11-30,730134,CLOROQUINA 150MG TABLETA ,99,MEDICAMENTOS,1.0,155.0,1.0
2021-12-31,730134,CLOROQUINA 150MG TABLETA ,47,MEDICAMENTOS,1.0,155.0,1.0
2022-01-31,730134,CLOROQUINA 150MG TABLETA ,25,MEDICAMENTOS,1.0,155.0,1.0
2022-02-28,730134,CLOROQUINA 150MG TABLETA ,13,MEDICAMENTOS,1.0,155.0,1.0
2022-03-31,730134,CLOROQUINA 150MG TABLETA ,74,MEDICAMENTOS,1.0,155.0,1.0
2022-04-30,730134,CLOROQUINA 150MG TABLETA ,62,MEDICAMENTOS,1.0,155.0,1.0
2022-05-31,730134,CLOROQUINA 150MG TABLETA ,4,MEDICAMENTOS,1.0,155.0,1.0
2022-06-30,730134,CLOROQUINA 150MG TABLETA ,0,MEDICAMENTOS,1.0,155.0,1.0
2021-07-31,730136,ISONIAZIDA TABLETA 100MG,3,MEDICAMENTOS,1.0,0.0,10.0
2021-08-31,730136,ISONIAZIDA TABLETA 100MG,0,MEDICAMENTOS,1.0,0.0,10.0
2021-09-30,730136,ISONIAZIDA TABLETA 100MG,0,MEDICAMENTOS,1.0,0.0,10.0
2021-10-31,730136,ISONIAZIDA TABLETA 100MG,0,MEDICAMENTOS,1.0,0.0,10.0
2021-11-30,730136,ISONIAZIDA TABLETA 100MG,0,MEDICAMENTOS,1.0,0.0,10.0
2021-12-31,730136,ISONIAZIDA TABLETA 100MG,0,MEDICAMENTOS,1.0,0.0,10.0
2022-01-31,730136,ISONIAZIDA TABLETA 100MG,0,MEDICAMENTOS,1.0,0.0,10.0
2022-02-28,730136,ISONIAZIDA TABLETA 100MG,0,MEDICAMENTOS,1.0,0.0,10.0
2022-03-31,730136,ISONIAZIDA TABLETA 100MG,0,MEDICAMENTOS,1.0,0.0,10.0
2022-04-30,730136,ISONIAZIDA TABLETA 100MG,0,MEDICAMENTOS,1.0,0.0,10.0
2022-05-31,730136,ISONIAZIDA TABLETA 100MG,0,MEDICAMENTOS,1.0,0.0,10.0
2022-06-30,730136,ISONIAZIDA TABLETA 100MG,16,MEDICAMENTOS,1.0,0.0,10.0
2021-07-31,730138,OSELTAMIVIR CAPSULA 75MG,40,MEDICAMENTOS,1.0,0.0,10.0
2021-08-31,730138,OSELTAMIVIR CAPSULA 75MG,18,MEDICAMENTOS,1.0,0.0,10.0
2021-09-30,730138,OSELTAMIVIR CAPSULA 75MG,8,MEDICAMENTOS,1.0,0.0,10.0
2021-10-31,730138,OSELTAMIVIR CAPSULA 75MG,12,MEDICAMENTOS,1.0,0.0,10.0
2021-11-30,730138,OSELTAMIVIR CAPSULA 75MG,10,MEDICAMENTOS,1.0,0.0,10.0
2021-12-31,730138,OSELTAMIVIR CAPSULA 75MG,38,MEDICAMENTOS,1.0,0.0,10.0
2022-01-31,730138,OSELTAMIVIR CAPSULA 75MG,44,MEDICAMENTOS,1.0,0.0,10.0
2022-02-28,730138,OSELTAMIVIR CAPSULA 75MG,0,MEDICAMENTOS,1.0,0.0,10.0
2022-03-31,730138,OSELTAMIVIR CAPSULA 75MG,15,MEDICAMENTOS,1.0,0.0,10.0
2022-04-30,730138,OSELTAMIVIR CAPSULA 75MG,4,MEDICAMENTOS,1.0,0.0,10.0
2022-05-31,730138,OSELTAMIVIR CAPSULA 75MG,0,MEDICAMENTOS,1.0,0.0,10.0
2022-06-30,730138,OSELTAMIVIR CAPSULA 75MG,0,MEDICAMENTOS,1.0,0.0,10.0
2021-07-31,730139,PIRAZINAMIDA TABLETA 400MG,3,MEDICAMENTOS,1.0,0.0,7.0
2021-08-31,730139,PIRAZINAMIDA TABLETA 400MG,0,MEDICAMENTOS,1.0,0.0,7.0
2021-09-30,730139,PIRAZINAMIDA TABLETA 400MG,0,MEDICAMENTOS,1.0,0.0,7.0
2021-10-31,730139,PIRAZINAMIDA TABLETA 400MG,0,MEDICAMENTOS,1.0,0.0,7.0
2021-11-30,730139,PIRAZINAMIDA TABLETA 400MG,0,MEDICAMENTOS,1.0,0.0,7.0
2021-12-31,730139,PIRAZINAMIDA TABLETA 400MG,0,MEDICAMENTOS,1.0,0.0,7.0
2022-01-31,730139,PIRAZINAMIDA TABLETA 400MG,0,MEDICAMENTOS,1.0,0.0,7.0
2022-02-28,730139,PIRAZINAMIDA TABLETA 400MG,0,MEDICAMENTOS,1.0,0.0,7.0
2022-03-31,730139,PIRAZINAMIDA TABLETA 400MG,0,MEDICAMENTOS,1.0,0.0,7.0
2022-04-30,730139,PIRAZINAMIDA TABLETA 400MG,0,MEDICAMENTOS,1.0,0.0,7.0
2022-05-31,730139,PIRAZINAMIDA TABLETA 400MG,0,MEDICAMENTOS,1.0,0.0,7.0
2022-06-30,730139,PIRAZINAMIDA TABLETA 400MG,13,MEDICAMENTOS,1.0,0.0,7.0
2021-07-31,730141,PRIMAQUINA TABLETA 15MG,0,MEDICAMENTOS,1.0,0.0,25.0
2021-08-31,730141,PRIMAQUINA TABLETA 15MG,0,MEDICAMENTOS,1.0,0.0,25.0
2021-09-30,730141,PRIMAQUINA TABLETA 15MG,0,MEDICAMENTOS,1.0,0.0,25.0
2021-10-31,730141,PRIMAQUINA TABLETA 15MG,0,MEDICAMENTOS,1.0,0.0,25.0
2021-11-30,730141,PRIMAQUINA TABLETA 15MG,3,MEDICAMENTOS,1.0,0.0,25.0
2021-12-31,730141,PRIMAQUINA TABLETA 15MG,0,MEDICAMENTOS,1.0,0.0,25.0
2022-01-31,730141,PRIMAQUINA TABLETA 15MG,0,MEDICAMENTOS,1.0,0.0,25.0
2022-02-28,730141,PRIMAQUINA TABLETA 15MG,0,MEDICAMENTOS,1.0,0.0,25.0
2022-03-31,730141,PRIMAQUINA TABLETA 15MG,0,MEDICAMENTOS,1.0,0.0,25.0
2022-04-30,730141,PRIMAQUINA TABLETA 15MG,0,MEDICAMENTOS,1.0,0.0,25.0
2022-05-31,730141,PRIMAQUINA TABLETA 15MG,0,MEDICAMENTOS,1.0,0.0,25.0
2022-06-30,730141,PRIMAQUINA TABLETA 15MG,1,MEDICAMENTOS,1.0,0.0,25.0
2021-07-31,730143,RIFAMPICINA/ISONIACIDA TABLETA 150/150MG,44,MEDICAMENTOS,1.0,0.0,192.0
2021-08-31,730143,RIFAMPICINA/ISONIACIDA TABLETA 150/150MG,47,MEDICAMENTOS,1.0,0.0,192.0
2021-09-30,730143,RIFAMPICINA/ISONIACIDA TABLETA 150/150MG,8,MEDICAMENTOS,1.0,0.0,192.0
2021-10-31,730143,RIFAMPICINA/ISONIACIDA TABLETA 150/150MG,0,MEDICAMENTOS,1.0,0.0,192.0
2021-11-30,730143,RIFAMPICINA/ISONIACIDA TABLETA 150/150MG,0,MEDICAMENTOS,1.0,0.0,192.0
2021-12-31,730143,RIFAMPICINA/ISONIACIDA TABLETA 150/150MG,0,MEDICAMENTOS,1.0,0.0,192.0
2022-01-31,730143,RIFAMPICINA/ISONIACIDA TABLETA 150/150MG,0,MEDICAMENTOS,1.0,0.0,192.0
2022-02-28,730143,RIFAMPICINA/ISONIACIDA TABLETA 150/150MG,0,MEDICAMENTOS,1.0,0.0,192.0
2022-03-31,730143,RIFAMPICINA/ISONIACIDA TABLETA 150/150MG,0,MEDICAMENTOS,1.0,0.0,192.0
2022-04-30,730143,RIFAMPICINA/ISONIACIDA TABLETA 150/150MG,0,MEDICAMENTOS,1.0,0.0,192.0
2022-05-31,730143,RIFAMPICINA/ISONIACIDA TABLETA 150/150MG,0,MEDICAMENTOS,1.0,0.0,192.0
2022-06-30,730143,RIFAMPICINA/ISONIACIDA TABLETA 150/150MG,0,MEDICAMENTOS,1.0,0.0,192.0
2021-07-31,730144,RIFAMPICINA/ISONIAZIDA/PIRAZINAMIDA/ETAMBUTOL TABLETA 150/75/400/275MG,412,MEDICAMENTOS,1.0,0.0,94.0
2021-08-31,730144,RIFAMPICINA/ISONIAZIDA/PIRAZINAMIDA/ETAMBUTOL TABLETA 150/75/400/275MG,258,MEDICAMENTOS,1.0,0.0,94.0
2021-09-30,730144,RIFAMPICINA/ISONIAZIDA/PIRAZINAMIDA/ETAMBUTOL TABLETA 150/75/400/275MG,128,MEDICAMENTOS,1.0,0.0,94.0
2021-10-31,730144,RIFAMPICINA/ISONIAZIDA/PIRAZINAMIDA/ETAMBUTOL TABLETA 150/75/400/275MG,283,MEDICAMENTOS,1.0,0.0,94.0
2021-11-30,730144,RIFAMPICINA/ISONIAZIDA/PIRAZINAMIDA/ETAMBUTOL TABLETA 150/75/400/275MG,187,MEDICAMENTOS,1.0,0.0,94.0
2021-12-31,730144,RIFAMPICINA/ISONIAZIDA/PIRAZINAMIDA/ETAMBUTOL TABLETA 150/75/400/275MG,157,MEDICAMENTOS,1.0,0.0,94.0
2022-01-31,730144,RIFAMPICINA/ISONIAZIDA/PIRAZINAMIDA/ETAMBUTOL TABLETA 150/75/400/275MG,415,MEDICAMENTOS,1.0,0.0,94.0
2022-02-28,730144,RIFAMPICINA/ISONIAZIDA/PIRAZINAMIDA/ETAMBUTOL TABLETA 150/75/400/275MG,352,MEDICAMENTOS,1.0,0.0,94.0
2022-03-31,730144,RIFAMPICINA/ISONIAZIDA/PIRAZINAMIDA/ETAMBUTOL TABLETA 150/75/400/275MG,336,MEDICAMENTOS,1.0,0.0,94.0
2022-04-30,730144,RIFAMPICINA/ISONIAZIDA/PIRAZINAMIDA/ETAMBUTOL TABLETA 150/75/400/275MG,265,MEDICAMENTOS,1.0,0.0,94.0
2022-05-31,730144,RIFAMPICINA/ISONIAZIDA/PIRAZINAMIDA/ETAMBUTOL TABLETA 150/75/400/275MG,315,MEDICAMENTOS,1.0,0.0,94.0
2022-06-30,730144,RIFAMPICINA/ISONIAZIDA/PIRAZINAMIDA/ETAMBUTOL TABLETA 150/75/400/275MG,299,MEDICAMENTOS,1.0,0.0,94.0
2021-07-31,730167,CANISTER 250 ML,0,DISPOSITIVOS MEDICO,1.0,,
2021-08-31,730167,CANISTER 250 ML,0,DISPOSITIVOS MEDICO,1.0,,
2021-09-30,730167,CANISTER 250 ML,0,DISPOSITIVOS MEDICO,1.0,,
2021-10-31,730167,CANISTER 250 ML,0,DISPOSITIVOS MEDICO,1.0,,
2021-11-30,730167,CANISTER 250 ML,0,DISPOSITIVOS MEDICO,1.0,,
2021-12-31,730167,CANISTER 250 ML,0,DISPOSITIVOS MEDICO,1.0,,
2022-01-31,730167,CANISTER 250 ML,0,DISPOSITIVOS MEDICO,1.0,,
2022-02-28,730167,CANISTER 250 ML,0,DISPOSITIVOS MEDICO,1.0,,
2022-03-31,730167,CANISTER 250 ML,0,DISPOSITIVOS MEDICO,1.0,,
2022-04-30,730167,CANISTER 250 ML,0,DISPOSITIVOS MEDICO,1.0,,
2022-05-31,730167,CANISTER 250 ML,4,DISPOSITIVOS MEDICO,1.0,,
2022-06-30,730167,CANISTER 250 ML,0,DISPOSITIVOS MEDICO,1.0,,
2021-07-31,730176,FRESUBIN RENAL 2KCAL/ML (400KCAL/200ML) ALIMENTO PARA PROPÓSITOS MÉDICOS ESPECIA,0,NUTRICION,1.0,11638.0,43.0
2021-08-31,730176,FRESUBIN RENAL 2KCAL/ML (400KCAL/200ML) ALIMENTO PARA PROPÓSITOS MÉDICOS ESPECIA,0,NUTRICION,1.0,11638.0,43.0
2021-09-30,730176,FRESUBIN RENAL 2KCAL/ML (400KCAL/200ML) ALIMENTO PARA PROPÓSITOS MÉDICOS ESPECIA,0,NUTRICION,1.0,11638.0,43.0
2021-10-31,730176,FRESUBIN RENAL 2KCAL/ML (400KCAL/200ML) ALIMENTO PARA PROPÓSITOS MÉDICOS ESPECIA,0,NUTRICION,1.0,11638.0,43.0
2021-11-30,730176,FRESUBIN RENAL 2KCAL/ML (400KCAL/200ML) ALIMENTO PARA PROPÓSITOS MÉDICOS ESPECIA,0,NUTRICION,1.0,11638.0,43.0
2021-12-31,730176,FRESUBIN RENAL 2KCAL/ML (400KCAL/200ML) ALIMENTO PARA PROPÓSITOS MÉDICOS ESPECIA,0,NUTRICION,1.0,11638.0,43.0
2022-01-31,730176,FRESUBIN RENAL 2KCAL/ML (400KCAL/200ML) ALIMENTO PARA PROPÓSITOS MÉDICOS ESPECIA,0,NUTRICION,1.0,11638.0,43.0
2022-02-28,730176,FRESUBIN RENAL 2KCAL/ML (400KCAL/200ML) ALIMENTO PARA PROPÓSITOS MÉDICOS ESPECIA,0,NUTRICION,1.0,11638.0,43.0
2022-03-31,730176,FRESUBIN RENAL 2KCAL/ML (400KCAL/200ML) ALIMENTO PARA PROPÓSITOS MÉDICOS ESPECIA,0,NUTRICION,1.0,11638.0,43.0
2022-04-30,730176,FRESUBIN RENAL 2KCAL/ML (400KCAL/200ML) ALIMENTO PARA PROPÓSITOS MÉDICOS ESPECIA,0,NUTRICION,1.0,11638.0,43.0
2022-05-31,730176,FRESUBIN RENAL 2KCAL/ML (400KCAL/200ML) ALIMENTO PARA PROPÓSITOS MÉDICOS ESPECIA,0,NUTRICION,1.0,11638.0,43.0
2022-06-30,730176,FRESUBIN RENAL 2KCAL/ML (400KCAL/200ML) ALIMENTO PARA PROPÓSITOS MÉDICOS ESPECIA,32,NUTRICION,1.0,11638.0,43.0
2021-07-31,730189,APOSITO PERIFERICO IV3000 7X9CM (TEGADERM PERIFERICO),0,DISPOSITIVOS MEDICO,1.0,,
2021-08-31,730189,APOSITO PERIFERICO IV3000 7X9CM (TEGADERM PERIFERICO),0,DISPOSITIVOS MEDICO,1.0,,
2021-09-30,730189,APOSITO PERIFERICO IV3000 7X9CM (TEGADERM PERIFERICO),0,DISPOSITIVOS MEDICO,1.0,,
2021-10-31,730189,APOSITO PERIFERICO IV3000 7X9CM (TEGADERM PERIFERICO),0,DISPOSITIVOS MEDICO,1.0,,
2021-11-30,730189,APOSITO PERIFERICO IV3000 7X9CM (TEGADERM PERIFERICO),0,DISPOSITIVOS MEDICO,1.0,,
2021-12-31,730189,APOSITO PERIFERICO IV3000 7X9CM (TEGADERM PERIFERICO),0,DISPOSITIVOS MEDICO,1.0,,
2022-01-31,730189,APOSITO PERIFERICO IV3000 7X9CM (TEGADERM PERIFERICO),0,DISPOSITIVOS MEDICO,1.0,,
2022-02-28,730189,APOSITO PERIFERICO IV3000 7X9CM (TEGADERM PERIFERICO),0,DISPOSITIVOS MEDICO,1.0,,
2022-03-31,730189,APOSITO PERIFERICO IV3000 7X9CM (TEGADERM PERIFERICO),0,DISPOSITIVOS MEDICO,1.0,,
2022-04-30,730189,APOSITO PERIFERICO IV3000 7X9CM (TEGADERM PERIFERICO),429,DISPOSITIVOS MEDICO,1.0,,
2022-05-31,730189,APOSITO PERIFERICO IV3000 7X9CM (TEGADERM PERIFERICO),0,DISPOSITIVOS MEDICO,1.0,,
2022-06-30,730189,APOSITO PERIFERICO IV3000 7X9CM (TEGADERM PERIFERICO),0,DISPOSITIVOS MEDICO,1.0,,
2021-07-31,730194,APOSITO TRANSPARENTE OPSITE 15X20CM REF: 4631 CX10,6,DISPOSITIVOS MEDICO,1.0,12001.0,11.0
2021-08-31,730194,APOSITO TRANSPARENTE OPSITE 15X20CM REF: 4631 CX10,3,DISPOSITIVOS MEDICO,1.0,12001.0,11.0
2021-09-30,730194,APOSITO TRANSPARENTE OPSITE 15X20CM REF: 4631 CX10,7,DISPOSITIVOS MEDICO,1.0,12001.0,11.0
2021-10-31,730194,APOSITO TRANSPARENTE OPSITE 15X20CM REF: 4631 CX10,6,DISPOSITIVOS MEDICO,1.0,12001.0,11.0
2021-11-30,730194,APOSITO TRANSPARENTE OPSITE 15X20CM REF: 4631 CX10,1,DISPOSITIVOS MEDICO,1.0,12001.0,11.0
2021-12-31,730194,APOSITO TRANSPARENTE OPSITE 15X20CM REF: 4631 CX10,6,DISPOSITIVOS MEDICO,1.0,12001.0,11.0
2022-01-31,730194,APOSITO TRANSPARENTE OPSITE 15X20CM REF: 4631 CX10,1,DISPOSITIVOS MEDICO,1.0,12001.0,11.0
2022-02-28,730194,APOSITO TRANSPARENTE OPSITE 15X20CM REF: 4631 CX10,0,DISPOSITIVOS MEDICO,1.0,12001.0,11.0
2022-03-31,730194,APOSITO TRANSPARENTE OPSITE 15X20CM REF: 4631 CX10,0,DISPOSITIVOS MEDICO,1.0,12001.0,11.0
2022-04-30,730194,APOSITO TRANSPARENTE OPSITE 15X20CM REF: 4631 CX10,1,DISPOSITIVOS MEDICO,1.0,12001.0,11.0
2022-05-31,730194,APOSITO TRANSPARENTE OPSITE 15X20CM REF: 4631 CX10,4,DISPOSITIVOS MEDICO,1.0,12001.0,11.0
2022-06-30,730194,APOSITO TRANSPARENTE OPSITE 15X20CM REF: 4631 CX10,0,DISPOSITIVOS MEDICO,1.0,12001.0,11.0
2021-07-31,730200,FIXO ROLL 10 X 10 CINTA ADHESIVA HIPOALERGENICA ,3,DISPOSITIVOS MEDICO,1.0,19645.0,3.0
2021-08-31,730200,FIXO ROLL 10 X 10 CINTA ADHESIVA HIPOALERGENICA ,1,DISPOSITIVOS MEDICO,1.0,19645.0,3.0
2021-09-30,730200,FIXO ROLL 10 X 10 CINTA ADHESIVA HIPOALERGENICA ,2,DISPOSITIVOS MEDICO,1.0,19645.0,3.0
2021-10-31,730200,FIXO ROLL 10 X 10 CINTA ADHESIVA HIPOALERGENICA ,1,DISPOSITIVOS MEDICO,1.0,19645.0,3.0
2021-11-30,730200,FIXO ROLL 10 X 10 CINTA ADHESIVA HIPOALERGENICA ,0,DISPOSITIVOS MEDICO,1.0,19645.0,3.0
2021-12-31,730200,FIXO ROLL 10 X 10 CINTA ADHESIVA HIPOALERGENICA ,0,DISPOSITIVOS MEDICO,1.0,19645.0,3.0
2022-01-31,730200,FIXO ROLL 10 X 10 CINTA ADHESIVA HIPOALERGENICA ,0,DISPOSITIVOS MEDICO,1.0,19645.0,3.0
2022-02-28,730200,FIXO ROLL 10 X 10 CINTA ADHESIVA HIPOALERGENICA ,0,DISPOSITIVOS MEDICO,1.0,19645.0,3.0
2022-03-31,730200,FIXO ROLL 10 X 10 CINTA ADHESIVA HIPOALERGENICA ,1,DISPOSITIVOS MEDICO,1.0,19645.0,3.0
2022-04-30,730200,FIXO ROLL 10 X 10 CINTA ADHESIVA HIPOALERGENICA ,1,DISPOSITIVOS MEDICO,1.0,19645.0,3.0
2022-05-31,730200,FIXO ROLL 10 X 10 CINTA ADHESIVA HIPOALERGENICA ,0,DISPOSITIVOS MEDICO,1.0,19645.0,3.0
2022-06-30,730200,FIXO ROLL 10 X 10 CINTA ADHESIVA HIPOALERGENICA ,0,DISPOSITIVOS MEDICO,1.0,19645.0,3.0
2021-07-31,730205,ACETATO DE LEUPROLIDE 45MG SOL. INYECTABLE,0,MEDICAMENTOS,1.0,,
2021-08-31,730205,ACETATO DE LEUPROLIDE 45MG SOL. INYECTABLE,0,MEDICAMENTOS,1.0,,
2021-09-30,730205,ACETATO DE LEUPROLIDE 45MG SOL. INYECTABLE,0,MEDICAMENTOS,1.0,,
2021-10-31,730205,ACETATO DE LEUPROLIDE 45MG SOL. INYECTABLE,0,MEDICAMENTOS,1.0,,
2021-11-30,730205,ACETATO DE LEUPROLIDE 45MG SOL. INYECTABLE,0,MEDICAMENTOS,1.0,,
2021-12-31,730205,ACETATO DE LEUPROLIDE 45MG SOL. INYECTABLE,0,MEDICAMENTOS,1.0,,
2022-01-31,730205,ACETATO DE LEUPROLIDE 45MG SOL. INYECTABLE,0,MEDICAMENTOS,1.0,,
2022-02-28,730205,ACETATO DE LEUPROLIDE 45MG SOL. INYECTABLE,1,MEDICAMENTOS,1.0,,
2022-03-31,730205,ACETATO DE LEUPROLIDE 45MG SOL. INYECTABLE,0,MEDICAMENTOS,1.0,,
2022-04-30,730205,ACETATO DE LEUPROLIDE 45MG SOL. INYECTABLE,0,MEDICAMENTOS,1.0,,
2022-05-31,730205,ACETATO DE LEUPROLIDE 45MG SOL. INYECTABLE,0,MEDICAMENTOS,1.0,,
2022-06-30,730205,ACETATO DE LEUPROLIDE 45MG SOL. INYECTABLE,0,MEDICAMENTOS,1.0,,
2021-07-31,730230,ALIMENTO DE USO ESPECIAL CON HMB ARGININA Y GLUTAMINA SOBRE x 24 GRAMOS,170,NUTRICION,1.0,16307.0,22.0
2021-08-31,730230,ALIMENTO DE USO ESPECIAL CON HMB ARGININA Y GLUTAMINA SOBRE x 24 GRAMOS,130,NUTRICION,1.0,16307.0,22.0
2021-09-30,730230,ALIMENTO DE USO ESPECIAL CON HMB ARGININA Y GLUTAMINA SOBRE x 24 GRAMOS,96,NUTRICION,1.0,16307.0,22.0
2021-10-31,730230,ALIMENTO DE USO ESPECIAL CON HMB ARGININA Y GLUTAMINA SOBRE x 24 GRAMOS,93,NUTRICION,1.0,16307.0,22.0
2021-11-30,730230,ALIMENTO DE USO ESPECIAL CON HMB ARGININA Y GLUTAMINA SOBRE x 24 GRAMOS,62,NUTRICION,1.0,16307.0,22.0
2021-12-31,730230,ALIMENTO DE USO ESPECIAL CON HMB ARGININA Y GLUTAMINA SOBRE x 24 GRAMOS,121,NUTRICION,1.0,16307.0,22.0
2022-01-31,730230,ALIMENTO DE USO ESPECIAL CON HMB ARGININA Y GLUTAMINA SOBRE x 24 GRAMOS,134,NUTRICION,1.0,16307.0,22.0
2022-02-28,730230,ALIMENTO DE USO ESPECIAL CON HMB ARGININA Y GLUTAMINA SOBRE x 24 GRAMOS,98,NUTRICION,1.0,16307.0,22.0
2022-03-31,730230,ALIMENTO DE USO ESPECIAL CON HMB ARGININA Y GLUTAMINA SOBRE x 24 GRAMOS,95,NUTRICION,1.0,16307.0,22.0
2022-04-30,730230,ALIMENTO DE USO ESPECIAL CON HMB ARGININA Y GLUTAMINA SOBRE x 24 GRAMOS,175,NUTRICION,1.0,16307.0,22.0
2022-05-31,730230,ALIMENTO DE USO ESPECIAL CON HMB ARGININA Y GLUTAMINA SOBRE x 24 GRAMOS,78,NUTRICION,1.0,16307.0,22.0
2022-06-30,730230,ALIMENTO DE USO ESPECIAL CON HMB ARGININA Y GLUTAMINA SOBRE x 24 GRAMOS,58,NUTRICION,1.0,16307.0,22.0
2021-07-31,730237,ETAMBUTOL 400 MG TABLETA,3,MEDICAMENTOS,1.0,0.0,10.0
2021-08-31,730237,ETAMBUTOL 400 MG TABLETA,0,MEDICAMENTOS,1.0,0.0,10.0
2021-09-30,730237,ETAMBUTOL 400 MG TABLETA,0,MEDICAMENTOS,1.0,0.0,10.0
2021-10-31,730237,ETAMBUTOL 400 MG TABLETA,0,MEDICAMENTOS,1.0,0.0,10.0
2021-11-30,730237,ETAMBUTOL 400 MG TABLETA,0,MEDICAMENTOS,1.0,0.0,10.0
2021-12-31,730237,ETAMBUTOL 400 MG TABLETA,0,MEDICAMENTOS,1.0,0.0,10.0
2022-01-31,730237,ETAMBUTOL 400 MG TABLETA,0,MEDICAMENTOS,1.0,0.0,10.0
2022-02-28,730237,ETAMBUTOL 400 MG TABLETA,0,MEDICAMENTOS,1.0,0.0,10.0
2022-03-31,730237,ETAMBUTOL 400 MG TABLETA,0,MEDICAMENTOS,1.0,0.0,10.0
2022-04-30,730237,ETAMBUTOL 400 MG TABLETA,0,MEDICAMENTOS,1.0,0.0,10.0
2022-05-31,730237,ETAMBUTOL 400 MG TABLETA,15,MEDICAMENTOS,1.0,0.0,10.0
2022-06-30,730237,ETAMBUTOL 400 MG TABLETA,16,MEDICAMENTOS,1.0,0.0,10.0
2021-07-31,730242,COLISTIMETATO 150 MG - EQUIVALENTE A 150 MG DE COLISTINA BASE,36,MEDICAMENTOS,1.0,62782.0,37.0
2021-08-31,730242,COLISTIMETATO 150 MG - EQUIVALENTE A 150 MG DE COLISTINA BASE,18,MEDICAMENTOS,1.0,62782.0,37.0
2021-09-30,730242,COLISTIMETATO 150 MG - EQUIVALENTE A 150 MG DE COLISTINA BASE,65,MEDICAMENTOS,1.0,62782.0,37.0
2021-10-31,730242,COLISTIMETATO 150 MG - EQUIVALENTE A 150 MG DE COLISTINA BASE,17,MEDICAMENTOS,1.0,62782.0,37.0
2021-11-30,730242,COLISTIMETATO 150 MG - EQUIVALENTE A 150 MG DE COLISTINA BASE,13,MEDICAMENTOS,1.0,62782.0,37.0
2021-12-31,730242,COLISTIMETATO 150 MG - EQUIVALENTE A 150 MG DE COLISTINA BASE,10,MEDICAMENTOS,1.0,62782.0,37.0
2022-01-31,730242,COLISTIMETATO 150 MG - EQUIVALENTE A 150 MG DE COLISTINA BASE,8,MEDICAMENTOS,1.0,62782.0,37.0
2022-02-28,730242,COLISTIMETATO 150 MG - EQUIVALENTE A 150 MG DE COLISTINA BASE,95,MEDICAMENTOS,1.0,62782.0,37.0
2022-03-31,730242,COLISTIMETATO 150 MG - EQUIVALENTE A 150 MG DE COLISTINA BASE,150,MEDICAMENTOS,1.0,62782.0,37.0
2022-04-30,730242,COLISTIMETATO 150 MG - EQUIVALENTE A 150 MG DE COLISTINA BASE,28,MEDICAMENTOS,1.0,62782.0,37.0
2022-05-31,730242,COLISTIMETATO 150 MG - EQUIVALENTE A 150 MG DE COLISTINA BASE,88,MEDICAMENTOS,1.0,62782.0,37.0
2022-06-30,730242,COLISTIMETATO 150 MG - EQUIVALENTE A 150 MG DE COLISTINA BASE,95,MEDICAMENTOS,1.0,62782.0,37.0
2021-07-31,770020,ONDANSETRON 8MG TABLETA,26,MEDICAMENTOS,1.0,348.0,16.0
2021-08-31,770020,ONDANSETRON 8MG TABLETA,54,MEDICAMENTOS,1.0,348.0,16.0
2021-09-30,770020,ONDANSETRON 8MG TABLETA,10,MEDICAMENTOS,1.0,348.0,16.0
2021-10-31,770020,ONDANSETRON 8MG TABLETA,3,MEDICAMENTOS,1.0,348.0,16.0
2021-11-30,770020,ONDANSETRON 8MG TABLETA,0,MEDICAMENTOS,1.0,348.0,16.0
2021-12-31,770020,ONDANSETRON 8MG TABLETA,0,MEDICAMENTOS,1.0,348.0,16.0
2022-01-31,770020,ONDANSETRON 8MG TABLETA,4,MEDICAMENTOS,1.0,348.0,16.0
2022-02-28,770020,ONDANSETRON 8MG TABLETA,0,MEDICAMENTOS,1.0,348.0,16.0
2022-03-31,770020,ONDANSETRON 8MG TABLETA,0,MEDICAMENTOS,1.0,348.0,16.0
2022-04-30,770020,ONDANSETRON 8MG TABLETA,0,MEDICAMENTOS,1.0,348.0,16.0
2022-05-31,770020,ONDANSETRON 8MG TABLETA,0,MEDICAMENTOS,1.0,348.0,16.0
2022-06-30,770020,ONDANSETRON 8MG TABLETA,0,MEDICAMENTOS,1.0,348.0,16.0
2021-07-31,770054,"ERITROPOYETINA 30.000UI/0,6ML SOL. INYECTABLE ",0,MEDICAMENTOS,1.0,209507.0,2.0
2021-08-31,770054,"ERITROPOYETINA 30.000UI/0,6ML SOL. INYECTABLE ",0,MEDICAMENTOS,1.0,209507.0,2.0
2021-09-30,770054,"ERITROPOYETINA 30.000UI/0,6ML SOL. INYECTABLE ",0,MEDICAMENTOS,1.0,209507.0,2.0
2021-10-31,770054,"ERITROPOYETINA 30.000UI/0,6ML SOL. INYECTABLE ",0,MEDICAMENTOS,1.0,209507.0,2.0
2021-11-30,770054,"ERITROPOYETINA 30.000UI/0,6ML SOL. INYECTABLE ",0,MEDICAMENTOS,1.0,209507.0,2.0
2021-12-31,770054,"ERITROPOYETINA 30.000UI/0,6ML SOL. INYECTABLE ",0,MEDICAMENTOS,1.0,209507.0,2.0
2022-01-31,770054,"ERITROPOYETINA 30.000UI/0,6ML SOL. INYECTABLE ",2,MEDICAMENTOS,1.0,209507.0,2.0
2022-02-28,770054,"ERITROPOYETINA 30.000UI/0,6ML SOL. INYECTABLE ",0,MEDICAMENTOS,1.0,209507.0,2.0
2022-03-31,770054,"ERITROPOYETINA 30.000UI/0,6ML SOL. INYECTABLE ",0,MEDICAMENTOS,1.0,209507.0,2.0
2022-04-30,770054,"ERITROPOYETINA 30.000UI/0,6ML SOL. INYECTABLE ",0,MEDICAMENTOS,1.0,209507.0,2.0
2022-05-31,770054,"ERITROPOYETINA 30.000UI/0,6ML SOL. INYECTABLE ",0,MEDICAMENTOS,1.0,209507.0,2.0
2022-06-30,770054,"ERITROPOYETINA 30.000UI/0,6ML SOL. INYECTABLE ",0,MEDICAMENTOS,1.0,209507.0,2.0
2021-07-31,770065,TRETINOINA TABLETA 10MG (ONCOLOGICO),0,MEDICAMENTOS,1.0,12524.0,21.0
2021-08-31,770065,TRETINOINA TABLETA 10MG (ONCOLOGICO),0,MEDICAMENTOS,1.0,12524.0,21.0
2021-09-30,770065,TRETINOINA TABLETA 10MG (ONCOLOGICO),0,MEDICAMENTOS,1.0,12524.0,21.0
2021-10-31,770065,TRETINOINA TABLETA 10MG (ONCOLOGICO),0,MEDICAMENTOS,1.0,12524.0,21.0
2021-11-30,770065,TRETINOINA TABLETA 10MG (ONCOLOGICO),0,MEDICAMENTOS,1.0,12524.0,21.0
2021-12-31,770065,TRETINOINA TABLETA 10MG (ONCOLOGICO),0,MEDICAMENTOS,1.0,12524.0,21.0
2022-01-31,770065,TRETINOINA TABLETA 10MG (ONCOLOGICO),0,MEDICAMENTOS,1.0,12524.0,21.0
2022-02-28,770065,TRETINOINA TABLETA 10MG (ONCOLOGICO),0,MEDICAMENTOS,1.0,12524.0,21.0
2022-03-31,770065,TRETINOINA TABLETA 10MG (ONCOLOGICO),9,MEDICAMENTOS,1.0,12524.0,21.0
2022-04-30,770065,TRETINOINA TABLETA 10MG (ONCOLOGICO),89,MEDICAMENTOS,1.0,12524.0,21.0
2022-05-31,770065,TRETINOINA TABLETA 10MG (ONCOLOGICO),0,MEDICAMENTOS,1.0,12524.0,21.0
2022-06-30,770065,TRETINOINA TABLETA 10MG (ONCOLOGICO),0,MEDICAMENTOS,1.0,12524.0,21.0
2021-07-31,770066,ELTROMBOPAG 25 MG TAB ORAL,0,MEDICAMENTOS,1.0,94594.0,39.0
2021-08-31,770066,ELTROMBOPAG 25 MG TAB ORAL,0,MEDICAMENTOS,1.0,94594.0,39.0
2021-09-30,770066,ELTROMBOPAG 25 MG TAB ORAL,0,MEDICAMENTOS,1.0,94594.0,39.0
2021-10-31,770066,ELTROMBOPAG 25 MG TAB ORAL,0,MEDICAMENTOS,1.0,94594.0,39.0
2021-11-30,770066,ELTROMBOPAG 25 MG TAB ORAL,0,MEDICAMENTOS,1.0,94594.0,39.0
2021-12-31,770066,ELTROMBOPAG 25 MG TAB ORAL,0,MEDICAMENTOS,1.0,94594.0,39.0
2022-01-31,770066,ELTROMBOPAG 25 MG TAB ORAL,3,MEDICAMENTOS,1.0,94594.0,39.0
2022-02-28,770066,ELTROMBOPAG 25 MG TAB ORAL,62,MEDICAMENTOS,1.0,94594.0,39.0
2022-03-31,770066,ELTROMBOPAG 25 MG TAB ORAL,6,MEDICAMENTOS,1.0,94594.0,39.0
2022-04-30,770066,ELTROMBOPAG 25 MG TAB ORAL,16,MEDICAMENTOS,1.0,94594.0,39.0
2022-05-31,770066,ELTROMBOPAG 25 MG TAB ORAL,69,MEDICAMENTOS,1.0,94594.0,39.0
2022-06-30,770066,ELTROMBOPAG 25 MG TAB ORAL,0,MEDICAMENTOS,1.0,94594.0,39.0
2021-07-31,770074,IMATINIB 400MG TABLETA ,0,MEDICAMENTOS,1.0,77247.0,15.0
2021-08-31,770074,IMATINIB 400MG TABLETA ,0,MEDICAMENTOS,1.0,77247.0,15.0
2021-09-30,770074,IMATINIB 400MG TABLETA ,0,MEDICAMENTOS,1.0,77247.0,15.0
2021-10-31,770074,IMATINIB 400MG TABLETA ,0,MEDICAMENTOS,1.0,77247.0,15.0
2021-11-30,770074,IMATINIB 400MG TABLETA ,0,MEDICAMENTOS,1.0,77247.0,15.0
2021-12-31,770074,IMATINIB 400MG TABLETA ,0,MEDICAMENTOS,1.0,77247.0,15.0
2022-01-31,770074,IMATINIB 400MG TABLETA ,0,MEDICAMENTOS,1.0,77247.0,15.0
2022-02-28,770074,IMATINIB 400MG TABLETA ,0,MEDICAMENTOS,1.0,77247.0,15.0
2022-03-31,770074,IMATINIB 400MG TABLETA ,0,MEDICAMENTOS,1.0,77247.0,15.0
2022-04-30,770074,IMATINIB 400MG TABLETA ,1,MEDICAMENTOS,1.0,77247.0,15.0
2022-05-31,770074,IMATINIB 400MG TABLETA ,0,MEDICAMENTOS,1.0,77247.0,15.0
2022-06-30,770074,IMATINIB 400MG TABLETA ,0,MEDICAMENTOS,1.0,77247.0,15.0
2021-07-31,770075,FILGRASTIM SOLUCIÓN INYECTABLE 300MCG (ONCOLOGICO),15,MEDICAMENTOS,1.0,22922.0,5.0
2021-08-31,770075,FILGRASTIM SOLUCIÓN INYECTABLE 300MCG (ONCOLOGICO),6,MEDICAMENTOS,1.0,22922.0,5.0
2021-09-30,770075,FILGRASTIM SOLUCIÓN INYECTABLE 300MCG (ONCOLOGICO),9,MEDICAMENTOS,1.0,22922.0,5.0
2021-10-31,770075,FILGRASTIM SOLUCIÓN INYECTABLE 300MCG (ONCOLOGICO),12,MEDICAMENTOS,1.0,22922.0,5.0
2021-11-30,770075,FILGRASTIM SOLUCIÓN INYECTABLE 300MCG (ONCOLOGICO),0,MEDICAMENTOS,1.0,22922.0,5.0
2021-12-31,770075,FILGRASTIM SOLUCIÓN INYECTABLE 300MCG (ONCOLOGICO),12,MEDICAMENTOS,1.0,22922.0,5.0
2022-01-31,770075,FILGRASTIM SOLUCIÓN INYECTABLE 300MCG (ONCOLOGICO),41,MEDICAMENTOS,1.0,22922.0,5.0
2022-02-28,770075,FILGRASTIM SOLUCIÓN INYECTABLE 300MCG (ONCOLOGICO),20,MEDICAMENTOS,1.0,22922.0,5.0
2022-03-31,770075,FILGRASTIM SOLUCIÓN INYECTABLE 300MCG (ONCOLOGICO),13,MEDICAMENTOS,1.0,22922.0,5.0
2022-04-30,770075,FILGRASTIM SOLUCIÓN INYECTABLE 300MCG (ONCOLOGICO),17,MEDICAMENTOS,1.0,22922.0,5.0
2022-05-31,770075,FILGRASTIM SOLUCIÓN INYECTABLE 300MCG (ONCOLOGICO),2,MEDICAMENTOS,1.0,22922.0,5.0
2022-06-30,770075,FILGRASTIM SOLUCIÓN INYECTABLE 300MCG (ONCOLOGICO),0,MEDICAMENTOS,1.0,22922.0,5.0
2021-07-31,770117,ELTROMBOPAG TABLETA 50MG (ONCOLOGICO),0,MEDICAMENTOS,1.0,172886.0,37.0
2021-08-31,770117,ELTROMBOPAG TABLETA 50MG (ONCOLOGICO),0,MEDICAMENTOS,1.0,172886.0,37.0
2021-09-30,770117,ELTROMBOPAG TABLETA 50MG (ONCOLOGICO),0,MEDICAMENTOS,1.0,172886.0,37.0
2021-10-31,770117,ELTROMBOPAG TABLETA 50MG (ONCOLOGICO),0,MEDICAMENTOS,1.0,172886.0,37.0
2021-11-30,770117,ELTROMBOPAG TABLETA 50MG (ONCOLOGICO),0,MEDICAMENTOS,1.0,172886.0,37.0
2021-12-31,770117,ELTROMBOPAG TABLETA 50MG (ONCOLOGICO),26,MEDICAMENTOS,1.0,172886.0,37.0
2022-01-31,770117,ELTROMBOPAG TABLETA 50MG (ONCOLOGICO),4,MEDICAMENTOS,1.0,172886.0,37.0
2022-02-28,770117,ELTROMBOPAG TABLETA 50MG (ONCOLOGICO),7,MEDICAMENTOS,1.0,172886.0,37.0
2022-03-31,770117,ELTROMBOPAG TABLETA 50MG (ONCOLOGICO),0,MEDICAMENTOS,1.0,172886.0,37.0
2022-04-30,770117,ELTROMBOPAG TABLETA 50MG (ONCOLOGICO),7,MEDICAMENTOS,1.0,172886.0,37.0
2022-05-31,770117,ELTROMBOPAG TABLETA 50MG (ONCOLOGICO),1,MEDICAMENTOS,1.0,172886.0,37.0
2022-06-30,770117,ELTROMBOPAG TABLETA 50MG (ONCOLOGICO),0,MEDICAMENTOS,1.0,172886.0,37.0
2021-07-31,770143,"RASBURICASA SOLUCIÓN INYECTABLE 1,5MG/1ML (ONCOLOGICO)",8,MEDICAMENTOS,1.0,263605.0,6.0
2021-08-31,770143,"RASBURICASA SOLUCIÓN INYECTABLE 1,5MG/1ML (ONCOLOGICO)",0,MEDICAMENTOS,1.0,263605.0,6.0
2021-09-30,770143,"RASBURICASA SOLUCIÓN INYECTABLE 1,5MG/1ML (ONCOLOGICO)",0,MEDICAMENTOS,1.0,263605.0,6.0
2021-10-31,770143,"RASBURICASA SOLUCIÓN INYECTABLE 1,5MG/1ML (ONCOLOGICO)",0,MEDICAMENTOS,1.0,263605.0,6.0
2021-11-30,770143,"RASBURICASA SOLUCIÓN INYECTABLE 1,5MG/1ML (ONCOLOGICO)",3,MEDICAMENTOS,1.0,263605.0,6.0
2021-12-31,770143,"RASBURICASA SOLUCIÓN INYECTABLE 1,5MG/1ML (ONCOLOGICO)",0,MEDICAMENTOS,1.0,263605.0,6.0
2022-01-31,770143,"RASBURICASA SOLUCIÓN INYECTABLE 1,5MG/1ML (ONCOLOGICO)",0,MEDICAMENTOS,1.0,263605.0,6.0
2022-02-28,770143,"RASBURICASA SOLUCIÓN INYECTABLE 1,5MG/1ML (ONCOLOGICO)",0,MEDICAMENTOS,1.0,263605.0,6.0
2022-03-31,770143,"RASBURICASA SOLUCIÓN INYECTABLE 1,5MG/1ML (ONCOLOGICO)",4,MEDICAMENTOS,1.0,263605.0,6.0
2022-04-30,770143,"RASBURICASA SOLUCIÓN INYECTABLE 1,5MG/1ML (ONCOLOGICO)",0,MEDICAMENTOS,1.0,263605.0,6.0
2022-05-31,770143,"RASBURICASA SOLUCIÓN INYECTABLE 1,5MG/1ML (ONCOLOGICO)",0,MEDICAMENTOS,1.0,263605.0,6.0
2022-06-30,770143,"RASBURICASA SOLUCIÓN INYECTABLE 1,5MG/1ML (ONCOLOGICO)",0,MEDICAMENTOS,1.0,263605.0,6.0
2021-07-31,770152,RIOCIGUAT 0.5 MG,0,MEDICAMENTOS,1.0,107889.0,15.0
2021-08-31,770152,RIOCIGUAT 0.5 MG,0,MEDICAMENTOS,1.0,107889.0,15.0
2021-09-30,770152,RIOCIGUAT 0.5 MG,0,MEDICAMENTOS,1.0,107889.0,15.0
2021-10-31,770152,RIOCIGUAT 0.5 MG,0,MEDICAMENTOS,1.0,107889.0,15.0
2021-11-30,770152,RIOCIGUAT 0.5 MG,0,MEDICAMENTOS,1.0,107889.0,15.0
2021-12-31,770152,RIOCIGUAT 0.5 MG,0,MEDICAMENTOS,1.0,107889.0,15.0
2022-01-31,770152,RIOCIGUAT 0.5 MG,42,MEDICAMENTOS,1.0,107889.0,15.0
2022-02-28,770152,RIOCIGUAT 0.5 MG,0,MEDICAMENTOS,1.0,107889.0,15.0
2022-03-31,770152,RIOCIGUAT 0.5 MG,0,MEDICAMENTOS,1.0,107889.0,15.0
2022-04-30,770152,RIOCIGUAT 0.5 MG,0,MEDICAMENTOS,1.0,107889.0,15.0
2022-05-31,770152,RIOCIGUAT 0.5 MG,0,MEDICAMENTOS,1.0,107889.0,15.0
2022-06-30,770152,RIOCIGUAT 0.5 MG,0,MEDICAMENTOS,1.0,107889.0,15.0
2021-07-31,A0000001,ABACAVIR/LAMIVUDINA/ZIDOVUDINA TABLETA 300MG/150MG/300MG,0,MEDICAMENTOS,1.0,0.0,20.0
2021-08-31,A0000001,ABACAVIR/LAMIVUDINA/ZIDOVUDINA TABLETA 300MG/150MG/300MG,0,MEDICAMENTOS,1.0,0.0,20.0
2021-09-30,A0000001,ABACAVIR/LAMIVUDINA/ZIDOVUDINA TABLETA 300MG/150MG/300MG,0,MEDICAMENTOS,1.0,0.0,20.0
2021-10-31,A0000001,ABACAVIR/LAMIVUDINA/ZIDOVUDINA TABLETA 300MG/150MG/300MG,0,MEDICAMENTOS,1.0,0.0,20.0
2021-11-30,A0000001,ABACAVIR/LAMIVUDINA/ZIDOVUDINA TABLETA 300MG/150MG/300MG,0,MEDICAMENTOS,1.0,0.0,20.0
2021-12-31,A0000001,ABACAVIR/LAMIVUDINA/ZIDOVUDINA TABLETA 300MG/150MG/300MG,0,MEDICAMENTOS,1.0,0.0,20.0
2022-01-31,A0000001,ABACAVIR/LAMIVUDINA/ZIDOVUDINA TABLETA 300MG/150MG/300MG,24,MEDICAMENTOS,1.0,0.0,20.0
2022-02-28,A0000001,ABACAVIR/LAMIVUDINA/ZIDOVUDINA TABLETA 300MG/150MG/300MG,0,MEDICAMENTOS,1.0,0.0,20.0
2022-03-31,A0000001,ABACAVIR/LAMIVUDINA/ZIDOVUDINA TABLETA 300MG/150MG/300MG,0,MEDICAMENTOS,1.0,0.0,20.0
2022-04-30,A0000001,ABACAVIR/LAMIVUDINA/ZIDOVUDINA TABLETA 300MG/150MG/300MG,0,MEDICAMENTOS,1.0,0.0,20.0
2022-05-31,A0000001,ABACAVIR/LAMIVUDINA/ZIDOVUDINA TABLETA 300MG/150MG/300MG,20,MEDICAMENTOS,1.0,0.0,20.0
2022-06-30,A0000001,ABACAVIR/LAMIVUDINA/ZIDOVUDINA TABLETA 300MG/150MG/300MG,34,MEDICAMENTOS,1.0,0.0,20.0
2021-07-31,A0000034,ALPROSTADIL SOLUCIÓN INYECTABLE 20MCG/1ML,0,MEDICAMENTOS,1.0,179440.0,26.0
2021-08-31,A0000034,ALPROSTADIL SOLUCIÓN INYECTABLE 20MCG/1ML,0,MEDICAMENTOS,1.0,179440.0,26.0
2021-09-30,A0000034,ALPROSTADIL SOLUCIÓN INYECTABLE 20MCG/1ML,0,MEDICAMENTOS,1.0,179440.0,26.0
2021-10-31,A0000034,ALPROSTADIL SOLUCIÓN INYECTABLE 20MCG/1ML,0,MEDICAMENTOS,1.0,179440.0,26.0
2021-11-30,A0000034,ALPROSTADIL SOLUCIÓN INYECTABLE 20MCG/1ML,24,MEDICAMENTOS,1.0,179440.0,26.0
2021-12-31,A0000034,ALPROSTADIL SOLUCIÓN INYECTABLE 20MCG/1ML,0,MEDICAMENTOS,1.0,179440.0,26.0
2022-01-31,A0000034,ALPROSTADIL SOLUCIÓN INYECTABLE 20MCG/1ML,4,MEDICAMENTOS,1.0,179440.0,26.0
2022-02-28,A0000034,ALPROSTADIL SOLUCIÓN INYECTABLE 20MCG/1ML,0,MEDICAMENTOS,1.0,179440.0,26.0
2022-03-31,A0000034,ALPROSTADIL SOLUCIÓN INYECTABLE 20MCG/1ML,0,MEDICAMENTOS,1.0,179440.0,26.0
2022-04-30,A0000034,ALPROSTADIL SOLUCIÓN INYECTABLE 20MCG/1ML,0,MEDICAMENTOS,1.0,179440.0,26.0
2022-05-31,A0000034,ALPROSTADIL SOLUCIÓN INYECTABLE 20MCG/1ML,6,MEDICAMENTOS,1.0,179440.0,26.0
2022-06-30,A0000034,ALPROSTADIL SOLUCIÓN INYECTABLE 20MCG/1ML,46,MEDICAMENTOS,1.0,179440.0,26.0
2021-07-31,A0000039,AMLODIPINO 10 MG TABLETA ,405,MEDICAMENTOS,1.0,13.5,169.0
2021-08-31,A0000039,AMLODIPINO 10 MG TABLETA ,411,MEDICAMENTOS,1.0,13.5,169.0
2021-09-30,A0000039,AMLODIPINO 10 MG TABLETA ,436,MEDICAMENTOS,1.0,13.5,169.0
2021-10-31,A0000039,AMLODIPINO 10 MG TABLETA ,432,MEDICAMENTOS,1.0,13.5,169.0
2021-11-30,A0000039,AMLODIPINO 10 MG TABLETA ,471,MEDICAMENTOS,1.0,13.5,169.0
2021-12-31,A0000039,AMLODIPINO 10 MG TABLETA ,420,MEDICAMENTOS,1.0,13.5,169.0
2022-01-31,A0000039,AMLODIPINO 10 MG TABLETA ,429,MEDICAMENTOS,1.0,13.5,169.0
2022-02-28,A0000039,AMLODIPINO 10 MG TABLETA ,454,MEDICAMENTOS,1.0,13.5,169.0
2022-03-31,A0000039,AMLODIPINO 10 MG TABLETA ,346,MEDICAMENTOS,1.0,13.5,169.0
2022-04-30,A0000039,AMLODIPINO 10 MG TABLETA ,316,MEDICAMENTOS,1.0,13.5,169.0
2022-05-31,A0000039,AMLODIPINO 10 MG TABLETA ,441,MEDICAMENTOS,1.0,13.5,169.0
2022-06-30,A0000039,AMLODIPINO 10 MG TABLETA ,289,MEDICAMENTOS,1.0,13.5,169.0
2021-07-31,A0000051,ATORVASTATINA 20 MG TABLETA,143,MEDICAMENTOS,1.0,19.0,180.0
2021-08-31,A0000051,ATORVASTATINA 20 MG TABLETA,652,MEDICAMENTOS,1.0,19.0,180.0
2021-09-30,A0000051,ATORVASTATINA 20 MG TABLETA,175,MEDICAMENTOS,1.0,19.0,180.0
2021-10-31,A0000051,ATORVASTATINA 20 MG TABLETA,441,MEDICAMENTOS,1.0,19.0,180.0
2021-11-30,A0000051,ATORVASTATINA 20 MG TABLETA,101,MEDICAMENTOS,1.0,19.0,180.0
2021-12-31,A0000051,ATORVASTATINA 20 MG TABLETA,82,MEDICAMENTOS,1.0,19.0,180.0
2022-01-31,A0000051,ATORVASTATINA 20 MG TABLETA,67,MEDICAMENTOS,1.0,19.0,180.0
2022-02-28,A0000051,ATORVASTATINA 20 MG TABLETA,64,MEDICAMENTOS,1.0,19.0,180.0
2022-03-31,A0000051,ATORVASTATINA 20 MG TABLETA,60,MEDICAMENTOS,1.0,19.0,180.0
2022-04-30,A0000051,ATORVASTATINA 20 MG TABLETA,75,MEDICAMENTOS,1.0,19.0,180.0
2022-05-31,A0000051,ATORVASTATINA 20 MG TABLETA,37,MEDICAMENTOS,1.0,19.0,180.0
2022-06-30,A0000051,ATORVASTATINA 20 MG TABLETA,68,MEDICAMENTOS,1.0,19.0,180.0
2021-07-31,A001011,ACETAMINOFEN TABLETA 500MG,7787,MEDICAMENTOS,1.0,12.0,2211.0
2021-08-31,A001011,ACETAMINOFEN TABLETA 500MG,8210,MEDICAMENTOS,1.0,12.0,2211.0
2021-09-30,A001011,ACETAMINOFEN TABLETA 500MG,9695,MEDICAMENTOS,1.0,12.0,2211.0
2021-10-31,A001011,ACETAMINOFEN TABLETA 500MG,10554,MEDICAMENTOS,1.0,12.0,2211.0
2021-11-30,A001011,ACETAMINOFEN TABLETA 500MG,9789,MEDICAMENTOS,1.0,12.0,2211.0
2021-12-31,A001011,ACETAMINOFEN TABLETA 500MG,9712,MEDICAMENTOS,1.0,12.0,2211.0
2022-01-31,A001011,ACETAMINOFEN TABLETA 500MG,9608,MEDICAMENTOS,1.0,12.0,2211.0
2022-02-28,A001011,ACETAMINOFEN TABLETA 500MG,9833,MEDICAMENTOS,1.0,12.0,2211.0
2022-03-31,A001011,ACETAMINOFEN TABLETA 500MG,8641,MEDICAMENTOS,1.0,12.0,2211.0
2022-04-30,A001011,ACETAMINOFEN TABLETA 500MG,10152,MEDICAMENTOS,1.0,12.0,2211.0
2022-05-31,A001011,ACETAMINOFEN TABLETA 500MG,9387,MEDICAMENTOS,1.0,12.0,2211.0
2022-06-30,A001011,ACETAMINOFEN TABLETA 500MG,7943,MEDICAMENTOS,1.0,12.0,2211.0
2021-07-31,A001201,ACETAMINOFEN SOL. ORAL 100MG/28 GOTAS ,1,MEDICAMENTOS,1.0,1229.0,3.0
2021-08-31,A001201,ACETAMINOFEN SOL. ORAL 100MG/28 GOTAS ,0,MEDICAMENTOS,1.0,1229.0,3.0
2021-09-30,A001201,ACETAMINOFEN SOL. ORAL 100MG/28 GOTAS ,1,MEDICAMENTOS,1.0,1229.0,3.0
2021-10-31,A001201,ACETAMINOFEN SOL. ORAL 100MG/28 GOTAS ,1,MEDICAMENTOS,1.0,1229.0,3.0
2021-11-30,A001201,ACETAMINOFEN SOL. ORAL 100MG/28 GOTAS ,0,MEDICAMENTOS,1.0,1229.0,3.0
2021-12-31,A001201,ACETAMINOFEN SOL. ORAL 100MG/28 GOTAS ,0,MEDICAMENTOS,1.0,1229.0,3.0
2022-01-31,A001201,ACETAMINOFEN SOL. ORAL 100MG/28 GOTAS ,0,MEDICAMENTOS,1.0,1229.0,3.0
2022-02-28,A001201,ACETAMINOFEN SOL. ORAL 100MG/28 GOTAS ,1,MEDICAMENTOS,1.0,1229.0,3.0
2022-03-31,A001201,ACETAMINOFEN SOL. ORAL 100MG/28 GOTAS ,0,MEDICAMENTOS,1.0,1229.0,3.0
2022-04-30,A001201,ACETAMINOFEN SOL. ORAL 100MG/28 GOTAS ,0,MEDICAMENTOS,1.0,1229.0,3.0
2022-05-31,A001201,ACETAMINOFEN SOL. ORAL 100MG/28 GOTAS ,0,MEDICAMENTOS,1.0,1229.0,3.0
2022-06-30,A001201,ACETAMINOFEN SOL. ORAL 100MG/28 GOTAS ,0,MEDICAMENTOS,1.0,1229.0,3.0
2021-07-31,A001221,"ACETAMINOFEN JARABE 2,5MG/1ML FRASCO x 60ML",7,MEDICAMENTOS,1.0,723.0,3.0
2021-08-31,A001221,"ACETAMINOFEN JARABE 2,5MG/1ML FRASCO x 60ML",0,MEDICAMENTOS,1.0,723.0,3.0
2021-09-30,A001221,"ACETAMINOFEN JARABE 2,5MG/1ML FRASCO x 60ML",2,MEDICAMENTOS,1.0,723.0,3.0
2021-10-31,A001221,"ACETAMINOFEN JARABE 2,5MG/1ML FRASCO x 60ML",2,MEDICAMENTOS,1.0,723.0,3.0
2021-11-30,A001221,"ACETAMINOFEN JARABE 2,5MG/1ML FRASCO x 60ML",0,MEDICAMENTOS,1.0,723.0,3.0
2021-12-31,A001221,"ACETAMINOFEN JARABE 2,5MG/1ML FRASCO x 60ML",1,MEDICAMENTOS,1.0,723.0,3.0
2022-01-31,A001221,"ACETAMINOFEN JARABE 2,5MG/1ML FRASCO x 60ML",0,MEDICAMENTOS,1.0,723.0,3.0
2022-02-28,A001221,"ACETAMINOFEN JARABE 2,5MG/1ML FRASCO x 60ML",0,MEDICAMENTOS,1.0,723.0,3.0
2022-03-31,A001221,"ACETAMINOFEN JARABE 2,5MG/1ML FRASCO x 60ML",0,MEDICAMENTOS,1.0,723.0,3.0
2022-04-30,A001221,"ACETAMINOFEN JARABE 2,5MG/1ML FRASCO x 60ML",1,MEDICAMENTOS,1.0,723.0,3.0
2022-05-31,A001221,"ACETAMINOFEN JARABE 2,5MG/1ML FRASCO x 60ML",2,MEDICAMENTOS,1.0,723.0,3.0
2022-06-30,A001221,"ACETAMINOFEN JARABE 2,5MG/1ML FRASCO x 60ML",1,MEDICAMENTOS,1.0,723.0,3.0
2021-07-31,A002011,ACETAZOLAMIDA 250MG TABLETA ,17,MEDICAMENTOS,1.0,237.0,32.0
2021-08-31,A002011,ACETAZOLAMIDA 250MG TABLETA ,0,MEDICAMENTOS,1.0,237.0,32.0
2021-09-30,A002011,ACETAZOLAMIDA 250MG TABLETA ,4,MEDICAMENTOS,1.0,237.0,32.0
2021-10-31,A002011,ACETAZOLAMIDA 250MG TABLETA ,17,MEDICAMENTOS,1.0,237.0,32.0
2021-11-30,A002011,ACETAZOLAMIDA 250MG TABLETA ,6,MEDICAMENTOS,1.0,237.0,32.0
2021-12-31,A002011,ACETAZOLAMIDA 250MG TABLETA ,64,MEDICAMENTOS,1.0,237.0,32.0
2022-01-31,A002011,ACETAZOLAMIDA 250MG TABLETA ,10,MEDICAMENTOS,1.0,237.0,32.0
2022-02-28,A002011,ACETAZOLAMIDA 250MG TABLETA ,30,MEDICAMENTOS,1.0,237.0,32.0
2022-03-31,A002011,ACETAZOLAMIDA 250MG TABLETA ,0,MEDICAMENTOS,1.0,237.0,32.0
2022-04-30,A002011,ACETAZOLAMIDA 250MG TABLETA ,15,MEDICAMENTOS,1.0,237.0,32.0
2022-05-31,A002011,ACETAZOLAMIDA 250MG TABLETA ,0,MEDICAMENTOS,1.0,237.0,32.0
2022-06-30,A002011,ACETAZOLAMIDA 250MG TABLETA ,43,MEDICAMENTOS,1.0,237.0,32.0
2021-07-31,A002451,BECLOMETASONA 50MCG/ PUFF SOL. PARA INHALACIÓN,28,MEDICAMENTOS,1.0,3572.0,15.0
2021-08-31,A002451,BECLOMETASONA 50MCG/ PUFF SOL. PARA INHALACIÓN,28,MEDICAMENTOS,1.0,3572.0,15.0
2021-09-30,A002451,BECLOMETASONA 50MCG/ PUFF SOL. PARA INHALACIÓN,36,MEDICAMENTOS,1.0,3572.0,15.0
2021-10-31,A002451,BECLOMETASONA 50MCG/ PUFF SOL. PARA INHALACIÓN,46,MEDICAMENTOS,1.0,3572.0,15.0
2021-11-30,A002451,BECLOMETASONA 50MCG/ PUFF SOL. PARA INHALACIÓN,30,MEDICAMENTOS,1.0,3572.0,15.0
2021-12-31,A002451,BECLOMETASONA 50MCG/ PUFF SOL. PARA INHALACIÓN,27,MEDICAMENTOS,1.0,3572.0,15.0
2022-01-31,A002451,BECLOMETASONA 50MCG/ PUFF SOL. PARA INHALACIÓN,46,MEDICAMENTOS,1.0,3572.0,15.0
2022-02-28,A002451,BECLOMETASONA 50MCG/ PUFF SOL. PARA INHALACIÓN,28,MEDICAMENTOS,1.0,3572.0,15.0
2022-03-31,A002451,BECLOMETASONA 50MCG/ PUFF SOL. PARA INHALACIÓN,30,MEDICAMENTOS,1.0,3572.0,15.0
2022-04-30,A002451,BECLOMETASONA 50MCG/ PUFF SOL. PARA INHALACIÓN,22,MEDICAMENTOS,1.0,3572.0,15.0
2022-05-31,A002451,BECLOMETASONA 50MCG/ PUFF SOL. PARA INHALACIÓN,8,MEDICAMENTOS,1.0,3572.0,15.0
2022-06-30,A002451,BECLOMETASONA 50MCG/ PUFF SOL. PARA INHALACIÓN,6,MEDICAMENTOS,1.0,3572.0,15.0
2021-07-31,A003011,ACETILSALICILICO ÁCIDO TABLETA 100MG,626,MEDICAMENTOS,1.0,7.0,177.0
2021-08-31,A003011,ACETILSALICILICO ÁCIDO TABLETA 100MG,551,MEDICAMENTOS,1.0,7.0,177.0
2021-09-30,A003011,ACETILSALICILICO ÁCIDO TABLETA 100MG,681,MEDICAMENTOS,1.0,7.0,177.0
2021-10-31,A003011,ACETILSALICILICO ÁCIDO TABLETA 100MG,788,MEDICAMENTOS,1.0,7.0,177.0
2021-11-30,A003011,ACETILSALICILICO ÁCIDO TABLETA 100MG,745,MEDICAMENTOS,1.0,7.0,177.0
2021-12-31,A003011,ACETILSALICILICO ÁCIDO TABLETA 100MG,733,MEDICAMENTOS,1.0,7.0,177.0
2022-01-31,A003011,ACETILSALICILICO ÁCIDO TABLETA 100MG,708,MEDICAMENTOS,1.0,7.0,177.0
2022-02-28,A003011,ACETILSALICILICO ÁCIDO TABLETA 100MG,347,MEDICAMENTOS,1.0,7.0,177.0
2022-03-31,A003011,ACETILSALICILICO ÁCIDO TABLETA 100MG,456,MEDICAMENTOS,1.0,7.0,177.0
2022-04-30,A003011,ACETILSALICILICO ÁCIDO TABLETA 100MG,557,MEDICAMENTOS,1.0,7.0,177.0
2022-05-31,A003011,ACETILSALICILICO ÁCIDO TABLETA 100MG,505,MEDICAMENTOS,1.0,7.0,177.0
2022-06-30,A003011,ACETILSALICILICO ÁCIDO TABLETA 100MG,618,MEDICAMENTOS,1.0,7.0,177.0
2021-07-31,A006011,ACICLOVIR TABLETA 200MG,157,MEDICAMENTOS,1.0,37.0,144.0
2021-08-31,A006011,ACICLOVIR TABLETA 200MG,136,MEDICAMENTOS,1.0,37.0,144.0
2021-09-30,A006011,ACICLOVIR TABLETA 200MG,0,MEDICAMENTOS,1.0,37.0,144.0
2021-10-31,A006011,ACICLOVIR TABLETA 200MG,119,MEDICAMENTOS,1.0,37.0,144.0
2021-11-30,A006011,ACICLOVIR TABLETA 200MG,110,MEDICAMENTOS,1.0,37.0,144.0
2021-12-31,A006011,ACICLOVIR TABLETA 200MG,277,MEDICAMENTOS,1.0,37.0,144.0
2022-01-31,A006011,ACICLOVIR TABLETA 200MG,254,MEDICAMENTOS,1.0,37.0,144.0
2022-02-28,A006011,ACICLOVIR TABLETA 200MG,239,MEDICAMENTOS,1.0,37.0,144.0
2022-03-31,A006011,ACICLOVIR TABLETA 200MG,153,MEDICAMENTOS,1.0,37.0,144.0
2022-04-30,A006011,ACICLOVIR TABLETA 200MG,265,MEDICAMENTOS,1.0,37.0,144.0
2022-05-31,A006011,ACICLOVIR TABLETA 200MG,177,MEDICAMENTOS,1.0,37.0,144.0
2022-06-30,A006011,ACICLOVIR TABLETA 200MG,27,MEDICAMENTOS,1.0,37.0,144.0
2021-07-31,A006721,ACICLOVIR POLVO LIOFILIZADO 250MG,285,MEDICAMENTOS,1.0,4416.0,149.0
2021-08-31,A006721,ACICLOVIR POLVO LIOFILIZADO 250MG,129,MEDICAMENTOS,1.0,4416.0,149.0
2021-09-30,A006721,ACICLOVIR POLVO LIOFILIZADO 250MG,104,MEDICAMENTOS,1.0,4416.0,149.0
2021-10-31,A006721,ACICLOVIR POLVO LIOFILIZADO 250MG,0,MEDICAMENTOS,1.0,4416.0,149.0
2021-11-30,A006721,ACICLOVIR POLVO LIOFILIZADO 250MG,47,MEDICAMENTOS,1.0,4416.0,149.0
2021-12-31,A006721,ACICLOVIR POLVO LIOFILIZADO 250MG,64,MEDICAMENTOS,1.0,4416.0,149.0
2022-01-31,A006721,ACICLOVIR POLVO LIOFILIZADO 250MG,143,MEDICAMENTOS,1.0,4416.0,149.0
2022-02-28,A006721,ACICLOVIR POLVO LIOFILIZADO 250MG,51,MEDICAMENTOS,1.0,4416.0,149.0
2022-03-31,A006721,ACICLOVIR POLVO LIOFILIZADO 250MG,138,MEDICAMENTOS,1.0,4416.0,149.0
2022-04-30,A006721,ACICLOVIR POLVO LIOFILIZADO 250MG,60,MEDICAMENTOS,1.0,4416.0,149.0
2022-05-31,A006721,ACICLOVIR POLVO LIOFILIZADO 250MG,34,MEDICAMENTOS,1.0,4416.0,149.0
2022-06-30,A006721,ACICLOVIR POLVO LIOFILIZADO 250MG,160,MEDICAMENTOS,1.0,4416.0,149.0
2021-07-31,A008011,ALBENDAZOL TABLETA 200 MG,50,MEDICAMENTOS,1.0,36.666666666666664,22.0
2021-08-31,A008011,ALBENDAZOL TABLETA 200 MG,62,MEDICAMENTOS,1.0,36.666666666666664,22.0
2021-09-30,A008011,ALBENDAZOL TABLETA 200 MG,37,MEDICAMENTOS,1.0,36.666666666666664,22.0
2021-10-31,A008011,ALBENDAZOL TABLETA 200 MG,103,MEDICAMENTOS,1.0,36.666666666666664,22.0
2021-11-30,A008011,ALBENDAZOL TABLETA 200 MG,81,MEDICAMENTOS,1.0,36.666666666666664,22.0
2021-12-31,A008011,ALBENDAZOL TABLETA 200 MG,92,MEDICAMENTOS,1.0,36.666666666666664,22.0
2022-01-31,A008011,ALBENDAZOL TABLETA 200 MG,46,MEDICAMENTOS,1.0,36.666666666666664,22.0
2022-02-28,A008011,ALBENDAZOL TABLETA 200 MG,44,MEDICAMENTOS,1.0,36.666666666666664,22.0
2022-03-31,A008011,ALBENDAZOL TABLETA 200 MG,26,MEDICAMENTOS,1.0,36.666666666666664,22.0
2022-04-30,A008011,ALBENDAZOL TABLETA 200 MG,69,MEDICAMENTOS,1.0,36.666666666666664,22.0
2022-05-31,A008011,ALBENDAZOL TABLETA 200 MG,51,MEDICAMENTOS,1.0,36.666666666666664,22.0
2022-06-30,A008011,ALBENDAZOL TABLETA 200 MG,92,MEDICAMENTOS,1.0,36.666666666666664,22.0
2021-07-31,A008231,ALBENDAZOL 100MG/20ML SOLUCION ORAL x 20 ML,8,MEDICAMENTOS,1.0,362.0,2.0
2021-08-31,A008231,ALBENDAZOL 100MG/20ML SOLUCION ORAL x 20 ML,0,MEDICAMENTOS,1.0,362.0,2.0
2021-09-30,A008231,ALBENDAZOL 100MG/20ML SOLUCION ORAL x 20 ML,0,MEDICAMENTOS,1.0,362.0,2.0
2021-10-31,A008231,ALBENDAZOL 100MG/20ML SOLUCION ORAL x 20 ML,0,MEDICAMENTOS,1.0,362.0,2.0
2021-11-30,A008231,ALBENDAZOL 100MG/20ML SOLUCION ORAL x 20 ML,0,MEDICAMENTOS,1.0,362.0,2.0
2021-12-31,A008231,ALBENDAZOL 100MG/20ML SOLUCION ORAL x 20 ML,0,MEDICAMENTOS,1.0,362.0,2.0
2022-01-31,A008231,ALBENDAZOL 100MG/20ML SOLUCION ORAL x 20 ML,0,MEDICAMENTOS,1.0,362.0,2.0
2022-02-28,A008231,ALBENDAZOL 100MG/20ML SOLUCION ORAL x 20 ML,0,MEDICAMENTOS,1.0,362.0,2.0
2022-03-31,A008231,ALBENDAZOL 100MG/20ML SOLUCION ORAL x 20 ML,0,MEDICAMENTOS,1.0,362.0,2.0
2022-04-30,A008231,ALBENDAZOL 100MG/20ML SOLUCION ORAL x 20 ML,0,MEDICAMENTOS,1.0,362.0,2.0
2022-05-31,A008231,ALBENDAZOL 100MG/20ML SOLUCION ORAL x 20 ML,0,MEDICAMENTOS,1.0,362.0,2.0
2022-06-30,A008231,ALBENDAZOL 100MG/20ML SOLUCION ORAL x 20 ML,0,MEDICAMENTOS,1.0,362.0,2.0
2021-07-31,A009701,ALBUMINA HUMANA SOL. INYECTABLE 20% x 50 ML ,168,MEDICAMENTOS,1.0,94726.0,51.0
2021-08-31,A009701,ALBUMINA HUMANA SOL. INYECTABLE 20% x 50 ML ,151,MEDICAMENTOS,1.0,94726.0,51.0
2021-09-30,A009701,ALBUMINA HUMANA SOL. INYECTABLE 20% x 50 ML ,254,MEDICAMENTOS,1.0,94726.0,51.0
2021-10-31,A009701,ALBUMINA HUMANA SOL. INYECTABLE 20% x 50 ML ,387,MEDICAMENTOS,1.0,94726.0,51.0
2021-11-30,A009701,ALBUMINA HUMANA SOL. INYECTABLE 20% x 50 ML ,113,MEDICAMENTOS,1.0,94726.0,51.0
2021-12-31,A009701,ALBUMINA HUMANA SOL. INYECTABLE 20% x 50 ML ,252,MEDICAMENTOS,1.0,94726.0,51.0
2022-01-31,A009701,ALBUMINA HUMANA SOL. INYECTABLE 20% x 50 ML ,294,MEDICAMENTOS,1.0,94726.0,51.0
2022-02-28,A009701,ALBUMINA HUMANA SOL. INYECTABLE 20% x 50 ML ,73,MEDICAMENTOS,1.0,94726.0,51.0
2022-03-31,A009701,ALBUMINA HUMANA SOL. INYECTABLE 20% x 50 ML ,116,MEDICAMENTOS,1.0,94726.0,51.0
2022-04-30,A009701,ALBUMINA HUMANA SOL. INYECTABLE 20% x 50 ML ,166,MEDICAMENTOS,1.0,94726.0,51.0
2022-05-31,A009701,ALBUMINA HUMANA SOL. INYECTABLE 20% x 50 ML ,77,MEDICAMENTOS,1.0,94726.0,51.0
2022-06-30,A009701,ALBUMINA HUMANA SOL. INYECTABLE 20% x 50 ML ,156,MEDICAMENTOS,1.0,94726.0,51.0
2021-07-31,A013011,ALOPURINOL TABLETA 100MG,4,MEDICAMENTOS,1.0,0.0,0.0
2021-08-31,A013011,ALOPURINOL TABLETA 100MG,24,MEDICAMENTOS,1.0,0.0,0.0
2021-09-30,A013011,ALOPURINOL TABLETA 100MG,41,MEDICAMENTOS,1.0,0.0,0.0
2021-10-31,A013011,ALOPURINOL TABLETA 100MG,17,MEDICAMENTOS,1.0,0.0,0.0
2021-11-30,A013011,ALOPURINOL TABLETA 100MG,37,MEDICAMENTOS,1.0,0.0,0.0
2021-12-31,A013011,ALOPURINOL TABLETA 100MG,17,MEDICAMENTOS,1.0,0.0,0.0
2022-01-31,A013011,ALOPURINOL TABLETA 100MG,0,MEDICAMENTOS,1.0,0.0,0.0
2022-02-28,A013011,ALOPURINOL TABLETA 100MG,63,MEDICAMENTOS,1.0,0.0,0.0
2022-03-31,A013011,ALOPURINOL TABLETA 100MG,60,MEDICAMENTOS,1.0,0.0,0.0
2022-04-30,A013011,ALOPURINOL TABLETA 100MG,28,MEDICAMENTOS,1.0,0.0,0.0
2022-05-31,A013011,ALOPURINOL TABLETA 100MG,0,MEDICAMENTOS,1.0,0.0,0.0
2022-06-30,A013011,ALOPURINOL TABLETA 100MG,0,MEDICAMENTOS,1.0,0.0,0.0
2021-07-31,A013012,ALOPURINOL TABLETA 300MG,28,MEDICAMENTOS,1.0,66.0,47.0
2021-08-31,A013012,ALOPURINOL TABLETA 300MG,24,MEDICAMENTOS,1.0,66.0,47.0
2021-09-30,A013012,ALOPURINOL TABLETA 300MG,0,MEDICAMENTOS,1.0,66.0,47.0
2021-10-31,A013012,ALOPURINOL TABLETA 300MG,74,MEDICAMENTOS,1.0,66.0,47.0
2021-11-30,A013012,ALOPURINOL TABLETA 300MG,52,MEDICAMENTOS,1.0,66.0,47.0
2021-12-31,A013012,ALOPURINOL TABLETA 300MG,93,MEDICAMENTOS,1.0,66.0,47.0
2022-01-31,A013012,ALOPURINOL TABLETA 300MG,16,MEDICAMENTOS,1.0,66.0,47.0
2022-02-28,A013012,ALOPURINOL TABLETA 300MG,81,MEDICAMENTOS,1.0,66.0,47.0
2022-03-31,A013012,ALOPURINOL TABLETA 300MG,13,MEDICAMENTOS,1.0,66.0,47.0
2022-04-30,A013012,ALOPURINOL TABLETA 300MG,92,MEDICAMENTOS,1.0,66.0,47.0
2022-05-31,A013012,ALOPURINOL TABLETA 300MG,51,MEDICAMENTOS,1.0,66.0,47.0
2022-06-30,A013012,ALOPURINOL TABLETA 300MG,53,MEDICAMENTOS,1.0,66.0,47.0
2021-07-31,A017231,ALUMINIO HIDROXIDO SUSPENSIÓN ORAL 6G/100ML ,6,MEDICAMENTOS,1.0,3418.0,2.0
2021-08-31,A017231,ALUMINIO HIDROXIDO SUSPENSIÓN ORAL 6G/100ML ,6,MEDICAMENTOS,1.0,3418.0,2.0
2021-09-30,A017231,ALUMINIO HIDROXIDO SUSPENSIÓN ORAL 6G/100ML ,5,MEDICAMENTOS,1.0,3418.0,2.0
2021-10-31,A017231,ALUMINIO HIDROXIDO SUSPENSIÓN ORAL 6G/100ML ,4,MEDICAMENTOS,1.0,3418.0,2.0
2021-11-30,A017231,ALUMINIO HIDROXIDO SUSPENSIÓN ORAL 6G/100ML ,9,MEDICAMENTOS,1.0,3418.0,2.0
2021-12-31,A017231,ALUMINIO HIDROXIDO SUSPENSIÓN ORAL 6G/100ML ,11,MEDICAMENTOS,1.0,3418.0,2.0
2022-01-31,A017231,ALUMINIO HIDROXIDO SUSPENSIÓN ORAL 6G/100ML ,7,MEDICAMENTOS,1.0,3418.0,2.0
2022-02-28,A017231,ALUMINIO HIDROXIDO SUSPENSIÓN ORAL 6G/100ML ,8,MEDICAMENTOS,1.0,3418.0,2.0
2022-03-31,A017231,ALUMINIO HIDROXIDO SUSPENSIÓN ORAL 6G/100ML ,12,MEDICAMENTOS,1.0,3418.0,2.0
2022-04-30,A017231,ALUMINIO HIDROXIDO SUSPENSIÓN ORAL 6G/100ML ,3,MEDICAMENTOS,1.0,3418.0,2.0
2022-05-31,A017231,ALUMINIO HIDROXIDO SUSPENSIÓN ORAL 6G/100ML ,8,MEDICAMENTOS,1.0,3418.0,2.0
2022-06-30,A017231,ALUMINIO HIDROXIDO SUSPENSIÓN ORAL 6G/100ML ,11,MEDICAMENTOS,1.0,3418.0,2.0
2021-07-31,A018232,"ALUMINIO HIDROXIDO/MAGNESIO/SIMETICONA SUSPENSIÓN ORAL 4%/4%/0,4%",1,MEDICAMENTOS,1.0,1484.0,4.0
2021-08-31,A018232,"ALUMINIO HIDROXIDO/MAGNESIO/SIMETICONA SUSPENSIÓN ORAL 4%/4%/0,4%",5,MEDICAMENTOS,1.0,1484.0,4.0
2021-09-30,A018232,"ALUMINIO HIDROXIDO/MAGNESIO/SIMETICONA SUSPENSIÓN ORAL 4%/4%/0,4%",0,MEDICAMENTOS,1.0,1484.0,4.0
2021-10-31,A018232,"ALUMINIO HIDROXIDO/MAGNESIO/SIMETICONA SUSPENSIÓN ORAL 4%/4%/0,4%",1,MEDICAMENTOS,1.0,1484.0,4.0
2021-11-30,A018232,"ALUMINIO HIDROXIDO/MAGNESIO/SIMETICONA SUSPENSIÓN ORAL 4%/4%/0,4%",4,MEDICAMENTOS,1.0,1484.0,4.0
2021-12-31,A018232,"ALUMINIO HIDROXIDO/MAGNESIO/SIMETICONA SUSPENSIÓN ORAL 4%/4%/0,4%",1,MEDICAMENTOS,1.0,1484.0,4.0
2022-01-31,A018232,"ALUMINIO HIDROXIDO/MAGNESIO/SIMETICONA SUSPENSIÓN ORAL 4%/4%/0,4%",4,MEDICAMENTOS,1.0,1484.0,4.0
2022-02-28,A018232,"ALUMINIO HIDROXIDO/MAGNESIO/SIMETICONA SUSPENSIÓN ORAL 4%/4%/0,4%",7,MEDICAMENTOS,1.0,1484.0,4.0
2022-03-31,A018232,"ALUMINIO HIDROXIDO/MAGNESIO/SIMETICONA SUSPENSIÓN ORAL 4%/4%/0,4%",2,MEDICAMENTOS,1.0,1484.0,4.0
2022-04-30,A018232,"ALUMINIO HIDROXIDO/MAGNESIO/SIMETICONA SUSPENSIÓN ORAL 4%/4%/0,4%",2,MEDICAMENTOS,1.0,1484.0,4.0
2022-05-31,A018232,"ALUMINIO HIDROXIDO/MAGNESIO/SIMETICONA SUSPENSIÓN ORAL 4%/4%/0,4%",1,MEDICAMENTOS,1.0,1484.0,4.0
2022-06-30,A018232,"ALUMINIO HIDROXIDO/MAGNESIO/SIMETICONA SUSPENSIÓN ORAL 4%/4%/0,4%",0,MEDICAMENTOS,1.0,1484.0,4.0
2021-07-31,A019101,AMANTADINA 100MG CAPSULA ,8,MEDICAMENTOS,1.0,355.0,39.0
2021-08-31,A019101,AMANTADINA 100MG CAPSULA ,48,MEDICAMENTOS,1.0,355.0,39.0
2021-09-30,A019101,AMANTADINA 100MG CAPSULA ,28,MEDICAMENTOS,1.0,355.0,39.0
2021-10-31,A019101,AMANTADINA 100MG CAPSULA ,43,MEDICAMENTOS,1.0,355.0,39.0
2021-11-30,A019101,AMANTADINA 100MG CAPSULA ,3,MEDICAMENTOS,1.0,355.0,39.0
2021-12-31,A019101,AMANTADINA 100MG CAPSULA ,0,MEDICAMENTOS,1.0,355.0,39.0
2022-01-31,A019101,AMANTADINA 100MG CAPSULA ,0,MEDICAMENTOS,1.0,355.0,39.0
2022-02-28,A019101,AMANTADINA 100MG CAPSULA ,10,MEDICAMENTOS,1.0,355.0,39.0
2022-03-31,A019101,AMANTADINA 100MG CAPSULA ,0,MEDICAMENTOS,1.0,355.0,39.0
2022-04-30,A019101,AMANTADINA 100MG CAPSULA ,16,MEDICAMENTOS,1.0,355.0,39.0
2022-05-31,A019101,AMANTADINA 100MG CAPSULA ,0,MEDICAMENTOS,1.0,355.0,39.0
2022-06-30,A019101,AMANTADINA 100MG CAPSULA ,0,MEDICAMENTOS,1.0,355.0,39.0
2021-07-31,A020701,AMIKACINA 100MG/2ML SOL. INYECTABLE ,5,MEDICAMENTOS,1.0,486.0,14.0
2021-08-31,A020701,AMIKACINA 100MG/2ML SOL. INYECTABLE ,6,MEDICAMENTOS,1.0,486.0,14.0
2021-09-30,A020701,AMIKACINA 100MG/2ML SOL. INYECTABLE ,4,MEDICAMENTOS,1.0,486.0,14.0
2021-10-31,A020701,AMIKACINA 100MG/2ML SOL. INYECTABLE ,0,MEDICAMENTOS,1.0,486.0,14.0
2021-11-30,A020701,AMIKACINA 100MG/2ML SOL. INYECTABLE ,0,MEDICAMENTOS,1.0,486.0,14.0
2021-12-31,A020701,AMIKACINA 100MG/2ML SOL. INYECTABLE ,4,MEDICAMENTOS,1.0,486.0,14.0
2022-01-31,A020701,AMIKACINA 100MG/2ML SOL. INYECTABLE ,2,MEDICAMENTOS,1.0,486.0,14.0
2022-02-28,A020701,AMIKACINA 100MG/2ML SOL. INYECTABLE ,7,MEDICAMENTOS,1.0,486.0,14.0
2022-03-31,A020701,AMIKACINA 100MG/2ML SOL. INYECTABLE ,1,MEDICAMENTOS,1.0,486.0,14.0
2022-04-30,A020701,AMIKACINA 100MG/2ML SOL. INYECTABLE ,3,MEDICAMENTOS,1.0,486.0,14.0
2022-05-31,A020701,AMIKACINA 100MG/2ML SOL. INYECTABLE ,1,MEDICAMENTOS,1.0,486.0,14.0
2022-06-30,A020701,AMIKACINA 100MG/2ML SOL. INYECTABLE ,36,MEDICAMENTOS,1.0,486.0,14.0
2021-07-31,A020702,AMIKACINA 500MG/2ML SOL. INYECTABLE ,23,MEDICAMENTOS,1.0,855.0,47.0
2021-08-31,A020702,AMIKACINA 500MG/2ML SOL. INYECTABLE ,58,MEDICAMENTOS,1.0,855.0,47.0
2021-09-30,A020702,AMIKACINA 500MG/2ML SOL. INYECTABLE ,40,MEDICAMENTOS,1.0,855.0,47.0
2021-10-31,A020702,AMIKACINA 500MG/2ML SOL. INYECTABLE ,41,MEDICAMENTOS,1.0,855.0,47.0
2021-11-30,A020702,AMIKACINA 500MG/2ML SOL. INYECTABLE ,100,MEDICAMENTOS,1.0,855.0,47.0
2021-12-31,A020702,AMIKACINA 500MG/2ML SOL. INYECTABLE ,8,MEDICAMENTOS,1.0,855.0,47.0
2022-01-31,A020702,AMIKACINA 500MG/2ML SOL. INYECTABLE ,50,MEDICAMENTOS,1.0,855.0,47.0
2022-02-28,A020702,AMIKACINA 500MG/2ML SOL. INYECTABLE ,74,MEDICAMENTOS,1.0,855.0,47.0
2022-03-31,A020702,AMIKACINA 500MG/2ML SOL. INYECTABLE ,54,MEDICAMENTOS,1.0,855.0,47.0
2022-04-30,A020702,AMIKACINA 500MG/2ML SOL. INYECTABLE ,34,MEDICAMENTOS,1.0,855.0,47.0
2022-05-31,A020702,AMIKACINA 500MG/2ML SOL. INYECTABLE ,29,MEDICAMENTOS,1.0,855.0,47.0
2022-06-30,A020702,AMIKACINA 500MG/2ML SOL. INYECTABLE ,41,MEDICAMENTOS,1.0,855.0,47.0
2021-07-31,A022701,AMINOFILINA 240MG/10ML SOL. INYECTABLE ,0,MEDICAMENTOS,1.0,0.0,0.0
2021-08-31,A022701,AMINOFILINA 240MG/10ML SOL. INYECTABLE ,0,MEDICAMENTOS,1.0,0.0,0.0
2021-09-30,A022701,AMINOFILINA 240MG/10ML SOL. INYECTABLE ,4,MEDICAMENTOS,1.0,0.0,0.0
2021-10-31,A022701,AMINOFILINA 240MG/10ML SOL. INYECTABLE ,0,MEDICAMENTOS,1.0,0.0,0.0
2021-11-30,A022701,AMINOFILINA 240MG/10ML SOL. INYECTABLE ,0,MEDICAMENTOS,1.0,0.0,0.0
2021-12-31,A022701,AMINOFILINA 240MG/10ML SOL. INYECTABLE ,0,MEDICAMENTOS,1.0,0.0,0.0
2022-01-31,A022701,AMINOFILINA 240MG/10ML SOL. INYECTABLE ,0,MEDICAMENTOS,1.0,0.0,0.0
2022-02-28,A022701,AMINOFILINA 240MG/10ML SOL. INYECTABLE ,0,MEDICAMENTOS,1.0,0.0,0.0
2022-03-31,A022701,AMINOFILINA 240MG/10ML SOL. INYECTABLE ,0,MEDICAMENTOS,1.0,0.0,0.0
2022-04-30,A022701,AMINOFILINA 240MG/10ML SOL. INYECTABLE ,0,MEDICAMENTOS,1.0,0.0,0.0
2022-05-31,A022701,AMINOFILINA 240MG/10ML SOL. INYECTABLE ,0,MEDICAMENTOS,1.0,0.0,0.0
2022-06-30,A022701,AMINOFILINA 240MG/10ML SOL. INYECTABLE ,0,MEDICAMENTOS,1.0,0.0,0.0
2021-07-31,A023011,AMIODARONA TABLETA 200MG,133,MEDICAMENTOS,1.0,148.5,97.0
2021-08-31,A023011,AMIODARONA TABLETA 200MG,44,MEDICAMENTOS,1.0,148.5,97.0
2021-09-30,A023011,AMIODARONA TABLETA 200MG,123,MEDICAMENTOS,1.0,148.5,97.0
2021-10-31,A023011,AMIODARONA TABLETA 200MG,132,MEDICAMENTOS,1.0,148.5,97.0
2021-11-30,A023011,AMIODARONA TABLETA 200MG,133,MEDICAMENTOS,1.0,148.5,97.0
2021-12-31,A023011,AMIODARONA TABLETA 200MG,72,MEDICAMENTOS,1.0,148.5,97.0
2022-01-31,A023011,AMIODARONA TABLETA 200MG,164,MEDICAMENTOS,1.0,148.5,97.0
2022-02-28,A023011,AMIODARONA TABLETA 200MG,115,MEDICAMENTOS,1.0,148.5,97.0
2022-03-31,A023011,AMIODARONA TABLETA 200MG,136,MEDICAMENTOS,1.0,148.5,97.0
2022-04-30,A023011,AMIODARONA TABLETA 200MG,191,MEDICAMENTOS,1.0,148.5,97.0
2022-05-31,A023011,AMIODARONA TABLETA 200MG,121,MEDICAMENTOS,1.0,148.5,97.0
2022-06-30,A023011,AMIODARONA TABLETA 200MG,172,MEDICAMENTOS,1.0,148.5,97.0
2021-07-31,A023721,AMIODARONA 150MG/3ML SOL. INYECTABLE ,131,MEDICAMENTOS,1.0,1029.5,100.0
2021-08-31,A023721,AMIODARONA 150MG/3ML SOL. INYECTABLE ,80,MEDICAMENTOS,1.0,1029.5,100.0
2021-09-30,A023721,AMIODARONA 150MG/3ML SOL. INYECTABLE ,123,MEDICAMENTOS,1.0,1029.5,100.0
2021-10-31,A023721,AMIODARONA 150MG/3ML SOL. INYECTABLE ,184,MEDICAMENTOS,1.0,1029.5,100.0
2021-11-30,A023721,AMIODARONA 150MG/3ML SOL. INYECTABLE ,134,MEDICAMENTOS,1.0,1029.5,100.0
2021-12-31,A023721,AMIODARONA 150MG/3ML SOL. INYECTABLE ,137,MEDICAMENTOS,1.0,1029.5,100.0
2022-01-31,A023721,AMIODARONA 150MG/3ML SOL. INYECTABLE ,234,MEDICAMENTOS,1.0,1029.5,100.0
2022-02-28,A023721,AMIODARONA 150MG/3ML SOL. INYECTABLE ,136,MEDICAMENTOS,1.0,1029.5,100.0
2022-03-31,A023721,AMIODARONA 150MG/3ML SOL. INYECTABLE ,111,MEDICAMENTOS,1.0,1029.5,100.0
2022-04-30,A023721,AMIODARONA 150MG/3ML SOL. INYECTABLE ,96,MEDICAMENTOS,1.0,1029.5,100.0
2022-05-31,A023721,AMIODARONA 150MG/3ML SOL. INYECTABLE ,119,MEDICAMENTOS,1.0,1029.5,100.0
2022-06-30,A023721,AMIODARONA 150MG/3ML SOL. INYECTABLE ,114,MEDICAMENTOS,1.0,1029.5,100.0
2021-07-31,A024011,AMITRIPTILINA 25MG TABLETA ,5,MEDICAMENTOS,1.0,21.0,23.0
2021-08-31,A024011,AMITRIPTILINA 25MG TABLETA ,36,MEDICAMENTOS,1.0,21.0,23.0
2021-09-30,A024011,AMITRIPTILINA 25MG TABLETA ,17,MEDICAMENTOS,1.0,21.0,23.0
2021-10-31,A024011,AMITRIPTILINA 25MG TABLETA ,11,MEDICAMENTOS,1.0,21.0,23.0
2021-11-30,A024011,AMITRIPTILINA 25MG TABLETA ,53,MEDICAMENTOS,1.0,21.0,23.0
2021-12-31,A024011,AMITRIPTILINA 25MG TABLETA ,16,MEDICAMENTOS,1.0,21.0,23.0
2022-01-31,A024011,AMITRIPTILINA 25MG TABLETA ,72,MEDICAMENTOS,1.0,21.0,23.0
2022-02-28,A024011,AMITRIPTILINA 25MG TABLETA ,32,MEDICAMENTOS,1.0,21.0,23.0
2022-03-31,A024011,AMITRIPTILINA 25MG TABLETA ,67,MEDICAMENTOS,1.0,21.0,23.0
2022-04-30,A024011,AMITRIPTILINA 25MG TABLETA ,26,MEDICAMENTOS,1.0,21.0,23.0
2022-05-31,A024011,AMITRIPTILINA 25MG TABLETA ,55,MEDICAMENTOS,1.0,21.0,23.0
2022-06-30,A024011,AMITRIPTILINA 25MG TABLETA ,33,MEDICAMENTOS,1.0,21.0,23.0
2021-07-31,A025142,AMOXICILINA 500MG CAPSULA ,30,MEDICAMENTOS,1.0,123.0,27.0
2021-08-31,A025142,AMOXICILINA 500MG CAPSULA ,26,MEDICAMENTOS,1.0,123.0,27.0
2021-09-30,A025142,AMOXICILINA 500MG CAPSULA ,24,MEDICAMENTOS,1.0,123.0,27.0
2021-10-31,A025142,AMOXICILINA 500MG CAPSULA ,0,MEDICAMENTOS,1.0,123.0,27.0
2021-11-30,A025142,AMOXICILINA 500MG CAPSULA ,0,MEDICAMENTOS,1.0,123.0,27.0
2021-12-31,A025142,AMOXICILINA 500MG CAPSULA ,0,MEDICAMENTOS,1.0,123.0,27.0
2022-01-31,A025142,AMOXICILINA 500MG CAPSULA ,22,MEDICAMENTOS,1.0,123.0,27.0
2022-02-28,A025142,AMOXICILINA 500MG CAPSULA ,0,MEDICAMENTOS,1.0,123.0,27.0
2022-03-31,A025142,AMOXICILINA 500MG CAPSULA ,0,MEDICAMENTOS,1.0,123.0,27.0
2022-04-30,A025142,AMOXICILINA 500MG CAPSULA ,15,MEDICAMENTOS,1.0,123.0,27.0
2022-05-31,A025142,AMOXICILINA 500MG CAPSULA ,0,MEDICAMENTOS,1.0,123.0,27.0
2022-06-30,A025142,AMOXICILINA 500MG CAPSULA ,50,MEDICAMENTOS,1.0,123.0,27.0
2021-07-31,A026721,AMPICILINA 500MG POLVO LIOFILIZADO ,161,MEDICAMENTOS,1.0,736.0,81.0
2021-08-31,A026721,AMPICILINA 500MG POLVO LIOFILIZADO ,229,MEDICAMENTOS,1.0,736.0,81.0
2021-09-30,A026721,AMPICILINA 500MG POLVO LIOFILIZADO ,228,MEDICAMENTOS,1.0,736.0,81.0
2021-10-31,A026721,AMPICILINA 500MG POLVO LIOFILIZADO ,155,MEDICAMENTOS,1.0,736.0,81.0
2021-11-30,A026721,AMPICILINA 500MG POLVO LIOFILIZADO ,327,MEDICAMENTOS,1.0,736.0,81.0
2021-12-31,A026721,AMPICILINA 500MG POLVO LIOFILIZADO ,166,MEDICAMENTOS,1.0,736.0,81.0
2022-01-31,A026721,AMPICILINA 500MG POLVO LIOFILIZADO ,263,MEDICAMENTOS,1.0,736.0,81.0
2022-02-28,A026721,AMPICILINA 500MG POLVO LIOFILIZADO ,167,MEDICAMENTOS,1.0,736.0,81.0
2022-03-31,A026721,AMPICILINA 500MG POLVO LIOFILIZADO ,192,MEDICAMENTOS,1.0,736.0,81.0
2022-04-30,A026721,AMPICILINA 500MG POLVO LIOFILIZADO ,183,MEDICAMENTOS,1.0,736.0,81.0
2022-05-31,A026721,AMPICILINA 500MG POLVO LIOFILIZADO ,581,MEDICAMENTOS,1.0,736.0,81.0
2022-06-30,A026721,AMPICILINA 500MG POLVO LIOFILIZADO ,217,MEDICAMENTOS,1.0,736.0,81.0
2021-07-31,A026722,AMPICILINA 1 G POLVO LIOFILIZADO ,158,MEDICAMENTOS,1.0,546.5,52.0
2021-08-31,A026722,AMPICILINA 1 G POLVO LIOFILIZADO ,198,MEDICAMENTOS,1.0,546.5,52.0
2021-09-30,A026722,AMPICILINA 1 G POLVO LIOFILIZADO ,126,MEDICAMENTOS,1.0,546.5,52.0
2021-10-31,A026722,AMPICILINA 1 G POLVO LIOFILIZADO ,157,MEDICAMENTOS,1.0,546.5,52.0
2021-11-30,A026722,AMPICILINA 1 G POLVO LIOFILIZADO ,164,MEDICAMENTOS,1.0,546.5,52.0
2021-12-31,A026722,AMPICILINA 1 G POLVO LIOFILIZADO ,123,MEDICAMENTOS,1.0,546.5,52.0
2022-01-31,A026722,AMPICILINA 1 G POLVO LIOFILIZADO ,61,MEDICAMENTOS,1.0,546.5,52.0
2022-02-28,A026722,AMPICILINA 1 G POLVO LIOFILIZADO ,64,MEDICAMENTOS,1.0,546.5,52.0
2022-03-31,A026722,AMPICILINA 1 G POLVO LIOFILIZADO ,72,MEDICAMENTOS,1.0,546.5,52.0
2022-04-30,A026722,AMPICILINA 1 G POLVO LIOFILIZADO ,105,MEDICAMENTOS,1.0,546.5,52.0
2022-05-31,A026722,AMPICILINA 1 G POLVO LIOFILIZADO ,41,MEDICAMENTOS,1.0,546.5,52.0
2022-06-30,A026722,AMPICILINA 1 G POLVO LIOFILIZADO ,73,MEDICAMENTOS,1.0,546.5,52.0
2021-07-31,A027142,AMPICILINA TABLETA 500MG,23,MEDICAMENTOS,1.0,133.0,10.0
2021-08-31,A027142,AMPICILINA TABLETA 500MG,0,MEDICAMENTOS,1.0,133.0,10.0
2021-09-30,A027142,AMPICILINA TABLETA 500MG,0,MEDICAMENTOS,1.0,133.0,10.0
2021-10-31,A027142,AMPICILINA TABLETA 500MG,0,MEDICAMENTOS,1.0,133.0,10.0
2021-11-30,A027142,AMPICILINA TABLETA 500MG,0,MEDICAMENTOS,1.0,133.0,10.0
2021-12-31,A027142,AMPICILINA TABLETA 500MG,0,MEDICAMENTOS,1.0,133.0,10.0
2022-01-31,A027142,AMPICILINA TABLETA 500MG,2,MEDICAMENTOS,1.0,133.0,10.0
2022-02-28,A027142,AMPICILINA TABLETA 500MG,23,MEDICAMENTOS,1.0,133.0,10.0
2022-03-31,A027142,AMPICILINA TABLETA 500MG,0,MEDICAMENTOS,1.0,133.0,10.0
2022-04-30,A027142,AMPICILINA TABLETA 500MG,4,MEDICAMENTOS,1.0,133.0,10.0
2022-05-31,A027142,AMPICILINA TABLETA 500MG,0,MEDICAMENTOS,1.0,133.0,10.0
2022-06-30,A027142,AMPICILINA TABLETA 500MG,0,MEDICAMENTOS,1.0,133.0,10.0
2021-07-31,A033701,ATROPINA 1MG/1ML SOL. INYECTABLE ,6,MEDICAMENTOS,1.0,292.0,101.0
2021-08-31,A033701,ATROPINA 1MG/1ML SOL. INYECTABLE ,14,MEDICAMENTOS,1.0,292.0,101.0
2021-09-30,A033701,ATROPINA 1MG/1ML SOL. INYECTABLE ,7,MEDICAMENTOS,1.0,292.0,101.0
2021-10-31,A033701,ATROPINA 1MG/1ML SOL. INYECTABLE ,9,MEDICAMENTOS,1.0,292.0,101.0
2021-11-30,A033701,ATROPINA 1MG/1ML SOL. INYECTABLE ,2,MEDICAMENTOS,1.0,292.0,101.0
2021-12-31,A033701,ATROPINA 1MG/1ML SOL. INYECTABLE ,10,MEDICAMENTOS,1.0,292.0,101.0
2022-01-31,A033701,ATROPINA 1MG/1ML SOL. INYECTABLE ,7,MEDICAMENTOS,1.0,292.0,101.0
2022-02-28,A033701,ATROPINA 1MG/1ML SOL. INYECTABLE ,5,MEDICAMENTOS,1.0,292.0,101.0
2022-03-31,A033701,ATROPINA 1MG/1ML SOL. INYECTABLE ,4,MEDICAMENTOS,1.0,292.0,101.0
2022-04-30,A033701,ATROPINA 1MG/1ML SOL. INYECTABLE ,12,MEDICAMENTOS,1.0,292.0,101.0
2022-05-31,A033701,ATROPINA 1MG/1ML SOL. INYECTABLE ,12,MEDICAMENTOS,1.0,292.0,101.0
2022-06-30,A033701,ATROPINA 1MG/1ML SOL. INYECTABLE ,14,MEDICAMENTOS,1.0,292.0,101.0
2021-07-31,A034011,AZATIOPRINA 50MG TABLETA,55,MEDICAMENTOS,1.0,788.0,37.0
2021-08-31,A034011,AZATIOPRINA 50MG TABLETA,60,MEDICAMENTOS,1.0,788.0,37.0
2021-09-30,A034011,AZATIOPRINA 50MG TABLETA,71,MEDICAMENTOS,1.0,788.0,37.0
2021-10-31,A034011,AZATIOPRINA 50MG TABLETA,36,MEDICAMENTOS,1.0,788.0,37.0
2021-11-30,A034011,AZATIOPRINA 50MG TABLETA,77,MEDICAMENTOS,1.0,788.0,37.0
2021-12-31,A034011,AZATIOPRINA 50MG TABLETA,64,MEDICAMENTOS,1.0,788.0,37.0
2022-01-31,A034011,AZATIOPRINA 50MG TABLETA,25,MEDICAMENTOS,1.0,788.0,37.0
2022-02-28,A034011,AZATIOPRINA 50MG TABLETA,8,MEDICAMENTOS,1.0,788.0,37.0
2022-03-31,A034011,AZATIOPRINA 50MG TABLETA,23,MEDICAMENTOS,1.0,788.0,37.0
2022-04-30,A034011,AZATIOPRINA 50MG TABLETA,46,MEDICAMENTOS,1.0,788.0,37.0
2022-05-31,A034011,AZATIOPRINA 50MG TABLETA,60,MEDICAMENTOS,1.0,788.0,37.0
2022-06-30,A034011,AZATIOPRINA 50MG TABLETA,8,MEDICAMENTOS,1.0,788.0,37.0
2021-07-31,A035722,AZTREONAM 1G POLVO LIOFILIZADO,87,MEDICAMENTOS,1.0,8904.0,65.0
2021-08-31,A035722,AZTREONAM 1G POLVO LIOFILIZADO,138,MEDICAMENTOS,1.0,8904.0,65.0
2021-09-30,A035722,AZTREONAM 1G POLVO LIOFILIZADO,162,MEDICAMENTOS,1.0,8904.0,65.0
2021-10-31,A035722,AZTREONAM 1G POLVO LIOFILIZADO,116,MEDICAMENTOS,1.0,8904.0,65.0
2021-11-30,A035722,AZTREONAM 1G POLVO LIOFILIZADO,173,MEDICAMENTOS,1.0,8904.0,65.0
2021-12-31,A035722,AZTREONAM 1G POLVO LIOFILIZADO,129,MEDICAMENTOS,1.0,8904.0,65.0
2022-01-31,A035722,AZTREONAM 1G POLVO LIOFILIZADO,154,MEDICAMENTOS,1.0,8904.0,65.0
2022-02-28,A035722,AZTREONAM 1G POLVO LIOFILIZADO,161,MEDICAMENTOS,1.0,8904.0,65.0
2022-03-31,A035722,AZTREONAM 1G POLVO LIOFILIZADO,126,MEDICAMENTOS,1.0,8904.0,65.0
2022-04-30,A035722,AZTREONAM 1G POLVO LIOFILIZADO,43,MEDICAMENTOS,1.0,8904.0,65.0
2022-05-31,A035722,AZTREONAM 1G POLVO LIOFILIZADO,92,MEDICAMENTOS,1.0,8904.0,65.0
2022-06-30,A035722,AZTREONAM 1G POLVO LIOFILIZADO,71,MEDICAMENTOS,1.0,8904.0,65.0
2021-07-31,A036701,AZUL DE METILENO SOLUCIÓN INYECTABLE 10MG/1ML,4,MEDICAMENTOS,1.0,,
2021-08-31,A036701,AZUL DE METILENO SOLUCIÓN INYECTABLE 10MG/1ML,3,MEDICAMENTOS,1.0,,
2021-09-30,A036701,AZUL DE METILENO SOLUCIÓN INYECTABLE 10MG/1ML,2,MEDICAMENTOS,1.0,,
2021-10-31,A036701,AZUL DE METILENO SOLUCIÓN INYECTABLE 10MG/1ML,6,MEDICAMENTOS,1.0,,
2021-11-30,A036701,AZUL DE METILENO SOLUCIÓN INYECTABLE 10MG/1ML,0,MEDICAMENTOS,1.0,,
2021-12-31,A036701,AZUL DE METILENO SOLUCIÓN INYECTABLE 10MG/1ML,3,MEDICAMENTOS,1.0,,
2022-01-31,A036701,AZUL DE METILENO SOLUCIÓN INYECTABLE 10MG/1ML,8,MEDICAMENTOS,1.0,,
2022-02-28,A036701,AZUL DE METILENO SOLUCIÓN INYECTABLE 10MG/1ML,0,MEDICAMENTOS,1.0,,
2022-03-31,A036701,AZUL DE METILENO SOLUCIÓN INYECTABLE 10MG/1ML,5,MEDICAMENTOS,1.0,,
2022-04-30,A036701,AZUL DE METILENO SOLUCIÓN INYECTABLE 10MG/1ML,6,MEDICAMENTOS,1.0,,
2022-05-31,A036701,AZUL DE METILENO SOLUCIÓN INYECTABLE 10MG/1ML,6,MEDICAMENTOS,1.0,,
2022-06-30,A036701,AZUL DE METILENO SOLUCIÓN INYECTABLE 10MG/1ML,0,MEDICAMENTOS,1.0,,
2021-07-31,A037011,AMLODIPINO 5 MG TABLETA ,207,MEDICAMENTOS,1.0,12.0,76.0
2021-08-31,A037011,AMLODIPINO 5 MG TABLETA ,128,MEDICAMENTOS,1.0,12.0,76.0
2021-09-30,A037011,AMLODIPINO 5 MG TABLETA ,178,MEDICAMENTOS,1.0,12.0,76.0
2021-10-31,A037011,AMLODIPINO 5 MG TABLETA ,219,MEDICAMENTOS,1.0,12.0,76.0
2021-11-30,A037011,AMLODIPINO 5 MG TABLETA ,163,MEDICAMENTOS,1.0,12.0,76.0
2021-12-31,A037011,AMLODIPINO 5 MG TABLETA ,202,MEDICAMENTOS,1.0,12.0,76.0
2022-01-31,A037011,AMLODIPINO 5 MG TABLETA ,268,MEDICAMENTOS,1.0,12.0,76.0
2022-02-28,A037011,AMLODIPINO 5 MG TABLETA ,442,MEDICAMENTOS,1.0,12.0,76.0
2022-03-31,A037011,AMLODIPINO 5 MG TABLETA ,524,MEDICAMENTOS,1.0,12.0,76.0
2022-04-30,A037011,AMLODIPINO 5 MG TABLETA ,266,MEDICAMENTOS,1.0,12.0,76.0
2022-05-31,A037011,AMLODIPINO 5 MG TABLETA ,139,MEDICAMENTOS,1.0,12.0,76.0
2022-06-30,A037011,AMLODIPINO 5 MG TABLETA ,204,MEDICAMENTOS,1.0,12.0,76.0
2021-07-31,A037101,ABACAVIR TABLETA 300MG,0,MEDICAMENTOS,1.0,954.0,39.0
2021-08-31,A037101,ABACAVIR TABLETA 300MG,0,MEDICAMENTOS,1.0,954.0,39.0
2021-09-30,A037101,ABACAVIR TABLETA 300MG,50,MEDICAMENTOS,1.0,954.0,39.0
2021-10-31,A037101,ABACAVIR TABLETA 300MG,0,MEDICAMENTOS,1.0,954.0,39.0
2021-11-30,A037101,ABACAVIR TABLETA 300MG,0,MEDICAMENTOS,1.0,954.0,39.0
2021-12-31,A037101,ABACAVIR TABLETA 300MG,0,MEDICAMENTOS,1.0,954.0,39.0
2022-01-31,A037101,ABACAVIR TABLETA 300MG,0,MEDICAMENTOS,1.0,954.0,39.0
2022-02-28,A037101,ABACAVIR TABLETA 300MG,0,MEDICAMENTOS,1.0,954.0,39.0
2022-03-31,A037101,ABACAVIR TABLETA 300MG,0,MEDICAMENTOS,1.0,954.0,39.0
2022-04-30,A037101,ABACAVIR TABLETA 300MG,0,MEDICAMENTOS,1.0,954.0,39.0
2022-05-31,A037101,ABACAVIR TABLETA 300MG,0,MEDICAMENTOS,1.0,954.0,39.0
2022-06-30,A037101,ABACAVIR TABLETA 300MG,0,MEDICAMENTOS,1.0,954.0,39.0
2021-07-31,B00000010,BECLOMETASONA NASAL 50 MCG/PUFF,0,MEDICAMENTOS,1.0,5935.0,1.0
2021-08-31,B00000010,BECLOMETASONA NASAL 50 MCG/PUFF,3,MEDICAMENTOS,1.0,5935.0,1.0
2021-09-30,B00000010,BECLOMETASONA NASAL 50 MCG/PUFF,3,MEDICAMENTOS,1.0,5935.0,1.0
2021-10-31,B00000010,BECLOMETASONA NASAL 50 MCG/PUFF,4,MEDICAMENTOS,1.0,5935.0,1.0
2021-11-30,B00000010,BECLOMETASONA NASAL 50 MCG/PUFF,1,MEDICAMENTOS,1.0,5935.0,1.0
2021-12-31,B00000010,BECLOMETASONA NASAL 50 MCG/PUFF,0,MEDICAMENTOS,1.0,5935.0,1.0
2022-01-31,B00000010,BECLOMETASONA NASAL 50 MCG/PUFF,0,MEDICAMENTOS,1.0,5935.0,1.0
2022-02-28,B00000010,BECLOMETASONA NASAL 50 MCG/PUFF,0,MEDICAMENTOS,1.0,5935.0,1.0
2022-03-31,B00000010,BECLOMETASONA NASAL 50 MCG/PUFF,4,MEDICAMENTOS,1.0,5935.0,1.0
2022-04-30,B00000010,BECLOMETASONA NASAL 50 MCG/PUFF,0,MEDICAMENTOS,1.0,5935.0,1.0
2022-05-31,B00000010,BECLOMETASONA NASAL 50 MCG/PUFF,1,MEDICAMENTOS,1.0,5935.0,1.0
2022-06-30,B00000010,BECLOMETASONA NASAL 50 MCG/PUFF,2,MEDICAMENTOS,1.0,5935.0,1.0
2021-07-31,B004311,"BETAMETASONA CREMA TÓPICA 0,05%",8,MEDICAMENTOS,1.0,937.0,2.0
2021-08-31,B004311,"BETAMETASONA CREMA TÓPICA 0,05%",0,MEDICAMENTOS,1.0,937.0,2.0
2021-09-30,B004311,"BETAMETASONA CREMA TÓPICA 0,05%",3,MEDICAMENTOS,1.0,937.0,2.0
2021-10-31,B004311,"BETAMETASONA CREMA TÓPICA 0,05%",0,MEDICAMENTOS,1.0,937.0,2.0
2021-11-30,B004311,"BETAMETASONA CREMA TÓPICA 0,05%",6,MEDICAMENTOS,1.0,937.0,2.0
2021-12-31,B004311,"BETAMETASONA CREMA TÓPICA 0,05%",1,MEDICAMENTOS,1.0,937.0,2.0
2022-01-31,B004311,"BETAMETASONA CREMA TÓPICA 0,05%",1,MEDICAMENTOS,1.0,937.0,2.0
2022-02-28,B004311,"BETAMETASONA CREMA TÓPICA 0,05%",2,MEDICAMENTOS,1.0,937.0,2.0
2022-03-31,B004311,"BETAMETASONA CREMA TÓPICA 0,05%",3,MEDICAMENTOS,1.0,937.0,2.0
2022-04-30,B004311,"BETAMETASONA CREMA TÓPICA 0,05%",7,MEDICAMENTOS,1.0,937.0,2.0
2022-05-31,B004311,"BETAMETASONA CREMA TÓPICA 0,05%",2,MEDICAMENTOS,1.0,937.0,2.0
2022-06-30,B004311,"BETAMETASONA CREMA TÓPICA 0,05%",3,MEDICAMENTOS,1.0,937.0,2.0
2021-07-31,B004332,"BETAMETASONA UNGÜENTO TÓPICO 0,05% x 40G",8,MEDICAMENTOS,1.0,,
2021-08-31,B004332,"BETAMETASONA UNGÜENTO TÓPICO 0,05% x 40G",0,MEDICAMENTOS,1.0,,
2021-09-30,B004332,"BETAMETASONA UNGÜENTO TÓPICO 0,05% x 40G",4,MEDICAMENTOS,1.0,,
2021-10-31,B004332,"BETAMETASONA UNGÜENTO TÓPICO 0,05% x 40G",0,MEDICAMENTOS,1.0,,
2021-11-30,B004332,"BETAMETASONA UNGÜENTO TÓPICO 0,05% x 40G",6,MEDICAMENTOS,1.0,,
2021-12-31,B004332,"BETAMETASONA UNGÜENTO TÓPICO 0,05% x 40G",1,MEDICAMENTOS,1.0,,
2022-01-31,B004332,"BETAMETASONA UNGÜENTO TÓPICO 0,05% x 40G",1,MEDICAMENTOS,1.0,,
2022-02-28,B004332,"BETAMETASONA UNGÜENTO TÓPICO 0,05% x 40G",2,MEDICAMENTOS,1.0,,
2022-03-31,B004332,"BETAMETASONA UNGÜENTO TÓPICO 0,05% x 40G",3,MEDICAMENTOS,1.0,,
2022-04-30,B004332,"BETAMETASONA UNGÜENTO TÓPICO 0,05% x 40G",8,MEDICAMENTOS,1.0,,
2022-05-31,B004332,"BETAMETASONA UNGÜENTO TÓPICO 0,05% x 40G",2,MEDICAMENTOS,1.0,,
2022-06-30,B004332,"BETAMETASONA UNGÜENTO TÓPICO 0,05% x 40G",3,MEDICAMENTOS,1.0,,
2021-07-31,B005701,BETAMETASONA 4MG/1ML SOL. INYECTABLE,18,MEDICAMENTOS,1.0,173.5,33.0
2021-08-31,B005701,BETAMETASONA 4MG/1ML SOL. INYECTABLE,42,MEDICAMENTOS,1.0,173.5,33.0
2021-09-30,B005701,BETAMETASONA 4MG/1ML SOL. INYECTABLE,15,MEDICAMENTOS,1.0,173.5,33.0
2021-10-31,B005701,BETAMETASONA 4MG/1ML SOL. INYECTABLE,24,MEDICAMENTOS,1.0,173.5,33.0
2021-11-30,B005701,BETAMETASONA 4MG/1ML SOL. INYECTABLE,31,MEDICAMENTOS,1.0,173.5,33.0
2021-12-31,B005701,BETAMETASONA 4MG/1ML SOL. INYECTABLE,27,MEDICAMENTOS,1.0,173.5,33.0
2022-01-31,B005701,BETAMETASONA 4MG/1ML SOL. INYECTABLE,27,MEDICAMENTOS,1.0,173.5,33.0
2022-02-28,B005701,BETAMETASONA 4MG/1ML SOL. INYECTABLE,16,MEDICAMENTOS,1.0,173.5,33.0
2022-03-31,B005701,BETAMETASONA 4MG/1ML SOL. INYECTABLE,24,MEDICAMENTOS,1.0,173.5,33.0
2022-04-30,B005701,BETAMETASONA 4MG/1ML SOL. INYECTABLE,12,MEDICAMENTOS,1.0,173.5,33.0
2022-05-31,B005701,BETAMETASONA 4MG/1ML SOL. INYECTABLE,46,MEDICAMENTOS,1.0,173.5,33.0
2022-06-30,B005701,BETAMETASONA 4MG/1ML SOL. INYECTABLE,25,MEDICAMENTOS,1.0,173.5,33.0
2021-07-31,B008011,BIPERIDENO 2MG TABLETA,3,MEDICAMENTOS,1.0,125.0,29.0
2021-08-31,B008011,BIPERIDENO 2MG TABLETA,6,MEDICAMENTOS,1.0,125.0,29.0
2021-09-30,B008011,BIPERIDENO 2MG TABLETA,3,MEDICAMENTOS,1.0,125.0,29.0
2021-10-31,B008011,BIPERIDENO 2MG TABLETA,23,MEDICAMENTOS,1.0,125.0,29.0
2021-11-30,B008011,BIPERIDENO 2MG TABLETA,10,MEDICAMENTOS,1.0,125.0,29.0
2021-12-31,B008011,BIPERIDENO 2MG TABLETA,1,MEDICAMENTOS,1.0,125.0,29.0
2022-01-31,B008011,BIPERIDENO 2MG TABLETA,12,MEDICAMENTOS,1.0,125.0,29.0
2022-02-28,B008011,BIPERIDENO 2MG TABLETA,9,MEDICAMENTOS,1.0,125.0,29.0
2022-03-31,B008011,BIPERIDENO 2MG TABLETA,3,MEDICAMENTOS,1.0,125.0,29.0
2022-04-30,B008011,BIPERIDENO 2MG TABLETA,16,MEDICAMENTOS,1.0,125.0,29.0
2022-05-31,B008011,BIPERIDENO 2MG TABLETA,5,MEDICAMENTOS,1.0,125.0,29.0
2022-06-30,B008011,BIPERIDENO 2MG TABLETA,32,MEDICAMENTOS,1.0,125.0,29.0
2021-07-31,B010021,BISACODILO 5MG TABLETA,509,MEDICAMENTOS,1.0,10.5,179.0
2021-08-31,B010021,BISACODILO 5MG TABLETA,488,MEDICAMENTOS,1.0,10.5,179.0
2021-09-30,B010021,BISACODILO 5MG TABLETA,661,MEDICAMENTOS,1.0,10.5,179.0
2021-10-31,B010021,BISACODILO 5MG TABLETA,492,MEDICAMENTOS,1.0,10.5,179.0
2021-11-30,B010021,BISACODILO 5MG TABLETA,542,MEDICAMENTOS,1.0,10.5,179.0
2021-12-31,B010021,BISACODILO 5MG TABLETA,495,MEDICAMENTOS,1.0,10.5,179.0
2022-01-31,B010021,BISACODILO 5MG TABLETA,459,MEDICAMENTOS,1.0,10.5,179.0
2022-02-28,B010021,BISACODILO 5MG TABLETA,440,MEDICAMENTOS,1.0,10.5,179.0
2022-03-31,B010021,BISACODILO 5MG TABLETA,443,MEDICAMENTOS,1.0,10.5,179.0
2022-04-30,B010021,BISACODILO 5MG TABLETA,519,MEDICAMENTOS,1.0,10.5,179.0
2022-05-31,B010021,BISACODILO 5MG TABLETA,372,MEDICAMENTOS,1.0,10.5,179.0
2022-06-30,B010021,BISACODILO 5MG TABLETA,373,MEDICAMENTOS,1.0,10.5,179.0
2021-07-31,B012011,"BROMOCRIPTINA 2,5MG TABLETA",0,MEDICAMENTOS,1.0,394.0,11.0
2021-08-31,B012011,"BROMOCRIPTINA 2,5MG TABLETA",0,MEDICAMENTOS,1.0,394.0,11.0
2021-09-30,B012011,"BROMOCRIPTINA 2,5MG TABLETA",5,MEDICAMENTOS,1.0,394.0,11.0
2021-10-31,B012011,"BROMOCRIPTINA 2,5MG TABLETA",0,MEDICAMENTOS,1.0,394.0,11.0
2021-11-30,B012011,"BROMOCRIPTINA 2,5MG TABLETA",0,MEDICAMENTOS,1.0,394.0,11.0
2021-12-31,B012011,"BROMOCRIPTINA 2,5MG TABLETA",2,MEDICAMENTOS,1.0,394.0,11.0
2022-01-31,B012011,"BROMOCRIPTINA 2,5MG TABLETA",18,MEDICAMENTOS,1.0,394.0,11.0
2022-02-28,B012011,"BROMOCRIPTINA 2,5MG TABLETA",4,MEDICAMENTOS,1.0,394.0,11.0
2022-03-31,B012011,"BROMOCRIPTINA 2,5MG TABLETA",0,MEDICAMENTOS,1.0,394.0,11.0
2022-04-30,B012011,"BROMOCRIPTINA 2,5MG TABLETA",0,MEDICAMENTOS,1.0,394.0,11.0
2022-05-31,B012011,"BROMOCRIPTINA 2,5MG TABLETA",4,MEDICAMENTOS,1.0,394.0,11.0
2022-06-30,B012011,"BROMOCRIPTINA 2,5MG TABLETA",4,MEDICAMENTOS,1.0,394.0,11.0
2021-07-31,BISAPRO,BISOPROLOL TABLETA 10MG,0,MEDICAMENTOS,1.0,1328.0,30.0
2021-08-31,BISAPRO,BISOPROLOL TABLETA 10MG,0,MEDICAMENTOS,1.0,1328.0,30.0
2021-09-30,BISAPRO,BISOPROLOL TABLETA 10MG,0,MEDICAMENTOS,1.0,1328.0,30.0
2021-10-31,BISAPRO,BISOPROLOL TABLETA 10MG,11,MEDICAMENTOS,1.0,1328.0,30.0
2021-11-30,BISAPRO,BISOPROLOL TABLETA 10MG,0,MEDICAMENTOS,1.0,1328.0,30.0
2021-12-31,BISAPRO,BISOPROLOL TABLETA 10MG,0,MEDICAMENTOS,1.0,1328.0,30.0
2022-01-31,BISAPRO,BISOPROLOL TABLETA 10MG,0,MEDICAMENTOS,1.0,1328.0,30.0
2022-02-28,BISAPRO,BISOPROLOL TABLETA 10MG,0,MEDICAMENTOS,1.0,1328.0,30.0
2022-03-31,BISAPRO,BISOPROLOL TABLETA 10MG,11,MEDICAMENTOS,1.0,1328.0,30.0
2022-04-30,BISAPRO,BISOPROLOL TABLETA 10MG,1,MEDICAMENTOS,1.0,1328.0,30.0
2022-05-31,BISAPRO,BISOPROLOL TABLETA 10MG,0,MEDICAMENTOS,1.0,1328.0,30.0
2022-06-30,BISAPRO,BISOPROLOL TABLETA 10MG,0,MEDICAMENTOS,1.0,1328.0,30.0
2021-07-31,C0000005,CARVEDILOL TABLETA 25MG,0,MEDICAMENTOS,1.0,85.0,8.0
2021-08-31,C0000005,CARVEDILOL TABLETA 25MG,0,MEDICAMENTOS,1.0,85.0,8.0
2021-09-30,C0000005,CARVEDILOL TABLETA 25MG,14,MEDICAMENTOS,1.0,85.0,8.0
2021-10-31,C0000005,CARVEDILOL TABLETA 25MG,4,MEDICAMENTOS,1.0,85.0,8.0
2021-11-30,C0000005,CARVEDILOL TABLETA 25MG,0,MEDICAMENTOS,1.0,85.0,8.0
2021-12-31,C0000005,CARVEDILOL TABLETA 25MG,6,MEDICAMENTOS,1.0,85.0,8.0
2022-01-31,C0000005,CARVEDILOL TABLETA 25MG,1,MEDICAMENTOS,1.0,85.0,8.0
2022-02-28,C0000005,CARVEDILOL TABLETA 25MG,0,MEDICAMENTOS,1.0,85.0,8.0
2022-03-31,C0000005,CARVEDILOL TABLETA 25MG,11,MEDICAMENTOS,1.0,85.0,8.0
2022-04-30,C0000005,CARVEDILOL TABLETA 25MG,0,MEDICAMENTOS,1.0,85.0,8.0
2022-05-31,C0000005,CARVEDILOL TABLETA 25MG,0,MEDICAMENTOS,1.0,85.0,8.0
2022-06-30,C0000005,CARVEDILOL TABLETA 25MG,0,MEDICAMENTOS,1.0,85.0,8.0
2021-07-31,C0000008,CASPOFUNGINA 70MG POLVO LIOFILIZADO ,5,MEDICAMENTOS,1.0,629546.0,4.0
2021-08-31,C0000008,CASPOFUNGINA 70MG POLVO LIOFILIZADO ,11,MEDICAMENTOS,1.0,629546.0,4.0
2021-09-30,C0000008,CASPOFUNGINA 70MG POLVO LIOFILIZADO ,7,MEDICAMENTOS,1.0,629546.0,4.0
2021-10-31,C0000008,CASPOFUNGINA 70MG POLVO LIOFILIZADO ,3,MEDICAMENTOS,1.0,629546.0,4.0
2021-11-30,C0000008,CASPOFUNGINA 70MG POLVO LIOFILIZADO ,2,MEDICAMENTOS,1.0,629546.0,4.0
2021-12-31,C0000008,CASPOFUNGINA 70MG POLVO LIOFILIZADO ,3,MEDICAMENTOS,1.0,629546.0,4.0
2022-01-31,C0000008,CASPOFUNGINA 70MG POLVO LIOFILIZADO ,3,MEDICAMENTOS,1.0,629546.0,4.0
2022-02-28,C0000008,CASPOFUNGINA 70MG POLVO LIOFILIZADO ,7,MEDICAMENTOS,1.0,629546.0,4.0
2022-03-31,C0000008,CASPOFUNGINA 70MG POLVO LIOFILIZADO ,3,MEDICAMENTOS,1.0,629546.0,4.0
2022-04-30,C0000008,CASPOFUNGINA 70MG POLVO LIOFILIZADO ,2,MEDICAMENTOS,1.0,629546.0,4.0
2022-05-31,C0000008,CASPOFUNGINA 70MG POLVO LIOFILIZADO ,13,MEDICAMENTOS,1.0,629546.0,4.0
2022-06-30,C0000008,CASPOFUNGINA 70MG POLVO LIOFILIZADO ,11,MEDICAMENTOS,1.0,629546.0,4.0
2021-07-31,C0000019,CETIRIZINA 10MG TABLETA ,0,MEDICAMENTOS,1.0,26.0,12.0
2021-08-31,C0000019,CETIRIZINA 10MG TABLETA ,0,MEDICAMENTOS,1.0,26.0,12.0
2021-09-30,C0000019,CETIRIZINA 10MG TABLETA ,0,MEDICAMENTOS,1.0,26.0,12.0
2021-10-31,C0000019,CETIRIZINA 10MG TABLETA ,0,MEDICAMENTOS,1.0,26.0,12.0
2021-11-30,C0000019,CETIRIZINA 10MG TABLETA ,0,MEDICAMENTOS,1.0,26.0,12.0
2021-12-31,C0000019,CETIRIZINA 10MG TABLETA ,7,MEDICAMENTOS,1.0,26.0,12.0
2022-01-31,C0000019,CETIRIZINA 10MG TABLETA ,0,MEDICAMENTOS,1.0,26.0,12.0
2022-02-28,C0000019,CETIRIZINA 10MG TABLETA ,5,MEDICAMENTOS,1.0,26.0,12.0
2022-03-31,C0000019,CETIRIZINA 10MG TABLETA ,3,MEDICAMENTOS,1.0,26.0,12.0
2022-04-30,C0000019,CETIRIZINA 10MG TABLETA ,28,MEDICAMENTOS,1.0,26.0,12.0
2022-05-31,C0000019,CETIRIZINA 10MG TABLETA ,0,MEDICAMENTOS,1.0,26.0,12.0
2022-06-30,C0000019,CETIRIZINA 10MG TABLETA ,0,MEDICAMENTOS,1.0,26.0,12.0
2021-07-31,C0000028,CLARITROMICINA TABLETA 500MG,77,MEDICAMENTOS,1.0,535.0,105.0
2021-08-31,C0000028,CLARITROMICINA TABLETA 500MG,105,MEDICAMENTOS,1.0,535.0,105.0
2021-09-30,C0000028,CLARITROMICINA TABLETA 500MG,185,MEDICAMENTOS,1.0,535.0,105.0
2021-10-31,C0000028,CLARITROMICINA TABLETA 500MG,118,MEDICAMENTOS,1.0,535.0,105.0
2021-11-30,C0000028,CLARITROMICINA TABLETA 500MG,117,MEDICAMENTOS,1.0,535.0,105.0
2021-12-31,C0000028,CLARITROMICINA TABLETA 500MG,160,MEDICAMENTOS,1.0,535.0,105.0
2022-01-31,C0000028,CLARITROMICINA TABLETA 500MG,162,MEDICAMENTOS,1.0,535.0,105.0
2022-02-28,C0000028,CLARITROMICINA TABLETA 500MG,69,MEDICAMENTOS,1.0,535.0,105.0
2022-03-31,C0000028,CLARITROMICINA TABLETA 500MG,98,MEDICAMENTOS,1.0,535.0,105.0
2022-04-30,C0000028,CLARITROMICINA TABLETA 500MG,24,MEDICAMENTOS,1.0,535.0,105.0
2022-05-31,C0000028,CLARITROMICINA TABLETA 500MG,78,MEDICAMENTOS,1.0,535.0,105.0
2022-06-30,C0000028,CLARITROMICINA TABLETA 500MG,237,MEDICAMENTOS,1.0,535.0,105.0
2021-07-31,C0000030,CLINDAMICINA CÁPSULA 300MG,33,MEDICAMENTOS,1.0,814.0,8.0
2021-08-31,C0000030,CLINDAMICINA CÁPSULA 300MG,0,MEDICAMENTOS,1.0,814.0,8.0
2021-09-30,C0000030,CLINDAMICINA CÁPSULA 300MG,0,MEDICAMENTOS,1.0,814.0,8.0
2021-10-31,C0000030,CLINDAMICINA CÁPSULA 300MG,0,MEDICAMENTOS,1.0,814.0,8.0
2021-11-30,C0000030,CLINDAMICINA CÁPSULA 300MG,0,MEDICAMENTOS,1.0,814.0,8.0
2021-12-31,C0000030,CLINDAMICINA CÁPSULA 300MG,0,MEDICAMENTOS,1.0,814.0,8.0
2022-01-31,C0000030,CLINDAMICINA CÁPSULA 300MG,37,MEDICAMENTOS,1.0,814.0,8.0
2022-02-28,C0000030,CLINDAMICINA CÁPSULA 300MG,8,MEDICAMENTOS,1.0,814.0,8.0
2022-03-31,C0000030,CLINDAMICINA CÁPSULA 300MG,0,MEDICAMENTOS,1.0,814.0,8.0
2022-04-30,C0000030,CLINDAMICINA CÁPSULA 300MG,4,MEDICAMENTOS,1.0,814.0,8.0
2022-05-31,C0000030,CLINDAMICINA CÁPSULA 300MG,0,MEDICAMENTOS,1.0,814.0,8.0
2022-06-30,C0000030,CLINDAMICINA CÁPSULA 300MG,0,MEDICAMENTOS,1.0,814.0,8.0
2021-07-31,C0000035,CLOPIDOGREL TABLETA 75MG,175,MEDICAMENTOS,1.0,50.5,65.0
2021-08-31,C0000035,CLOPIDOGREL TABLETA 75MG,246,MEDICAMENTOS,1.0,50.5,65.0
2021-09-30,C0000035,CLOPIDOGREL TABLETA 75MG,254,MEDICAMENTOS,1.0,50.5,65.0
2021-10-31,C0000035,CLOPIDOGREL TABLETA 75MG,216,MEDICAMENTOS,1.0,50.5,65.0
2021-11-30,C0000035,CLOPIDOGREL TABLETA 75MG,164,MEDICAMENTOS,1.0,50.5,65.0
2021-12-31,C0000035,CLOPIDOGREL TABLETA 75MG,208,MEDICAMENTOS,1.0,50.5,65.0
2022-01-31,C0000035,CLOPIDOGREL TABLETA 75MG,216,MEDICAMENTOS,1.0,50.5,65.0
2022-02-28,C0000035,CLOPIDOGREL TABLETA 75MG,137,MEDICAMENTOS,1.0,50.5,65.0
2022-03-31,C0000035,CLOPIDOGREL TABLETA 75MG,155,MEDICAMENTOS,1.0,50.5,65.0
2022-04-30,C0000035,CLOPIDOGREL TABLETA 75MG,229,MEDICAMENTOS,1.0,50.5,65.0
2022-05-31,C0000035,CLOPIDOGREL TABLETA 75MG,160,MEDICAMENTOS,1.0,50.5,65.0
2022-06-30,C0000035,CLOPIDOGREL TABLETA 75MG,201,MEDICAMENTOS,1.0,50.5,65.0
2021-07-31,C0000047,"CARVEDILOL TABLETA 12,5MG",142,MEDICAMENTOS,1.0,50.0,31.0
2021-08-31,C0000047,"CARVEDILOL TABLETA 12,5MG",100,MEDICAMENTOS,1.0,50.0,31.0
2021-09-30,C0000047,"CARVEDILOL TABLETA 12,5MG",146,MEDICAMENTOS,1.0,50.0,31.0
2021-10-31,C0000047,"CARVEDILOL TABLETA 12,5MG",69,MEDICAMENTOS,1.0,50.0,31.0
2021-11-30,C0000047,"CARVEDILOL TABLETA 12,5MG",97,MEDICAMENTOS,1.0,50.0,31.0
2021-12-31,C0000047,"CARVEDILOL TABLETA 12,5MG",45,MEDICAMENTOS,1.0,50.0,31.0
2022-01-31,C0000047,"CARVEDILOL TABLETA 12,5MG",103,MEDICAMENTOS,1.0,50.0,31.0
2022-02-28,C0000047,"CARVEDILOL TABLETA 12,5MG",59,MEDICAMENTOS,1.0,50.0,31.0
2022-03-31,C0000047,"CARVEDILOL TABLETA 12,5MG",64,MEDICAMENTOS,1.0,50.0,31.0
2022-04-30,C0000047,"CARVEDILOL TABLETA 12,5MG",86,MEDICAMENTOS,1.0,50.0,31.0
2022-05-31,C0000047,"CARVEDILOL TABLETA 12,5MG",44,MEDICAMENTOS,1.0,50.0,31.0
2022-06-30,C0000047,"CARVEDILOL TABLETA 12,5MG",98,MEDICAMENTOS,1.0,50.0,31.0
2021-07-31,C001011,CALCIO CARBONATO 600MG TABLETA ,187,MEDICAMENTOS,1.0,34.5,73.0
2021-08-31,C001011,CALCIO CARBONATO 600MG TABLETA ,143,MEDICAMENTOS,1.0,34.5,73.0
2021-09-30,C001011,CALCIO CARBONATO 600MG TABLETA ,115,MEDICAMENTOS,1.0,34.5,73.0
2021-10-31,C001011,CALCIO CARBONATO 600MG TABLETA ,282,MEDICAMENTOS,1.0,34.5,73.0
2021-11-30,C001011,CALCIO CARBONATO 600MG TABLETA ,238,MEDICAMENTOS,1.0,34.5,73.0
2021-12-31,C001011,CALCIO CARBONATO 600MG TABLETA ,102,MEDICAMENTOS,1.0,34.5,73.0
2022-01-31,C001011,CALCIO CARBONATO 600MG TABLETA ,109,MEDICAMENTOS,1.0,34.5,73.0
2022-02-28,C001011,CALCIO CARBONATO 600MG TABLETA ,183,MEDICAMENTOS,1.0,34.5,73.0
2022-03-31,C001011,CALCIO CARBONATO 600MG TABLETA ,108,MEDICAMENTOS,1.0,34.5,73.0
2022-04-30,C001011,CALCIO CARBONATO 600MG TABLETA ,64,MEDICAMENTOS,1.0,34.5,73.0
2022-05-31,C001011,CALCIO CARBONATO 600MG TABLETA ,102,MEDICAMENTOS,1.0,34.5,73.0
2022-06-30,C001011,CALCIO CARBONATO 600MG TABLETA ,201,MEDICAMENTOS,1.0,34.5,73.0
2021-07-31,C002701,CALCIO GLUCONATO SOL. INYECTABLE 10%/10ML,227,MEDICAMENTOS,1.0,368.0,62.0
2021-08-31,C002701,CALCIO GLUCONATO SOL. INYECTABLE 10%/10ML,312,MEDICAMENTOS,1.0,368.0,62.0
2021-09-30,C002701,CALCIO GLUCONATO SOL. INYECTABLE 10%/10ML,358,MEDICAMENTOS,1.0,368.0,62.0
2021-10-31,C002701,CALCIO GLUCONATO SOL. INYECTABLE 10%/10ML,265,MEDICAMENTOS,1.0,368.0,62.0
2021-11-30,C002701,CALCIO GLUCONATO SOL. INYECTABLE 10%/10ML,190,MEDICAMENTOS,1.0,368.0,62.0
2021-12-31,C002701,CALCIO GLUCONATO SOL. INYECTABLE 10%/10ML,116,MEDICAMENTOS,1.0,368.0,62.0
2022-01-31,C002701,CALCIO GLUCONATO SOL. INYECTABLE 10%/10ML,347,MEDICAMENTOS,1.0,368.0,62.0
2022-02-28,C002701,CALCIO GLUCONATO SOL. INYECTABLE 10%/10ML,359,MEDICAMENTOS,1.0,368.0,62.0
2022-03-31,C002701,CALCIO GLUCONATO SOL. INYECTABLE 10%/10ML,118,MEDICAMENTOS,1.0,368.0,62.0
2022-04-30,C002701,CALCIO GLUCONATO SOL. INYECTABLE 10%/10ML,187,MEDICAMENTOS,1.0,368.0,62.0
2022-05-31,C002701,CALCIO GLUCONATO SOL. INYECTABLE 10%/10ML,274,MEDICAMENTOS,1.0,368.0,62.0
2022-06-30,C002701,CALCIO GLUCONATO SOL. INYECTABLE 10%/10ML,441,MEDICAMENTOS,1.0,368.0,62.0
2021-07-31,C003101,"CALCITRIOL 0,25MCG CÁPSULA ",24,MEDICAMENTOS,1.0,72.0,40.0
2021-08-31,C003101,"CALCITRIOL 0,25MCG CÁPSULA ",39,MEDICAMENTOS,1.0,72.0,40.0
2021-09-30,C003101,"CALCITRIOL 0,25MCG CÁPSULA ",97,MEDICAMENTOS,1.0,72.0,40.0
2021-10-31,C003101,"CALCITRIOL 0,25MCG CÁPSULA ",23,MEDICAMENTOS,1.0,72.0,40.0
2021-11-30,C003101,"CALCITRIOL 0,25MCG CÁPSULA ",28,MEDICAMENTOS,1.0,72.0,40.0
2021-12-31,C003101,"CALCITRIOL 0,25MCG CÁPSULA ",31,MEDICAMENTOS,1.0,72.0,40.0
2022-01-31,C003101,"CALCITRIOL 0,25MCG CÁPSULA ",2,MEDICAMENTOS,1.0,72.0,40.0
2022-02-28,C003101,"CALCITRIOL 0,25MCG CÁPSULA ",18,MEDICAMENTOS,1.0,72.0,40.0
2022-03-31,C003101,"CALCITRIOL 0,25MCG CÁPSULA ",6,MEDICAMENTOS,1.0,72.0,40.0
2022-04-30,C003101,"CALCITRIOL 0,25MCG CÁPSULA ",46,MEDICAMENTOS,1.0,72.0,40.0
2022-05-31,C003101,"CALCITRIOL 0,25MCG CÁPSULA ",66,MEDICAMENTOS,1.0,72.0,40.0
2022-06-30,C003101,"CALCITRIOL 0,25MCG CÁPSULA ",57,MEDICAMENTOS,1.0,72.0,40.0
2021-07-31,C003102,"CALCITRIOL 0,50MCG CÁPSULA ",106,MEDICAMENTOS,1.0,95.0,50.0
2021-08-31,C003102,"CALCITRIOL 0,50MCG CÁPSULA ",72,MEDICAMENTOS,1.0,95.0,50.0
2021-09-30,C003102,"CALCITRIOL 0,50MCG CÁPSULA ",58,MEDICAMENTOS,1.0,95.0,50.0
2021-10-31,C003102,"CALCITRIOL 0,50MCG CÁPSULA ",79,MEDICAMENTOS,1.0,95.0,50.0
2021-11-30,C003102,"CALCITRIOL 0,50MCG CÁPSULA ",84,MEDICAMENTOS,1.0,95.0,50.0
2021-12-31,C003102,"CALCITRIOL 0,50MCG CÁPSULA ",37,MEDICAMENTOS,1.0,95.0,50.0
2022-01-31,C003102,"CALCITRIOL 0,50MCG CÁPSULA ",23,MEDICAMENTOS,1.0,95.0,50.0
2022-02-28,C003102,"CALCITRIOL 0,50MCG CÁPSULA ",82,MEDICAMENTOS,1.0,95.0,50.0
2022-03-31,C003102,"CALCITRIOL 0,50MCG CÁPSULA ",19,MEDICAMENTOS,1.0,95.0,50.0
2022-04-30,C003102,"CALCITRIOL 0,50MCG CÁPSULA ",24,MEDICAMENTOS,1.0,95.0,50.0
2022-05-31,C003102,"CALCITRIOL 0,50MCG CÁPSULA ",11,MEDICAMENTOS,1.0,95.0,50.0
2022-06-30,C003102,"CALCITRIOL 0,50MCG CÁPSULA ",144,MEDICAMENTOS,1.0,95.0,50.0
2021-07-31,C004011,CAPTOPRIL 25MG TABLETA ,0,MEDICAMENTOS,1.0,49.0,24.0
2021-08-31,C004011,CAPTOPRIL 25MG TABLETA ,0,MEDICAMENTOS,1.0,49.0,24.0
2021-09-30,C004011,CAPTOPRIL 25MG TABLETA ,0,MEDICAMENTOS,1.0,49.0,24.0
2021-10-31,C004011,CAPTOPRIL 25MG TABLETA ,25,MEDICAMENTOS,1.0,49.0,24.0
2021-11-30,C004011,CAPTOPRIL 25MG TABLETA ,0,MEDICAMENTOS,1.0,49.0,24.0
2021-12-31,C004011,CAPTOPRIL 25MG TABLETA ,2,MEDICAMENTOS,1.0,49.0,24.0
2022-01-31,C004011,CAPTOPRIL 25MG TABLETA ,0,MEDICAMENTOS,1.0,49.0,24.0
2022-02-28,C004011,CAPTOPRIL 25MG TABLETA ,0,MEDICAMENTOS,1.0,49.0,24.0
2022-03-31,C004011,CAPTOPRIL 25MG TABLETA ,0,MEDICAMENTOS,1.0,49.0,24.0
2022-04-30,C004011,CAPTOPRIL 25MG TABLETA ,3,MEDICAMENTOS,1.0,49.0,24.0
2022-05-31,C004011,CAPTOPRIL 25MG TABLETA ,42,MEDICAMENTOS,1.0,49.0,24.0
2022-06-30,C004011,CAPTOPRIL 25MG TABLETA ,12,MEDICAMENTOS,1.0,49.0,24.0
2021-07-31,C004012,CAPTOPRIL 50MG TABLETA ,0,MEDICAMENTOS,1.0,22.5,66.0
2021-08-31,C004012,CAPTOPRIL 50MG TABLETA ,0,MEDICAMENTOS,1.0,22.5,66.0
2021-09-30,C004012,CAPTOPRIL 50MG TABLETA ,0,MEDICAMENTOS,1.0,22.5,66.0
2021-10-31,C004012,CAPTOPRIL 50MG TABLETA ,0,MEDICAMENTOS,1.0,22.5,66.0
2021-11-30,C004012,CAPTOPRIL 50MG TABLETA ,0,MEDICAMENTOS,1.0,22.5,66.0
2021-12-31,C004012,CAPTOPRIL 50MG TABLETA ,14,MEDICAMENTOS,1.0,22.5,66.0
2022-01-31,C004012,CAPTOPRIL 50MG TABLETA ,0,MEDICAMENTOS,1.0,22.5,66.0
2022-02-28,C004012,CAPTOPRIL 50MG TABLETA ,0,MEDICAMENTOS,1.0,22.5,66.0
2022-03-31,C004012,CAPTOPRIL 50MG TABLETA ,0,MEDICAMENTOS,1.0,22.5,66.0
2022-04-30,C004012,CAPTOPRIL 50MG TABLETA ,28,MEDICAMENTOS,1.0,22.5,66.0
2022-05-31,C004012,CAPTOPRIL 50MG TABLETA ,0,MEDICAMENTOS,1.0,22.5,66.0
2022-06-30,C004012,CAPTOPRIL 50MG TABLETA ,0,MEDICAMENTOS,1.0,22.5,66.0
2021-07-31,C005011,CARBAMAZEPINA 200MG TABLETA ,109,MEDICAMENTOS,1.0,152.0,55.0
2021-08-31,C005011,CARBAMAZEPINA 200MG TABLETA ,49,MEDICAMENTOS,1.0,152.0,55.0
2021-09-30,C005011,CARBAMAZEPINA 200MG TABLETA ,74,MEDICAMENTOS,1.0,152.0,55.0
2021-10-31,C005011,CARBAMAZEPINA 200MG TABLETA ,148,MEDICAMENTOS,1.0,152.0,55.0
2021-11-30,C005011,CARBAMAZEPINA 200MG TABLETA ,128,MEDICAMENTOS,1.0,152.0,55.0
2021-12-31,C005011,CARBAMAZEPINA 200MG TABLETA ,186,MEDICAMENTOS,1.0,152.0,55.0
2022-01-31,C005011,CARBAMAZEPINA 200MG TABLETA ,102,MEDICAMENTOS,1.0,152.0,55.0
2022-02-28,C005011,CARBAMAZEPINA 200MG TABLETA ,142,MEDICAMENTOS,1.0,152.0,55.0
2022-03-31,C005011,CARBAMAZEPINA 200MG TABLETA ,265,MEDICAMENTOS,1.0,152.0,55.0
2022-04-30,C005011,CARBAMAZEPINA 200MG TABLETA ,86,MEDICAMENTOS,1.0,152.0,55.0
2022-05-31,C005011,CARBAMAZEPINA 200MG TABLETA ,110,MEDICAMENTOS,1.0,152.0,55.0
2022-06-30,C005011,CARBAMAZEPINA 200MG TABLETA ,168,MEDICAMENTOS,1.0,152.0,55.0
2021-07-31,C008142,CEFALEXINA 500MG CAPSULA ,80,MEDICAMENTOS,1.0,54.0,50.0
2021-08-31,C008142,CEFALEXINA 500MG CAPSULA ,15,MEDICAMENTOS,1.0,54.0,50.0
2021-09-30,C008142,CEFALEXINA 500MG CAPSULA ,89,MEDICAMENTOS,1.0,54.0,50.0
2021-10-31,C008142,CEFALEXINA 500MG CAPSULA ,58,MEDICAMENTOS,1.0,54.0,50.0
2021-11-30,C008142,CEFALEXINA 500MG CAPSULA ,8,MEDICAMENTOS,1.0,54.0,50.0
2021-12-31,C008142,CEFALEXINA 500MG CAPSULA ,0,MEDICAMENTOS,1.0,54.0,50.0
2022-01-31,C008142,CEFALEXINA 500MG CAPSULA ,0,MEDICAMENTOS,1.0,54.0,50.0
2022-02-28,C008142,CEFALEXINA 500MG CAPSULA ,136,MEDICAMENTOS,1.0,54.0,50.0
2022-03-31,C008142,CEFALEXINA 500MG CAPSULA ,10,MEDICAMENTOS,1.0,54.0,50.0
2022-04-30,C008142,CEFALEXINA 500MG CAPSULA ,28,MEDICAMENTOS,1.0,54.0,50.0
2022-05-31,C008142,CEFALEXINA 500MG CAPSULA ,67,MEDICAMENTOS,1.0,54.0,50.0
2022-06-30,C008142,CEFALEXINA 500MG CAPSULA ,5,MEDICAMENTOS,1.0,54.0,50.0
2021-07-31,C008232,CEFALEXINA 250MG/5ML POLVO PARA SOLUCION ORAL,2,MEDICAMENTOS,1.0,2562.0,2.0
2021-08-31,C008232,CEFALEXINA 250MG/5ML POLVO PARA SOLUCION ORAL,1,MEDICAMENTOS,1.0,2562.0,2.0
2021-09-30,C008232,CEFALEXINA 250MG/5ML POLVO PARA SOLUCION ORAL,0,MEDICAMENTOS,1.0,2562.0,2.0
2021-10-31,C008232,CEFALEXINA 250MG/5ML POLVO PARA SOLUCION ORAL,1,MEDICAMENTOS,1.0,2562.0,2.0
2021-11-30,C008232,CEFALEXINA 250MG/5ML POLVO PARA SOLUCION ORAL,1,MEDICAMENTOS,1.0,2562.0,2.0
2021-12-31,C008232,CEFALEXINA 250MG/5ML POLVO PARA SOLUCION ORAL,0,MEDICAMENTOS,1.0,2562.0,2.0
2022-01-31,C008232,CEFALEXINA 250MG/5ML POLVO PARA SOLUCION ORAL,1,MEDICAMENTOS,1.0,2562.0,2.0
2022-02-28,C008232,CEFALEXINA 250MG/5ML POLVO PARA SOLUCION ORAL,4,MEDICAMENTOS,1.0,2562.0,2.0
2022-03-31,C008232,CEFALEXINA 250MG/5ML POLVO PARA SOLUCION ORAL,0,MEDICAMENTOS,1.0,2562.0,2.0
2022-04-30,C008232,CEFALEXINA 250MG/5ML POLVO PARA SOLUCION ORAL,1,MEDICAMENTOS,1.0,2562.0,2.0
2022-05-31,C008232,CEFALEXINA 250MG/5ML POLVO PARA SOLUCION ORAL,0,MEDICAMENTOS,1.0,2562.0,2.0
2022-06-30,C008232,CEFALEXINA 250MG/5ML POLVO PARA SOLUCION ORAL,0,MEDICAMENTOS,1.0,2562.0,2.0
2021-07-31,C009141,CEFRADINA 500MG CÁPSULA ,38,MEDICAMENTOS,1.0,0.0,0.0
2021-08-31,C009141,CEFRADINA 500MG CÁPSULA ,0,MEDICAMENTOS,1.0,0.0,0.0
2021-09-30,C009141,CEFRADINA 500MG CÁPSULA ,0,MEDICAMENTOS,1.0,0.0,0.0
2021-10-31,C009141,CEFRADINA 500MG CÁPSULA ,0,MEDICAMENTOS,1.0,0.0,0.0
2021-11-30,C009141,CEFRADINA 500MG CÁPSULA ,19,MEDICAMENTOS,1.0,0.0,0.0
2021-12-31,C009141,CEFRADINA 500MG CÁPSULA ,0,MEDICAMENTOS,1.0,0.0,0.0
2022-01-31,C009141,CEFRADINA 500MG CÁPSULA ,0,MEDICAMENTOS,1.0,0.0,0.0
2022-02-28,C009141,CEFRADINA 500MG CÁPSULA ,0,MEDICAMENTOS,1.0,0.0,0.0
2022-03-31,C009141,CEFRADINA 500MG CÁPSULA ,0,MEDICAMENTOS,1.0,0.0,0.0
2022-04-30,C009141,CEFRADINA 500MG CÁPSULA ,0,MEDICAMENTOS,1.0,0.0,0.0
2022-05-31,C009141,CEFRADINA 500MG CÁPSULA ,0,MEDICAMENTOS,1.0,0.0,0.0
2022-06-30,C009141,CEFRADINA 500MG CÁPSULA ,0,MEDICAMENTOS,1.0,0.0,0.0
2021-07-31,C011723,CEFTRIAXONA 1G POLVO LIOFILIZADO,247,MEDICAMENTOS,1.0,782.0,105.0
2021-08-31,C011723,CEFTRIAXONA 1G POLVO LIOFILIZADO,405,MEDICAMENTOS,1.0,782.0,105.0
2021-09-30,C011723,CEFTRIAXONA 1G POLVO LIOFILIZADO,265,MEDICAMENTOS,1.0,782.0,105.0
2021-10-31,C011723,CEFTRIAXONA 1G POLVO LIOFILIZADO,385,MEDICAMENTOS,1.0,782.0,105.0
2021-11-30,C011723,CEFTRIAXONA 1G POLVO LIOFILIZADO,342,MEDICAMENTOS,1.0,782.0,105.0
2021-12-31,C011723,CEFTRIAXONA 1G POLVO LIOFILIZADO,318,MEDICAMENTOS,1.0,782.0,105.0
2022-01-31,C011723,CEFTRIAXONA 1G POLVO LIOFILIZADO,259,MEDICAMENTOS,1.0,782.0,105.0
2022-02-28,C011723,CEFTRIAXONA 1G POLVO LIOFILIZADO,269,MEDICAMENTOS,1.0,782.0,105.0
2022-03-31,C011723,CEFTRIAXONA 1G POLVO LIOFILIZADO,361,MEDICAMENTOS,1.0,782.0,105.0
2022-04-30,C011723,CEFTRIAXONA 1G POLVO LIOFILIZADO,362,MEDICAMENTOS,1.0,782.0,105.0
2022-05-31,C011723,CEFTRIAXONA 1G POLVO LIOFILIZADO,343,MEDICAMENTOS,1.0,782.0,105.0
2022-06-30,C011723,CEFTRIAXONA 1G POLVO LIOFILIZADO,358,MEDICAMENTOS,1.0,782.0,105.0
2021-07-31,C014103,CICLOSPORINA 100MG CAPSULA,0,MEDICAMENTOS,1.0,0.0,0.0
2021-08-31,C014103,CICLOSPORINA 100MG CAPSULA,0,MEDICAMENTOS,1.0,0.0,0.0
2021-09-30,C014103,CICLOSPORINA 100MG CAPSULA,0,MEDICAMENTOS,1.0,0.0,0.0
2021-10-31,C014103,CICLOSPORINA 100MG CAPSULA,0,MEDICAMENTOS,1.0,0.0,0.0
2021-11-30,C014103,CICLOSPORINA 100MG CAPSULA,0,MEDICAMENTOS,1.0,0.0,0.0
2021-12-31,C014103,CICLOSPORINA 100MG CAPSULA,29,MEDICAMENTOS,1.0,0.0,0.0
2022-01-31,C014103,CICLOSPORINA 100MG CAPSULA,0,MEDICAMENTOS,1.0,0.0,0.0
2022-02-28,C014103,CICLOSPORINA 100MG CAPSULA,0,MEDICAMENTOS,1.0,0.0,0.0
2022-03-31,C014103,CICLOSPORINA 100MG CAPSULA,0,MEDICAMENTOS,1.0,0.0,0.0
2022-04-30,C014103,CICLOSPORINA 100MG CAPSULA,0,MEDICAMENTOS,1.0,0.0,0.0
2022-05-31,C014103,CICLOSPORINA 100MG CAPSULA,0,MEDICAMENTOS,1.0,0.0,0.0
2022-06-30,C014103,CICLOSPORINA 100MG CAPSULA,0,MEDICAMENTOS,1.0,0.0,0.0
2021-07-31,C015701,CIPROFLOXACINO 100MG/10ML SOL. INYECTABLE ,743,MEDICAMENTOS,1.0,1159.0,222.0
2021-08-31,C015701,CIPROFLOXACINO 100MG/10ML SOL. INYECTABLE ,849,MEDICAMENTOS,1.0,1159.0,222.0
2021-09-30,C015701,CIPROFLOXACINO 100MG/10ML SOL. INYECTABLE ,593,MEDICAMENTOS,1.0,1159.0,222.0
2021-10-31,C015701,CIPROFLOXACINO 100MG/10ML SOL. INYECTABLE ,564,MEDICAMENTOS,1.0,1159.0,222.0
2021-11-30,C015701,CIPROFLOXACINO 100MG/10ML SOL. INYECTABLE ,795,MEDICAMENTOS,1.0,1159.0,222.0
2021-12-31,C015701,CIPROFLOXACINO 100MG/10ML SOL. INYECTABLE ,607,MEDICAMENTOS,1.0,1159.0,222.0
2022-01-31,C015701,CIPROFLOXACINO 100MG/10ML SOL. INYECTABLE ,641,MEDICAMENTOS,1.0,1159.0,222.0
2022-02-28,C015701,CIPROFLOXACINO 100MG/10ML SOL. INYECTABLE ,664,MEDICAMENTOS,1.0,1159.0,222.0
2022-03-31,C015701,CIPROFLOXACINO 100MG/10ML SOL. INYECTABLE ,1332,MEDICAMENTOS,1.0,1159.0,222.0
2022-04-30,C015701,CIPROFLOXACINO 100MG/10ML SOL. INYECTABLE ,464,MEDICAMENTOS,1.0,1159.0,222.0
2022-05-31,C015701,CIPROFLOXACINO 100MG/10ML SOL. INYECTABLE ,421,MEDICAMENTOS,1.0,1159.0,222.0
2022-06-30,C015701,CIPROFLOXACINO 100MG/10ML SOL. INYECTABLE ,682,MEDICAMENTOS,1.0,1159.0,222.0
2021-07-31,C019701,CLINDAMICINA 600MG SOL. INYECTABLE ,558,MEDICAMENTOS,1.0,650.0,151.0
2021-08-31,C019701,CLINDAMICINA 600MG SOL. INYECTABLE ,766,MEDICAMENTOS,1.0,650.0,151.0
2021-09-30,C019701,CLINDAMICINA 600MG SOL. INYECTABLE ,528,MEDICAMENTOS,1.0,650.0,151.0
2021-10-31,C019701,CLINDAMICINA 600MG SOL. INYECTABLE ,514,MEDICAMENTOS,1.0,650.0,151.0
2021-11-30,C019701,CLINDAMICINA 600MG SOL. INYECTABLE ,676,MEDICAMENTOS,1.0,650.0,151.0
2021-12-31,C019701,CLINDAMICINA 600MG SOL. INYECTABLE ,773,MEDICAMENTOS,1.0,650.0,151.0
2022-01-31,C019701,CLINDAMICINA 600MG SOL. INYECTABLE ,616,MEDICAMENTOS,1.0,650.0,151.0
2022-02-28,C019701,CLINDAMICINA 600MG SOL. INYECTABLE ,645,MEDICAMENTOS,1.0,650.0,151.0
2022-03-31,C019701,CLINDAMICINA 600MG SOL. INYECTABLE ,524,MEDICAMENTOS,1.0,650.0,151.0
2022-04-30,C019701,CLINDAMICINA 600MG SOL. INYECTABLE ,598,MEDICAMENTOS,1.0,650.0,151.0
2022-05-31,C019701,CLINDAMICINA 600MG SOL. INYECTABLE ,494,MEDICAMENTOS,1.0,650.0,151.0
2022-06-30,C019701,CLINDAMICINA 600MG SOL. INYECTABLE ,624,MEDICAMENTOS,1.0,650.0,151.0
2021-07-31,C022011,CLORAMBUCILO 2MG TABLETA,0,MEDICAMENTOS,1.0,,
2021-08-31,C022011,CLORAMBUCILO 2MG TABLETA,0,MEDICAMENTOS,1.0,,
2021-09-30,C022011,CLORAMBUCILO 2MG TABLETA,0,MEDICAMENTOS,1.0,,
2021-10-31,C022011,CLORAMBUCILO 2MG TABLETA,0,MEDICAMENTOS,1.0,,
2021-11-30,C022011,CLORAMBUCILO 2MG TABLETA,0,MEDICAMENTOS,1.0,,
2021-12-31,C022011,CLORAMBUCILO 2MG TABLETA,0,MEDICAMENTOS,1.0,,
2022-01-31,C022011,CLORAMBUCILO 2MG TABLETA,0,MEDICAMENTOS,1.0,,
2022-02-28,C022011,CLORAMBUCILO 2MG TABLETA,4,MEDICAMENTOS,1.0,,
2022-03-31,C022011,CLORAMBUCILO 2MG TABLETA,21,MEDICAMENTOS,1.0,,
2022-04-30,C022011,CLORAMBUCILO 2MG TABLETA,0,MEDICAMENTOS,1.0,,
2022-05-31,C022011,CLORAMBUCILO 2MG TABLETA,0,MEDICAMENTOS,1.0,,
2022-06-30,C022011,CLORAMBUCILO 2MG TABLETA,0,MEDICAMENTOS,1.0,,
2021-07-31,C031321,CLOTRIMAZOL CREMA TÓPICA 1% ,74,MEDICAMENTOS,1.0,885.0,12.0
2021-08-31,C031321,CLOTRIMAZOL CREMA TÓPICA 1% ,52,MEDICAMENTOS,1.0,885.0,12.0
2021-09-30,C031321,CLOTRIMAZOL CREMA TÓPICA 1% ,41,MEDICAMENTOS,1.0,885.0,12.0
2021-10-31,C031321,CLOTRIMAZOL CREMA TÓPICA 1% ,53,MEDICAMENTOS,1.0,885.0,12.0
2021-11-30,C031321,CLOTRIMAZOL CREMA TÓPICA 1% ,30,MEDICAMENTOS,1.0,885.0,12.0
2021-12-31,C031321,CLOTRIMAZOL CREMA TÓPICA 1% ,23,MEDICAMENTOS,1.0,885.0,12.0
2022-01-31,C031321,CLOTRIMAZOL CREMA TÓPICA 1% ,28,MEDICAMENTOS,1.0,885.0,12.0
2022-02-28,C031321,CLOTRIMAZOL CREMA TÓPICA 1% ,12,MEDICAMENTOS,1.0,885.0,12.0
2022-03-31,C031321,CLOTRIMAZOL CREMA TÓPICA 1% ,40,MEDICAMENTOS,1.0,885.0,12.0
2022-04-30,C031321,CLOTRIMAZOL CREMA TÓPICA 1% ,45,MEDICAMENTOS,1.0,885.0,12.0
2022-05-31,C031321,CLOTRIMAZOL CREMA TÓPICA 1% ,21,MEDICAMENTOS,1.0,885.0,12.0
2022-06-30,C031321,CLOTRIMAZOL CREMA TÓPICA 1% ,20,MEDICAMENTOS,1.0,885.0,12.0
2021-07-31,C031511,CLOTRIMAZOL CREMA VAGINAL 1%,2,MEDICAMENTOS,1.0,992.5,5.0
2021-08-31,C031511,CLOTRIMAZOL CREMA VAGINAL 1%,6,MEDICAMENTOS,1.0,992.5,5.0
2021-09-30,C031511,CLOTRIMAZOL CREMA VAGINAL 1%,0,MEDICAMENTOS,1.0,992.5,5.0
2021-10-31,C031511,CLOTRIMAZOL CREMA VAGINAL 1%,4,MEDICAMENTOS,1.0,992.5,5.0
2021-11-30,C031511,CLOTRIMAZOL CREMA VAGINAL 1%,9,MEDICAMENTOS,1.0,992.5,5.0
2021-12-31,C031511,CLOTRIMAZOL CREMA VAGINAL 1%,0,MEDICAMENTOS,1.0,992.5,5.0
2022-01-31,C031511,CLOTRIMAZOL CREMA VAGINAL 1%,5,MEDICAMENTOS,1.0,992.5,5.0
2022-02-28,C031511,CLOTRIMAZOL CREMA VAGINAL 1%,9,MEDICAMENTOS,1.0,992.5,5.0
2022-03-31,C031511,CLOTRIMAZOL CREMA VAGINAL 1%,8,MEDICAMENTOS,1.0,992.5,5.0
2022-04-30,C031511,CLOTRIMAZOL CREMA VAGINAL 1%,3,MEDICAMENTOS,1.0,992.5,5.0
2022-05-31,C031511,CLOTRIMAZOL CREMA VAGINAL 1%,3,MEDICAMENTOS,1.0,992.5,5.0
2022-06-30,C031511,CLOTRIMAZOL CREMA VAGINAL 1%,4,MEDICAMENTOS,1.0,992.5,5.0
2021-07-31,C032013,CLOZAPINA TABLETA 100MG ,0,CONTROLADOS,1.0,38.0,171.0
2021-08-31,C032013,CLOZAPINA TABLETA 100MG ,19,CONTROLADOS,1.0,38.0,171.0
2021-09-30,C032013,CLOZAPINA TABLETA 100MG ,2,CONTROLADOS,1.0,38.0,171.0
2021-10-31,C032013,CLOZAPINA TABLETA 100MG ,0,CONTROLADOS,1.0,38.0,171.0
2021-11-30,C032013,CLOZAPINA TABLETA 100MG ,0,CONTROLADOS,1.0,38.0,171.0
2021-12-31,C032013,CLOZAPINA TABLETA 100MG ,3,CONTROLADOS,1.0,38.0,171.0
2022-01-31,C032013,CLOZAPINA TABLETA 100MG ,6,CONTROLADOS,1.0,38.0,171.0
2022-02-28,C032013,CLOZAPINA TABLETA 100MG ,47,CONTROLADOS,1.0,38.0,171.0
2022-03-31,C032013,CLOZAPINA TABLETA 100MG ,0,CONTROLADOS,1.0,38.0,171.0
2022-04-30,C032013,CLOZAPINA TABLETA 100MG ,0,CONTROLADOS,1.0,38.0,171.0
2022-05-31,C032013,CLOZAPINA TABLETA 100MG ,34,CONTROLADOS,1.0,38.0,171.0
2022-06-30,C032013,CLOZAPINA TABLETA 100MG ,0,CONTROLADOS,1.0,38.0,171.0
2021-07-31,C034011,"COLCHICINA 0,5MG TABLETA",9,MEDICAMENTOS,1.0,23.0,48.0
2021-08-31,C034011,"COLCHICINA 0,5MG TABLETA",35,MEDICAMENTOS,1.0,23.0,48.0
2021-09-30,C034011,"COLCHICINA 0,5MG TABLETA",42,MEDICAMENTOS,1.0,23.0,48.0
2021-10-31,C034011,"COLCHICINA 0,5MG TABLETA",17,MEDICAMENTOS,1.0,23.0,48.0
2021-11-30,C034011,"COLCHICINA 0,5MG TABLETA",32,MEDICAMENTOS,1.0,23.0,48.0
2021-12-31,C034011,"COLCHICINA 0,5MG TABLETA",110,MEDICAMENTOS,1.0,23.0,48.0
2022-01-31,C034011,"COLCHICINA 0,5MG TABLETA",28,MEDICAMENTOS,1.0,23.0,48.0
2022-02-28,C034011,"COLCHICINA 0,5MG TABLETA",77,MEDICAMENTOS,1.0,23.0,48.0
2022-03-31,C034011,"COLCHICINA 0,5MG TABLETA",23,MEDICAMENTOS,1.0,23.0,48.0
2022-04-30,C034011,"COLCHICINA 0,5MG TABLETA",21,MEDICAMENTOS,1.0,23.0,48.0
2022-05-31,C034011,"COLCHICINA 0,5MG TABLETA",5,MEDICAMENTOS,1.0,23.0,48.0
2022-06-30,C034011,"COLCHICINA 0,5MG TABLETA",0,MEDICAMENTOS,1.0,23.0,48.0
2021-07-31,C035251,COLESTIRAMINA 4G POLVO PARA SOLUCIÓN ORAL,9,MEDICAMENTOS,1.0,796.0,28.0
2021-08-31,C035251,COLESTIRAMINA 4G POLVO PARA SOLUCIÓN ORAL,20,MEDICAMENTOS,1.0,796.0,28.0
2021-09-30,C035251,COLESTIRAMINA 4G POLVO PARA SOLUCIÓN ORAL,62,MEDICAMENTOS,1.0,796.0,28.0
2021-10-31,C035251,COLESTIRAMINA 4G POLVO PARA SOLUCIÓN ORAL,69,MEDICAMENTOS,1.0,796.0,28.0
2021-11-30,C035251,COLESTIRAMINA 4G POLVO PARA SOLUCIÓN ORAL,7,MEDICAMENTOS,1.0,796.0,28.0
2021-12-31,C035251,COLESTIRAMINA 4G POLVO PARA SOLUCIÓN ORAL,27,MEDICAMENTOS,1.0,796.0,28.0
2022-01-31,C035251,COLESTIRAMINA 4G POLVO PARA SOLUCIÓN ORAL,82,MEDICAMENTOS,1.0,796.0,28.0
2022-02-28,C035251,COLESTIRAMINA 4G POLVO PARA SOLUCIÓN ORAL,3,MEDICAMENTOS,1.0,796.0,28.0
2022-03-31,C035251,COLESTIRAMINA 4G POLVO PARA SOLUCIÓN ORAL,66,MEDICAMENTOS,1.0,796.0,28.0
2022-04-30,C035251,COLESTIRAMINA 4G POLVO PARA SOLUCIÓN ORAL,55,MEDICAMENTOS,1.0,796.0,28.0
2022-05-31,C035251,COLESTIRAMINA 4G POLVO PARA SOLUCIÓN ORAL,10,MEDICAMENTOS,1.0,796.0,28.0
2022-06-30,C035251,COLESTIRAMINA 4G POLVO PARA SOLUCIÓN ORAL,57,MEDICAMENTOS,1.0,796.0,28.0
2021-07-31,C041602,SODIO CROMOGLICATO SOLUCIÓN OFTÁLMICA 40MG/1ML (400MG/10ML),0,MEDICAMENTOS,1.0,0.0,0.0
2021-08-31,C041602,SODIO CROMOGLICATO SOLUCIÓN OFTÁLMICA 40MG/1ML (400MG/10ML),0,MEDICAMENTOS,1.0,0.0,0.0
2021-09-30,C041602,SODIO CROMOGLICATO SOLUCIÓN OFTÁLMICA 40MG/1ML (400MG/10ML),0,MEDICAMENTOS,1.0,0.0,0.0
2021-10-31,C041602,SODIO CROMOGLICATO SOLUCIÓN OFTÁLMICA 40MG/1ML (400MG/10ML),0,MEDICAMENTOS,1.0,0.0,0.0
2021-11-30,C041602,SODIO CROMOGLICATO SOLUCIÓN OFTÁLMICA 40MG/1ML (400MG/10ML),0,MEDICAMENTOS,1.0,0.0,0.0
2021-12-31,C041602,SODIO CROMOGLICATO SOLUCIÓN OFTÁLMICA 40MG/1ML (400MG/10ML),0,MEDICAMENTOS,1.0,0.0,0.0
2022-01-31,C041602,SODIO CROMOGLICATO SOLUCIÓN OFTÁLMICA 40MG/1ML (400MG/10ML),0,MEDICAMENTOS,1.0,0.0,0.0
2022-02-28,C041602,SODIO CROMOGLICATO SOLUCIÓN OFTÁLMICA 40MG/1ML (400MG/10ML),1,MEDICAMENTOS,1.0,0.0,0.0
2022-03-31,C041602,SODIO CROMOGLICATO SOLUCIÓN OFTÁLMICA 40MG/1ML (400MG/10ML),0,MEDICAMENTOS,1.0,0.0,0.0
2022-04-30,C041602,SODIO CROMOGLICATO SOLUCIÓN OFTÁLMICA 40MG/1ML (400MG/10ML),0,MEDICAMENTOS,1.0,0.0,0.0
2022-05-31,C041602,SODIO CROMOGLICATO SOLUCIÓN OFTÁLMICA 40MG/1ML (400MG/10ML),0,MEDICAMENTOS,1.0,0.0,0.0
2022-06-30,C041602,SODIO CROMOGLICATO SOLUCIÓN OFTÁLMICA 40MG/1ML (400MG/10ML),2,MEDICAMENTOS,1.0,0.0,0.0
2021-07-31,C044721,CEFAZOLINA 1G SOL. INYECTABLE ,0,MEDICAMENTOS,1.0,1248.5,56.0
2021-08-31,C044721,CEFAZOLINA 1G SOL. INYECTABLE ,0,MEDICAMENTOS,1.0,1248.5,56.0
2021-09-30,C044721,CEFAZOLINA 1G SOL. INYECTABLE ,0,MEDICAMENTOS,1.0,1248.5,56.0
2021-10-31,C044721,CEFAZOLINA 1G SOL. INYECTABLE ,27,MEDICAMENTOS,1.0,1248.5,56.0
2021-11-30,C044721,CEFAZOLINA 1G SOL. INYECTABLE ,39,MEDICAMENTOS,1.0,1248.5,56.0
2021-12-31,C044721,CEFAZOLINA 1G SOL. INYECTABLE ,119,MEDICAMENTOS,1.0,1248.5,56.0
2022-01-31,C044721,CEFAZOLINA 1G SOL. INYECTABLE ,254,MEDICAMENTOS,1.0,1248.5,56.0
2022-02-28,C044721,CEFAZOLINA 1G SOL. INYECTABLE ,217,MEDICAMENTOS,1.0,1248.5,56.0
2022-03-31,C044721,CEFAZOLINA 1G SOL. INYECTABLE ,269,MEDICAMENTOS,1.0,1248.5,56.0
2022-04-30,C044721,CEFAZOLINA 1G SOL. INYECTABLE ,0,MEDICAMENTOS,1.0,1248.5,56.0
2022-05-31,C044721,CEFAZOLINA 1G SOL. INYECTABLE ,266,MEDICAMENTOS,1.0,1248.5,56.0
2022-06-30,C044721,CEFAZOLINA 1G SOL. INYECTABLE ,360,MEDICAMENTOS,1.0,1248.5,56.0
2021-07-31,C044723,CEFALOTINA 1G SOL. INYECTABLE ,1197,MEDICAMENTOS,1.0,1016.0,178.0
2021-08-31,C044723,CEFALOTINA 1G SOL. INYECTABLE ,1118,MEDICAMENTOS,1.0,1016.0,178.0
2021-09-30,C044723,CEFALOTINA 1G SOL. INYECTABLE ,907,MEDICAMENTOS,1.0,1016.0,178.0
2021-10-31,C044723,CEFALOTINA 1G SOL. INYECTABLE ,810,MEDICAMENTOS,1.0,1016.0,178.0
2021-11-30,C044723,CEFALOTINA 1G SOL. INYECTABLE ,1167,MEDICAMENTOS,1.0,1016.0,178.0
2021-12-31,C044723,CEFALOTINA 1G SOL. INYECTABLE ,1035,MEDICAMENTOS,1.0,1016.0,178.0
2022-01-31,C044723,CEFALOTINA 1G SOL. INYECTABLE ,997,MEDICAMENTOS,1.0,1016.0,178.0
2022-02-28,C044723,CEFALOTINA 1G SOL. INYECTABLE ,1098,MEDICAMENTOS,1.0,1016.0,178.0
2022-03-31,C044723,CEFALOTINA 1G SOL. INYECTABLE ,955,MEDICAMENTOS,1.0,1016.0,178.0
2022-04-30,C044723,CEFALOTINA 1G SOL. INYECTABLE ,753,MEDICAMENTOS,1.0,1016.0,178.0
2022-05-31,C044723,CEFALOTINA 1G SOL. INYECTABLE ,497,MEDICAMENTOS,1.0,1016.0,178.0
2022-06-30,C044723,CEFALOTINA 1G SOL. INYECTABLE ,442,MEDICAMENTOS,1.0,1016.0,178.0
2021-07-31,C046101,CALCIO CARBONATO/VITAMINA D TABLETA 600MG/200UI,7,MEDICAMENTOS,1.0,68.0,59.0
2021-08-31,C046101,CALCIO CARBONATO/VITAMINA D TABLETA 600MG/200UI,4,MEDICAMENTOS,1.0,68.0,59.0
2021-09-30,C046101,CALCIO CARBONATO/VITAMINA D TABLETA 600MG/200UI,9,MEDICAMENTOS,1.0,68.0,59.0
2021-10-31,C046101,CALCIO CARBONATO/VITAMINA D TABLETA 600MG/200UI,12,MEDICAMENTOS,1.0,68.0,59.0
2021-11-30,C046101,CALCIO CARBONATO/VITAMINA D TABLETA 600MG/200UI,3,MEDICAMENTOS,1.0,68.0,59.0
2021-12-31,C046101,CALCIO CARBONATO/VITAMINA D TABLETA 600MG/200UI,4,MEDICAMENTOS,1.0,68.0,59.0
2022-01-31,C046101,CALCIO CARBONATO/VITAMINA D TABLETA 600MG/200UI,2,MEDICAMENTOS,1.0,68.0,59.0
2022-02-28,C046101,CALCIO CARBONATO/VITAMINA D TABLETA 600MG/200UI,27,MEDICAMENTOS,1.0,68.0,59.0
2022-03-31,C046101,CALCIO CARBONATO/VITAMINA D TABLETA 600MG/200UI,29,MEDICAMENTOS,1.0,68.0,59.0
2022-04-30,C046101,CALCIO CARBONATO/VITAMINA D TABLETA 600MG/200UI,3,MEDICAMENTOS,1.0,68.0,59.0
2022-05-31,C046101,CALCIO CARBONATO/VITAMINA D TABLETA 600MG/200UI,62,MEDICAMENTOS,1.0,68.0,59.0
2022-06-30,C046101,CALCIO CARBONATO/VITAMINA D TABLETA 600MG/200UI,176,MEDICAMENTOS,1.0,68.0,59.0
2021-07-31,C047011,CLONIDINA 150MCG TABLETA ,483,MEDICAMENTOS,1.0,32.0,317.0
2021-08-31,C047011,CLONIDINA 150MCG TABLETA ,485,MEDICAMENTOS,1.0,32.0,317.0
2021-09-30,C047011,CLONIDINA 150MCG TABLETA ,430,MEDICAMENTOS,1.0,32.0,317.0
2021-10-31,C047011,CLONIDINA 150MCG TABLETA ,719,MEDICAMENTOS,1.0,32.0,317.0
2021-11-30,C047011,CLONIDINA 150MCG TABLETA ,794,MEDICAMENTOS,1.0,32.0,317.0
2021-12-31,C047011,CLONIDINA 150MCG TABLETA ,661,MEDICAMENTOS,1.0,32.0,317.0
2022-01-31,C047011,CLONIDINA 150MCG TABLETA ,1134,MEDICAMENTOS,1.0,32.0,317.0
2022-02-28,C047011,CLONIDINA 150MCG TABLETA ,720,MEDICAMENTOS,1.0,32.0,317.0
2022-03-31,C047011,CLONIDINA 150MCG TABLETA ,777,MEDICAMENTOS,1.0,32.0,317.0
2022-04-30,C047011,CLONIDINA 150MCG TABLETA ,828,MEDICAMENTOS,1.0,32.0,317.0
2022-05-31,C047011,CLONIDINA 150MCG TABLETA ,693,MEDICAMENTOS,1.0,32.0,317.0
2022-06-30,C047011,CLONIDINA 150MCG TABLETA ,1065,MEDICAMENTOS,1.0,32.0,317.0
2021-07-31,D0000002,DEFLAZACORT 6 MG TABLETA,0,MEDICAMENTOS,1.0,,
2021-08-31,D0000002,DEFLAZACORT 6 MG TABLETA,0,MEDICAMENTOS,1.0,,
2021-09-30,D0000002,DEFLAZACORT 6 MG TABLETA,2,MEDICAMENTOS,1.0,,
2021-10-31,D0000002,DEFLAZACORT 6 MG TABLETA,0,MEDICAMENTOS,1.0,,
2021-11-30,D0000002,DEFLAZACORT 6 MG TABLETA,0,MEDICAMENTOS,1.0,,
2021-12-31,D0000002,DEFLAZACORT 6 MG TABLETA,0,MEDICAMENTOS,1.0,,
2022-01-31,D0000002,DEFLAZACORT 6 MG TABLETA,0,MEDICAMENTOS,1.0,,
2022-02-28,D0000002,DEFLAZACORT 6 MG TABLETA,0,MEDICAMENTOS,1.0,,
2022-03-31,D0000002,DEFLAZACORT 6 MG TABLETA,0,MEDICAMENTOS,1.0,,
2022-04-30,D0000002,DEFLAZACORT 6 MG TABLETA,0,MEDICAMENTOS,1.0,,
2022-05-31,D0000002,DEFLAZACORT 6 MG TABLETA,0,MEDICAMENTOS,1.0,,
2022-06-30,D0000002,DEFLAZACORT 6 MG TABLETA,0,MEDICAMENTOS,1.0,,
2021-07-31,D0000005,"DESMOPRESINA SOLUCIÓN NASAL 10MCG/0,1ML (500MCG/5ML)",0,MEDICAMENTOS,1.0,,
2021-08-31,D0000005,"DESMOPRESINA SOLUCIÓN NASAL 10MCG/0,1ML (500MCG/5ML)",0,MEDICAMENTOS,1.0,,
2021-09-30,D0000005,"DESMOPRESINA SOLUCIÓN NASAL 10MCG/0,1ML (500MCG/5ML)",0,MEDICAMENTOS,1.0,,
2021-10-31,D0000005,"DESMOPRESINA SOLUCIÓN NASAL 10MCG/0,1ML (500MCG/5ML)",0,MEDICAMENTOS,1.0,,
2021-11-30,D0000005,"DESMOPRESINA SOLUCIÓN NASAL 10MCG/0,1ML (500MCG/5ML)",0,MEDICAMENTOS,1.0,,
2021-12-31,D0000005,"DESMOPRESINA SOLUCIÓN NASAL 10MCG/0,1ML (500MCG/5ML)",0,MEDICAMENTOS,1.0,,
2022-01-31,D0000005,"DESMOPRESINA SOLUCIÓN NASAL 10MCG/0,1ML (500MCG/5ML)",0,MEDICAMENTOS,1.0,,
2022-02-28,D0000005,"DESMOPRESINA SOLUCIÓN NASAL 10MCG/0,1ML (500MCG/5ML)",0,MEDICAMENTOS,1.0,,
2022-03-31,D0000005,"DESMOPRESINA SOLUCIÓN NASAL 10MCG/0,1ML (500MCG/5ML)",0,MEDICAMENTOS,1.0,,
2022-04-30,D0000005,"DESMOPRESINA SOLUCIÓN NASAL 10MCG/0,1ML (500MCG/5ML)",1,MEDICAMENTOS,1.0,,
2022-05-31,D0000005,"DESMOPRESINA SOLUCIÓN NASAL 10MCG/0,1ML (500MCG/5ML)",0,MEDICAMENTOS,1.0,,
2022-06-30,D0000005,"DESMOPRESINA SOLUCIÓN NASAL 10MCG/0,1ML (500MCG/5ML)",0,MEDICAMENTOS,1.0,,
2021-07-31,D0000011,DILTIAZEM 60MG TABLETA ,17,MEDICAMENTOS,1.0,68.0,39.0
2021-08-31,D0000011,DILTIAZEM 60MG TABLETA ,16,MEDICAMENTOS,1.0,68.0,39.0
2021-09-30,D0000011,DILTIAZEM 60MG TABLETA ,0,MEDICAMENTOS,1.0,68.0,39.0
2021-10-31,D0000011,DILTIAZEM 60MG TABLETA ,37,MEDICAMENTOS,1.0,68.0,39.0
2021-11-30,D0000011,DILTIAZEM 60MG TABLETA ,54,MEDICAMENTOS,1.0,68.0,39.0
2021-12-31,D0000011,DILTIAZEM 60MG TABLETA ,9,MEDICAMENTOS,1.0,68.0,39.0
2022-01-31,D0000011,DILTIAZEM 60MG TABLETA ,50,MEDICAMENTOS,1.0,68.0,39.0
2022-02-28,D0000011,DILTIAZEM 60MG TABLETA ,25,MEDICAMENTOS,1.0,68.0,39.0
2022-03-31,D0000011,DILTIAZEM 60MG TABLETA ,52,MEDICAMENTOS,1.0,68.0,39.0
2022-04-30,D0000011,DILTIAZEM 60MG TABLETA ,24,MEDICAMENTOS,1.0,68.0,39.0
2022-05-31,D0000011,DILTIAZEM 60MG TABLETA ,23,MEDICAMENTOS,1.0,68.0,39.0
2022-06-30,D0000011,DILTIAZEM 60MG TABLETA ,118,MEDICAMENTOS,1.0,68.0,39.0
2021-07-31,D0000020,"DIPIRONA 2,5G/5ML SOL. INYECTABLE ",23,MEDICAMENTOS,1.0,225.0,118.0
2021-08-31,D0000020,"DIPIRONA 2,5G/5ML SOL. INYECTABLE ",0,MEDICAMENTOS,1.0,225.0,118.0
2021-09-30,D0000020,"DIPIRONA 2,5G/5ML SOL. INYECTABLE ",0,MEDICAMENTOS,1.0,225.0,118.0
2021-10-31,D0000020,"DIPIRONA 2,5G/5ML SOL. INYECTABLE ",0,MEDICAMENTOS,1.0,225.0,118.0
2021-11-30,D0000020,"DIPIRONA 2,5G/5ML SOL. INYECTABLE ",0,MEDICAMENTOS,1.0,225.0,118.0
2021-12-31,D0000020,"DIPIRONA 2,5G/5ML SOL. INYECTABLE ",11,MEDICAMENTOS,1.0,225.0,118.0
2022-01-31,D0000020,"DIPIRONA 2,5G/5ML SOL. INYECTABLE ",8,MEDICAMENTOS,1.0,225.0,118.0
2022-02-28,D0000020,"DIPIRONA 2,5G/5ML SOL. INYECTABLE ",27,MEDICAMENTOS,1.0,225.0,118.0
2022-03-31,D0000020,"DIPIRONA 2,5G/5ML SOL. INYECTABLE ",100,MEDICAMENTOS,1.0,225.0,118.0
2022-04-30,D0000020,"DIPIRONA 2,5G/5ML SOL. INYECTABLE ",0,MEDICAMENTOS,1.0,225.0,118.0
2022-05-31,D0000020,"DIPIRONA 2,5G/5ML SOL. INYECTABLE ",65,MEDICAMENTOS,1.0,225.0,118.0
2022-06-30,D0000020,"DIPIRONA 2,5G/5ML SOL. INYECTABLE ",121,MEDICAMENTOS,1.0,225.0,118.0
2021-07-31,D0000030,DIPIRONA 1G/2ML SOL. INYECTABLE ,6144,MEDICAMENTOS,1.0,119.5,1003.0
2021-08-31,D0000030,DIPIRONA 1G/2ML SOL. INYECTABLE ,6957,MEDICAMENTOS,1.0,119.5,1003.0
2021-09-30,D0000030,DIPIRONA 1G/2ML SOL. INYECTABLE ,6825,MEDICAMENTOS,1.0,119.5,1003.0
2021-10-31,D0000030,DIPIRONA 1G/2ML SOL. INYECTABLE ,6310,MEDICAMENTOS,1.0,119.5,1003.0
2021-11-30,D0000030,DIPIRONA 1G/2ML SOL. INYECTABLE ,7029,MEDICAMENTOS,1.0,119.5,1003.0
2021-12-31,D0000030,DIPIRONA 1G/2ML SOL. INYECTABLE ,6822,MEDICAMENTOS,1.0,119.5,1003.0
2022-01-31,D0000030,DIPIRONA 1G/2ML SOL. INYECTABLE ,7367,MEDICAMENTOS,1.0,119.5,1003.0
2022-02-28,D0000030,DIPIRONA 1G/2ML SOL. INYECTABLE ,7002,MEDICAMENTOS,1.0,119.5,1003.0
2022-03-31,D0000030,DIPIRONA 1G/2ML SOL. INYECTABLE ,6996,MEDICAMENTOS,1.0,119.5,1003.0
2022-04-30,D0000030,DIPIRONA 1G/2ML SOL. INYECTABLE ,7193,MEDICAMENTOS,1.0,119.5,1003.0
2022-05-31,D0000030,DIPIRONA 1G/2ML SOL. INYECTABLE ,5868,MEDICAMENTOS,1.0,119.5,1003.0
2022-06-30,D0000030,DIPIRONA 1G/2ML SOL. INYECTABLE ,5509,MEDICAMENTOS,1.0,119.5,1003.0
2021-07-31,D0000031,DAPTOMICINA POLVO LIOFILIZADO 500MG,0,MEDICAMENTOS,1.0,231336.0,6.0
2021-08-31,D0000031,DAPTOMICINA POLVO LIOFILIZADO 500MG,0,MEDICAMENTOS,1.0,231336.0,6.0
2021-09-30,D0000031,DAPTOMICINA POLVO LIOFILIZADO 500MG,2,MEDICAMENTOS,1.0,231336.0,6.0
2021-10-31,D0000031,DAPTOMICINA POLVO LIOFILIZADO 500MG,0,MEDICAMENTOS,1.0,231336.0,6.0
2021-11-30,D0000031,DAPTOMICINA POLVO LIOFILIZADO 500MG,2,MEDICAMENTOS,1.0,231336.0,6.0
2021-12-31,D0000031,DAPTOMICINA POLVO LIOFILIZADO 500MG,38,MEDICAMENTOS,1.0,231336.0,6.0
2022-01-31,D0000031,DAPTOMICINA POLVO LIOFILIZADO 500MG,0,MEDICAMENTOS,1.0,231336.0,6.0
2022-02-28,D0000031,DAPTOMICINA POLVO LIOFILIZADO 500MG,5,MEDICAMENTOS,1.0,231336.0,6.0
2022-03-31,D0000031,DAPTOMICINA POLVO LIOFILIZADO 500MG,0,MEDICAMENTOS,1.0,231336.0,6.0
2022-04-30,D0000031,DAPTOMICINA POLVO LIOFILIZADO 500MG,15,MEDICAMENTOS,1.0,231336.0,6.0
2022-05-31,D0000031,DAPTOMICINA POLVO LIOFILIZADO 500MG,9,MEDICAMENTOS,1.0,231336.0,6.0
2022-06-30,D0000031,DAPTOMICINA POLVO LIOFILIZADO 500MG,0,MEDICAMENTOS,1.0,231336.0,6.0
2021-07-31,D0000038,"LEVOSIMENDAN SOLUCIÓN INYECTABLE 12,5MG/1ML",0,MEDICAMENTOS,1.0,1716869.0,2.0
2021-08-31,D0000038,"LEVOSIMENDAN SOLUCIÓN INYECTABLE 12,5MG/1ML",0,MEDICAMENTOS,1.0,1716869.0,2.0
2021-09-30,D0000038,"LEVOSIMENDAN SOLUCIÓN INYECTABLE 12,5MG/1ML",0,MEDICAMENTOS,1.0,1716869.0,2.0
2021-10-31,D0000038,"LEVOSIMENDAN SOLUCIÓN INYECTABLE 12,5MG/1ML",1,MEDICAMENTOS,1.0,1716869.0,2.0
2021-11-30,D0000038,"LEVOSIMENDAN SOLUCIÓN INYECTABLE 12,5MG/1ML",2,MEDICAMENTOS,1.0,1716869.0,2.0
2021-12-31,D0000038,"LEVOSIMENDAN SOLUCIÓN INYECTABLE 12,5MG/1ML",5,MEDICAMENTOS,1.0,1716869.0,2.0
2022-01-31,D0000038,"LEVOSIMENDAN SOLUCIÓN INYECTABLE 12,5MG/1ML",2,MEDICAMENTOS,1.0,1716869.0,2.0
2022-02-28,D0000038,"LEVOSIMENDAN SOLUCIÓN INYECTABLE 12,5MG/1ML",0,MEDICAMENTOS,1.0,1716869.0,2.0
2022-03-31,D0000038,"LEVOSIMENDAN SOLUCIÓN INYECTABLE 12,5MG/1ML",2,MEDICAMENTOS,1.0,1716869.0,2.0
2022-04-30,D0000038,"LEVOSIMENDAN SOLUCIÓN INYECTABLE 12,5MG/1ML",3,MEDICAMENTOS,1.0,1716869.0,2.0
2022-05-31,D0000038,"LEVOSIMENDAN SOLUCIÓN INYECTABLE 12,5MG/1ML",1,MEDICAMENTOS,1.0,1716869.0,2.0
2022-06-30,D0000038,"LEVOSIMENDAN SOLUCIÓN INYECTABLE 12,5MG/1ML",2,MEDICAMENTOS,1.0,1716869.0,2.0
2021-07-31,D002101,DANAZOL 200MG TABLETA},0,MEDICAMENTOS,1.0,969.0,25.0
2021-08-31,D002101,DANAZOL 200MG TABLETA},0,MEDICAMENTOS,1.0,969.0,25.0
2021-09-30,D002101,DANAZOL 200MG TABLETA},0,MEDICAMENTOS,1.0,969.0,25.0
2021-10-31,D002101,DANAZOL 200MG TABLETA},0,MEDICAMENTOS,1.0,969.0,25.0
2021-11-30,D002101,DANAZOL 200MG TABLETA},0,MEDICAMENTOS,1.0,969.0,25.0
2021-12-31,D002101,DANAZOL 200MG TABLETA},0,MEDICAMENTOS,1.0,969.0,25.0
2022-01-31,D002101,DANAZOL 200MG TABLETA},0,MEDICAMENTOS,1.0,969.0,25.0
2022-02-28,D002101,DANAZOL 200MG TABLETA},0,MEDICAMENTOS,1.0,969.0,25.0
2022-03-31,D002101,DANAZOL 200MG TABLETA},0,MEDICAMENTOS,1.0,969.0,25.0
2022-04-30,D002101,DANAZOL 200MG TABLETA},0,MEDICAMENTOS,1.0,969.0,25.0
2022-05-31,D002101,DANAZOL 200MG TABLETA},21,MEDICAMENTOS,1.0,969.0,25.0
2022-06-30,D002101,DANAZOL 200MG TABLETA},14,MEDICAMENTOS,1.0,969.0,25.0
2021-07-31,D005711,DEXAMETASONA 8MG/2ML SOL. INYECTABLE,270,MEDICAMENTOS,1.0,287.0,104.0
2021-08-31,D005711,DEXAMETASONA 8MG/2ML SOL. INYECTABLE,229,MEDICAMENTOS,1.0,287.0,104.0
2021-09-30,D005711,DEXAMETASONA 8MG/2ML SOL. INYECTABLE,128,MEDICAMENTOS,1.0,287.0,104.0
2021-10-31,D005711,DEXAMETASONA 8MG/2ML SOL. INYECTABLE,195,MEDICAMENTOS,1.0,287.0,104.0
2021-11-30,D005711,DEXAMETASONA 8MG/2ML SOL. INYECTABLE,305,MEDICAMENTOS,1.0,287.0,104.0
2021-12-31,D005711,DEXAMETASONA 8MG/2ML SOL. INYECTABLE,268,MEDICAMENTOS,1.0,287.0,104.0
2022-01-31,D005711,DEXAMETASONA 8MG/2ML SOL. INYECTABLE,239,MEDICAMENTOS,1.0,287.0,104.0
2022-02-28,D005711,DEXAMETASONA 8MG/2ML SOL. INYECTABLE,289,MEDICAMENTOS,1.0,287.0,104.0
2022-03-31,D005711,DEXAMETASONA 8MG/2ML SOL. INYECTABLE,168,MEDICAMENTOS,1.0,287.0,104.0
2022-04-30,D005711,DEXAMETASONA 8MG/2ML SOL. INYECTABLE,255,MEDICAMENTOS,1.0,287.0,104.0
2022-05-31,D005711,DEXAMETASONA 8MG/2ML SOL. INYECTABLE,433,MEDICAMENTOS,1.0,287.0,104.0
2022-06-30,D005711,DEXAMETASONA 8MG/2ML SOL. INYECTABLE,567,MEDICAMENTOS,1.0,287.0,104.0
2021-07-31,D006701,DEXAMETASONA 4MG/1ML SOL. INYECTABLE ,209,MEDICAMENTOS,1.0,289.0,40.0
2021-08-31,D006701,DEXAMETASONA 4MG/1ML SOL. INYECTABLE ,30,MEDICAMENTOS,1.0,289.0,40.0
2021-09-30,D006701,DEXAMETASONA 4MG/1ML SOL. INYECTABLE ,71,MEDICAMENTOS,1.0,289.0,40.0
2021-10-31,D006701,DEXAMETASONA 4MG/1ML SOL. INYECTABLE ,175,MEDICAMENTOS,1.0,289.0,40.0
2021-11-30,D006701,DEXAMETASONA 4MG/1ML SOL. INYECTABLE ,135,MEDICAMENTOS,1.0,289.0,40.0
2021-12-31,D006701,DEXAMETASONA 4MG/1ML SOL. INYECTABLE ,186,MEDICAMENTOS,1.0,289.0,40.0
2022-01-31,D006701,DEXAMETASONA 4MG/1ML SOL. INYECTABLE ,124,MEDICAMENTOS,1.0,289.0,40.0
2022-02-28,D006701,DEXAMETASONA 4MG/1ML SOL. INYECTABLE ,232,MEDICAMENTOS,1.0,289.0,40.0
2022-03-31,D006701,DEXAMETASONA 4MG/1ML SOL. INYECTABLE ,120,MEDICAMENTOS,1.0,289.0,40.0
2022-04-30,D006701,DEXAMETASONA 4MG/1ML SOL. INYECTABLE ,282,MEDICAMENTOS,1.0,289.0,40.0
2022-05-31,D006701,DEXAMETASONA 4MG/1ML SOL. INYECTABLE ,165,MEDICAMENTOS,1.0,289.0,40.0
2022-06-30,D006701,DEXAMETASONA 4MG/1ML SOL. INYECTABLE ,225,MEDICAMENTOS,1.0,289.0,40.0
2021-07-31,D009701,DEXTROSA AL 5% AGUA DESTILADA 500 ML,145,MEDICAMENTOS,1.0,1477.0,37.0
2021-08-31,D009701,DEXTROSA AL 5% AGUA DESTILADA 500 ML,178,MEDICAMENTOS,1.0,1477.0,37.0
2021-09-30,D009701,DEXTROSA AL 5% AGUA DESTILADA 500 ML,256,MEDICAMENTOS,1.0,1477.0,37.0
2021-10-31,D009701,DEXTROSA AL 5% AGUA DESTILADA 500 ML,120,MEDICAMENTOS,1.0,1477.0,37.0
2021-11-30,D009701,DEXTROSA AL 5% AGUA DESTILADA 500 ML,181,MEDICAMENTOS,1.0,1477.0,37.0
2021-12-31,D009701,DEXTROSA AL 5% AGUA DESTILADA 500 ML,176,MEDICAMENTOS,1.0,1477.0,37.0
2022-01-31,D009701,DEXTROSA AL 5% AGUA DESTILADA 500 ML,212,MEDICAMENTOS,1.0,1477.0,37.0
2022-02-28,D009701,DEXTROSA AL 5% AGUA DESTILADA 500 ML,159,MEDICAMENTOS,1.0,1477.0,37.0
2022-03-31,D009701,DEXTROSA AL 5% AGUA DESTILADA 500 ML,215,MEDICAMENTOS,1.0,1477.0,37.0
2022-04-30,D009701,DEXTROSA AL 5% AGUA DESTILADA 500 ML,137,MEDICAMENTOS,1.0,1477.0,37.0
2022-05-31,D009701,DEXTROSA AL 5% AGUA DESTILADA 500 ML,284,MEDICAMENTOS,1.0,1477.0,37.0
2022-06-30,D009701,DEXTROSA AL 5% AGUA DESTILADA 500 ML,229,MEDICAMENTOS,1.0,1477.0,37.0
2021-07-31,D009702,DEXTROSA AL 10% AGUA DESTILADA 500 ML,154,MEDICAMENTOS,1.0,1445.0,34.0
2021-08-31,D009702,DEXTROSA AL 10% AGUA DESTILADA 500 ML,243,MEDICAMENTOS,1.0,1445.0,34.0
2021-09-30,D009702,DEXTROSA AL 10% AGUA DESTILADA 500 ML,261,MEDICAMENTOS,1.0,1445.0,34.0
2021-10-31,D009702,DEXTROSA AL 10% AGUA DESTILADA 500 ML,193,MEDICAMENTOS,1.0,1445.0,34.0
2021-11-30,D009702,DEXTROSA AL 10% AGUA DESTILADA 500 ML,204,MEDICAMENTOS,1.0,1445.0,34.0
2021-12-31,D009702,DEXTROSA AL 10% AGUA DESTILADA 500 ML,154,MEDICAMENTOS,1.0,1445.0,34.0
2022-01-31,D009702,DEXTROSA AL 10% AGUA DESTILADA 500 ML,317,MEDICAMENTOS,1.0,1445.0,34.0
2022-02-28,D009702,DEXTROSA AL 10% AGUA DESTILADA 500 ML,140,MEDICAMENTOS,1.0,1445.0,34.0
2022-03-31,D009702,DEXTROSA AL 10% AGUA DESTILADA 500 ML,204,MEDICAMENTOS,1.0,1445.0,34.0
2022-04-30,D009702,DEXTROSA AL 10% AGUA DESTILADA 500 ML,215,MEDICAMENTOS,1.0,1445.0,34.0
2022-05-31,D009702,DEXTROSA AL 10% AGUA DESTILADA 500 ML,281,MEDICAMENTOS,1.0,1445.0,34.0
2022-06-30,D009702,DEXTROSA AL 10% AGUA DESTILADA 500 ML,284,MEDICAMENTOS,1.0,1445.0,34.0
2021-07-31,D009705,DEXTROSA AL 10% AGUA DESTILADA 250 ML,76,MEDICAMENTOS,1.0,1846.0,51.0
2021-08-31,D009705,DEXTROSA AL 10% AGUA DESTILADA 250 ML,60,MEDICAMENTOS,1.0,1846.0,51.0
2021-09-30,D009705,DEXTROSA AL 10% AGUA DESTILADA 250 ML,70,MEDICAMENTOS,1.0,1846.0,51.0
2021-10-31,D009705,DEXTROSA AL 10% AGUA DESTILADA 250 ML,75,MEDICAMENTOS,1.0,1846.0,51.0
2021-11-30,D009705,DEXTROSA AL 10% AGUA DESTILADA 250 ML,86,MEDICAMENTOS,1.0,1846.0,51.0
2021-12-31,D009705,DEXTROSA AL 10% AGUA DESTILADA 250 ML,47,MEDICAMENTOS,1.0,1846.0,51.0
2022-01-31,D009705,DEXTROSA AL 10% AGUA DESTILADA 250 ML,52,MEDICAMENTOS,1.0,1846.0,51.0
2022-02-28,D009705,DEXTROSA AL 10% AGUA DESTILADA 250 ML,44,MEDICAMENTOS,1.0,1846.0,51.0
2022-03-31,D009705,DEXTROSA AL 10% AGUA DESTILADA 250 ML,64,MEDICAMENTOS,1.0,1846.0,51.0
2022-04-30,D009705,DEXTROSA AL 10% AGUA DESTILADA 250 ML,77,MEDICAMENTOS,1.0,1846.0,51.0
2022-05-31,D009705,DEXTROSA AL 10% AGUA DESTILADA 250 ML,99,MEDICAMENTOS,1.0,1846.0,51.0
2022-06-30,D009705,DEXTROSA AL 10% AGUA DESTILADA 250 ML,87,MEDICAMENTOS,1.0,1846.0,51.0
2021-07-31,D009706,DEXTROSA AL 5% AGUA DESTILADA 250 ML,589,MEDICAMENTOS,1.0,0.0,0.0
2021-08-31,D009706,DEXTROSA AL 5% AGUA DESTILADA 250 ML,402,MEDICAMENTOS,1.0,0.0,0.0
2021-09-30,D009706,DEXTROSA AL 5% AGUA DESTILADA 250 ML,498,MEDICAMENTOS,1.0,0.0,0.0
2021-10-31,D009706,DEXTROSA AL 5% AGUA DESTILADA 250 ML,434,MEDICAMENTOS,1.0,0.0,0.0
2021-11-30,D009706,DEXTROSA AL 5% AGUA DESTILADA 250 ML,461,MEDICAMENTOS,1.0,0.0,0.0
2021-12-31,D009706,DEXTROSA AL 5% AGUA DESTILADA 250 ML,634,MEDICAMENTOS,1.0,0.0,0.0
2022-01-31,D009706,DEXTROSA AL 5% AGUA DESTILADA 250 ML,659,MEDICAMENTOS,1.0,0.0,0.0
2022-02-28,D009706,DEXTROSA AL 5% AGUA DESTILADA 250 ML,505,MEDICAMENTOS,1.0,0.0,0.0
2022-03-31,D009706,DEXTROSA AL 5% AGUA DESTILADA 250 ML,529,MEDICAMENTOS,1.0,0.0,0.0
2022-04-30,D009706,DEXTROSA AL 5% AGUA DESTILADA 250 ML,534,MEDICAMENTOS,1.0,0.0,0.0
2022-05-31,D009706,DEXTROSA AL 5% AGUA DESTILADA 250 ML,613,MEDICAMENTOS,1.0,0.0,0.0
2022-06-30,D009706,DEXTROSA AL 5% AGUA DESTILADA 250 ML,933,MEDICAMENTOS,1.0,0.0,0.0
2021-07-31,D010701,DEXTROSA 5% EN SOL. SALINA 0.9% 500 ML,53,MEDICAMENTOS,1.0,1501.0,16.0
2021-08-31,D010701,DEXTROSA 5% EN SOL. SALINA 0.9% 500 ML,49,MEDICAMENTOS,1.0,1501.0,16.0
2021-09-30,D010701,DEXTROSA 5% EN SOL. SALINA 0.9% 500 ML,57,MEDICAMENTOS,1.0,1501.0,16.0
2021-10-31,D010701,DEXTROSA 5% EN SOL. SALINA 0.9% 500 ML,13,MEDICAMENTOS,1.0,1501.0,16.0
2021-11-30,D010701,DEXTROSA 5% EN SOL. SALINA 0.9% 500 ML,45,MEDICAMENTOS,1.0,1501.0,16.0
2021-12-31,D010701,DEXTROSA 5% EN SOL. SALINA 0.9% 500 ML,58,MEDICAMENTOS,1.0,1501.0,16.0
2022-01-31,D010701,DEXTROSA 5% EN SOL. SALINA 0.9% 500 ML,3,MEDICAMENTOS,1.0,1501.0,16.0
2022-02-28,D010701,DEXTROSA 5% EN SOL. SALINA 0.9% 500 ML,2,MEDICAMENTOS,1.0,1501.0,16.0
2022-03-31,D010701,DEXTROSA 5% EN SOL. SALINA 0.9% 500 ML,32,MEDICAMENTOS,1.0,1501.0,16.0
2022-04-30,D010701,DEXTROSA 5% EN SOL. SALINA 0.9% 500 ML,42,MEDICAMENTOS,1.0,1501.0,16.0
2022-05-31,D010701,DEXTROSA 5% EN SOL. SALINA 0.9% 500 ML,68,MEDICAMENTOS,1.0,1501.0,16.0
2022-06-30,D010701,DEXTROSA 5% EN SOL. SALINA 0.9% 500 ML,47,MEDICAMENTOS,1.0,1501.0,16.0
2021-07-31,D015021,DICLOFENACO 50MG TABLETA ,1,MEDICAMENTOS,1.0,13.5,47.0
2021-08-31,D015021,DICLOFENACO 50MG TABLETA ,1,MEDICAMENTOS,1.0,13.5,47.0
2021-09-30,D015021,DICLOFENACO 50MG TABLETA ,7,MEDICAMENTOS,1.0,13.5,47.0
2021-10-31,D015021,DICLOFENACO 50MG TABLETA ,6,MEDICAMENTOS,1.0,13.5,47.0
2021-11-30,D015021,DICLOFENACO 50MG TABLETA ,27,MEDICAMENTOS,1.0,13.5,47.0
2021-12-31,D015021,DICLOFENACO 50MG TABLETA ,6,MEDICAMENTOS,1.0,13.5,47.0
2022-01-31,D015021,DICLOFENACO 50MG TABLETA ,21,MEDICAMENTOS,1.0,13.5,47.0
2022-02-28,D015021,DICLOFENACO 50MG TABLETA ,18,MEDICAMENTOS,1.0,13.5,47.0
2022-03-31,D015021,DICLOFENACO 50MG TABLETA ,0,MEDICAMENTOS,1.0,13.5,47.0
2022-04-30,D015021,DICLOFENACO 50MG TABLETA ,10,MEDICAMENTOS,1.0,13.5,47.0
2022-05-31,D015021,DICLOFENACO 50MG TABLETA ,0,MEDICAMENTOS,1.0,13.5,47.0
2022-06-30,D015021,DICLOFENACO 50MG TABLETA ,11,MEDICAMENTOS,1.0,13.5,47.0
2021-07-31,D015701,DICLOFENACO 75MG/3ML SOL. INYECTABLE ,123,MEDICAMENTOS,1.0,217.0,99.0
2021-08-31,D015701,DICLOFENACO 75MG/3ML SOL. INYECTABLE ,173,MEDICAMENTOS,1.0,217.0,99.0
2021-09-30,D015701,DICLOFENACO 75MG/3ML SOL. INYECTABLE ,153,MEDICAMENTOS,1.0,217.0,99.0
2021-10-31,D015701,DICLOFENACO 75MG/3ML SOL. INYECTABLE ,164,MEDICAMENTOS,1.0,217.0,99.0
2021-11-30,D015701,DICLOFENACO 75MG/3ML SOL. INYECTABLE ,212,MEDICAMENTOS,1.0,217.0,99.0
2021-12-31,D015701,DICLOFENACO 75MG/3ML SOL. INYECTABLE ,188,MEDICAMENTOS,1.0,217.0,99.0
2022-01-31,D015701,DICLOFENACO 75MG/3ML SOL. INYECTABLE ,174,MEDICAMENTOS,1.0,217.0,99.0
2022-02-28,D015701,DICLOFENACO 75MG/3ML SOL. INYECTABLE ,134,MEDICAMENTOS,1.0,217.0,99.0
2022-03-31,D015701,DICLOFENACO 75MG/3ML SOL. INYECTABLE ,202,MEDICAMENTOS,1.0,217.0,99.0
2022-04-30,D015701,DICLOFENACO 75MG/3ML SOL. INYECTABLE ,168,MEDICAMENTOS,1.0,217.0,99.0
2022-05-31,D015701,DICLOFENACO 75MG/3ML SOL. INYECTABLE ,115,MEDICAMENTOS,1.0,217.0,99.0
2022-06-30,D015701,DICLOFENACO 75MG/3ML SOL. INYECTABLE ,88,MEDICAMENTOS,1.0,217.0,99.0
2021-07-31,D018101,DIFENHIDRAMINA 50MG CAPSULA ,12,MEDICAMENTOS,1.0,109.0,23.0
2021-08-31,D018101,DIFENHIDRAMINA 50MG CAPSULA ,14,MEDICAMENTOS,1.0,109.0,23.0
2021-09-30,D018101,DIFENHIDRAMINA 50MG CAPSULA ,2,MEDICAMENTOS,1.0,109.0,23.0
2021-10-31,D018101,DIFENHIDRAMINA 50MG CAPSULA ,0,MEDICAMENTOS,1.0,109.0,23.0
2021-11-30,D018101,DIFENHIDRAMINA 50MG CAPSULA ,0,MEDICAMENTOS,1.0,109.0,23.0
2021-12-31,D018101,DIFENHIDRAMINA 50MG CAPSULA ,0,MEDICAMENTOS,1.0,109.0,23.0
2022-01-31,D018101,DIFENHIDRAMINA 50MG CAPSULA ,0,MEDICAMENTOS,1.0,109.0,23.0
2022-02-28,D018101,DIFENHIDRAMINA 50MG CAPSULA ,0,MEDICAMENTOS,1.0,109.0,23.0
2022-03-31,D018101,DIFENHIDRAMINA 50MG CAPSULA ,0,MEDICAMENTOS,1.0,109.0,23.0
2022-04-30,D018101,DIFENHIDRAMINA 50MG CAPSULA ,0,MEDICAMENTOS,1.0,109.0,23.0
2022-05-31,D018101,DIFENHIDRAMINA 50MG CAPSULA ,0,MEDICAMENTOS,1.0,109.0,23.0
2022-06-30,D018101,DIFENHIDRAMINA 50MG CAPSULA ,0,MEDICAMENTOS,1.0,109.0,23.0
2021-07-31,D018221,"DIFENHIDRAMINA JARABE 12,5MG/5ML (300MG/120ML)",5,MEDICAMENTOS,1.0,867.0,3.0
2021-08-31,D018221,"DIFENHIDRAMINA JARABE 12,5MG/5ML (300MG/120ML)",5,MEDICAMENTOS,1.0,867.0,3.0
2021-09-30,D018221,"DIFENHIDRAMINA JARABE 12,5MG/5ML (300MG/120ML)",3,MEDICAMENTOS,1.0,867.0,3.0
2021-10-31,D018221,"DIFENHIDRAMINA JARABE 12,5MG/5ML (300MG/120ML)",0,MEDICAMENTOS,1.0,867.0,3.0
2021-11-30,D018221,"DIFENHIDRAMINA JARABE 12,5MG/5ML (300MG/120ML)",5,MEDICAMENTOS,1.0,867.0,3.0
2021-12-31,D018221,"DIFENHIDRAMINA JARABE 12,5MG/5ML (300MG/120ML)",6,MEDICAMENTOS,1.0,867.0,3.0
2022-01-31,D018221,"DIFENHIDRAMINA JARABE 12,5MG/5ML (300MG/120ML)",10,MEDICAMENTOS,1.0,867.0,3.0
2022-02-28,D018221,"DIFENHIDRAMINA JARABE 12,5MG/5ML (300MG/120ML)",8,MEDICAMENTOS,1.0,867.0,3.0
2022-03-31,D018221,"DIFENHIDRAMINA JARABE 12,5MG/5ML (300MG/120ML)",7,MEDICAMENTOS,1.0,867.0,3.0
2022-04-30,D018221,"DIFENHIDRAMINA JARABE 12,5MG/5ML (300MG/120ML)",1,MEDICAMENTOS,1.0,867.0,3.0
2022-05-31,D018221,"DIFENHIDRAMINA JARABE 12,5MG/5ML (300MG/120ML)",7,MEDICAMENTOS,1.0,867.0,3.0
2022-06-30,D018221,"DIFENHIDRAMINA JARABE 12,5MG/5ML (300MG/120ML)",3,MEDICAMENTOS,1.0,867.0,3.0
2021-07-31,D020201,"DIHIDROCODEINA JARABE 12,1MG/ML (294,4MG/120ML)",9,MEDICAMENTOS,1.0,2062.0,2.0
2021-08-31,D020201,"DIHIDROCODEINA JARABE 12,1MG/ML (294,4MG/120ML)",2,MEDICAMENTOS,1.0,2062.0,2.0
2021-09-30,D020201,"DIHIDROCODEINA JARABE 12,1MG/ML (294,4MG/120ML)",7,MEDICAMENTOS,1.0,2062.0,2.0
2021-10-31,D020201,"DIHIDROCODEINA JARABE 12,1MG/ML (294,4MG/120ML)",3,MEDICAMENTOS,1.0,2062.0,2.0
2021-11-30,D020201,"DIHIDROCODEINA JARABE 12,1MG/ML (294,4MG/120ML)",4,MEDICAMENTOS,1.0,2062.0,2.0
2021-12-31,D020201,"DIHIDROCODEINA JARABE 12,1MG/ML (294,4MG/120ML)",4,MEDICAMENTOS,1.0,2062.0,2.0
2022-01-31,D020201,"DIHIDROCODEINA JARABE 12,1MG/ML (294,4MG/120ML)",4,MEDICAMENTOS,1.0,2062.0,2.0
2022-02-28,D020201,"DIHIDROCODEINA JARABE 12,1MG/ML (294,4MG/120ML)",8,MEDICAMENTOS,1.0,2062.0,2.0
2022-03-31,D020201,"DIHIDROCODEINA JARABE 12,1MG/ML (294,4MG/120ML)",14,MEDICAMENTOS,1.0,2062.0,2.0
2022-04-30,D020201,"DIHIDROCODEINA JARABE 12,1MG/ML (294,4MG/120ML)",6,MEDICAMENTOS,1.0,2062.0,2.0
2022-05-31,D020201,"DIHIDROCODEINA JARABE 12,1MG/ML (294,4MG/120ML)",0,MEDICAMENTOS,1.0,2062.0,2.0
2022-06-30,D020201,"DIHIDROCODEINA JARABE 12,1MG/ML (294,4MG/120ML)",6,MEDICAMENTOS,1.0,2062.0,2.0
2021-07-31,D020221,"DIFENHIDRAMINA JARABE 2,42MG/1ML (290,4MG/120ML)",7,MEDICAMENTOS,1.0,0.0,0.0
2021-08-31,D020221,"DIFENHIDRAMINA JARABE 2,42MG/1ML (290,4MG/120ML)",7,MEDICAMENTOS,1.0,0.0,0.0
2021-09-30,D020221,"DIFENHIDRAMINA JARABE 2,42MG/1ML (290,4MG/120ML)",10,MEDICAMENTOS,1.0,0.0,0.0
2021-10-31,D020221,"DIFENHIDRAMINA JARABE 2,42MG/1ML (290,4MG/120ML)",3,MEDICAMENTOS,1.0,0.0,0.0
2021-11-30,D020221,"DIFENHIDRAMINA JARABE 2,42MG/1ML (290,4MG/120ML)",9,MEDICAMENTOS,1.0,0.0,0.0
2021-12-31,D020221,"DIFENHIDRAMINA JARABE 2,42MG/1ML (290,4MG/120ML)",10,MEDICAMENTOS,1.0,0.0,0.0
2022-01-31,D020221,"DIFENHIDRAMINA JARABE 2,42MG/1ML (290,4MG/120ML)",10,MEDICAMENTOS,1.0,0.0,0.0
2022-02-28,D020221,"DIFENHIDRAMINA JARABE 2,42MG/1ML (290,4MG/120ML)",2,MEDICAMENTOS,1.0,0.0,0.0
2022-03-31,D020221,"DIFENHIDRAMINA JARABE 2,42MG/1ML (290,4MG/120ML)",7,MEDICAMENTOS,1.0,0.0,0.0
2022-04-30,D020221,"DIFENHIDRAMINA JARABE 2,42MG/1ML (290,4MG/120ML)",7,MEDICAMENTOS,1.0,0.0,0.0
2022-05-31,D020221,"DIFENHIDRAMINA JARABE 2,42MG/1ML (290,4MG/120ML)",7,MEDICAMENTOS,1.0,0.0,0.0
2022-06-30,D020221,"DIFENHIDRAMINA JARABE 2,42MG/1ML (290,4MG/120ML)",3,MEDICAMENTOS,1.0,0.0,0.0
2021-07-31,D023011,DIMENHIDRINATO 50MG TABLETA,5,MEDICAMENTOS,1.0,32.0,17.0
2021-08-31,D023011,DIMENHIDRINATO 50MG TABLETA,0,MEDICAMENTOS,1.0,32.0,17.0
2021-09-30,D023011,DIMENHIDRINATO 50MG TABLETA,1,MEDICAMENTOS,1.0,32.0,17.0
2021-10-31,D023011,DIMENHIDRINATO 50MG TABLETA,4,MEDICAMENTOS,1.0,32.0,17.0
2021-11-30,D023011,DIMENHIDRINATO 50MG TABLETA,43,MEDICAMENTOS,1.0,32.0,17.0
2021-12-31,D023011,DIMENHIDRINATO 50MG TABLETA,46,MEDICAMENTOS,1.0,32.0,17.0
2022-01-31,D023011,DIMENHIDRINATO 50MG TABLETA,9,MEDICAMENTOS,1.0,32.0,17.0
2022-02-28,D023011,DIMENHIDRINATO 50MG TABLETA,41,MEDICAMENTOS,1.0,32.0,17.0
2022-03-31,D023011,DIMENHIDRINATO 50MG TABLETA,3,MEDICAMENTOS,1.0,32.0,17.0
2022-04-30,D023011,DIMENHIDRINATO 50MG TABLETA,30,MEDICAMENTOS,1.0,32.0,17.0
2022-05-31,D023011,DIMENHIDRINATO 50MG TABLETA,36,MEDICAMENTOS,1.0,32.0,17.0
2022-06-30,D023011,DIMENHIDRINATO 50MG TABLETA,2,MEDICAMENTOS,1.0,32.0,17.0
2021-07-31,D029701,DOPAMINA 200MG/5ML SOL. INYECTABLE ,4,MEDICAMENTOS,1.0,774.0,162.0
2021-08-31,D029701,DOPAMINA 200MG/5ML SOL. INYECTABLE ,32,MEDICAMENTOS,1.0,774.0,162.0
2021-09-30,D029701,DOPAMINA 200MG/5ML SOL. INYECTABLE ,9,MEDICAMENTOS,1.0,774.0,162.0
2021-10-31,D029701,DOPAMINA 200MG/5ML SOL. INYECTABLE ,4,MEDICAMENTOS,1.0,774.0,162.0
2021-11-30,D029701,DOPAMINA 200MG/5ML SOL. INYECTABLE ,5,MEDICAMENTOS,1.0,774.0,162.0
2021-12-31,D029701,DOPAMINA 200MG/5ML SOL. INYECTABLE ,1,MEDICAMENTOS,1.0,774.0,162.0
2022-01-31,D029701,DOPAMINA 200MG/5ML SOL. INYECTABLE ,8,MEDICAMENTOS,1.0,774.0,162.0
2022-02-28,D029701,DOPAMINA 200MG/5ML SOL. INYECTABLE ,21,MEDICAMENTOS,1.0,774.0,162.0
2022-03-31,D029701,DOPAMINA 200MG/5ML SOL. INYECTABLE ,3,MEDICAMENTOS,1.0,774.0,162.0
2022-04-30,D029701,DOPAMINA 200MG/5ML SOL. INYECTABLE ,7,MEDICAMENTOS,1.0,774.0,162.0
2022-05-31,D029701,DOPAMINA 200MG/5ML SOL. INYECTABLE ,61,MEDICAMENTOS,1.0,774.0,162.0
2022-06-30,D029701,DOPAMINA 200MG/5ML SOL. INYECTABLE ,38,MEDICAMENTOS,1.0,774.0,162.0
2021-07-31,D031141,DOXICICLINA 100MG TABLETA ,0,MEDICAMENTOS,1.0,74.0,30.0
2021-08-31,D031141,DOXICICLINA 100MG TABLETA ,52,MEDICAMENTOS,1.0,74.0,30.0
2021-09-30,D031141,DOXICICLINA 100MG TABLETA ,18,MEDICAMENTOS,1.0,74.0,30.0
2021-10-31,D031141,DOXICICLINA 100MG TABLETA ,62,MEDICAMENTOS,1.0,74.0,30.0
2021-11-30,D031141,DOXICICLINA 100MG TABLETA ,5,MEDICAMENTOS,1.0,74.0,30.0
2021-12-31,D031141,DOXICICLINA 100MG TABLETA ,4,MEDICAMENTOS,1.0,74.0,30.0
2022-01-31,D031141,DOXICICLINA 100MG TABLETA ,3,MEDICAMENTOS,1.0,74.0,30.0
2022-02-28,D031141,DOXICICLINA 100MG TABLETA ,10,MEDICAMENTOS,1.0,74.0,30.0
2022-03-31,D031141,DOXICICLINA 100MG TABLETA ,30,MEDICAMENTOS,1.0,74.0,30.0
2022-04-30,D031141,DOXICICLINA 100MG TABLETA ,11,MEDICAMENTOS,1.0,74.0,30.0
2022-05-31,D031141,DOXICICLINA 100MG TABLETA ,17,MEDICAMENTOS,1.0,74.0,30.0
2022-06-30,D031141,DOXICICLINA 100MG TABLETA ,35,MEDICAMENTOS,1.0,74.0,30.0
2021-07-31,D035701,DESMOPRESINA 15MCG/1ML SOL. INYECTABLE,3,MEDICAMENTOS,1.0,,
2021-08-31,D035701,DESMOPRESINA 15MCG/1ML SOL. INYECTABLE,5,MEDICAMENTOS,1.0,,
2021-09-30,D035701,DESMOPRESINA 15MCG/1ML SOL. INYECTABLE,2,MEDICAMENTOS,1.0,,
2021-10-31,D035701,DESMOPRESINA 15MCG/1ML SOL. INYECTABLE,0,MEDICAMENTOS,1.0,,
2021-11-30,D035701,DESMOPRESINA 15MCG/1ML SOL. INYECTABLE,2,MEDICAMENTOS,1.0,,
2021-12-31,D035701,DESMOPRESINA 15MCG/1ML SOL. INYECTABLE,5,MEDICAMENTOS,1.0,,
2022-01-31,D035701,DESMOPRESINA 15MCG/1ML SOL. INYECTABLE,1,MEDICAMENTOS,1.0,,
2022-02-28,D035701,DESMOPRESINA 15MCG/1ML SOL. INYECTABLE,2,MEDICAMENTOS,1.0,,
2022-03-31,D035701,DESMOPRESINA 15MCG/1ML SOL. INYECTABLE,2,MEDICAMENTOS,1.0,,
2022-04-30,D035701,DESMOPRESINA 15MCG/1ML SOL. INYECTABLE,0,MEDICAMENTOS,1.0,,
2022-05-31,D035701,DESMOPRESINA 15MCG/1ML SOL. INYECTABLE,2,MEDICAMENTOS,1.0,,
2022-06-30,D035701,DESMOPRESINA 15MCG/1ML SOL. INYECTABLE,2,MEDICAMENTOS,1.0,,
2021-07-31,E0000003,SODIO FOSFATO MONOBASICO SOLUCIÓN ORAL 133ML,0,MEDICAMENTOS,1.0,5903.0,12.0
2021-08-31,E0000003,SODIO FOSFATO MONOBASICO SOLUCIÓN ORAL 133ML,1,MEDICAMENTOS,1.0,5903.0,12.0
2021-09-30,E0000003,SODIO FOSFATO MONOBASICO SOLUCIÓN ORAL 133ML,0,MEDICAMENTOS,1.0,5903.0,12.0
2021-10-31,E0000003,SODIO FOSFATO MONOBASICO SOLUCIÓN ORAL 133ML,0,MEDICAMENTOS,1.0,5903.0,12.0
2021-11-30,E0000003,SODIO FOSFATO MONOBASICO SOLUCIÓN ORAL 133ML,0,MEDICAMENTOS,1.0,5903.0,12.0
2021-12-31,E0000003,SODIO FOSFATO MONOBASICO SOLUCIÓN ORAL 133ML,0,MEDICAMENTOS,1.0,5903.0,12.0
2022-01-31,E0000003,SODIO FOSFATO MONOBASICO SOLUCIÓN ORAL 133ML,0,MEDICAMENTOS,1.0,5903.0,12.0
2022-02-28,E0000003,SODIO FOSFATO MONOBASICO SOLUCIÓN ORAL 133ML,0,MEDICAMENTOS,1.0,5903.0,12.0
2022-03-31,E0000003,SODIO FOSFATO MONOBASICO SOLUCIÓN ORAL 133ML,0,MEDICAMENTOS,1.0,5903.0,12.0
2022-04-30,E0000003,SODIO FOSFATO MONOBASICO SOLUCIÓN ORAL 133ML,6,MEDICAMENTOS,1.0,5903.0,12.0
2022-05-31,E0000003,SODIO FOSFATO MONOBASICO SOLUCIÓN ORAL 133ML,0,MEDICAMENTOS,1.0,5903.0,12.0
2022-06-30,E0000003,SODIO FOSFATO MONOBASICO SOLUCIÓN ORAL 133ML,3,MEDICAMENTOS,1.0,5903.0,12.0
2021-07-31,E0000017,ERTAPENEM POLVO LIOFILIZADO 1G ,39,MEDICAMENTOS,1.0,34510.5,28.0
2021-08-31,E0000017,ERTAPENEM POLVO LIOFILIZADO 1G ,13,MEDICAMENTOS,1.0,34510.5,28.0
2021-09-30,E0000017,ERTAPENEM POLVO LIOFILIZADO 1G ,20,MEDICAMENTOS,1.0,34510.5,28.0
2021-10-31,E0000017,ERTAPENEM POLVO LIOFILIZADO 1G ,40,MEDICAMENTOS,1.0,34510.5,28.0
2021-11-30,E0000017,ERTAPENEM POLVO LIOFILIZADO 1G ,21,MEDICAMENTOS,1.0,34510.5,28.0
2021-12-31,E0000017,ERTAPENEM POLVO LIOFILIZADO 1G ,21,MEDICAMENTOS,1.0,34510.5,28.0
2022-01-31,E0000017,ERTAPENEM POLVO LIOFILIZADO 1G ,32,MEDICAMENTOS,1.0,34510.5,28.0
2022-02-28,E0000017,ERTAPENEM POLVO LIOFILIZADO 1G ,4,MEDICAMENTOS,1.0,34510.5,28.0
2022-03-31,E0000017,ERTAPENEM POLVO LIOFILIZADO 1G ,8,MEDICAMENTOS,1.0,34510.5,28.0
2022-04-30,E0000017,ERTAPENEM POLVO LIOFILIZADO 1G ,32,MEDICAMENTOS,1.0,34510.5,28.0
2022-05-31,E0000017,ERTAPENEM POLVO LIOFILIZADO 1G ,0,MEDICAMENTOS,1.0,34510.5,28.0
2022-06-30,E0000017,ERTAPENEM POLVO LIOFILIZADO 1G ,12,MEDICAMENTOS,1.0,34510.5,28.0
2021-07-31,E0000021,SODIO FOSFATO MONOBASICO/DIBASICO ENEMA RECTAL 16G/6G/133ML,2,MEDICAMENTOS,1.0,5272.0,12.0
2021-08-31,E0000021,SODIO FOSFATO MONOBASICO/DIBASICO ENEMA RECTAL 16G/6G/133ML,8,MEDICAMENTOS,1.0,5272.0,12.0
2021-09-30,E0000021,SODIO FOSFATO MONOBASICO/DIBASICO ENEMA RECTAL 16G/6G/133ML,6,MEDICAMENTOS,1.0,5272.0,12.0
2021-10-31,E0000021,SODIO FOSFATO MONOBASICO/DIBASICO ENEMA RECTAL 16G/6G/133ML,6,MEDICAMENTOS,1.0,5272.0,12.0
2021-11-30,E0000021,SODIO FOSFATO MONOBASICO/DIBASICO ENEMA RECTAL 16G/6G/133ML,1,MEDICAMENTOS,1.0,5272.0,12.0
2021-12-31,E0000021,SODIO FOSFATO MONOBASICO/DIBASICO ENEMA RECTAL 16G/6G/133ML,17,MEDICAMENTOS,1.0,5272.0,12.0
2022-01-31,E0000021,SODIO FOSFATO MONOBASICO/DIBASICO ENEMA RECTAL 16G/6G/133ML,11,MEDICAMENTOS,1.0,5272.0,12.0
2022-02-28,E0000021,SODIO FOSFATO MONOBASICO/DIBASICO ENEMA RECTAL 16G/6G/133ML,5,MEDICAMENTOS,1.0,5272.0,12.0
2022-03-31,E0000021,SODIO FOSFATO MONOBASICO/DIBASICO ENEMA RECTAL 16G/6G/133ML,4,MEDICAMENTOS,1.0,5272.0,12.0
2022-04-30,E0000021,SODIO FOSFATO MONOBASICO/DIBASICO ENEMA RECTAL 16G/6G/133ML,15,MEDICAMENTOS,1.0,5272.0,12.0
2022-05-31,E0000021,SODIO FOSFATO MONOBASICO/DIBASICO ENEMA RECTAL 16G/6G/133ML,2,MEDICAMENTOS,1.0,5272.0,12.0
2022-06-30,E0000021,SODIO FOSFATO MONOBASICO/DIBASICO ENEMA RECTAL 16G/6G/133ML,4,MEDICAMENTOS,1.0,5272.0,12.0
2021-07-31,E0000034,ENTEROGERMINA SUSPENSIÓN ORAL 2000000000UI/5ML,35,MEDICAMENTOS,1.0,3723.0,9.0
2021-08-31,E0000034,ENTEROGERMINA SUSPENSIÓN ORAL 2000000000UI/5ML,5,MEDICAMENTOS,1.0,3723.0,9.0
2021-09-30,E0000034,ENTEROGERMINA SUSPENSIÓN ORAL 2000000000UI/5ML,2,MEDICAMENTOS,1.0,3723.0,9.0
2021-10-31,E0000034,ENTEROGERMINA SUSPENSIÓN ORAL 2000000000UI/5ML,0,MEDICAMENTOS,1.0,3723.0,9.0
2021-11-30,E0000034,ENTEROGERMINA SUSPENSIÓN ORAL 2000000000UI/5ML,0,MEDICAMENTOS,1.0,3723.0,9.0
2021-12-31,E0000034,ENTEROGERMINA SUSPENSIÓN ORAL 2000000000UI/5ML,0,MEDICAMENTOS,1.0,3723.0,9.0
2022-01-31,E0000034,ENTEROGERMINA SUSPENSIÓN ORAL 2000000000UI/5ML,0,MEDICAMENTOS,1.0,3723.0,9.0
2022-02-28,E0000034,ENTEROGERMINA SUSPENSIÓN ORAL 2000000000UI/5ML,0,MEDICAMENTOS,1.0,3723.0,9.0
2022-03-31,E0000034,ENTEROGERMINA SUSPENSIÓN ORAL 2000000000UI/5ML,0,MEDICAMENTOS,1.0,3723.0,9.0
2022-04-30,E0000034,ENTEROGERMINA SUSPENSIÓN ORAL 2000000000UI/5ML,1,MEDICAMENTOS,1.0,3723.0,9.0
2022-05-31,E0000034,ENTEROGERMINA SUSPENSIÓN ORAL 2000000000UI/5ML,0,MEDICAMENTOS,1.0,3723.0,9.0
2022-06-30,E0000034,ENTEROGERMINA SUSPENSIÓN ORAL 2000000000UI/5ML,0,MEDICAMENTOS,1.0,3723.0,9.0
2021-07-31,E002011,ENALAPRIL 5MG TABLETA ,151,MEDICAMENTOS,1.0,12.0,69.0
2021-08-31,E002011,ENALAPRIL 5MG TABLETA ,170,MEDICAMENTOS,1.0,12.0,69.0
2021-09-30,E002011,ENALAPRIL 5MG TABLETA ,347,MEDICAMENTOS,1.0,12.0,69.0
2021-10-31,E002011,ENALAPRIL 5MG TABLETA ,291,MEDICAMENTOS,1.0,12.0,69.0
2021-11-30,E002011,ENALAPRIL 5MG TABLETA ,204,MEDICAMENTOS,1.0,12.0,69.0
2021-12-31,E002011,ENALAPRIL 5MG TABLETA ,198,MEDICAMENTOS,1.0,12.0,69.0
2022-01-31,E002011,ENALAPRIL 5MG TABLETA ,313,MEDICAMENTOS,1.0,12.0,69.0
2022-02-28,E002011,ENALAPRIL 5MG TABLETA ,133,MEDICAMENTOS,1.0,12.0,69.0
2022-03-31,E002011,ENALAPRIL 5MG TABLETA ,131,MEDICAMENTOS,1.0,12.0,69.0
2022-04-30,E002011,ENALAPRIL 5MG TABLETA ,128,MEDICAMENTOS,1.0,12.0,69.0
2022-05-31,E002011,ENALAPRIL 5MG TABLETA ,228,MEDICAMENTOS,1.0,12.0,69.0
2022-06-30,E002011,ENALAPRIL 5MG TABLETA ,166,MEDICAMENTOS,1.0,12.0,69.0
2021-07-31,E002012,ENALAPRIL 20MG TABLETA ,191,MEDICAMENTOS,1.0,13.5,161.0
2021-08-31,E002012,ENALAPRIL 20MG TABLETA ,189,MEDICAMENTOS,1.0,13.5,161.0
2021-09-30,E002012,ENALAPRIL 20MG TABLETA ,192,MEDICAMENTOS,1.0,13.5,161.0
2021-10-31,E002012,ENALAPRIL 20MG TABLETA ,139,MEDICAMENTOS,1.0,13.5,161.0
2021-11-30,E002012,ENALAPRIL 20MG TABLETA ,243,MEDICAMENTOS,1.0,13.5,161.0
2021-12-31,E002012,ENALAPRIL 20MG TABLETA ,92,MEDICAMENTOS,1.0,13.5,161.0
2022-01-31,E002012,ENALAPRIL 20MG TABLETA ,170,MEDICAMENTOS,1.0,13.5,161.0
2022-02-28,E002012,ENALAPRIL 20MG TABLETA ,161,MEDICAMENTOS,1.0,13.5,161.0
2022-03-31,E002012,ENALAPRIL 20MG TABLETA ,162,MEDICAMENTOS,1.0,13.5,161.0
2022-04-30,E002012,ENALAPRIL 20MG TABLETA ,124,MEDICAMENTOS,1.0,13.5,161.0
2022-05-31,E002012,ENALAPRIL 20MG TABLETA ,212,MEDICAMENTOS,1.0,13.5,161.0
2022-06-30,E002012,ENALAPRIL 20MG TABLETA ,177,MEDICAMENTOS,1.0,13.5,161.0
2021-07-31,E007141,ERITROMICINA 500MG TABLETA ,0,MEDICAMENTOS,1.0,280.0,18.0
2021-08-31,E007141,ERITROMICINA 500MG TABLETA ,37,MEDICAMENTOS,1.0,280.0,18.0
2021-09-30,E007141,ERITROMICINA 500MG TABLETA ,42,MEDICAMENTOS,1.0,280.0,18.0
2021-10-31,E007141,ERITROMICINA 500MG TABLETA ,0,MEDICAMENTOS,1.0,280.0,18.0
2021-11-30,E007141,ERITROMICINA 500MG TABLETA ,13,MEDICAMENTOS,1.0,280.0,18.0
2021-12-31,E007141,ERITROMICINA 500MG TABLETA ,20,MEDICAMENTOS,1.0,280.0,18.0
2022-01-31,E007141,ERITROMICINA 500MG TABLETA ,6,MEDICAMENTOS,1.0,280.0,18.0
2022-02-28,E007141,ERITROMICINA 500MG TABLETA ,28,MEDICAMENTOS,1.0,280.0,18.0
2022-03-31,E007141,ERITROMICINA 500MG TABLETA ,11,MEDICAMENTOS,1.0,280.0,18.0
2022-04-30,E007141,ERITROMICINA 500MG TABLETA ,0,MEDICAMENTOS,1.0,280.0,18.0
2022-05-31,E007141,ERITROMICINA 500MG TABLETA ,23,MEDICAMENTOS,1.0,280.0,18.0
2022-06-30,E007141,ERITROMICINA 500MG TABLETA ,39,MEDICAMENTOS,1.0,280.0,18.0
2021-07-31,E007231,ERITROMICINA 250MG/5ML SUSPENSION ORAL,0,MEDICAMENTOS,1.0,0.0,0.0
2021-08-31,E007231,ERITROMICINA 250MG/5ML SUSPENSION ORAL,6,MEDICAMENTOS,1.0,0.0,0.0
2021-09-30,E007231,ERITROMICINA 250MG/5ML SUSPENSION ORAL,1,MEDICAMENTOS,1.0,0.0,0.0
2021-10-31,E007231,ERITROMICINA 250MG/5ML SUSPENSION ORAL,0,MEDICAMENTOS,1.0,0.0,0.0
2021-11-30,E007231,ERITROMICINA 250MG/5ML SUSPENSION ORAL,1,MEDICAMENTOS,1.0,0.0,0.0
2021-12-31,E007231,ERITROMICINA 250MG/5ML SUSPENSION ORAL,0,MEDICAMENTOS,1.0,0.0,0.0
2022-01-31,E007231,ERITROMICINA 250MG/5ML SUSPENSION ORAL,1,MEDICAMENTOS,1.0,0.0,0.0
2022-02-28,E007231,ERITROMICINA 250MG/5ML SUSPENSION ORAL,0,MEDICAMENTOS,1.0,0.0,0.0
2022-03-31,E007231,ERITROMICINA 250MG/5ML SUSPENSION ORAL,0,MEDICAMENTOS,1.0,0.0,0.0
2022-04-30,E007231,ERITROMICINA 250MG/5ML SUSPENSION ORAL,6,MEDICAMENTOS,1.0,0.0,0.0
2022-05-31,E007231,ERITROMICINA 250MG/5ML SUSPENSION ORAL,0,MEDICAMENTOS,1.0,0.0,0.0
2022-06-30,E007231,ERITROMICINA 250MG/5ML SUSPENSION ORAL,0,MEDICAMENTOS,1.0,0.0,0.0
2021-07-31,E008011,ESPIRONOLACTONA 25MG TABLETA ,504,MEDICAMENTOS,1.0,63.0,194.0
2021-08-31,E008011,ESPIRONOLACTONA 25MG TABLETA ,471,MEDICAMENTOS,1.0,63.0,194.0
2021-09-30,E008011,ESPIRONOLACTONA 25MG TABLETA ,558,MEDICAMENTOS,1.0,63.0,194.0
2021-10-31,E008011,ESPIRONOLACTONA 25MG TABLETA ,388,MEDICAMENTOS,1.0,63.0,194.0
2021-11-30,E008011,ESPIRONOLACTONA 25MG TABLETA ,414,MEDICAMENTOS,1.0,63.0,194.0
2021-12-31,E008011,ESPIRONOLACTONA 25MG TABLETA ,437,MEDICAMENTOS,1.0,63.0,194.0
2022-01-31,E008011,ESPIRONOLACTONA 25MG TABLETA ,441,MEDICAMENTOS,1.0,63.0,194.0
2022-02-28,E008011,ESPIRONOLACTONA 25MG TABLETA ,470,MEDICAMENTOS,1.0,63.0,194.0
2022-03-31,E008011,ESPIRONOLACTONA 25MG TABLETA ,547,MEDICAMENTOS,1.0,63.0,194.0
2022-04-30,E008011,ESPIRONOLACTONA 25MG TABLETA ,614,MEDICAMENTOS,1.0,63.0,194.0
2022-05-31,E008011,ESPIRONOLACTONA 25MG TABLETA ,508,MEDICAMENTOS,1.0,63.0,194.0
2022-06-30,E008011,ESPIRONOLACTONA 25MG TABLETA ,326,MEDICAMENTOS,1.0,63.0,194.0
2021-07-31,E008012,ESPIRONOLACTONA 100MG TABLETA ,52,MEDICAMENTOS,1.0,202.0,84.0
2021-08-31,E008012,ESPIRONOLACTONA 100MG TABLETA ,143,MEDICAMENTOS,1.0,202.0,84.0
2021-09-30,E008012,ESPIRONOLACTONA 100MG TABLETA ,61,MEDICAMENTOS,1.0,202.0,84.0
2021-10-31,E008012,ESPIRONOLACTONA 100MG TABLETA ,93,MEDICAMENTOS,1.0,202.0,84.0
2021-11-30,E008012,ESPIRONOLACTONA 100MG TABLETA ,95,MEDICAMENTOS,1.0,202.0,84.0
2021-12-31,E008012,ESPIRONOLACTONA 100MG TABLETA ,67,MEDICAMENTOS,1.0,202.0,84.0
2022-01-31,E008012,ESPIRONOLACTONA 100MG TABLETA ,34,MEDICAMENTOS,1.0,202.0,84.0
2022-02-28,E008012,ESPIRONOLACTONA 100MG TABLETA ,58,MEDICAMENTOS,1.0,202.0,84.0
2022-03-31,E008012,ESPIRONOLACTONA 100MG TABLETA ,65,MEDICAMENTOS,1.0,202.0,84.0
2022-04-30,E008012,ESPIRONOLACTONA 100MG TABLETA ,81,MEDICAMENTOS,1.0,202.0,84.0
2022-05-31,E008012,ESPIRONOLACTONA 100MG TABLETA ,72,MEDICAMENTOS,1.0,202.0,84.0
2022-06-30,E008012,ESPIRONOLACTONA 100MG TABLETA ,36,MEDICAMENTOS,1.0,202.0,84.0
2021-07-31,E010721,ESTREPTOQUINASA 750.000UI POLVO LIOFILIZADO,0,MEDICAMENTOS,1.0,205643.0,2.0
2021-08-31,E010721,ESTREPTOQUINASA 750.000UI POLVO LIOFILIZADO,2,MEDICAMENTOS,1.0,205643.0,2.0
2021-09-30,E010721,ESTREPTOQUINASA 750.000UI POLVO LIOFILIZADO,0,MEDICAMENTOS,1.0,205643.0,2.0
2021-10-31,E010721,ESTREPTOQUINASA 750.000UI POLVO LIOFILIZADO,0,MEDICAMENTOS,1.0,205643.0,2.0
2021-11-30,E010721,ESTREPTOQUINASA 750.000UI POLVO LIOFILIZADO,0,MEDICAMENTOS,1.0,205643.0,2.0
2021-12-31,E010721,ESTREPTOQUINASA 750.000UI POLVO LIOFILIZADO,0,MEDICAMENTOS,1.0,205643.0,2.0
2022-01-31,E010721,ESTREPTOQUINASA 750.000UI POLVO LIOFILIZADO,0,MEDICAMENTOS,1.0,205643.0,2.0
2022-02-28,E010721,ESTREPTOQUINASA 750.000UI POLVO LIOFILIZADO,0,MEDICAMENTOS,1.0,205643.0,2.0
2022-03-31,E010721,ESTREPTOQUINASA 750.000UI POLVO LIOFILIZADO,0,MEDICAMENTOS,1.0,205643.0,2.0
2022-04-30,E010721,ESTREPTOQUINASA 750.000UI POLVO LIOFILIZADO,0,MEDICAMENTOS,1.0,205643.0,2.0
2022-05-31,E010721,ESTREPTOQUINASA 750.000UI POLVO LIOFILIZADO,3,MEDICAMENTOS,1.0,205643.0,2.0
2022-06-30,E010721,ESTREPTOQUINASA 750.000UI POLVO LIOFILIZADO,0,MEDICAMENTOS,1.0,205643.0,2.0
2021-07-31,E020722,ERITROPOYETINA 2.000UI/ML SOL. INYECTABLE,121,MEDICAMENTOS,1.0,4640.0,34.0
2021-08-31,E020722,ERITROPOYETINA 2.000UI/ML SOL. INYECTABLE,153,MEDICAMENTOS,1.0,4640.0,34.0
2021-09-30,E020722,ERITROPOYETINA 2.000UI/ML SOL. INYECTABLE,106,MEDICAMENTOS,1.0,4640.0,34.0
2021-10-31,E020722,ERITROPOYETINA 2.000UI/ML SOL. INYECTABLE,145,MEDICAMENTOS,1.0,4640.0,34.0
2021-11-30,E020722,ERITROPOYETINA 2.000UI/ML SOL. INYECTABLE,127,MEDICAMENTOS,1.0,4640.0,34.0
2021-12-31,E020722,ERITROPOYETINA 2.000UI/ML SOL. INYECTABLE,130,MEDICAMENTOS,1.0,4640.0,34.0
2022-01-31,E020722,ERITROPOYETINA 2.000UI/ML SOL. INYECTABLE,135,MEDICAMENTOS,1.0,4640.0,34.0
2022-02-28,E020722,ERITROPOYETINA 2.000UI/ML SOL. INYECTABLE,132,MEDICAMENTOS,1.0,4640.0,34.0
2022-03-31,E020722,ERITROPOYETINA 2.000UI/ML SOL. INYECTABLE,90,MEDICAMENTOS,1.0,4640.0,34.0
2022-04-30,E020722,ERITROPOYETINA 2.000UI/ML SOL. INYECTABLE,76,MEDICAMENTOS,1.0,4640.0,34.0
2022-05-31,E020722,ERITROPOYETINA 2.000UI/ML SOL. INYECTABLE,109,MEDICAMENTOS,1.0,4640.0,34.0
2022-06-30,E020722,ERITROPOYETINA 2.000UI/ML SOL. INYECTABLE,93,MEDICAMENTOS,1.0,4640.0,34.0
2021-07-31,E038162,EFAVIRENZ 600MG TABLETA,40,MEDICAMENTOS,1.0,375.0,29.0
2021-08-31,E038162,EFAVIRENZ 600MG TABLETA,0,MEDICAMENTOS,1.0,375.0,29.0
2021-09-30,E038162,EFAVIRENZ 600MG TABLETA,40,MEDICAMENTOS,1.0,375.0,29.0
2021-10-31,E038162,EFAVIRENZ 600MG TABLETA,27,MEDICAMENTOS,1.0,375.0,29.0
2021-11-30,E038162,EFAVIRENZ 600MG TABLETA,0,MEDICAMENTOS,1.0,375.0,29.0
2021-12-31,E038162,EFAVIRENZ 600MG TABLETA,0,MEDICAMENTOS,1.0,375.0,29.0
2022-01-31,E038162,EFAVIRENZ 600MG TABLETA,3,MEDICAMENTOS,1.0,375.0,29.0
2022-02-28,E038162,EFAVIRENZ 600MG TABLETA,3,MEDICAMENTOS,1.0,375.0,29.0
2022-03-31,E038162,EFAVIRENZ 600MG TABLETA,3,MEDICAMENTOS,1.0,375.0,29.0
2022-04-30,E038162,EFAVIRENZ 600MG TABLETA,2,MEDICAMENTOS,1.0,375.0,29.0
2022-05-31,E038162,EFAVIRENZ 600MG TABLETA,13,MEDICAMENTOS,1.0,375.0,29.0
2022-06-30,E038162,EFAVIRENZ 600MG TABLETA,5,MEDICAMENTOS,1.0,375.0,29.0
2021-07-31,F0000005,"FLUMAZENIL 0,5MG/5ML  SOL. INYECTABLE",0,MEDICAMENTOS,1.0,57514.0,5.0
2021-08-31,F0000005,"FLUMAZENIL 0,5MG/5ML  SOL. INYECTABLE",0,MEDICAMENTOS,1.0,57514.0,5.0
2021-09-30,F0000005,"FLUMAZENIL 0,5MG/5ML  SOL. INYECTABLE",0,MEDICAMENTOS,1.0,57514.0,5.0
2021-10-31,F0000005,"FLUMAZENIL 0,5MG/5ML  SOL. INYECTABLE",0,MEDICAMENTOS,1.0,57514.0,5.0
2021-11-30,F0000005,"FLUMAZENIL 0,5MG/5ML  SOL. INYECTABLE",1,MEDICAMENTOS,1.0,57514.0,5.0
2021-12-31,F0000005,"FLUMAZENIL 0,5MG/5ML  SOL. INYECTABLE",0,MEDICAMENTOS,1.0,57514.0,5.0
2022-01-31,F0000005,"FLUMAZENIL 0,5MG/5ML  SOL. INYECTABLE",0,MEDICAMENTOS,1.0,57514.0,5.0
2022-02-28,F0000005,"FLUMAZENIL 0,5MG/5ML  SOL. INYECTABLE",1,MEDICAMENTOS,1.0,57514.0,5.0
2022-03-31,F0000005,"FLUMAZENIL 0,5MG/5ML  SOL. INYECTABLE",1,MEDICAMENTOS,1.0,57514.0,5.0
2022-04-30,F0000005,"FLUMAZENIL 0,5MG/5ML  SOL. INYECTABLE",1,MEDICAMENTOS,1.0,57514.0,5.0
2022-05-31,F0000005,"FLUMAZENIL 0,5MG/5ML  SOL. INYECTABLE",1,MEDICAMENTOS,1.0,57514.0,5.0
2022-06-30,F0000005,"FLUMAZENIL 0,5MG/5ML  SOL. INYECTABLE",0,MEDICAMENTOS,1.0,57514.0,5.0
2021-07-31,F002141,FENITOINA 100MG TABLETA ,84,MEDICAMENTOS,1.0,133.0,46.0
2021-08-31,F002141,FENITOINA 100MG TABLETA ,182,MEDICAMENTOS,1.0,133.0,46.0
2021-09-30,F002141,FENITOINA 100MG TABLETA ,100,MEDICAMENTOS,1.0,133.0,46.0
2021-10-31,F002141,FENITOINA 100MG TABLETA ,104,MEDICAMENTOS,1.0,133.0,46.0
2021-11-30,F002141,FENITOINA 100MG TABLETA ,80,MEDICAMENTOS,1.0,133.0,46.0
2021-12-31,F002141,FENITOINA 100MG TABLETA ,177,MEDICAMENTOS,1.0,133.0,46.0
2022-01-31,F002141,FENITOINA 100MG TABLETA ,158,MEDICAMENTOS,1.0,133.0,46.0
2022-02-28,F002141,FENITOINA 100MG TABLETA ,68,MEDICAMENTOS,1.0,133.0,46.0
2022-03-31,F002141,FENITOINA 100MG TABLETA ,54,MEDICAMENTOS,1.0,133.0,46.0
2022-04-30,F002141,FENITOINA 100MG TABLETA ,68,MEDICAMENTOS,1.0,133.0,46.0
2022-05-31,F002141,FENITOINA 100MG TABLETA ,283,MEDICAMENTOS,1.0,133.0,46.0
2022-06-30,F002141,FENITOINA 100MG TABLETA ,136,MEDICAMENTOS,1.0,133.0,46.0
2021-07-31,F002231,FENITOINA 125MG/5ML SUSPENSION ORAL,3,MEDICAMENTOS,1.0,32774.0,1.0
2021-08-31,F002231,FENITOINA 125MG/5ML SUSPENSION ORAL,2,MEDICAMENTOS,1.0,32774.0,1.0
2021-09-30,F002231,FENITOINA 125MG/5ML SUSPENSION ORAL,3,MEDICAMENTOS,1.0,32774.0,1.0
2021-10-31,F002231,FENITOINA 125MG/5ML SUSPENSION ORAL,3,MEDICAMENTOS,1.0,32774.0,1.0
2021-11-30,F002231,FENITOINA 125MG/5ML SUSPENSION ORAL,2,MEDICAMENTOS,1.0,32774.0,1.0
2021-12-31,F002231,FENITOINA 125MG/5ML SUSPENSION ORAL,7,MEDICAMENTOS,1.0,32774.0,1.0
2022-01-31,F002231,FENITOINA 125MG/5ML SUSPENSION ORAL,3,MEDICAMENTOS,1.0,32774.0,1.0
2022-02-28,F002231,FENITOINA 125MG/5ML SUSPENSION ORAL,6,MEDICAMENTOS,1.0,32774.0,1.0
2022-03-31,F002231,FENITOINA 125MG/5ML SUSPENSION ORAL,0,MEDICAMENTOS,1.0,32774.0,1.0
2022-04-30,F002231,FENITOINA 125MG/5ML SUSPENSION ORAL,7,MEDICAMENTOS,1.0,32774.0,1.0
2022-05-31,F002231,FENITOINA 125MG/5ML SUSPENSION ORAL,0,MEDICAMENTOS,1.0,32774.0,1.0
2022-06-30,F002231,FENITOINA 125MG/5ML SUSPENSION ORAL,0,MEDICAMENTOS,1.0,32774.0,1.0
2021-07-31,F008701,FITOMENADIONA 10MG/1ML SOL. INYECTABLE (VITAMINA K),64,MEDICAMENTOS,1.0,885.0,45.0
2021-08-31,F008701,FITOMENADIONA 10MG/1ML SOL. INYECTABLE (VITAMINA K),53,MEDICAMENTOS,1.0,885.0,45.0
2021-09-30,F008701,FITOMENADIONA 10MG/1ML SOL. INYECTABLE (VITAMINA K),77,MEDICAMENTOS,1.0,885.0,45.0
2021-10-31,F008701,FITOMENADIONA 10MG/1ML SOL. INYECTABLE (VITAMINA K),111,MEDICAMENTOS,1.0,885.0,45.0
2021-11-30,F008701,FITOMENADIONA 10MG/1ML SOL. INYECTABLE (VITAMINA K),81,MEDICAMENTOS,1.0,885.0,45.0
2021-12-31,F008701,FITOMENADIONA 10MG/1ML SOL. INYECTABLE (VITAMINA K),71,MEDICAMENTOS,1.0,885.0,45.0
2022-01-31,F008701,FITOMENADIONA 10MG/1ML SOL. INYECTABLE (VITAMINA K),54,MEDICAMENTOS,1.0,885.0,45.0
2022-02-28,F008701,FITOMENADIONA 10MG/1ML SOL. INYECTABLE (VITAMINA K),52,MEDICAMENTOS,1.0,885.0,45.0
2022-03-31,F008701,FITOMENADIONA 10MG/1ML SOL. INYECTABLE (VITAMINA K),80,MEDICAMENTOS,1.0,885.0,45.0
2022-04-30,F008701,FITOMENADIONA 10MG/1ML SOL. INYECTABLE (VITAMINA K),64,MEDICAMENTOS,1.0,885.0,45.0
2022-05-31,F008701,FITOMENADIONA 10MG/1ML SOL. INYECTABLE (VITAMINA K),82,MEDICAMENTOS,1.0,885.0,45.0
2022-06-30,F008701,FITOMENADIONA 10MG/1ML SOL. INYECTABLE (VITAMINA K),68,MEDICAMENTOS,1.0,885.0,45.0
2021-07-31,F009101,FLUCONAZOL 200MG CAPSULA ,94,MEDICAMENTOS,1.0,163.0,76.0
2021-08-31,F009101,FLUCONAZOL 200MG CAPSULA ,78,MEDICAMENTOS,1.0,163.0,76.0
2021-09-30,F009101,FLUCONAZOL 200MG CAPSULA ,39,MEDICAMENTOS,1.0,163.0,76.0
2021-10-31,F009101,FLUCONAZOL 200MG CAPSULA ,81,MEDICAMENTOS,1.0,163.0,76.0
2021-11-30,F009101,FLUCONAZOL 200MG CAPSULA ,60,MEDICAMENTOS,1.0,163.0,76.0
2021-12-31,F009101,FLUCONAZOL 200MG CAPSULA ,105,MEDICAMENTOS,1.0,163.0,76.0
2022-01-31,F009101,FLUCONAZOL 200MG CAPSULA ,77,MEDICAMENTOS,1.0,163.0,76.0
2022-02-28,F009101,FLUCONAZOL 200MG CAPSULA ,113,MEDICAMENTOS,1.0,163.0,76.0
2022-03-31,F009101,FLUCONAZOL 200MG CAPSULA ,93,MEDICAMENTOS,1.0,163.0,76.0
2022-04-30,F009101,FLUCONAZOL 200MG CAPSULA ,132,MEDICAMENTOS,1.0,163.0,76.0
2022-05-31,F009101,FLUCONAZOL 200MG CAPSULA ,156,MEDICAMENTOS,1.0,163.0,76.0
2022-06-30,F009101,FLUCONAZOL 200MG CAPSULA ,95,MEDICAMENTOS,1.0,163.0,76.0
2021-07-31,F009701,FLUCONAZOL 200MG/100ML SOL. INYECTABLE,222,MEDICAMENTOS,1.0,1958.6666666666667,31.0
2021-08-31,F009701,FLUCONAZOL 200MG/100ML SOL. INYECTABLE,185,MEDICAMENTOS,1.0,1958.6666666666667,31.0
2021-09-30,F009701,FLUCONAZOL 200MG/100ML SOL. INYECTABLE,230,MEDICAMENTOS,1.0,1958.6666666666667,31.0
2021-10-31,F009701,FLUCONAZOL 200MG/100ML SOL. INYECTABLE,208,MEDICAMENTOS,1.0,1958.6666666666667,31.0
2021-11-30,F009701,FLUCONAZOL 200MG/100ML SOL. INYECTABLE,184,MEDICAMENTOS,1.0,1958.6666666666667,31.0
2021-12-31,F009701,FLUCONAZOL 200MG/100ML SOL. INYECTABLE,179,MEDICAMENTOS,1.0,1958.6666666666667,31.0
2022-01-31,F009701,FLUCONAZOL 200MG/100ML SOL. INYECTABLE,322,MEDICAMENTOS,1.0,1958.6666666666667,31.0
2022-02-28,F009701,FLUCONAZOL 200MG/100ML SOL. INYECTABLE,257,MEDICAMENTOS,1.0,1958.6666666666667,31.0
2022-03-31,F009701,FLUCONAZOL 200MG/100ML SOL. INYECTABLE,269,MEDICAMENTOS,1.0,1958.6666666666667,31.0
2022-04-30,F009701,FLUCONAZOL 200MG/100ML SOL. INYECTABLE,158,MEDICAMENTOS,1.0,1958.6666666666667,31.0
2022-05-31,F009701,FLUCONAZOL 200MG/100ML SOL. INYECTABLE,360,MEDICAMENTOS,1.0,1958.6666666666667,31.0
2022-06-30,F009701,FLUCONAZOL 200MG/100ML SOL. INYECTABLE,339,MEDICAMENTOS,1.0,1958.6666666666667,31.0
2021-07-31,F013141,FLUOXETINA 20M GCAPSULA ,57,MEDICAMENTOS,1.0,25.0,32.0
2021-08-31,F013141,FLUOXETINA 20M GCAPSULA ,35,MEDICAMENTOS,1.0,25.0,32.0
2021-09-30,F013141,FLUOXETINA 20M GCAPSULA ,36,MEDICAMENTOS,1.0,25.0,32.0
2021-10-31,F013141,FLUOXETINA 20M GCAPSULA ,22,MEDICAMENTOS,1.0,25.0,32.0
2021-11-30,F013141,FLUOXETINA 20M GCAPSULA ,8,MEDICAMENTOS,1.0,25.0,32.0
2021-12-31,F013141,FLUOXETINA 20M GCAPSULA ,0,MEDICAMENTOS,1.0,25.0,32.0
2022-01-31,F013141,FLUOXETINA 20M GCAPSULA ,4,MEDICAMENTOS,1.0,25.0,32.0
2022-02-28,F013141,FLUOXETINA 20M GCAPSULA ,11,MEDICAMENTOS,1.0,25.0,32.0
2022-03-31,F013141,FLUOXETINA 20M GCAPSULA ,0,MEDICAMENTOS,1.0,25.0,32.0
2022-04-30,F013141,FLUOXETINA 20M GCAPSULA ,65,MEDICAMENTOS,1.0,25.0,32.0
2022-05-31,F013141,FLUOXETINA 20M GCAPSULA ,20,MEDICAMENTOS,1.0,25.0,32.0
2022-06-30,F013141,FLUOXETINA 20M GCAPSULA ,23,MEDICAMENTOS,1.0,25.0,32.0
2021-07-31,F013201,FLUOXETINA 20MG/5ML JARABE,1,MEDICAMENTOS,1.0,2238.0,3.0
2021-08-31,F013201,FLUOXETINA 20MG/5ML JARABE,1,MEDICAMENTOS,1.0,2238.0,3.0
2021-09-30,F013201,FLUOXETINA 20MG/5ML JARABE,1,MEDICAMENTOS,1.0,2238.0,3.0
2021-10-31,F013201,FLUOXETINA 20MG/5ML JARABE,0,MEDICAMENTOS,1.0,2238.0,3.0
2021-11-30,F013201,FLUOXETINA 20MG/5ML JARABE,1,MEDICAMENTOS,1.0,2238.0,3.0
2021-12-31,F013201,FLUOXETINA 20MG/5ML JARABE,1,MEDICAMENTOS,1.0,2238.0,3.0
2022-01-31,F013201,FLUOXETINA 20MG/5ML JARABE,0,MEDICAMENTOS,1.0,2238.0,3.0
2022-02-28,F013201,FLUOXETINA 20MG/5ML JARABE,0,MEDICAMENTOS,1.0,2238.0,3.0
2022-03-31,F013201,FLUOXETINA 20MG/5ML JARABE,0,MEDICAMENTOS,1.0,2238.0,3.0
2022-04-30,F013201,FLUOXETINA 20MG/5ML JARABE,0,MEDICAMENTOS,1.0,2238.0,3.0
2022-05-31,F013201,FLUOXETINA 20MG/5ML JARABE,0,MEDICAMENTOS,1.0,2238.0,3.0
2022-06-30,F013201,FLUOXETINA 20MG/5ML JARABE,0,MEDICAMENTOS,1.0,2238.0,3.0
2021-07-31,F014011,FOLICO ÁCIDO 1MG TABLETA,334,MEDICAMENTOS,1.0,9.0,161.0
2021-08-31,F014011,FOLICO ÁCIDO 1MG TABLETA,380,MEDICAMENTOS,1.0,9.0,161.0
2021-09-30,F014011,FOLICO ÁCIDO 1MG TABLETA,493,MEDICAMENTOS,1.0,9.0,161.0
2021-10-31,F014011,FOLICO ÁCIDO 1MG TABLETA,326,MEDICAMENTOS,1.0,9.0,161.0
2021-11-30,F014011,FOLICO ÁCIDO 1MG TABLETA,427,MEDICAMENTOS,1.0,9.0,161.0
2021-12-31,F014011,FOLICO ÁCIDO 1MG TABLETA,525,MEDICAMENTOS,1.0,9.0,161.0
2022-01-31,F014011,FOLICO ÁCIDO 1MG TABLETA,305,MEDICAMENTOS,1.0,9.0,161.0
2022-02-28,F014011,FOLICO ÁCIDO 1MG TABLETA,244,MEDICAMENTOS,1.0,9.0,161.0
2022-03-31,F014011,FOLICO ÁCIDO 1MG TABLETA,341,MEDICAMENTOS,1.0,9.0,161.0
2022-04-30,F014011,FOLICO ÁCIDO 1MG TABLETA,343,MEDICAMENTOS,1.0,9.0,161.0
2022-05-31,F014011,FOLICO ÁCIDO 1MG TABLETA,457,MEDICAMENTOS,1.0,9.0,161.0
2022-06-30,F014011,FOLICO ÁCIDO 1MG TABLETA,444,MEDICAMENTOS,1.0,9.0,161.0
2021-07-31,F015011,FOLINICO ÁCIDO 15MG TABLETA ,14,MEDICAMENTOS,1.0,0.0,0.0
2021-08-31,F015011,FOLINICO ÁCIDO 15MG TABLETA ,0,MEDICAMENTOS,1.0,0.0,0.0
2021-09-30,F015011,FOLINICO ÁCIDO 15MG TABLETA ,2,MEDICAMENTOS,1.0,0.0,0.0
2021-10-31,F015011,FOLINICO ÁCIDO 15MG TABLETA ,6,MEDICAMENTOS,1.0,0.0,0.0
2021-11-30,F015011,FOLINICO ÁCIDO 15MG TABLETA ,1,MEDICAMENTOS,1.0,0.0,0.0
2021-12-31,F015011,FOLINICO ÁCIDO 15MG TABLETA ,0,MEDICAMENTOS,1.0,0.0,0.0
2022-01-31,F015011,FOLINICO ÁCIDO 15MG TABLETA ,0,MEDICAMENTOS,1.0,0.0,0.0
2022-02-28,F015011,FOLINICO ÁCIDO 15MG TABLETA ,0,MEDICAMENTOS,1.0,0.0,0.0
2022-03-31,F015011,FOLINICO ÁCIDO 15MG TABLETA ,0,MEDICAMENTOS,1.0,0.0,0.0
2022-04-30,F015011,FOLINICO ÁCIDO 15MG TABLETA ,7,MEDICAMENTOS,1.0,0.0,0.0
2022-05-31,F015011,FOLINICO ÁCIDO 15MG TABLETA ,0,MEDICAMENTOS,1.0,0.0,0.0
2022-06-30,F015011,FOLINICO ÁCIDO 15MG TABLETA ,0,MEDICAMENTOS,1.0,0.0,0.0
2021-07-31,F015701,CALCIO FOLINATO 50MG/5ML SOL. INYECTABLE,1,MEDICAMENTOS,1.0,0.0,0.0
2021-08-31,F015701,CALCIO FOLINATO 50MG/5ML SOL. INYECTABLE,0,MEDICAMENTOS,1.0,0.0,0.0
2021-09-30,F015701,CALCIO FOLINATO 50MG/5ML SOL. INYECTABLE,0,MEDICAMENTOS,1.0,0.0,0.0
2021-10-31,F015701,CALCIO FOLINATO 50MG/5ML SOL. INYECTABLE,0,MEDICAMENTOS,1.0,0.0,0.0
2021-11-30,F015701,CALCIO FOLINATO 50MG/5ML SOL. INYECTABLE,6,MEDICAMENTOS,1.0,0.0,0.0
2021-12-31,F015701,CALCIO FOLINATO 50MG/5ML SOL. INYECTABLE,0,MEDICAMENTOS,1.0,0.0,0.0
2022-01-31,F015701,CALCIO FOLINATO 50MG/5ML SOL. INYECTABLE,3,MEDICAMENTOS,1.0,0.0,0.0
2022-02-28,F015701,CALCIO FOLINATO 50MG/5ML SOL. INYECTABLE,13,MEDICAMENTOS,1.0,0.0,0.0
2022-03-31,F015701,CALCIO FOLINATO 50MG/5ML SOL. INYECTABLE,17,MEDICAMENTOS,1.0,0.0,0.0
2022-04-30,F015701,CALCIO FOLINATO 50MG/5ML SOL. INYECTABLE,0,MEDICAMENTOS,1.0,0.0,0.0
2022-05-31,F015701,CALCIO FOLINATO 50MG/5ML SOL. INYECTABLE,23,MEDICAMENTOS,1.0,0.0,0.0
2022-06-30,F015701,CALCIO FOLINATO 50MG/5ML SOL. INYECTABLE,20,MEDICAMENTOS,1.0,0.0,0.0
2021-07-31,F017011,FUROSEMIDA 40MG TABLETA ,386,MEDICAMENTOS,1.0,21.0,152.0
2021-08-31,F017011,FUROSEMIDA 40MG TABLETA ,312,MEDICAMENTOS,1.0,21.0,152.0
2021-09-30,F017011,FUROSEMIDA 40MG TABLETA ,328,MEDICAMENTOS,1.0,21.0,152.0
2021-10-31,F017011,FUROSEMIDA 40MG TABLETA ,364,MEDICAMENTOS,1.0,21.0,152.0
2021-11-30,F017011,FUROSEMIDA 40MG TABLETA ,353,MEDICAMENTOS,1.0,21.0,152.0
2021-12-31,F017011,FUROSEMIDA 40MG TABLETA ,372,MEDICAMENTOS,1.0,21.0,152.0
2022-01-31,F017011,FUROSEMIDA 40MG TABLETA ,322,MEDICAMENTOS,1.0,21.0,152.0
2022-02-28,F017011,FUROSEMIDA 40MG TABLETA ,313,MEDICAMENTOS,1.0,21.0,152.0
2022-03-31,F017011,FUROSEMIDA 40MG TABLETA ,329,MEDICAMENTOS,1.0,21.0,152.0
2022-04-30,F017011,FUROSEMIDA 40MG TABLETA ,255,MEDICAMENTOS,1.0,21.0,152.0
2022-05-31,F017011,FUROSEMIDA 40MG TABLETA ,261,MEDICAMENTOS,1.0,21.0,152.0
2022-06-30,F017011,FUROSEMIDA 40MG TABLETA ,393,MEDICAMENTOS,1.0,21.0,152.0
2021-07-31,F017701,FUROSEMIDA 20MG/2ML SOL. INYECTABLE,1018,MEDICAMENTOS,1.0,232.0,246.0
2021-08-31,F017701,FUROSEMIDA 20MG/2ML SOL. INYECTABLE,1057,MEDICAMENTOS,1.0,232.0,246.0
2021-09-30,F017701,FUROSEMIDA 20MG/2ML SOL. INYECTABLE,1092,MEDICAMENTOS,1.0,232.0,246.0
2021-10-31,F017701,FUROSEMIDA 20MG/2ML SOL. INYECTABLE,925,MEDICAMENTOS,1.0,232.0,246.0
2021-11-30,F017701,FUROSEMIDA 20MG/2ML SOL. INYECTABLE,1047,MEDICAMENTOS,1.0,232.0,246.0
2021-12-31,F017701,FUROSEMIDA 20MG/2ML SOL. INYECTABLE,940,MEDICAMENTOS,1.0,232.0,246.0
2022-01-31,F017701,FUROSEMIDA 20MG/2ML SOL. INYECTABLE,936,MEDICAMENTOS,1.0,232.0,246.0
2022-02-28,F017701,FUROSEMIDA 20MG/2ML SOL. INYECTABLE,672,MEDICAMENTOS,1.0,232.0,246.0
2022-03-31,F017701,FUROSEMIDA 20MG/2ML SOL. INYECTABLE,812,MEDICAMENTOS,1.0,232.0,246.0
2022-04-30,F017701,FUROSEMIDA 20MG/2ML SOL. INYECTABLE,1019,MEDICAMENTOS,1.0,232.0,246.0
2022-05-31,F017701,FUROSEMIDA 20MG/2ML SOL. INYECTABLE,1157,MEDICAMENTOS,1.0,232.0,246.0
2022-06-30,F017701,FUROSEMIDA 20MG/2ML SOL. INYECTABLE,1180,MEDICAMENTOS,1.0,232.0,246.0
2021-07-31,G0000001,GABAPENTIN CÁPSULA 300MG,0,MEDICAMENTOS,1.0,387.0,5.0
2021-08-31,G0000001,GABAPENTIN CÁPSULA 300MG,0,MEDICAMENTOS,1.0,387.0,5.0
2021-09-30,G0000001,GABAPENTIN CÁPSULA 300MG,0,MEDICAMENTOS,1.0,387.0,5.0
2021-10-31,G0000001,GABAPENTIN CÁPSULA 300MG,142,MEDICAMENTOS,1.0,387.0,5.0
2021-11-30,G0000001,GABAPENTIN CÁPSULA 300MG,39,MEDICAMENTOS,1.0,387.0,5.0
2021-12-31,G0000001,GABAPENTIN CÁPSULA 300MG,0,MEDICAMENTOS,1.0,387.0,5.0
2022-01-31,G0000001,GABAPENTIN CÁPSULA 300MG,0,MEDICAMENTOS,1.0,387.0,5.0
2022-02-28,G0000001,GABAPENTIN CÁPSULA 300MG,0,MEDICAMENTOS,1.0,387.0,5.0
2022-03-31,G0000001,GABAPENTIN CÁPSULA 300MG,0,MEDICAMENTOS,1.0,387.0,5.0
2022-04-30,G0000001,GABAPENTIN CÁPSULA 300MG,0,MEDICAMENTOS,1.0,387.0,5.0
2022-05-31,G0000001,GABAPENTIN CÁPSULA 300MG,0,MEDICAMENTOS,1.0,387.0,5.0
2022-06-30,G0000001,GABAPENTIN CÁPSULA 300MG,0,MEDICAMENTOS,1.0,387.0,5.0
2021-07-31,G002011,GEMFIBROZIL 600MG TABLETA ,0,MEDICAMENTOS,1.0,170.0,5.0
2021-08-31,G002011,GEMFIBROZIL 600MG TABLETA ,0,MEDICAMENTOS,1.0,170.0,5.0
2021-09-30,G002011,GEMFIBROZIL 600MG TABLETA ,0,MEDICAMENTOS,1.0,170.0,5.0
2021-10-31,G002011,GEMFIBROZIL 600MG TABLETA ,4,MEDICAMENTOS,1.0,170.0,5.0
2021-11-30,G002011,GEMFIBROZIL 600MG TABLETA ,0,MEDICAMENTOS,1.0,170.0,5.0
2021-12-31,G002011,GEMFIBROZIL 600MG TABLETA ,0,MEDICAMENTOS,1.0,170.0,5.0
2022-01-31,G002011,GEMFIBROZIL 600MG TABLETA ,0,MEDICAMENTOS,1.0,170.0,5.0
2022-02-28,G002011,GEMFIBROZIL 600MG TABLETA ,0,MEDICAMENTOS,1.0,170.0,5.0
2022-03-31,G002011,GEMFIBROZIL 600MG TABLETA ,0,MEDICAMENTOS,1.0,170.0,5.0
2022-04-30,G002011,GEMFIBROZIL 600MG TABLETA ,0,MEDICAMENTOS,1.0,170.0,5.0
2022-05-31,G002011,GEMFIBROZIL 600MG TABLETA ,4,MEDICAMENTOS,1.0,170.0,5.0
2022-06-30,G002011,GEMFIBROZIL 600MG TABLETA ,0,MEDICAMENTOS,1.0,170.0,5.0
2021-07-31,G003601,GENTAMICINA SOL. OFTÁLMICA 0.3% GOTAS,0,MEDICAMENTOS,1.0,928.0,4.0
2021-08-31,G003601,GENTAMICINA SOL. OFTÁLMICA 0.3% GOTAS,4,MEDICAMENTOS,1.0,928.0,4.0
2021-09-30,G003601,GENTAMICINA SOL. OFTÁLMICA 0.3% GOTAS,5,MEDICAMENTOS,1.0,928.0,4.0
2021-10-31,G003601,GENTAMICINA SOL. OFTÁLMICA 0.3% GOTAS,3,MEDICAMENTOS,1.0,928.0,4.0
2021-11-30,G003601,GENTAMICINA SOL. OFTÁLMICA 0.3% GOTAS,4,MEDICAMENTOS,1.0,928.0,4.0
2021-12-31,G003601,GENTAMICINA SOL. OFTÁLMICA 0.3% GOTAS,6,MEDICAMENTOS,1.0,928.0,4.0
2022-01-31,G003601,GENTAMICINA SOL. OFTÁLMICA 0.3% GOTAS,1,MEDICAMENTOS,1.0,928.0,4.0
2022-02-28,G003601,GENTAMICINA SOL. OFTÁLMICA 0.3% GOTAS,4,MEDICAMENTOS,1.0,928.0,4.0
2022-03-31,G003601,GENTAMICINA SOL. OFTÁLMICA 0.3% GOTAS,2,MEDICAMENTOS,1.0,928.0,4.0
2022-04-30,G003601,GENTAMICINA SOL. OFTÁLMICA 0.3% GOTAS,4,MEDICAMENTOS,1.0,928.0,4.0
2022-05-31,G003601,GENTAMICINA SOL. OFTÁLMICA 0.3% GOTAS,4,MEDICAMENTOS,1.0,928.0,4.0
2022-06-30,G003601,GENTAMICINA SOL. OFTÁLMICA 0.3% GOTAS,2,MEDICAMENTOS,1.0,928.0,4.0
2021-07-31,G003703,GENTAMICINA 80MG/2ML SOL. INYECTABLE ,79,MEDICAMENTOS,1.0,176.5,112.0
2021-08-31,G003703,GENTAMICINA 80MG/2ML SOL. INYECTABLE ,108,MEDICAMENTOS,1.0,176.5,112.0
2021-09-30,G003703,GENTAMICINA 80MG/2ML SOL. INYECTABLE ,64,MEDICAMENTOS,1.0,176.5,112.0
2021-10-31,G003703,GENTAMICINA 80MG/2ML SOL. INYECTABLE ,117,MEDICAMENTOS,1.0,176.5,112.0
2021-11-30,G003703,GENTAMICINA 80MG/2ML SOL. INYECTABLE ,101,MEDICAMENTOS,1.0,176.5,112.0
2021-12-31,G003703,GENTAMICINA 80MG/2ML SOL. INYECTABLE ,99,MEDICAMENTOS,1.0,176.5,112.0
2022-01-31,G003703,GENTAMICINA 80MG/2ML SOL. INYECTABLE ,110,MEDICAMENTOS,1.0,176.5,112.0
2022-02-28,G003703,GENTAMICINA 80MG/2ML SOL. INYECTABLE ,72,MEDICAMENTOS,1.0,176.5,112.0
2022-03-31,G003703,GENTAMICINA 80MG/2ML SOL. INYECTABLE ,75,MEDICAMENTOS,1.0,176.5,112.0
2022-04-30,G003703,GENTAMICINA 80MG/2ML SOL. INYECTABLE ,107,MEDICAMENTOS,1.0,176.5,112.0
2022-05-31,G003703,GENTAMICINA 80MG/2ML SOL. INYECTABLE ,140,MEDICAMENTOS,1.0,176.5,112.0
2022-06-30,G003703,GENTAMICINA 80MG/2ML SOL. INYECTABLE ,89,MEDICAMENTOS,1.0,176.5,112.0
2021-07-31,G003704,GENTAMICINA 160MG/2ML SOL. INYECTABLE ,11,MEDICAMENTOS,1.0,414.0,28.0
2021-08-31,G003704,GENTAMICINA 160MG/2ML SOL. INYECTABLE ,33,MEDICAMENTOS,1.0,414.0,28.0
2021-09-30,G003704,GENTAMICINA 160MG/2ML SOL. INYECTABLE ,45,MEDICAMENTOS,1.0,414.0,28.0
2021-10-31,G003704,GENTAMICINA 160MG/2ML SOL. INYECTABLE ,25,MEDICAMENTOS,1.0,414.0,28.0
2021-11-30,G003704,GENTAMICINA 160MG/2ML SOL. INYECTABLE ,8,MEDICAMENTOS,1.0,414.0,28.0
2021-12-31,G003704,GENTAMICINA 160MG/2ML SOL. INYECTABLE ,19,MEDICAMENTOS,1.0,414.0,28.0
2022-01-31,G003704,GENTAMICINA 160MG/2ML SOL. INYECTABLE ,47,MEDICAMENTOS,1.0,414.0,28.0
2022-02-28,G003704,GENTAMICINA 160MG/2ML SOL. INYECTABLE ,48,MEDICAMENTOS,1.0,414.0,28.0
2022-03-31,G003704,GENTAMICINA 160MG/2ML SOL. INYECTABLE ,20,MEDICAMENTOS,1.0,414.0,28.0
2022-04-30,G003704,GENTAMICINA 160MG/2ML SOL. INYECTABLE ,19,MEDICAMENTOS,1.0,414.0,28.0
2022-05-31,G003704,GENTAMICINA 160MG/2ML SOL. INYECTABLE ,39,MEDICAMENTOS,1.0,414.0,28.0
2022-06-30,G003704,GENTAMICINA 160MG/2ML SOL. INYECTABLE ,40,MEDICAMENTOS,1.0,414.0,28.0
2021-07-31,G006702,GONADOTROPINA CRIONICA 5000 UI/ML SOL. INYECTABLE,0,MEDICAMENTOS,1.0,67027.0,2.0
2021-08-31,G006702,GONADOTROPINA CRIONICA 5000 UI/ML SOL. INYECTABLE,0,MEDICAMENTOS,1.0,67027.0,2.0
2021-09-30,G006702,GONADOTROPINA CRIONICA 5000 UI/ML SOL. INYECTABLE,0,MEDICAMENTOS,1.0,67027.0,2.0
2021-10-31,G006702,GONADOTROPINA CRIONICA 5000 UI/ML SOL. INYECTABLE,0,MEDICAMENTOS,1.0,67027.0,2.0
2021-11-30,G006702,GONADOTROPINA CRIONICA 5000 UI/ML SOL. INYECTABLE,0,MEDICAMENTOS,1.0,67027.0,2.0
2021-12-31,G006702,GONADOTROPINA CRIONICA 5000 UI/ML SOL. INYECTABLE,0,MEDICAMENTOS,1.0,67027.0,2.0
2022-01-31,G006702,GONADOTROPINA CRIONICA 5000 UI/ML SOL. INYECTABLE,0,MEDICAMENTOS,1.0,67027.0,2.0
2022-02-28,G006702,GONADOTROPINA CRIONICA 5000 UI/ML SOL. INYECTABLE,0,MEDICAMENTOS,1.0,67027.0,2.0
2022-03-31,G006702,GONADOTROPINA CRIONICA 5000 UI/ML SOL. INYECTABLE,0,MEDICAMENTOS,1.0,67027.0,2.0
2022-04-30,G006702,GONADOTROPINA CRIONICA 5000 UI/ML SOL. INYECTABLE,0,MEDICAMENTOS,1.0,67027.0,2.0
2022-05-31,G006702,GONADOTROPINA CRIONICA 5000 UI/ML SOL. INYECTABLE,0,MEDICAMENTOS,1.0,67027.0,2.0
2022-06-30,G006702,GONADOTROPINA CRIONICA 5000 UI/ML SOL. INYECTABLE,1,MEDICAMENTOS,1.0,67027.0,2.0
2021-07-31,H0000002,HIDROXICINA TABLETA 25MG,307,MEDICAMENTOS,1.0,37.0,75.0
2021-08-31,H0000002,HIDROXICINA TABLETA 25MG,180,MEDICAMENTOS,1.0,37.0,75.0
2021-09-30,H0000002,HIDROXICINA TABLETA 25MG,289,MEDICAMENTOS,1.0,37.0,75.0
2021-10-31,H0000002,HIDROXICINA TABLETA 25MG,328,MEDICAMENTOS,1.0,37.0,75.0
2021-11-30,H0000002,HIDROXICINA TABLETA 25MG,222,MEDICAMENTOS,1.0,37.0,75.0
2021-12-31,H0000002,HIDROXICINA TABLETA 25MG,170,MEDICAMENTOS,1.0,37.0,75.0
2022-01-31,H0000002,HIDROXICINA TABLETA 25MG,296,MEDICAMENTOS,1.0,37.0,75.0
2022-02-28,H0000002,HIDROXICINA TABLETA 25MG,346,MEDICAMENTOS,1.0,37.0,75.0
2022-03-31,H0000002,HIDROXICINA TABLETA 25MG,180,MEDICAMENTOS,1.0,37.0,75.0
2022-04-30,H0000002,HIDROXICINA TABLETA 25MG,477,MEDICAMENTOS,1.0,37.0,75.0
2022-05-31,H0000002,HIDROXICINA TABLETA 25MG,147,MEDICAMENTOS,1.0,37.0,75.0
2022-06-30,H0000002,HIDROXICINA TABLETA 25MG,90,MEDICAMENTOS,1.0,37.0,75.0
2021-07-31,H0000004,L-ASPARTATO/L-ORNITINA SOLUCIÓN INYECTABLE 5G/10ML,0,MEDICAMENTOS,1.0,26712.0,39.0
2021-08-31,H0000004,L-ASPARTATO/L-ORNITINA SOLUCIÓN INYECTABLE 5G/10ML,66,MEDICAMENTOS,1.0,26712.0,39.0
2021-09-30,H0000004,L-ASPARTATO/L-ORNITINA SOLUCIÓN INYECTABLE 5G/10ML,43,MEDICAMENTOS,1.0,26712.0,39.0
2021-10-31,H0000004,L-ASPARTATO/L-ORNITINA SOLUCIÓN INYECTABLE 5G/10ML,59,MEDICAMENTOS,1.0,26712.0,39.0
2021-11-30,H0000004,L-ASPARTATO/L-ORNITINA SOLUCIÓN INYECTABLE 5G/10ML,101,MEDICAMENTOS,1.0,26712.0,39.0
2021-12-31,H0000004,L-ASPARTATO/L-ORNITINA SOLUCIÓN INYECTABLE 5G/10ML,0,MEDICAMENTOS,1.0,26712.0,39.0
2022-01-31,H0000004,L-ASPARTATO/L-ORNITINA SOLUCIÓN INYECTABLE 5G/10ML,59,MEDICAMENTOS,1.0,26712.0,39.0
2022-02-28,H0000004,L-ASPARTATO/L-ORNITINA SOLUCIÓN INYECTABLE 5G/10ML,0,MEDICAMENTOS,1.0,26712.0,39.0
2022-03-31,H0000004,L-ASPARTATO/L-ORNITINA SOLUCIÓN INYECTABLE 5G/10ML,36,MEDICAMENTOS,1.0,26712.0,39.0
2022-04-30,H0000004,L-ASPARTATO/L-ORNITINA SOLUCIÓN INYECTABLE 5G/10ML,19,MEDICAMENTOS,1.0,26712.0,39.0
2022-05-31,H0000004,L-ASPARTATO/L-ORNITINA SOLUCIÓN INYECTABLE 5G/10ML,12,MEDICAMENTOS,1.0,26712.0,39.0
2022-06-30,H0000004,L-ASPARTATO/L-ORNITINA SOLUCIÓN INYECTABLE 5G/10ML,0,MEDICAMENTOS,1.0,26712.0,39.0
2021-07-31,H0000005,L-ASPARTATO/L-ORNITINA GRANULOS PARA SUSPENCIÓN ORAL 3G,0,MEDICAMENTOS,1.0,9967.0,14.0
2021-08-31,H0000005,L-ASPARTATO/L-ORNITINA GRANULOS PARA SUSPENCIÓN ORAL 3G,24,MEDICAMENTOS,1.0,9967.0,14.0
2021-09-30,H0000005,L-ASPARTATO/L-ORNITINA GRANULOS PARA SUSPENCIÓN ORAL 3G,6,MEDICAMENTOS,1.0,9967.0,14.0
2021-10-31,H0000005,L-ASPARTATO/L-ORNITINA GRANULOS PARA SUSPENCIÓN ORAL 3G,0,MEDICAMENTOS,1.0,9967.0,14.0
2021-11-30,H0000005,L-ASPARTATO/L-ORNITINA GRANULOS PARA SUSPENCIÓN ORAL 3G,24,MEDICAMENTOS,1.0,9967.0,14.0
2021-12-31,H0000005,L-ASPARTATO/L-ORNITINA GRANULOS PARA SUSPENCIÓN ORAL 3G,0,MEDICAMENTOS,1.0,9967.0,14.0
2022-01-31,H0000005,L-ASPARTATO/L-ORNITINA GRANULOS PARA SUSPENCIÓN ORAL 3G,52,MEDICAMENTOS,1.0,9967.0,14.0
2022-02-28,H0000005,L-ASPARTATO/L-ORNITINA GRANULOS PARA SUSPENCIÓN ORAL 3G,0,MEDICAMENTOS,1.0,9967.0,14.0
2022-03-31,H0000005,L-ASPARTATO/L-ORNITINA GRANULOS PARA SUSPENCIÓN ORAL 3G,0,MEDICAMENTOS,1.0,9967.0,14.0
2022-04-30,H0000005,L-ASPARTATO/L-ORNITINA GRANULOS PARA SUSPENCIÓN ORAL 3G,5,MEDICAMENTOS,1.0,9967.0,14.0
2022-05-31,H0000005,L-ASPARTATO/L-ORNITINA GRANULOS PARA SUSPENCIÓN ORAL 3G,16,MEDICAMENTOS,1.0,9967.0,14.0
2022-06-30,H0000005,L-ASPARTATO/L-ORNITINA GRANULOS PARA SUSPENCIÓN ORAL 3G,0,MEDICAMENTOS,1.0,9967.0,14.0
2021-07-31,H001201,HALOPERIDOL 2MG/20 GOTAS SOL. ORAL,17,MEDICAMENTOS,1.0,1057.5,7.0
2021-08-31,H001201,HALOPERIDOL 2MG/20 GOTAS SOL. ORAL,15,MEDICAMENTOS,1.0,1057.5,7.0
2021-09-30,H001201,HALOPERIDOL 2MG/20 GOTAS SOL. ORAL,9,MEDICAMENTOS,1.0,1057.5,7.0
2021-10-31,H001201,HALOPERIDOL 2MG/20 GOTAS SOL. ORAL,22,MEDICAMENTOS,1.0,1057.5,7.0
2021-11-30,H001201,HALOPERIDOL 2MG/20 GOTAS SOL. ORAL,26,MEDICAMENTOS,1.0,1057.5,7.0
2021-12-31,H001201,HALOPERIDOL 2MG/20 GOTAS SOL. ORAL,14,MEDICAMENTOS,1.0,1057.5,7.0
2022-01-31,H001201,HALOPERIDOL 2MG/20 GOTAS SOL. ORAL,19,MEDICAMENTOS,1.0,1057.5,7.0
2022-02-28,H001201,HALOPERIDOL 2MG/20 GOTAS SOL. ORAL,6,MEDICAMENTOS,1.0,1057.5,7.0
2022-03-31,H001201,HALOPERIDOL 2MG/20 GOTAS SOL. ORAL,10,MEDICAMENTOS,1.0,1057.5,7.0
2022-04-30,H001201,HALOPERIDOL 2MG/20 GOTAS SOL. ORAL,23,MEDICAMENTOS,1.0,1057.5,7.0
2022-05-31,H001201,HALOPERIDOL 2MG/20 GOTAS SOL. ORAL,9,MEDICAMENTOS,1.0,1057.5,7.0
2022-06-30,H001201,HALOPERIDOL 2MG/20 GOTAS SOL. ORAL,17,MEDICAMENTOS,1.0,1057.5,7.0
2021-07-31,H001701,HALOPERIDOL 5MG/1ML SOL. INYECTABLE ,90,MEDICAMENTOS,1.0,625.0,68.0
2021-08-31,H001701,HALOPERIDOL 5MG/1ML SOL. INYECTABLE ,106,MEDICAMENTOS,1.0,625.0,68.0
2021-09-30,H001701,HALOPERIDOL 5MG/1ML SOL. INYECTABLE ,72,MEDICAMENTOS,1.0,625.0,68.0
2021-10-31,H001701,HALOPERIDOL 5MG/1ML SOL. INYECTABLE ,137,MEDICAMENTOS,1.0,625.0,68.0
2021-11-30,H001701,HALOPERIDOL 5MG/1ML SOL. INYECTABLE ,141,MEDICAMENTOS,1.0,625.0,68.0
2021-12-31,H001701,HALOPERIDOL 5MG/1ML SOL. INYECTABLE ,154,MEDICAMENTOS,1.0,625.0,68.0
2022-01-31,H001701,HALOPERIDOL 5MG/1ML SOL. INYECTABLE ,183,MEDICAMENTOS,1.0,625.0,68.0
2022-02-28,H001701,HALOPERIDOL 5MG/1ML SOL. INYECTABLE ,129,MEDICAMENTOS,1.0,625.0,68.0
2022-03-31,H001701,HALOPERIDOL 5MG/1ML SOL. INYECTABLE ,192,MEDICAMENTOS,1.0,625.0,68.0
2022-04-30,H001701,HALOPERIDOL 5MG/1ML SOL. INYECTABLE ,198,MEDICAMENTOS,1.0,625.0,68.0
2022-05-31,H001701,HALOPERIDOL 5MG/1ML SOL. INYECTABLE ,110,MEDICAMENTOS,1.0,625.0,68.0
2022-06-30,H001701,HALOPERIDOL 5MG/1ML SOL. INYECTABLE ,212,MEDICAMENTOS,1.0,625.0,68.0
2021-07-31,H004701,HEPARINA SODICA 5.000 UI/ML SOL. INYECTABLE,69,MEDICAMENTOS,1.0,8244.5,45.0
2021-08-31,H004701,HEPARINA SODICA 5.000 UI/ML SOL. INYECTABLE,92,MEDICAMENTOS,1.0,8244.5,45.0
2021-09-30,H004701,HEPARINA SODICA 5.000 UI/ML SOL. INYECTABLE,85,MEDICAMENTOS,1.0,8244.5,45.0
2021-10-31,H004701,HEPARINA SODICA 5.000 UI/ML SOL. INYECTABLE,116,MEDICAMENTOS,1.0,8244.5,45.0
2021-11-30,H004701,HEPARINA SODICA 5.000 UI/ML SOL. INYECTABLE,114,MEDICAMENTOS,1.0,8244.5,45.0
2021-12-31,H004701,HEPARINA SODICA 5.000 UI/ML SOL. INYECTABLE,23,MEDICAMENTOS,1.0,8244.5,45.0
2022-01-31,H004701,HEPARINA SODICA 5.000 UI/ML SOL. INYECTABLE,74,MEDICAMENTOS,1.0,8244.5,45.0
2022-02-28,H004701,HEPARINA SODICA 5.000 UI/ML SOL. INYECTABLE,64,MEDICAMENTOS,1.0,8244.5,45.0
2022-03-31,H004701,HEPARINA SODICA 5.000 UI/ML SOL. INYECTABLE,93,MEDICAMENTOS,1.0,8244.5,45.0
2022-04-30,H004701,HEPARINA SODICA 5.000 UI/ML SOL. INYECTABLE,109,MEDICAMENTOS,1.0,8244.5,45.0
2022-05-31,H004701,HEPARINA SODICA 5.000 UI/ML SOL. INYECTABLE,118,MEDICAMENTOS,1.0,8244.5,45.0
2022-06-30,H004701,HEPARINA SODICA 5.000 UI/ML SOL. INYECTABLE,157,MEDICAMENTOS,1.0,8244.5,45.0
2021-07-31,H006011,HIDROCLOROTIAZIDA TABLETA 25MG,159,MEDICAMENTOS,1.0,6.5,97.0
2021-08-31,H006011,HIDROCLOROTIAZIDA TABLETA 25MG,105,MEDICAMENTOS,1.0,6.5,97.0
2021-09-30,H006011,HIDROCLOROTIAZIDA TABLETA 25MG,157,MEDICAMENTOS,1.0,6.5,97.0
2021-10-31,H006011,HIDROCLOROTIAZIDA TABLETA 25MG,131,MEDICAMENTOS,1.0,6.5,97.0
2021-11-30,H006011,HIDROCLOROTIAZIDA TABLETA 25MG,128,MEDICAMENTOS,1.0,6.5,97.0
2021-12-31,H006011,HIDROCLOROTIAZIDA TABLETA 25MG,143,MEDICAMENTOS,1.0,6.5,97.0
2022-01-31,H006011,HIDROCLOROTIAZIDA TABLETA 25MG,148,MEDICAMENTOS,1.0,6.5,97.0
2022-02-28,H006011,HIDROCLOROTIAZIDA TABLETA 25MG,114,MEDICAMENTOS,1.0,6.5,97.0
2022-03-31,H006011,HIDROCLOROTIAZIDA TABLETA 25MG,162,MEDICAMENTOS,1.0,6.5,97.0
2022-04-30,H006011,HIDROCLOROTIAZIDA TABLETA 25MG,78,MEDICAMENTOS,1.0,6.5,97.0
2022-05-31,H006011,HIDROCLOROTIAZIDA TABLETA 25MG,157,MEDICAMENTOS,1.0,6.5,97.0
2022-06-30,H006011,HIDROCLOROTIAZIDA TABLETA 25MG,98,MEDICAMENTOS,1.0,6.5,97.0
2021-07-31,H007321,HIDROCORTISONA ACETATO CREMA TÓPICA 1%,3,MEDICAMENTOS,1.0,1510.0,4.0
2021-08-31,H007321,HIDROCORTISONA ACETATO CREMA TÓPICA 1%,1,MEDICAMENTOS,1.0,1510.0,4.0
2021-09-30,H007321,HIDROCORTISONA ACETATO CREMA TÓPICA 1%,6,MEDICAMENTOS,1.0,1510.0,4.0
2021-10-31,H007321,HIDROCORTISONA ACETATO CREMA TÓPICA 1%,7,MEDICAMENTOS,1.0,1510.0,4.0
2021-11-30,H007321,HIDROCORTISONA ACETATO CREMA TÓPICA 1%,3,MEDICAMENTOS,1.0,1510.0,4.0
2021-12-31,H007321,HIDROCORTISONA ACETATO CREMA TÓPICA 1%,3,MEDICAMENTOS,1.0,1510.0,4.0
2022-01-31,H007321,HIDROCORTISONA ACETATO CREMA TÓPICA 1%,0,MEDICAMENTOS,1.0,1510.0,4.0
2022-02-28,H007321,HIDROCORTISONA ACETATO CREMA TÓPICA 1%,19,MEDICAMENTOS,1.0,1510.0,4.0
2022-03-31,H007321,HIDROCORTISONA ACETATO CREMA TÓPICA 1%,23,MEDICAMENTOS,1.0,1510.0,4.0
2022-04-30,H007321,HIDROCORTISONA ACETATO CREMA TÓPICA 1%,5,MEDICAMENTOS,1.0,1510.0,4.0
2022-05-31,H007321,HIDROCORTISONA ACETATO CREMA TÓPICA 1%,0,MEDICAMENTOS,1.0,1510.0,4.0
2022-06-30,H007321,HIDROCORTISONA ACETATO CREMA TÓPICA 1%,0,MEDICAMENTOS,1.0,1510.0,4.0
2021-07-31,H008721,HIDROCORTISONA POLVO LIOFILIZADO 100MG,229,MEDICAMENTOS,1.0,1225.0,75.0
2021-08-31,H008721,HIDROCORTISONA POLVO LIOFILIZADO 100MG,280,MEDICAMENTOS,1.0,1225.0,75.0
2021-09-30,H008721,HIDROCORTISONA POLVO LIOFILIZADO 100MG,314,MEDICAMENTOS,1.0,1225.0,75.0
2021-10-31,H008721,HIDROCORTISONA POLVO LIOFILIZADO 100MG,373,MEDICAMENTOS,1.0,1225.0,75.0
2021-11-30,H008721,HIDROCORTISONA POLVO LIOFILIZADO 100MG,296,MEDICAMENTOS,1.0,1225.0,75.0
2021-12-31,H008721,HIDROCORTISONA POLVO LIOFILIZADO 100MG,244,MEDICAMENTOS,1.0,1225.0,75.0
2022-01-31,H008721,HIDROCORTISONA POLVO LIOFILIZADO 100MG,394,MEDICAMENTOS,1.0,1225.0,75.0
2022-02-28,H008721,HIDROCORTISONA POLVO LIOFILIZADO 100MG,332,MEDICAMENTOS,1.0,1225.0,75.0
2022-03-31,H008721,HIDROCORTISONA POLVO LIOFILIZADO 100MG,437,MEDICAMENTOS,1.0,1225.0,75.0
2022-04-30,H008721,HIDROCORTISONA POLVO LIOFILIZADO 100MG,280,MEDICAMENTOS,1.0,1225.0,75.0
2022-05-31,H008721,HIDROCORTISONA POLVO LIOFILIZADO 100MG,317,MEDICAMENTOS,1.0,1225.0,75.0
2022-06-30,H008721,HIDROCORTISONA POLVO LIOFILIZADO 100MG,304,MEDICAMENTOS,1.0,1225.0,75.0
2021-07-31,H011161,FERROSO SULFATO 300MG TABLETA ,12,MEDICAMENTOS,1.0,40.0,49.0
2021-08-31,H011161,FERROSO SULFATO 300MG TABLETA ,25,MEDICAMENTOS,1.0,40.0,49.0
2021-09-30,H011161,FERROSO SULFATO 300MG TABLETA ,24,MEDICAMENTOS,1.0,40.0,49.0
2021-10-31,H011161,FERROSO SULFATO 300MG TABLETA ,47,MEDICAMENTOS,1.0,40.0,49.0
2021-11-30,H011161,FERROSO SULFATO 300MG TABLETA ,28,MEDICAMENTOS,1.0,40.0,49.0
2021-12-31,H011161,FERROSO SULFATO 300MG TABLETA ,35,MEDICAMENTOS,1.0,40.0,49.0
2022-01-31,H011161,FERROSO SULFATO 300MG TABLETA ,63,MEDICAMENTOS,1.0,40.0,49.0
2022-02-28,H011161,FERROSO SULFATO 300MG TABLETA ,57,MEDICAMENTOS,1.0,40.0,49.0
2022-03-31,H011161,FERROSO SULFATO 300MG TABLETA ,53,MEDICAMENTOS,1.0,40.0,49.0
2022-04-30,H011161,FERROSO SULFATO 300MG TABLETA ,25,MEDICAMENTOS,1.0,40.0,49.0
2022-05-31,H011161,FERROSO SULFATO 300MG TABLETA ,97,MEDICAMENTOS,1.0,40.0,49.0
2022-06-30,H011161,FERROSO SULFATO 300MG TABLETA ,161,MEDICAMENTOS,1.0,40.0,49.0
2021-07-31,H011201,FERROSO SULFATO SOLUCIÓN ORAL 25MG/1ML GOTAS,2,MEDICAMENTOS,1.0,1929.0,3.0
2021-08-31,H011201,FERROSO SULFATO SOLUCIÓN ORAL 25MG/1ML GOTAS,0,MEDICAMENTOS,1.0,1929.0,3.0
2021-09-30,H011201,FERROSO SULFATO SOLUCIÓN ORAL 25MG/1ML GOTAS,5,MEDICAMENTOS,1.0,1929.0,3.0
2021-10-31,H011201,FERROSO SULFATO SOLUCIÓN ORAL 25MG/1ML GOTAS,1,MEDICAMENTOS,1.0,1929.0,3.0
2021-11-30,H011201,FERROSO SULFATO SOLUCIÓN ORAL 25MG/1ML GOTAS,1,MEDICAMENTOS,1.0,1929.0,3.0
2021-12-31,H011201,FERROSO SULFATO SOLUCIÓN ORAL 25MG/1ML GOTAS,2,MEDICAMENTOS,1.0,1929.0,3.0
2022-01-31,H011201,FERROSO SULFATO SOLUCIÓN ORAL 25MG/1ML GOTAS,1,MEDICAMENTOS,1.0,1929.0,3.0
2022-02-28,H011201,FERROSO SULFATO SOLUCIÓN ORAL 25MG/1ML GOTAS,2,MEDICAMENTOS,1.0,1929.0,3.0
2022-03-31,H011201,FERROSO SULFATO SOLUCIÓN ORAL 25MG/1ML GOTAS,0,MEDICAMENTOS,1.0,1929.0,3.0
2022-04-30,H011201,FERROSO SULFATO SOLUCIÓN ORAL 25MG/1ML GOTAS,1,MEDICAMENTOS,1.0,1929.0,3.0
2022-05-31,H011201,FERROSO SULFATO SOLUCIÓN ORAL 25MG/1ML GOTAS,0,MEDICAMENTOS,1.0,1929.0,3.0
2022-06-30,H011201,FERROSO SULFATO SOLUCIÓN ORAL 25MG/1ML GOTAS,1,MEDICAMENTOS,1.0,1929.0,3.0
2021-07-31,H013021,N-BUTILBROMURO HIOSCINA TABLETA 10MG,33,MEDICAMENTOS,1.0,219.0,45.0
2021-08-31,H013021,N-BUTILBROMURO HIOSCINA TABLETA 10MG,49,MEDICAMENTOS,1.0,219.0,45.0
2021-09-30,H013021,N-BUTILBROMURO HIOSCINA TABLETA 10MG,1,MEDICAMENTOS,1.0,219.0,45.0
2021-10-31,H013021,N-BUTILBROMURO HIOSCINA TABLETA 10MG,0,MEDICAMENTOS,1.0,219.0,45.0
2021-11-30,H013021,N-BUTILBROMURO HIOSCINA TABLETA 10MG,33,MEDICAMENTOS,1.0,219.0,45.0
2021-12-31,H013021,N-BUTILBROMURO HIOSCINA TABLETA 10MG,72,MEDICAMENTOS,1.0,219.0,45.0
2022-01-31,H013021,N-BUTILBROMURO HIOSCINA TABLETA 10MG,0,MEDICAMENTOS,1.0,219.0,45.0
2022-02-28,H013021,N-BUTILBROMURO HIOSCINA TABLETA 10MG,16,MEDICAMENTOS,1.0,219.0,45.0
2022-03-31,H013021,N-BUTILBROMURO HIOSCINA TABLETA 10MG,30,MEDICAMENTOS,1.0,219.0,45.0
2022-04-30,H013021,N-BUTILBROMURO HIOSCINA TABLETA 10MG,23,MEDICAMENTOS,1.0,219.0,45.0
2022-05-31,H013021,N-BUTILBROMURO HIOSCINA TABLETA 10MG,35,MEDICAMENTOS,1.0,219.0,45.0
2022-06-30,H013021,N-BUTILBROMURO HIOSCINA TABLETA 10MG,0,MEDICAMENTOS,1.0,219.0,45.0
2021-07-31,H013701,N-BUTILBROMURO HIOSCINA SOL. INYECTABLE 20MG/1ML,280,MEDICAMENTOS,1.0,775.0,59.0
2021-08-31,H013701,N-BUTILBROMURO HIOSCINA SOL. INYECTABLE 20MG/1ML,383,MEDICAMENTOS,1.0,775.0,59.0
2021-09-30,H013701,N-BUTILBROMURO HIOSCINA SOL. INYECTABLE 20MG/1ML,469,MEDICAMENTOS,1.0,775.0,59.0
2021-10-31,H013701,N-BUTILBROMURO HIOSCINA SOL. INYECTABLE 20MG/1ML,284,MEDICAMENTOS,1.0,775.0,59.0
2021-11-30,H013701,N-BUTILBROMURO HIOSCINA SOL. INYECTABLE 20MG/1ML,357,MEDICAMENTOS,1.0,775.0,59.0
2021-12-31,H013701,N-BUTILBROMURO HIOSCINA SOL. INYECTABLE 20MG/1ML,290,MEDICAMENTOS,1.0,775.0,59.0
2022-01-31,H013701,N-BUTILBROMURO HIOSCINA SOL. INYECTABLE 20MG/1ML,223,MEDICAMENTOS,1.0,775.0,59.0
2022-02-28,H013701,N-BUTILBROMURO HIOSCINA SOL. INYECTABLE 20MG/1ML,259,MEDICAMENTOS,1.0,775.0,59.0
2022-03-31,H013701,N-BUTILBROMURO HIOSCINA SOL. INYECTABLE 20MG/1ML,252,MEDICAMENTOS,1.0,775.0,59.0
2022-04-30,H013701,N-BUTILBROMURO HIOSCINA SOL. INYECTABLE 20MG/1ML,424,MEDICAMENTOS,1.0,775.0,59.0
2022-05-31,H013701,N-BUTILBROMURO HIOSCINA SOL. INYECTABLE 20MG/1ML,336,MEDICAMENTOS,1.0,775.0,59.0
2022-06-30,H013701,N-BUTILBROMURO HIOSCINA SOL. INYECTABLE 20MG/1ML,265,MEDICAMENTOS,1.0,775.0,59.0
2021-07-31,H014701,HIDROXICINA CLORHIDRATO SOL. 100MG/1ML,12,MEDICAMENTOS,1.0,7776.0,9.0
2021-08-31,H014701,HIDROXICINA CLORHIDRATO SOL. 100MG/1ML,16,MEDICAMENTOS,1.0,7776.0,9.0
2021-09-30,H014701,HIDROXICINA CLORHIDRATO SOL. 100MG/1ML,24,MEDICAMENTOS,1.0,7776.0,9.0
2021-10-31,H014701,HIDROXICINA CLORHIDRATO SOL. 100MG/1ML,16,MEDICAMENTOS,1.0,7776.0,9.0
2021-11-30,H014701,HIDROXICINA CLORHIDRATO SOL. 100MG/1ML,19,MEDICAMENTOS,1.0,7776.0,9.0
2021-12-31,H014701,HIDROXICINA CLORHIDRATO SOL. 100MG/1ML,14,MEDICAMENTOS,1.0,7776.0,9.0
2022-01-31,H014701,HIDROXICINA CLORHIDRATO SOL. 100MG/1ML,19,MEDICAMENTOS,1.0,7776.0,9.0
2022-02-28,H014701,HIDROXICINA CLORHIDRATO SOL. 100MG/1ML,18,MEDICAMENTOS,1.0,7776.0,9.0
2022-03-31,H014701,HIDROXICINA CLORHIDRATO SOL. 100MG/1ML,10,MEDICAMENTOS,1.0,7776.0,9.0
2022-04-30,H014701,HIDROXICINA CLORHIDRATO SOL. 100MG/1ML,31,MEDICAMENTOS,1.0,7776.0,9.0
2022-05-31,H014701,HIDROXICINA CLORHIDRATO SOL. 100MG/1ML,27,MEDICAMENTOS,1.0,7776.0,9.0
2022-06-30,H014701,HIDROXICINA CLORHIDRATO SOL. 100MG/1ML,18,MEDICAMENTOS,1.0,7776.0,9.0
2021-07-31,H019701,"N-BUTILBROMURO HIOSCINA/DIPIRONA SOL. INYECTABLE 2,5G/5ML",500,MEDICAMENTOS,1.0,1578.0,110.0
2021-08-31,H019701,"N-BUTILBROMURO HIOSCINA/DIPIRONA SOL. INYECTABLE 2,5G/5ML",401,MEDICAMENTOS,1.0,1578.0,110.0
2021-09-30,H019701,"N-BUTILBROMURO HIOSCINA/DIPIRONA SOL. INYECTABLE 2,5G/5ML",454,MEDICAMENTOS,1.0,1578.0,110.0
2021-10-31,H019701,"N-BUTILBROMURO HIOSCINA/DIPIRONA SOL. INYECTABLE 2,5G/5ML",561,MEDICAMENTOS,1.0,1578.0,110.0
2021-11-30,H019701,"N-BUTILBROMURO HIOSCINA/DIPIRONA SOL. INYECTABLE 2,5G/5ML",421,MEDICAMENTOS,1.0,1578.0,110.0
2021-12-31,H019701,"N-BUTILBROMURO HIOSCINA/DIPIRONA SOL. INYECTABLE 2,5G/5ML",512,MEDICAMENTOS,1.0,1578.0,110.0
2022-01-31,H019701,"N-BUTILBROMURO HIOSCINA/DIPIRONA SOL. INYECTABLE 2,5G/5ML",413,MEDICAMENTOS,1.0,1578.0,110.0
2022-02-28,H019701,"N-BUTILBROMURO HIOSCINA/DIPIRONA SOL. INYECTABLE 2,5G/5ML",503,MEDICAMENTOS,1.0,1578.0,110.0
2022-03-31,H019701,"N-BUTILBROMURO HIOSCINA/DIPIRONA SOL. INYECTABLE 2,5G/5ML",382,MEDICAMENTOS,1.0,1578.0,110.0
2022-04-30,H019701,"N-BUTILBROMURO HIOSCINA/DIPIRONA SOL. INYECTABLE 2,5G/5ML",559,MEDICAMENTOS,1.0,1578.0,110.0
2022-05-31,H019701,"N-BUTILBROMURO HIOSCINA/DIPIRONA SOL. INYECTABLE 2,5G/5ML",534,MEDICAMENTOS,1.0,1578.0,110.0
2022-06-30,H019701,"N-BUTILBROMURO HIOSCINA/DIPIRONA SOL. INYECTABLE 2,5G/5ML",266,MEDICAMENTOS,1.0,1578.0,110.0
2021-07-31,I00000006,INSULINA LISPRO SOL. INYECTABLE 100UI/ML x 10ML (1000UI),5,MEDICAMENTOS,1.0,49960.0,5.0
2021-08-31,I00000006,INSULINA LISPRO SOL. INYECTABLE 100UI/ML x 10ML (1000UI),5,MEDICAMENTOS,1.0,49960.0,5.0
2021-09-30,I00000006,INSULINA LISPRO SOL. INYECTABLE 100UI/ML x 10ML (1000UI),3,MEDICAMENTOS,1.0,49960.0,5.0
2021-10-31,I00000006,INSULINA LISPRO SOL. INYECTABLE 100UI/ML x 10ML (1000UI),6,MEDICAMENTOS,1.0,49960.0,5.0
2021-11-30,I00000006,INSULINA LISPRO SOL. INYECTABLE 100UI/ML x 10ML (1000UI),1,MEDICAMENTOS,1.0,49960.0,5.0
2021-12-31,I00000006,INSULINA LISPRO SOL. INYECTABLE 100UI/ML x 10ML (1000UI),2,MEDICAMENTOS,1.0,49960.0,5.0
2022-01-31,I00000006,INSULINA LISPRO SOL. INYECTABLE 100UI/ML x 10ML (1000UI),5,MEDICAMENTOS,1.0,49960.0,5.0
2022-02-28,I00000006,INSULINA LISPRO SOL. INYECTABLE 100UI/ML x 10ML (1000UI),5,MEDICAMENTOS,1.0,49960.0,5.0
2022-03-31,I00000006,INSULINA LISPRO SOL. INYECTABLE 100UI/ML x 10ML (1000UI),6,MEDICAMENTOS,1.0,49960.0,5.0
2022-04-30,I00000006,INSULINA LISPRO SOL. INYECTABLE 100UI/ML x 10ML (1000UI),5,MEDICAMENTOS,1.0,49960.0,5.0
2022-05-31,I00000006,INSULINA LISPRO SOL. INYECTABLE 100UI/ML x 10ML (1000UI),1,MEDICAMENTOS,1.0,49960.0,5.0
2022-06-30,I00000006,INSULINA LISPRO SOL. INYECTABLE 100UI/ML x 10ML (1000UI),1,MEDICAMENTOS,1.0,49960.0,5.0
2021-07-31,I00000007,"IVERMECTINA SOL. ORAL 0,6% GOTAS x 5ML",2,MEDICAMENTOS,1.0,1127.5,8.0
2021-08-31,I00000007,"IVERMECTINA SOL. ORAL 0,6% GOTAS x 5ML",4,MEDICAMENTOS,1.0,1127.5,8.0
2021-09-30,I00000007,"IVERMECTINA SOL. ORAL 0,6% GOTAS x 5ML",0,MEDICAMENTOS,1.0,1127.5,8.0
2021-10-31,I00000007,"IVERMECTINA SOL. ORAL 0,6% GOTAS x 5ML",3,MEDICAMENTOS,1.0,1127.5,8.0
2021-11-30,I00000007,"IVERMECTINA SOL. ORAL 0,6% GOTAS x 5ML",3,MEDICAMENTOS,1.0,1127.5,8.0
2021-12-31,I00000007,"IVERMECTINA SOL. ORAL 0,6% GOTAS x 5ML",1,MEDICAMENTOS,1.0,1127.5,8.0
2022-01-31,I00000007,"IVERMECTINA SOL. ORAL 0,6% GOTAS x 5ML",1,MEDICAMENTOS,1.0,1127.5,8.0
2022-02-28,I00000007,"IVERMECTINA SOL. ORAL 0,6% GOTAS x 5ML",1,MEDICAMENTOS,1.0,1127.5,8.0
2022-03-31,I00000007,"IVERMECTINA SOL. ORAL 0,6% GOTAS x 5ML",0,MEDICAMENTOS,1.0,1127.5,8.0
2022-04-30,I00000007,"IVERMECTINA SOL. ORAL 0,6% GOTAS x 5ML",3,MEDICAMENTOS,1.0,1127.5,8.0
2022-05-31,I00000007,"IVERMECTINA SOL. ORAL 0,6% GOTAS x 5ML",4,MEDICAMENTOS,1.0,1127.5,8.0
2022-06-30,I00000007,"IVERMECTINA SOL. ORAL 0,6% GOTAS x 5ML",11,MEDICAMENTOS,1.0,1127.5,8.0
2021-07-31,I0000012,CLOSTRIDIOPEPTIDASA UNGÜENTO TÓPICO 120UI/40G,6,MEDICAMENTOS,1.0,95410.0,2.0
2021-08-31,I0000012,CLOSTRIDIOPEPTIDASA UNGÜENTO TÓPICO 120UI/40G,2,MEDICAMENTOS,1.0,95410.0,2.0
2021-09-30,I0000012,CLOSTRIDIOPEPTIDASA UNGÜENTO TÓPICO 120UI/40G,0,MEDICAMENTOS,1.0,95410.0,2.0
2021-10-31,I0000012,CLOSTRIDIOPEPTIDASA UNGÜENTO TÓPICO 120UI/40G,0,MEDICAMENTOS,1.0,95410.0,2.0
2021-11-30,I0000012,CLOSTRIDIOPEPTIDASA UNGÜENTO TÓPICO 120UI/40G,0,MEDICAMENTOS,1.0,95410.0,2.0
2021-12-31,I0000012,CLOSTRIDIOPEPTIDASA UNGÜENTO TÓPICO 120UI/40G,0,MEDICAMENTOS,1.0,95410.0,2.0
2022-01-31,I0000012,CLOSTRIDIOPEPTIDASA UNGÜENTO TÓPICO 120UI/40G,0,MEDICAMENTOS,1.0,95410.0,2.0
2022-02-28,I0000012,CLOSTRIDIOPEPTIDASA UNGÜENTO TÓPICO 120UI/40G,0,MEDICAMENTOS,1.0,95410.0,2.0
2022-03-31,I0000012,CLOSTRIDIOPEPTIDASA UNGÜENTO TÓPICO 120UI/40G,0,MEDICAMENTOS,1.0,95410.0,2.0
2022-04-30,I0000012,CLOSTRIDIOPEPTIDASA UNGÜENTO TÓPICO 120UI/40G,0,MEDICAMENTOS,1.0,95410.0,2.0
2022-05-31,I0000012,CLOSTRIDIOPEPTIDASA UNGÜENTO TÓPICO 120UI/40G,0,MEDICAMENTOS,1.0,95410.0,2.0
2022-06-30,I0000012,CLOSTRIDIOPEPTIDASA UNGÜENTO TÓPICO 120UI/40G,0,MEDICAMENTOS,1.0,95410.0,2.0
2021-07-31,I002011,IBUPROFENO TABLETA 400MG,0,MEDICAMENTOS,1.0,30.0,21.0
2021-08-31,I002011,IBUPROFENO TABLETA 400MG,6,MEDICAMENTOS,1.0,30.0,21.0
2021-09-30,I002011,IBUPROFENO TABLETA 400MG,3,MEDICAMENTOS,1.0,30.0,21.0
2021-10-31,I002011,IBUPROFENO TABLETA 400MG,4,MEDICAMENTOS,1.0,30.0,21.0
2021-11-30,I002011,IBUPROFENO TABLETA 400MG,1,MEDICAMENTOS,1.0,30.0,21.0
2021-12-31,I002011,IBUPROFENO TABLETA 400MG,15,MEDICAMENTOS,1.0,30.0,21.0
2022-01-31,I002011,IBUPROFENO TABLETA 400MG,64,MEDICAMENTOS,1.0,30.0,21.0
2022-02-28,I002011,IBUPROFENO TABLETA 400MG,19,MEDICAMENTOS,1.0,30.0,21.0
2022-03-31,I002011,IBUPROFENO TABLETA 400MG,0,MEDICAMENTOS,1.0,30.0,21.0
2022-04-30,I002011,IBUPROFENO TABLETA 400MG,6,MEDICAMENTOS,1.0,30.0,21.0
2022-05-31,I002011,IBUPROFENO TABLETA 400MG,38,MEDICAMENTOS,1.0,30.0,21.0
2022-06-30,I002011,IBUPROFENO TABLETA 400MG,0,MEDICAMENTOS,1.0,30.0,21.0
2021-07-31,I004721,IMIPENEM/CILASTATINA 500MG/500MG POLVO LIOFILIZADO ,0,MEDICAMENTOS,1.0,20624.0,30.0
2021-08-31,I004721,IMIPENEM/CILASTATINA 500MG/500MG POLVO LIOFILIZADO ,0,MEDICAMENTOS,1.0,20624.0,30.0
2021-09-30,I004721,IMIPENEM/CILASTATINA 500MG/500MG POLVO LIOFILIZADO ,19,MEDICAMENTOS,1.0,20624.0,30.0
2021-10-31,I004721,IMIPENEM/CILASTATINA 500MG/500MG POLVO LIOFILIZADO ,0,MEDICAMENTOS,1.0,20624.0,30.0
2021-11-30,I004721,IMIPENEM/CILASTATINA 500MG/500MG POLVO LIOFILIZADO ,19,MEDICAMENTOS,1.0,20624.0,30.0
2021-12-31,I004721,IMIPENEM/CILASTATINA 500MG/500MG POLVO LIOFILIZADO ,0,MEDICAMENTOS,1.0,20624.0,30.0
2022-01-31,I004721,IMIPENEM/CILASTATINA 500MG/500MG POLVO LIOFILIZADO ,0,MEDICAMENTOS,1.0,20624.0,30.0
2022-02-28,I004721,IMIPENEM/CILASTATINA 500MG/500MG POLVO LIOFILIZADO ,0,MEDICAMENTOS,1.0,20624.0,30.0
2022-03-31,I004721,IMIPENEM/CILASTATINA 500MG/500MG POLVO LIOFILIZADO ,12,MEDICAMENTOS,1.0,20624.0,30.0
2022-04-30,I004721,IMIPENEM/CILASTATINA 500MG/500MG POLVO LIOFILIZADO ,228,MEDICAMENTOS,1.0,20624.0,30.0
2022-05-31,I004721,IMIPENEM/CILASTATINA 500MG/500MG POLVO LIOFILIZADO ,3,MEDICAMENTOS,1.0,20624.0,30.0
2022-06-30,I004721,IMIPENEM/CILASTATINA 500MG/500MG POLVO LIOFILIZADO ,0,MEDICAMENTOS,1.0,20624.0,30.0
2021-07-31,I005022,IMIPRAMINA TABLETA 25MG,3,MEDICAMENTOS,1.0,45.0,20.0
2021-08-31,I005022,IMIPRAMINA TABLETA 25MG,0,MEDICAMENTOS,1.0,45.0,20.0
2021-09-30,I005022,IMIPRAMINA TABLETA 25MG,0,MEDICAMENTOS,1.0,45.0,20.0
2021-10-31,I005022,IMIPRAMINA TABLETA 25MG,65,MEDICAMENTOS,1.0,45.0,20.0
2021-11-30,I005022,IMIPRAMINA TABLETA 25MG,15,MEDICAMENTOS,1.0,45.0,20.0
2021-12-31,I005022,IMIPRAMINA TABLETA 25MG,28,MEDICAMENTOS,1.0,45.0,20.0
2022-01-31,I005022,IMIPRAMINA TABLETA 25MG,24,MEDICAMENTOS,1.0,45.0,20.0
2022-02-28,I005022,IMIPRAMINA TABLETA 25MG,0,MEDICAMENTOS,1.0,45.0,20.0
2022-03-31,I005022,IMIPRAMINA TABLETA 25MG,1,MEDICAMENTOS,1.0,45.0,20.0
2022-04-30,I005022,IMIPRAMINA TABLETA 25MG,0,MEDICAMENTOS,1.0,45.0,20.0
2022-05-31,I005022,IMIPRAMINA TABLETA 25MG,0,MEDICAMENTOS,1.0,45.0,20.0
2022-06-30,I005022,IMIPRAMINA TABLETA 25MG,0,MEDICAMENTOS,1.0,45.0,20.0
2021-07-31,I007701,INMUNOGLOBULINA ANTI-D SOLUCIÓN INYECTABLE 300MCG/2ML,2,MEDICAMENTOS,1.0,79000.0,3.0
2021-08-31,I007701,INMUNOGLOBULINA ANTI-D SOLUCIÓN INYECTABLE 300MCG/2ML,3,MEDICAMENTOS,1.0,79000.0,3.0
2021-09-30,I007701,INMUNOGLOBULINA ANTI-D SOLUCIÓN INYECTABLE 300MCG/2ML,4,MEDICAMENTOS,1.0,79000.0,3.0
2021-10-31,I007701,INMUNOGLOBULINA ANTI-D SOLUCIÓN INYECTABLE 300MCG/2ML,2,MEDICAMENTOS,1.0,79000.0,3.0
2021-11-30,I007701,INMUNOGLOBULINA ANTI-D SOLUCIÓN INYECTABLE 300MCG/2ML,4,MEDICAMENTOS,1.0,79000.0,3.0
2021-12-31,I007701,INMUNOGLOBULINA ANTI-D SOLUCIÓN INYECTABLE 300MCG/2ML,2,MEDICAMENTOS,1.0,79000.0,3.0
2022-01-31,I007701,INMUNOGLOBULINA ANTI-D SOLUCIÓN INYECTABLE 300MCG/2ML,4,MEDICAMENTOS,1.0,79000.0,3.0
2022-02-28,I007701,INMUNOGLOBULINA ANTI-D SOLUCIÓN INYECTABLE 300MCG/2ML,2,MEDICAMENTOS,1.0,79000.0,3.0
2022-03-31,I007701,INMUNOGLOBULINA ANTI-D SOLUCIÓN INYECTABLE 300MCG/2ML,6,MEDICAMENTOS,1.0,79000.0,3.0
2022-04-30,I007701,INMUNOGLOBULINA ANTI-D SOLUCIÓN INYECTABLE 300MCG/2ML,3,MEDICAMENTOS,1.0,79000.0,3.0
2022-05-31,I007701,INMUNOGLOBULINA ANTI-D SOLUCIÓN INYECTABLE 300MCG/2ML,6,MEDICAMENTOS,1.0,79000.0,3.0
2022-06-30,I007701,INMUNOGLOBULINA ANTI-D SOLUCIÓN INYECTABLE 300MCG/2ML,3,MEDICAMENTOS,1.0,79000.0,3.0
2021-07-31,I008701,INSULINA ZINC CRISTALINA SOL. INYECTABLE 100UI/ML x 10ML (1000UI),15,MEDICAMENTOS,1.0,2924.0,5.0
2021-08-31,I008701,INSULINA ZINC CRISTALINA SOL. INYECTABLE 100UI/ML x 10ML (1000UI),15,MEDICAMENTOS,1.0,2924.0,5.0
2021-09-30,I008701,INSULINA ZINC CRISTALINA SOL. INYECTABLE 100UI/ML x 10ML (1000UI),15,MEDICAMENTOS,1.0,2924.0,5.0
2021-10-31,I008701,INSULINA ZINC CRISTALINA SOL. INYECTABLE 100UI/ML x 10ML (1000UI),11,MEDICAMENTOS,1.0,2924.0,5.0
2021-11-30,I008701,INSULINA ZINC CRISTALINA SOL. INYECTABLE 100UI/ML x 10ML (1000UI),19,MEDICAMENTOS,1.0,2924.0,5.0
2021-12-31,I008701,INSULINA ZINC CRISTALINA SOL. INYECTABLE 100UI/ML x 10ML (1000UI),15,MEDICAMENTOS,1.0,2924.0,5.0
2022-01-31,I008701,INSULINA ZINC CRISTALINA SOL. INYECTABLE 100UI/ML x 10ML (1000UI),20,MEDICAMENTOS,1.0,2924.0,5.0
2022-02-28,I008701,INSULINA ZINC CRISTALINA SOL. INYECTABLE 100UI/ML x 10ML (1000UI),11,MEDICAMENTOS,1.0,2924.0,5.0
2022-03-31,I008701,INSULINA ZINC CRISTALINA SOL. INYECTABLE 100UI/ML x 10ML (1000UI),17,MEDICAMENTOS,1.0,2924.0,5.0
2022-04-30,I008701,INSULINA ZINC CRISTALINA SOL. INYECTABLE 100UI/ML x 10ML (1000UI),15,MEDICAMENTOS,1.0,2924.0,5.0
2022-05-31,I008701,INSULINA ZINC CRISTALINA SOL. INYECTABLE 100UI/ML x 10ML (1000UI),12,MEDICAMENTOS,1.0,2924.0,5.0
2022-06-30,I008701,INSULINA ZINC CRISTALINA SOL. INYECTABLE 100UI/ML x 10ML (1000UI),16,MEDICAMENTOS,1.0,2924.0,5.0
2021-07-31,I009711,INSULINA ZINC NPH SOL. INYECTABLE 100UI/ML x 10ML (1000UI),0,MEDICAMENTOS,1.0,6671.0,1.0
2021-08-31,I009711,INSULINA ZINC NPH SOL. INYECTABLE 100UI/ML x 10ML (1000UI),2,MEDICAMENTOS,1.0,6671.0,1.0
2021-09-30,I009711,INSULINA ZINC NPH SOL. INYECTABLE 100UI/ML x 10ML (1000UI),0,MEDICAMENTOS,1.0,6671.0,1.0
2021-10-31,I009711,INSULINA ZINC NPH SOL. INYECTABLE 100UI/ML x 10ML (1000UI),1,MEDICAMENTOS,1.0,6671.0,1.0
2021-11-30,I009711,INSULINA ZINC NPH SOL. INYECTABLE 100UI/ML x 10ML (1000UI),0,MEDICAMENTOS,1.0,6671.0,1.0
2021-12-31,I009711,INSULINA ZINC NPH SOL. INYECTABLE 100UI/ML x 10ML (1000UI),0,MEDICAMENTOS,1.0,6671.0,1.0
2022-01-31,I009711,INSULINA ZINC NPH SOL. INYECTABLE 100UI/ML x 10ML (1000UI),4,MEDICAMENTOS,1.0,6671.0,1.0
2022-02-28,I009711,INSULINA ZINC NPH SOL. INYECTABLE 100UI/ML x 10ML (1000UI),0,MEDICAMENTOS,1.0,6671.0,1.0
2022-03-31,I009711,INSULINA ZINC NPH SOL. INYECTABLE 100UI/ML x 10ML (1000UI),1,MEDICAMENTOS,1.0,6671.0,1.0
2022-04-30,I009711,INSULINA ZINC NPH SOL. INYECTABLE 100UI/ML x 10ML (1000UI),2,MEDICAMENTOS,1.0,6671.0,1.0
2022-05-31,I009711,INSULINA ZINC NPH SOL. INYECTABLE 100UI/ML x 10ML (1000UI),0,MEDICAMENTOS,1.0,6671.0,1.0
2022-06-30,I009711,INSULINA ZINC NPH SOL. INYECTABLE 100UI/ML x 10ML (1000UI),1,MEDICAMENTOS,1.0,6671.0,1.0
2021-07-31,I017471,IPRATROPIO BROMURO SUSPENSIÓN PARA INHALACIÓN 20MCG//1PUFF/200PUFF,37,MEDICAMENTOS,1.0,4932.0,13.0
2021-08-31,I017471,IPRATROPIO BROMURO SUSPENSIÓN PARA INHALACIÓN 20MCG//1PUFF/200PUFF,37,MEDICAMENTOS,1.0,4932.0,13.0
2021-09-30,I017471,IPRATROPIO BROMURO SUSPENSIÓN PARA INHALACIÓN 20MCG//1PUFF/200PUFF,40,MEDICAMENTOS,1.0,4932.0,13.0
2021-10-31,I017471,IPRATROPIO BROMURO SUSPENSIÓN PARA INHALACIÓN 20MCG//1PUFF/200PUFF,47,MEDICAMENTOS,1.0,4932.0,13.0
2021-11-30,I017471,IPRATROPIO BROMURO SUSPENSIÓN PARA INHALACIÓN 20MCG//1PUFF/200PUFF,52,MEDICAMENTOS,1.0,4932.0,13.0
2021-12-31,I017471,IPRATROPIO BROMURO SUSPENSIÓN PARA INHALACIÓN 20MCG//1PUFF/200PUFF,48,MEDICAMENTOS,1.0,4932.0,13.0
2022-01-31,I017471,IPRATROPIO BROMURO SUSPENSIÓN PARA INHALACIÓN 20MCG//1PUFF/200PUFF,49,MEDICAMENTOS,1.0,4932.0,13.0
2022-02-28,I017471,IPRATROPIO BROMURO SUSPENSIÓN PARA INHALACIÓN 20MCG//1PUFF/200PUFF,45,MEDICAMENTOS,1.0,4932.0,13.0
2022-03-31,I017471,IPRATROPIO BROMURO SUSPENSIÓN PARA INHALACIÓN 20MCG//1PUFF/200PUFF,48,MEDICAMENTOS,1.0,4932.0,13.0
2022-04-30,I017471,IPRATROPIO BROMURO SUSPENSIÓN PARA INHALACIÓN 20MCG//1PUFF/200PUFF,38,MEDICAMENTOS,1.0,4932.0,13.0
2022-05-31,I017471,IPRATROPIO BROMURO SUSPENSIÓN PARA INHALACIÓN 20MCG//1PUFF/200PUFF,25,MEDICAMENTOS,1.0,4932.0,13.0
2022-06-30,I017471,IPRATROPIO BROMURO SUSPENSIÓN PARA INHALACIÓN 20MCG//1PUFF/200PUFF,27,MEDICAMENTOS,1.0,4932.0,13.0
2021-07-31,I020011,ISOSORBIDE DINITRATO 10MG TABLETA,17,MEDICAMENTOS,1.0,25.0,29.0
2021-08-31,I020011,ISOSORBIDE DINITRATO 10MG TABLETA,12,MEDICAMENTOS,1.0,25.0,29.0
2021-09-30,I020011,ISOSORBIDE DINITRATO 10MG TABLETA,4,MEDICAMENTOS,1.0,25.0,29.0
2021-10-31,I020011,ISOSORBIDE DINITRATO 10MG TABLETA,16,MEDICAMENTOS,1.0,25.0,29.0
2021-11-30,I020011,ISOSORBIDE DINITRATO 10MG TABLETA,26,MEDICAMENTOS,1.0,25.0,29.0
2021-12-31,I020011,ISOSORBIDE DINITRATO 10MG TABLETA,5,MEDICAMENTOS,1.0,25.0,29.0
2022-01-31,I020011,ISOSORBIDE DINITRATO 10MG TABLETA,15,MEDICAMENTOS,1.0,25.0,29.0
2022-02-28,I020011,ISOSORBIDE DINITRATO 10MG TABLETA,20,MEDICAMENTOS,1.0,25.0,29.0
2022-03-31,I020011,ISOSORBIDE DINITRATO 10MG TABLETA,31,MEDICAMENTOS,1.0,25.0,29.0
2022-04-30,I020011,ISOSORBIDE DINITRATO 10MG TABLETA,0,MEDICAMENTOS,1.0,25.0,29.0
2022-05-31,I020011,ISOSORBIDE DINITRATO 10MG TABLETA,7,MEDICAMENTOS,1.0,25.0,29.0
2022-06-30,I020011,ISOSORBIDE DINITRATO 10MG TABLETA,0,MEDICAMENTOS,1.0,25.0,29.0
2021-07-31,I020061,ISOSORBIDE DINITRATO TABLETA 5MG,0,MEDICAMENTOS,1.0,1092.0,6.0
2021-08-31,I020061,ISOSORBIDE DINITRATO TABLETA 5MG,3,MEDICAMENTOS,1.0,1092.0,6.0
2021-09-30,I020061,ISOSORBIDE DINITRATO TABLETA 5MG,7,MEDICAMENTOS,1.0,1092.0,6.0
2021-10-31,I020061,ISOSORBIDE DINITRATO TABLETA 5MG,10,MEDICAMENTOS,1.0,1092.0,6.0
2021-11-30,I020061,ISOSORBIDE DINITRATO TABLETA 5MG,4,MEDICAMENTOS,1.0,1092.0,6.0
2021-12-31,I020061,ISOSORBIDE DINITRATO TABLETA 5MG,2,MEDICAMENTOS,1.0,1092.0,6.0
2022-01-31,I020061,ISOSORBIDE DINITRATO TABLETA 5MG,3,MEDICAMENTOS,1.0,1092.0,6.0
2022-02-28,I020061,ISOSORBIDE DINITRATO TABLETA 5MG,11,MEDICAMENTOS,1.0,1092.0,6.0
2022-03-31,I020061,ISOSORBIDE DINITRATO TABLETA 5MG,0,MEDICAMENTOS,1.0,1092.0,6.0
2022-04-30,I020061,ISOSORBIDE DINITRATO TABLETA 5MG,4,MEDICAMENTOS,1.0,1092.0,6.0
2022-05-31,I020061,ISOSORBIDE DINITRATO TABLETA 5MG,1,MEDICAMENTOS,1.0,1092.0,6.0
2022-06-30,I020061,ISOSORBIDE DINITRATO TABLETA 5MG,4,MEDICAMENTOS,1.0,1092.0,6.0
2021-07-31,I021701,IBANDRONICO ÁCIDO SOLUCIÓN INYECTABLE 6MG,0,MEDICAMENTOS,1.0,0.0,0.0
2021-08-31,I021701,IBANDRONICO ÁCIDO SOLUCIÓN INYECTABLE 6MG,0,MEDICAMENTOS,1.0,0.0,0.0
2021-09-30,I021701,IBANDRONICO ÁCIDO SOLUCIÓN INYECTABLE 6MG,0,MEDICAMENTOS,1.0,0.0,0.0
2021-10-31,I021701,IBANDRONICO ÁCIDO SOLUCIÓN INYECTABLE 6MG,0,MEDICAMENTOS,1.0,0.0,0.0
2021-11-30,I021701,IBANDRONICO ÁCIDO SOLUCIÓN INYECTABLE 6MG,0,MEDICAMENTOS,1.0,0.0,0.0
2021-12-31,I021701,IBANDRONICO ÁCIDO SOLUCIÓN INYECTABLE 6MG,0,MEDICAMENTOS,1.0,0.0,0.0
2022-01-31,I021701,IBANDRONICO ÁCIDO SOLUCIÓN INYECTABLE 6MG,0,MEDICAMENTOS,1.0,0.0,0.0
2022-02-28,I021701,IBANDRONICO ÁCIDO SOLUCIÓN INYECTABLE 6MG,0,MEDICAMENTOS,1.0,0.0,0.0
2022-03-31,I021701,IBANDRONICO ÁCIDO SOLUCIÓN INYECTABLE 6MG,0,MEDICAMENTOS,1.0,0.0,0.0
2022-04-30,I021701,IBANDRONICO ÁCIDO SOLUCIÓN INYECTABLE 6MG,0,MEDICAMENTOS,1.0,0.0,0.0
2022-05-31,I021701,IBANDRONICO ÁCIDO SOLUCIÓN INYECTABLE 6MG,1,MEDICAMENTOS,1.0,0.0,0.0
2022-06-30,I021701,IBANDRONICO ÁCIDO SOLUCIÓN INYECTABLE 6MG,0,MEDICAMENTOS,1.0,0.0,0.0
2021-07-31,J000006,METFORMINA/SITAGLIPTINA TABLETA 1000MG/50MG,0,MEDICAMENTOS,1.0,1663.0,34.0
2021-08-31,J000006,METFORMINA/SITAGLIPTINA TABLETA 1000MG/50MG,0,MEDICAMENTOS,1.0,1663.0,34.0
2021-09-30,J000006,METFORMINA/SITAGLIPTINA TABLETA 1000MG/50MG,0,MEDICAMENTOS,1.0,1663.0,34.0
2021-10-31,J000006,METFORMINA/SITAGLIPTINA TABLETA 1000MG/50MG,0,MEDICAMENTOS,1.0,1663.0,34.0
2021-11-30,J000006,METFORMINA/SITAGLIPTINA TABLETA 1000MG/50MG,43,MEDICAMENTOS,1.0,1663.0,34.0
2021-12-31,J000006,METFORMINA/SITAGLIPTINA TABLETA 1000MG/50MG,18,MEDICAMENTOS,1.0,1663.0,34.0
2022-01-31,J000006,METFORMINA/SITAGLIPTINA TABLETA 1000MG/50MG,0,MEDICAMENTOS,1.0,1663.0,34.0
2022-02-28,J000006,METFORMINA/SITAGLIPTINA TABLETA 1000MG/50MG,0,MEDICAMENTOS,1.0,1663.0,34.0
2022-03-31,J000006,METFORMINA/SITAGLIPTINA TABLETA 1000MG/50MG,0,MEDICAMENTOS,1.0,1663.0,34.0
2022-04-30,J000006,METFORMINA/SITAGLIPTINA TABLETA 1000MG/50MG,0,MEDICAMENTOS,1.0,1663.0,34.0
2022-05-31,J000006,METFORMINA/SITAGLIPTINA TABLETA 1000MG/50MG,0,MEDICAMENTOS,1.0,1663.0,34.0
2022-06-30,J000006,METFORMINA/SITAGLIPTINA TABLETA 1000MG/50MG,0,MEDICAMENTOS,1.0,1663.0,34.0
2021-07-31,K0000008,POLIETILENGLICOL/SODIO SULFATO/SODIO BICARBONATO/SODIO CLORURO/POTASIO CLORURO P,43,MEDICAMENTOS,1.0,8308.0,24.0
2021-08-31,K0000008,POLIETILENGLICOL/SODIO SULFATO/SODIO BICARBONATO/SODIO CLORURO/POTASIO CLORURO P,68,MEDICAMENTOS,1.0,8308.0,24.0
2021-09-30,K0000008,POLIETILENGLICOL/SODIO SULFATO/SODIO BICARBONATO/SODIO CLORURO/POTASIO CLORURO P,78,MEDICAMENTOS,1.0,8308.0,24.0
2021-10-31,K0000008,POLIETILENGLICOL/SODIO SULFATO/SODIO BICARBONATO/SODIO CLORURO/POTASIO CLORURO P,56,MEDICAMENTOS,1.0,8308.0,24.0
2021-11-30,K0000008,POLIETILENGLICOL/SODIO SULFATO/SODIO BICARBONATO/SODIO CLORURO/POTASIO CLORURO P,48,MEDICAMENTOS,1.0,8308.0,24.0
2021-12-31,K0000008,POLIETILENGLICOL/SODIO SULFATO/SODIO BICARBONATO/SODIO CLORURO/POTASIO CLORURO P,68,MEDICAMENTOS,1.0,8308.0,24.0
2022-01-31,K0000008,POLIETILENGLICOL/SODIO SULFATO/SODIO BICARBONATO/SODIO CLORURO/POTASIO CLORURO P,69,MEDICAMENTOS,1.0,8308.0,24.0
2022-02-28,K0000008,POLIETILENGLICOL/SODIO SULFATO/SODIO BICARBONATO/SODIO CLORURO/POTASIO CLORURO P,67,MEDICAMENTOS,1.0,8308.0,24.0
2022-03-31,K0000008,POLIETILENGLICOL/SODIO SULFATO/SODIO BICARBONATO/SODIO CLORURO/POTASIO CLORURO P,40,MEDICAMENTOS,1.0,8308.0,24.0
2022-04-30,K0000008,POLIETILENGLICOL/SODIO SULFATO/SODIO BICARBONATO/SODIO CLORURO/POTASIO CLORURO P,76,MEDICAMENTOS,1.0,8308.0,24.0
2022-05-31,K0000008,POLIETILENGLICOL/SODIO SULFATO/SODIO BICARBONATO/SODIO CLORURO/POTASIO CLORURO P,87,MEDICAMENTOS,1.0,8308.0,24.0
2022-06-30,K0000008,POLIETILENGLICOL/SODIO SULFATO/SODIO BICARBONATO/SODIO CLORURO/POTASIO CLORURO P,61,MEDICAMENTOS,1.0,8308.0,24.0
2021-07-31,K002101,KETOCONAZOL TABLETA 200MG,40,MEDICAMENTOS,1.0,171.0,12.0
2021-08-31,K002101,KETOCONAZOL TABLETA 200MG,8,MEDICAMENTOS,1.0,171.0,12.0
2021-09-30,K002101,KETOCONAZOL TABLETA 200MG,0,MEDICAMENTOS,1.0,171.0,12.0
2021-10-31,K002101,KETOCONAZOL TABLETA 200MG,0,MEDICAMENTOS,1.0,171.0,12.0
2021-11-30,K002101,KETOCONAZOL TABLETA 200MG,0,MEDICAMENTOS,1.0,171.0,12.0
2021-12-31,K002101,KETOCONAZOL TABLETA 200MG,0,MEDICAMENTOS,1.0,171.0,12.0
2022-01-31,K002101,KETOCONAZOL TABLETA 200MG,0,MEDICAMENTOS,1.0,171.0,12.0
2022-02-28,K002101,KETOCONAZOL TABLETA 200MG,0,MEDICAMENTOS,1.0,171.0,12.0
2022-03-31,K002101,KETOCONAZOL TABLETA 200MG,0,MEDICAMENTOS,1.0,171.0,12.0
2022-04-30,K002101,KETOCONAZOL TABLETA 200MG,0,MEDICAMENTOS,1.0,171.0,12.0
2022-05-31,K002101,KETOCONAZOL TABLETA 200MG,28,MEDICAMENTOS,1.0,171.0,12.0
2022-06-30,K002101,KETOCONAZOL TABLETA 200MG,0,MEDICAMENTOS,1.0,171.0,12.0
2021-07-31,L0000005,LAMOTRIGINA TABLETA 100MG,74,MEDICAMENTOS,1.0,173.0,31.0
2021-08-31,L0000005,LAMOTRIGINA TABLETA 100MG,0,MEDICAMENTOS,1.0,173.0,31.0
2021-09-30,L0000005,LAMOTRIGINA TABLETA 100MG,0,MEDICAMENTOS,1.0,173.0,31.0
2021-10-31,L0000005,LAMOTRIGINA TABLETA 100MG,14,MEDICAMENTOS,1.0,173.0,31.0
2021-11-30,L0000005,LAMOTRIGINA TABLETA 100MG,0,MEDICAMENTOS,1.0,173.0,31.0
2021-12-31,L0000005,LAMOTRIGINA TABLETA 100MG,3,MEDICAMENTOS,1.0,173.0,31.0
2022-01-31,L0000005,LAMOTRIGINA TABLETA 100MG,0,MEDICAMENTOS,1.0,173.0,31.0
2022-02-28,L0000005,LAMOTRIGINA TABLETA 100MG,0,MEDICAMENTOS,1.0,173.0,31.0
2022-03-31,L0000005,LAMOTRIGINA TABLETA 100MG,0,MEDICAMENTOS,1.0,173.0,31.0
2022-04-30,L0000005,LAMOTRIGINA TABLETA 100MG,17,MEDICAMENTOS,1.0,173.0,31.0
2022-05-31,L0000005,LAMOTRIGINA TABLETA 100MG,1,MEDICAMENTOS,1.0,173.0,31.0
2022-06-30,L0000005,LAMOTRIGINA TABLETA 100MG,0,MEDICAMENTOS,1.0,173.0,31.0
2021-07-31,L0000006,LEVOFLOXACINA TABLETA 500MG,0,MEDICAMENTOS,1.0,538.0,10.0
2021-08-31,L0000006,LEVOFLOXACINA TABLETA 500MG,0,MEDICAMENTOS,1.0,538.0,10.0
2021-09-30,L0000006,LEVOFLOXACINA TABLETA 500MG,0,MEDICAMENTOS,1.0,538.0,10.0
2021-10-31,L0000006,LEVOFLOXACINA TABLETA 500MG,3,MEDICAMENTOS,1.0,538.0,10.0
2021-11-30,L0000006,LEVOFLOXACINA TABLETA 500MG,0,MEDICAMENTOS,1.0,538.0,10.0
2021-12-31,L0000006,LEVOFLOXACINA TABLETA 500MG,21,MEDICAMENTOS,1.0,538.0,10.0
2022-01-31,L0000006,LEVOFLOXACINA TABLETA 500MG,0,MEDICAMENTOS,1.0,538.0,10.0
2022-02-28,L0000006,LEVOFLOXACINA TABLETA 500MG,0,MEDICAMENTOS,1.0,538.0,10.0
2022-03-31,L0000006,LEVOFLOXACINA TABLETA 500MG,0,MEDICAMENTOS,1.0,538.0,10.0
2022-04-30,L0000006,LEVOFLOXACINA TABLETA 500MG,0,MEDICAMENTOS,1.0,538.0,10.0
2022-05-31,L0000006,LEVOFLOXACINA TABLETA 500MG,3,MEDICAMENTOS,1.0,538.0,10.0
2022-06-30,L0000006,LEVOFLOXACINA TABLETA 500MG,0,MEDICAMENTOS,1.0,538.0,10.0
2021-07-31,L0000009,LABETALOL SOLUCIÓN INYECTABLE 100MG/20ML,60,MEDICAMENTOS,1.0,26373.5,21.0
2021-08-31,L0000009,LABETALOL SOLUCIÓN INYECTABLE 100MG/20ML,8,MEDICAMENTOS,1.0,26373.5,21.0
2021-09-30,L0000009,LABETALOL SOLUCIÓN INYECTABLE 100MG/20ML,6,MEDICAMENTOS,1.0,26373.5,21.0
2021-10-31,L0000009,LABETALOL SOLUCIÓN INYECTABLE 100MG/20ML,6,MEDICAMENTOS,1.0,26373.5,21.0
2021-11-30,L0000009,LABETALOL SOLUCIÓN INYECTABLE 100MG/20ML,10,MEDICAMENTOS,1.0,26373.5,21.0
2021-12-31,L0000009,LABETALOL SOLUCIÓN INYECTABLE 100MG/20ML,1,MEDICAMENTOS,1.0,26373.5,21.0
2022-01-31,L0000009,LABETALOL SOLUCIÓN INYECTABLE 100MG/20ML,8,MEDICAMENTOS,1.0,26373.5,21.0
2022-02-28,L0000009,LABETALOL SOLUCIÓN INYECTABLE 100MG/20ML,17,MEDICAMENTOS,1.0,26373.5,21.0
2022-03-31,L0000009,LABETALOL SOLUCIÓN INYECTABLE 100MG/20ML,3,MEDICAMENTOS,1.0,26373.5,21.0
2022-04-30,L0000009,LABETALOL SOLUCIÓN INYECTABLE 100MG/20ML,38,MEDICAMENTOS,1.0,26373.5,21.0
2022-05-31,L0000009,LABETALOL SOLUCIÓN INYECTABLE 100MG/20ML,19,MEDICAMENTOS,1.0,26373.5,21.0
2022-06-30,L0000009,LABETALOL SOLUCIÓN INYECTABLE 100MG/20ML,11,MEDICAMENTOS,1.0,26373.5,21.0
2021-07-31,L000001,BACLOFENO TABLETA 10MG,0,MEDICAMENTOS,1.0,1224.0,4.0
2021-08-31,L000001,BACLOFENO TABLETA 10MG,0,MEDICAMENTOS,1.0,1224.0,4.0
2021-09-30,L000001,BACLOFENO TABLETA 10MG,0,MEDICAMENTOS,1.0,1224.0,4.0
2021-10-31,L000001,BACLOFENO TABLETA 10MG,0,MEDICAMENTOS,1.0,1224.0,4.0
2021-11-30,L000001,BACLOFENO TABLETA 10MG,28,MEDICAMENTOS,1.0,1224.0,4.0
2021-12-31,L000001,BACLOFENO TABLETA 10MG,0,MEDICAMENTOS,1.0,1224.0,4.0
2022-01-31,L000001,BACLOFENO TABLETA 10MG,6,MEDICAMENTOS,1.0,1224.0,4.0
2022-02-28,L000001,BACLOFENO TABLETA 10MG,0,MEDICAMENTOS,1.0,1224.0,4.0
2022-03-31,L000001,BACLOFENO TABLETA 10MG,0,MEDICAMENTOS,1.0,1224.0,4.0
2022-04-30,L000001,BACLOFENO TABLETA 10MG,0,MEDICAMENTOS,1.0,1224.0,4.0
2022-05-31,L000001,BACLOFENO TABLETA 10MG,0,MEDICAMENTOS,1.0,1224.0,4.0
2022-06-30,L000001,BACLOFENO TABLETA 10MG,0,MEDICAMENTOS,1.0,1224.0,4.0
2021-07-31,L0000017,INSULINA GLARGINA 100UI/ML x 10 ML (1000UI) SOL. INYECTABLE ,35,MEDICAMENTOS,1.0,120068.0,11.0
2021-08-31,L0000017,INSULINA GLARGINA 100UI/ML x 10 ML (1000UI) SOL. INYECTABLE ,29,MEDICAMENTOS,1.0,120068.0,11.0
2021-09-30,L0000017,INSULINA GLARGINA 100UI/ML x 10 ML (1000UI) SOL. INYECTABLE ,31,MEDICAMENTOS,1.0,120068.0,11.0
2021-10-31,L0000017,INSULINA GLARGINA 100UI/ML x 10 ML (1000UI) SOL. INYECTABLE ,19,MEDICAMENTOS,1.0,120068.0,11.0
2021-11-30,L0000017,INSULINA GLARGINA 100UI/ML x 10 ML (1000UI) SOL. INYECTABLE ,42,MEDICAMENTOS,1.0,120068.0,11.0
2021-12-31,L0000017,INSULINA GLARGINA 100UI/ML x 10 ML (1000UI) SOL. INYECTABLE ,42,MEDICAMENTOS,1.0,120068.0,11.0
2022-01-31,L0000017,INSULINA GLARGINA 100UI/ML x 10 ML (1000UI) SOL. INYECTABLE ,35,MEDICAMENTOS,1.0,120068.0,11.0
2022-02-28,L0000017,INSULINA GLARGINA 100UI/ML x 10 ML (1000UI) SOL. INYECTABLE ,13,MEDICAMENTOS,1.0,120068.0,11.0
2022-03-31,L0000017,INSULINA GLARGINA 100UI/ML x 10 ML (1000UI) SOL. INYECTABLE ,30,MEDICAMENTOS,1.0,120068.0,11.0
2022-04-30,L0000017,INSULINA GLARGINA 100UI/ML x 10 ML (1000UI) SOL. INYECTABLE ,30,MEDICAMENTOS,1.0,120068.0,11.0
2022-05-31,L0000017,INSULINA GLARGINA 100UI/ML x 10 ML (1000UI) SOL. INYECTABLE ,31,MEDICAMENTOS,1.0,120068.0,11.0
2022-06-30,L0000017,INSULINA GLARGINA 100UI/ML x 10 ML (1000UI) SOL. INYECTABLE ,30,MEDICAMENTOS,1.0,120068.0,11.0
2021-07-31,L00006,NEVIRAPINA SUSPENSIÓN ORAL 10MG/1ML (2400MG/240ML),0,MEDICAMENTOS,1.0,,
2021-08-31,L00006,NEVIRAPINA SUSPENSIÓN ORAL 10MG/1ML (2400MG/240ML),0,MEDICAMENTOS,1.0,,
2021-09-30,L00006,NEVIRAPINA SUSPENSIÓN ORAL 10MG/1ML (2400MG/240ML),0,MEDICAMENTOS,1.0,,
2021-10-31,L00006,NEVIRAPINA SUSPENSIÓN ORAL 10MG/1ML (2400MG/240ML),0,MEDICAMENTOS,1.0,,
2021-11-30,L00006,NEVIRAPINA SUSPENSIÓN ORAL 10MG/1ML (2400MG/240ML),1,MEDICAMENTOS,1.0,,
2021-12-31,L00006,NEVIRAPINA SUSPENSIÓN ORAL 10MG/1ML (2400MG/240ML),0,MEDICAMENTOS,1.0,,
2022-01-31,L00006,NEVIRAPINA SUSPENSIÓN ORAL 10MG/1ML (2400MG/240ML),1,MEDICAMENTOS,1.0,,
2022-02-28,L00006,NEVIRAPINA SUSPENSIÓN ORAL 10MG/1ML (2400MG/240ML),0,MEDICAMENTOS,1.0,,
2022-03-31,L00006,NEVIRAPINA SUSPENSIÓN ORAL 10MG/1ML (2400MG/240ML),0,MEDICAMENTOS,1.0,,
2022-04-30,L00006,NEVIRAPINA SUSPENSIÓN ORAL 10MG/1ML (2400MG/240ML),0,MEDICAMENTOS,1.0,,
2022-05-31,L00006,NEVIRAPINA SUSPENSIÓN ORAL 10MG/1ML (2400MG/240ML),0,MEDICAMENTOS,1.0,,
2022-06-30,L00006,NEVIRAPINA SUSPENSIÓN ORAL 10MG/1ML (2400MG/240ML),0,MEDICAMENTOS,1.0,,
2021-07-31,L001141,LAMIVUDINA 150 MG TABLETA,0,MEDICAMENTOS,1.0,159.0,20.0
2021-08-31,L001141,LAMIVUDINA 150 MG TABLETA,0,MEDICAMENTOS,1.0,159.0,20.0
2021-09-30,L001141,LAMIVUDINA 150 MG TABLETA,40,MEDICAMENTOS,1.0,159.0,20.0
2021-10-31,L001141,LAMIVUDINA 150 MG TABLETA,0,MEDICAMENTOS,1.0,159.0,20.0
2021-11-30,L001141,LAMIVUDINA 150 MG TABLETA,0,MEDICAMENTOS,1.0,159.0,20.0
2021-12-31,L001141,LAMIVUDINA 150 MG TABLETA,0,MEDICAMENTOS,1.0,159.0,20.0
2022-01-31,L001141,LAMIVUDINA 150 MG TABLETA,0,MEDICAMENTOS,1.0,159.0,20.0
2022-02-28,L001141,LAMIVUDINA 150 MG TABLETA,0,MEDICAMENTOS,1.0,159.0,20.0
2022-03-31,L001141,LAMIVUDINA 150 MG TABLETA,0,MEDICAMENTOS,1.0,159.0,20.0
2022-04-30,L001141,LAMIVUDINA 150 MG TABLETA,0,MEDICAMENTOS,1.0,159.0,20.0
2022-05-31,L001141,LAMIVUDINA 150 MG TABLETA,0,MEDICAMENTOS,1.0,159.0,20.0
2022-06-30,L001141,LAMIVUDINA 150 MG TABLETA,0,MEDICAMENTOS,1.0,159.0,20.0
2021-07-31,L003011,LEVODOPA/CARBIDOPA TABLETA 250MG/25MG,98,MEDICAMENTOS,1.0,153.0,34.0
2021-08-31,L003011,LEVODOPA/CARBIDOPA TABLETA 250MG/25MG,101,MEDICAMENTOS,1.0,153.0,34.0
2021-09-30,L003011,LEVODOPA/CARBIDOPA TABLETA 250MG/25MG,125,MEDICAMENTOS,1.0,153.0,34.0
2021-10-31,L003011,LEVODOPA/CARBIDOPA TABLETA 250MG/25MG,116,MEDICAMENTOS,1.0,153.0,34.0
2021-11-30,L003011,LEVODOPA/CARBIDOPA TABLETA 250MG/25MG,14,MEDICAMENTOS,1.0,153.0,34.0
2021-12-31,L003011,LEVODOPA/CARBIDOPA TABLETA 250MG/25MG,43,MEDICAMENTOS,1.0,153.0,34.0
2022-01-31,L003011,LEVODOPA/CARBIDOPA TABLETA 250MG/25MG,107,MEDICAMENTOS,1.0,153.0,34.0
2022-02-28,L003011,LEVODOPA/CARBIDOPA TABLETA 250MG/25MG,95,MEDICAMENTOS,1.0,153.0,34.0
2022-03-31,L003011,LEVODOPA/CARBIDOPA TABLETA 250MG/25MG,55,MEDICAMENTOS,1.0,153.0,34.0
2022-04-30,L003011,LEVODOPA/CARBIDOPA TABLETA 250MG/25MG,56,MEDICAMENTOS,1.0,153.0,34.0
2022-05-31,L003011,LEVODOPA/CARBIDOPA TABLETA 250MG/25MG,8,MEDICAMENTOS,1.0,153.0,34.0
2022-06-30,L003011,LEVODOPA/CARBIDOPA TABLETA 250MG/25MG,0,MEDICAMENTOS,1.0,153.0,34.0
2021-07-31,L004011,LEVOMEPROMAZINA TABLETA 25MG,72,MEDICAMENTOS,1.0,132.0,31.0
2021-08-31,L004011,LEVOMEPROMAZINA TABLETA 25MG,103,MEDICAMENTOS,1.0,132.0,31.0
2021-09-30,L004011,LEVOMEPROMAZINA TABLETA 25MG,15,MEDICAMENTOS,1.0,132.0,31.0
2021-10-31,L004011,LEVOMEPROMAZINA TABLETA 25MG,0,MEDICAMENTOS,1.0,132.0,31.0
2021-11-30,L004011,LEVOMEPROMAZINA TABLETA 25MG,0,MEDICAMENTOS,1.0,132.0,31.0
2021-12-31,L004011,LEVOMEPROMAZINA TABLETA 25MG,0,MEDICAMENTOS,1.0,132.0,31.0
2022-01-31,L004011,LEVOMEPROMAZINA TABLETA 25MG,0,MEDICAMENTOS,1.0,132.0,31.0
2022-02-28,L004011,LEVOMEPROMAZINA TABLETA 25MG,0,MEDICAMENTOS,1.0,132.0,31.0
2022-03-31,L004011,LEVOMEPROMAZINA TABLETA 25MG,0,MEDICAMENTOS,1.0,132.0,31.0
2022-04-30,L004011,LEVOMEPROMAZINA TABLETA 25MG,25,MEDICAMENTOS,1.0,132.0,31.0
2022-05-31,L004011,LEVOMEPROMAZINA TABLETA 25MG,0,MEDICAMENTOS,1.0,132.0,31.0
2022-06-30,L004011,LEVOMEPROMAZINA TABLETA 25MG,0,MEDICAMENTOS,1.0,132.0,31.0
2021-07-31,L004201,LEVOMEPROMAZINA 4MG/ML SOLUCION ORAL,0,MEDICAMENTOS,1.0,2836.0,3.0
2021-08-31,L004201,LEVOMEPROMAZINA 4MG/ML SOLUCION ORAL,1,MEDICAMENTOS,1.0,2836.0,3.0
2021-09-30,L004201,LEVOMEPROMAZINA 4MG/ML SOLUCION ORAL,2,MEDICAMENTOS,1.0,2836.0,3.0
2021-10-31,L004201,LEVOMEPROMAZINA 4MG/ML SOLUCION ORAL,2,MEDICAMENTOS,1.0,2836.0,3.0
2021-11-30,L004201,LEVOMEPROMAZINA 4MG/ML SOLUCION ORAL,1,MEDICAMENTOS,1.0,2836.0,3.0
2021-12-31,L004201,LEVOMEPROMAZINA 4MG/ML SOLUCION ORAL,5,MEDICAMENTOS,1.0,2836.0,3.0
2022-01-31,L004201,LEVOMEPROMAZINA 4MG/ML SOLUCION ORAL,3,MEDICAMENTOS,1.0,2836.0,3.0
2022-02-28,L004201,LEVOMEPROMAZINA 4MG/ML SOLUCION ORAL,1,MEDICAMENTOS,1.0,2836.0,3.0
2022-03-31,L004201,LEVOMEPROMAZINA 4MG/ML SOLUCION ORAL,1,MEDICAMENTOS,1.0,2836.0,3.0
2022-04-30,L004201,LEVOMEPROMAZINA 4MG/ML SOLUCION ORAL,3,MEDICAMENTOS,1.0,2836.0,3.0
2022-05-31,L004201,LEVOMEPROMAZINA 4MG/ML SOLUCION ORAL,3,MEDICAMENTOS,1.0,2836.0,3.0
2022-06-30,L004201,LEVOMEPROMAZINA 4MG/ML SOLUCION ORAL,2,MEDICAMENTOS,1.0,2836.0,3.0
2021-07-31,L006011,LEVOTIROXINA TABLETA 50MCG,354,MEDICAMENTOS,1.0,12.5,113.0
2021-08-31,L006011,LEVOTIROXINA TABLETA 50MCG,271,MEDICAMENTOS,1.0,12.5,113.0
2021-09-30,L006011,LEVOTIROXINA TABLETA 50MCG,322,MEDICAMENTOS,1.0,12.5,113.0
2021-10-31,L006011,LEVOTIROXINA TABLETA 50MCG,297,MEDICAMENTOS,1.0,12.5,113.0
2021-11-30,L006011,LEVOTIROXINA TABLETA 50MCG,371,MEDICAMENTOS,1.0,12.5,113.0
2021-12-31,L006011,LEVOTIROXINA TABLETA 50MCG,362,MEDICAMENTOS,1.0,12.5,113.0
2022-01-31,L006011,LEVOTIROXINA TABLETA 50MCG,268,MEDICAMENTOS,1.0,12.5,113.0
2022-02-28,L006011,LEVOTIROXINA TABLETA 50MCG,327,MEDICAMENTOS,1.0,12.5,113.0
2022-03-31,L006011,LEVOTIROXINA TABLETA 50MCG,351,MEDICAMENTOS,1.0,12.5,113.0
2022-04-30,L006011,LEVOTIROXINA TABLETA 50MCG,342,MEDICAMENTOS,1.0,12.5,113.0
2022-05-31,L006011,LEVOTIROXINA TABLETA 50MCG,200,MEDICAMENTOS,1.0,12.5,113.0
2022-06-30,L006011,LEVOTIROXINA TABLETA 50MCG,178,MEDICAMENTOS,1.0,12.5,113.0
2021-07-31,L006012,LEVOTIROXINA TABLETA 100MCG,195,MEDICAMENTOS,1.0,30.0,23.0
2021-08-31,L006012,LEVOTIROXINA TABLETA 100MCG,132,MEDICAMENTOS,1.0,30.0,23.0
2021-09-30,L006012,LEVOTIROXINA TABLETA 100MCG,91,MEDICAMENTOS,1.0,30.0,23.0
2021-10-31,L006012,LEVOTIROXINA TABLETA 100MCG,109,MEDICAMENTOS,1.0,30.0,23.0
2021-11-30,L006012,LEVOTIROXINA TABLETA 100MCG,94,MEDICAMENTOS,1.0,30.0,23.0
2021-12-31,L006012,LEVOTIROXINA TABLETA 100MCG,95,MEDICAMENTOS,1.0,30.0,23.0
2022-01-31,L006012,LEVOTIROXINA TABLETA 100MCG,169,MEDICAMENTOS,1.0,30.0,23.0
2022-02-28,L006012,LEVOTIROXINA TABLETA 100MCG,131,MEDICAMENTOS,1.0,30.0,23.0
2022-03-31,L006012,LEVOTIROXINA TABLETA 100MCG,42,MEDICAMENTOS,1.0,30.0,23.0
2022-04-30,L006012,LEVOTIROXINA TABLETA 100MCG,76,MEDICAMENTOS,1.0,30.0,23.0
2022-05-31,L006012,LEVOTIROXINA TABLETA 100MCG,32,MEDICAMENTOS,1.0,30.0,23.0
2022-06-30,L006012,LEVOTIROXINA TABLETA 100MCG,57,MEDICAMENTOS,1.0,30.0,23.0
2021-07-31,L015141,LOPERAMIDA TABLETA 2MG,488,MEDICAMENTOS,1.0,18.0,305.0
2021-08-31,L015141,LOPERAMIDA TABLETA 2MG,375,MEDICAMENTOS,1.0,18.0,305.0
2021-09-30,L015141,LOPERAMIDA TABLETA 2MG,414,MEDICAMENTOS,1.0,18.0,305.0
2021-10-31,L015141,LOPERAMIDA TABLETA 2MG,468,MEDICAMENTOS,1.0,18.0,305.0
2021-11-30,L015141,LOPERAMIDA TABLETA 2MG,353,MEDICAMENTOS,1.0,18.0,305.0
2021-12-31,L015141,LOPERAMIDA TABLETA 2MG,604,MEDICAMENTOS,1.0,18.0,305.0
2022-01-31,L015141,LOPERAMIDA TABLETA 2MG,646,MEDICAMENTOS,1.0,18.0,305.0
2022-02-28,L015141,LOPERAMIDA TABLETA 2MG,298,MEDICAMENTOS,1.0,18.0,305.0
2022-03-31,L015141,LOPERAMIDA TABLETA 2MG,704,MEDICAMENTOS,1.0,18.0,305.0
2022-04-30,L015141,LOPERAMIDA TABLETA 2MG,343,MEDICAMENTOS,1.0,18.0,305.0
2022-05-31,L015141,LOPERAMIDA TABLETA 2MG,435,MEDICAMENTOS,1.0,18.0,305.0
2022-06-30,L015141,LOPERAMIDA TABLETA 2MG,540,MEDICAMENTOS,1.0,18.0,305.0
2021-07-31,L016011,LORATADINA TABLETA 10MG,63,MEDICAMENTOS,1.0,19.0,135.0
2021-08-31,L016011,LORATADINA TABLETA 10MG,212,MEDICAMENTOS,1.0,19.0,135.0
2021-09-30,L016011,LORATADINA TABLETA 10MG,101,MEDICAMENTOS,1.0,19.0,135.0
2021-10-31,L016011,LORATADINA TABLETA 10MG,140,MEDICAMENTOS,1.0,19.0,135.0
2021-11-30,L016011,LORATADINA TABLETA 10MG,148,MEDICAMENTOS,1.0,19.0,135.0
2021-12-31,L016011,LORATADINA TABLETA 10MG,112,MEDICAMENTOS,1.0,19.0,135.0
2022-01-31,L016011,LORATADINA TABLETA 10MG,179,MEDICAMENTOS,1.0,19.0,135.0
2022-02-28,L016011,LORATADINA TABLETA 10MG,169,MEDICAMENTOS,1.0,19.0,135.0
2022-03-31,L016011,LORATADINA TABLETA 10MG,130,MEDICAMENTOS,1.0,19.0,135.0
2022-04-30,L016011,LORATADINA TABLETA 10MG,213,MEDICAMENTOS,1.0,19.0,135.0
2022-05-31,L016011,LORATADINA TABLETA 10MG,128,MEDICAMENTOS,1.0,19.0,135.0
2022-06-30,L016011,LORATADINA TABLETA 10MG,171,MEDICAMENTOS,1.0,19.0,135.0
2021-07-31,L018011,LOVASTATINA TABLETA 20MG,5,MEDICAMENTOS,1.0,7.5,13.0
2021-08-31,L018011,LOVASTATINA TABLETA 20MG,9,MEDICAMENTOS,1.0,7.5,13.0
2021-09-30,L018011,LOVASTATINA TABLETA 20MG,0,MEDICAMENTOS,1.0,7.5,13.0
2021-10-31,L018011,LOVASTATINA TABLETA 20MG,2,MEDICAMENTOS,1.0,7.5,13.0
2021-11-30,L018011,LOVASTATINA TABLETA 20MG,12,MEDICAMENTOS,1.0,7.5,13.0
2021-12-31,L018011,LOVASTATINA TABLETA 20MG,0,MEDICAMENTOS,1.0,7.5,13.0
2022-01-31,L018011,LOVASTATINA TABLETA 20MG,0,MEDICAMENTOS,1.0,7.5,13.0
2022-02-28,L018011,LOVASTATINA TABLETA 20MG,0,MEDICAMENTOS,1.0,7.5,13.0
2022-03-31,L018011,LOVASTATINA TABLETA 20MG,0,MEDICAMENTOS,1.0,7.5,13.0
2022-04-30,L018011,LOVASTATINA TABLETA 20MG,0,MEDICAMENTOS,1.0,7.5,13.0
2022-05-31,L018011,LOVASTATINA TABLETA 20MG,0,MEDICAMENTOS,1.0,7.5,13.0
2022-06-30,L018011,LOVASTATINA TABLETA 20MG,0,MEDICAMENTOS,1.0,7.5,13.0
2021-07-31,L021161,LOSARTAN TABLETA 50MG,1878,MEDICAMENTOS,1.0,27.0,555.0
2021-08-31,L021161,LOSARTAN TABLETA 50MG,2084,MEDICAMENTOS,1.0,27.0,555.0
2021-09-30,L021161,LOSARTAN TABLETA 50MG,1843,MEDICAMENTOS,1.0,27.0,555.0
2021-10-31,L021161,LOSARTAN TABLETA 50MG,1692,MEDICAMENTOS,1.0,27.0,555.0
2021-11-30,L021161,LOSARTAN TABLETA 50MG,1671,MEDICAMENTOS,1.0,27.0,555.0
2021-12-31,L021161,LOSARTAN TABLETA 50MG,2047,MEDICAMENTOS,1.0,27.0,555.0
2022-01-31,L021161,LOSARTAN TABLETA 50MG,1965,MEDICAMENTOS,1.0,27.0,555.0
2022-02-28,L021161,LOSARTAN TABLETA 50MG,1896,MEDICAMENTOS,1.0,27.0,555.0
2022-03-31,L021161,LOSARTAN TABLETA 50MG,1982,MEDICAMENTOS,1.0,27.0,555.0
2022-04-30,L021161,LOSARTAN TABLETA 50MG,1797,MEDICAMENTOS,1.0,27.0,555.0
2022-05-31,L021161,LOSARTAN TABLETA 50MG,1857,MEDICAMENTOS,1.0,27.0,555.0
2022-06-30,L021161,LOSARTAN TABLETA 50MG,1925,MEDICAMENTOS,1.0,27.0,555.0
2021-07-31,M0000005,METOPROLOL SOL. INYECTABLE 5MG/5ML,3,MEDICAMENTOS,1.0,9928.0,11.0
2021-08-31,M0000005,METOPROLOL SOL. INYECTABLE 5MG/5ML,5,MEDICAMENTOS,1.0,9928.0,11.0
2021-09-30,M0000005,METOPROLOL SOL. INYECTABLE 5MG/5ML,14,MEDICAMENTOS,1.0,9928.0,11.0
2021-10-31,M0000005,METOPROLOL SOL. INYECTABLE 5MG/5ML,22,MEDICAMENTOS,1.0,9928.0,11.0
2021-11-30,M0000005,METOPROLOL SOL. INYECTABLE 5MG/5ML,0,MEDICAMENTOS,1.0,9928.0,11.0
2021-12-31,M0000005,METOPROLOL SOL. INYECTABLE 5MG/5ML,4,MEDICAMENTOS,1.0,9928.0,11.0
2022-01-31,M0000005,METOPROLOL SOL. INYECTABLE 5MG/5ML,5,MEDICAMENTOS,1.0,9928.0,11.0
2022-02-28,M0000005,METOPROLOL SOL. INYECTABLE 5MG/5ML,1,MEDICAMENTOS,1.0,9928.0,11.0
2022-03-31,M0000005,METOPROLOL SOL. INYECTABLE 5MG/5ML,10,MEDICAMENTOS,1.0,9928.0,11.0
2022-04-30,M0000005,METOPROLOL SOL. INYECTABLE 5MG/5ML,1,MEDICAMENTOS,1.0,9928.0,11.0
2022-05-31,M0000005,METOPROLOL SOL. INYECTABLE 5MG/5ML,1,MEDICAMENTOS,1.0,9928.0,11.0
2022-06-30,M0000005,METOPROLOL SOL. INYECTABLE 5MG/5ML,6,MEDICAMENTOS,1.0,9928.0,11.0
2021-07-31,M0000009,MOXIFLOXACINA TABLETA 400MG,4,MEDICAMENTOS,1.0,0.0,0.0
2021-08-31,M0000009,MOXIFLOXACINA TABLETA 400MG,0,MEDICAMENTOS,1.0,0.0,0.0
2021-09-30,M0000009,MOXIFLOXACINA TABLETA 400MG,0,MEDICAMENTOS,1.0,0.0,0.0
2021-10-31,M0000009,MOXIFLOXACINA TABLETA 400MG,3,MEDICAMENTOS,1.0,0.0,0.0
2021-11-30,M0000009,MOXIFLOXACINA TABLETA 400MG,5,MEDICAMENTOS,1.0,0.0,0.0
2021-12-31,M0000009,MOXIFLOXACINA TABLETA 400MG,0,MEDICAMENTOS,1.0,0.0,0.0
2022-01-31,M0000009,MOXIFLOXACINA TABLETA 400MG,0,MEDICAMENTOS,1.0,0.0,0.0
2022-02-28,M0000009,MOXIFLOXACINA TABLETA 400MG,0,MEDICAMENTOS,1.0,0.0,0.0
2022-03-31,M0000009,MOXIFLOXACINA TABLETA 400MG,0,MEDICAMENTOS,1.0,0.0,0.0
2022-04-30,M0000009,MOXIFLOXACINA TABLETA 400MG,0,MEDICAMENTOS,1.0,0.0,0.0
2022-05-31,M0000009,MOXIFLOXACINA TABLETA 400MG,11,MEDICAMENTOS,1.0,0.0,0.0
2022-06-30,M0000009,MOXIFLOXACINA TABLETA 400MG,5,MEDICAMENTOS,1.0,0.0,0.0
2021-07-31,M0000015,MEMANTINA TBL. 10 MG,0,MEDICAMENTOS,1.0,,
2021-08-31,M0000015,MEMANTINA TBL. 10 MG,0,MEDICAMENTOS,1.0,,
2021-09-30,M0000015,MEMANTINA TBL. 10 MG,0,MEDICAMENTOS,1.0,,
2021-10-31,M0000015,MEMANTINA TBL. 10 MG,2,MEDICAMENTOS,1.0,,
2021-11-30,M0000015,MEMANTINA TBL. 10 MG,0,MEDICAMENTOS,1.0,,
2021-12-31,M0000015,MEMANTINA TBL. 10 MG,0,MEDICAMENTOS,1.0,,
2022-01-31,M0000015,MEMANTINA TBL. 10 MG,9,MEDICAMENTOS,1.0,,
2022-02-28,M0000015,MEMANTINA TBL. 10 MG,0,MEDICAMENTOS,1.0,,
2022-03-31,M0000015,MEMANTINA TBL. 10 MG,0,MEDICAMENTOS,1.0,,
2022-04-30,M0000015,MEMANTINA TBL. 10 MG,0,MEDICAMENTOS,1.0,,
2022-05-31,M0000015,MEMANTINA TBL. 10 MG,0,MEDICAMENTOS,1.0,,
2022-06-30,M0000015,MEMANTINA TBL. 10 MG,0,MEDICAMENTOS,1.0,,
2021-07-31,M001701,MAGNESIO SULFATO SOLUCIÓN INYECTABLE 20%/10ML,277,MEDICAMENTOS,1.0,800.0,158.0
2021-08-31,M001701,MAGNESIO SULFATO SOLUCIÓN INYECTABLE 20%/10ML,376,MEDICAMENTOS,1.0,800.0,158.0
2021-09-30,M001701,MAGNESIO SULFATO SOLUCIÓN INYECTABLE 20%/10ML,405,MEDICAMENTOS,1.0,800.0,158.0
2021-10-31,M001701,MAGNESIO SULFATO SOLUCIÓN INYECTABLE 20%/10ML,258,MEDICAMENTOS,1.0,800.0,158.0
2021-11-30,M001701,MAGNESIO SULFATO SOLUCIÓN INYECTABLE 20%/10ML,380,MEDICAMENTOS,1.0,800.0,158.0
2021-12-31,M001701,MAGNESIO SULFATO SOLUCIÓN INYECTABLE 20%/10ML,334,MEDICAMENTOS,1.0,800.0,158.0
2022-01-31,M001701,MAGNESIO SULFATO SOLUCIÓN INYECTABLE 20%/10ML,586,MEDICAMENTOS,1.0,800.0,158.0
2022-02-28,M001701,MAGNESIO SULFATO SOLUCIÓN INYECTABLE 20%/10ML,391,MEDICAMENTOS,1.0,800.0,158.0
2022-03-31,M001701,MAGNESIO SULFATO SOLUCIÓN INYECTABLE 20%/10ML,581,MEDICAMENTOS,1.0,800.0,158.0
2022-04-30,M001701,MAGNESIO SULFATO SOLUCIÓN INYECTABLE 20%/10ML,317,MEDICAMENTOS,1.0,800.0,158.0
2022-05-31,M001701,MAGNESIO SULFATO SOLUCIÓN INYECTABLE 20%/10ML,351,MEDICAMENTOS,1.0,800.0,158.0
2022-06-30,M001701,MAGNESIO SULFATO SOLUCIÓN INYECTABLE 20%/10ML,413,MEDICAMENTOS,1.0,800.0,158.0
2021-07-31,M002702,MANITOL AL 20 % SOL. INYECTABLE x 500 ML,8,MEDICAMENTOS,1.0,10854.0,39.0
2021-08-31,M002702,MANITOL AL 20 % SOL. INYECTABLE x 500 ML,3,MEDICAMENTOS,1.0,10854.0,39.0
2021-09-30,M002702,MANITOL AL 20 % SOL. INYECTABLE x 500 ML,7,MEDICAMENTOS,1.0,10854.0,39.0
2021-10-31,M002702,MANITOL AL 20 % SOL. INYECTABLE x 500 ML,4,MEDICAMENTOS,1.0,10854.0,39.0
2021-11-30,M002702,MANITOL AL 20 % SOL. INYECTABLE x 500 ML,8,MEDICAMENTOS,1.0,10854.0,39.0
2021-12-31,M002702,MANITOL AL 20 % SOL. INYECTABLE x 500 ML,0,MEDICAMENTOS,1.0,10854.0,39.0
2022-01-31,M002702,MANITOL AL 20 % SOL. INYECTABLE x 500 ML,0,MEDICAMENTOS,1.0,10854.0,39.0
2022-02-28,M002702,MANITOL AL 20 % SOL. INYECTABLE x 500 ML,4,MEDICAMENTOS,1.0,10854.0,39.0
2022-03-31,M002702,MANITOL AL 20 % SOL. INYECTABLE x 500 ML,10,MEDICAMENTOS,1.0,10854.0,39.0
2022-04-30,M002702,MANITOL AL 20 % SOL. INYECTABLE x 500 ML,3,MEDICAMENTOS,1.0,10854.0,39.0
2022-05-31,M002702,MANITOL AL 20 % SOL. INYECTABLE x 500 ML,7,MEDICAMENTOS,1.0,10854.0,39.0
2022-06-30,M002702,MANITOL AL 20 % SOL. INYECTABLE x 500 ML,18,MEDICAMENTOS,1.0,10854.0,39.0
2021-07-31,M009011,MERCAPTOPURINA TBL. 50 MG,0,MEDICAMENTOS,1.0,7241.0,22.0
2021-08-31,M009011,MERCAPTOPURINA TBL. 50 MG,5,MEDICAMENTOS,1.0,7241.0,22.0
2021-09-30,M009011,MERCAPTOPURINA TBL. 50 MG,0,MEDICAMENTOS,1.0,7241.0,22.0
2021-10-31,M009011,MERCAPTOPURINA TBL. 50 MG,0,MEDICAMENTOS,1.0,7241.0,22.0
2021-11-30,M009011,MERCAPTOPURINA TBL. 50 MG,0,MEDICAMENTOS,1.0,7241.0,22.0
2021-12-31,M009011,MERCAPTOPURINA TBL. 50 MG,0,MEDICAMENTOS,1.0,7241.0,22.0
2022-01-31,M009011,MERCAPTOPURINA TBL. 50 MG,0,MEDICAMENTOS,1.0,7241.0,22.0
2022-02-28,M009011,MERCAPTOPURINA TBL. 50 MG,14,MEDICAMENTOS,1.0,7241.0,22.0
2022-03-31,M009011,MERCAPTOPURINA TBL. 50 MG,11,MEDICAMENTOS,1.0,7241.0,22.0
2022-04-30,M009011,MERCAPTOPURINA TBL. 50 MG,16,MEDICAMENTOS,1.0,7241.0,22.0
2022-05-31,M009011,MERCAPTOPURINA TBL. 50 MG,26,MEDICAMENTOS,1.0,7241.0,22.0
2022-06-30,M009011,MERCAPTOPURINA TBL. 50 MG,0,MEDICAMENTOS,1.0,7241.0,22.0
2021-07-31,M011011,METFORMINA TABLETA 850MG,66,MEDICAMENTOS,1.0,46.0,50.0
2021-08-31,M011011,METFORMINA TABLETA 850MG,12,MEDICAMENTOS,1.0,46.0,50.0
2021-09-30,M011011,METFORMINA TABLETA 850MG,90,MEDICAMENTOS,1.0,46.0,50.0
2021-10-31,M011011,METFORMINA TABLETA 850MG,65,MEDICAMENTOS,1.0,46.0,50.0
2021-11-30,M011011,METFORMINA TABLETA 850MG,92,MEDICAMENTOS,1.0,46.0,50.0
2021-12-31,M011011,METFORMINA TABLETA 850MG,97,MEDICAMENTOS,1.0,46.0,50.0
2022-01-31,M011011,METFORMINA TABLETA 850MG,124,MEDICAMENTOS,1.0,46.0,50.0
2022-02-28,M011011,METFORMINA TABLETA 850MG,21,MEDICAMENTOS,1.0,46.0,50.0
2022-03-31,M011011,METFORMINA TABLETA 850MG,30,MEDICAMENTOS,1.0,46.0,50.0
2022-04-30,M011011,METFORMINA TABLETA 850MG,45,MEDICAMENTOS,1.0,46.0,50.0
2022-05-31,M011011,METFORMINA TABLETA 850MG,4,MEDICAMENTOS,1.0,46.0,50.0
2022-06-30,M011011,METFORMINA TABLETA 850MG,4,MEDICAMENTOS,1.0,46.0,50.0
2021-07-31,M013721,METILPREDNISOLONA SUCCINATO 500MG POLVO LIOFILIZADO ,49,MEDICAMENTOS,1.0,8659.0,31.0
2021-08-31,M013721,METILPREDNISOLONA SUCCINATO 500MG POLVO LIOFILIZADO ,52,MEDICAMENTOS,1.0,8659.0,31.0
2021-09-30,M013721,METILPREDNISOLONA SUCCINATO 500MG POLVO LIOFILIZADO ,39,MEDICAMENTOS,1.0,8659.0,31.0
2021-10-31,M013721,METILPREDNISOLONA SUCCINATO 500MG POLVO LIOFILIZADO ,46,MEDICAMENTOS,1.0,8659.0,31.0
2021-11-30,M013721,METILPREDNISOLONA SUCCINATO 500MG POLVO LIOFILIZADO ,33,MEDICAMENTOS,1.0,8659.0,31.0
2021-12-31,M013721,METILPREDNISOLONA SUCCINATO 500MG POLVO LIOFILIZADO ,21,MEDICAMENTOS,1.0,8659.0,31.0
2022-01-31,M013721,METILPREDNISOLONA SUCCINATO 500MG POLVO LIOFILIZADO ,38,MEDICAMENTOS,1.0,8659.0,31.0
2022-02-28,M013721,METILPREDNISOLONA SUCCINATO 500MG POLVO LIOFILIZADO ,38,MEDICAMENTOS,1.0,8659.0,31.0
2022-03-31,M013721,METILPREDNISOLONA SUCCINATO 500MG POLVO LIOFILIZADO ,19,MEDICAMENTOS,1.0,8659.0,31.0
2022-04-30,M013721,METILPREDNISOLONA SUCCINATO 500MG POLVO LIOFILIZADO ,49,MEDICAMENTOS,1.0,8659.0,31.0
2022-05-31,M013721,METILPREDNISOLONA SUCCINATO 500MG POLVO LIOFILIZADO ,74,MEDICAMENTOS,1.0,8659.0,31.0
2022-06-30,M013721,METILPREDNISOLONA SUCCINATO 500MG POLVO LIOFILIZADO ,33,MEDICAMENTOS,1.0,8659.0,31.0
2021-07-31,M015011,METOCARBAMOL TABLETA 750MG,4,MEDICAMENTOS,1.0,101.0,21.0
2021-08-31,M015011,METOCARBAMOL TABLETA 750MG,5,MEDICAMENTOS,1.0,101.0,21.0
2021-09-30,M015011,METOCARBAMOL TABLETA 750MG,0,MEDICAMENTOS,1.0,101.0,21.0
2021-10-31,M015011,METOCARBAMOL TABLETA 750MG,0,MEDICAMENTOS,1.0,101.0,21.0
2021-11-30,M015011,METOCARBAMOL TABLETA 750MG,1,MEDICAMENTOS,1.0,101.0,21.0
2021-12-31,M015011,METOCARBAMOL TABLETA 750MG,16,MEDICAMENTOS,1.0,101.0,21.0
2022-01-31,M015011,METOCARBAMOL TABLETA 750MG,27,MEDICAMENTOS,1.0,101.0,21.0
2022-02-28,M015011,METOCARBAMOL TABLETA 750MG,1,MEDICAMENTOS,1.0,101.0,21.0
2022-03-31,M015011,METOCARBAMOL TABLETA 750MG,0,MEDICAMENTOS,1.0,101.0,21.0
2022-04-30,M015011,METOCARBAMOL TABLETA 750MG,0,MEDICAMENTOS,1.0,101.0,21.0
2022-05-31,M015011,METOCARBAMOL TABLETA 750MG,9,MEDICAMENTOS,1.0,101.0,21.0
2022-06-30,M015011,METOCARBAMOL TABLETA 750MG,0,MEDICAMENTOS,1.0,101.0,21.0
2021-07-31,M016011,METOCLOPRAMIDA TABLETA 10MG,20,MEDICAMENTOS,1.0,26.0,26.0
2021-08-31,M016011,METOCLOPRAMIDA TABLETA 10MG,25,MEDICAMENTOS,1.0,26.0,26.0
2021-09-30,M016011,METOCLOPRAMIDA TABLETA 10MG,104,MEDICAMENTOS,1.0,26.0,26.0
2021-10-31,M016011,METOCLOPRAMIDA TABLETA 10MG,55,MEDICAMENTOS,1.0,26.0,26.0
2021-11-30,M016011,METOCLOPRAMIDA TABLETA 10MG,30,MEDICAMENTOS,1.0,26.0,26.0
2021-12-31,M016011,METOCLOPRAMIDA TABLETA 10MG,83,MEDICAMENTOS,1.0,26.0,26.0
2022-01-31,M016011,METOCLOPRAMIDA TABLETA 10MG,23,MEDICAMENTOS,1.0,26.0,26.0
2022-02-28,M016011,METOCLOPRAMIDA TABLETA 10MG,24,MEDICAMENTOS,1.0,26.0,26.0
2022-03-31,M016011,METOCLOPRAMIDA TABLETA 10MG,49,MEDICAMENTOS,1.0,26.0,26.0
2022-04-30,M016011,METOCLOPRAMIDA TABLETA 10MG,20,MEDICAMENTOS,1.0,26.0,26.0
2022-05-31,M016011,METOCLOPRAMIDA TABLETA 10MG,88,MEDICAMENTOS,1.0,26.0,26.0
2022-06-30,M016011,METOCLOPRAMIDA TABLETA 10MG,44,MEDICAMENTOS,1.0,26.0,26.0
2021-07-31,M016701,METOCLOPRAMIDA SOLUCIÓN INYECTABLE 10MG/2ML,943,MEDICAMENTOS,1.0,0.0,0.0
2021-08-31,M016701,METOCLOPRAMIDA SOLUCIÓN INYECTABLE 10MG/2ML,1201,MEDICAMENTOS,1.0,0.0,0.0
2021-09-30,M016701,METOCLOPRAMIDA SOLUCIÓN INYECTABLE 10MG/2ML,1133,MEDICAMENTOS,1.0,0.0,0.0
2021-10-31,M016701,METOCLOPRAMIDA SOLUCIÓN INYECTABLE 10MG/2ML,1193,MEDICAMENTOS,1.0,0.0,0.0
2021-11-30,M016701,METOCLOPRAMIDA SOLUCIÓN INYECTABLE 10MG/2ML,1262,MEDICAMENTOS,1.0,0.0,0.0
2021-12-31,M016701,METOCLOPRAMIDA SOLUCIÓN INYECTABLE 10MG/2ML,1000,MEDICAMENTOS,1.0,0.0,0.0
2022-01-31,M016701,METOCLOPRAMIDA SOLUCIÓN INYECTABLE 10MG/2ML,992,MEDICAMENTOS,1.0,0.0,0.0
2022-02-28,M016701,METOCLOPRAMIDA SOLUCIÓN INYECTABLE 10MG/2ML,1071,MEDICAMENTOS,1.0,0.0,0.0
2022-03-31,M016701,METOCLOPRAMIDA SOLUCIÓN INYECTABLE 10MG/2ML,1101,MEDICAMENTOS,1.0,0.0,0.0
2022-04-30,M016701,METOCLOPRAMIDA SOLUCIÓN INYECTABLE 10MG/2ML,1305,MEDICAMENTOS,1.0,0.0,0.0
2022-05-31,M016701,METOCLOPRAMIDA SOLUCIÓN INYECTABLE 10MG/2ML,727,MEDICAMENTOS,1.0,0.0,0.0
2022-06-30,M016701,METOCLOPRAMIDA SOLUCIÓN INYECTABLE 10MG/2ML,546,MEDICAMENTOS,1.0,0.0,0.0
2021-07-31,M017161,METOPROLOL TABLETA 50MG,666,MEDICAMENTOS,1.0,11.0,390.0
2021-08-31,M017161,METOPROLOL TABLETA 50MG,584,MEDICAMENTOS,1.0,11.0,390.0
2021-09-30,M017161,METOPROLOL TABLETA 50MG,509,MEDICAMENTOS,1.0,11.0,390.0
2021-10-31,M017161,METOPROLOL TABLETA 50MG,477,MEDICAMENTOS,1.0,11.0,390.0
2021-11-30,M017161,METOPROLOL TABLETA 50MG,921,MEDICAMENTOS,1.0,11.0,390.0
2021-12-31,M017161,METOPROLOL TABLETA 50MG,871,MEDICAMENTOS,1.0,11.0,390.0
2022-01-31,M017161,METOPROLOL TABLETA 50MG,604,MEDICAMENTOS,1.0,11.0,390.0
2022-02-28,M017161,METOPROLOL TABLETA 50MG,413,MEDICAMENTOS,1.0,11.0,390.0
2022-03-31,M017161,METOPROLOL TABLETA 50MG,665,MEDICAMENTOS,1.0,11.0,390.0
2022-04-30,M017161,METOPROLOL TABLETA 50MG,513,MEDICAMENTOS,1.0,11.0,390.0
2022-05-31,M017161,METOPROLOL TABLETA 50MG,471,MEDICAMENTOS,1.0,11.0,390.0
2022-06-30,M017161,METOPROLOL TABLETA 50MG,608,MEDICAMENTOS,1.0,11.0,390.0
2021-07-31,M017162,METOPROLOL TARTRATO TABLETA 100MG,30,MEDICAMENTOS,1.0,55.0,20.0
2021-08-31,M017162,METOPROLOL TARTRATO TABLETA 100MG,6,MEDICAMENTOS,1.0,55.0,20.0
2021-09-30,M017162,METOPROLOL TARTRATO TABLETA 100MG,5,MEDICAMENTOS,1.0,55.0,20.0
2021-10-31,M017162,METOPROLOL TARTRATO TABLETA 100MG,19,MEDICAMENTOS,1.0,55.0,20.0
2021-11-30,M017162,METOPROLOL TARTRATO TABLETA 100MG,0,MEDICAMENTOS,1.0,55.0,20.0
2021-12-31,M017162,METOPROLOL TARTRATO TABLETA 100MG,15,MEDICAMENTOS,1.0,55.0,20.0
2022-01-31,M017162,METOPROLOL TARTRATO TABLETA 100MG,0,MEDICAMENTOS,1.0,55.0,20.0
2022-02-28,M017162,METOPROLOL TARTRATO TABLETA 100MG,0,MEDICAMENTOS,1.0,55.0,20.0
2022-03-31,M017162,METOPROLOL TARTRATO TABLETA 100MG,15,MEDICAMENTOS,1.0,55.0,20.0
2022-04-30,M017162,METOPROLOL TARTRATO TABLETA 100MG,13,MEDICAMENTOS,1.0,55.0,20.0
2022-05-31,M017162,METOPROLOL TARTRATO TABLETA 100MG,7,MEDICAMENTOS,1.0,55.0,20.0
2022-06-30,M017162,METOPROLOL TARTRATO TABLETA 100MG,0,MEDICAMENTOS,1.0,55.0,20.0
2021-07-31,M020012,METRONIDAZOL 500MG TABLETA ,246,MEDICAMENTOS,1.0,62.0,56.0
2021-08-31,M020012,METRONIDAZOL 500MG TABLETA ,88,MEDICAMENTOS,1.0,62.0,56.0
2021-09-30,M020012,METRONIDAZOL 500MG TABLETA ,90,MEDICAMENTOS,1.0,62.0,56.0
2021-10-31,M020012,METRONIDAZOL 500MG TABLETA ,127,MEDICAMENTOS,1.0,62.0,56.0
2021-11-30,M020012,METRONIDAZOL 500MG TABLETA ,151,MEDICAMENTOS,1.0,62.0,56.0
2021-12-31,M020012,METRONIDAZOL 500MG TABLETA ,134,MEDICAMENTOS,1.0,62.0,56.0
2022-01-31,M020012,METRONIDAZOL 500MG TABLETA ,99,MEDICAMENTOS,1.0,62.0,56.0
2022-02-28,M020012,METRONIDAZOL 500MG TABLETA ,101,MEDICAMENTOS,1.0,62.0,56.0
2022-03-31,M020012,METRONIDAZOL 500MG TABLETA ,99,MEDICAMENTOS,1.0,62.0,56.0
2022-04-30,M020012,METRONIDAZOL 500MG TABLETA ,201,MEDICAMENTOS,1.0,62.0,56.0
2022-05-31,M020012,METRONIDAZOL 500MG TABLETA ,130,MEDICAMENTOS,1.0,62.0,56.0
2022-06-30,M020012,METRONIDAZOL 500MG TABLETA ,23,MEDICAMENTOS,1.0,62.0,56.0
2021-07-31,M020501,METRONIDAZOL OVULO VAGINAL 500MG,1,MEDICAMENTOS,1.0,131.0,17.0
2021-08-31,M020501,METRONIDAZOL OVULO VAGINAL 500MG,5,MEDICAMENTOS,1.0,131.0,17.0
2021-09-30,M020501,METRONIDAZOL OVULO VAGINAL 500MG,12,MEDICAMENTOS,1.0,131.0,17.0
2021-10-31,M020501,METRONIDAZOL OVULO VAGINAL 500MG,11,MEDICAMENTOS,1.0,131.0,17.0
2021-11-30,M020501,METRONIDAZOL OVULO VAGINAL 500MG,23,MEDICAMENTOS,1.0,131.0,17.0
2021-12-31,M020501,METRONIDAZOL OVULO VAGINAL 500MG,4,MEDICAMENTOS,1.0,131.0,17.0
2022-01-31,M020501,METRONIDAZOL OVULO VAGINAL 500MG,11,MEDICAMENTOS,1.0,131.0,17.0
2022-02-28,M020501,METRONIDAZOL OVULO VAGINAL 500MG,5,MEDICAMENTOS,1.0,131.0,17.0
2022-03-31,M020501,METRONIDAZOL OVULO VAGINAL 500MG,0,MEDICAMENTOS,1.0,131.0,17.0
2022-04-30,M020501,METRONIDAZOL OVULO VAGINAL 500MG,21,MEDICAMENTOS,1.0,131.0,17.0
2022-05-31,M020501,METRONIDAZOL OVULO VAGINAL 500MG,6,MEDICAMENTOS,1.0,131.0,17.0
2022-06-30,M020501,METRONIDAZOL OVULO VAGINAL 500MG,7,MEDICAMENTOS,1.0,131.0,17.0
2021-07-31,M021701,METRONIDAZOL 500MG/100ML SOL. INYECTABLE,166,MEDICAMENTOS,1.0,664.0,58.0
2021-08-31,M021701,METRONIDAZOL 500MG/100ML SOL. INYECTABLE,218,MEDICAMENTOS,1.0,664.0,58.0
2021-09-30,M021701,METRONIDAZOL 500MG/100ML SOL. INYECTABLE,155,MEDICAMENTOS,1.0,664.0,58.0
2021-10-31,M021701,METRONIDAZOL 500MG/100ML SOL. INYECTABLE,198,MEDICAMENTOS,1.0,664.0,58.0
2021-11-30,M021701,METRONIDAZOL 500MG/100ML SOL. INYECTABLE,78,MEDICAMENTOS,1.0,664.0,58.0
2021-12-31,M021701,METRONIDAZOL 500MG/100ML SOL. INYECTABLE,205,MEDICAMENTOS,1.0,664.0,58.0
2022-01-31,M021701,METRONIDAZOL 500MG/100ML SOL. INYECTABLE,323,MEDICAMENTOS,1.0,664.0,58.0
2022-02-28,M021701,METRONIDAZOL 500MG/100ML SOL. INYECTABLE,258,MEDICAMENTOS,1.0,664.0,58.0
2022-03-31,M021701,METRONIDAZOL 500MG/100ML SOL. INYECTABLE,252,MEDICAMENTOS,1.0,664.0,58.0
2022-04-30,M021701,METRONIDAZOL 500MG/100ML SOL. INYECTABLE,262,MEDICAMENTOS,1.0,664.0,58.0
2022-05-31,M021701,METRONIDAZOL 500MG/100ML SOL. INYECTABLE,259,MEDICAMENTOS,1.0,664.0,58.0
2022-06-30,M021701,METRONIDAZOL 500MG/100ML SOL. INYECTABLE,151,MEDICAMENTOS,1.0,664.0,58.0
2021-07-31,M022232,METRONIDAZOL SUSPENSIÓN ORAL 250MG/5ML X 120ML),3,MEDICAMENTOS,1.0,1494.0,2.0
2021-08-31,M022232,METRONIDAZOL SUSPENSIÓN ORAL 250MG/5ML X 120ML),0,MEDICAMENTOS,1.0,1494.0,2.0
2021-09-30,M022232,METRONIDAZOL SUSPENSIÓN ORAL 250MG/5ML X 120ML),4,MEDICAMENTOS,1.0,1494.0,2.0
2021-10-31,M022232,METRONIDAZOL SUSPENSIÓN ORAL 250MG/5ML X 120ML),0,MEDICAMENTOS,1.0,1494.0,2.0
2021-11-30,M022232,METRONIDAZOL SUSPENSIÓN ORAL 250MG/5ML X 120ML),3,MEDICAMENTOS,1.0,1494.0,2.0
2021-12-31,M022232,METRONIDAZOL SUSPENSIÓN ORAL 250MG/5ML X 120ML),6,MEDICAMENTOS,1.0,1494.0,2.0
2022-01-31,M022232,METRONIDAZOL SUSPENSIÓN ORAL 250MG/5ML X 120ML),1,MEDICAMENTOS,1.0,1494.0,2.0
2022-02-28,M022232,METRONIDAZOL SUSPENSIÓN ORAL 250MG/5ML X 120ML),6,MEDICAMENTOS,1.0,1494.0,2.0
2022-03-31,M022232,METRONIDAZOL SUSPENSIÓN ORAL 250MG/5ML X 120ML),0,MEDICAMENTOS,1.0,1494.0,2.0
2022-04-30,M022232,METRONIDAZOL SUSPENSIÓN ORAL 250MG/5ML X 120ML),1,MEDICAMENTOS,1.0,1494.0,2.0
2022-05-31,M022232,METRONIDAZOL SUSPENSIÓN ORAL 250MG/5ML X 120ML),0,MEDICAMENTOS,1.0,1494.0,2.0
2022-06-30,M022232,METRONIDAZOL SUSPENSIÓN ORAL 250MG/5ML X 120ML),4,MEDICAMENTOS,1.0,1494.0,2.0
2021-07-31,M026161,MINOXIDIL TABLETA 10MG,153,MEDICAMENTOS,1.0,114.0,33.0
2021-08-31,M026161,MINOXIDIL TABLETA 10MG,99,MEDICAMENTOS,1.0,114.0,33.0
2021-09-30,M026161,MINOXIDIL TABLETA 10MG,48,MEDICAMENTOS,1.0,114.0,33.0
2021-10-31,M026161,MINOXIDIL TABLETA 10MG,66,MEDICAMENTOS,1.0,114.0,33.0
2021-11-30,M026161,MINOXIDIL TABLETA 10MG,167,MEDICAMENTOS,1.0,114.0,33.0
2021-12-31,M026161,MINOXIDIL TABLETA 10MG,140,MEDICAMENTOS,1.0,114.0,33.0
2022-01-31,M026161,MINOXIDIL TABLETA 10MG,70,MEDICAMENTOS,1.0,114.0,33.0
2022-02-28,M026161,MINOXIDIL TABLETA 10MG,106,MEDICAMENTOS,1.0,114.0,33.0
2022-03-31,M026161,MINOXIDIL TABLETA 10MG,120,MEDICAMENTOS,1.0,114.0,33.0
2022-04-30,M026161,MINOXIDIL TABLETA 10MG,95,MEDICAMENTOS,1.0,114.0,33.0
2022-05-31,M026161,MINOXIDIL TABLETA 10MG,138,MEDICAMENTOS,1.0,114.0,33.0
2022-06-30,M026161,MINOXIDIL TABLETA 10MG,220,MEDICAMENTOS,1.0,114.0,33.0
2021-07-31,M026541,MESALAZINA ENEMA RECTAL 4G/60ML,2,MEDICAMENTOS,1.0,27563.0,2.0
2021-08-31,M026541,MESALAZINA ENEMA RECTAL 4G/60ML,0,MEDICAMENTOS,1.0,27563.0,2.0
2021-09-30,M026541,MESALAZINA ENEMA RECTAL 4G/60ML,0,MEDICAMENTOS,1.0,27563.0,2.0
2021-10-31,M026541,MESALAZINA ENEMA RECTAL 4G/60ML,0,MEDICAMENTOS,1.0,27563.0,2.0
2021-11-30,M026541,MESALAZINA ENEMA RECTAL 4G/60ML,0,MEDICAMENTOS,1.0,27563.0,2.0
2021-12-31,M026541,MESALAZINA ENEMA RECTAL 4G/60ML,0,MEDICAMENTOS,1.0,27563.0,2.0
2022-01-31,M026541,MESALAZINA ENEMA RECTAL 4G/60ML,0,MEDICAMENTOS,1.0,27563.0,2.0
2022-02-28,M026541,MESALAZINA ENEMA RECTAL 4G/60ML,4,MEDICAMENTOS,1.0,27563.0,2.0
2022-03-31,M026541,MESALAZINA ENEMA RECTAL 4G/60ML,0,MEDICAMENTOS,1.0,27563.0,2.0
2022-04-30,M026541,MESALAZINA ENEMA RECTAL 4G/60ML,0,MEDICAMENTOS,1.0,27563.0,2.0
2022-05-31,M026541,MESALAZINA ENEMA RECTAL 4G/60ML,0,MEDICAMENTOS,1.0,27563.0,2.0
2022-06-30,M026541,MESALAZINA ENEMA RECTAL 4G/60ML,0,MEDICAMENTOS,1.0,27563.0,2.0
2021-07-31,M026721,MEROPENEM POLVO LIOFILIZADO 500MG,54,MEDICAMENTOS,1.0,18785.0,51.0
2021-08-31,M026721,MEROPENEM POLVO LIOFILIZADO 500MG,45,MEDICAMENTOS,1.0,18785.0,51.0
2021-09-30,M026721,MEROPENEM POLVO LIOFILIZADO 500MG,39,MEDICAMENTOS,1.0,18785.0,51.0
2021-10-31,M026721,MEROPENEM POLVO LIOFILIZADO 500MG,17,MEDICAMENTOS,1.0,18785.0,51.0
2021-11-30,M026721,MEROPENEM POLVO LIOFILIZADO 500MG,52,MEDICAMENTOS,1.0,18785.0,51.0
2021-12-31,M026721,MEROPENEM POLVO LIOFILIZADO 500MG,11,MEDICAMENTOS,1.0,18785.0,51.0
2022-01-31,M026721,MEROPENEM POLVO LIOFILIZADO 500MG,23,MEDICAMENTOS,1.0,18785.0,51.0
2022-02-28,M026721,MEROPENEM POLVO LIOFILIZADO 500MG,86,MEDICAMENTOS,1.0,18785.0,51.0
2022-03-31,M026721,MEROPENEM POLVO LIOFILIZADO 500MG,76,MEDICAMENTOS,1.0,18785.0,51.0
2022-04-30,M026721,MEROPENEM POLVO LIOFILIZADO 500MG,29,MEDICAMENTOS,1.0,18785.0,51.0
2022-05-31,M026721,MEROPENEM POLVO LIOFILIZADO 500MG,15,MEDICAMENTOS,1.0,18785.0,51.0
2022-06-30,M026721,MEROPENEM POLVO LIOFILIZADO 500MG,54,MEDICAMENTOS,1.0,18785.0,51.0
2021-07-31,MAT527,INTRODUCTOR 8.5FR/S109880,0,DISPOSITIVOS MEDICO,1.0,109171.0,2.0
2021-08-31,MAT527,INTRODUCTOR 8.5FR/S109880,1,DISPOSITIVOS MEDICO,1.0,109171.0,2.0
2021-09-30,MAT527,INTRODUCTOR 8.5FR/S109880,0,DISPOSITIVOS MEDICO,1.0,109171.0,2.0
2021-10-31,MAT527,INTRODUCTOR 8.5FR/S109880,1,DISPOSITIVOS MEDICO,1.0,109171.0,2.0
2021-11-30,MAT527,INTRODUCTOR 8.5FR/S109880,1,DISPOSITIVOS MEDICO,1.0,109171.0,2.0
2021-12-31,MAT527,INTRODUCTOR 8.5FR/S109880,0,DISPOSITIVOS MEDICO,1.0,109171.0,2.0
2022-01-31,MAT527,INTRODUCTOR 8.5FR/S109880,0,DISPOSITIVOS MEDICO,1.0,109171.0,2.0
2022-02-28,MAT527,INTRODUCTOR 8.5FR/S109880,0,DISPOSITIVOS MEDICO,1.0,109171.0,2.0
2022-03-31,MAT527,INTRODUCTOR 8.5FR/S109880,0,DISPOSITIVOS MEDICO,1.0,109171.0,2.0
2022-04-30,MAT527,INTRODUCTOR 8.5FR/S109880,1,DISPOSITIVOS MEDICO,1.0,109171.0,2.0
2022-05-31,MAT527,INTRODUCTOR 8.5FR/S109880,1,DISPOSITIVOS MEDICO,1.0,109171.0,2.0
2022-06-30,MAT527,INTRODUCTOR 8.5FR/S109880,0,DISPOSITIVOS MEDICO,1.0,109171.0,2.0
2021-07-31,N0000002,"NITROFURAZONA POMADA 0,2%/40G",0,MEDICAMENTOS,1.0,1912.0,1.0
2021-08-31,N0000002,"NITROFURAZONA POMADA 0,2%/40G",0,MEDICAMENTOS,1.0,1912.0,1.0
2021-09-30,N0000002,"NITROFURAZONA POMADA 0,2%/40G",0,MEDICAMENTOS,1.0,1912.0,1.0
2021-10-31,N0000002,"NITROFURAZONA POMADA 0,2%/40G",0,MEDICAMENTOS,1.0,1912.0,1.0
2021-11-30,N0000002,"NITROFURAZONA POMADA 0,2%/40G",0,MEDICAMENTOS,1.0,1912.0,1.0
2021-12-31,N0000002,"NITROFURAZONA POMADA 0,2%/40G",0,MEDICAMENTOS,1.0,1912.0,1.0
2022-01-31,N0000002,"NITROFURAZONA POMADA 0,2%/40G",0,MEDICAMENTOS,1.0,1912.0,1.0
2022-02-28,N0000002,"NITROFURAZONA POMADA 0,2%/40G",1,MEDICAMENTOS,1.0,1912.0,1.0
2022-03-31,N0000002,"NITROFURAZONA POMADA 0,2%/40G",0,MEDICAMENTOS,1.0,1912.0,1.0
2022-04-30,N0000002,"NITROFURAZONA POMADA 0,2%/40G",0,MEDICAMENTOS,1.0,1912.0,1.0
2022-05-31,N0000002,"NITROFURAZONA POMADA 0,2%/40G",0,MEDICAMENTOS,1.0,1912.0,1.0
2022-06-30,N0000002,"NITROFURAZONA POMADA 0,2%/40G",0,MEDICAMENTOS,1.0,1912.0,1.0
2021-07-31,N0000003,NOREPINEFRINA SOL. INYECTABLE 4MG/4ML,785,MEDICAMENTOS,1.0,1316.5,31.0
2021-08-31,N0000003,NOREPINEFRINA SOL. INYECTABLE 4MG/4ML,909,MEDICAMENTOS,1.0,1316.5,31.0
2021-09-30,N0000003,NOREPINEFRINA SOL. INYECTABLE 4MG/4ML,855,MEDICAMENTOS,1.0,1316.5,31.0
2021-10-31,N0000003,NOREPINEFRINA SOL. INYECTABLE 4MG/4ML,604,MEDICAMENTOS,1.0,1316.5,31.0
2021-11-30,N0000003,NOREPINEFRINA SOL. INYECTABLE 4MG/4ML,797,MEDICAMENTOS,1.0,1316.5,31.0
2021-12-31,N0000003,NOREPINEFRINA SOL. INYECTABLE 4MG/4ML,928,MEDICAMENTOS,1.0,1316.5,31.0
2022-01-31,N0000003,NOREPINEFRINA SOL. INYECTABLE 4MG/4ML,938,MEDICAMENTOS,1.0,1316.5,31.0
2022-02-28,N0000003,NOREPINEFRINA SOL. INYECTABLE 4MG/4ML,693,MEDICAMENTOS,1.0,1316.5,31.0
2022-03-31,N0000003,NOREPINEFRINA SOL. INYECTABLE 4MG/4ML,1125,MEDICAMENTOS,1.0,1316.5,31.0
2022-04-30,N0000003,NOREPINEFRINA SOL. INYECTABLE 4MG/4ML,625,MEDICAMENTOS,1.0,1316.5,31.0
2022-05-31,N0000003,NOREPINEFRINA SOL. INYECTABLE 4MG/4ML,1255,MEDICAMENTOS,1.0,1316.5,31.0
2022-06-30,N0000003,NOREPINEFRINA SOL. INYECTABLE 4MG/4ML,1226,MEDICAMENTOS,1.0,1316.5,31.0
2021-07-31,N0000018,NITAZOXANIDA TABLETA 500MG,0,MEDICAMENTOS,1.0,664.0,112.0
2021-08-31,N0000018,NITAZOXANIDA TABLETA 500MG,0,MEDICAMENTOS,1.0,664.0,112.0
2021-09-30,N0000018,NITAZOXANIDA TABLETA 500MG,0,MEDICAMENTOS,1.0,664.0,112.0
2021-10-31,N0000018,NITAZOXANIDA TABLETA 500MG,0,MEDICAMENTOS,1.0,664.0,112.0
2021-11-30,N0000018,NITAZOXANIDA TABLETA 500MG,0,MEDICAMENTOS,1.0,664.0,112.0
2021-12-31,N0000018,NITAZOXANIDA TABLETA 500MG,0,MEDICAMENTOS,1.0,664.0,112.0
2022-01-31,N0000018,NITAZOXANIDA TABLETA 500MG,1,MEDICAMENTOS,1.0,664.0,112.0
2022-02-28,N0000018,NITAZOXANIDA TABLETA 500MG,0,MEDICAMENTOS,1.0,664.0,112.0
2022-03-31,N0000018,NITAZOXANIDA TABLETA 500MG,0,MEDICAMENTOS,1.0,664.0,112.0
2022-04-30,N0000018,NITAZOXANIDA TABLETA 500MG,4,MEDICAMENTOS,1.0,664.0,112.0
2022-05-31,N0000018,NITAZOXANIDA TABLETA 500MG,61,MEDICAMENTOS,1.0,664.0,112.0
2022-06-30,N0000018,NITAZOXANIDA TABLETA 500MG,436,MEDICAMENTOS,1.0,664.0,112.0
2021-07-31,N0000019,ESOMEPRAZOL 20MG TABLETA ,200,MEDICAMENTOS,1.0,-38.666666666666664,134.0
2021-08-31,N0000019,ESOMEPRAZOL 20MG TABLETA ,376,MEDICAMENTOS,1.0,-38.666666666666664,134.0
2021-09-30,N0000019,ESOMEPRAZOL 20MG TABLETA ,226,MEDICAMENTOS,1.0,-38.666666666666664,134.0
2021-10-31,N0000019,ESOMEPRAZOL 20MG TABLETA ,282,MEDICAMENTOS,1.0,-38.666666666666664,134.0
2021-11-30,N0000019,ESOMEPRAZOL 20MG TABLETA ,355,MEDICAMENTOS,1.0,-38.666666666666664,134.0
2021-12-31,N0000019,ESOMEPRAZOL 20MG TABLETA ,350,MEDICAMENTOS,1.0,-38.666666666666664,134.0
2022-01-31,N0000019,ESOMEPRAZOL 20MG TABLETA ,414,MEDICAMENTOS,1.0,-38.666666666666664,134.0
2022-02-28,N0000019,ESOMEPRAZOL 20MG TABLETA ,42,MEDICAMENTOS,1.0,-38.666666666666664,134.0
2022-03-31,N0000019,ESOMEPRAZOL 20MG TABLETA ,217,MEDICAMENTOS,1.0,-38.666666666666664,134.0
2022-04-30,N0000019,ESOMEPRAZOL 20MG TABLETA ,124,MEDICAMENTOS,1.0,-38.666666666666664,134.0
2022-05-31,N0000019,ESOMEPRAZOL 20MG TABLETA ,151,MEDICAMENTOS,1.0,-38.666666666666664,134.0
2022-06-30,N0000019,ESOMEPRAZOL 20MG TABLETA ,126,MEDICAMENTOS,1.0,-38.666666666666664,134.0
2021-07-31,N0000020,ESOMEPRAZOL 40MG TABLETA ,149,MEDICAMENTOS,1.0,23.5,120.0
2021-08-31,N0000020,ESOMEPRAZOL 40MG TABLETA ,197,MEDICAMENTOS,1.0,23.5,120.0
2021-09-30,N0000020,ESOMEPRAZOL 40MG TABLETA ,161,MEDICAMENTOS,1.0,23.5,120.0
2021-10-31,N0000020,ESOMEPRAZOL 40MG TABLETA ,218,MEDICAMENTOS,1.0,23.5,120.0
2021-11-30,N0000020,ESOMEPRAZOL 40MG TABLETA ,194,MEDICAMENTOS,1.0,23.5,120.0
2021-12-31,N0000020,ESOMEPRAZOL 40MG TABLETA ,110,MEDICAMENTOS,1.0,23.5,120.0
2022-01-31,N0000020,ESOMEPRAZOL 40MG TABLETA ,208,MEDICAMENTOS,1.0,23.5,120.0
2022-02-28,N0000020,ESOMEPRAZOL 40MG TABLETA ,271,MEDICAMENTOS,1.0,23.5,120.0
2022-03-31,N0000020,ESOMEPRAZOL 40MG TABLETA ,74,MEDICAMENTOS,1.0,23.5,120.0
2022-04-30,N0000020,ESOMEPRAZOL 40MG TABLETA ,63,MEDICAMENTOS,1.0,23.5,120.0
2022-05-31,N0000020,ESOMEPRAZOL 40MG TABLETA ,155,MEDICAMENTOS,1.0,23.5,120.0
2022-06-30,N0000020,ESOMEPRAZOL 40MG TABLETA ,133,MEDICAMENTOS,1.0,23.5,120.0
2021-07-31,N0000030,ESOMEPRAZOL 40MG SOL. INYECTABLE ,80,MEDICAMENTOS,1.0,1819.5,74.0
2021-08-31,N0000030,ESOMEPRAZOL 40MG SOL. INYECTABLE ,146,MEDICAMENTOS,1.0,1819.5,74.0
2021-09-30,N0000030,ESOMEPRAZOL 40MG SOL. INYECTABLE ,287,MEDICAMENTOS,1.0,1819.5,74.0
2021-10-31,N0000030,ESOMEPRAZOL 40MG SOL. INYECTABLE ,234,MEDICAMENTOS,1.0,1819.5,74.0
2021-11-30,N0000030,ESOMEPRAZOL 40MG SOL. INYECTABLE ,317,MEDICAMENTOS,1.0,1819.5,74.0
2021-12-31,N0000030,ESOMEPRAZOL 40MG SOL. INYECTABLE ,231,MEDICAMENTOS,1.0,1819.5,74.0
2022-01-31,N0000030,ESOMEPRAZOL 40MG SOL. INYECTABLE ,308,MEDICAMENTOS,1.0,1819.5,74.0
2022-02-28,N0000030,ESOMEPRAZOL 40MG SOL. INYECTABLE ,242,MEDICAMENTOS,1.0,1819.5,74.0
2022-03-31,N0000030,ESOMEPRAZOL 40MG SOL. INYECTABLE ,283,MEDICAMENTOS,1.0,1819.5,74.0
2022-04-30,N0000030,ESOMEPRAZOL 40MG SOL. INYECTABLE ,66,MEDICAMENTOS,1.0,1819.5,74.0
2022-05-31,N0000030,ESOMEPRAZOL 40MG SOL. INYECTABLE ,340,MEDICAMENTOS,1.0,1819.5,74.0
2022-06-30,N0000030,ESOMEPRAZOL 40MG SOL. INYECTABLE ,175,MEDICAMENTOS,1.0,1819.5,74.0
2021-07-31,N001701,"NALOXONA 0,4MG/1ML SOL. INYECTABLE",0,MEDICAMENTOS,1.0,10115.5,7.0
2021-08-31,N001701,"NALOXONA 0,4MG/1ML SOL. INYECTABLE",0,MEDICAMENTOS,1.0,10115.5,7.0
2021-09-30,N001701,"NALOXONA 0,4MG/1ML SOL. INYECTABLE",3,MEDICAMENTOS,1.0,10115.5,7.0
2021-10-31,N001701,"NALOXONA 0,4MG/1ML SOL. INYECTABLE",3,MEDICAMENTOS,1.0,10115.5,7.0
2021-11-30,N001701,"NALOXONA 0,4MG/1ML SOL. INYECTABLE",1,MEDICAMENTOS,1.0,10115.5,7.0
2021-12-31,N001701,"NALOXONA 0,4MG/1ML SOL. INYECTABLE",0,MEDICAMENTOS,1.0,10115.5,7.0
2022-01-31,N001701,"NALOXONA 0,4MG/1ML SOL. INYECTABLE",0,MEDICAMENTOS,1.0,10115.5,7.0
2022-02-28,N001701,"NALOXONA 0,4MG/1ML SOL. INYECTABLE",0,MEDICAMENTOS,1.0,10115.5,7.0
2022-03-31,N001701,"NALOXONA 0,4MG/1ML SOL. INYECTABLE",0,MEDICAMENTOS,1.0,10115.5,7.0
2022-04-30,N001701,"NALOXONA 0,4MG/1ML SOL. INYECTABLE",0,MEDICAMENTOS,1.0,10115.5,7.0
2022-05-31,N001701,"NALOXONA 0,4MG/1ML SOL. INYECTABLE",2,MEDICAMENTOS,1.0,10115.5,7.0
2022-06-30,N001701,"NALOXONA 0,4MG/1ML SOL. INYECTABLE",0,MEDICAMENTOS,1.0,10115.5,7.0
2021-07-31,N002141,NAPROXENO TABLETA 250MG,61,MEDICAMENTOS,1.0,49.0,60.0
2021-08-31,N002141,NAPROXENO TABLETA 250MG,46,MEDICAMENTOS,1.0,49.0,60.0
2021-09-30,N002141,NAPROXENO TABLETA 250MG,183,MEDICAMENTOS,1.0,49.0,60.0
2021-10-31,N002141,NAPROXENO TABLETA 250MG,100,MEDICAMENTOS,1.0,49.0,60.0
2021-11-30,N002141,NAPROXENO TABLETA 250MG,106,MEDICAMENTOS,1.0,49.0,60.0
2021-12-31,N002141,NAPROXENO TABLETA 250MG,37,MEDICAMENTOS,1.0,49.0,60.0
2022-01-31,N002141,NAPROXENO TABLETA 250MG,121,MEDICAMENTOS,1.0,49.0,60.0
2022-02-28,N002141,NAPROXENO TABLETA 250MG,58,MEDICAMENTOS,1.0,49.0,60.0
2022-03-31,N002141,NAPROXENO TABLETA 250MG,14,MEDICAMENTOS,1.0,49.0,60.0
2022-04-30,N002141,NAPROXENO TABLETA 250MG,60,MEDICAMENTOS,1.0,49.0,60.0
2022-05-31,N002141,NAPROXENO TABLETA 250MG,30,MEDICAMENTOS,1.0,49.0,60.0
2022-06-30,N002141,NAPROXENO TABLETA 250MG,1,MEDICAMENTOS,1.0,49.0,60.0
2021-07-31,N008141,NIMODIPINO TABLETA 30MG,268,MEDICAMENTOS,1.0,61.0,244.0
2021-08-31,N008141,NIMODIPINO TABLETA 30MG,115,MEDICAMENTOS,1.0,61.0,244.0
2021-09-30,N008141,NIMODIPINO TABLETA 30MG,212,MEDICAMENTOS,1.0,61.0,244.0
2021-10-31,N008141,NIMODIPINO TABLETA 30MG,113,MEDICAMENTOS,1.0,61.0,244.0
2021-11-30,N008141,NIMODIPINO TABLETA 30MG,237,MEDICAMENTOS,1.0,61.0,244.0
2021-12-31,N008141,NIMODIPINO TABLETA 30MG,499,MEDICAMENTOS,1.0,61.0,244.0
2022-01-31,N008141,NIMODIPINO TABLETA 30MG,424,MEDICAMENTOS,1.0,61.0,244.0
2022-02-28,N008141,NIMODIPINO TABLETA 30MG,236,MEDICAMENTOS,1.0,61.0,244.0
2022-03-31,N008141,NIMODIPINO TABLETA 30MG,953,MEDICAMENTOS,1.0,61.0,244.0
2022-04-30,N008141,NIMODIPINO TABLETA 30MG,572,MEDICAMENTOS,1.0,61.0,244.0
2022-05-31,N008141,NIMODIPINO TABLETA 30MG,135,MEDICAMENTOS,1.0,61.0,244.0
2022-06-30,N008141,NIMODIPINO TABLETA 30MG,102,MEDICAMENTOS,1.0,61.0,244.0
2021-07-31,N009231,NISTATINA SUSPENSIÓN ORAL 100000UI/1ML (6000000UI/60ML),9,MEDICAMENTOS,1.0,2257.0,5.0
2021-08-31,N009231,NISTATINA SUSPENSIÓN ORAL 100000UI/1ML (6000000UI/60ML),14,MEDICAMENTOS,1.0,2257.0,5.0
2021-09-30,N009231,NISTATINA SUSPENSIÓN ORAL 100000UI/1ML (6000000UI/60ML),18,MEDICAMENTOS,1.0,2257.0,5.0
2021-10-31,N009231,NISTATINA SUSPENSIÓN ORAL 100000UI/1ML (6000000UI/60ML),10,MEDICAMENTOS,1.0,2257.0,5.0
2021-11-30,N009231,NISTATINA SUSPENSIÓN ORAL 100000UI/1ML (6000000UI/60ML),14,MEDICAMENTOS,1.0,2257.0,5.0
2021-12-31,N009231,NISTATINA SUSPENSIÓN ORAL 100000UI/1ML (6000000UI/60ML),19,MEDICAMENTOS,1.0,2257.0,5.0
2022-01-31,N009231,NISTATINA SUSPENSIÓN ORAL 100000UI/1ML (6000000UI/60ML),28,MEDICAMENTOS,1.0,2257.0,5.0
2022-02-28,N009231,NISTATINA SUSPENSIÓN ORAL 100000UI/1ML (6000000UI/60ML),18,MEDICAMENTOS,1.0,2257.0,5.0
2022-03-31,N009231,NISTATINA SUSPENSIÓN ORAL 100000UI/1ML (6000000UI/60ML),12,MEDICAMENTOS,1.0,2257.0,5.0
2022-04-30,N009231,NISTATINA SUSPENSIÓN ORAL 100000UI/1ML (6000000UI/60ML),20,MEDICAMENTOS,1.0,2257.0,5.0
2022-05-31,N009231,NISTATINA SUSPENSIÓN ORAL 100000UI/1ML (6000000UI/60ML),23,MEDICAMENTOS,1.0,2257.0,5.0
2022-06-30,N009231,NISTATINA SUSPENSIÓN ORAL 100000UI/1ML (6000000UI/60ML),13,MEDICAMENTOS,1.0,2257.0,5.0
2021-07-31,N009321,NISTATINA CREMA 100.000 UI/GR ,1,MEDICAMENTOS,1.0,3178.5,3.0
2021-08-31,N009321,NISTATINA CREMA 100.000 UI/GR ,3,MEDICAMENTOS,1.0,3178.5,3.0
2021-09-30,N009321,NISTATINA CREMA 100.000 UI/GR ,1,MEDICAMENTOS,1.0,3178.5,3.0
2021-10-31,N009321,NISTATINA CREMA 100.000 UI/GR ,1,MEDICAMENTOS,1.0,3178.5,3.0
2021-11-30,N009321,NISTATINA CREMA 100.000 UI/GR ,3,MEDICAMENTOS,1.0,3178.5,3.0
2021-12-31,N009321,NISTATINA CREMA 100.000 UI/GR ,1,MEDICAMENTOS,1.0,3178.5,3.0
2022-01-31,N009321,NISTATINA CREMA 100.000 UI/GR ,2,MEDICAMENTOS,1.0,3178.5,3.0
2022-02-28,N009321,NISTATINA CREMA 100.000 UI/GR ,0,MEDICAMENTOS,1.0,3178.5,3.0
2022-03-31,N009321,NISTATINA CREMA 100.000 UI/GR ,4,MEDICAMENTOS,1.0,3178.5,3.0
2022-04-30,N009321,NISTATINA CREMA 100.000 UI/GR ,1,MEDICAMENTOS,1.0,3178.5,3.0
2022-05-31,N009321,NISTATINA CREMA 100.000 UI/GR ,7,MEDICAMENTOS,1.0,3178.5,3.0
2022-06-30,N009321,NISTATINA CREMA 100.000 UI/GR ,1,MEDICAMENTOS,1.0,3178.5,3.0
2021-07-31,N010142,NITROFURANTOINA TABLETA 100MG,0,MEDICAMENTOS,1.0,15.0,8.0
2021-08-31,N010142,NITROFURANTOINA TABLETA 100MG,2,MEDICAMENTOS,1.0,15.0,8.0
2021-09-30,N010142,NITROFURANTOINA TABLETA 100MG,3,MEDICAMENTOS,1.0,15.0,8.0
2021-10-31,N010142,NITROFURANTOINA TABLETA 100MG,27,MEDICAMENTOS,1.0,15.0,8.0
2021-11-30,N010142,NITROFURANTOINA TABLETA 100MG,0,MEDICAMENTOS,1.0,15.0,8.0
2021-12-31,N010142,NITROFURANTOINA TABLETA 100MG,0,MEDICAMENTOS,1.0,15.0,8.0
2022-01-31,N010142,NITROFURANTOINA TABLETA 100MG,0,MEDICAMENTOS,1.0,15.0,8.0
2022-02-28,N010142,NITROFURANTOINA TABLETA 100MG,0,MEDICAMENTOS,1.0,15.0,8.0
2022-03-31,N010142,NITROFURANTOINA TABLETA 100MG,0,MEDICAMENTOS,1.0,15.0,8.0
2022-04-30,N010142,NITROFURANTOINA TABLETA 100MG,0,MEDICAMENTOS,1.0,15.0,8.0
2022-05-31,N010142,NITROFURANTOINA TABLETA 100MG,0,MEDICAMENTOS,1.0,15.0,8.0
2022-06-30,N010142,NITROFURANTOINA TABLETA 100MG,0,MEDICAMENTOS,1.0,15.0,8.0
2021-07-31,N011701,NITROGLICERINA SOLUCIÓN INYECTABLE 50MG/10ML,1,MEDICAMENTOS,1.0,8842.0,10.0
2021-08-31,N011701,NITROGLICERINA SOLUCIÓN INYECTABLE 50MG/10ML,0,MEDICAMENTOS,1.0,8842.0,10.0
2021-09-30,N011701,NITROGLICERINA SOLUCIÓN INYECTABLE 50MG/10ML,2,MEDICAMENTOS,1.0,8842.0,10.0
2021-10-31,N011701,NITROGLICERINA SOLUCIÓN INYECTABLE 50MG/10ML,0,MEDICAMENTOS,1.0,8842.0,10.0
2021-11-30,N011701,NITROGLICERINA SOLUCIÓN INYECTABLE 50MG/10ML,0,MEDICAMENTOS,1.0,8842.0,10.0
2021-12-31,N011701,NITROGLICERINA SOLUCIÓN INYECTABLE 50MG/10ML,0,MEDICAMENTOS,1.0,8842.0,10.0
2022-01-31,N011701,NITROGLICERINA SOLUCIÓN INYECTABLE 50MG/10ML,0,MEDICAMENTOS,1.0,8842.0,10.0
2022-02-28,N011701,NITROGLICERINA SOLUCIÓN INYECTABLE 50MG/10ML,2,MEDICAMENTOS,1.0,8842.0,10.0
2022-03-31,N011701,NITROGLICERINA SOLUCIÓN INYECTABLE 50MG/10ML,1,MEDICAMENTOS,1.0,8842.0,10.0
2022-04-30,N011701,NITROGLICERINA SOLUCIÓN INYECTABLE 50MG/10ML,1,MEDICAMENTOS,1.0,8842.0,10.0
2022-05-31,N011701,NITROGLICERINA SOLUCIÓN INYECTABLE 50MG/10ML,0,MEDICAMENTOS,1.0,8842.0,10.0
2022-06-30,N011701,NITROGLICERINA SOLUCIÓN INYECTABLE 50MG/10ML,2,MEDICAMENTOS,1.0,8842.0,10.0
2021-07-31,P0000002,"PEGFILGRASTIM SOL. INYECTABLE 6MG/0,6ML",1,MEDICAMENTOS,1.0,889680.0,4.0
2021-08-31,P0000002,"PEGFILGRASTIM SOL. INYECTABLE 6MG/0,6ML",1,MEDICAMENTOS,1.0,889680.0,4.0
2021-09-30,P0000002,"PEGFILGRASTIM SOL. INYECTABLE 6MG/0,6ML",0,MEDICAMENTOS,1.0,889680.0,4.0
2021-10-31,P0000002,"PEGFILGRASTIM SOL. INYECTABLE 6MG/0,6ML",2,MEDICAMENTOS,1.0,889680.0,4.0
2021-11-30,P0000002,"PEGFILGRASTIM SOL. INYECTABLE 6MG/0,6ML",1,MEDICAMENTOS,1.0,889680.0,4.0
2021-12-31,P0000002,"PEGFILGRASTIM SOL. INYECTABLE 6MG/0,6ML",2,MEDICAMENTOS,1.0,889680.0,4.0
2022-01-31,P0000002,"PEGFILGRASTIM SOL. INYECTABLE 6MG/0,6ML",2,MEDICAMENTOS,1.0,889680.0,4.0
2022-02-28,P0000002,"PEGFILGRASTIM SOL. INYECTABLE 6MG/0,6ML",5,MEDICAMENTOS,1.0,889680.0,4.0
2022-03-31,P0000002,"PEGFILGRASTIM SOL. INYECTABLE 6MG/0,6ML",3,MEDICAMENTOS,1.0,889680.0,4.0
2022-04-30,P0000002,"PEGFILGRASTIM SOL. INYECTABLE 6MG/0,6ML",0,MEDICAMENTOS,1.0,889680.0,4.0
2022-05-31,P0000002,"PEGFILGRASTIM SOL. INYECTABLE 6MG/0,6ML",4,MEDICAMENTOS,1.0,889680.0,4.0
2022-06-30,P0000002,"PEGFILGRASTIM SOL. INYECTABLE 6MG/0,6ML",1,MEDICAMENTOS,1.0,889680.0,4.0
2021-07-31,P0000003,PENTOXIFILINA TABLETA 400MG,0,MEDICAMENTOS,1.0,336.0,20.0
2021-08-31,P0000003,PENTOXIFILINA TABLETA 400MG,0,MEDICAMENTOS,1.0,336.0,20.0
2021-09-30,P0000003,PENTOXIFILINA TABLETA 400MG,0,MEDICAMENTOS,1.0,336.0,20.0
2021-10-31,P0000003,PENTOXIFILINA TABLETA 400MG,0,MEDICAMENTOS,1.0,336.0,20.0
2021-11-30,P0000003,PENTOXIFILINA TABLETA 400MG,13,MEDICAMENTOS,1.0,336.0,20.0
2021-12-31,P0000003,PENTOXIFILINA TABLETA 400MG,14,MEDICAMENTOS,1.0,336.0,20.0
2022-01-31,P0000003,PENTOXIFILINA TABLETA 400MG,0,MEDICAMENTOS,1.0,336.0,20.0
2022-02-28,P0000003,PENTOXIFILINA TABLETA 400MG,0,MEDICAMENTOS,1.0,336.0,20.0
2022-03-31,P0000003,PENTOXIFILINA TABLETA 400MG,0,MEDICAMENTOS,1.0,336.0,20.0
2022-04-30,P0000003,PENTOXIFILINA TABLETA 400MG,2,MEDICAMENTOS,1.0,336.0,20.0
2022-05-31,P0000003,PENTOXIFILINA TABLETA 400MG,0,MEDICAMENTOS,1.0,336.0,20.0
2022-06-30,P0000003,PENTOXIFILINA TABLETA 400MG,0,MEDICAMENTOS,1.0,336.0,20.0
2021-07-31,P0000013,PREGABALINA CÁPSULA 150MG,76,MEDICAMENTOS,1.0,285.0,39.0
2021-08-31,P0000013,PREGABALINA CÁPSULA 150MG,12,MEDICAMENTOS,1.0,285.0,39.0
2021-09-30,P0000013,PREGABALINA CÁPSULA 150MG,14,MEDICAMENTOS,1.0,285.0,39.0
2021-10-31,P0000013,PREGABALINA CÁPSULA 150MG,36,MEDICAMENTOS,1.0,285.0,39.0
2021-11-30,P0000013,PREGABALINA CÁPSULA 150MG,28,MEDICAMENTOS,1.0,285.0,39.0
2021-12-31,P0000013,PREGABALINA CÁPSULA 150MG,22,MEDICAMENTOS,1.0,285.0,39.0
2022-01-31,P0000013,PREGABALINA CÁPSULA 150MG,29,MEDICAMENTOS,1.0,285.0,39.0
2022-02-28,P0000013,PREGABALINA CÁPSULA 150MG,0,MEDICAMENTOS,1.0,285.0,39.0
2022-03-31,P0000013,PREGABALINA CÁPSULA 150MG,2,MEDICAMENTOS,1.0,285.0,39.0
2022-04-30,P0000013,PREGABALINA CÁPSULA 150MG,19,MEDICAMENTOS,1.0,285.0,39.0
2022-05-31,P0000013,PREGABALINA CÁPSULA 150MG,0,MEDICAMENTOS,1.0,285.0,39.0
2022-06-30,P0000013,PREGABALINA CÁPSULA 150MG,15,MEDICAMENTOS,1.0,285.0,39.0
2021-07-31,P0000020,PRALIDOXIMA POLVO LIOFILIZADO 200MG,0,MEDICAMENTOS,1.0,304498.0,10.0
2021-08-31,P0000020,PRALIDOXIMA POLVO LIOFILIZADO 200MG,0,MEDICAMENTOS,1.0,304498.0,10.0
2021-09-30,P0000020,PRALIDOXIMA POLVO LIOFILIZADO 200MG,0,MEDICAMENTOS,1.0,304498.0,10.0
2021-10-31,P0000020,PRALIDOXIMA POLVO LIOFILIZADO 200MG,0,MEDICAMENTOS,1.0,304498.0,10.0
2021-11-30,P0000020,PRALIDOXIMA POLVO LIOFILIZADO 200MG,0,MEDICAMENTOS,1.0,304498.0,10.0
2021-12-31,P0000020,PRALIDOXIMA POLVO LIOFILIZADO 200MG,0,MEDICAMENTOS,1.0,304498.0,10.0
2022-01-31,P0000020,PRALIDOXIMA POLVO LIOFILIZADO 200MG,0,MEDICAMENTOS,1.0,304498.0,10.0
2022-02-28,P0000020,PRALIDOXIMA POLVO LIOFILIZADO 200MG,0,MEDICAMENTOS,1.0,304498.0,10.0
2022-03-31,P0000020,PRALIDOXIMA POLVO LIOFILIZADO 200MG,0,MEDICAMENTOS,1.0,304498.0,10.0
2022-04-30,P0000020,PRALIDOXIMA POLVO LIOFILIZADO 200MG,0,MEDICAMENTOS,1.0,304498.0,10.0
2022-05-31,P0000020,PRALIDOXIMA POLVO LIOFILIZADO 200MG,0,MEDICAMENTOS,1.0,304498.0,10.0
2022-06-30,P0000020,PRALIDOXIMA POLVO LIOFILIZADO 200MG,70,MEDICAMENTOS,1.0,304498.0,10.0
2021-07-31,P0000025,POLIMIXINA B SOLUCIÓN INYECTABLE 500000UI,0,MEDICAMENTOS,1.0,31241.0,21.0
2021-08-31,P0000025,POLIMIXINA B SOLUCIÓN INYECTABLE 500000UI,13,MEDICAMENTOS,1.0,31241.0,21.0
2021-09-30,P0000025,POLIMIXINA B SOLUCIÓN INYECTABLE 500000UI,0,MEDICAMENTOS,1.0,31241.0,21.0
2021-10-31,P0000025,POLIMIXINA B SOLUCIÓN INYECTABLE 500000UI,7,MEDICAMENTOS,1.0,31241.0,21.0
2021-11-30,P0000025,POLIMIXINA B SOLUCIÓN INYECTABLE 500000UI,4,MEDICAMENTOS,1.0,31241.0,21.0
2021-12-31,P0000025,POLIMIXINA B SOLUCIÓN INYECTABLE 500000UI,45,MEDICAMENTOS,1.0,31241.0,21.0
2022-01-31,P0000025,POLIMIXINA B SOLUCIÓN INYECTABLE 500000UI,2,MEDICAMENTOS,1.0,31241.0,21.0
2022-02-28,P0000025,POLIMIXINA B SOLUCIÓN INYECTABLE 500000UI,0,MEDICAMENTOS,1.0,31241.0,21.0
2022-03-31,P0000025,POLIMIXINA B SOLUCIÓN INYECTABLE 500000UI,19,MEDICAMENTOS,1.0,31241.0,21.0
2022-04-30,P0000025,POLIMIXINA B SOLUCIÓN INYECTABLE 500000UI,39,MEDICAMENTOS,1.0,31241.0,21.0
2022-05-31,P0000025,POLIMIXINA B SOLUCIÓN INYECTABLE 500000UI,93,MEDICAMENTOS,1.0,31241.0,21.0
2022-06-30,P0000025,POLIMIXINA B SOLUCIÓN INYECTABLE 500000UI,37,MEDICAMENTOS,1.0,31241.0,21.0
2021-07-31,P001701,PANCURONIO SOL. INYECTABLE 4MG/2ML,1,MEDICAMENTOS,1.0,,
2021-08-31,P001701,PANCURONIO SOL. INYECTABLE 4MG/2ML,0,MEDICAMENTOS,1.0,,
2021-09-30,P001701,PANCURONIO SOL. INYECTABLE 4MG/2ML,1,MEDICAMENTOS,1.0,,
2021-10-31,P001701,PANCURONIO SOL. INYECTABLE 4MG/2ML,0,MEDICAMENTOS,1.0,,
2021-11-30,P001701,PANCURONIO SOL. INYECTABLE 4MG/2ML,3,MEDICAMENTOS,1.0,,
2021-12-31,P001701,PANCURONIO SOL. INYECTABLE 4MG/2ML,0,MEDICAMENTOS,1.0,,
2022-01-31,P001701,PANCURONIO SOL. INYECTABLE 4MG/2ML,0,MEDICAMENTOS,1.0,,
2022-02-28,P001701,PANCURONIO SOL. INYECTABLE 4MG/2ML,0,MEDICAMENTOS,1.0,,
2022-03-31,P001701,PANCURONIO SOL. INYECTABLE 4MG/2ML,0,MEDICAMENTOS,1.0,,
2022-04-30,P001701,PANCURONIO SOL. INYECTABLE 4MG/2ML,1,MEDICAMENTOS,1.0,,
2022-05-31,P001701,PANCURONIO SOL. INYECTABLE 4MG/2ML,1,MEDICAMENTOS,1.0,,
2022-06-30,P001701,PANCURONIO SOL. INYECTABLE 4MG/2ML,0,MEDICAMENTOS,1.0,,
2021-07-31,P005721,PENICILINA G BENZATINICA POLVO LIOFILIZADO 1200000UI,0,MEDICAMENTOS,1.0,1203.0,25.0
2021-08-31,P005721,PENICILINA G BENZATINICA POLVO LIOFILIZADO 1200000UI,0,MEDICAMENTOS,1.0,1203.0,25.0
2021-09-30,P005721,PENICILINA G BENZATINICA POLVO LIOFILIZADO 1200000UI,0,MEDICAMENTOS,1.0,1203.0,25.0
2021-10-31,P005721,PENICILINA G BENZATINICA POLVO LIOFILIZADO 1200000UI,0,MEDICAMENTOS,1.0,1203.0,25.0
2021-11-30,P005721,PENICILINA G BENZATINICA POLVO LIOFILIZADO 1200000UI,0,MEDICAMENTOS,1.0,1203.0,25.0
2021-12-31,P005721,PENICILINA G BENZATINICA POLVO LIOFILIZADO 1200000UI,0,MEDICAMENTOS,1.0,1203.0,25.0
2022-01-31,P005721,PENICILINA G BENZATINICA POLVO LIOFILIZADO 1200000UI,0,MEDICAMENTOS,1.0,1203.0,25.0
2022-02-28,P005721,PENICILINA G BENZATINICA POLVO LIOFILIZADO 1200000UI,0,MEDICAMENTOS,1.0,1203.0,25.0
2022-03-31,P005721,PENICILINA G BENZATINICA POLVO LIOFILIZADO 1200000UI,1,MEDICAMENTOS,1.0,1203.0,25.0
2022-04-30,P005721,PENICILINA G BENZATINICA POLVO LIOFILIZADO 1200000UI,1,MEDICAMENTOS,1.0,1203.0,25.0
2022-05-31,P005721,PENICILINA G BENZATINICA POLVO LIOFILIZADO 1200000UI,0,MEDICAMENTOS,1.0,1203.0,25.0
2022-06-30,P005721,PENICILINA G BENZATINICA POLVO LIOFILIZADO 1200000UI,0,MEDICAMENTOS,1.0,1203.0,25.0
2021-07-31,P005722,PENICILINA G BENZATINICA POLVO LIOFILIZADO 2400000UI,13,MEDICAMENTOS,1.0,1695.0,13.0
2021-08-31,P005722,PENICILINA G BENZATINICA POLVO LIOFILIZADO 2400000UI,0,MEDICAMENTOS,1.0,1695.0,13.0
2021-09-30,P005722,PENICILINA G BENZATINICA POLVO LIOFILIZADO 2400000UI,1,MEDICAMENTOS,1.0,1695.0,13.0
2021-10-31,P005722,PENICILINA G BENZATINICA POLVO LIOFILIZADO 2400000UI,5,MEDICAMENTOS,1.0,1695.0,13.0
2021-11-30,P005722,PENICILINA G BENZATINICA POLVO LIOFILIZADO 2400000UI,1,MEDICAMENTOS,1.0,1695.0,13.0
2021-12-31,P005722,PENICILINA G BENZATINICA POLVO LIOFILIZADO 2400000UI,0,MEDICAMENTOS,1.0,1695.0,13.0
2022-01-31,P005722,PENICILINA G BENZATINICA POLVO LIOFILIZADO 2400000UI,2,MEDICAMENTOS,1.0,1695.0,13.0
2022-02-28,P005722,PENICILINA G BENZATINICA POLVO LIOFILIZADO 2400000UI,0,MEDICAMENTOS,1.0,1695.0,13.0
2022-03-31,P005722,PENICILINA G BENZATINICA POLVO LIOFILIZADO 2400000UI,0,MEDICAMENTOS,1.0,1695.0,13.0
2022-04-30,P005722,PENICILINA G BENZATINICA POLVO LIOFILIZADO 2400000UI,5,MEDICAMENTOS,1.0,1695.0,13.0
2022-05-31,P005722,PENICILINA G BENZATINICA POLVO LIOFILIZADO 2400000UI,9,MEDICAMENTOS,1.0,1695.0,13.0
2022-06-30,P005722,PENICILINA G BENZATINICA POLVO LIOFILIZADO 2400000UI,2,MEDICAMENTOS,1.0,1695.0,13.0
2021-07-31,P007721,PENICILINA G CRISTALINA POLVO LIOFILIZADO 1000000UI,387,MEDICAMENTOS,1.0,1073.0,196.0
2021-08-31,P007721,PENICILINA G CRISTALINA POLVO LIOFILIZADO 1000000UI,222,MEDICAMENTOS,1.0,1073.0,196.0
2021-09-30,P007721,PENICILINA G CRISTALINA POLVO LIOFILIZADO 1000000UI,100,MEDICAMENTOS,1.0,1073.0,196.0
2021-10-31,P007721,PENICILINA G CRISTALINA POLVO LIOFILIZADO 1000000UI,243,MEDICAMENTOS,1.0,1073.0,196.0
2021-11-30,P007721,PENICILINA G CRISTALINA POLVO LIOFILIZADO 1000000UI,344,MEDICAMENTOS,1.0,1073.0,196.0
2021-12-31,P007721,PENICILINA G CRISTALINA POLVO LIOFILIZADO 1000000UI,269,MEDICAMENTOS,1.0,1073.0,196.0
2022-01-31,P007721,PENICILINA G CRISTALINA POLVO LIOFILIZADO 1000000UI,20,MEDICAMENTOS,1.0,1073.0,196.0
2022-02-28,P007721,PENICILINA G CRISTALINA POLVO LIOFILIZADO 1000000UI,9,MEDICAMENTOS,1.0,1073.0,196.0
2022-03-31,P007721,PENICILINA G CRISTALINA POLVO LIOFILIZADO 1000000UI,23,MEDICAMENTOS,1.0,1073.0,196.0
2022-04-30,P007721,PENICILINA G CRISTALINA POLVO LIOFILIZADO 1000000UI,130,MEDICAMENTOS,1.0,1073.0,196.0
2022-05-31,P007721,PENICILINA G CRISTALINA POLVO LIOFILIZADO 1000000UI,352,MEDICAMENTOS,1.0,1073.0,196.0
2022-06-30,P007721,PENICILINA G CRISTALINA POLVO LIOFILIZADO 1000000UI,822,MEDICAMENTOS,1.0,1073.0,196.0
2021-07-31,P012141,PIRANTEL PAMOATO TABLETA 250MG,0,MEDICAMENTOS,1.0,265.0,5.0
2021-08-31,P012141,PIRANTEL PAMOATO TABLETA 250MG,0,MEDICAMENTOS,1.0,265.0,5.0
2021-09-30,P012141,PIRANTEL PAMOATO TABLETA 250MG,0,MEDICAMENTOS,1.0,265.0,5.0
2021-10-31,P012141,PIRANTEL PAMOATO TABLETA 250MG,0,MEDICAMENTOS,1.0,265.0,5.0
2021-11-30,P012141,PIRANTEL PAMOATO TABLETA 250MG,0,MEDICAMENTOS,1.0,265.0,5.0
2021-12-31,P012141,PIRANTEL PAMOATO TABLETA 250MG,0,MEDICAMENTOS,1.0,265.0,5.0
2022-01-31,P012141,PIRANTEL PAMOATO TABLETA 250MG,7,MEDICAMENTOS,1.0,265.0,5.0
2022-02-28,P012141,PIRANTEL PAMOATO TABLETA 250MG,0,MEDICAMENTOS,1.0,265.0,5.0
2022-03-31,P012141,PIRANTEL PAMOATO TABLETA 250MG,0,MEDICAMENTOS,1.0,265.0,5.0
2022-04-30,P012141,PIRANTEL PAMOATO TABLETA 250MG,0,MEDICAMENTOS,1.0,265.0,5.0
2022-05-31,P012141,PIRANTEL PAMOATO TABLETA 250MG,0,MEDICAMENTOS,1.0,265.0,5.0
2022-06-30,P012141,PIRANTEL PAMOATO TABLETA 250MG,0,MEDICAMENTOS,1.0,265.0,5.0
2021-07-31,P012231,PIRANTEL PAMOATO SUSPENSIÓN ORAL 250MG/5ML (750MG/15ML),0,MEDICAMENTOS,1.0,,
2021-08-31,P012231,PIRANTEL PAMOATO SUSPENSIÓN ORAL 250MG/5ML (750MG/15ML),0,MEDICAMENTOS,1.0,,
2021-09-30,P012231,PIRANTEL PAMOATO SUSPENSIÓN ORAL 250MG/5ML (750MG/15ML),0,MEDICAMENTOS,1.0,,
2021-10-31,P012231,PIRANTEL PAMOATO SUSPENSIÓN ORAL 250MG/5ML (750MG/15ML),0,MEDICAMENTOS,1.0,,
2021-11-30,P012231,PIRANTEL PAMOATO SUSPENSIÓN ORAL 250MG/5ML (750MG/15ML),0,MEDICAMENTOS,1.0,,
2021-12-31,P012231,PIRANTEL PAMOATO SUSPENSIÓN ORAL 250MG/5ML (750MG/15ML),1,MEDICAMENTOS,1.0,,
2022-01-31,P012231,PIRANTEL PAMOATO SUSPENSIÓN ORAL 250MG/5ML (750MG/15ML),0,MEDICAMENTOS,1.0,,
2022-02-28,P012231,PIRANTEL PAMOATO SUSPENSIÓN ORAL 250MG/5ML (750MG/15ML),0,MEDICAMENTOS,1.0,,
2022-03-31,P012231,PIRANTEL PAMOATO SUSPENSIÓN ORAL 250MG/5ML (750MG/15ML),0,MEDICAMENTOS,1.0,,
2022-04-30,P012231,PIRANTEL PAMOATO SUSPENSIÓN ORAL 250MG/5ML (750MG/15ML),1,MEDICAMENTOS,1.0,,
2022-05-31,P012231,PIRANTEL PAMOATO SUSPENSIÓN ORAL 250MG/5ML (750MG/15ML),0,MEDICAMENTOS,1.0,,
2022-06-30,P012231,PIRANTEL PAMOATO SUSPENSIÓN ORAL 250MG/5ML (750MG/15ML),0,MEDICAMENTOS,1.0,,
2021-07-31,P022701,POTASIO CLORURO 20MEQ/10ML SOL. INYECTABLE,2023,MEDICAMENTOS,1.0,234.0,460.0
2021-08-31,P022701,POTASIO CLORURO 20MEQ/10ML SOL. INYECTABLE,1694,MEDICAMENTOS,1.0,234.0,460.0
2021-09-30,P022701,POTASIO CLORURO 20MEQ/10ML SOL. INYECTABLE,1689,MEDICAMENTOS,1.0,234.0,460.0
2021-10-31,P022701,POTASIO CLORURO 20MEQ/10ML SOL. INYECTABLE,1707,MEDICAMENTOS,1.0,234.0,460.0
2021-11-30,P022701,POTASIO CLORURO 20MEQ/10ML SOL. INYECTABLE,1844,MEDICAMENTOS,1.0,234.0,460.0
2021-12-31,P022701,POTASIO CLORURO 20MEQ/10ML SOL. INYECTABLE,2038,MEDICAMENTOS,1.0,234.0,460.0
2022-01-31,P022701,POTASIO CLORURO 20MEQ/10ML SOL. INYECTABLE,2478,MEDICAMENTOS,1.0,234.0,460.0
2022-02-28,P022701,POTASIO CLORURO 20MEQ/10ML SOL. INYECTABLE,1897,MEDICAMENTOS,1.0,234.0,460.0
2022-03-31,P022701,POTASIO CLORURO 20MEQ/10ML SOL. INYECTABLE,2620,MEDICAMENTOS,1.0,234.0,460.0
2022-04-30,P022701,POTASIO CLORURO 20MEQ/10ML SOL. INYECTABLE,1786,MEDICAMENTOS,1.0,234.0,460.0
2022-05-31,P022701,POTASIO CLORURO 20MEQ/10ML SOL. INYECTABLE,2133,MEDICAMENTOS,1.0,234.0,460.0
2022-06-30,P022701,POTASIO CLORURO 20MEQ/10ML SOL. INYECTABLE,1759,MEDICAMENTOS,1.0,234.0,460.0
2021-07-31,P026011,PRAZOSINA TABLETA 1MG,706,MEDICAMENTOS,1.0,17.5,355.0
2021-08-31,P026011,PRAZOSINA TABLETA 1MG,655,MEDICAMENTOS,1.0,17.5,355.0
2021-09-30,P026011,PRAZOSINA TABLETA 1MG,555,MEDICAMENTOS,1.0,17.5,355.0
2021-10-31,P026011,PRAZOSINA TABLETA 1MG,475,MEDICAMENTOS,1.0,17.5,355.0
2021-11-30,P026011,PRAZOSINA TABLETA 1MG,741,MEDICAMENTOS,1.0,17.5,355.0
2021-12-31,P026011,PRAZOSINA TABLETA 1MG,736,MEDICAMENTOS,1.0,17.5,355.0
2022-01-31,P026011,PRAZOSINA TABLETA 1MG,1001,MEDICAMENTOS,1.0,17.5,355.0
2022-02-28,P026011,PRAZOSINA TABLETA 1MG,927,MEDICAMENTOS,1.0,17.5,355.0
2022-03-31,P026011,PRAZOSINA TABLETA 1MG,1135,MEDICAMENTOS,1.0,17.5,355.0
2022-04-30,P026011,PRAZOSINA TABLETA 1MG,696,MEDICAMENTOS,1.0,17.5,355.0
2022-05-31,P026011,PRAZOSINA TABLETA 1MG,1139,MEDICAMENTOS,1.0,17.5,355.0
2022-06-30,P026011,PRAZOSINA TABLETA 1MG,1294,MEDICAMENTOS,1.0,17.5,355.0
2021-07-31,P027011,PREDNISOLONA TABLETA 5MG,851,MEDICAMENTOS,1.0,23.0,191.0
2021-08-31,P027011,PREDNISOLONA TABLETA 5MG,577,MEDICAMENTOS,1.0,23.0,191.0
2021-09-30,P027011,PREDNISOLONA TABLETA 5MG,869,MEDICAMENTOS,1.0,23.0,191.0
2021-10-31,P027011,PREDNISOLONA TABLETA 5MG,752,MEDICAMENTOS,1.0,23.0,191.0
2021-11-30,P027011,PREDNISOLONA TABLETA 5MG,844,MEDICAMENTOS,1.0,23.0,191.0
2021-12-31,P027011,PREDNISOLONA TABLETA 5MG,751,MEDICAMENTOS,1.0,23.0,191.0
2022-01-31,P027011,PREDNISOLONA TABLETA 5MG,576,MEDICAMENTOS,1.0,23.0,191.0
2022-02-28,P027011,PREDNISOLONA TABLETA 5MG,474,MEDICAMENTOS,1.0,23.0,191.0
2022-03-31,P027011,PREDNISOLONA TABLETA 5MG,578,MEDICAMENTOS,1.0,23.0,191.0
2022-04-30,P027011,PREDNISOLONA TABLETA 5MG,702,MEDICAMENTOS,1.0,23.0,191.0
2022-05-31,P027011,PREDNISOLONA TABLETA 5MG,441,MEDICAMENTOS,1.0,23.0,191.0
2022-06-30,P027011,PREDNISOLONA TABLETA 5MG,300,MEDICAMENTOS,1.0,23.0,191.0
2021-07-31,P035011,PROPRANOLOL TABLETA 40MG,64,MEDICAMENTOS,1.0,,
2021-08-31,P035011,PROPRANOLOL TABLETA 40MG,80,MEDICAMENTOS,1.0,,
2021-09-30,P035011,PROPRANOLOL TABLETA 40MG,148,MEDICAMENTOS,1.0,,
2021-10-31,P035011,PROPRANOLOL TABLETA 40MG,198,MEDICAMENTOS,1.0,,
2021-11-30,P035011,PROPRANOLOL TABLETA 40MG,257,MEDICAMENTOS,1.0,,
2021-12-31,P035011,PROPRANOLOL TABLETA 40MG,71,MEDICAMENTOS,1.0,,
2022-01-31,P035011,PROPRANOLOL TABLETA 40MG,88,MEDICAMENTOS,1.0,,
2022-02-28,P035011,PROPRANOLOL TABLETA 40MG,67,MEDICAMENTOS,1.0,,
2022-03-31,P035011,PROPRANOLOL TABLETA 40MG,141,MEDICAMENTOS,1.0,,
2022-04-30,P035011,PROPRANOLOL TABLETA 40MG,114,MEDICAMENTOS,1.0,,
2022-05-31,P035011,PROPRANOLOL TABLETA 40MG,85,MEDICAMENTOS,1.0,,
2022-06-30,P035011,PROPRANOLOL TABLETA 40MG,144,MEDICAMENTOS,1.0,,
2021-07-31,P036701,PROTAMINA SOLUCIÓN INYECTABLE 5000UI,1,MEDICAMENTOS,1.0,13875.0,3.0
2021-08-31,P036701,PROTAMINA SOLUCIÓN INYECTABLE 5000UI,0,MEDICAMENTOS,1.0,13875.0,3.0
2021-09-30,P036701,PROTAMINA SOLUCIÓN INYECTABLE 5000UI,0,MEDICAMENTOS,1.0,13875.0,3.0
2021-10-31,P036701,PROTAMINA SOLUCIÓN INYECTABLE 5000UI,0,MEDICAMENTOS,1.0,13875.0,3.0
2021-11-30,P036701,PROTAMINA SOLUCIÓN INYECTABLE 5000UI,1,MEDICAMENTOS,1.0,13875.0,3.0
2021-12-31,P036701,PROTAMINA SOLUCIÓN INYECTABLE 5000UI,0,MEDICAMENTOS,1.0,13875.0,3.0
2022-01-31,P036701,PROTAMINA SOLUCIÓN INYECTABLE 5000UI,1,MEDICAMENTOS,1.0,13875.0,3.0
2022-02-28,P036701,PROTAMINA SOLUCIÓN INYECTABLE 5000UI,1,MEDICAMENTOS,1.0,13875.0,3.0
2022-03-31,P036701,PROTAMINA SOLUCIÓN INYECTABLE 5000UI,1,MEDICAMENTOS,1.0,13875.0,3.0
2022-04-30,P036701,PROTAMINA SOLUCIÓN INYECTABLE 5000UI,2,MEDICAMENTOS,1.0,13875.0,3.0
2022-05-31,P036701,PROTAMINA SOLUCIÓN INYECTABLE 5000UI,0,MEDICAMENTOS,1.0,13875.0,3.0
2022-06-30,P036701,PROTAMINA SOLUCIÓN INYECTABLE 5000UI,1,MEDICAMENTOS,1.0,13875.0,3.0
2021-07-31,P039701,"POTASIO FOSFATO DIBASICO/MONOBASICO SOLUCIÓN INYECTABLE 3,8MEQ/2,6MM/1ML (38MEQ",64,MEDICAMENTOS,1.0,4092.0,58.0
2021-08-31,P039701,"POTASIO FOSFATO DIBASICO/MONOBASICO SOLUCIÓN INYECTABLE 3,8MEQ/2,6MM/1ML (38MEQ",29,MEDICAMENTOS,1.0,4092.0,58.0
2021-09-30,P039701,"POTASIO FOSFATO DIBASICO/MONOBASICO SOLUCIÓN INYECTABLE 3,8MEQ/2,6MM/1ML (38MEQ",44,MEDICAMENTOS,1.0,4092.0,58.0
2021-10-31,P039701,"POTASIO FOSFATO DIBASICO/MONOBASICO SOLUCIÓN INYECTABLE 3,8MEQ/2,6MM/1ML (38MEQ",36,MEDICAMENTOS,1.0,4092.0,58.0
2021-11-30,P039701,"POTASIO FOSFATO DIBASICO/MONOBASICO SOLUCIÓN INYECTABLE 3,8MEQ/2,6MM/1ML (38MEQ",30,MEDICAMENTOS,1.0,4092.0,58.0
2021-12-31,P039701,"POTASIO FOSFATO DIBASICO/MONOBASICO SOLUCIÓN INYECTABLE 3,8MEQ/2,6MM/1ML (38MEQ",37,MEDICAMENTOS,1.0,4092.0,58.0
2022-01-31,P039701,"POTASIO FOSFATO DIBASICO/MONOBASICO SOLUCIÓN INYECTABLE 3,8MEQ/2,6MM/1ML (38MEQ",68,MEDICAMENTOS,1.0,4092.0,58.0
2022-02-28,P039701,"POTASIO FOSFATO DIBASICO/MONOBASICO SOLUCIÓN INYECTABLE 3,8MEQ/2,6MM/1ML (38MEQ",44,MEDICAMENTOS,1.0,4092.0,58.0
2022-03-31,P039701,"POTASIO FOSFATO DIBASICO/MONOBASICO SOLUCIÓN INYECTABLE 3,8MEQ/2,6MM/1ML (38MEQ",81,MEDICAMENTOS,1.0,4092.0,58.0
2022-04-30,P039701,"POTASIO FOSFATO DIBASICO/MONOBASICO SOLUCIÓN INYECTABLE 3,8MEQ/2,6MM/1ML (38MEQ",52,MEDICAMENTOS,1.0,4092.0,58.0
2022-05-31,P039701,"POTASIO FOSFATO DIBASICO/MONOBASICO SOLUCIÓN INYECTABLE 3,8MEQ/2,6MM/1ML (38MEQ",23,MEDICAMENTOS,1.0,4092.0,58.0
2022-06-30,P039701,"POTASIO FOSFATO DIBASICO/MONOBASICO SOLUCIÓN INYECTABLE 3,8MEQ/2,6MM/1ML (38MEQ",29,MEDICAMENTOS,1.0,4092.0,58.0
2021-07-31,R0000009,ROCIVERINA SOLUCIÓN INYECTABLE 20MG/2ML,38,MEDICAMENTOS,1.0,5602.0,9.0
2021-08-31,R0000009,ROCIVERINA SOLUCIÓN INYECTABLE 20MG/2ML,0,MEDICAMENTOS,1.0,5602.0,9.0
2021-09-30,R0000009,ROCIVERINA SOLUCIÓN INYECTABLE 20MG/2ML,2,MEDICAMENTOS,1.0,5602.0,9.0
2021-10-31,R0000009,ROCIVERINA SOLUCIÓN INYECTABLE 20MG/2ML,0,MEDICAMENTOS,1.0,5602.0,9.0
2021-11-30,R0000009,ROCIVERINA SOLUCIÓN INYECTABLE 20MG/2ML,0,MEDICAMENTOS,1.0,5602.0,9.0
2021-12-31,R0000009,ROCIVERINA SOLUCIÓN INYECTABLE 20MG/2ML,0,MEDICAMENTOS,1.0,5602.0,9.0
2022-01-31,R0000009,ROCIVERINA SOLUCIÓN INYECTABLE 20MG/2ML,42,MEDICAMENTOS,1.0,5602.0,9.0
2022-02-28,R0000009,ROCIVERINA SOLUCIÓN INYECTABLE 20MG/2ML,6,MEDICAMENTOS,1.0,5602.0,9.0
2022-03-31,R0000009,ROCIVERINA SOLUCIÓN INYECTABLE 20MG/2ML,0,MEDICAMENTOS,1.0,5602.0,9.0
2022-04-30,R0000009,ROCIVERINA SOLUCIÓN INYECTABLE 20MG/2ML,0,MEDICAMENTOS,1.0,5602.0,9.0
2022-05-31,R0000009,ROCIVERINA SOLUCIÓN INYECTABLE 20MG/2ML,0,MEDICAMENTOS,1.0,5602.0,9.0
2022-06-30,R0000009,ROCIVERINA SOLUCIÓN INYECTABLE 20MG/2ML,0,MEDICAMENTOS,1.0,5602.0,9.0
2021-07-31,R0000014,ROSUVASTATINA TABLETA 20MG,7,MEDICAMENTOS,1.0,101.0,24.0
2021-08-31,R0000014,ROSUVASTATINA TABLETA 20MG,5,MEDICAMENTOS,1.0,101.0,24.0
2021-09-30,R0000014,ROSUVASTATINA TABLETA 20MG,27,MEDICAMENTOS,1.0,101.0,24.0
2021-10-31,R0000014,ROSUVASTATINA TABLETA 20MG,0,MEDICAMENTOS,1.0,101.0,24.0
2021-11-30,R0000014,ROSUVASTATINA TABLETA 20MG,11,MEDICAMENTOS,1.0,101.0,24.0
2021-12-31,R0000014,ROSUVASTATINA TABLETA 20MG,14,MEDICAMENTOS,1.0,101.0,24.0
2022-01-31,R0000014,ROSUVASTATINA TABLETA 20MG,19,MEDICAMENTOS,1.0,101.0,24.0
2022-02-28,R0000014,ROSUVASTATINA TABLETA 20MG,2,MEDICAMENTOS,1.0,101.0,24.0
2022-03-31,R0000014,ROSUVASTATINA TABLETA 20MG,31,MEDICAMENTOS,1.0,101.0,24.0
2022-04-30,R0000014,ROSUVASTATINA TABLETA 20MG,19,MEDICAMENTOS,1.0,101.0,24.0
2022-05-31,R0000014,ROSUVASTATINA TABLETA 20MG,0,MEDICAMENTOS,1.0,101.0,24.0
2022-06-30,R0000014,ROSUVASTATINA TABLETA 20MG,0,MEDICAMENTOS,1.0,101.0,24.0
2021-07-31,R001011,RANITIDINA TABLETA 150MG,522,MEDICAMENTOS,1.0,36.5,443.0
2021-08-31,R001011,RANITIDINA TABLETA 150MG,775,MEDICAMENTOS,1.0,36.5,443.0
2021-09-30,R001011,RANITIDINA TABLETA 150MG,856,MEDICAMENTOS,1.0,36.5,443.0
2021-10-31,R001011,RANITIDINA TABLETA 150MG,809,MEDICAMENTOS,1.0,36.5,443.0
2021-11-30,R001011,RANITIDINA TABLETA 150MG,589,MEDICAMENTOS,1.0,36.5,443.0
2021-12-31,R001011,RANITIDINA TABLETA 150MG,558,MEDICAMENTOS,1.0,36.5,443.0
2022-01-31,R001011,RANITIDINA TABLETA 150MG,513,MEDICAMENTOS,1.0,36.5,443.0
2022-02-28,R001011,RANITIDINA TABLETA 150MG,532,MEDICAMENTOS,1.0,36.5,443.0
2022-03-31,R001011,RANITIDINA TABLETA 150MG,699,MEDICAMENTOS,1.0,36.5,443.0
2022-04-30,R001011,RANITIDINA TABLETA 150MG,331,MEDICAMENTOS,1.0,36.5,443.0
2022-05-31,R001011,RANITIDINA TABLETA 150MG,366,MEDICAMENTOS,1.0,36.5,443.0
2022-06-30,R001011,RANITIDINA TABLETA 150MG,279,MEDICAMENTOS,1.0,36.5,443.0
2021-07-31,R001701,RANITIDINA SOL. INYECTABLE 50MG/2ML,2175,MEDICAMENTOS,1.0,232.0,378.0
2021-08-31,R001701,RANITIDINA SOL. INYECTABLE 50MG/2ML,1951,MEDICAMENTOS,1.0,232.0,378.0
2021-09-30,R001701,RANITIDINA SOL. INYECTABLE 50MG/2ML,1546,MEDICAMENTOS,1.0,232.0,378.0
2021-10-31,R001701,RANITIDINA SOL. INYECTABLE 50MG/2ML,1769,MEDICAMENTOS,1.0,232.0,378.0
2021-11-30,R001701,RANITIDINA SOL. INYECTABLE 50MG/2ML,1634,MEDICAMENTOS,1.0,232.0,378.0
2021-12-31,R001701,RANITIDINA SOL. INYECTABLE 50MG/2ML,2081,MEDICAMENTOS,1.0,232.0,378.0
2022-01-31,R001701,RANITIDINA SOL. INYECTABLE 50MG/2ML,1923,MEDICAMENTOS,1.0,232.0,378.0
2022-02-28,R001701,RANITIDINA SOL. INYECTABLE 50MG/2ML,1759,MEDICAMENTOS,1.0,232.0,378.0
2022-03-31,R001701,RANITIDINA SOL. INYECTABLE 50MG/2ML,1500,MEDICAMENTOS,1.0,232.0,378.0
2022-04-30,R001701,RANITIDINA SOL. INYECTABLE 50MG/2ML,1597,MEDICAMENTOS,1.0,232.0,378.0
2022-05-31,R001701,RANITIDINA SOL. INYECTABLE 50MG/2ML,1268,MEDICAMENTOS,1.0,232.0,378.0
2022-06-30,R001701,RANITIDINA SOL. INYECTABLE 50MG/2ML,1342,MEDICAMENTOS,1.0,232.0,378.0
2021-07-31,R002251,POLIESTIRENO SULFONATO CÁLCICO POLVO PARA SUSPENSIÓN ORAL 15G,70,MEDICAMENTOS,1.0,3009.5,42.0
2021-08-31,R002251,POLIESTIRENO SULFONATO CÁLCICO POLVO PARA SUSPENSIÓN ORAL 15G,97,MEDICAMENTOS,1.0,3009.5,42.0
2021-09-30,R002251,POLIESTIRENO SULFONATO CÁLCICO POLVO PARA SUSPENSIÓN ORAL 15G,215,MEDICAMENTOS,1.0,3009.5,42.0
2021-10-31,R002251,POLIESTIRENO SULFONATO CÁLCICO POLVO PARA SUSPENSIÓN ORAL 15G,80,MEDICAMENTOS,1.0,3009.5,42.0
2021-11-30,R002251,POLIESTIRENO SULFONATO CÁLCICO POLVO PARA SUSPENSIÓN ORAL 15G,138,MEDICAMENTOS,1.0,3009.5,42.0
2021-12-31,R002251,POLIESTIRENO SULFONATO CÁLCICO POLVO PARA SUSPENSIÓN ORAL 15G,35,MEDICAMENTOS,1.0,3009.5,42.0
2022-01-31,R002251,POLIESTIRENO SULFONATO CÁLCICO POLVO PARA SUSPENSIÓN ORAL 15G,101,MEDICAMENTOS,1.0,3009.5,42.0
2022-02-28,R002251,POLIESTIRENO SULFONATO CÁLCICO POLVO PARA SUSPENSIÓN ORAL 15G,43,MEDICAMENTOS,1.0,3009.5,42.0
2022-03-31,R002251,POLIESTIRENO SULFONATO CÁLCICO POLVO PARA SUSPENSIÓN ORAL 15G,32,MEDICAMENTOS,1.0,3009.5,42.0
2022-04-30,R002251,POLIESTIRENO SULFONATO CÁLCICO POLVO PARA SUSPENSIÓN ORAL 15G,58,MEDICAMENTOS,1.0,3009.5,42.0
2022-05-31,R002251,POLIESTIRENO SULFONATO CÁLCICO POLVO PARA SUSPENSIÓN ORAL 15G,71,MEDICAMENTOS,1.0,3009.5,42.0
2022-06-30,R002251,POLIESTIRENO SULFONATO CÁLCICO POLVO PARA SUSPENSIÓN ORAL 15G,292,MEDICAMENTOS,1.0,3009.5,42.0
2021-07-31,R005101,RIFAMPICINA CÁPSULA 300MG,92,MEDICAMENTOS,1.0,467.0,32.0
2021-08-31,R005101,RIFAMPICINA CÁPSULA 300MG,2,MEDICAMENTOS,1.0,467.0,32.0
2021-09-30,R005101,RIFAMPICINA CÁPSULA 300MG,18,MEDICAMENTOS,1.0,467.0,32.0
2021-10-31,R005101,RIFAMPICINA CÁPSULA 300MG,79,MEDICAMENTOS,1.0,467.0,32.0
2021-11-30,R005101,RIFAMPICINA CÁPSULA 300MG,88,MEDICAMENTOS,1.0,467.0,32.0
2021-12-31,R005101,RIFAMPICINA CÁPSULA 300MG,6,MEDICAMENTOS,1.0,467.0,32.0
2022-01-31,R005101,RIFAMPICINA CÁPSULA 300MG,0,MEDICAMENTOS,1.0,467.0,32.0
2022-02-28,R005101,RIFAMPICINA CÁPSULA 300MG,36,MEDICAMENTOS,1.0,467.0,32.0
2022-03-31,R005101,RIFAMPICINA CÁPSULA 300MG,0,MEDICAMENTOS,1.0,467.0,32.0
2022-04-30,R005101,RIFAMPICINA CÁPSULA 300MG,38,MEDICAMENTOS,1.0,467.0,32.0
2022-05-31,R005101,RIFAMPICINA CÁPSULA 300MG,2,MEDICAMENTOS,1.0,467.0,32.0
2022-06-30,R005101,RIFAMPICINA CÁPSULA 300MG,32,MEDICAMENTOS,1.0,467.0,32.0
2021-07-31,R008703,AGUA ESTERIL PARA IRRIGACION 3000 ML ,115,MEDICAMENTOS,1.0,22370.0,6.0
2021-08-31,R008703,AGUA ESTERIL PARA IRRIGACION 3000 ML ,49,MEDICAMENTOS,1.0,22370.0,6.0
2021-09-30,R008703,AGUA ESTERIL PARA IRRIGACION 3000 ML ,48,MEDICAMENTOS,1.0,22370.0,6.0
2021-10-31,R008703,AGUA ESTERIL PARA IRRIGACION 3000 ML ,64,MEDICAMENTOS,1.0,22370.0,6.0
2021-11-30,R008703,AGUA ESTERIL PARA IRRIGACION 3000 ML ,27,MEDICAMENTOS,1.0,22370.0,6.0
2021-12-31,R008703,AGUA ESTERIL PARA IRRIGACION 3000 ML ,58,MEDICAMENTOS,1.0,22370.0,6.0
2022-01-31,R008703,AGUA ESTERIL PARA IRRIGACION 3000 ML ,85,MEDICAMENTOS,1.0,22370.0,6.0
2022-02-28,R008703,AGUA ESTERIL PARA IRRIGACION 3000 ML ,77,MEDICAMENTOS,1.0,22370.0,6.0
2022-03-31,R008703,AGUA ESTERIL PARA IRRIGACION 3000 ML ,56,MEDICAMENTOS,1.0,22370.0,6.0
2022-04-30,R008703,AGUA ESTERIL PARA IRRIGACION 3000 ML ,30,MEDICAMENTOS,1.0,22370.0,6.0
2022-05-31,R008703,AGUA ESTERIL PARA IRRIGACION 3000 ML ,45,MEDICAMENTOS,1.0,22370.0,6.0
2022-06-30,R008703,AGUA ESTERIL PARA IRRIGACION 3000 ML ,31,MEDICAMENTOS,1.0,22370.0,6.0
2021-07-31,R009141,RITONAVIR TABLETA 100MG,2,MEDICAMENTOS,1.0,974.0,22.0
2021-08-31,R009141,RITONAVIR TABLETA 100MG,3,MEDICAMENTOS,1.0,974.0,22.0
2021-09-30,R009141,RITONAVIR TABLETA 100MG,19,MEDICAMENTOS,1.0,974.0,22.0
2021-10-31,R009141,RITONAVIR TABLETA 100MG,0,MEDICAMENTOS,1.0,974.0,22.0
2021-11-30,R009141,RITONAVIR TABLETA 100MG,1,MEDICAMENTOS,1.0,974.0,22.0
2021-12-31,R009141,RITONAVIR TABLETA 100MG,0,MEDICAMENTOS,1.0,974.0,22.0
2022-01-31,R009141,RITONAVIR TABLETA 100MG,0,MEDICAMENTOS,1.0,974.0,22.0
2022-02-28,R009141,RITONAVIR TABLETA 100MG,0,MEDICAMENTOS,1.0,974.0,22.0
2022-03-31,R009141,RITONAVIR TABLETA 100MG,0,MEDICAMENTOS,1.0,974.0,22.0
2022-04-30,R009141,RITONAVIR TABLETA 100MG,0,MEDICAMENTOS,1.0,974.0,22.0
2022-05-31,R009141,RITONAVIR TABLETA 100MG,0,MEDICAMENTOS,1.0,974.0,22.0
2022-06-30,R009141,RITONAVIR TABLETA 100MG,0,MEDICAMENTOS,1.0,974.0,22.0
2021-07-31,S0000002,SECNIDAZOL TABLETA 500MG,0,MEDICAMENTOS,1.0,,
2021-08-31,S0000002,SECNIDAZOL TABLETA 500MG,0,MEDICAMENTOS,1.0,,
2021-09-30,S0000002,SECNIDAZOL TABLETA 500MG,0,MEDICAMENTOS,1.0,,
2021-10-31,S0000002,SECNIDAZOL TABLETA 500MG,0,MEDICAMENTOS,1.0,,
2021-11-30,S0000002,SECNIDAZOL TABLETA 500MG,4,MEDICAMENTOS,1.0,,
2021-12-31,S0000002,SECNIDAZOL TABLETA 500MG,0,MEDICAMENTOS,1.0,,
2022-01-31,S0000002,SECNIDAZOL TABLETA 500MG,0,MEDICAMENTOS,1.0,,
2022-02-28,S0000002,SECNIDAZOL TABLETA 500MG,0,MEDICAMENTOS,1.0,,
2022-03-31,S0000002,SECNIDAZOL TABLETA 500MG,0,MEDICAMENTOS,1.0,,
2022-04-30,S0000002,SECNIDAZOL TABLETA 500MG,0,MEDICAMENTOS,1.0,,
2022-05-31,S0000002,SECNIDAZOL TABLETA 500MG,0,MEDICAMENTOS,1.0,,
2022-06-30,S0000002,SECNIDAZOL TABLETA 500MG,0,MEDICAMENTOS,1.0,,
2021-07-31,S0000012,"BUDESONIDA/FORMOTEROL SUSPENSIÓN PARA INHALACIÓN 160MCG/4,5MCG/1PUFF/120PUFF",4,MEDICAMENTOS,1.0,185309.0,3.0
2021-08-31,S0000012,"BUDESONIDA/FORMOTEROL SUSPENSIÓN PARA INHALACIÓN 160MCG/4,5MCG/1PUFF/120PUFF",5,MEDICAMENTOS,1.0,185309.0,3.0
2021-09-30,S0000012,"BUDESONIDA/FORMOTEROL SUSPENSIÓN PARA INHALACIÓN 160MCG/4,5MCG/1PUFF/120PUFF",8,MEDICAMENTOS,1.0,185309.0,3.0
2021-10-31,S0000012,"BUDESONIDA/FORMOTEROL SUSPENSIÓN PARA INHALACIÓN 160MCG/4,5MCG/1PUFF/120PUFF",0,MEDICAMENTOS,1.0,185309.0,3.0
2021-11-30,S0000012,"BUDESONIDA/FORMOTEROL SUSPENSIÓN PARA INHALACIÓN 160MCG/4,5MCG/1PUFF/120PUFF",3,MEDICAMENTOS,1.0,185309.0,3.0
2021-12-31,S0000012,"BUDESONIDA/FORMOTEROL SUSPENSIÓN PARA INHALACIÓN 160MCG/4,5MCG/1PUFF/120PUFF",3,MEDICAMENTOS,1.0,185309.0,3.0
2022-01-31,S0000012,"BUDESONIDA/FORMOTEROL SUSPENSIÓN PARA INHALACIÓN 160MCG/4,5MCG/1PUFF/120PUFF",1,MEDICAMENTOS,1.0,185309.0,3.0
2022-02-28,S0000012,"BUDESONIDA/FORMOTEROL SUSPENSIÓN PARA INHALACIÓN 160MCG/4,5MCG/1PUFF/120PUFF",3,MEDICAMENTOS,1.0,185309.0,3.0
2022-03-31,S0000012,"BUDESONIDA/FORMOTEROL SUSPENSIÓN PARA INHALACIÓN 160MCG/4,5MCG/1PUFF/120PUFF",1,MEDICAMENTOS,1.0,185309.0,3.0
2022-04-30,S0000012,"BUDESONIDA/FORMOTEROL SUSPENSIÓN PARA INHALACIÓN 160MCG/4,5MCG/1PUFF/120PUFF",4,MEDICAMENTOS,1.0,185309.0,3.0
2022-05-31,S0000012,"BUDESONIDA/FORMOTEROL SUSPENSIÓN PARA INHALACIÓN 160MCG/4,5MCG/1PUFF/120PUFF",0,MEDICAMENTOS,1.0,185309.0,3.0
2022-06-30,S0000012,"BUDESONIDA/FORMOTEROL SUSPENSIÓN PARA INHALACIÓN 160MCG/4,5MCG/1PUFF/120PUFF",0,MEDICAMENTOS,1.0,185309.0,3.0
2021-07-31,S003701,SODIO BICARBONATO SOLUCIÓN INYECTABLE 1MEQ/1ML (10MEQ/10ML),325,MEDICAMENTOS,1.0,524.0,361.0
2021-08-31,S003701,SODIO BICARBONATO SOLUCIÓN INYECTABLE 1MEQ/1ML (10MEQ/10ML),478,MEDICAMENTOS,1.0,524.0,361.0
2021-09-30,S003701,SODIO BICARBONATO SOLUCIÓN INYECTABLE 1MEQ/1ML (10MEQ/10ML),326,MEDICAMENTOS,1.0,524.0,361.0
2021-10-31,S003701,SODIO BICARBONATO SOLUCIÓN INYECTABLE 1MEQ/1ML (10MEQ/10ML),549,MEDICAMENTOS,1.0,524.0,361.0
2021-11-30,S003701,SODIO BICARBONATO SOLUCIÓN INYECTABLE 1MEQ/1ML (10MEQ/10ML),197,MEDICAMENTOS,1.0,524.0,361.0
2021-12-31,S003701,SODIO BICARBONATO SOLUCIÓN INYECTABLE 1MEQ/1ML (10MEQ/10ML),186,MEDICAMENTOS,1.0,524.0,361.0
2022-01-31,S003701,SODIO BICARBONATO SOLUCIÓN INYECTABLE 1MEQ/1ML (10MEQ/10ML),605,MEDICAMENTOS,1.0,524.0,361.0
2022-02-28,S003701,SODIO BICARBONATO SOLUCIÓN INYECTABLE 1MEQ/1ML (10MEQ/10ML),346,MEDICAMENTOS,1.0,524.0,361.0
2022-03-31,S003701,SODIO BICARBONATO SOLUCIÓN INYECTABLE 1MEQ/1ML (10MEQ/10ML),411,MEDICAMENTOS,1.0,524.0,361.0
2022-04-30,S003701,SODIO BICARBONATO SOLUCIÓN INYECTABLE 1MEQ/1ML (10MEQ/10ML),505,MEDICAMENTOS,1.0,524.0,361.0
2022-05-31,S003701,SODIO BICARBONATO SOLUCIÓN INYECTABLE 1MEQ/1ML (10MEQ/10ML),541,MEDICAMENTOS,1.0,524.0,361.0
2022-06-30,S003701,SODIO BICARBONATO SOLUCIÓN INYECTABLE 1MEQ/1ML (10MEQ/10ML),852,MEDICAMENTOS,1.0,524.0,361.0
2021-07-31,S004702,SODIO CLORURO SOL. INYECTABLE 20MEQ/10ML,612,MEDICAMENTOS,1.0,232.0,398.0
2021-08-31,S004702,SODIO CLORURO SOL. INYECTABLE 20MEQ/10ML,1259,MEDICAMENTOS,1.0,232.0,398.0
2021-09-30,S004702,SODIO CLORURO SOL. INYECTABLE 20MEQ/10ML,1228,MEDICAMENTOS,1.0,232.0,398.0
2021-10-31,S004702,SODIO CLORURO SOL. INYECTABLE 20MEQ/10ML,1204,MEDICAMENTOS,1.0,232.0,398.0
2021-11-30,S004702,SODIO CLORURO SOL. INYECTABLE 20MEQ/10ML,1574,MEDICAMENTOS,1.0,232.0,398.0
2021-12-31,S004702,SODIO CLORURO SOL. INYECTABLE 20MEQ/10ML,1503,MEDICAMENTOS,1.0,232.0,398.0
2022-01-31,S004702,SODIO CLORURO SOL. INYECTABLE 20MEQ/10ML,1627,MEDICAMENTOS,1.0,232.0,398.0
2022-02-28,S004702,SODIO CLORURO SOL. INYECTABLE 20MEQ/10ML,1497,MEDICAMENTOS,1.0,232.0,398.0
2022-03-31,S004702,SODIO CLORURO SOL. INYECTABLE 20MEQ/10ML,1345,MEDICAMENTOS,1.0,232.0,398.0
2022-04-30,S004702,SODIO CLORURO SOL. INYECTABLE 20MEQ/10ML,1463,MEDICAMENTOS,1.0,232.0,398.0
2022-05-31,S004702,SODIO CLORURO SOL. INYECTABLE 20MEQ/10ML,1454,MEDICAMENTOS,1.0,232.0,398.0
2022-06-30,S004702,SODIO CLORURO SOL. INYECTABLE 20MEQ/10ML,1405,MEDICAMENTOS,1.0,232.0,398.0
2021-07-31,S010721,NITROPRUSIATO POLVO LIOFILIZADO 50MG,0,MEDICAMENTOS,1.0,31800.0,1.0
2021-08-31,S010721,NITROPRUSIATO POLVO LIOFILIZADO 50MG,33,MEDICAMENTOS,1.0,31800.0,1.0
2021-09-30,S010721,NITROPRUSIATO POLVO LIOFILIZADO 50MG,30,MEDICAMENTOS,1.0,31800.0,1.0
2021-10-31,S010721,NITROPRUSIATO POLVO LIOFILIZADO 50MG,2,MEDICAMENTOS,1.0,31800.0,1.0
2021-11-30,S010721,NITROPRUSIATO POLVO LIOFILIZADO 50MG,38,MEDICAMENTOS,1.0,31800.0,1.0
2021-12-31,S010721,NITROPRUSIATO POLVO LIOFILIZADO 50MG,48,MEDICAMENTOS,1.0,31800.0,1.0
2022-01-31,S010721,NITROPRUSIATO POLVO LIOFILIZADO 50MG,23,MEDICAMENTOS,1.0,31800.0,1.0
2022-02-28,S010721,NITROPRUSIATO POLVO LIOFILIZADO 50MG,24,MEDICAMENTOS,1.0,31800.0,1.0
2022-03-31,S010721,NITROPRUSIATO POLVO LIOFILIZADO 50MG,64,MEDICAMENTOS,1.0,31800.0,1.0
2022-04-30,S010721,NITROPRUSIATO POLVO LIOFILIZADO 50MG,47,MEDICAMENTOS,1.0,31800.0,1.0
2022-05-31,S010721,NITROPRUSIATO POLVO LIOFILIZADO 50MG,55,MEDICAMENTOS,1.0,31800.0,1.0
2022-06-30,S010721,NITROPRUSIATO POLVO LIOFILIZADO 50MG,50,MEDICAMENTOS,1.0,31800.0,1.0
2021-07-31,S013701,SUCCINILCOLINA SOLUCIÓN INYECTABLE 10%/10ML,0,MEDICAMENTOS,1.0,0.0,0.0
2021-08-31,S013701,SUCCINILCOLINA SOLUCIÓN INYECTABLE 10%/10ML,0,MEDICAMENTOS,1.0,0.0,0.0
2021-09-30,S013701,SUCCINILCOLINA SOLUCIÓN INYECTABLE 10%/10ML,0,MEDICAMENTOS,1.0,0.0,0.0
2021-10-31,S013701,SUCCINILCOLINA SOLUCIÓN INYECTABLE 10%/10ML,0,MEDICAMENTOS,1.0,0.0,0.0
2021-11-30,S013701,SUCCINILCOLINA SOLUCIÓN INYECTABLE 10%/10ML,0,MEDICAMENTOS,1.0,0.0,0.0
2021-12-31,S013701,SUCCINILCOLINA SOLUCIÓN INYECTABLE 10%/10ML,0,MEDICAMENTOS,1.0,0.0,0.0
2022-01-31,S013701,SUCCINILCOLINA SOLUCIÓN INYECTABLE 10%/10ML,0,MEDICAMENTOS,1.0,0.0,0.0
2022-02-28,S013701,SUCCINILCOLINA SOLUCIÓN INYECTABLE 10%/10ML,0,MEDICAMENTOS,1.0,0.0,0.0
2022-03-31,S013701,SUCCINILCOLINA SOLUCIÓN INYECTABLE 10%/10ML,0,MEDICAMENTOS,1.0,0.0,0.0
2022-04-30,S013701,SUCCINILCOLINA SOLUCIÓN INYECTABLE 10%/10ML,0,MEDICAMENTOS,1.0,0.0,0.0
2022-05-31,S013701,SUCCINILCOLINA SOLUCIÓN INYECTABLE 10%/10ML,1,MEDICAMENTOS,1.0,0.0,0.0
2022-06-30,S013701,SUCCINILCOLINA SOLUCIÓN INYECTABLE 10%/10ML,3,MEDICAMENTOS,1.0,0.0,0.0
2021-07-31,S014011,SUCRALFATO TABLETA 1G,286,MEDICAMENTOS,1.0,178.0,118.0
2021-08-31,S014011,SUCRALFATO TABLETA 1G,291,MEDICAMENTOS,1.0,178.0,118.0
2021-09-30,S014011,SUCRALFATO TABLETA 1G,382,MEDICAMENTOS,1.0,178.0,118.0
2021-10-31,S014011,SUCRALFATO TABLETA 1G,450,MEDICAMENTOS,1.0,178.0,118.0
2021-11-30,S014011,SUCRALFATO TABLETA 1G,592,MEDICAMENTOS,1.0,178.0,118.0
2021-12-31,S014011,SUCRALFATO TABLETA 1G,410,MEDICAMENTOS,1.0,178.0,118.0
2022-01-31,S014011,SUCRALFATO TABLETA 1G,504,MEDICAMENTOS,1.0,178.0,118.0
2022-02-28,S014011,SUCRALFATO TABLETA 1G,587,MEDICAMENTOS,1.0,178.0,118.0
2022-03-31,S014011,SUCRALFATO TABLETA 1G,590,MEDICAMENTOS,1.0,178.0,118.0
2022-04-30,S014011,SUCRALFATO TABLETA 1G,183,MEDICAMENTOS,1.0,178.0,118.0
2022-05-31,S014011,SUCRALFATO TABLETA 1G,801,MEDICAMENTOS,1.0,178.0,118.0
2022-06-30,S014011,SUCRALFATO TABLETA 1G,708,MEDICAMENTOS,1.0,178.0,118.0
2021-07-31,S020011,SULFASALAZINA TABLETA 500MG,0,MEDICAMENTOS,1.0,313.0,13.0
2021-08-31,S020011,SULFASALAZINA TABLETA 500MG,0,MEDICAMENTOS,1.0,313.0,13.0
2021-09-30,S020011,SULFASALAZINA TABLETA 500MG,0,MEDICAMENTOS,1.0,313.0,13.0
2021-10-31,S020011,SULFASALAZINA TABLETA 500MG,2,MEDICAMENTOS,1.0,313.0,13.0
2021-11-30,S020011,SULFASALAZINA TABLETA 500MG,8,MEDICAMENTOS,1.0,313.0,13.0
2021-12-31,S020011,SULFASALAZINA TABLETA 500MG,0,MEDICAMENTOS,1.0,313.0,13.0
2022-01-31,S020011,SULFASALAZINA TABLETA 500MG,8,MEDICAMENTOS,1.0,313.0,13.0
2022-02-28,S020011,SULFASALAZINA TABLETA 500MG,4,MEDICAMENTOS,1.0,313.0,13.0
2022-03-31,S020011,SULFASALAZINA TABLETA 500MG,0,MEDICAMENTOS,1.0,313.0,13.0
2022-04-30,S020011,SULFASALAZINA TABLETA 500MG,0,MEDICAMENTOS,1.0,313.0,13.0
2022-05-31,S020011,SULFASALAZINA TABLETA 500MG,0,MEDICAMENTOS,1.0,313.0,13.0
2022-06-30,S020011,SULFASALAZINA TABLETA 500MG,22,MEDICAMENTOS,1.0,313.0,13.0
2021-07-31,T0000001,TIGECICLINA 50MG POLVO PARA RECONSTITUCION,7,MEDICAMENTOS,1.0,59089.5,27.0
2021-08-31,T0000001,TIGECICLINA 50MG POLVO PARA RECONSTITUCION,47,MEDICAMENTOS,1.0,59089.5,27.0
2021-09-30,T0000001,TIGECICLINA 50MG POLVO PARA RECONSTITUCION,30,MEDICAMENTOS,1.0,59089.5,27.0
2021-10-31,T0000001,TIGECICLINA 50MG POLVO PARA RECONSTITUCION,46,MEDICAMENTOS,1.0,59089.5,27.0
2021-11-30,T0000001,TIGECICLINA 50MG POLVO PARA RECONSTITUCION,25,MEDICAMENTOS,1.0,59089.5,27.0
2021-12-31,T0000001,TIGECICLINA 50MG POLVO PARA RECONSTITUCION,49,MEDICAMENTOS,1.0,59089.5,27.0
2022-01-31,T0000001,TIGECICLINA 50MG POLVO PARA RECONSTITUCION,7,MEDICAMENTOS,1.0,59089.5,27.0
2022-02-28,T0000001,TIGECICLINA 50MG POLVO PARA RECONSTITUCION,9,MEDICAMENTOS,1.0,59089.5,27.0
2022-03-31,T0000001,TIGECICLINA 50MG POLVO PARA RECONSTITUCION,7,MEDICAMENTOS,1.0,59089.5,27.0
2022-04-30,T0000001,TIGECICLINA 50MG POLVO PARA RECONSTITUCION,0,MEDICAMENTOS,1.0,59089.5,27.0
2022-05-31,T0000001,TIGECICLINA 50MG POLVO PARA RECONSTITUCION,20,MEDICAMENTOS,1.0,59089.5,27.0
2022-06-30,T0000001,TIGECICLINA 50MG POLVO PARA RECONSTITUCION,33,MEDICAMENTOS,1.0,59089.5,27.0
2021-07-31,T0000003,TIZANIDINA TABLETA 2MG,0,MEDICAMENTOS,1.0,423.0,12.0
2021-08-31,T0000003,TIZANIDINA TABLETA 2MG,24,MEDICAMENTOS,1.0,423.0,12.0
2021-09-30,T0000003,TIZANIDINA TABLETA 2MG,0,MEDICAMENTOS,1.0,423.0,12.0
2021-10-31,T0000003,TIZANIDINA TABLETA 2MG,0,MEDICAMENTOS,1.0,423.0,12.0
2021-11-30,T0000003,TIZANIDINA TABLETA 2MG,0,MEDICAMENTOS,1.0,423.0,12.0
2021-12-31,T0000003,TIZANIDINA TABLETA 2MG,0,MEDICAMENTOS,1.0,423.0,12.0
2022-01-31,T0000003,TIZANIDINA TABLETA 2MG,0,MEDICAMENTOS,1.0,423.0,12.0
2022-02-28,T0000003,TIZANIDINA TABLETA 2MG,0,MEDICAMENTOS,1.0,423.0,12.0
2022-03-31,T0000003,TIZANIDINA TABLETA 2MG,0,MEDICAMENTOS,1.0,423.0,12.0
2022-04-30,T0000003,TIZANIDINA TABLETA 2MG,0,MEDICAMENTOS,1.0,423.0,12.0
2022-05-31,T0000003,TIZANIDINA TABLETA 2MG,0,MEDICAMENTOS,1.0,423.0,12.0
2022-06-30,T0000003,TIZANIDINA TABLETA 2MG,0,MEDICAMENTOS,1.0,423.0,12.0
2021-07-31,T0000006,TRIMEBUTINA SOL. INYECTABLE 50MG/5ML,11,MEDICAMENTOS,1.0,14053.0,10.0
2021-08-31,T0000006,TRIMEBUTINA SOL. INYECTABLE 50MG/5ML,0,MEDICAMENTOS,1.0,14053.0,10.0
2021-09-30,T0000006,TRIMEBUTINA SOL. INYECTABLE 50MG/5ML,0,MEDICAMENTOS,1.0,14053.0,10.0
2021-10-31,T0000006,TRIMEBUTINA SOL. INYECTABLE 50MG/5ML,0,MEDICAMENTOS,1.0,14053.0,10.0
2021-11-30,T0000006,TRIMEBUTINA SOL. INYECTABLE 50MG/5ML,0,MEDICAMENTOS,1.0,14053.0,10.0
2021-12-31,T0000006,TRIMEBUTINA SOL. INYECTABLE 50MG/5ML,0,MEDICAMENTOS,1.0,14053.0,10.0
2022-01-31,T0000006,TRIMEBUTINA SOL. INYECTABLE 50MG/5ML,0,MEDICAMENTOS,1.0,14053.0,10.0
2022-02-28,T0000006,TRIMEBUTINA SOL. INYECTABLE 50MG/5ML,0,MEDICAMENTOS,1.0,14053.0,10.0
2022-03-31,T0000006,TRIMEBUTINA SOL. INYECTABLE 50MG/5ML,0,MEDICAMENTOS,1.0,14053.0,10.0
2022-04-30,T0000006,TRIMEBUTINA SOL. INYECTABLE 50MG/5ML,0,MEDICAMENTOS,1.0,14053.0,10.0
2022-05-31,T0000006,TRIMEBUTINA SOL. INYECTABLE 50MG/5ML,0,MEDICAMENTOS,1.0,14053.0,10.0
2022-06-30,T0000006,TRIMEBUTINA SOL. INYECTABLE 50MG/5ML,0,MEDICAMENTOS,1.0,14053.0,10.0
2021-07-31,T0000007,TRIMEBUTINA MALEATO TABLETA 200MG,6,MEDICAMENTOS,1.0,,
2021-08-31,T0000007,TRIMEBUTINA MALEATO TABLETA 200MG,0,MEDICAMENTOS,1.0,,
2021-09-30,T0000007,TRIMEBUTINA MALEATO TABLETA 200MG,0,MEDICAMENTOS,1.0,,
2021-10-31,T0000007,TRIMEBUTINA MALEATO TABLETA 200MG,0,MEDICAMENTOS,1.0,,
2021-11-30,T0000007,TRIMEBUTINA MALEATO TABLETA 200MG,0,MEDICAMENTOS,1.0,,
2021-12-31,T0000007,TRIMEBUTINA MALEATO TABLETA 200MG,0,MEDICAMENTOS,1.0,,
2022-01-31,T0000007,TRIMEBUTINA MALEATO TABLETA 200MG,0,MEDICAMENTOS,1.0,,
2022-02-28,T0000007,TRIMEBUTINA MALEATO TABLETA 200MG,0,MEDICAMENTOS,1.0,,
2022-03-31,T0000007,TRIMEBUTINA MALEATO TABLETA 200MG,0,MEDICAMENTOS,1.0,,
2022-04-30,T0000007,TRIMEBUTINA MALEATO TABLETA 200MG,0,MEDICAMENTOS,1.0,,
2022-05-31,T0000007,TRIMEBUTINA MALEATO TABLETA 200MG,0,MEDICAMENTOS,1.0,,
2022-06-30,T0000007,TRIMEBUTINA MALEATO TABLETA 200MG,0,MEDICAMENTOS,1.0,,
2021-07-31,T001011,TALIDOMIDA TABLETA 100MG,0,MEDICAMENTOS,1.0,13734.0,11.0
2021-08-31,T001011,TALIDOMIDA TABLETA 100MG,17,MEDICAMENTOS,1.0,13734.0,11.0
2021-09-30,T001011,TALIDOMIDA TABLETA 100MG,0,MEDICAMENTOS,1.0,13734.0,11.0
2021-10-31,T001011,TALIDOMIDA TABLETA 100MG,0,MEDICAMENTOS,1.0,13734.0,11.0
2021-11-30,T001011,TALIDOMIDA TABLETA 100MG,0,MEDICAMENTOS,1.0,13734.0,11.0
2021-12-31,T001011,TALIDOMIDA TABLETA 100MG,0,MEDICAMENTOS,1.0,13734.0,11.0
2022-01-31,T001011,TALIDOMIDA TABLETA 100MG,0,MEDICAMENTOS,1.0,13734.0,11.0
2022-02-28,T001011,TALIDOMIDA TABLETA 100MG,13,MEDICAMENTOS,1.0,13734.0,11.0
2022-03-31,T001011,TALIDOMIDA TABLETA 100MG,6,MEDICAMENTOS,1.0,13734.0,11.0
2022-04-30,T001011,TALIDOMIDA TABLETA 100MG,0,MEDICAMENTOS,1.0,13734.0,11.0
2022-05-31,T001011,TALIDOMIDA TABLETA 100MG,0,MEDICAMENTOS,1.0,13734.0,11.0
2022-06-30,T001011,TALIDOMIDA TABLETA 100MG,0,MEDICAMENTOS,1.0,13734.0,11.0
2021-07-31,T002012,TAMOXIFENO TABLETA 20MG,0,MEDICAMENTOS,1.0,692.0,14.0
2021-08-31,T002012,TAMOXIFENO TABLETA 20MG,0,MEDICAMENTOS,1.0,692.0,14.0
2021-09-30,T002012,TAMOXIFENO TABLETA 20MG,0,MEDICAMENTOS,1.0,692.0,14.0
2021-10-31,T002012,TAMOXIFENO TABLETA 20MG,0,MEDICAMENTOS,1.0,692.0,14.0
2021-11-30,T002012,TAMOXIFENO TABLETA 20MG,0,MEDICAMENTOS,1.0,692.0,14.0
2021-12-31,T002012,TAMOXIFENO TABLETA 20MG,0,MEDICAMENTOS,1.0,692.0,14.0
2022-01-31,T002012,TAMOXIFENO TABLETA 20MG,0,MEDICAMENTOS,1.0,692.0,14.0
2022-02-28,T002012,TAMOXIFENO TABLETA 20MG,0,MEDICAMENTOS,1.0,692.0,14.0
2022-03-31,T002012,TAMOXIFENO TABLETA 20MG,0,MEDICAMENTOS,1.0,692.0,14.0
2022-04-30,T002012,TAMOXIFENO TABLETA 20MG,25,MEDICAMENTOS,1.0,692.0,14.0
2022-05-31,T002012,TAMOXIFENO TABLETA 20MG,0,MEDICAMENTOS,1.0,692.0,14.0
2022-06-30,T002012,TAMOXIFENO TABLETA 20MG,0,MEDICAMENTOS,1.0,692.0,14.0
2021-07-31,T004151,TEOFILINA CAPSULA 125MG,0,MEDICAMENTOS,1.0,0.0,0.0
2021-08-31,T004151,TEOFILINA CAPSULA 125MG,6,MEDICAMENTOS,1.0,0.0,0.0
2021-09-30,T004151,TEOFILINA CAPSULA 125MG,6,MEDICAMENTOS,1.0,0.0,0.0
2021-10-31,T004151,TEOFILINA CAPSULA 125MG,0,MEDICAMENTOS,1.0,0.0,0.0
2021-11-30,T004151,TEOFILINA CAPSULA 125MG,0,MEDICAMENTOS,1.0,0.0,0.0
2021-12-31,T004151,TEOFILINA CAPSULA 125MG,8,MEDICAMENTOS,1.0,0.0,0.0
2022-01-31,T004151,TEOFILINA CAPSULA 125MG,0,MEDICAMENTOS,1.0,0.0,0.0
2022-02-28,T004151,TEOFILINA CAPSULA 125MG,0,MEDICAMENTOS,1.0,0.0,0.0
2022-03-31,T004151,TEOFILINA CAPSULA 125MG,0,MEDICAMENTOS,1.0,0.0,0.0
2022-04-30,T004151,TEOFILINA CAPSULA 125MG,17,MEDICAMENTOS,1.0,0.0,0.0
2022-05-31,T004151,TEOFILINA CAPSULA 125MG,0,MEDICAMENTOS,1.0,0.0,0.0
2022-06-30,T004151,TEOFILINA CAPSULA 125MG,0,MEDICAMENTOS,1.0,0.0,0.0
2021-07-31,T005461,TERBUTALINA SUSPENSIÓN PARA INHALACIÓN 10MG//1ML/10ML,0,MEDICAMENTOS,1.0,,
2021-08-31,T005461,TERBUTALINA SUSPENSIÓN PARA INHALACIÓN 10MG//1ML/10ML,0,MEDICAMENTOS,1.0,,
2021-09-30,T005461,TERBUTALINA SUSPENSIÓN PARA INHALACIÓN 10MG//1ML/10ML,0,MEDICAMENTOS,1.0,,
2021-10-31,T005461,TERBUTALINA SUSPENSIÓN PARA INHALACIÓN 10MG//1ML/10ML,0,MEDICAMENTOS,1.0,,
2021-11-30,T005461,TERBUTALINA SUSPENSIÓN PARA INHALACIÓN 10MG//1ML/10ML,0,MEDICAMENTOS,1.0,,
2021-12-31,T005461,TERBUTALINA SUSPENSIÓN PARA INHALACIÓN 10MG//1ML/10ML,0,MEDICAMENTOS,1.0,,
2022-01-31,T005461,TERBUTALINA SUSPENSIÓN PARA INHALACIÓN 10MG//1ML/10ML,0,MEDICAMENTOS,1.0,,
2022-02-28,T005461,TERBUTALINA SUSPENSIÓN PARA INHALACIÓN 10MG//1ML/10ML,0,MEDICAMENTOS,1.0,,
2022-03-31,T005461,TERBUTALINA SUSPENSIÓN PARA INHALACIÓN 10MG//1ML/10ML,1,MEDICAMENTOS,1.0,,
2022-04-30,T005461,TERBUTALINA SUSPENSIÓN PARA INHALACIÓN 10MG//1ML/10ML,0,MEDICAMENTOS,1.0,,
2022-05-31,T005461,TERBUTALINA SUSPENSIÓN PARA INHALACIÓN 10MG//1ML/10ML,0,MEDICAMENTOS,1.0,,
2022-06-30,T005461,TERBUTALINA SUSPENSIÓN PARA INHALACIÓN 10MG//1ML/10ML,1,MEDICAMENTOS,1.0,,
2021-07-31,T005701,"TERBUTALINA SOLUCIÓN INYECTABLE 0,5MG/1ML",0,MEDICAMENTOS,1.0,,
2021-08-31,T005701,"TERBUTALINA SOLUCIÓN INYECTABLE 0,5MG/1ML",0,MEDICAMENTOS,1.0,,
2021-09-30,T005701,"TERBUTALINA SOLUCIÓN INYECTABLE 0,5MG/1ML",0,MEDICAMENTOS,1.0,,
2021-10-31,T005701,"TERBUTALINA SOLUCIÓN INYECTABLE 0,5MG/1ML",0,MEDICAMENTOS,1.0,,
2021-11-30,T005701,"TERBUTALINA SOLUCIÓN INYECTABLE 0,5MG/1ML",0,MEDICAMENTOS,1.0,,
2021-12-31,T005701,"TERBUTALINA SOLUCIÓN INYECTABLE 0,5MG/1ML",0,MEDICAMENTOS,1.0,,
2022-01-31,T005701,"TERBUTALINA SOLUCIÓN INYECTABLE 0,5MG/1ML",0,MEDICAMENTOS,1.0,,
2022-02-28,T005701,"TERBUTALINA SOLUCIÓN INYECTABLE 0,5MG/1ML",0,MEDICAMENTOS,1.0,,
2022-03-31,T005701,"TERBUTALINA SOLUCIÓN INYECTABLE 0,5MG/1ML",1,MEDICAMENTOS,1.0,,
2022-04-30,T005701,"TERBUTALINA SOLUCIÓN INYECTABLE 0,5MG/1ML",0,MEDICAMENTOS,1.0,,
2022-05-31,T005701,"TERBUTALINA SOLUCIÓN INYECTABLE 0,5MG/1ML",0,MEDICAMENTOS,1.0,,
2022-06-30,T005701,"TERBUTALINA SOLUCIÓN INYECTABLE 0,5MG/1ML",1,MEDICAMENTOS,1.0,,
2021-07-31,T008101,TETRACICLINA TABLETA 500MG,0,MEDICAMENTOS,1.0,,
2021-08-31,T008101,TETRACICLINA TABLETA 500MG,1,MEDICAMENTOS,1.0,,
2021-09-30,T008101,TETRACICLINA TABLETA 500MG,0,MEDICAMENTOS,1.0,,
2021-10-31,T008101,TETRACICLINA TABLETA 500MG,0,MEDICAMENTOS,1.0,,
2021-11-30,T008101,TETRACICLINA TABLETA 500MG,0,MEDICAMENTOS,1.0,,
2021-12-31,T008101,TETRACICLINA TABLETA 500MG,0,MEDICAMENTOS,1.0,,
2022-01-31,T008101,TETRACICLINA TABLETA 500MG,0,MEDICAMENTOS,1.0,,
2022-02-28,T008101,TETRACICLINA TABLETA 500MG,0,MEDICAMENTOS,1.0,,
2022-03-31,T008101,TETRACICLINA TABLETA 500MG,0,MEDICAMENTOS,1.0,,
2022-04-30,T008101,TETRACICLINA TABLETA 500MG,0,MEDICAMENTOS,1.0,,
2022-05-31,T008101,TETRACICLINA TABLETA 500MG,0,MEDICAMENTOS,1.0,,
2022-06-30,T008101,TETRACICLINA TABLETA 500MG,0,MEDICAMENTOS,1.0,,
2021-07-31,T009141,TIAMINA 300MG TABLETA ,23,MEDICAMENTOS,1.0,91.0,10.0
2021-08-31,T009141,TIAMINA 300MG TABLETA ,0,MEDICAMENTOS,1.0,91.0,10.0
2021-09-30,T009141,TIAMINA 300MG TABLETA ,10,MEDICAMENTOS,1.0,91.0,10.0
2021-10-31,T009141,TIAMINA 300MG TABLETA ,3,MEDICAMENTOS,1.0,91.0,10.0
2021-11-30,T009141,TIAMINA 300MG TABLETA ,0,MEDICAMENTOS,1.0,91.0,10.0
2021-12-31,T009141,TIAMINA 300MG TABLETA ,2,MEDICAMENTOS,1.0,91.0,10.0
2022-01-31,T009141,TIAMINA 300MG TABLETA ,50,MEDICAMENTOS,1.0,91.0,10.0
2022-02-28,T009141,TIAMINA 300MG TABLETA ,26,MEDICAMENTOS,1.0,91.0,10.0
2022-03-31,T009141,TIAMINA 300MG TABLETA ,7,MEDICAMENTOS,1.0,91.0,10.0
2022-04-30,T009141,TIAMINA 300MG TABLETA ,9,MEDICAMENTOS,1.0,91.0,10.0
2022-05-31,T009141,TIAMINA 300MG TABLETA ,14,MEDICAMENTOS,1.0,91.0,10.0
2022-06-30,T009141,TIAMINA 300MG TABLETA ,31,MEDICAMENTOS,1.0,91.0,10.0
2021-07-31,T009701,TIAMINA 1000MG/10ML SOL. INYECTABLE,16,MEDICAMENTOS,1.0,-1932.0,1.0
2021-08-31,T009701,TIAMINA 1000MG/10ML SOL. INYECTABLE,9,MEDICAMENTOS,1.0,-1932.0,1.0
2021-09-30,T009701,TIAMINA 1000MG/10ML SOL. INYECTABLE,12,MEDICAMENTOS,1.0,-1932.0,1.0
2021-10-31,T009701,TIAMINA 1000MG/10ML SOL. INYECTABLE,21,MEDICAMENTOS,1.0,-1932.0,1.0
2021-11-30,T009701,TIAMINA 1000MG/10ML SOL. INYECTABLE,4,MEDICAMENTOS,1.0,-1932.0,1.0
2021-12-31,T009701,TIAMINA 1000MG/10ML SOL. INYECTABLE,10,MEDICAMENTOS,1.0,-1932.0,1.0
2022-01-31,T009701,TIAMINA 1000MG/10ML SOL. INYECTABLE,20,MEDICAMENTOS,1.0,-1932.0,1.0
2022-02-28,T009701,TIAMINA 1000MG/10ML SOL. INYECTABLE,0,MEDICAMENTOS,1.0,-1932.0,1.0
2022-03-31,T009701,TIAMINA 1000MG/10ML SOL. INYECTABLE,1,MEDICAMENTOS,1.0,-1932.0,1.0
2022-04-30,T009701,TIAMINA 1000MG/10ML SOL. INYECTABLE,12,MEDICAMENTOS,1.0,-1932.0,1.0
2022-05-31,T009701,TIAMINA 1000MG/10ML SOL. INYECTABLE,20,MEDICAMENTOS,1.0,-1932.0,1.0
2022-06-30,T009701,TIAMINA 1000MG/10ML SOL. INYECTABLE,6,MEDICAMENTOS,1.0,-1932.0,1.0
2021-07-31,T011602,TIMOLOL SOLUCIÓN OFTÁLMICA 5MG/1ML,0,MEDICAMENTOS,1.0,,
2021-08-31,T011602,TIMOLOL SOLUCIÓN OFTÁLMICA 5MG/1ML,1,MEDICAMENTOS,1.0,,
2021-09-30,T011602,TIMOLOL SOLUCIÓN OFTÁLMICA 5MG/1ML,0,MEDICAMENTOS,1.0,,
2021-10-31,T011602,TIMOLOL SOLUCIÓN OFTÁLMICA 5MG/1ML,0,MEDICAMENTOS,1.0,,
2021-11-30,T011602,TIMOLOL SOLUCIÓN OFTÁLMICA 5MG/1ML,0,MEDICAMENTOS,1.0,,
2021-12-31,T011602,TIMOLOL SOLUCIÓN OFTÁLMICA 5MG/1ML,0,MEDICAMENTOS,1.0,,
2022-01-31,T011602,TIMOLOL SOLUCIÓN OFTÁLMICA 5MG/1ML,0,MEDICAMENTOS,1.0,,
2022-02-28,T011602,TIMOLOL SOLUCIÓN OFTÁLMICA 5MG/1ML,0,MEDICAMENTOS,1.0,,
2022-03-31,T011602,TIMOLOL SOLUCIÓN OFTÁLMICA 5MG/1ML,0,MEDICAMENTOS,1.0,,
2022-04-30,T011602,TIMOLOL SOLUCIÓN OFTÁLMICA 5MG/1ML,0,MEDICAMENTOS,1.0,,
2022-05-31,T011602,TIMOLOL SOLUCIÓN OFTÁLMICA 5MG/1ML,0,MEDICAMENTOS,1.0,,
2022-06-30,T011602,TIMOLOL SOLUCIÓN OFTÁLMICA 5MG/1ML,0,MEDICAMENTOS,1.0,,
2021-07-31,T012011,TINIDAZOL TABLETA 500MG,0,MEDICAMENTOS,1.0,90.0,41.0
2021-08-31,T012011,TINIDAZOL TABLETA 500MG,4,MEDICAMENTOS,1.0,90.0,41.0
2021-09-30,T012011,TINIDAZOL TABLETA 500MG,16,MEDICAMENTOS,1.0,90.0,41.0
2021-10-31,T012011,TINIDAZOL TABLETA 500MG,8,MEDICAMENTOS,1.0,90.0,41.0
2021-11-30,T012011,TINIDAZOL TABLETA 500MG,54,MEDICAMENTOS,1.0,90.0,41.0
2021-12-31,T012011,TINIDAZOL TABLETA 500MG,25,MEDICAMENTOS,1.0,90.0,41.0
2022-01-31,T012011,TINIDAZOL TABLETA 500MG,18,MEDICAMENTOS,1.0,90.0,41.0
2022-02-28,T012011,TINIDAZOL TABLETA 500MG,26,MEDICAMENTOS,1.0,90.0,41.0
2022-03-31,T012011,TINIDAZOL TABLETA 500MG,8,MEDICAMENTOS,1.0,90.0,41.0
2022-04-30,T012011,TINIDAZOL TABLETA 500MG,20,MEDICAMENTOS,1.0,90.0,41.0
2022-05-31,T012011,TINIDAZOL TABLETA 500MG,39,MEDICAMENTOS,1.0,90.0,41.0
2022-06-30,T012011,TINIDAZOL TABLETA 500MG,74,MEDICAMENTOS,1.0,90.0,41.0
2021-07-31,T019701,"TOXOIDE TETANICO SOL. INYECTABLE 40UI/0,5ML",1,MEDICAMENTOS,1.0,0.0,0.0
2021-08-31,T019701,"TOXOIDE TETANICO SOL. INYECTABLE 40UI/0,5ML",0,MEDICAMENTOS,1.0,0.0,0.0
2021-09-30,T019701,"TOXOIDE TETANICO SOL. INYECTABLE 40UI/0,5ML",0,MEDICAMENTOS,1.0,0.0,0.0
2021-10-31,T019701,"TOXOIDE TETANICO SOL. INYECTABLE 40UI/0,5ML",0,MEDICAMENTOS,1.0,0.0,0.0
2021-11-30,T019701,"TOXOIDE TETANICO SOL. INYECTABLE 40UI/0,5ML",0,MEDICAMENTOS,1.0,0.0,0.0
2021-12-31,T019701,"TOXOIDE TETANICO SOL. INYECTABLE 40UI/0,5ML",0,MEDICAMENTOS,1.0,0.0,0.0
2022-01-31,T019701,"TOXOIDE TETANICO SOL. INYECTABLE 40UI/0,5ML",0,MEDICAMENTOS,1.0,0.0,0.0
2022-02-28,T019701,"TOXOIDE TETANICO SOL. INYECTABLE 40UI/0,5ML",1,MEDICAMENTOS,1.0,0.0,0.0
2022-03-31,T019701,"TOXOIDE TETANICO SOL. INYECTABLE 40UI/0,5ML",0,MEDICAMENTOS,1.0,0.0,0.0
2022-04-30,T019701,"TOXOIDE TETANICO SOL. INYECTABLE 40UI/0,5ML",1,MEDICAMENTOS,1.0,0.0,0.0
2022-05-31,T019701,"TOXOIDE TETANICO SOL. INYECTABLE 40UI/0,5ML",0,MEDICAMENTOS,1.0,0.0,0.0
2022-06-30,T019701,"TOXOIDE TETANICO SOL. INYECTABLE 40UI/0,5ML",0,MEDICAMENTOS,1.0,0.0,0.0
2021-07-31,T020201,TRAMADOL SOL. ORAL 100MG/1ML,4,MEDICAMENTOS,1.0,550.0,4.0
2021-08-31,T020201,TRAMADOL SOL. ORAL 100MG/1ML,2,MEDICAMENTOS,1.0,550.0,4.0
2021-09-30,T020201,TRAMADOL SOL. ORAL 100MG/1ML,10,MEDICAMENTOS,1.0,550.0,4.0
2021-10-31,T020201,TRAMADOL SOL. ORAL 100MG/1ML,6,MEDICAMENTOS,1.0,550.0,4.0
2021-11-30,T020201,TRAMADOL SOL. ORAL 100MG/1ML,4,MEDICAMENTOS,1.0,550.0,4.0
2021-12-31,T020201,TRAMADOL SOL. ORAL 100MG/1ML,5,MEDICAMENTOS,1.0,550.0,4.0
2022-01-31,T020201,TRAMADOL SOL. ORAL 100MG/1ML,1,MEDICAMENTOS,1.0,550.0,4.0
2022-02-28,T020201,TRAMADOL SOL. ORAL 100MG/1ML,5,MEDICAMENTOS,1.0,550.0,4.0
2022-03-31,T020201,TRAMADOL SOL. ORAL 100MG/1ML,2,MEDICAMENTOS,1.0,550.0,4.0
2022-04-30,T020201,TRAMADOL SOL. ORAL 100MG/1ML,2,MEDICAMENTOS,1.0,550.0,4.0
2022-05-31,T020201,TRAMADOL SOL. ORAL 100MG/1ML,5,MEDICAMENTOS,1.0,550.0,4.0
2022-06-30,T020201,TRAMADOL SOL. ORAL 100MG/1ML,1,MEDICAMENTOS,1.0,550.0,4.0
2021-07-31,T020701,TRAMADOL SOL. INYECTABLE 50MG/1ML,1020,MEDICAMENTOS,1.0,251.0,208.0
2021-08-31,T020701,TRAMADOL SOL. INYECTABLE 50MG/1ML,1030,MEDICAMENTOS,1.0,251.0,208.0
2021-09-30,T020701,TRAMADOL SOL. INYECTABLE 50MG/1ML,938,MEDICAMENTOS,1.0,251.0,208.0
2021-10-31,T020701,TRAMADOL SOL. INYECTABLE 50MG/1ML,1124,MEDICAMENTOS,1.0,251.0,208.0
2021-11-30,T020701,TRAMADOL SOL. INYECTABLE 50MG/1ML,1334,MEDICAMENTOS,1.0,251.0,208.0
2021-12-31,T020701,TRAMADOL SOL. INYECTABLE 50MG/1ML,1288,MEDICAMENTOS,1.0,251.0,208.0
2022-01-31,T020701,TRAMADOL SOL. INYECTABLE 50MG/1ML,1110,MEDICAMENTOS,1.0,251.0,208.0
2022-02-28,T020701,TRAMADOL SOL. INYECTABLE 50MG/1ML,1105,MEDICAMENTOS,1.0,251.0,208.0
2022-03-31,T020701,TRAMADOL SOL. INYECTABLE 50MG/1ML,1025,MEDICAMENTOS,1.0,251.0,208.0
2022-04-30,T020701,TRAMADOL SOL. INYECTABLE 50MG/1ML,930,MEDICAMENTOS,1.0,251.0,208.0
2022-05-31,T020701,TRAMADOL SOL. INYECTABLE 50MG/1ML,890,MEDICAMENTOS,1.0,251.0,208.0
2022-06-30,T020701,TRAMADOL SOL. INYECTABLE 50MG/1ML,1032,MEDICAMENTOS,1.0,251.0,208.0
2021-07-31,T020702,TRAMADOL SOL. INYECTABLE 100MG/2ML,17,MEDICAMENTOS,1.0,312.0,13.0
2021-08-31,T020702,TRAMADOL SOL. INYECTABLE 100MG/2ML,38,MEDICAMENTOS,1.0,312.0,13.0
2021-09-30,T020702,TRAMADOL SOL. INYECTABLE 100MG/2ML,155,MEDICAMENTOS,1.0,312.0,13.0
2021-10-31,T020702,TRAMADOL SOL. INYECTABLE 100MG/2ML,74,MEDICAMENTOS,1.0,312.0,13.0
2021-11-30,T020702,TRAMADOL SOL. INYECTABLE 100MG/2ML,46,MEDICAMENTOS,1.0,312.0,13.0
2021-12-31,T020702,TRAMADOL SOL. INYECTABLE 100MG/2ML,87,MEDICAMENTOS,1.0,312.0,13.0
2022-01-31,T020702,TRAMADOL SOL. INYECTABLE 100MG/2ML,113,MEDICAMENTOS,1.0,312.0,13.0
2022-02-28,T020702,TRAMADOL SOL. INYECTABLE 100MG/2ML,86,MEDICAMENTOS,1.0,312.0,13.0
2022-03-31,T020702,TRAMADOL SOL. INYECTABLE 100MG/2ML,108,MEDICAMENTOS,1.0,312.0,13.0
2022-04-30,T020702,TRAMADOL SOL. INYECTABLE 100MG/2ML,15,MEDICAMENTOS,1.0,312.0,13.0
2022-05-31,T020702,TRAMADOL SOL. INYECTABLE 100MG/2ML,26,MEDICAMENTOS,1.0,312.0,13.0
2022-06-30,T020702,TRAMADOL SOL. INYECTABLE 100MG/2ML,31,MEDICAMENTOS,1.0,312.0,13.0
2021-07-31,T023011,TRAZODONA TABLETA 50MG,276,MEDICAMENTOS,1.0,28.5,179.0
2021-08-31,T023011,TRAZODONA TABLETA 50MG,203,MEDICAMENTOS,1.0,28.5,179.0
2021-09-30,T023011,TRAZODONA TABLETA 50MG,401,MEDICAMENTOS,1.0,28.5,179.0
2021-10-31,T023011,TRAZODONA TABLETA 50MG,466,MEDICAMENTOS,1.0,28.5,179.0
2021-11-30,T023011,TRAZODONA TABLETA 50MG,514,MEDICAMENTOS,1.0,28.5,179.0
2021-12-31,T023011,TRAZODONA TABLETA 50MG,244,MEDICAMENTOS,1.0,28.5,179.0
2022-01-31,T023011,TRAZODONA TABLETA 50MG,292,MEDICAMENTOS,1.0,28.5,179.0
2022-02-28,T023011,TRAZODONA TABLETA 50MG,428,MEDICAMENTOS,1.0,28.5,179.0
2022-03-31,T023011,TRAZODONA TABLETA 50MG,270,MEDICAMENTOS,1.0,28.5,179.0
2022-04-30,T023011,TRAZODONA TABLETA 50MG,506,MEDICAMENTOS,1.0,28.5,179.0
2022-05-31,T023011,TRAZODONA TABLETA 50MG,309,MEDICAMENTOS,1.0,28.5,179.0
2022-06-30,T023011,TRAZODONA TABLETA 50MG,328,MEDICAMENTOS,1.0,28.5,179.0
2021-07-31,T025011,TRIMETOPRIM/SULFAMETOXAZOL TABLETA 80MG/400MG,9,MEDICAMENTOS,1.0,91.0,10.0
2021-08-31,T025011,TRIMETOPRIM/SULFAMETOXAZOL TABLETA 80MG/400MG,0,MEDICAMENTOS,1.0,91.0,10.0
2021-09-30,T025011,TRIMETOPRIM/SULFAMETOXAZOL TABLETA 80MG/400MG,0,MEDICAMENTOS,1.0,91.0,10.0
2021-10-31,T025011,TRIMETOPRIM/SULFAMETOXAZOL TABLETA 80MG/400MG,0,MEDICAMENTOS,1.0,91.0,10.0
2021-11-30,T025011,TRIMETOPRIM/SULFAMETOXAZOL TABLETA 80MG/400MG,0,MEDICAMENTOS,1.0,91.0,10.0
2021-12-31,T025011,TRIMETOPRIM/SULFAMETOXAZOL TABLETA 80MG/400MG,0,MEDICAMENTOS,1.0,91.0,10.0
2022-01-31,T025011,TRIMETOPRIM/SULFAMETOXAZOL TABLETA 80MG/400MG,10,MEDICAMENTOS,1.0,91.0,10.0
2022-02-28,T025011,TRIMETOPRIM/SULFAMETOXAZOL TABLETA 80MG/400MG,9,MEDICAMENTOS,1.0,91.0,10.0
2022-03-31,T025011,TRIMETOPRIM/SULFAMETOXAZOL TABLETA 80MG/400MG,0,MEDICAMENTOS,1.0,91.0,10.0
2022-04-30,T025011,TRIMETOPRIM/SULFAMETOXAZOL TABLETA 80MG/400MG,0,MEDICAMENTOS,1.0,91.0,10.0
2022-05-31,T025011,TRIMETOPRIM/SULFAMETOXAZOL TABLETA 80MG/400MG,0,MEDICAMENTOS,1.0,91.0,10.0
2022-06-30,T025011,TRIMETOPRIM/SULFAMETOXAZOL TABLETA 80MG/400MG,0,MEDICAMENTOS,1.0,91.0,10.0
2021-07-31,V000000013,VORICONAZOL TABLETA 200MG,13,MEDICAMENTOS,1.0,62347.0,13.0
2021-08-31,V000000013,VORICONAZOL TABLETA 200MG,0,MEDICAMENTOS,1.0,62347.0,13.0
2021-09-30,V000000013,VORICONAZOL TABLETA 200MG,0,MEDICAMENTOS,1.0,62347.0,13.0
2021-10-31,V000000013,VORICONAZOL TABLETA 200MG,20,MEDICAMENTOS,1.0,62347.0,13.0
2021-11-30,V000000013,VORICONAZOL TABLETA 200MG,0,MEDICAMENTOS,1.0,62347.0,13.0
2021-12-31,V000000013,VORICONAZOL TABLETA 200MG,0,MEDICAMENTOS,1.0,62347.0,13.0
2022-01-31,V000000013,VORICONAZOL TABLETA 200MG,0,MEDICAMENTOS,1.0,62347.0,13.0
2022-02-28,V000000013,VORICONAZOL TABLETA 200MG,2,MEDICAMENTOS,1.0,62347.0,13.0
2022-03-31,V000000013,VORICONAZOL TABLETA 200MG,58,MEDICAMENTOS,1.0,62347.0,13.0
2022-04-30,V000000013,VORICONAZOL TABLETA 200MG,24,MEDICAMENTOS,1.0,62347.0,13.0
2022-05-31,V000000013,VORICONAZOL TABLETA 200MG,58,MEDICAMENTOS,1.0,62347.0,13.0
2022-06-30,V000000013,VORICONAZOL TABLETA 200MG,57,MEDICAMENTOS,1.0,62347.0,13.0
2021-07-31,V0000002,VALGANCICLOVIR TBL. 450 MG,0,MEDICAMENTOS,1.0,,
2021-08-31,V0000002,VALGANCICLOVIR TBL. 450 MG,0,MEDICAMENTOS,1.0,,
2021-09-30,V0000002,VALGANCICLOVIR TBL. 450 MG,0,MEDICAMENTOS,1.0,,
2021-10-31,V0000002,VALGANCICLOVIR TBL. 450 MG,2,MEDICAMENTOS,1.0,,
2021-11-30,V0000002,VALGANCICLOVIR TBL. 450 MG,0,MEDICAMENTOS,1.0,,
2021-12-31,V0000002,VALGANCICLOVIR TBL. 450 MG,0,MEDICAMENTOS,1.0,,
2022-01-31,V0000002,VALGANCICLOVIR TBL. 450 MG,0,MEDICAMENTOS,1.0,,
2022-02-28,V0000002,VALGANCICLOVIR TBL. 450 MG,0,MEDICAMENTOS,1.0,,
2022-03-31,V0000002,VALGANCICLOVIR TBL. 450 MG,0,MEDICAMENTOS,1.0,,
2022-04-30,V0000002,VALGANCICLOVIR TBL. 450 MG,0,MEDICAMENTOS,1.0,,
2022-05-31,V0000002,VALGANCICLOVIR TBL. 450 MG,0,MEDICAMENTOS,1.0,,
2022-06-30,V0000002,VALGANCICLOVIR TBL. 450 MG,0,MEDICAMENTOS,1.0,,
2021-07-31,V0000004,VALSARTAN TABLETA 160MG,7,MEDICAMENTOS,1.0,-1187.0,29.0
2021-08-31,V0000004,VALSARTAN TABLETA 160MG,61,MEDICAMENTOS,1.0,-1187.0,29.0
2021-09-30,V0000004,VALSARTAN TABLETA 160MG,37,MEDICAMENTOS,1.0,-1187.0,29.0
2021-10-31,V0000004,VALSARTAN TABLETA 160MG,70,MEDICAMENTOS,1.0,-1187.0,29.0
2021-11-30,V0000004,VALSARTAN TABLETA 160MG,74,MEDICAMENTOS,1.0,-1187.0,29.0
2021-12-31,V0000004,VALSARTAN TABLETA 160MG,16,MEDICAMENTOS,1.0,-1187.0,29.0
2022-01-31,V0000004,VALSARTAN TABLETA 160MG,6,MEDICAMENTOS,1.0,-1187.0,29.0
2022-02-28,V0000004,VALSARTAN TABLETA 160MG,9,MEDICAMENTOS,1.0,-1187.0,29.0
2022-03-31,V0000004,VALSARTAN TABLETA 160MG,22,MEDICAMENTOS,1.0,-1187.0,29.0
2022-04-30,V0000004,VALSARTAN TABLETA 160MG,0,MEDICAMENTOS,1.0,-1187.0,29.0
2022-05-31,V0000004,VALSARTAN TABLETA 160MG,22,MEDICAMENTOS,1.0,-1187.0,29.0
2022-06-30,V0000004,VALSARTAN TABLETA 160MG,18,MEDICAMENTOS,1.0,-1187.0,29.0
2021-07-31,V0000005,VALSARTAN TABLETA 80MG,0,MEDICAMENTOS,1.0,169.0,14.0
2021-08-31,V0000005,VALSARTAN TABLETA 80MG,0,MEDICAMENTOS,1.0,169.0,14.0
2021-09-30,V0000005,VALSARTAN TABLETA 80MG,0,MEDICAMENTOS,1.0,169.0,14.0
2021-10-31,V0000005,VALSARTAN TABLETA 80MG,15,MEDICAMENTOS,1.0,169.0,14.0
2021-11-30,V0000005,VALSARTAN TABLETA 80MG,4,MEDICAMENTOS,1.0,169.0,14.0
2021-12-31,V0000005,VALSARTAN TABLETA 80MG,13,MEDICAMENTOS,1.0,169.0,14.0
2022-01-31,V0000005,VALSARTAN TABLETA 80MG,26,MEDICAMENTOS,1.0,169.0,14.0
2022-02-28,V0000005,VALSARTAN TABLETA 80MG,2,MEDICAMENTOS,1.0,169.0,14.0
2022-03-31,V0000005,VALSARTAN TABLETA 80MG,0,MEDICAMENTOS,1.0,169.0,14.0
2022-04-30,V0000005,VALSARTAN TABLETA 80MG,0,MEDICAMENTOS,1.0,169.0,14.0
2022-05-31,V0000005,VALSARTAN TABLETA 80MG,0,MEDICAMENTOS,1.0,169.0,14.0
2022-06-30,V0000005,VALSARTAN TABLETA 80MG,29,MEDICAMENTOS,1.0,169.0,14.0
2021-07-31,V0000011,VORICONAZOL POLVO LIOFILIZADO 200MG,0,MEDICAMENTOS,1.0,40195.0,17.0
2021-08-31,V0000011,VORICONAZOL POLVO LIOFILIZADO 200MG,0,MEDICAMENTOS,1.0,40195.0,17.0
2021-09-30,V0000011,VORICONAZOL POLVO LIOFILIZADO 200MG,16,MEDICAMENTOS,1.0,40195.0,17.0
2021-10-31,V0000011,VORICONAZOL POLVO LIOFILIZADO 200MG,0,MEDICAMENTOS,1.0,40195.0,17.0
2021-11-30,V0000011,VORICONAZOL POLVO LIOFILIZADO 200MG,0,MEDICAMENTOS,1.0,40195.0,17.0
2021-12-31,V0000011,VORICONAZOL POLVO LIOFILIZADO 200MG,0,MEDICAMENTOS,1.0,40195.0,17.0
2022-01-31,V0000011,VORICONAZOL POLVO LIOFILIZADO 200MG,46,MEDICAMENTOS,1.0,40195.0,17.0
2022-02-28,V0000011,VORICONAZOL POLVO LIOFILIZADO 200MG,28,MEDICAMENTOS,1.0,40195.0,17.0
2022-03-31,V0000011,VORICONAZOL POLVO LIOFILIZADO 200MG,16,MEDICAMENTOS,1.0,40195.0,17.0
2022-04-30,V0000011,VORICONAZOL POLVO LIOFILIZADO 200MG,138,MEDICAMENTOS,1.0,40195.0,17.0
2022-05-31,V0000011,VORICONAZOL POLVO LIOFILIZADO 200MG,36,MEDICAMENTOS,1.0,40195.0,17.0
2022-06-30,V0000011,VORICONAZOL POLVO LIOFILIZADO 200MG,0,MEDICAMENTOS,1.0,40195.0,17.0
2021-07-31,V0000012,VASOPRESINA 20UI/ML SOL. INYECTABLE ,50,MEDICAMENTOS,1.0,11297.0,39.0
2021-08-31,V0000012,VASOPRESINA 20UI/ML SOL. INYECTABLE ,56,MEDICAMENTOS,1.0,11297.0,39.0
2021-09-30,V0000012,VASOPRESINA 20UI/ML SOL. INYECTABLE ,55,MEDICAMENTOS,1.0,11297.0,39.0
2021-10-31,V0000012,VASOPRESINA 20UI/ML SOL. INYECTABLE ,35,MEDICAMENTOS,1.0,11297.0,39.0
2021-11-30,V0000012,VASOPRESINA 20UI/ML SOL. INYECTABLE ,65,MEDICAMENTOS,1.0,11297.0,39.0
2021-12-31,V0000012,VASOPRESINA 20UI/ML SOL. INYECTABLE ,25,MEDICAMENTOS,1.0,11297.0,39.0
2022-01-31,V0000012,VASOPRESINA 20UI/ML SOL. INYECTABLE ,61,MEDICAMENTOS,1.0,11297.0,39.0
2022-02-28,V0000012,VASOPRESINA 20UI/ML SOL. INYECTABLE ,21,MEDICAMENTOS,1.0,11297.0,39.0
2022-03-31,V0000012,VASOPRESINA 20UI/ML SOL. INYECTABLE ,58,MEDICAMENTOS,1.0,11297.0,39.0
2022-04-30,V0000012,VASOPRESINA 20UI/ML SOL. INYECTABLE ,49,MEDICAMENTOS,1.0,11297.0,39.0
2022-05-31,V0000012,VASOPRESINA 20UI/ML SOL. INYECTABLE ,70,MEDICAMENTOS,1.0,11297.0,39.0
2022-06-30,V0000012,VASOPRESINA 20UI/ML SOL. INYECTABLE ,80,MEDICAMENTOS,1.0,11297.0,39.0
2021-07-31,V0000013,TRIMETAZIDINA TABLETA 35MG,0,MEDICAMENTOS,1.0,-3261.0,6.0
2021-08-31,V0000013,TRIMETAZIDINA TABLETA 35MG,0,MEDICAMENTOS,1.0,-3261.0,6.0
2021-09-30,V0000013,TRIMETAZIDINA TABLETA 35MG,0,MEDICAMENTOS,1.0,-3261.0,6.0
2021-10-31,V0000013,TRIMETAZIDINA TABLETA 35MG,24,MEDICAMENTOS,1.0,-3261.0,6.0
2021-11-30,V0000013,TRIMETAZIDINA TABLETA 35MG,31,MEDICAMENTOS,1.0,-3261.0,6.0
2021-12-31,V0000013,TRIMETAZIDINA TABLETA 35MG,5,MEDICAMENTOS,1.0,-3261.0,6.0
2022-01-31,V0000013,TRIMETAZIDINA TABLETA 35MG,0,MEDICAMENTOS,1.0,-3261.0,6.0
2022-02-28,V0000013,TRIMETAZIDINA TABLETA 35MG,2,MEDICAMENTOS,1.0,-3261.0,6.0
2022-03-31,V0000013,TRIMETAZIDINA TABLETA 35MG,0,MEDICAMENTOS,1.0,-3261.0,6.0
2022-04-30,V0000013,TRIMETAZIDINA TABLETA 35MG,4,MEDICAMENTOS,1.0,-3261.0,6.0
2022-05-31,V0000013,TRIMETAZIDINA TABLETA 35MG,0,MEDICAMENTOS,1.0,-3261.0,6.0
2022-06-30,V0000013,TRIMETAZIDINA TABLETA 35MG,0,MEDICAMENTOS,1.0,-3261.0,6.0
2021-07-31,V011141,VALPROICO ÁCIDO CÁPSULA 250MG,85,MEDICAMENTOS,1.0,114.0,220.0
2021-08-31,V011141,VALPROICO ÁCIDO CÁPSULA 250MG,367,MEDICAMENTOS,1.0,114.0,220.0
2021-09-30,V011141,VALPROICO ÁCIDO CÁPSULA 250MG,193,MEDICAMENTOS,1.0,114.0,220.0
2021-10-31,V011141,VALPROICO ÁCIDO CÁPSULA 250MG,213,MEDICAMENTOS,1.0,114.0,220.0
2021-11-30,V011141,VALPROICO ÁCIDO CÁPSULA 250MG,221,MEDICAMENTOS,1.0,114.0,220.0
2021-12-31,V011141,VALPROICO ÁCIDO CÁPSULA 250MG,126,MEDICAMENTOS,1.0,114.0,220.0
2022-01-31,V011141,VALPROICO ÁCIDO CÁPSULA 250MG,237,MEDICAMENTOS,1.0,114.0,220.0
2022-02-28,V011141,VALPROICO ÁCIDO CÁPSULA 250MG,185,MEDICAMENTOS,1.0,114.0,220.0
2022-03-31,V011141,VALPROICO ÁCIDO CÁPSULA 250MG,485,MEDICAMENTOS,1.0,114.0,220.0
2022-04-30,V011141,VALPROICO ÁCIDO CÁPSULA 250MG,584,MEDICAMENTOS,1.0,114.0,220.0
2022-05-31,V011141,VALPROICO ÁCIDO CÁPSULA 250MG,237,MEDICAMENTOS,1.0,114.0,220.0
2022-06-30,V011141,VALPROICO ÁCIDO CÁPSULA 250MG,552,MEDICAMENTOS,1.0,114.0,220.0
2021-07-31,V012221,VALPROICO ÁCIDO JARABE 250MG/5ML X 120ML,4,MEDICAMENTOS,1.0,1440.0,5.0
2021-08-31,V012221,VALPROICO ÁCIDO JARABE 250MG/5ML X 120ML,5,MEDICAMENTOS,1.0,1440.0,5.0
2021-09-30,V012221,VALPROICO ÁCIDO JARABE 250MG/5ML X 120ML,3,MEDICAMENTOS,1.0,1440.0,5.0
2021-10-31,V012221,VALPROICO ÁCIDO JARABE 250MG/5ML X 120ML,4,MEDICAMENTOS,1.0,1440.0,5.0
2021-11-30,V012221,VALPROICO ÁCIDO JARABE 250MG/5ML X 120ML,0,MEDICAMENTOS,1.0,1440.0,5.0
2021-12-31,V012221,VALPROICO ÁCIDO JARABE 250MG/5ML X 120ML,8,MEDICAMENTOS,1.0,1440.0,5.0
2022-01-31,V012221,VALPROICO ÁCIDO JARABE 250MG/5ML X 120ML,6,MEDICAMENTOS,1.0,1440.0,5.0
2022-02-28,V012221,VALPROICO ÁCIDO JARABE 250MG/5ML X 120ML,8,MEDICAMENTOS,1.0,1440.0,5.0
2022-03-31,V012221,VALPROICO ÁCIDO JARABE 250MG/5ML X 120ML,7,MEDICAMENTOS,1.0,1440.0,5.0
2022-04-30,V012221,VALPROICO ÁCIDO JARABE 250MG/5ML X 120ML,2,MEDICAMENTOS,1.0,1440.0,5.0
2022-05-31,V012221,VALPROICO ÁCIDO JARABE 250MG/5ML X 120ML,22,MEDICAMENTOS,1.0,1440.0,5.0
2022-06-30,V012221,VALPROICO ÁCIDO JARABE 250MG/5ML X 120ML,18,MEDICAMENTOS,1.0,1440.0,5.0
2021-07-31,V013721,VANCOMICINA 500MG POLVO LIOFILIZADO ,1336,MEDICAMENTOS,1.0,11427.5,282.0
2021-08-31,V013721,VANCOMICINA 500MG POLVO LIOFILIZADO ,1228,MEDICAMENTOS,1.0,11427.5,282.0
2021-09-30,V013721,VANCOMICINA 500MG POLVO LIOFILIZADO ,1477,MEDICAMENTOS,1.0,11427.5,282.0
2021-10-31,V013721,VANCOMICINA 500MG POLVO LIOFILIZADO ,1519,MEDICAMENTOS,1.0,11427.5,282.0
2021-11-30,V013721,VANCOMICINA 500MG POLVO LIOFILIZADO ,1492,MEDICAMENTOS,1.0,11427.5,282.0
2021-12-31,V013721,VANCOMICINA 500MG POLVO LIOFILIZADO ,1609,MEDICAMENTOS,1.0,11427.5,282.0
2022-01-31,V013721,VANCOMICINA 500MG POLVO LIOFILIZADO ,1922,MEDICAMENTOS,1.0,11427.5,282.0
2022-02-28,V013721,VANCOMICINA 500MG POLVO LIOFILIZADO ,1587,MEDICAMENTOS,1.0,11427.5,282.0
2022-03-31,V013721,VANCOMICINA 500MG POLVO LIOFILIZADO ,1736,MEDICAMENTOS,1.0,11427.5,282.0
2022-04-30,V013721,VANCOMICINA 500MG POLVO LIOFILIZADO ,1887,MEDICAMENTOS,1.0,11427.5,282.0
2022-05-31,V013721,VANCOMICINA 500MG POLVO LIOFILIZADO ,1716,MEDICAMENTOS,1.0,11427.5,282.0
2022-06-30,V013721,VANCOMICINA 500MG POLVO LIOFILIZADO ,1372,MEDICAMENTOS,1.0,11427.5,282.0
2021-07-31,V015721,VECURONIO BROMURO POLVO LIOFILIZADO 10MG,144,MEDICAMENTOS,1.0,10536.0,230.0
2021-08-31,V015721,VECURONIO BROMURO POLVO LIOFILIZADO 10MG,28,MEDICAMENTOS,1.0,10536.0,230.0
2021-09-30,V015721,VECURONIO BROMURO POLVO LIOFILIZADO 10MG,30,MEDICAMENTOS,1.0,10536.0,230.0
2021-10-31,V015721,VECURONIO BROMURO POLVO LIOFILIZADO 10MG,149,MEDICAMENTOS,1.0,10536.0,230.0
2021-11-30,V015721,VECURONIO BROMURO POLVO LIOFILIZADO 10MG,111,MEDICAMENTOS,1.0,10536.0,230.0
2021-12-31,V015721,VECURONIO BROMURO POLVO LIOFILIZADO 10MG,117,MEDICAMENTOS,1.0,10536.0,230.0
2022-01-31,V015721,VECURONIO BROMURO POLVO LIOFILIZADO 10MG,391,MEDICAMENTOS,1.0,10536.0,230.0
2022-02-28,V015721,VECURONIO BROMURO POLVO LIOFILIZADO 10MG,120,MEDICAMENTOS,1.0,10536.0,230.0
2022-03-31,V015721,VECURONIO BROMURO POLVO LIOFILIZADO 10MG,270,MEDICAMENTOS,1.0,10536.0,230.0
2022-04-30,V015721,VECURONIO BROMURO POLVO LIOFILIZADO 10MG,106,MEDICAMENTOS,1.0,10536.0,230.0
2022-05-31,V015721,VECURONIO BROMURO POLVO LIOFILIZADO 10MG,203,MEDICAMENTOS,1.0,10536.0,230.0
2022-06-30,V015721,VECURONIO BROMURO POLVO LIOFILIZADO 10MG,413,MEDICAMENTOS,1.0,10536.0,230.0
2021-07-31,V016011,VERAPAMILO TABLETA 120MG,15,MEDICAMENTOS,1.0,99.0,10.0
2021-08-31,V016011,VERAPAMILO TABLETA 120MG,59,MEDICAMENTOS,1.0,99.0,10.0
2021-09-30,V016011,VERAPAMILO TABLETA 120MG,44,MEDICAMENTOS,1.0,99.0,10.0
2021-10-31,V016011,VERAPAMILO TABLETA 120MG,4,MEDICAMENTOS,1.0,99.0,10.0
2021-11-30,V016011,VERAPAMILO TABLETA 120MG,0,MEDICAMENTOS,1.0,99.0,10.0
2021-12-31,V016011,VERAPAMILO TABLETA 120MG,4,MEDICAMENTOS,1.0,99.0,10.0
2022-01-31,V016011,VERAPAMILO TABLETA 120MG,2,MEDICAMENTOS,1.0,99.0,10.0
2022-02-28,V016011,VERAPAMILO TABLETA 120MG,16,MEDICAMENTOS,1.0,99.0,10.0
2022-03-31,V016011,VERAPAMILO TABLETA 120MG,0,MEDICAMENTOS,1.0,99.0,10.0
2022-04-30,V016011,VERAPAMILO TABLETA 120MG,0,MEDICAMENTOS,1.0,99.0,10.0
2022-05-31,V016011,VERAPAMILO TABLETA 120MG,0,MEDICAMENTOS,1.0,99.0,10.0
2022-06-30,V016011,VERAPAMILO TABLETA 120MG,37,MEDICAMENTOS,1.0,99.0,10.0
2021-07-31,V016141,VERAPAMILO TABLETA 80MG,4,MEDICAMENTOS,1.0,55.0,36.0
2021-08-31,V016141,VERAPAMILO TABLETA 80MG,4,MEDICAMENTOS,1.0,55.0,36.0
2021-09-30,V016141,VERAPAMILO TABLETA 80MG,11,MEDICAMENTOS,1.0,55.0,36.0
2021-10-31,V016141,VERAPAMILO TABLETA 80MG,5,MEDICAMENTOS,1.0,55.0,36.0
2021-11-30,V016141,VERAPAMILO TABLETA 80MG,0,MEDICAMENTOS,1.0,55.0,36.0
2021-12-31,V016141,VERAPAMILO TABLETA 80MG,2,MEDICAMENTOS,1.0,55.0,36.0
2022-01-31,V016141,VERAPAMILO TABLETA 80MG,34,MEDICAMENTOS,1.0,55.0,36.0
2022-02-28,V016141,VERAPAMILO TABLETA 80MG,12,MEDICAMENTOS,1.0,55.0,36.0
2022-03-31,V016141,VERAPAMILO TABLETA 80MG,6,MEDICAMENTOS,1.0,55.0,36.0
2022-04-30,V016141,VERAPAMILO TABLETA 80MG,22,MEDICAMENTOS,1.0,55.0,36.0
2022-05-31,V016141,VERAPAMILO TABLETA 80MG,28,MEDICAMENTOS,1.0,55.0,36.0
2022-06-30,V016141,VERAPAMILO TABLETA 80MG,16,MEDICAMENTOS,1.0,55.0,36.0
2021-07-31,Z001201,ZIDOVUDINA SOLUCIÓN ORAL 10MG/1ML X 240ML,0,MEDICAMENTOS,1.0,,
2021-08-31,Z001201,ZIDOVUDINA SOLUCIÓN ORAL 10MG/1ML X 240ML,0,MEDICAMENTOS,1.0,,
2021-09-30,Z001201,ZIDOVUDINA SOLUCIÓN ORAL 10MG/1ML X 240ML,0,MEDICAMENTOS,1.0,,
2021-10-31,Z001201,ZIDOVUDINA SOLUCIÓN ORAL 10MG/1ML X 240ML,0,MEDICAMENTOS,1.0,,
2021-11-30,Z001201,ZIDOVUDINA SOLUCIÓN ORAL 10MG/1ML X 240ML,1,MEDICAMENTOS,1.0,,
2021-12-31,Z001201,ZIDOVUDINA SOLUCIÓN ORAL 10MG/1ML X 240ML,0,MEDICAMENTOS,1.0,,
2022-01-31,Z001201,ZIDOVUDINA SOLUCIÓN ORAL 10MG/1ML X 240ML,0,MEDICAMENTOS,1.0,,
2022-02-28,Z001201,ZIDOVUDINA SOLUCIÓN ORAL 10MG/1ML X 240ML,1,MEDICAMENTOS,1.0,,
2022-03-31,Z001201,ZIDOVUDINA SOLUCIÓN ORAL 10MG/1ML X 240ML,1,MEDICAMENTOS,1.0,,
2022-04-30,Z001201,ZIDOVUDINA SOLUCIÓN ORAL 10MG/1ML X 240ML,0,MEDICAMENTOS,1.0,,
2022-05-31,Z001201,ZIDOVUDINA SOLUCIÓN ORAL 10MG/1ML X 240ML,0,MEDICAMENTOS,1.0,,
2022-06-30,Z001201,ZIDOVUDINA SOLUCIÓN ORAL 10MG/1ML X 240ML,0,MEDICAMENTOS,1.0,,
2021-07-31,Z002721,ZOLEDRONICO ÁCIDO POLVO LIOFILIZADO 4MG/5ML ,1,MEDICAMENTOS,1.0,31150.0,1.0
2021-08-31,Z002721,ZOLEDRONICO ÁCIDO POLVO LIOFILIZADO 4MG/5ML ,0,MEDICAMENTOS,1.0,31150.0,1.0
2021-09-30,Z002721,ZOLEDRONICO ÁCIDO POLVO LIOFILIZADO 4MG/5ML ,1,MEDICAMENTOS,1.0,31150.0,1.0
2021-10-31,Z002721,ZOLEDRONICO ÁCIDO POLVO LIOFILIZADO 4MG/5ML ,2,MEDICAMENTOS,1.0,31150.0,1.0
2021-11-30,Z002721,ZOLEDRONICO ÁCIDO POLVO LIOFILIZADO 4MG/5ML ,1,MEDICAMENTOS,1.0,31150.0,1.0
2021-12-31,Z002721,ZOLEDRONICO ÁCIDO POLVO LIOFILIZADO 4MG/5ML ,0,MEDICAMENTOS,1.0,31150.0,1.0
2022-01-31,Z002721,ZOLEDRONICO ÁCIDO POLVO LIOFILIZADO 4MG/5ML ,2,MEDICAMENTOS,1.0,31150.0,1.0
2022-02-28,Z002721,ZOLEDRONICO ÁCIDO POLVO LIOFILIZADO 4MG/5ML ,0,MEDICAMENTOS,1.0,31150.0,1.0
2022-03-31,Z002721,ZOLEDRONICO ÁCIDO POLVO LIOFILIZADO 4MG/5ML ,0,MEDICAMENTOS,1.0,31150.0,1.0
2022-04-30,Z002721,ZOLEDRONICO ÁCIDO POLVO LIOFILIZADO 4MG/5ML ,0,MEDICAMENTOS,1.0,31150.0,1.0
2022-05-31,Z002721,ZOLEDRONICO ÁCIDO POLVO LIOFILIZADO 4MG/5ML ,1,MEDICAMENTOS,1.0,31150.0,1.0
2022-06-30,Z002721,ZOLEDRONICO ÁCIDO POLVO LIOFILIZADO 4MG/5ML ,2,MEDICAMENTOS,1.0,31150.0,1.0
