fecha,producto_id,demanda,categoria_abc,variabilidad,usar_ml,prediccion_xgboost,prediccion_baseline_3m,prediccion_final,metodo_usado,error_final
2022-04-01,0002101,2746,A,Baja,True,1712.8015,1785.3333333333333,1712.801513671875,XGBoost,-1033.198486328125
2022-05-01,0002101,1790,A,Baja,True,1975.4479,2118.3333333333335,1975.4478759765625,XGBoost,185.4478759765625
2022-06-01,0002101,1439,A,Baja,True,1887.7809,2100.6666666666665,1887.7808837890625,XGBoost,448.7808837890625
2022-04-01,0004721,49,C,Alta,True,2.267466,6.333333333333333,2.2674660682678223,XGBoost,-46.73253393173218
2022-05-01,0004721,0,C,Alta,True,0.52879083,22.666666666666668,0.5287908315658569,XGBoost,0.5287908315658569
2022-06-01,0004721,0,C,Alta,True,0.0,22.666666666666668,0.0,XGBoost,0.0
2022-04-01,0006422,1,C,Alta,True,0.619709,1.0,0.6197090148925781,XGBoost,-0.3802909851074219
2022-05-01,0006422,3,C,Alta,True,0.6244403,1.0,0.6244403123855591,XGBoost,-2.375559687614441
2022-06-01,0006422,0,C,Alta,True,0.4406973,1.3333333333333333,0.4406973123550415,XGBoost,0.4406973123550415
2022-04-01,100317,182,B,Baja,True,181.3612,177.0,181.3612060546875,XGBoost,-0.6387939453125
2022-05-01,100317,197,B,Baja,True,147.05472,164.33333333333334,147.05471801757812,XGBoost,-49.945281982421875
2022-06-01,100317,133,B,Baja,True,151.35323,203.66666666666666,151.3532257080078,XGBoost,18.353225708007812
2022-04-01,103662,0,C,Alta,True,1.9890347,4.0,1.989034652709961,XGBoost,1.989034652709961
2022-05-01,103662,3,C,Alta,True,1.171915,3.6666666666666665,1.171915054321289,XGBoost,-1.828084945678711
2022-06-01,103662,1,C,Alta,True,1.7728369,1.6666666666666667,1.7728369235992432,XGBoost,0.7728369235992432
2022-04-01,105719,1,C,Alta,True,0.26550674,0.0,0.2655067443847656,XGBoost,-0.7344932556152344
2022-05-01,105719,0,C,Alta,True,0.40140516,0.3333333333333333,0.4014051556587219,XGBoost,0.4014051556587219
2022-06-01,105719,0,C,Alta,True,0.2771517,0.3333333333333333,0.2771517038345337,XGBoost,0.2771517038345337
2022-04-01,110028,0,C,Alta,True,0.46207902,0.0,0.4620790183544159,XGBoost,0.4620790183544159
2022-05-01,110028,0,C,Alta,True,0.64156675,0.0,0.6415667533874512,XGBoost,0.6415667533874512
2022-06-01,110028,0,C,Alta,True,0.39504448,0.0,0.3950444757938385,XGBoost,0.3950444757938385
2022-04-01,118494,3,C,Media,False,1.6185317,1.6666666666666667,1.6666666666666667,Media móvil,-1.3333333333333333
2022-05-01,118494,0,C,Media,False,1.1973608,2.6666666666666665,2.6666666666666665,Media móvil,2.6666666666666665
2022-06-01,118494,3,C,Media,False,1.1750543,1.6666666666666667,1.6666666666666667,Media móvil,-1.3333333333333333
2022-04-01,119580,0,C,Alta,True,0.29177117,0.0,0.29177117347717285,XGBoost,0.29177117347717285
2022-05-01,119580,0,C,Alta,True,0.26923072,0.0,0.2692307233810425,XGBoost,0.2692307233810425
2022-06-01,119580,0,C,Alta,True,0.25488576,0.0,0.2548857629299164,XGBoost,0.2548857629299164
2022-04-01,120804,2,C,Alta,True,0.26829854,0.0,0.26829853653907776,XGBoost,-1.7317014634609222
2022-05-01,120804,0,C,Alta,True,0.15546769,0.6666666666666666,0.155467689037323,XGBoost,0.155467689037323
2022-06-01,120804,0,C,Alta,True,0.06923026,0.6666666666666666,0.06923025846481323,XGBoost,0.06923025846481323
2022-04-01,120898,84,C,Media,False,45.505363,33.333333333333336,33.333333333333336,Media móvil,-50.666666666666664
2022-05-01,120898,184,C,Media,False,48.76227,60.0,60.0,Media móvil,-124.0
2022-06-01,120898,112,C,Media,False,43.56615,111.33333333333333,111.33333333333333,Media móvil,-0.6666666666666714
2022-04-01,120900,107,C,Media,False,50.062294,45.333333333333336,45.333333333333336,Media móvil,-61.666666666666664
2022-05-01,120900,9,C,Media,False,78.55565,67.0,67.0,Media móvil,58.0
2022-06-01,120900,227,C,Media,False,18.747328,54.0,54.0,Media móvil,-173.0
2022-04-01,125690,0,C,Alta,True,0.07547541,1.3333333333333333,0.07547540962696075,XGBoost,0.07547540962696075
2022-05-01,125690,0,C,Alta,True,0.016291467,1.3333333333333333,0.01629146747291088,XGBoost,0.01629146747291088
2022-06-01,125690,0,C,Alta,True,0.2969,0.0,0.2969000041484833,XGBoost,0.2969000041484833
2022-04-01,129788,0,C,Alta,True,0.0,8.0,0.0,XGBoost,0.0
2022-05-01,129788,0,C,Alta,True,0.0,8.0,0.0,XGBoost,0.0
2022-06-01,129788,0,C,Alta,True,0.0,0.0,0.0,XGBoost,0.0
2022-04-01,131059,0,C,Alta,True,0.6784302,0.0,0.6784301996231079,XGBoost,0.6784301996231079
2022-05-01,131059,233,C,Alta,True,1.4530075,0.0,1.453007459640503,XGBoost,-231.5469925403595
2022-06-01,131059,21,C,Alta,True,0.3766094,77.66666666666667,0.3766094148159027,XGBoost,-20.623390585184097
2022-04-01,131589,5,C,Alta,True,0.80621254,0.0,0.8062125444412231,XGBoost,-4.193787455558777
2022-05-01,131589,0,C,Alta,True,0.9110254,1.6666666666666667,0.9110254049301147,XGBoost,0.9110254049301147
2022-06-01,131589,1,C,Alta,True,0.651214,1.6666666666666667,0.6512140035629272,XGBoost,-0.34878599643707275
2022-04-01,134746,109,B,Media,True,215.1123,159.66666666666666,215.1123046875,XGBoost,106.1123046875
2022-05-01,134746,99,B,Media,True,133.65169,182.33333333333334,133.6516876220703,XGBoost,34.65168762207031
2022-06-01,134746,241,B,Media,True,130.09668,173.33333333333334,130.0966796875,XGBoost,-110.9033203125
2022-04-01,136905,0,C,Alta,True,0.33112428,0.0,0.33112427592277527,XGBoost,0.33112427592277527
2022-05-01,136905,18,C,Alta,True,0.38514563,0.0,0.3851456344127655,XGBoost,-17.614854365587234
2022-06-01,136905,0,C,Alta,True,0.3898591,6.0,0.3898591101169586,XGBoost,0.3898591101169586
2022-04-01,145329,267,B,Baja,True,245.51501,238.0,245.5150146484375,XGBoost,-21.4849853515625
2022-05-01,145329,529,B,Baja,True,243.02184,246.33333333333334,243.02183532714844,XGBoost,-285.97816467285156
2022-06-01,145329,470,B,Baja,True,351.2784,311.0,351.2784118652344,XGBoost,-118.72158813476562
2022-04-01,145537,0,C,Alta,True,2.130361,0.0,2.1303610801696777,XGBoost,2.1303610801696777
2022-05-01,145537,152,C,Alta,True,3.2697282,0.0,3.269728183746338,XGBoost,-148.73027181625366
2022-06-01,145537,0,C,Alta,True,0.0,50.666666666666664,0.0,XGBoost,0.0
2022-04-01,145933,51,B,Baja,True,79.52003,75.0,79.52002716064453,XGBoost,28.52002716064453
2022-05-01,145933,65,B,Baja,True,85.66784,62.333333333333336,85.66783905029297,XGBoost,20.66783905029297
2022-06-01,145933,58,B,Baja,True,78.70537,64.0,78.70536804199219,XGBoost,20.705368041992188
2022-04-01,151766,169,C,Alta,True,1.9287386,0.0,1.9287385940551758,XGBoost,-167.07126140594482
2022-05-01,151766,0,C,Alta,True,4.1791096,56.333333333333336,4.179109573364258,XGBoost,4.179109573364258
2022-06-01,151766,0,C,Alta,True,14.1813,56.333333333333336,14.181300163269043,XGBoost,14.181300163269043
2022-04-01,152912,29,C,Media,False,40.862354,43.666666666666664,43.666666666666664,Media móvil,14.666666666666664
2022-05-01,152912,4,C,Media,False,36.28069,34.333333333333336,34.333333333333336,Media móvil,30.333333333333336
2022-06-01,152912,0,C,Media,False,18.67286,33.333333333333336,33.333333333333336,Media móvil,33.333333333333336
2022-04-01,153257,94,C,Media,False,15.781763,70.0,70.0,Media móvil,-24.0
2022-05-01,153257,18,C,Media,False,45.749065,63.666666666666664,63.666666666666664,Media móvil,45.666666666666664
2022-06-01,153257,54,C,Media,False,32.321907,45.666666666666664,45.666666666666664,Media móvil,-8.333333333333336
2022-04-01,157471,0,C,Alta,True,18.055704,53.333333333333336,18.05570411682129,XGBoost,18.05570411682129
2022-05-01,157471,0,C,Alta,True,0.7364744,52.333333333333336,0.7364743947982788,XGBoost,0.7364743947982788
2022-06-01,157471,0,C,Alta,True,0.0,0.0,0.0,XGBoost,0.0
2022-04-01,160729,29,C,Alta,True,0.388001,0.0,0.3880009949207306,XGBoost,-28.61199900507927
2022-05-01,160729,0,C,Alta,True,0.0,9.666666666666666,0.0,XGBoost,0.0
2022-06-01,160729,0,C,Alta,True,0.19708617,9.666666666666666,0.1970861703157425,XGBoost,0.1970861703157425
2022-04-01,162236,4,C,Media,False,2.2385602,0.3333333333333333,0.3333333333333333,Media móvil,-3.6666666666666665
2022-05-01,162236,5,C,Media,False,2.72641,1.6666666666666667,1.6666666666666667,Media móvil,-3.333333333333333
2022-06-01,162236,4,C,Media,False,2.4866402,3.0,3.0,Media móvil,-1.0
2022-04-01,162378,0,C,Alta,True,0.4609054,0.0,0.46090540289878845,XGBoost,0.46090540289878845
2022-05-01,162378,0,C,Alta,True,0.3563239,0.0,0.35632389783859253,XGBoost,0.35632389783859253
2022-06-01,162378,0,C,Alta,True,0.5275314,0.0,0.5275313854217529,XGBoost,0.5275313854217529
2022-04-01,162558,0,C,Alta,True,1.7985644,11.666666666666666,1.7985644340515137,XGBoost,1.7985644340515137
2022-05-01,162558,25,C,Alta,True,2.730733,7.666666666666667,2.7307329177856445,XGBoost,-22.269267082214355
2022-06-01,162558,13,C,Alta,True,4.518928,16.0,4.518928050994873,XGBoost,-8.481071949005127
2022-04-01,162958,30,C,Alta,True,11.06312,20.0,11.063119888305664,XGBoost,-18.936880111694336
2022-05-01,162958,0,C,Alta,True,10.459708,20.0,10.459708213806152,XGBoost,10.459708213806152
2022-06-01,162958,0,C,Alta,True,21.26391,20.0,21.2639102935791,XGBoost,21.2639102935791
2022-04-01,164333,3,C,Alta,True,1.2362206,22.666666666666668,1.2362205982208252,XGBoost,-1.7637794017791748
2022-05-01,164333,9,C,Alta,True,0.0,22.0,0.0,XGBoost,-9.0
2022-06-01,164333,5,C,Alta,True,1.4802499,21.0,1.4802498817443848,XGBoost,-3.5197501182556152
2022-04-01,171762,17,C,Media,False,3.0982876,2.0,2.0,Media móvil,-15.0
2022-05-01,171762,30,C,Media,False,3.8425927,7.666666666666667,7.666666666666667,Media móvil,-22.333333333333332
2022-06-01,171762,7,C,Media,False,3.9773612,15.666666666666666,15.666666666666666,Media móvil,8.666666666666666
2022-04-01,19973360,57,C,Baja,False,33.29323,24.333333333333332,24.333333333333332,Media móvil,-32.66666666666667
2022-05-01,19973360,29,C,Baja,False,50.187477,35.0,35.0,Media móvil,6.0
2022-06-01,19973360,34,C,Baja,False,41.15193,33.666666666666664,33.666666666666664,Media móvil,-0.3333333333333357
2022-04-01,200061,5,C,Alta,True,0.5360646,0.0,0.536064624786377,XGBoost,-4.463935375213623
2022-05-01,200061,0,C,Alta,True,0.68546927,1.6666666666666667,0.6854692697525024,XGBoost,0.6854692697525024
2022-06-01,200061,0,C,Alta,True,0.60402834,1.6666666666666667,0.6040283441543579,XGBoost,0.6040283441543579
2022-04-01,200072,0,C,Alta,True,0.15100676,0.6666666666666666,0.1510067582130432,XGBoost,0.1510067582130432
2022-05-01,200072,0,C,Alta,True,0.034574784,0.6666666666666666,0.034574784338474274,XGBoost,0.034574784338474274
2022-06-01,200072,0,C,Alta,True,0.05887388,0.6666666666666666,0.05887388065457344,XGBoost,0.05887388065457344
2022-04-01,2001990802,0,C,Alta,True,2.6561186,3.3333333333333335,2.656118631362915,XGBoost,2.656118631362915
2022-05-01,2001990802,0,C,Alta,True,2.2608526,0.0,2.260852575302124,XGBoost,2.260852575302124
2022-06-01,2001990802,0,C,Alta,True,2.7509234,0.0,2.7509233951568604,XGBoost,2.7509233951568604
2022-04-01,20039341,3,C,Alta,True,0.32891014,0.6666666666666666,0.32891014218330383,XGBoost,-2.671089857816696
2022-05-01,20039341,0,C,Alta,True,0.29426667,1.0,0.2942666709423065,XGBoost,0.2942666709423065
2022-06-01,20039341,0,C,Alta,True,0.5475993,1.0,0.5475993156433105,XGBoost,0.5475993156433105
2022-04-01,6421,2,C,Alta,True,0.40017003,0.0,0.4001700282096863,XGBoost,-1.5998299717903137
2022-05-01,6421,0,C,Alta,True,0.2888112,0.6666666666666666,0.28881120681762695,XGBoost,0.28881120681762695
2022-06-01,6421,0,C,Alta,True,0.16527098,0.6666666666666666,0.16527098417282104,XGBoost,0.16527098417282104
2022-04-01,700010,59,B,Media,True,131.24263,261.6666666666667,131.2426300048828,XGBoost,72.24263000488281
2022-05-01,700010,204,B,Media,True,113.864746,165.33333333333334,113.86474609375,XGBoost,-90.13525390625
2022-06-01,700010,289,B,Media,True,170.1603,156.33333333333334,170.16029357910156,XGBoost,-118.83970642089844
2022-04-01,700021,27,C,Media,False,52.19821,28.0,28.0,Media móvil,1.0
2022-05-01,700021,19,C,Media,False,36.10293,32.0,32.0,Media móvil,13.0
2022-06-01,700021,5,C,Media,False,12.264241,37.333333333333336,37.333333333333336,Media móvil,32.333333333333336
2022-04-01,700067,38,C,Baja,False,61.932858,51.333333333333336,51.333333333333336,Media móvil,13.333333333333336
2022-05-01,700067,76,C,Baja,False,70.39822,45.333333333333336,45.333333333333336,Media móvil,-30.666666666666664
2022-06-01,700067,104,C,Baja,False,71.89771,55.333333333333336,55.333333333333336,Media móvil,-48.666666666666664
2022-04-01,700131,7,C,Alta,True,2.4175446,3.0,2.4175446033477783,XGBoost,-4.582455396652222
2022-05-01,700131,0,C,Alta,True,0.8227265,5.0,0.8227264881134033,XGBoost,0.8227264881134033
2022-06-01,700131,2,C,Alta,True,1.3849084,4.333333333333333,1.3849084377288818,XGBoost,-0.6150915622711182
2022-04-01,700142,43,C,Baja,False,38.52801,54.333333333333336,54.333333333333336,Media móvil,11.333333333333336
2022-05-01,700142,29,C,Baja,False,47.422718,48.666666666666664,48.666666666666664,Media móvil,19.666666666666664
2022-06-01,700142,11,C,Baja,False,41.232098,35.0,35.0,Media móvil,24.0
2022-04-01,700145,0,C,Alta,True,0.08178447,0.0,0.08178447186946869,XGBoost,0.08178447186946869
2022-05-01,700145,20,C,Alta,True,0.118180394,0.0,0.11818039417266846,XGBoost,-19.88181960582733
2022-06-01,700145,0,C,Alta,True,0.1963384,6.666666666666667,0.19633840024471283,XGBoost,0.19633840024471283
2022-04-01,700203,0,C,Alta,True,0.119691685,0.0,0.11969168484210968,XGBoost,0.11969168484210968
2022-05-01,700203,1,C,Alta,True,0.19448894,0.0,0.19448894262313843,XGBoost,-0.8055110573768616
2022-06-01,700203,0,C,Alta,True,0.14647642,0.3333333333333333,0.14647641777992249,XGBoost,0.14647641777992249
2022-04-01,700245,1,C,Alta,True,0.0,0.0,0.0,XGBoost,-1.0
2022-05-01,700245,0,C,Alta,True,0.22885104,0.3333333333333333,0.22885103523731232,XGBoost,0.22885103523731232
2022-06-01,700245,0,C,Alta,True,0.19870916,0.3333333333333333,0.1987091600894928,XGBoost,0.1987091600894928
2022-04-01,700290,4,C,Alta,True,1.6014872,1.0,1.601487159729004,XGBoost,-2.398512840270996
2022-05-01,700290,0,C,Alta,True,1.1051211,2.3333333333333335,1.10512113571167,XGBoost,1.10512113571167
2022-06-01,700290,2,C,Alta,True,1.0116053,2.0,1.0116052627563477,XGBoost,-0.9883947372436523
2022-04-01,700302,3,C,Alta,True,0.5387703,0.0,0.538770318031311,XGBoost,-2.461229681968689
2022-05-01,700302,2,C,Alta,True,0.29477945,1.0,0.2947794497013092,XGBoost,-1.7052205502986908
2022-06-01,700302,0,C,Alta,True,0.19492088,1.6666666666666667,0.1949208825826645,XGBoost,0.1949208825826645
2022-04-01,700307,84,C,Media,False,30.651638,66.66666666666667,66.66666666666667,Media móvil,-17.33333333333333
2022-05-01,700307,117,C,Media,False,22.807844,67.66666666666667,67.66666666666667,Media móvil,-49.33333333333333
2022-06-01,700307,58,C,Media,False,22.633266,90.66666666666667,90.66666666666667,Media móvil,32.66666666666667
2022-04-01,700308,0,C,Alta,True,0.099877976,0.0,0.0998779758810997,XGBoost,0.0998779758810997
2022-05-01,700308,18,C,Alta,True,0.122515045,0.0,0.12251504510641098,XGBoost,-17.87748495489359
2022-06-01,700308,0,C,Alta,True,0.2536458,6.0,0.25364580750465393,XGBoost,0.25364580750465393
2022-04-01,700310,1,C,Alta,True,0.09673077,0.3333333333333333,0.09673076868057251,XGBoost,-0.9032692313194275
2022-05-01,700310,0,C,Alta,True,0.12047484,0.6666666666666666,0.12047483772039413,XGBoost,0.12047483772039413
2022-06-01,700310,0,C,Alta,True,0.057669453,0.3333333333333333,0.05766945332288742,XGBoost,0.05766945332288742
2022-04-01,700319,6,C,Media,False,2.6775436,4.333333333333333,4.333333333333333,Media móvil,-1.666666666666667
2022-05-01,700319,4,C,Media,False,2.300989,4.666666666666667,4.666666666666667,Media móvil,0.666666666666667
2022-06-01,700319,2,C,Media,False,1.4155297,5.0,5.0,Media móvil,3.0
2022-04-01,700320,0,C,Alta,True,0.7230395,0.3333333333333333,0.7230395078659058,XGBoost,0.7230395078659058
2022-05-01,700320,4,C,Alta,True,0.6227243,0.3333333333333333,0.6227242946624756,XGBoost,-3.3772757053375244
2022-06-01,700320,0,C,Alta,True,0.45134762,1.6666666666666667,0.45134761929512024,XGBoost,0.45134761929512024
2022-04-01,700326,2,C,Media,False,2.3241396,1.6666666666666667,1.6666666666666667,Media móvil,-0.33333333333333326
2022-05-01,700326,2,C,Media,False,4.2456274,1.0,1.0,Media móvil,-1.0
2022-06-01,700326,0,C,Media,False,3.8094077,1.3333333333333333,1.3333333333333333,Media móvil,1.3333333333333333
2022-04-01,700401,0,C,Alta,True,0.5097406,1.6666666666666667,0.5097405910491943,XGBoost,0.5097405910491943
2022-05-01,700401,0,C,Alta,True,0.9588455,0.3333333333333333,0.9588454961776733,XGBoost,0.9588454961776733
2022-06-01,700401,1,C,Alta,True,0.8950815,0.0,0.8950815200805664,XGBoost,-0.1049184799194336
2022-04-01,700410,0,C,Alta,True,1.3058324,3.0,1.3058323860168457,XGBoost,1.3058323860168457
2022-05-01,700410,0,C,Alta,True,1.3464761,3.0,1.3464760780334473,XGBoost,1.3464760780334473
2022-06-01,700410,4,C,Alta,True,1.1224766,3.0,1.122476577758789,XGBoost,-2.877523422241211
2022-04-01,700422,1,C,Media,False,0.94875395,0.6666666666666666,0.6666666666666666,Media móvil,-0.33333333333333337
2022-05-01,700422,1,C,Media,False,0.79196584,0.6666666666666666,0.6666666666666666,Media móvil,-0.33333333333333337
2022-06-01,700422,0,C,Media,False,0.97019863,1.0,1.0,Media móvil,1.0
2022-04-01,700441,24,C,Baja,False,34.109013,35.0,35.0,Media móvil,11.0
2022-05-01,700441,40,C,Baja,False,34.528217,33.666666666666664,33.666666666666664,Media móvil,-6.333333333333336
2022-06-01,700441,28,C,Baja,False,43.72694,34.0,34.0,Media móvil,6.0
2022-04-01,700525,3,C,Alta,True,0.9541154,0.0,0.9541153907775879,XGBoost,-2.045884609222412
2022-05-01,700525,4,C,Alta,True,1.8130155,1.0,1.8130154609680176,XGBoost,-2.1869845390319824
2022-06-01,700525,2,C,Alta,True,1.336113,2.3333333333333335,1.3361129760742188,XGBoost,-0.6638870239257812
2022-04-01,700543,5115,A,Baja,True,6955.9473,7722.333333333333,6955.947265625,XGBoost,1840.947265625
2022-05-01,700543,13713,A,Baja,True,7262.253,5788.0,7262.2529296875,XGBoost,-6450.7470703125
2022-06-01,700543,14404,A,Baja,True,8747.515,8091.333333333333,8747.5146484375,XGBoost,-5656.4853515625
2022-04-01,700544,0,C,Alta,True,0.14572142,7.666666666666667,0.1457214206457138,XGBoost,0.1457214206457138
2022-05-01,700544,51,C,Alta,True,8.498872,0.0,8.498871803283691,XGBoost,-42.50112819671631
2022-06-01,700544,43,C,Alta,True,4.7370567,17.0,4.737056732177734,XGBoost,-38.262943267822266
2022-04-01,700550,0,C,Alta,True,1.2728341,0.0,1.272834062576294,XGBoost,1.272834062576294
2022-05-01,700550,16,C,Alta,True,1.3903675,0.0,1.3903675079345703,XGBoost,-14.60963249206543
2022-06-01,700550,24,C,Alta,True,1.5309992,5.333333333333333,1.5309991836547852,XGBoost,-22.469000816345215
2022-04-01,700554,0,B,Media,True,90.971664,170.66666666666666,90.97166442871094,XGBoost,90.97166442871094
2022-05-01,700554,180,B,Media,True,13.623392,43.333333333333336,13.623392105102539,XGBoost,-166.37660789489746
2022-06-01,700554,232,B,Media,True,159.97818,81.33333333333333,159.97817993164062,XGBoost,-72.02182006835938
2022-04-01,700567,0,C,Alta,True,0.16382855,0.0,0.1638285517692566,XGBoost,0.1638285517692566
2022-05-01,700567,0,C,Alta,True,0.13288733,0.0,0.1328873336315155,XGBoost,0.1328873336315155
2022-06-01,700567,0,C,Alta,True,0.079518564,0.0,0.07951856404542923,XGBoost,0.07951856404542923
2022-04-01,700572,0,C,Alta,True,0.2132041,1.6666666666666667,0.21320410072803497,XGBoost,0.21320410072803497
2022-05-01,700572,0,C,Alta,True,0.37556753,1.6666666666666667,0.3755675256252289,XGBoost,0.3755675256252289
2022-06-01,700572,0,C,Alta,True,0.56809556,0.0,0.5680955648422241,XGBoost,0.5680955648422241
2022-04-01,700575,278,B,Baja,True,121.61064,122.33333333333333,121.61064147949219,XGBoost,-156.3893585205078
2022-05-01,700575,96,B,Baja,True,164.3304,186.33333333333334,164.3303985595703,XGBoost,68.33039855957031
2022-06-01,700575,86,B,Baja,True,114.05924,160.33333333333334,114.05924224853516,XGBoost,28.059242248535156
2022-04-01,700577,387,B,Baja,True,389.46658,426.0,389.4665832519531,XGBoost,2.466583251953125
2022-05-01,700577,343,B,Baja,True,326.88474,384.0,326.8847351074219,XGBoost,-16.115264892578125
2022-06-01,700577,385,B,Baja,True,367.787,372.0,367.7869873046875,XGBoost,-17.2130126953125
2022-04-01,700578,237,B,Baja,True,167.07617,191.0,167.076171875,XGBoost,-69.923828125
2022-05-01,700578,123,B,Baja,True,187.3153,210.33333333333334,187.3153076171875,XGBoost,64.3153076171875
2022-06-01,700578,114,B,Baja,True,151.42357,208.0,151.42356872558594,XGBoost,37.42356872558594
2022-04-01,700587,104,C,Baja,False,48.513176,90.33333333333333,90.33333333333333,Media móvil,-13.666666666666671
2022-05-01,700587,48,C,Baja,False,39.95909,95.66666666666667,95.66666666666667,Media móvil,47.66666666666667
2022-06-01,700587,32,C,Baja,False,46.576527,76.66666666666667,76.66666666666667,Media móvil,44.66666666666667
2022-04-01,700605,0,C,Alta,True,5.525641,22.333333333333332,5.525640964508057,XGBoost,5.525640964508057
2022-05-01,700605,0,C,Alta,True,3.2425513,8.0,3.242551326751709,XGBoost,3.242551326751709
2022-06-01,700605,0,C,Alta,True,4.229716,8.0,4.229715824127197,XGBoost,4.229715824127197
2022-04-01,700628,132,B,Media,True,162.29637,170.33333333333334,162.29637145996094,XGBoost,30.296371459960938
2022-05-01,700628,330,B,Media,True,184.06549,125.0,184.06549072265625,XGBoost,-145.93450927734375
2022-06-01,700628,460,B,Media,True,193.82726,195.33333333333334,193.82725524902344,XGBoost,-266.17274475097656
2022-04-01,700629,3,C,Baja,False,4.2512345,4.333333333333333,4.333333333333333,Media móvil,1.333333333333333
2022-05-01,700629,7,C,Baja,False,4.230595,4.333333333333333,4.333333333333333,Media móvil,-2.666666666666667
2022-06-01,700629,3,C,Baja,False,4.881776,4.666666666666667,4.666666666666667,Media móvil,1.666666666666667
2022-04-01,700630,0,C,Alta,True,0.5452415,0.3333333333333333,0.5452414751052856,XGBoost,0.5452414751052856
2022-05-01,700630,1,C,Alta,True,0.52960026,0.0,0.5296002626419067,XGBoost,-0.47039973735809326
2022-06-01,700630,0,C,Alta,True,0.57276714,0.3333333333333333,0.5727671384811401,XGBoost,0.5727671384811401
2022-04-01,700631,0,C,Alta,True,8.718457,53.333333333333336,8.718457221984863,XGBoost,8.718457221984863
2022-05-01,700631,0,C,Alta,True,0.35293636,52.333333333333336,0.35293635725975037,XGBoost,0.35293635725975037
2022-06-01,700631,0,C,Alta,True,0.0,0.0,0.0,XGBoost,0.0
2022-04-01,700634,1538,A,Baja,True,1640.2814,1945.0,1640.2813720703125,XGBoost,102.2813720703125
2022-05-01,700634,1724,A,Baja,True,1554.8046,1867.3333333333333,1554.8045654296875,XGBoost,-169.1954345703125
2022-06-01,700634,1781,A,Baja,True,1575.347,1839.3333333333333,1575.3470458984375,XGBoost,-205.6529541015625
2022-04-01,700639,3,C,Media,False,8.413677,23.333333333333332,23.333333333333332,Media móvil,20.333333333333332
2022-05-01,700639,61,C,Media,False,8.69309,23.666666666666668,23.666666666666668,Media móvil,-37.33333333333333
2022-06-01,700639,28,C,Media,False,9.977852,32.333333333333336,32.333333333333336,Media móvil,4.333333333333336
2022-04-01,700640,1106,A,Baja,True,665.0824,798.0,665.0823974609375,XGBoost,-440.9176025390625
2022-05-01,700640,640,A,Baja,True,501.83667,1007.3333333333334,501.836669921875,XGBoost,-138.163330078125
2022-06-01,700640,812,A,Baja,True,692.9391,812.6666666666666,692.9390869140625,XGBoost,-119.0609130859375
2022-04-01,700644,0,C,Alta,True,0.5548067,1.0,0.5548067092895508,XGBoost,0.5548067092895508
2022-05-01,700644,0,C,Alta,True,0.3995567,1.0,0.3995566964149475,XGBoost,0.3995566964149475
2022-06-01,700644,0,C,Alta,True,0.33174166,1.0,0.33174166083335876,XGBoost,0.33174166083335876
2022-04-01,700645,934,A,Baja,True,723.6146,720.0,723.6146240234375,XGBoost,-210.3853759765625
2022-05-01,700645,827,A,Baja,True,785.92487,784.6666666666666,785.9248657226562,XGBoost,-41.07513427734375
2022-06-01,700645,1034,A,Baja,True,765.91315,839.6666666666666,765.9131469726562,XGBoost,-268.08685302734375
2022-04-01,700646,84,C,Baja,False,60.380817,60.333333333333336,60.333333333333336,Media móvil,-23.666666666666664
2022-05-01,700646,16,C,Baja,False,68.547745,68.33333333333333,68.33333333333333,Media móvil,52.33333333333333
2022-06-01,700646,68,C,Baja,False,42.18024,46.0,46.0,Media móvil,-22.0
2022-04-01,700651,0,C,Alta,True,0.15787973,0.0,0.15787972509860992,XGBoost,0.15787972509860992
2022-05-01,700651,0,C,Alta,True,0.16680178,0.0,0.16680178046226501,XGBoost,0.16680178046226501
2022-06-01,700651,0,C,Alta,True,0.15361452,0.0,0.15361452102661133,XGBoost,0.15361452102661133
2022-04-01,700694,112,B,Baja,True,121.40963,132.0,121.40962982177734,XGBoost,9.409629821777344
2022-05-01,700694,195,B,Baja,True,129.66045,122.66666666666667,129.6604461669922,XGBoost,-65.33955383300781
2022-06-01,700694,94,B,Baja,True,147.2859,148.33333333333334,147.28590393066406,XGBoost,53.28590393066406
2022-04-01,700741,24,C,Media,False,15.964098,19.666666666666668,19.666666666666668,Media móvil,-4.333333333333332
2022-05-01,700741,36,C,Media,False,18.396372,16.333333333333332,16.333333333333332,Media móvil,-19.666666666666668
2022-06-01,700741,22,C,Media,False,9.871813,21.0,21.0,Media móvil,-1.0
2022-04-01,700749,0,C,Alta,True,1.88515,3.0,1.8851499557495117,XGBoost,1.8851499557495117
2022-05-01,700749,6,C,Alta,True,2.6076431,3.0,2.6076431274414062,XGBoost,-3.3923568725585938
2022-06-01,700749,4,C,Alta,True,2.2904637,2.0,2.29046368598938,XGBoost,-1.7095363140106201
2022-04-01,700757,4,C,Alta,True,0.2907348,0.0,0.29073479771614075,XGBoost,-3.7092652022838593
2022-05-01,700757,0,C,Alta,True,0.5236043,1.3333333333333333,0.5236042737960815,XGBoost,0.5236042737960815
2022-06-01,700757,0,C,Alta,True,0.61496997,1.3333333333333333,0.6149699687957764,XGBoost,0.6149699687957764
2022-04-01,700762,1,C,Alta,True,0.24621962,0.0,0.24621962010860443,XGBoost,-0.7537803798913956
2022-05-01,700762,0,C,Alta,True,0.41571897,0.3333333333333333,0.4157189726829529,XGBoost,0.4157189726829529
2022-06-01,700762,0,C,Alta,True,0.2029814,0.3333333333333333,0.2029813975095749,XGBoost,0.2029813975095749
2022-04-01,700779,0,C,Alta,True,0.60875404,0.0,0.60875403881073,XGBoost,0.60875403881073
2022-05-01,700779,0,C,Alta,True,0.61622417,0.0,0.6162241697311401,XGBoost,0.6162241697311401
2022-06-01,700779,0,C,Alta,True,0.564221,0.0,0.5642210245132446,XGBoost,0.5642210245132446
2022-04-01,700786,0,C,Alta,True,0.69038963,0.6666666666666666,0.6903896331787109,XGBoost,0.6903896331787109
2022-05-01,700786,1,C,Alta,True,0.92462635,0.6666666666666666,0.924626350402832,XGBoost,-0.07537364959716797
2022-06-01,700786,0,C,Alta,True,1.5750117,0.3333333333333333,1.5750117301940918,XGBoost,1.5750117301940918
2022-04-01,700791,3,C,Alta,True,0.11032999,1.0,0.1103299930691719,XGBoost,-2.889670006930828
2022-05-01,700791,0,C,Alta,True,0.09668419,2.0,0.09668418765068054,XGBoost,0.09668418765068054
2022-06-01,700791,0,C,Alta,True,0.05134839,1.0,0.05134838819503784,XGBoost,0.05134838819503784
2022-04-01,700800,80,C,Alta,True,1.8426132,8.0,1.8426132202148438,XGBoost,-78.15738677978516
2022-05-01,700800,5,C,Alta,True,6.2830243,27.0,6.283024311065674,XGBoost,1.2830243110656738
2022-06-01,700800,17,C,Alta,True,4.170369,28.333333333333332,4.1703691482543945,XGBoost,-12.829630851745605
2022-04-01,700809,2756,A,Baja,True,2606.8428,2865.6666666666665,2606.8427734375,XGBoost,-149.1572265625
2022-05-01,700809,3030,A,Baja,True,2426.0012,2637.6666666666665,2426.001220703125,XGBoost,-603.998779296875
2022-06-01,700809,3224,A,Baja,True,2966.1072,2723.3333333333335,2966.107177734375,XGBoost,-257.892822265625
2022-04-01,700813,2,C,Baja,False,2.0802066,2.6666666666666665,2.6666666666666665,Media móvil,0.6666666666666665
2022-05-01,700813,3,C,Baja,False,2.0178695,3.0,3.0,Media móvil,0.0
2022-06-01,700813,3,C,Baja,False,2.5326326,3.0,3.0,Media móvil,0.0
2022-04-01,700815,2,C,Alta,True,1.1325223,6.333333333333333,1.1325223445892334,XGBoost,-0.8674776554107666
2022-05-01,700815,4,C,Alta,True,2.3897564,3.0,2.389756441116333,XGBoost,-1.610243558883667
2022-06-01,700815,1,C,Alta,True,0.9323189,3.6666666666666665,0.932318925857544,XGBoost,-0.06768107414245605
2022-04-01,700817,0,C,Alta,True,0.10124082,0.3333333333333333,0.10124082118272781,XGBoost,0.10124082118272781
2022-05-01,700817,0,C,Alta,True,0.049191426,0.3333333333333333,0.0491914264857769,XGBoost,0.0491914264857769
2022-06-01,700817,0,C,Alta,True,0.030120417,0.3333333333333333,0.03012041747570038,XGBoost,0.03012041747570038
2022-04-01,700820,75,B,Media,True,43.53964,82.0,43.53963851928711,XGBoost,-31.46036148071289
2022-05-01,700820,92,B,Media,True,78.91818,47.0,78.91818237304688,XGBoost,-13.081817626953125
2022-06-01,700820,73,B,Media,True,83.43494,66.66666666666667,83.4349365234375,XGBoost,10.4349365234375
2022-04-01,700821,37,C,Media,False,13.063206,18.0,18.0,Media móvil,-19.0
2022-05-01,700821,0,C,Media,False,22.178617,14.666666666666666,14.666666666666666,Media móvil,14.666666666666666
2022-06-01,700821,45,C,Media,False,9.298013,13.666666666666666,13.666666666666666,Media móvil,-31.333333333333336
2022-04-01,700850,81,B,Baja,True,150.52852,124.33333333333333,150.5285186767578,XGBoost,69.52851867675781
2022-05-01,700850,129,B,Baja,True,131.71394,114.66666666666667,131.7139434814453,XGBoost,2.7139434814453125
2022-06-01,700850,99,B,Baja,True,157.66731,120.0,157.6673126220703,XGBoost,58.66731262207031
2022-04-01,700851,3791,A,Baja,True,3057.0996,3112.6666666666665,3057.099609375,XGBoost,-733.900390625
2022-05-01,700851,2611,A,Baja,True,3536.9873,3240.6666666666665,3536.9873046875,XGBoost,925.9873046875
2022-06-01,700851,2166,A,Baja,True,2708.7344,3034.6666666666665,2708.734375,XGBoost,542.734375
2022-04-01,700860,74,C,Baja,False,71.74493,85.33333333333333,85.33333333333333,Media móvil,11.333333333333329
2022-05-01,700860,63,C,Baja,False,71.34691,76.33333333333333,76.33333333333333,Media móvil,13.333333333333329
2022-06-01,700860,34,C,Baja,False,69.71697,79.66666666666667,79.66666666666667,Media móvil,45.66666666666667
2022-04-01,700873,0,C,Alta,True,1.8374093,5.333333333333333,1.837409257888794,XGBoost,1.837409257888794
2022-05-01,700873,0,C,Alta,True,1.5747261,5.333333333333333,1.5747261047363281,XGBoost,1.5747261047363281
2022-06-01,700873,0,C,Alta,True,1.4246566,5.333333333333333,1.424656629562378,XGBoost,1.424656629562378
2022-04-01,700883,832,A,Baja,True,930.21765,986.3333333333334,930.2176513671875,XGBoost,98.2176513671875
2022-05-01,700883,1636,A,Baja,True,935.853,820.0,935.85302734375,XGBoost,-700.14697265625
2022-06-01,700883,1747,A,Baja,True,1163.8783,1054.6666666666667,1163.8782958984375,XGBoost,-583.1217041015625
2022-04-01,700887,29,C,Baja,False,25.358204,36.333333333333336,36.333333333333336,Media móvil,7.333333333333336
2022-05-01,700887,32,C,Baja,False,41.459488,26.0,26.0,Media móvil,-6.0
2022-06-01,700887,37,C,Baja,False,43.11572,25.666666666666668,25.666666666666668,Media móvil,-11.333333333333332
2022-04-01,700893,217,B,Baja,True,161.09111,188.0,161.0911102294922,XGBoost,-55.90888977050781
2022-05-01,700893,95,B,Baja,True,154.34377,192.33333333333334,154.34376525878906,XGBoost,59.34376525878906
2022-06-01,700893,235,B,Baja,True,147.77693,148.0,147.7769317626953,XGBoost,-87.22306823730469
2022-04-01,700895,3338,A,Baja,True,2305.6406,2462.0,2305.640625,XGBoost,-1032.359375
2022-05-01,700895,3474,A,Baja,True,3054.1582,2680.0,3054.158203125,XGBoost,-419.841796875
2022-06-01,700895,2907,A,Baja,True,3371.3896,3023.3333333333335,3371.3896484375,XGBoost,464.3896484375
2022-04-01,700901,0,C,Alta,True,0.14866558,0.3333333333333333,0.14866557717323303,XGBoost,0.14866557717323303
2022-05-01,700901,0,C,Alta,True,0.09267209,0.3333333333333333,0.09267208725214005,XGBoost,0.09267208725214005
2022-06-01,700901,0,C,Alta,True,0.07281064,0.3333333333333333,0.07281064242124557,XGBoost,0.07281064242124557
2022-04-01,700907,9,C,Media,False,4.5461073,2.0,2.0,Media móvil,-7.0
2022-05-01,700907,1,C,Media,False,3.236805,4.0,4.0,Media móvil,3.0
2022-06-01,700907,1,C,Media,False,2.7076235,3.6666666666666665,3.6666666666666665,Media móvil,2.6666666666666665
2022-04-01,700917,0,C,Alta,True,0.19478577,0.6666666666666666,0.19478577375411987,XGBoost,0.19478577375411987
2022-05-01,700917,0,C,Alta,True,0.2601898,0.0,0.26018980145454407,XGBoost,0.26018980145454407
2022-06-01,700917,0,C,Alta,True,0.24270904,0.0,0.24270904064178467,XGBoost,0.24270904064178467
2022-04-01,700944,0,C,Alta,True,0.0,7.333333333333333,0.0,XGBoost,0.0
2022-05-01,700944,0,C,Alta,True,0.36932206,2.0,0.3693220615386963,XGBoost,0.3693220615386963
2022-06-01,700944,2,C,Alta,True,0.20746632,0.0,0.20746631920337677,XGBoost,-1.7925336807966232
2022-04-01,700948,61,C,Media,False,5.9410796,8.333333333333334,8.333333333333334,Media móvil,-52.666666666666664
2022-05-01,700948,0,C,Media,False,30.171179,20.666666666666668,20.666666666666668,Media móvil,20.666666666666668
2022-06-01,700948,0,C,Media,False,14.804895,20.333333333333332,20.333333333333332,Media móvil,20.333333333333332
2022-04-01,700949,0,C,Alta,True,0.2690507,0.6666666666666666,0.2690506875514984,XGBoost,0.2690506875514984
2022-05-01,700949,0,C,Alta,True,0.24044788,0.6666666666666666,0.24044787883758545,XGBoost,0.24044787883758545
2022-06-01,700949,0,C,Alta,True,0.27939844,0.0,0.27939844131469727,XGBoost,0.27939844131469727
2022-04-01,700964,126,B,Media,True,85.5142,127.66666666666667,85.51419830322266,XGBoost,-40.485801696777344
2022-05-01,700964,35,B,Media,True,95.43426,128.0,95.43425750732422,XGBoost,60.43425750732422
2022-06-01,700964,20,B,Media,True,60.46098,120.0,60.46097946166992,XGBoost,40.46097946166992
2022-04-01,700966,41,C,Media,False,20.958158,26.666666666666668,26.666666666666668,Media móvil,-14.333333333333332
2022-05-01,700966,27,C,Media,False,17.48742,31.0,31.0,Media móvil,4.0
2022-06-01,700966,29,C,Media,False,18.610014,31.666666666666668,31.666666666666668,Media móvil,2.666666666666668
2022-04-01,700967,5,C,Alta,True,17.090866,33.0,17.090866088867188,XGBoost,12.090866088867188
2022-05-01,700967,19,C,Alta,True,12.452872,5.666666666666667,12.452872276306152,XGBoost,-6.547127723693848
2022-06-01,700967,9,C,Alta,True,5.3192997,8.0,5.319299697875977,XGBoost,-3.6807003021240234
2022-04-01,700968,187,C,Media,False,19.431112,22.0,22.0,Media móvil,-165.0
2022-05-01,700968,104,C,Media,False,61.21969,71.66666666666667,71.66666666666667,Media móvil,-32.33333333333333
2022-06-01,700968,20,C,Media,False,93.06256,98.0,98.0,Media móvil,78.0
2022-04-01,700971,5,C,Media,False,13.766813,3.0,3.0,Media móvil,-2.0
2022-05-01,700971,11,C,Media,False,18.56674,3.0,3.0,Media móvil,-8.0
2022-06-01,700971,35,C,Media,False,8.943896,5.333333333333333,5.333333333333333,Media móvil,-29.666666666666668
2022-04-01,700974,20,C,Media,False,8.186364,45.666666666666664,45.666666666666664,Media móvil,25.666666666666664
2022-05-01,700974,26,C,Media,False,13.130728,29.333333333333332,29.333333333333332,Media móvil,3.333333333333332
2022-06-01,700974,20,C,Media,False,26.385399,17.0,17.0,Media móvil,-3.0
2022-04-01,700975,447,B,Media,True,124.25633,136.0,124.25633239746094,XGBoost,-322.74366760253906
2022-05-01,700975,101,B,Media,True,261.44803,204.66666666666666,261.4480285644531,XGBoost,160.44802856445312
2022-06-01,700975,65,B,Media,True,165.83278,199.0,165.83277893066406,XGBoost,100.83277893066406
2022-04-01,700980,0,C,Alta,True,14.945972,95.33333333333333,14.945972442626953,XGBoost,14.945972442626953
2022-05-01,700980,156,C,Alta,True,3.9567494,82.66666666666667,3.956749439239502,XGBoost,-152.0432505607605
2022-06-01,700980,0,C,Alta,True,3.392558,90.33333333333333,3.3925580978393555,XGBoost,3.3925580978393555
2022-04-01,700997,0,C,Alta,True,0.30838323,0.0,0.3083832263946533,XGBoost,0.3083832263946533
2022-05-01,700997,1,C,Alta,True,0.28632447,0.0,0.28632447123527527,XGBoost,-0.7136755287647247
2022-06-01,700997,0,C,Alta,True,0.47866234,0.3333333333333333,0.4786623418331146,XGBoost,0.4786623418331146
2022-04-01,701003,1,C,Alta,True,0.14246252,0.0,0.14246252179145813,XGBoost,-0.8575374782085419
2022-05-01,701003,0,C,Alta,True,0.07495783,0.3333333333333333,0.07495783269405365,XGBoost,0.07495783269405365
2022-06-01,701003,0,C,Alta,True,0.039994862,0.3333333333333333,0.03999486193060875,XGBoost,0.03999486193060875
2022-04-01,701035,4,C,Alta,True,0.174789,7.666666666666667,0.17478899657726288,XGBoost,-3.825211003422737
2022-05-01,701035,22,C,Alta,True,2.019601,2.3333333333333335,2.0196011066436768,XGBoost,-19.980398893356323
2022-06-01,701035,0,C,Alta,True,0.6632687,8.666666666666666,0.6632686853408813,XGBoost,0.6632686853408813
2022-04-01,701079,179,B,Baja,True,75.029686,67.33333333333333,75.0296859741211,XGBoost,-103.9703140258789
2022-05-01,701079,225,B,Baja,True,100.20623,97.66666666666667,100.20623016357422,XGBoost,-124.79376983642578
2022-06-01,701079,83,B,Baja,True,111.10893,153.33333333333334,111.10893249511719,XGBoost,28.108932495117188
2022-04-01,701175,0,C,Alta,True,0.98307645,0.0,0.9830764532089233,XGBoost,0.9830764532089233
2022-05-01,701175,0,C,Alta,True,1.0967255,0.0,1.0967254638671875,XGBoost,1.0967254638671875
2022-06-01,701175,24,C,Alta,True,1.4839823,0.0,1.4839823246002197,XGBoost,-22.51601767539978
2022-04-01,701210,107,B,Media,True,145.32028,100.0,145.32028198242188,XGBoost,38.320281982421875
2022-05-01,701210,81,B,Media,True,131.3507,99.0,131.35069274902344,XGBoost,50.35069274902344
2022-06-01,701210,207,B,Media,True,154.08014,112.0,154.08013916015625,XGBoost,-52.91986083984375
2022-04-01,701277,91,C,Baja,False,82.25101,115.33333333333333,115.33333333333333,Media móvil,24.33333333333333
2022-05-01,701277,124,C,Baja,False,77.03494,109.0,109.0,Media móvil,-15.0
2022-06-01,701277,112,C,Baja,False,89.14802,111.66666666666667,111.66666666666667,Media móvil,-0.3333333333333286
2022-04-01,701278,24,C,Alta,True,6.571512,4.333333333333333,6.571512222290039,XGBoost,-17.42848777770996
2022-05-01,701278,2,C,Alta,True,9.418851,10.0,9.418850898742676,XGBoost,7.418850898742676
2022-06-01,701278,29,C,Alta,True,4.0254903,9.0,4.0254902839660645,XGBoost,-24.974509716033936
2022-04-01,701279,533,A,Baja,True,459.37634,494.0,459.3763427734375,XGBoost,-73.6236572265625
2022-05-01,701279,450,A,Baja,True,478.5345,483.3333333333333,478.53448486328125,XGBoost,28.53448486328125
2022-06-01,701279,590,A,Baja,True,465.05396,471.0,465.053955078125,XGBoost,-124.946044921875
2022-04-01,701289,2,C,Media,False,5.3231444,3.3333333333333335,3.3333333333333335,Media móvil,1.3333333333333335
2022-05-01,701289,4,C,Media,False,4.931998,4.0,4.0,Media móvil,0.0
2022-06-01,701289,0,C,Media,False,4.5128727,4.0,4.0,Media móvil,4.0
2022-04-01,701399,402,B,Baja,True,353.9857,386.6666666666667,353.9856872558594,XGBoost,-48.014312744140625
2022-05-01,701399,262,B,Baja,True,379.4997,357.3333333333333,379.49969482421875,XGBoost,117.49969482421875
2022-06-01,701399,297,B,Baja,True,326.70108,336.0,326.7010803222656,XGBoost,29.701080322265625
2022-04-01,701405,1,C,Alta,True,0.13536385,0.3333333333333333,0.1353638470172882,XGBoost,-0.8646361529827118
2022-05-01,701405,0,C,Alta,True,0.10450687,0.6666666666666666,0.10450687259435654,XGBoost,0.10450687259435654
2022-06-01,701405,0,C,Alta,True,0.044066854,0.6666666666666666,0.04406685382127762,XGBoost,0.04406685382127762
2022-04-01,701428,1,C,Media,False,7.466551,10.0,10.0,Media móvil,9.0
2022-05-01,701428,6,C,Media,False,5.625542,6.666666666666667,6.666666666666667,Media móvil,0.666666666666667
2022-06-01,701428,23,C,Media,False,6.5429435,6.0,6.0,Media móvil,-17.0
2022-04-01,701429,82,C,Media,False,0.2560778,0.0,0.0,Media móvil,-82.0
2022-05-01,701429,17,C,Media,False,27.184698,27.333333333333332,27.333333333333332,Media móvil,10.333333333333332
2022-06-01,701429,61,C,Media,False,25.698374,33.0,33.0,Media móvil,-28.0
2022-04-01,701442,0,C,Alta,True,0.6970376,0.6666666666666666,0.6970375776290894,XGBoost,0.6970375776290894
2022-05-01,701442,1,C,Alta,True,0.62262034,0.0,0.6226203441619873,XGBoost,-0.3773796558380127
2022-06-01,701442,1,C,Alta,True,0.8019544,0.3333333333333333,0.8019543886184692,XGBoost,-0.19804561138153076
2022-04-01,701452,24,C,Baja,False,36.660088,40.333333333333336,40.333333333333336,Media móvil,16.333333333333336
2022-05-01,701452,25,C,Baja,False,30.68331,36.333333333333336,36.333333333333336,Media móvil,11.333333333333336
2022-06-01,701452,44,C,Baja,False,33.94239,35.666666666666664,35.666666666666664,Media móvil,-8.333333333333336
2022-04-01,701479,32,C,Baja,False,26.748741,22.333333333333332,22.333333333333332,Media móvil,-9.666666666666668
2022-05-01,701479,30,C,Baja,False,27.903223,23.666666666666668,23.666666666666668,Media móvil,-6.333333333333332
2022-06-01,701479,24,C,Baja,False,23.278337,26.333333333333332,26.333333333333332,Media móvil,2.333333333333332
2022-04-01,701694,16,C,Media,False,10.417492,7.0,7.0,Media móvil,-9.0
2022-05-01,701694,8,C,Media,False,13.733749,10.666666666666666,10.666666666666666,Media móvil,2.666666666666666
2022-06-01,701694,4,C,Media,False,10.5730095,9.0,9.0,Media móvil,5.0
2022-04-01,701715,3,C,Media,False,2.061909,3.6666666666666665,3.6666666666666665,Media móvil,0.6666666666666665
2022-05-01,701715,6,C,Media,False,3.0713406,1.3333333333333333,1.3333333333333333,Media móvil,-4.666666666666667
2022-06-01,701715,1,C,Media,False,1.7382214,3.0,3.0,Media móvil,2.0
2022-04-01,701725,2,C,Media,False,1.8448055,2.3333333333333335,2.3333333333333335,Media móvil,0.3333333333333335
2022-05-01,701725,1,C,Media,False,2.4469361,1.6666666666666667,1.6666666666666667,Media móvil,0.6666666666666667
2022-06-01,701725,4,C,Media,False,1.9946458,1.6666666666666667,1.6666666666666667,Media móvil,-2.333333333333333
2022-04-01,701727,0,C,Alta,True,0.10124082,0.3333333333333333,0.10124082118272781,XGBoost,0.10124082118272781
2022-05-01,701727,0,C,Alta,True,0.049191426,0.3333333333333333,0.0491914264857769,XGBoost,0.0491914264857769
2022-06-01,701727,0,C,Alta,True,0.030120417,0.3333333333333333,0.03012041747570038,XGBoost,0.03012041747570038
2022-04-01,701829,0,C,Alta,True,0.12586479,0.0,0.12586478888988495,XGBoost,0.12586478888988495
2022-05-01,701829,0,C,Alta,True,0.09970514,0.0,0.09970513731241226,XGBoost,0.09970513731241226
2022-06-01,701829,0,C,Alta,True,0.0,0.0,0.0,XGBoost,0.0
2022-04-01,701833,9,C,Alta,True,0.31531024,0.0,0.3153102397918701,XGBoost,-8.68468976020813
2022-05-01,701833,6,C,Alta,True,0.23007698,3.0,0.23007698357105255,XGBoost,-5.7699230164289474
2022-06-01,701833,0,C,Alta,True,0.15753533,5.0,0.15753532946109772,XGBoost,0.15753532946109772
2022-04-01,701835,1,C,Alta,True,0.2671629,0.0,0.26716288924217224,XGBoost,-0.7328371107578278
2022-05-01,701835,20,C,Alta,True,0.5647545,0.3333333333333333,0.5647544860839844,XGBoost,-19.435245513916016
2022-06-01,701835,1,C,Alta,True,0.080605425,7.0,0.08060542494058609,XGBoost,-0.9193945750594139
2022-04-01,701841,5,C,Alta,True,0.7239772,0.6666666666666666,0.7239772081375122,XGBoost,-4.276022791862488
2022-05-01,701841,0,C,Alta,True,0.36589926,2.3333333333333335,0.3658992648124695,XGBoost,0.3658992648124695
2022-06-01,701841,0,C,Alta,True,0.32969123,2.3333333333333335,0.32969123125076294,XGBoost,0.32969123125076294
2022-04-01,701842,0,C,Alta,True,0.2809679,1.0,0.2809678912162781,XGBoost,0.2809678912162781
2022-05-01,701842,2,C,Alta,True,0.14659363,0.6666666666666666,0.1465936303138733,XGBoost,-1.8534063696861267
2022-06-01,701842,0,C,Alta,True,0.3137826,0.6666666666666666,0.31378260254859924,XGBoost,0.31378260254859924
2022-04-01,701843,8,C,Media,False,9.000887,17.666666666666668,17.666666666666668,Media móvil,9.666666666666668
2022-05-01,701843,2,C,Media,False,10.921554,12.333333333333334,12.333333333333334,Media móvil,10.333333333333334
2022-06-01,701843,13,C,Media,False,9.171041,6.666666666666667,6.666666666666667,Media móvil,-6.333333333333333
2022-04-01,701847,11,C,Media,False,14.004909,31.333333333333332,31.333333333333332,Media móvil,20.333333333333332
2022-05-01,701847,12,C,Media,False,20.421154,29.666666666666668,29.666666666666668,Media móvil,17.666666666666668
2022-06-01,701847,11,C,Media,False,22.782513,16.0,16.0,Media móvil,5.0
2022-04-01,701848,56,C,Baja,False,70.55343,63.0,63.0,Media móvil,7.0
2022-05-01,701848,79,C,Baja,False,84.60015,56.0,56.0,Media móvil,-23.0
2022-06-01,701848,55,C,Baja,False,91.40981,62.0,62.0,Media móvil,7.0
2022-04-01,701849,13,C,Alta,True,1.1691015,1.6666666666666667,1.1691014766693115,XGBoost,-11.830898523330688
2022-05-01,701849,0,C,Alta,True,1.8638158,5.666666666666667,1.8638157844543457,XGBoost,1.8638157844543457
2022-06-01,701849,0,C,Alta,True,0.9473386,4.333333333333333,0.9473385810852051,XGBoost,0.9473385810852051
2022-04-01,701853,0,C,Alta,True,0.319822,0.0,0.3198220133781433,XGBoost,0.3198220133781433
2022-05-01,701853,0,C,Alta,True,0.31938872,0.0,0.3193887174129486,XGBoost,0.3193887174129486
2022-06-01,701853,28,C,Alta,True,0.29690698,0.0,0.296906977891922,XGBoost,-27.703093022108078
2022-04-01,701854,0,C,Media,False,5.686455,5.666666666666667,5.666666666666667,Media móvil,5.666666666666667
2022-05-01,701854,21,C,Media,False,3.8169055,5.666666666666667,5.666666666666667,Media móvil,-15.333333333333332
2022-06-01,701854,15,C,Media,False,4.883387,9.666666666666666,9.666666666666666,Media móvil,-5.333333333333334
2022-04-01,701855,63,B,Baja,True,86.244804,119.66666666666667,86.24480438232422,XGBoost,23.24480438232422
2022-05-01,701855,54,B,Baja,True,78.190605,106.66666666666667,78.19060516357422,XGBoost,24.19060516357422
2022-06-01,701855,0,B,Baja,True,77.6402,69.66666666666667,77.64019775390625,XGBoost,77.64019775390625
2022-04-01,701863,5,C,Media,False,1.6863861,0.6666666666666666,0.6666666666666666,Media móvil,-4.333333333333333
2022-05-01,701863,0,C,Media,False,1.6864004,2.3333333333333335,2.3333333333333335,Media móvil,2.3333333333333335
2022-06-01,701863,3,C,Media,False,1.1109903,2.3333333333333335,2.3333333333333335,Media móvil,-0.6666666666666665
2022-04-01,701864,15,C,Media,False,6.0959516,4.666666666666667,4.666666666666667,Media móvil,-10.333333333333332
2022-05-01,701864,3,C,Media,False,8.175313,9.333333333333334,9.333333333333334,Media móvil,6.333333333333334
2022-06-01,701864,4,C,Media,False,8.608811,7.666666666666667,7.666666666666667,Media móvil,3.666666666666667
2022-04-01,701865,68,B,Baja,True,79.24501,105.0,79.24501037597656,XGBoost,11.245010375976562
2022-05-01,701865,58,B,Baja,True,77.9379,86.33333333333333,77.93789672851562,XGBoost,19.937896728515625
2022-06-01,701865,49,B,Baja,True,73.77183,70.66666666666667,73.7718276977539,XGBoost,24.771827697753906
2022-04-01,701866,0,C,Alta,True,0.0,0.0,0.0,XGBoost,0.0
2022-05-01,701866,0,C,Alta,True,0.2691363,0.0,0.26913630962371826,XGBoost,0.26913630962371826
2022-06-01,701866,0,C,Alta,True,0.25479242,0.0,0.2547924220561981,XGBoost,0.2547924220561981
2022-04-01,701930,41,C,Baja,False,46.567657,48.0,48.0,Media móvil,7.0
2022-05-01,701930,46,C,Baja,False,50.33565,44.0,44.0,Media móvil,-2.0
2022-06-01,701930,55,C,Baja,False,50.367447,44.333333333333336,44.333333333333336,Media móvil,-10.666666666666664
2022-04-01,701942,82,C,Media,False,91.93709,77.66666666666667,77.66666666666667,Media móvil,-4.333333333333329
2022-05-01,701942,0,C,Media,False,75.85173,77.0,77.0,Media móvil,77.0
2022-06-01,701942,0,C,Media,False,14.598243,52.666666666666664,52.666666666666664,Media móvil,52.666666666666664
2022-04-01,701943,186,B,Media,True,188.69312,247.66666666666666,188.693115234375,XGBoost,2.693115234375
2022-05-01,701943,0,B,Media,True,167.8239,254.33333333333334,167.8238983154297,XGBoost,167.8238983154297
2022-06-01,701943,0,B,Media,True,43.69041,183.0,43.69041061401367,XGBoost,43.69041061401367
2022-04-01,701954,2,C,Alta,True,1.0733407,0.3333333333333333,1.073340654373169,XGBoost,-0.926659345626831
2022-05-01,701954,1,C,Alta,True,1.1388655,1.0,1.1388654708862305,XGBoost,0.13886547088623047
2022-06-01,701954,1,C,Alta,True,0.873925,1.3333333333333333,0.873924970626831,XGBoost,-0.12607502937316895
2022-04-01,701961,10,C,Media,False,7.0418453,6.666666666666667,6.666666666666667,Media móvil,-3.333333333333333
2022-05-01,701961,0,C,Media,False,12.41298,5.666666666666667,5.666666666666667,Media móvil,5.666666666666667
2022-06-01,701961,13,C,Media,False,11.284707,3.3333333333333335,3.3333333333333335,Media móvil,-9.666666666666666
2022-04-01,701962,0,C,Alta,True,0.1776943,0.3333333333333333,0.17769430577754974,XGBoost,0.17769430577754974
2022-05-01,701962,0,C,Alta,True,0.1668043,0.0,0.16680429875850677,XGBoost,0.16680429875850677
2022-06-01,701962,0,C,Alta,True,0.15657681,0.0,0.15657681226730347,XGBoost,0.15657681226730347
2022-04-01,701964,1,C,Alta,True,0.18995662,0.6666666666666666,0.18995662033557892,XGBoost,-0.8100433796644211
2022-05-01,701964,0,C,Alta,True,0.22162336,1.0,0.22162336111068726,XGBoost,0.22162336111068726
2022-06-01,701964,2,C,Alta,True,0.20009579,0.3333333333333333,0.2000957876443863,XGBoost,-1.7999042123556137
2022-04-01,701965,1,C,Alta,True,0.3559501,0.6666666666666666,0.35595008730888367,XGBoost,-0.6440499126911163
2022-05-01,701965,2,C,Alta,True,0.7019266,0.6666666666666666,0.701926589012146,XGBoost,-1.298073410987854
2022-06-01,701965,0,C,Alta,True,0.53381515,1.0,0.5338151454925537,XGBoost,0.5338151454925537
2022-04-01,701966,0,C,Alta,True,0.18131258,1.0,0.18131257593631744,XGBoost,0.18131257593631744
2022-05-01,701966,0,C,Alta,True,0.16195165,0.6666666666666666,0.16195164620876312,XGBoost,0.16195164620876312
2022-06-01,701966,0,C,Alta,True,0.123254865,0.0,0.12325486540794373,XGBoost,0.12325486540794373
2022-04-01,701977,0,C,Alta,True,0.24065393,0.6666666666666666,0.24065393209457397,XGBoost,0.24065393209457397
2022-05-01,701977,0,C,Alta,True,0.08898117,0.6666666666666666,0.08898116648197174,XGBoost,0.08898116648197174
2022-06-01,701977,0,C,Alta,True,0.09734155,0.6666666666666666,0.09734155237674713,XGBoost,0.09734155237674713
2022-04-01,701978,0,C,Alta,True,0.2770126,0.0,0.27701258659362793,XGBoost,0.27701258659362793
2022-05-01,701978,0,C,Alta,True,0.23009013,0.0,0.23009012639522552,XGBoost,0.23009012639522552
2022-06-01,701978,2,C,Alta,True,0.21618758,0.0,0.21618758141994476,XGBoost,-1.7838124185800552
2022-04-01,701979,0,C,Alta,True,0.16703512,1.6666666666666667,0.16703511774539948,XGBoost,0.16703511774539948
2022-05-01,701979,0,C,Alta,True,0.117294915,1.0,0.11729491502046585,XGBoost,0.11729491502046585
2022-06-01,701979,0,C,Alta,True,0.106491305,0.0,0.10649130493402481,XGBoost,0.10649130493402481
2022-04-01,701996,23,C,Alta,True,0.27114478,0.0,0.2711447775363922,XGBoost,-22.728855222463608
2022-05-01,701996,0,C,Alta,True,0.0,7.666666666666667,0.0,XGBoost,0.0
2022-06-01,701996,0,C,Alta,True,0.0,7.666666666666667,0.0,XGBoost,0.0
2022-04-01,702017,0,C,Alta,True,0.08539334,0.0,0.08539333939552307,XGBoost,0.08539333939552307
2022-05-01,702017,0,C,Alta,True,0.16650617,0.0,0.16650617122650146,XGBoost,0.16650617122650146
2022-06-01,702017,0,C,Alta,True,0.15332225,0.0,0.1533222496509552,XGBoost,0.1533222496509552
2022-04-01,702019,51,C,Baja,False,53.16399,61.0,61.0,Media móvil,10.0
2022-05-01,702019,68,C,Baja,False,51.95518,55.666666666666664,55.666666666666664,Media móvil,-12.333333333333336
2022-06-01,702019,96,C,Baja,False,50.210644,59.0,59.0,Media móvil,-37.0
2022-04-01,702020,26,C,Alta,True,0.7964432,0.3333333333333333,0.7964432239532471,XGBoost,-25.203556776046753
2022-05-01,702020,0,C,Alta,True,0.0,8.666666666666666,0.0,XGBoost,0.0
2022-06-01,702020,0,C,Alta,True,0.3409633,8.666666666666666,0.34096330404281616,XGBoost,0.34096330404281616
2022-04-01,702021,0,C,Baja,False,23.434284,31.0,31.0,Media móvil,31.0
2022-05-01,702021,25,C,Baja,False,26.263464,19.666666666666668,19.666666666666668,Media móvil,-5.333333333333332
2022-06-01,702021,23,C,Baja,False,36.960987,16.333333333333332,16.333333333333332,Media móvil,-6.666666666666668
2022-04-01,702022,27,C,Media,False,8.753571,22.0,22.0,Media móvil,-5.0
2022-05-01,702022,0,C,Media,False,7.501893,22.333333333333332,22.333333333333332,Media móvil,22.333333333333332
2022-06-01,702022,0,C,Media,False,9.000399,13.333333333333334,13.333333333333334,Media móvil,13.333333333333334
2022-04-01,702023,0,C,Media,False,14.4746685,6.0,6.0,Media móvil,6.0
2022-05-01,702023,27,C,Media,False,6.7605834,6.0,6.0,Media móvil,-21.0
2022-06-01,702023,25,C,Media,False,5.837145,14.0,14.0,Media móvil,-11.0
2022-04-01,702024,3,C,Media,False,1.8729994,1.6666666666666667,1.6666666666666667,Media móvil,-1.3333333333333333
2022-05-01,702024,3,C,Media,False,1.9395173,1.6666666666666667,1.6666666666666667,Media móvil,-1.3333333333333333
2022-06-01,702024,0,C,Media,False,1.9176257,2.6666666666666665,2.6666666666666665,Media móvil,2.6666666666666665
2022-04-01,702025,0,C,Alta,True,0.4607707,0.6666666666666666,0.46077069640159607,XGBoost,0.46077069640159607
2022-05-01,702025,2,C,Alta,True,0.28912172,0.3333333333333333,0.28912171721458435,XGBoost,-1.7108782827854156
2022-06-01,702025,0,C,Alta,True,0.3180666,1.0,0.3180665969848633,XGBoost,0.3180665969848633
2022-04-01,702028,0,C,Alta,True,0.08030097,0.3333333333333333,0.08030097186565399,XGBoost,0.08030097186565399
2022-05-01,702028,0,C,Alta,True,0.078358606,0.3333333333333333,0.07835860550403595,XGBoost,0.07835860550403595
2022-06-01,702028,0,C,Alta,True,0.039516296,0.0,0.03951629623770714,XGBoost,0.03951629623770714
2022-04-01,702029,2,C,Alta,True,0.34938505,0.3333333333333333,0.3493850529193878,XGBoost,-1.6506149470806122
2022-05-01,702029,0,C,Alta,True,0.31392127,1.0,0.3139212727546692,XGBoost,0.3139212727546692
2022-06-01,702029,1,C,Alta,True,0.12670133,1.0,0.12670132517814636,XGBoost,-0.8732986748218536
2022-04-01,702031,5,C,Alta,True,0.850155,1.0,0.8501549959182739,XGBoost,-4.149845004081726
2022-05-01,702031,4,C,Alta,True,0.79489803,2.3333333333333335,0.7948980331420898,XGBoost,-3.20510196685791
2022-06-01,702031,0,C,Alta,True,0.5249101,3.0,0.5249100923538208,XGBoost,0.5249100923538208
2022-04-01,702032,12,C,Alta,True,1.4303894,2.0,1.430389404296875,XGBoost,-10.569610595703125
2022-05-01,702032,0,C,Alta,True,1.465204,5.666666666666667,1.4652040004730225,XGBoost,1.4652040004730225
2022-06-01,702032,0,C,Alta,True,0.9069238,4.666666666666667,0.906923770904541,XGBoost,0.906923770904541
2022-04-01,702033,0,C,Alta,True,1.1063833,1.0,1.1063833236694336,XGBoost,1.1063833236694336
2022-05-01,702033,2,C,Alta,True,0.8004322,0.3333333333333333,0.8004322052001953,XGBoost,-1.1995677947998047
2022-06-01,702033,5,C,Alta,True,1.15463,1.0,1.1546299457550049,XGBoost,-3.845370054244995
2022-04-01,702035,1,C,Media,False,0.94973326,2.3333333333333335,2.3333333333333335,Media móvil,1.3333333333333335
2022-05-01,702035,2,C,Media,False,0.7836615,2.0,2.0,Media móvil,0.0
2022-06-01,702035,0,C,Media,False,0.91909635,1.3333333333333333,1.3333333333333333,Media móvil,1.3333333333333333
2022-04-01,702037,0,C,Media,False,0.9207455,2.0,2.0,Media móvil,2.0
2022-05-01,702037,2,C,Media,False,0.5263747,1.3333333333333333,1.3333333333333333,Media móvil,-0.6666666666666667
2022-06-01,702037,1,C,Media,False,0.98349845,1.0,1.0,Media móvil,0.0
2022-04-01,702039,1,C,Alta,True,0.54351723,0.3333333333333333,0.5435172319412231,XGBoost,-0.45648276805877686
2022-05-01,702039,5,C,Alta,True,0.4999839,0.6666666666666666,0.49998390674591064,XGBoost,-4.500016093254089
2022-06-01,702039,0,C,Alta,True,0.13987532,2.3333333333333335,0.13987532258033752,XGBoost,0.13987532258033752
2022-04-01,702040,0,C,Alta,True,0.6489881,2.0,0.6489881277084351,XGBoost,0.6489881277084351
2022-05-01,702040,0,C,Alta,True,0.7864804,1.0,0.7864804267883301,XGBoost,0.7864804267883301
2022-06-01,702040,0,C,Alta,True,0.6974294,1.0,0.6974294185638428,XGBoost,0.6974294185638428
2022-04-01,702041,2,C,Alta,True,0.47145796,0.3333333333333333,0.47145795822143555,XGBoost,-1.5285420417785645
2022-05-01,702041,2,C,Alta,True,0.52041125,1.0,0.5204112529754639,XGBoost,-1.4795887470245361
2022-06-01,702041,1,C,Alta,True,0.4646371,1.6666666666666667,0.4646371006965637,XGBoost,-0.5353628993034363
2022-04-01,702043,0,C,Alta,True,0.25656945,0.6666666666666666,0.25656944513320923,XGBoost,0.25656944513320923
2022-05-01,702043,0,C,Alta,True,0.1088596,0.3333333333333333,0.1088595986366272,XGBoost,0.1088595986366272
2022-06-01,702043,0,C,Alta,True,0.34430608,0.0,0.344306081533432,XGBoost,0.344306081533432
2022-04-01,702044,5,C,Baja,False,3.8071823,6.333333333333333,6.333333333333333,Media móvil,1.333333333333333
2022-05-01,702044,6,C,Baja,False,3.9476147,5.666666666666667,5.666666666666667,Media móvil,-0.33333333333333304
2022-06-01,702044,2,C,Baja,False,3.2033606,6.333333333333333,6.333333333333333,Media móvil,4.333333333333333
2022-04-01,702045,12,C,Baja,False,14.320072,26.666666666666668,26.666666666666668,Media móvil,14.666666666666668
2022-05-01,702045,12,C,Baja,False,15.723631,23.333333333333332,23.333333333333332,Media móvil,11.333333333333332
2022-06-01,702045,19,C,Baja,False,23.151049,17.666666666666668,17.666666666666668,Media móvil,-1.3333333333333321
2022-04-01,702046,6,C,Baja,False,8.628777,10.333333333333334,10.333333333333334,Media móvil,4.333333333333334
2022-05-01,702046,10,C,Baja,False,6.2142086,9.0,9.0,Media móvil,-1.0
2022-06-01,702046,7,C,Baja,False,6.2954383,10.0,10.0,Media móvil,3.0
2022-04-01,702047,0,C,Media,False,1.5350158,2.0,2.0,Media móvil,2.0
2022-05-01,702047,0,C,Media,False,1.092344,1.3333333333333333,1.3333333333333333,Media móvil,1.3333333333333333
2022-06-01,702047,1,C,Media,False,0.818683,0.6666666666666666,0.6666666666666666,Media móvil,-0.33333333333333337
2022-04-01,702050,171,B,Baja,True,248.92242,338.6666666666667,248.92242431640625,XGBoost,77.92242431640625
2022-05-01,702050,277,B,Baja,True,211.73218,285.3333333333333,211.732177734375,XGBoost,-65.267822265625
2022-06-01,702050,162,B,Baja,True,222.94785,287.6666666666667,222.94784545898438,XGBoost,60.947845458984375
2022-04-01,702051,75,B,Media,True,70.05786,123.66666666666667,70.057861328125,XGBoost,-4.942138671875
2022-05-01,702051,75,B,Media,True,63.61937,117.0,63.61936950683594,XGBoost,-11.380630493164062
2022-06-01,702051,43,B,Media,True,62.516212,94.66666666666667,62.516212463378906,XGBoost,19.516212463378906
2022-04-01,702052,24,C,Baja,False,22.631132,19.333333333333332,19.333333333333332,Media móvil,-4.666666666666668
2022-05-01,702052,17,C,Baja,False,22.548208,24.333333333333332,24.333333333333332,Media móvil,7.333333333333332
2022-06-01,702052,41,C,Baja,False,22.335855,21.666666666666668,21.666666666666668,Media móvil,-19.333333333333332
2022-04-01,702054,69,C,Baja,False,34.937366,38.333333333333336,38.333333333333336,Media móvil,-30.666666666666664
2022-05-01,702054,15,C,Baja,False,31.33302,45.666666666666664,45.666666666666664,Media móvil,30.666666666666664
2022-06-01,702054,36,C,Baja,False,30.278097,36.666666666666664,36.666666666666664,Media móvil,0.6666666666666643
2022-04-01,702055,71,B,Baja,True,85.14918,96.33333333333333,85.14917755126953,XGBoost,14.149177551269531
2022-05-01,702055,136,B,Baja,True,80.084015,105.66666666666667,80.08401489257812,XGBoost,-55.915985107421875
2022-06-01,702055,67,B,Baja,True,102.327415,99.0,102.3274154663086,XGBoost,35.327415466308594
2022-04-01,702056,17,C,Media,False,4.283348,12.0,12.0,Media móvil,-5.0
2022-05-01,702056,16,C,Media,False,5.4196897,14.333333333333334,14.333333333333334,Media móvil,-1.666666666666666
2022-06-01,702056,0,C,Media,False,7.790394,12.333333333333334,12.333333333333334,Media móvil,12.333333333333334
2022-04-01,702057,17,C,Alta,True,2.18458,2.3333333333333335,2.184580087661743,XGBoost,-14.815419912338257
2022-05-01,702057,0,C,Alta,True,2.1420372,7.0,2.1420371532440186,XGBoost,2.1420371532440186
2022-06-01,702057,3,C,Alta,True,1.9546149,5.666666666666667,1.9546148777008057,XGBoost,-1.0453851222991943
2022-04-01,702058,0,C,Alta,True,2.613219,3.0,2.6132190227508545,XGBoost,2.6132190227508545
2022-05-01,702058,1,C,Alta,True,1.4805083,2.3333333333333335,1.4805083274841309,XGBoost,0.48050832748413086
2022-06-01,702058,0,C,Alta,True,2.183997,1.0,2.1839969158172607,XGBoost,2.1839969158172607
2022-04-01,702060,19,C,Media,False,13.513491,44.666666666666664,44.666666666666664,Media móvil,25.666666666666664
2022-05-01,702060,36,C,Media,False,13.693116,36.666666666666664,36.666666666666664,Media móvil,0.6666666666666643
2022-06-01,702060,23,C,Media,False,16.01532,29.666666666666668,29.666666666666668,Media móvil,6.666666666666668
2022-04-01,702061,20,C,Media,False,20.009281,34.666666666666664,34.666666666666664,Media móvil,14.666666666666664
2022-05-01,702061,62,C,Media,False,21.144207,30.666666666666668,30.666666666666668,Media móvil,-31.333333333333332
2022-06-01,702061,42,C,Media,False,22.461946,39.333333333333336,39.333333333333336,Media móvil,-2.6666666666666643
2022-04-01,702062,0,C,Alta,True,0.7638186,12.666666666666666,0.763818621635437,XGBoost,0.763818621635437
2022-05-01,702062,0,C,Alta,True,0.550576,12.333333333333334,0.5505759716033936,XGBoost,0.5505759716033936
2022-06-01,702062,2,C,Alta,True,0.43159997,2.6666666666666665,0.4315999746322632,XGBoost,-1.5684000253677368
2022-04-01,702063,15,C,Media,False,11.505784,36.666666666666664,36.666666666666664,Media móvil,21.666666666666664
2022-05-01,702063,16,C,Media,False,5.397909,41.0,41.0,Media móvil,25.0
2022-06-01,702063,38,C,Media,False,22.752531,21.333333333333332,21.333333333333332,Media móvil,-16.666666666666668
2022-04-01,702064,1089,A,Baja,True,972.0616,1026.0,972.0615844726562,XGBoost,-116.93841552734375
2022-05-01,702064,1382,A,Baja,True,973.33704,949.3333333333334,973.3370361328125,XGBoost,-408.6629638671875
2022-06-01,702064,1375,A,Baja,True,1087.509,1232.6666666666667,1087.509033203125,XGBoost,-287.490966796875
2022-04-01,702065,371,B,Baja,True,359.55078,435.3333333333333,359.55078125,XGBoost,-11.44921875
2022-05-01,702065,289,B,Baja,True,402.0281,431.6666666666667,402.0281066894531,XGBoost,113.02810668945312
2022-06-01,702065,500,B,Baja,True,353.40674,313.6666666666667,353.40673828125,XGBoost,-146.59326171875
2022-04-01,702069,7,C,Media,False,7.0302277,14.666666666666666,14.666666666666666,Media móvil,7.666666666666666
2022-05-01,702069,7,C,Media,False,5.243768,12.333333333333334,12.333333333333334,Media móvil,5.333333333333334
2022-06-01,702069,9,C,Media,False,4.1440053,9.666666666666666,9.666666666666666,Media móvil,0.6666666666666661
2022-04-01,702070,3,C,Media,False,6.3998065,13.333333333333334,13.333333333333334,Media móvil,10.333333333333334
2022-05-01,702070,9,C,Media,False,4.022778,12.333333333333334,12.333333333333334,Media móvil,3.333333333333334
2022-06-01,702070,5,C,Media,False,4.0622764,10.0,10.0,Media móvil,5.0
2022-04-01,702074,45,C,Baja,False,80.62899,82.0,82.0,Media móvil,37.0
2022-05-01,702074,75,C,Baja,False,76.810265,68.66666666666667,68.66666666666667,Media móvil,-6.333333333333329
2022-06-01,702074,89,C,Baja,False,85.982155,69.66666666666667,69.66666666666667,Media móvil,-19.33333333333333
2022-04-01,702075,58,C,Baja,False,40.41172,63.333333333333336,63.333333333333336,Media móvil,5.333333333333336
2022-05-01,702075,74,C,Baja,False,49.149117,55.333333333333336,55.333333333333336,Media móvil,-18.666666666666664
2022-06-01,702075,103,C,Baja,False,51.620495,58.0,58.0,Media móvil,-45.0
2022-04-01,702077,0,C,Alta,True,0.98484826,3.0,0.9848482608795166,XGBoost,0.9848482608795166
2022-05-01,702077,3,C,Alta,True,0.7671639,2.3333333333333335,0.767163872718811,XGBoost,-2.232836127281189
2022-06-01,702077,1,C,Alta,True,0.9265219,3.0,0.926521897315979,XGBoost,-0.073478102684021
2022-04-01,702078,4,C,Media,False,4.176214,9.333333333333334,9.333333333333334,Media móvil,5.333333333333334
2022-05-01,702078,9,C,Media,False,4.7007146,6.0,6.0,Media móvil,-3.0
2022-06-01,702078,7,C,Media,False,6.2852273,6.0,6.0,Media móvil,-1.0
2022-04-01,702079,19,C,Baja,False,17.699638,22.0,22.0,Media móvil,3.0
2022-05-01,702079,12,C,Baja,False,17.075562,19.333333333333332,19.333333333333332,Media móvil,7.333333333333332
2022-06-01,702079,17,C,Baja,False,18.608644,16.0,16.0,Media móvil,-1.0
2022-04-01,702080,6,C,Baja,False,4.2989736,7.666666666666667,7.666666666666667,Media móvil,1.666666666666667
2022-05-01,702080,5,C,Baja,False,6.9946136,5.666666666666667,5.666666666666667,Media móvil,0.666666666666667
2022-06-01,702080,4,C,Baja,False,7.3111544,5.0,5.0,Media móvil,1.0
2022-04-01,702085,0,C,Alta,True,1.1880035,6.0,1.1880035400390625,XGBoost,1.1880035400390625
2022-05-01,702085,1,C,Alta,True,1.0236101,3.0,1.0236101150512695,XGBoost,0.02361011505126953
2022-06-01,702085,2,C,Alta,True,1.8330472,2.3333333333333335,1.8330471515655518,XGBoost,-0.16695284843444824
2022-04-01,702088,0,C,Media,False,1.1117709,1.3333333333333333,1.3333333333333333,Media móvil,1.3333333333333333
2022-05-01,702088,2,C,Media,False,1.2226644,1.0,1.0,Media móvil,-1.0
2022-06-01,702088,1,C,Media,False,1.4730749,0.6666666666666666,0.6666666666666666,Media móvil,-0.33333333333333337
2022-04-01,702089,2,C,Media,False,8.48343,16.333333333333332,16.333333333333332,Media móvil,14.333333333333332
2022-05-01,702089,16,C,Media,False,7.409856,9.666666666666666,9.666666666666666,Media móvil,-6.333333333333334
2022-06-01,702089,6,C,Media,False,8.396606,10.666666666666666,10.666666666666666,Media móvil,4.666666666666666
2022-04-01,702090,3,C,Baja,False,10.258351,15.666666666666666,15.666666666666666,Media móvil,12.666666666666666
2022-05-01,702090,16,C,Baja,False,9.110183,10.333333333333334,10.333333333333334,Media móvil,-5.666666666666666
2022-06-01,702090,9,C,Baja,False,9.251637,12.0,12.0,Media móvil,3.0
2022-04-01,702145,4461,A,Baja,True,3698.4714,3538.6666666666665,3698.471435546875,XGBoost,-762.528564453125
2022-05-01,702145,3723,A,Baja,True,3957.2449,3773.3333333333335,3957.244873046875,XGBoost,234.244873046875
2022-06-01,702145,4381,A,Baja,True,3908.0642,3980.3333333333335,3908.064208984375,XGBoost,-472.935791015625
2022-04-01,702148,3,C,Alta,True,0.36932072,0.0,0.36932072043418884,XGBoost,-2.630679279565811
2022-05-01,702148,0,C,Alta,True,0.40069684,1.0,0.40069684386253357,XGBoost,0.40069684386253357
2022-06-01,702148,0,C,Alta,True,0.29296398,1.0,0.29296398162841797,XGBoost,0.29296398162841797
2022-04-01,702151,7,C,Media,False,2.8674908,4.666666666666667,4.666666666666667,Media móvil,-2.333333333333333
2022-05-01,702151,6,C,Media,False,1.8005843,6.0,6.0,Media móvil,0.0
2022-06-01,702151,5,C,Media,False,1.937751,6.0,6.0,Media móvil,1.0
2022-04-01,702153,0,C,Alta,True,0.34794858,0.6666666666666666,0.3479485809803009,XGBoost,0.3479485809803009
2022-05-01,702153,0,C,Alta,True,0.14193822,0.6666666666666666,0.1419382244348526,XGBoost,0.1419382244348526
2022-06-01,702153,2,C,Alta,True,0.18029915,0.6666666666666666,0.18029914796352386,XGBoost,-1.8197008520364761
2022-04-01,702154,0,C,Alta,True,1.2739086,0.3333333333333333,1.2739086151123047,XGBoost,1.2739086151123047
2022-05-01,702154,2,C,Alta,True,0.88728344,0.3333333333333333,0.887283444404602,XGBoost,-1.112716555595398
2022-06-01,702154,16,C,Alta,True,1.6860344,1.0,1.6860344409942627,XGBoost,-14.313965559005737
2022-04-01,702197,1,C,Media,False,0.984354,1.3333333333333333,1.3333333333333333,Media móvil,0.33333333333333326
2022-05-01,702197,0,C,Media,False,1.1534655,1.0,1.0,Media móvil,1.0
2022-06-01,702197,0,C,Media,False,0.97961247,1.0,1.0,Media móvil,1.0
2022-04-01,702204,2,C,Media,False,0.8115045,1.0,1.0,Media móvil,-1.0
2022-05-01,702204,2,C,Media,False,1.316674,1.0,1.0,Media móvil,-1.0
2022-06-01,702204,0,C,Media,False,1.6028659,1.3333333333333333,1.3333333333333333,Media móvil,1.3333333333333333
2022-04-01,702207,0,C,Alta,True,0.27045876,0.0,0.27045875787734985,XGBoost,0.27045875787734985
2022-05-01,702207,0,C,Alta,True,0.22854006,0.0,0.2285400629043579,XGBoost,0.2285400629043579
2022-06-01,702207,0,C,Alta,True,0.13737889,0.0,0.13737888634204865,XGBoost,0.13737888634204865
2022-04-01,702208,0,C,Alta,True,0.68424857,0.6666666666666666,0.6842485666275024,XGBoost,0.6842485666275024
2022-05-01,702208,3,C,Alta,True,0.7431915,0.0,0.7431914806365967,XGBoost,-2.2568085193634033
2022-06-01,702208,2,C,Alta,True,0.8540144,1.0,0.8540143966674805,XGBoost,-1.1459856033325195
2022-04-01,702209,367,B,Baja,True,441.42474,437.6666666666667,441.42474365234375,XGBoost,74.42474365234375
2022-05-01,702209,428,B,Baja,True,414.41788,413.6666666666667,414.4178771972656,XGBoost,-13.582122802734375
2022-06-01,702209,383,B,Baja,True,417.6569,416.3333333333333,417.6568908691406,XGBoost,34.656890869140625
2022-04-01,702210,885,A,Baja,True,653.3074,680.6666666666666,653.307373046875,XGBoost,-231.692626953125
2022-05-01,702210,605,A,Baja,True,696.40924,737.3333333333334,696.4092407226562,XGBoost,91.40924072265625
2022-06-01,702210,719,A,Baja,True,673.46924,727.0,673.46923828125,XGBoost,-45.53076171875
2022-04-01,702211,1517,A,Baja,True,1337.0631,1404.0,1337.0631103515625,XGBoost,-179.9368896484375
2022-05-01,702211,1426,A,Baja,True,1482.4121,1387.0,1482.412109375,XGBoost,56.412109375
2022-06-01,702211,1389,A,Baja,True,1462.3312,1445.6666666666667,1462.3311767578125,XGBoost,73.3311767578125
2022-04-01,702212,176,B,Baja,True,177.129,202.0,177.12899780273438,XGBoost,1.128997802734375
2022-05-01,702212,207,B,Baja,True,198.71916,189.66666666666666,198.7191619873047,XGBoost,-8.280838012695312
2022-06-01,702212,199,B,Baja,True,184.71188,198.33333333333334,184.71188354492188,XGBoost,-14.288116455078125
2022-04-01,702216,9,C,Baja,False,10.022381,11.0,11.0,Media móvil,2.0
2022-05-01,702216,5,C,Baja,False,10.262416,9.0,9.0,Media móvil,4.0
2022-06-01,702216,8,C,Baja,False,8.054238,7.666666666666667,7.666666666666667,Media móvil,-0.33333333333333304
2022-04-01,702222,215,B,Baja,True,218.19887,243.0,218.19886779785156,XGBoost,3.1988677978515625
2022-05-01,702222,187,B,Baja,True,225.00551,220.0,225.00550842285156,XGBoost,38.00550842285156
2022-06-01,702222,252,B,Baja,True,214.37502,205.66666666666666,214.37501525878906,XGBoost,-37.62498474121094
2022-04-01,702226,1,C,Alta,True,0.16560298,0.0,0.16560298204421997,XGBoost,-0.83439701795578
2022-05-01,702226,0,C,Alta,True,0.1082664,0.3333333333333333,0.10826639831066132,XGBoost,0.10826639831066132
2022-06-01,702226,1,C,Alta,True,0.07293033,0.3333333333333333,0.07293032854795456,XGBoost,-0.9270696714520454
2022-04-01,702228,2,C,Media,False,1.9997709,1.0,1.0,Media móvil,-1.0
2022-05-01,702228,8,C,Media,False,4.000685,1.3333333333333333,1.3333333333333333,Media móvil,-6.666666666666667
2022-06-01,702228,2,C,Media,False,2.0315688,3.3333333333333335,3.3333333333333335,Media móvil,1.3333333333333335
2022-04-01,702229,6,C,Media,False,5.152696,4.333333333333333,4.333333333333333,Media móvil,-1.666666666666667
2022-05-01,702229,6,C,Media,False,5.2008486,4.666666666666667,4.666666666666667,Media móvil,-1.333333333333333
2022-06-01,702229,9,C,Media,False,4.989394,5.333333333333333,5.333333333333333,Media móvil,-3.666666666666667
2022-04-01,702230,5,C,Media,False,2.021923,2.6666666666666665,2.6666666666666665,Media móvil,-2.3333333333333335
2022-05-01,702230,5,C,Media,False,2.0929124,2.6666666666666665,2.6666666666666665,Media móvil,-2.3333333333333335
2022-06-01,702230,4,C,Media,False,2.369609,3.3333333333333335,3.3333333333333335,Media móvil,-0.6666666666666665
2022-04-01,702231,0,C,Alta,True,0.39389554,0.0,0.39389553666114807,XGBoost,0.39389553666114807
2022-05-01,702231,0,C,Alta,True,0.33886755,0.0,0.33886754512786865,XGBoost,0.33886754512786865
2022-06-01,702231,0,C,Alta,True,0.26868868,0.0,0.2686886787414551,XGBoost,0.2686886787414551
2022-04-01,702233,0,C,Alta,True,0.14246252,0.0,0.14246252179145813,XGBoost,0.14246252179145813
2022-05-01,702233,0,C,Alta,True,0.115059964,0.0,0.11505996435880661,XGBoost,0.11505996435880661
2022-06-01,702233,0,C,Alta,True,0.1024575,0.0,0.10245750099420547,XGBoost,0.10245750099420547
2022-04-01,702235,0,C,Alta,True,0.20891975,1.0,0.20891974866390228,XGBoost,0.20891974866390228
2022-05-01,702235,0,C,Alta,True,0.11664982,0.6666666666666666,0.1166498214006424,XGBoost,0.1166498214006424
2022-06-01,702235,0,C,Alta,True,0.12985295,0.0,0.12985295057296753,XGBoost,0.12985295057296753
2022-04-01,702240,0,B,Alta,True,130.86934,216.0,130.8693389892578,XGBoost,130.8693389892578
2022-05-01,702240,199,B,Alta,True,12.707839,204.66666666666666,12.707839012145996,XGBoost,-186.292160987854
2022-06-01,702240,183,B,Alta,True,11.9653225,189.33333333333334,11.965322494506836,XGBoost,-171.03467750549316
2022-04-01,702241,0,B,Alta,True,333.02533,478.6666666666667,333.02532958984375,XGBoost,333.02532958984375
2022-05-01,702241,825,B,Alta,True,39.534046,407.0,39.5340461730957,XGBoost,-785.4659538269043
2022-06-01,702241,694,B,Alta,True,257.93924,491.6666666666667,257.9392395019531,XGBoost,-436.0607604980469
2022-04-01,702242,0,B,Alta,True,347.78992,331.6666666666667,347.7899169921875,XGBoost,347.7899169921875
2022-05-01,702242,824,B,Alta,True,27.601547,321.6666666666667,27.601547241210938,XGBoost,-796.3984527587891
2022-06-01,702242,942,B,Alta,True,218.84607,516.6666666666666,218.8460693359375,XGBoost,-723.1539306640625
2022-04-01,702243,0,C,Alta,True,2.9046,29.333333333333332,2.904599905014038,XGBoost,2.904599905014038
2022-05-01,702243,12,C,Alta,True,3.882256,25.333333333333332,3.882256031036377,XGBoost,-8.117743968963623
2022-06-01,702243,27,C,Alta,True,1.5494778,12.333333333333334,1.5494778156280518,XGBoost,-25.45052218437195
2022-04-01,702249,95,B,Baja,True,143.24068,137.0,143.2406768798828,XGBoost,48.24067687988281
2022-05-01,702249,164,B,Baja,True,119.15661,121.33333333333333,119.15660858154297,XGBoost,-44.84339141845703
2022-06-01,702249,139,B,Baja,True,144.51143,133.0,144.5114288330078,XGBoost,5.5114288330078125
2022-04-01,702251,14,C,Baja,False,9.362044,11.0,11.0,Media móvil,-3.0
2022-05-01,702251,8,C,Baja,False,11.469414,11.666666666666666,11.666666666666666,Media móvil,3.666666666666666
2022-06-01,702251,7,C,Baja,False,9.450483,9.666666666666666,9.666666666666666,Media móvil,2.666666666666666
2022-04-01,702256,0,C,Alta,True,0.3148075,0.0,0.3148075044155121,XGBoost,0.3148075044155121
2022-05-01,702256,0,C,Alta,True,0.2599301,0.0,0.2599301040172577,XGBoost,0.2599301040172577
2022-06-01,702256,0,C,Alta,True,0.24569026,0.0,0.245690256357193,XGBoost,0.245690256357193
2022-04-01,702257,4734,A,Baja,True,3675.8728,4433.666666666667,3675.872802734375,XGBoost,-1058.127197265625
2022-05-01,702257,3990,A,Baja,True,3913.8171,4392.0,3913.817138671875,XGBoost,-76.182861328125
2022-06-01,702257,3917,A,Baja,True,3865.176,4242.0,3865.176025390625,XGBoost,-51.823974609375
2022-04-01,702258,7336,A,Baja,True,6456.311,7375.0,6456.31103515625,XGBoost,-879.68896484375
2022-05-01,702258,7030,A,Baja,True,6767.101,7188.0,6767.10107421875,XGBoost,-262.89892578125
2022-06-01,702258,6582,A,Baja,True,6687.1406,7100.0,6687.140625,XGBoost,105.140625
2022-04-01,702259,14456,A,Baja,True,9269.115,13172.0,9269.115234375,XGBoost,-5186.884765625
2022-05-01,702259,12815,A,Baja,True,9885.316,13134.0,9885.31640625,XGBoost,-2929.68359375
2022-06-01,702259,13099,A,Baja,True,9762.48,13313.0,9762.48046875,XGBoost,-3336.51953125
2022-04-01,702261,70,B,Media,True,101.387985,192.66666666666666,101.38798522949219,XGBoost,31.387985229492188
2022-05-01,702261,128,B,Media,True,104.865555,184.0,104.86555480957031,XGBoost,-23.134445190429688
2022-06-01,702261,155,B,Media,True,89.94456,163.0,89.9445571899414,XGBoost,-65.0554428100586
2022-04-01,702262,83,B,Baja,True,105.706505,112.33333333333333,105.70650482177734,XGBoost,22.706504821777344
2022-05-01,702262,105,B,Baja,True,91.63151,99.33333333333333,91.63150787353516,XGBoost,-13.368492126464844
2022-06-01,702262,130,B,Baja,True,92.3956,101.0,92.39559936523438,XGBoost,-37.604400634765625
2022-04-01,702263,2743,A,Baja,True,2240.1472,2462.6666666666665,2240.147216796875,XGBoost,-502.852783203125
2022-05-01,702263,2426,A,Baja,True,2405.7273,2507.3333333333335,2405.727294921875,XGBoost,-20.272705078125
2022-06-01,702263,3114,A,Baja,True,2375.8184,2508.3333333333335,2375.818359375,XGBoost,-738.181640625
2022-04-01,702264,1389,A,Baja,True,1309.9075,1453.6666666666667,1309.907470703125,XGBoost,-79.092529296875
2022-05-01,702264,1266,A,Baja,True,1445.3567,1351.0,1445.356689453125,XGBoost,179.356689453125
2022-06-01,702264,1762,A,Baja,True,1427.3824,1343.0,1427.3824462890625,XGBoost,-334.6175537109375
2022-04-01,702298,1,C,Alta,True,0.4543567,0.0,0.45435670018196106,XGBoost,-0.5456432998180389
2022-05-01,702298,0,C,Alta,True,0.43876055,0.3333333333333333,0.43876054883003235,XGBoost,0.43876054883003235
2022-06-01,702298,0,C,Alta,True,0.30444056,0.3333333333333333,0.30444055795669556,XGBoost,0.30444055795669556
2022-04-01,702302,18,C,Baja,False,15.436638,12.333333333333334,12.333333333333334,Media móvil,-5.666666666666666
2022-05-01,702302,14,C,Baja,False,15.783199,15.333333333333334,15.333333333333334,Media móvil,1.333333333333334
2022-06-01,702302,18,C,Baja,False,12.814741,17.333333333333332,17.333333333333332,Media móvil,-0.6666666666666679
2022-04-01,702303,18,C,Media,False,13.711186,10.666666666666666,10.666666666666666,Media móvil,-7.333333333333334
2022-05-01,702303,22,C,Media,False,13.602808,13.0,13.0,Media móvil,-9.0
2022-06-01,702303,7,C,Media,False,11.5281925,18.0,18.0,Media móvil,11.0
2022-04-01,702307,2,C,Alta,True,0.4823883,1.6666666666666667,0.48238828778266907,XGBoost,-1.517611712217331
2022-05-01,702307,0,C,Alta,True,0.56378996,2.3333333333333335,0.563789963722229,XGBoost,0.563789963722229
2022-06-01,702307,0,C,Alta,True,0.51502645,0.6666666666666666,0.5150264501571655,XGBoost,0.5150264501571655
2022-04-01,702310,11,C,Media,False,15.111301,22.666666666666668,22.666666666666668,Media móvil,11.666666666666668
2022-05-01,702310,13,C,Media,False,14.802827,16.0,16.0,Media móvil,3.0
2022-06-01,702310,25,C,Media,False,13.2351265,16.0,16.0,Media móvil,-9.0
2022-04-01,702321,0,C,Alta,True,0.35731196,1.3333333333333333,0.3573119640350342,XGBoost,0.3573119640350342
2022-05-01,702321,0,C,Alta,True,0.20664892,1.3333333333333333,0.20664891600608826,XGBoost,0.20664891600608826
2022-06-01,702321,0,C,Alta,True,0.4237802,0.0,0.4237802028656006,XGBoost,0.4237802028656006
2022-04-01,702323,24,C,Media,False,12.482766,12.0,12.0,Media móvil,-12.0
2022-05-01,702323,11,C,Media,False,12.577479,17.666666666666668,17.666666666666668,Media móvil,6.666666666666668
2022-06-01,702323,16,C,Media,False,13.277406,18.666666666666668,18.666666666666668,Media móvil,2.666666666666668
2022-04-01,702324,15,C,Media,False,8.808629,7.666666666666667,7.666666666666667,Media móvil,-7.333333333333333
2022-05-01,702324,23,C,Media,False,11.244804,9.333333333333334,9.333333333333334,Media móvil,-13.666666666666666
2022-06-01,702324,7,C,Media,False,7.08515,15.0,15.0,Media móvil,8.0
2022-04-01,702326,2,C,Alta,True,0.7978841,0.3333333333333333,0.7978841066360474,XGBoost,-1.2021158933639526
2022-05-01,702326,0,C,Alta,True,0.8309094,1.0,0.8309093713760376,XGBoost,0.8309093713760376
2022-06-01,702326,3,C,Alta,True,0.5354855,1.0,0.5354855060577393,XGBoost,-2.4645144939422607
2022-04-01,702358,84,C,Baja,False,81.661575,80.0,80.0,Media móvil,-4.0
2022-05-01,702358,72,C,Baja,False,77.78669,80.0,80.0,Media móvil,8.0
2022-06-01,702358,64,C,Baja,False,78.910484,77.0,77.0,Media móvil,13.0
2022-04-01,702368,231,B,Baja,True,320.85873,357.0,320.8587341308594,XGBoost,89.85873413085938
2022-05-01,702368,248,B,Baja,True,304.41052,326.6666666666667,304.4105224609375,XGBoost,56.4105224609375
2022-06-01,702368,273,B,Baja,True,280.1516,278.3333333333333,280.151611328125,XGBoost,7.151611328125
2022-04-01,702377,1291,A,Baja,True,866.9787,850.3333333333334,866.9786987304688,XGBoost,-424.02130126953125
2022-05-01,702377,681,A,Baja,True,1102.9401,973.6666666666666,1102.9400634765625,XGBoost,421.9400634765625
2022-06-01,702377,744,A,Baja,True,963.93964,918.3333333333334,963.9396362304688,XGBoost,219.93963623046875
2022-04-01,702381,320,B,Baja,True,218.3646,254.33333333333334,218.36459350585938,XGBoost,-101.63540649414062
2022-05-01,702381,214,B,Baja,True,301.97787,271.6666666666667,301.9778747558594,XGBoost,87.97787475585938
2022-06-01,702381,205,B,Baja,True,252.41585,250.0,252.4158477783203,XGBoost,47.41584777832031
2022-04-01,702382,1326,A,Baja,True,1160.2761,1144.6666666666667,1160.276123046875,XGBoost,-165.723876953125
2022-05-01,702382,1077,A,Baja,True,1242.9038,1187.0,1242.90380859375,XGBoost,165.90380859375
2022-06-01,702382,1103,A,Baja,True,1148.6399,1186.3333333333333,1148.639892578125,XGBoost,45.639892578125
2022-04-01,702383,88,B,Baja,True,173.54745,222.0,173.54745483398438,XGBoost,85.54745483398438
2022-05-01,702383,188,B,Baja,True,131.50584,195.0,131.50584411621094,XGBoost,-56.49415588378906
2022-06-01,702383,169,B,Baja,True,152.98787,181.0,152.9878692626953,XGBoost,-16.012130737304688
2022-04-01,702417,41,C,Baja,False,37.09611,52.0,52.0,Media móvil,11.0
2022-05-01,702417,49,C,Baja,False,41.682262,47.666666666666664,47.666666666666664,Media móvil,-1.3333333333333357
2022-06-01,702417,42,C,Baja,False,40.58736,46.666666666666664,46.666666666666664,Media móvil,4.666666666666664
2022-04-01,702435,136,B,Baja,True,172.10646,223.66666666666666,172.10646057128906,XGBoost,36.10646057128906
2022-05-01,702435,219,B,Baja,True,192.65874,184.66666666666666,192.6587371826172,XGBoost,-26.341262817382812
2022-06-01,702435,299,B,Baja,True,190.52443,184.0,190.52442932128906,XGBoost,-108.47557067871094
2022-04-01,702437,0,C,Media,False,1.0878675,2.6666666666666665,2.6666666666666665,Media móvil,2.6666666666666665
2022-05-01,702437,2,C,Media,False,1.0380149,2.0,2.0,Media móvil,0.0
2022-06-01,702437,1,C,Media,False,1.0131471,2.0,2.0,Media móvil,1.0
2022-04-01,702445,0,C,Alta,True,0.28651842,0.0,0.2865184247493744,XGBoost,0.2865184247493744
2022-05-01,702445,0,C,Alta,True,0.3148383,0.0,0.3148382902145386,XGBoost,0.3148382902145386
2022-06-01,702445,0,C,Alta,True,0.40352803,0.0,0.40352803468704224,XGBoost,0.40352803468704224
2022-04-01,702452,12,C,Media,False,11.891367,25.333333333333332,25.333333333333332,Media móvil,13.333333333333332
2022-05-01,702452,7,C,Media,False,8.732256,22.0,22.0,Media móvil,15.0
2022-06-01,702452,31,C,Media,False,12.670599,18.333333333333332,18.333333333333332,Media móvil,-12.666666666666668
2022-04-01,702460,11,C,Baja,False,11.047148,9.333333333333334,9.333333333333334,Media móvil,-1.666666666666666
2022-05-01,702460,10,C,Baja,False,11.975215,10.666666666666666,10.666666666666666,Media móvil,0.6666666666666661
2022-06-01,702460,11,C,Baja,False,8.152791,11.333333333333334,11.333333333333334,Media móvil,0.3333333333333339
2022-04-01,702473,40,C,Media,False,9.32191,5.666666666666667,5.666666666666667,Media móvil,-34.333333333333336
2022-05-01,702473,23,C,Media,False,6.001566,17.666666666666668,17.666666666666668,Media móvil,-5.333333333333332
2022-06-01,702473,0,C,Media,False,7.0298805,25.333333333333332,25.333333333333332,Media móvil,25.333333333333332
2022-04-01,702484,6,C,Baja,False,5.4340715,7.0,7.0,Media móvil,1.0
2022-05-01,702484,2,C,Baja,False,5.9174585,6.666666666666667,6.666666666666667,Media móvil,4.666666666666667
2022-06-01,702484,5,C,Baja,False,5.0258427,5.333333333333333,5.333333333333333,Media móvil,0.33333333333333304
2022-04-01,702486,5,C,Baja,False,6.511822,12.0,12.0,Media móvil,7.0
2022-05-01,702486,11,C,Baja,False,6.1501145,8.0,8.0,Media móvil,-3.0
2022-06-01,702486,9,C,Baja,False,9.6806555,7.666666666666667,7.666666666666667,Media móvil,-1.333333333333333
2022-04-01,702487,464,A,Baja,True,450.45508,495.3333333333333,450.455078125,XGBoost,-13.544921875
2022-05-01,702487,428,A,Baja,True,480.4639,476.0,480.4638977050781,XGBoost,52.463897705078125
2022-06-01,702487,385,A,Baja,True,459.57816,446.3333333333333,459.5781555175781,XGBoost,74.57815551757812
2022-04-01,702490,268,B,Baja,True,257.8533,293.6666666666667,257.8533020019531,XGBoost,-10.146697998046875
2022-05-01,702490,250,B,Baja,True,274.8279,268.0,274.8279113769531,XGBoost,24.827911376953125
2022-06-01,702490,208,B,Baja,True,276.1364,251.33333333333334,276.13641357421875,XGBoost,68.13641357421875
2022-04-01,702531,8,C,Baja,False,9.038222,8.0,8.0,Media móvil,0.0
2022-05-01,702531,6,C,Baja,False,11.828241,8.666666666666666,8.666666666666666,Media móvil,2.666666666666666
2022-06-01,702531,3,C,Baja,False,9.060723,8.0,8.0,Media móvil,5.0
2022-04-01,702558,0,C,Alta,True,1.0845237,5.666666666666667,1.0845236778259277,XGBoost,1.0845236778259277
2022-05-01,702558,0,C,Alta,True,2.4501176,5.666666666666667,2.450117588043213,XGBoost,2.450117588043213
2022-06-01,702558,0,C,Alta,True,6.8218846,0.3333333333333333,6.821884632110596,XGBoost,6.821884632110596
2022-04-01,702585,165,B,Baja,True,143.95602,135.0,143.95602416992188,XGBoost,-21.043975830078125
2022-05-01,702585,156,B,Baja,True,158.51163,138.0,158.51162719726562,XGBoost,2.511627197265625
2022-06-01,702585,152,B,Baja,True,158.94669,147.0,158.94668579101562,XGBoost,6.946685791015625
2022-04-01,702609,0,C,Alta,True,2.5922096,2.6666666666666665,2.592209577560425,XGBoost,2.592209577560425
2022-05-01,702609,5,C,Alta,True,1.9796205,2.0,1.9796204566955566,XGBoost,-3.0203795433044434
2022-06-01,702609,25,C,Alta,True,2.0940785,2.6666666666666665,2.094078540802002,XGBoost,-22.905921459197998
2022-04-01,702619,0,C,Alta,True,0.16432604,0.6666666666666666,0.1643260419368744,XGBoost,0.1643260419368744
2022-05-01,702619,0,C,Alta,True,0.1613657,0.6666666666666666,0.16136570274829865,XGBoost,0.16136570274829865
2022-06-01,702619,0,C,Alta,True,0.14752823,0.3333333333333333,0.14752823114395142,XGBoost,0.14752823114395142
2022-04-01,702620,0,C,Alta,True,0.14866558,0.3333333333333333,0.14866557717323303,XGBoost,0.14866557717323303
2022-05-01,702620,0,C,Alta,True,0.09267209,0.3333333333333333,0.09267208725214005,XGBoost,0.09267208725214005
2022-06-01,702620,0,C,Alta,True,0.07281064,0.3333333333333333,0.07281064242124557,XGBoost,0.07281064242124557
2022-04-01,702626,74,C,Baja,False,78.10331,78.66666666666667,78.66666666666667,Media móvil,4.666666666666671
2022-05-01,702626,95,C,Baja,False,86.15383,74.0,74.0,Media móvil,-21.0
2022-06-01,702626,97,C,Baja,False,87.78985,82.66666666666667,82.66666666666667,Media móvil,-14.333333333333329
2022-04-01,702627,78,C,Baja,False,77.251434,80.33333333333333,80.33333333333333,Media móvil,2.3333333333333286
2022-05-01,702627,84,C,Baja,False,84.29709,80.33333333333333,80.33333333333333,Media móvil,-3.6666666666666714
2022-06-01,702627,77,C,Baja,False,84.35132,80.0,80.0,Media móvil,3.0
2022-04-01,702635,5,C,Baja,False,7.1235704,6.333333333333333,6.333333333333333,Media móvil,1.333333333333333
2022-05-01,702635,12,C,Baja,False,7.5339127,4.666666666666667,4.666666666666667,Media móvil,-7.333333333333333
2022-06-01,702635,16,C,Baja,False,12.874443,6.333333333333333,6.333333333333333,Media móvil,-9.666666666666668
2022-04-01,702636,1,C,Alta,True,0.18720439,0.3333333333333333,0.18720439076423645,XGBoost,-0.8127956092357635
2022-05-01,702636,0,C,Alta,True,0.17992818,0.6666666666666666,0.17992818355560303,XGBoost,0.17992818355560303
2022-06-01,702636,0,C,Alta,True,0.11776264,0.3333333333333333,0.11776264011859894,XGBoost,0.11776264011859894
2022-04-01,702641,53,C,Baja,False,56.62981,52.333333333333336,52.333333333333336,Media móvil,-0.6666666666666643
2022-05-01,702641,57,C,Baja,False,54.063194,49.333333333333336,49.333333333333336,Media móvil,-7.666666666666664
2022-06-01,702641,52,C,Baja,False,51.420033,50.0,50.0,Media móvil,-2.0
2022-04-01,702642,0,C,Alta,True,0.3998058,1.3333333333333333,0.39980581402778625,XGBoost,0.39980581402778625
2022-05-01,702642,0,C,Alta,True,0.16957071,1.3333333333333333,0.1695707142353058,XGBoost,0.1695707142353058
2022-06-01,702642,0,C,Alta,True,0.18381931,0.6666666666666666,0.18381930887699127,XGBoost,0.18381930887699127
2022-04-01,702673,127,B,Baja,True,106.38942,147.66666666666666,106.38941955566406,XGBoost,-20.610580444335938
2022-05-01,702673,42,B,Baja,True,113.31321,151.66666666666666,113.3132095336914,XGBoost,71.3132095336914
2022-06-01,702673,81,B,Baja,True,70.11318,107.66666666666667,70.1131820678711,XGBoost,-10.886817932128906
2022-04-01,702694,1,C,Alta,True,0.20789522,0.0,0.2078952193260193,XGBoost,-0.7921047806739807
2022-05-01,702694,1,C,Alta,True,0.40173912,0.3333333333333333,0.40173912048339844,XGBoost,-0.5982608795166016
2022-06-01,702694,1,C,Alta,True,0.24315575,0.6666666666666666,0.24315574765205383,XGBoost,-0.7568442523479462
2022-04-01,702695,13,C,Baja,False,10.167116,9.0,9.0,Media móvil,-4.0
2022-05-01,702695,10,C,Baja,False,11.875309,8.666666666666666,8.666666666666666,Media móvil,-1.333333333333334
2022-06-01,702695,14,C,Baja,False,13.175522,10.666666666666666,10.666666666666666,Media móvil,-3.333333333333334
2022-04-01,702696,22,C,Baja,False,21.369532,26.0,26.0,Media móvil,4.0
2022-05-01,702696,24,C,Baja,False,16.75819,22.666666666666668,22.666666666666668,Media móvil,-1.3333333333333321
2022-06-01,702696,16,C,Baja,False,17.912506,26.333333333333332,26.333333333333332,Media móvil,10.333333333333332
2022-04-01,702697,2,C,Media,False,1.7606344,5.333333333333333,5.333333333333333,Media móvil,3.333333333333333
2022-05-01,702697,0,C,Media,False,2.3471868,3.3333333333333335,3.3333333333333335,Media móvil,3.3333333333333335
2022-06-01,702697,2,C,Media,False,1.2234385,2.6666666666666665,2.6666666666666665,Media móvil,0.6666666666666665
2022-04-01,702698,0,C,Alta,True,0.36091456,0.3333333333333333,0.36091455817222595,XGBoost,0.36091455817222595
2022-05-01,702698,0,C,Alta,True,0.33108273,0.0,0.3310827314853668,XGBoost,0.3310827314853668
2022-06-01,702698,2,C,Alta,True,0.3126185,0.0,0.3126184940338135,XGBoost,-1.6873815059661865
2022-04-01,702703,2,C,Media,False,2.0553904,3.0,3.0,Media móvil,1.0
2022-05-01,702703,3,C,Media,False,2.0161927,3.3333333333333335,3.3333333333333335,Media móvil,0.3333333333333335
2022-06-01,702703,3,C,Media,False,1.7559862,2.3333333333333335,2.3333333333333335,Media móvil,-0.6666666666666665
2022-04-01,702704,0,C,Media,False,4.260101,7.333333333333333,7.333333333333333,Media móvil,7.333333333333333
2022-05-01,702704,2,C,Media,False,3.7436862,6.333333333333333,6.333333333333333,Media móvil,4.333333333333333
2022-06-01,702704,2,C,Media,False,4.0012197,5.0,5.0,Media móvil,3.0
2022-04-01,702705,5,C,Media,False,2.3463314,8.0,8.0,Media móvil,3.0
2022-05-01,702705,6,C,Media,False,1.9764917,7.333333333333333,7.333333333333333,Media móvil,1.333333333333333
2022-06-01,702705,0,C,Media,False,1.9337206,6.333333333333333,6.333333333333333,Media móvil,6.333333333333333
2022-04-01,702706,1,C,Alta,True,0.58665717,1.3333333333333333,0.5866571664810181,XGBoost,-0.41334283351898193
2022-05-01,702706,0,C,Alta,True,0.5623934,1.3333333333333333,0.5623934268951416,XGBoost,0.5623934268951416
2022-06-01,702706,0,C,Alta,True,0.5926088,0.3333333333333333,0.5926088094711304,XGBoost,0.5926088094711304
2022-04-01,702707,0,C,Alta,True,0.21693036,0.0,0.2169303596019745,XGBoost,0.2169303596019745
2022-05-01,702707,0,C,Alta,True,0.13743146,0.0,0.13743145763874054,XGBoost,0.13743145763874054
2022-06-01,702707,0,C,Alta,True,0.1934214,0.0,0.1934213936328888,XGBoost,0.1934213936328888
2022-04-01,702713,0,C,Alta,True,0.20418444,0.0,0.20418444275856018,XGBoost,0.20418444275856018
2022-05-01,702713,0,C,Alta,True,0.16355804,0.0,0.16355803608894348,XGBoost,0.16355803608894348
2022-06-01,702713,2,C,Alta,True,0.15040742,0.0,0.15040741860866547,XGBoost,-1.8495925813913345
2022-04-01,702715,2293,A,Baja,True,2035.4167,2258.3333333333335,2035.416748046875,XGBoost,-257.583251953125
2022-05-01,702715,2189,A,Baja,True,2166.131,2213.3333333333335,2166.131103515625,XGBoost,-22.868896484375
2022-06-01,702715,2353,A,Baja,True,2139.1997,2186.3333333333335,2139.19970703125,XGBoost,-213.80029296875
2022-04-01,702869,9,C,Baja,False,5.923539,9.333333333333334,9.333333333333334,Media móvil,0.3333333333333339
2022-05-01,702869,6,C,Baja,False,8.05439,8.333333333333334,8.333333333333334,Media móvil,2.333333333333334
2022-06-01,702869,12,C,Baja,False,6.6466007,7.333333333333333,7.333333333333333,Media móvil,-4.666666666666667
2022-04-01,703178,1130,A,Baja,True,1191.9639,1208.0,1191.9638671875,XGBoost,61.9638671875
2022-05-01,703178,1001,A,Baja,True,1238.7557,1149.0,1238.7557373046875,XGBoost,237.7557373046875
2022-06-01,703178,1055,A,Baja,True,1095.858,1168.6666666666667,1095.8580322265625,XGBoost,40.8580322265625
2022-04-01,703179,1001,A,Baja,True,550.8784,858.3333333333334,550.87841796875,XGBoost,-450.12158203125
2022-05-01,703179,620,A,Baja,True,786.3715,821.0,786.3715209960938,XGBoost,166.37152099609375
2022-06-01,703179,689,A,Baja,True,720.8702,772.3333333333334,720.8701782226562,XGBoost,31.87017822265625
2022-04-01,703180,2474,A,Baja,True,2221.5774,2570.6666666666665,2221.577392578125,XGBoost,-252.422607421875
2022-05-01,703180,2456,A,Baja,True,2387.2292,2505.6666666666665,2387.229248046875,XGBoost,-68.770751953125
2022-06-01,703180,2414,A,Baja,True,2357.5503,2498.0,2357.55029296875,XGBoost,-56.44970703125
2022-04-01,703187,14,C,Baja,False,12.566148,17.0,17.0,Media móvil,3.0
2022-05-01,703187,18,C,Baja,False,23.674381,16.0,16.0,Media móvil,-2.0
2022-06-01,703187,0,C,Baja,False,20.92279,14.0,14.0,Media móvil,14.0
2022-04-01,703366,1,C,Alta,True,0.09673077,0.3333333333333333,0.09673076868057251,XGBoost,-0.9032692313194275
2022-05-01,703366,0,C,Alta,True,0.12047484,0.6666666666666666,0.12047483772039413,XGBoost,0.12047483772039413
2022-06-01,703366,0,C,Alta,True,0.057669453,0.3333333333333333,0.05766945332288742,XGBoost,0.05766945332288742
2022-04-01,703609,1,C,Alta,True,0.28332925,0.3333333333333333,0.2833292484283447,XGBoost,-0.7166707515716553
2022-05-01,703609,0,C,Alta,True,0.29954657,0.3333333333333333,0.29954656958580017,XGBoost,0.29954656958580017
2022-06-01,703609,0,C,Alta,True,0.12354519,0.3333333333333333,0.12354519218206406,XGBoost,0.12354519218206406
2022-04-01,703645,952,A,Baja,True,1154.9729,1173.3333333333333,1154.972900390625,XGBoost,202.972900390625
2022-05-01,703645,1610,A,Baja,True,1090.3763,1020.6666666666666,1090.3763427734375,XGBoost,-519.6236572265625
2022-06-01,703645,2034,A,Baja,True,1376.0815,1273.3333333333333,1376.08154296875,XGBoost,-657.91845703125
2022-04-01,703652,46,C,Alta,True,2.4204903,0.0,2.420490264892578,XGBoost,-43.57950973510742
2022-05-01,703652,0,C,Alta,True,2.6099787,15.333333333333334,2.609978675842285,XGBoost,2.609978675842285
2022-06-01,703652,15,C,Alta,True,0.90306354,15.333333333333334,0.9030635356903076,XGBoost,-14.096936464309692
2022-04-01,703654,12,C,Media,False,3.9744902,7.666666666666667,7.666666666666667,Media móvil,-4.333333333333333
2022-05-01,703654,11,C,Media,False,7.3357916,8.333333333333334,8.333333333333334,Media móvil,-2.666666666666666
2022-06-01,703654,3,C,Media,False,5.579181,9.0,9.0,Media móvil,6.0
2022-04-01,703665,3,C,Media,False,2.3961475,2.6666666666666665,2.6666666666666665,Media móvil,-0.3333333333333335
2022-05-01,703665,1,C,Media,False,2.626963,3.0,3.0,Media móvil,2.0
2022-06-01,703665,4,C,Media,False,2.6228929,2.0,2.0,Media móvil,-2.0
2022-04-01,703668,167,B,Media,True,156.47392,123.0,156.4739227294922,XGBoost,-10.526077270507812
2022-05-01,703668,304,B,Media,True,155.99634,168.66666666666666,155.996337890625,XGBoost,-148.003662109375
2022-06-01,703668,248,B,Media,True,172.78448,226.66666666666666,172.78448486328125,XGBoost,-75.21551513671875
2022-04-01,703672,740,A,Media,True,577.0507,591.3333333333334,577.0507202148438,XGBoost,-162.94927978515625
2022-05-01,703672,719,A,Media,True,650.8009,723.6666666666666,650.8009033203125,XGBoost,-68.1990966796875
2022-06-01,703672,1400,A,Media,True,645.4579,762.6666666666666,645.4578857421875,XGBoost,-754.5421142578125
2022-04-01,703686,0,C,Alta,True,0.18618363,2.0,0.1861836314201355,XGBoost,0.1861836314201355
2022-05-01,703686,0,C,Alta,True,0.14435925,2.0,0.14435924589633942,XGBoost,0.14435924589633942
2022-06-01,703686,0,C,Alta,True,0.03511193,2.0,0.0351119302213192,XGBoost,0.0351119302213192
2022-04-01,703694,0,C,Alta,True,0.100788556,0.0,0.10078855603933334,XGBoost,0.10078855603933334
2022-05-01,703694,0,C,Alta,True,0.04389045,0.0,0.04389045014977455,XGBoost,0.04389045014977455
2022-06-01,703694,0,C,Alta,True,0.1024575,0.0,0.10245750099420547,XGBoost,0.10245750099420547
2022-04-01,703708,1,C,Alta,True,0.16027907,0.6666666666666666,0.1602790653705597,XGBoost,-0.8397209346294403
2022-05-01,703708,0,C,Alta,True,0.16881862,1.0,0.1688186228275299,XGBoost,0.1688186228275299
2022-06-01,703708,0,C,Alta,True,0.19251534,0.3333333333333333,0.19251534342765808,XGBoost,0.19251534342765808
2022-04-01,703723,5037,A,Baja,True,4785.659,5494.0,4785.6591796875,XGBoost,-251.3408203125
2022-05-01,703723,7493,A,Baja,True,5530.8657,5251.333333333333,5530.86572265625,XGBoost,-1962.13427734375
2022-06-01,703723,7912,A,Baja,True,5839.5474,6106.333333333333,5839.54736328125,XGBoost,-2072.45263671875
2022-04-01,703730,9,C,Baja,False,23.49422,32.0,32.0,Media móvil,23.0
2022-05-01,703730,40,C,Baja,False,24.941046,21.666666666666668,21.666666666666668,Media móvil,-18.333333333333332
2022-06-01,703730,39,C,Baja,False,33.42616,24.0,24.0,Media móvil,-15.0
2022-04-01,703735,945,A,Baja,True,1145.1777,1115.3333333333333,1145.177734375,XGBoost,200.177734375
2022-05-01,703735,1174,A,Baja,True,1109.0272,1045.6666666666667,1109.0272216796875,XGBoost,-64.9727783203125
2022-06-01,703735,1052,A,Baja,True,1216.667,1102.0,1216.6669921875,XGBoost,164.6669921875
2022-04-01,703754,255,B,Baja,True,142.3165,184.33333333333334,142.31649780273438,XGBoost,-112.68350219726562
2022-05-01,703754,160,B,Baja,True,202.45958,209.66666666666666,202.45957946777344,XGBoost,42.45957946777344
2022-06-01,703754,129,B,Baja,True,178.06151,205.33333333333334,178.06150817871094,XGBoost,49.06150817871094
2022-04-01,703755,0,C,Alta,True,0.3954399,1.0,0.39543989300727844,XGBoost,0.39543989300727844
2022-05-01,703755,0,C,Alta,True,0.20089912,1.0,0.2008991241455078,XGBoost,0.2008991241455078
2022-06-01,703755,0,C,Alta,True,0.26807398,0.3333333333333333,0.2680739760398865,XGBoost,0.2680739760398865
2022-04-01,703775,2037,A,Baja,True,1474.2465,1624.3333333333333,1474.2464599609375,XGBoost,-562.7535400390625
2022-05-01,703775,1436,A,Baja,True,1794.6342,1751.0,1794.6341552734375,XGBoost,358.6341552734375
2022-06-01,703775,1455,A,Baja,True,1597.4926,1692.0,1597.4925537109375,XGBoost,142.4925537109375
2022-04-01,703782,192,B,Media,True,133.25714,85.0,133.25714111328125,XGBoost,-58.74285888671875
2022-05-01,703782,233,B,Media,True,163.34358,88.33333333333333,163.3435821533203,XGBoost,-69.65641784667969
2022-06-01,703782,212,B,Media,True,198.30371,160.0,198.3037109375,XGBoost,-13.6962890625
2022-04-01,703789,38,C,Media,False,10.158653,24.0,24.0,Media móvil,-14.0
2022-05-01,703789,14,C,Media,False,16.270502,14.333333333333334,14.333333333333334,Media móvil,0.3333333333333339
2022-06-01,703789,28,C,Media,False,8.867204,17.333333333333332,17.333333333333332,Media móvil,-10.666666666666668
2022-04-01,704102,44,C,Baja,False,29.348154,28.666666666666668,28.666666666666668,Media móvil,-15.333333333333332
2022-05-01,704102,56,C,Baja,False,34.952106,35.0,35.0,Media móvil,-21.0
2022-06-01,704102,30,C,Baja,False,32.04454,43.0,43.0,Media móvil,13.0
2022-04-01,704205,27,C,Media,False,4.7178507,14.0,14.0,Media móvil,-13.0
2022-05-01,704205,0,C,Media,False,5.272365,14.333333333333334,14.333333333333334,Media móvil,14.333333333333334
2022-06-01,704205,0,C,Media,False,7.7513065,9.0,9.0,Media móvil,9.0
2022-04-01,704252,48,C,Baja,False,36.357662,44.333333333333336,44.333333333333336,Media móvil,-3.6666666666666643
2022-05-01,704252,41,C,Baja,False,38.76021,47.333333333333336,47.333333333333336,Media móvil,6.333333333333336
2022-06-01,704252,44,C,Baja,False,21.436716,44.333333333333336,44.333333333333336,Media móvil,0.3333333333333357
2022-04-01,704256,831,A,Baja,True,770.2997,828.3333333333334,770.2996826171875,XGBoost,-60.7003173828125
2022-05-01,704256,1086,A,Baja,True,806.56775,802.6666666666666,806.5677490234375,XGBoost,-279.4322509765625
2022-06-01,704256,971,A,Baja,True,854.7154,885.0,854.7153930664062,XGBoost,-116.28460693359375
2022-04-01,704292,1,C,Alta,True,0.5799601,0.0,0.5799601078033447,XGBoost,-0.4200398921966553
2022-05-01,704292,3,C,Alta,True,0.46497723,0.3333333333333333,0.4649772346019745,XGBoost,-2.5350227653980255
2022-06-01,704292,1,C,Alta,True,0.52809656,1.3333333333333333,0.5280965566635132,XGBoost,-0.4719034433364868
2022-04-01,704298,5,C,Alta,True,1.2046704,3.0,1.2046704292297363,XGBoost,-3.7953295707702637
2022-05-01,704298,0,C,Alta,True,1.4691975,1.6666666666666667,1.4691975116729736,XGBoost,1.4691975116729736
2022-06-01,704298,4,C,Alta,True,1.0339937,1.6666666666666667,1.0339937210083008,XGBoost,-2.966006278991699
2022-04-01,704308,2,C,Alta,True,0.19758569,0.0,0.19758568704128265,XGBoost,-1.8024143129587173
2022-05-01,704308,0,C,Alta,True,0.60407114,0.6666666666666666,0.6040711402893066,XGBoost,0.6040711402893066
2022-06-01,704308,0,C,Alta,True,0.3452148,0.6666666666666666,0.3452148139476776,XGBoost,0.3452148139476776
2022-04-01,704336,1,C,Alta,True,0.32131913,0.0,0.3213191330432892,XGBoost,-0.6786808669567108
2022-05-01,704336,0,C,Alta,True,0.29029095,0.3333333333333333,0.2902909517288208,XGBoost,0.2902909517288208
2022-06-01,704336,0,C,Alta,True,0.18814069,0.3333333333333333,0.18814069032669067,XGBoost,0.18814069032669067
2022-04-01,704346,0,C,Alta,True,0.3839907,2.3333333333333335,0.38399070501327515,XGBoost,0.38399070501327515
2022-05-01,704346,1,C,Alta,True,0.41547707,1.6666666666666667,0.41547706723213196,XGBoost,-0.584522932767868
2022-06-01,704346,0,C,Alta,True,0.7212584,0.3333333333333333,0.7212584018707275,XGBoost,0.7212584018707275
2022-04-01,704381,1,C,Alta,True,0.4052573,0.0,0.40525731444358826,XGBoost,-0.5947426855564117
2022-05-01,704381,0,C,Alta,True,0.40699682,0.3333333333333333,0.40699681639671326,XGBoost,0.40699681639671326
2022-06-01,704381,0,C,Alta,True,0.2822477,0.3333333333333333,0.2822476923465729,XGBoost,0.2822476923465729
2022-04-01,704417,0,C,Alta,True,0.61003864,0.0,0.6100386381149292,XGBoost,0.6100386381149292
2022-05-01,704417,0,C,Alta,True,0.76168144,0.0,0.7616814374923706,XGBoost,0.7616814374923706
2022-06-01,704417,0,C,Alta,True,0.49712098,0.0,0.4971209764480591,XGBoost,0.4971209764480591
2022-04-01,704444,395,B,Media,True,249.44495,329.3333333333333,249.4449462890625,XGBoost,-145.5550537109375
2022-05-01,704444,434,B,Media,True,260.74155,352.6666666666667,260.7415466308594,XGBoost,-173.25845336914062
2022-06-01,704444,451,B,Media,True,272.26465,381.0,272.2646484375,XGBoost,-178.7353515625
2022-04-01,705183,2,C,Media,False,3.4039388,3.3333333333333335,3.3333333333333335,Media móvil,1.3333333333333335
2022-05-01,705183,1,C,Media,False,3.6597748,2.0,2.0,Media móvil,1.0
2022-06-01,705183,2,C,Media,False,3.567511,1.3333333333333333,1.3333333333333333,Media móvil,-0.6666666666666667
2022-04-01,705294,1,C,Media,False,0.83525467,1.0,1.0,Media móvil,0.0
2022-05-01,705294,2,C,Media,False,1.2129109,0.6666666666666666,0.6666666666666666,Media móvil,-1.3333333333333335
2022-06-01,705294,0,C,Media,False,1.4254763,1.0,1.0,Media móvil,1.0
2022-04-01,705297,67,C,Baja,False,56.315964,97.33333333333333,97.33333333333333,Media móvil,30.33333333333333
2022-05-01,705297,117,C,Baja,False,63.597313,85.66666666666667,85.66666666666667,Media móvil,-31.33333333333333
2022-06-01,705297,119,C,Baja,False,75.34997,92.66666666666667,92.66666666666667,Media móvil,-26.33333333333333
2022-04-01,705353,2,C,Alta,True,0.8188813,2.0,0.8188812732696533,XGBoost,-1.1811187267303467
2022-05-01,705353,6,C,Alta,True,1.1613927,2.6666666666666665,1.1613926887512207,XGBoost,-4.838607311248779
2022-06-01,705353,1,C,Alta,True,0.9397465,4.666666666666667,0.9397464990615845,XGBoost,-0.06025350093841553
2022-04-01,705431,3,C,Media,False,0.91029835,0.3333333333333333,0.3333333333333333,Media móvil,-2.6666666666666665
2022-05-01,705431,1,C,Media,False,0.6898507,1.3333333333333333,1.3333333333333333,Media móvil,0.33333333333333326
2022-06-01,705431,0,C,Media,False,0.8762518,1.6666666666666667,1.6666666666666667,Media móvil,1.6666666666666667
2022-04-01,705488,114,B,Baja,True,122.658295,98.66666666666667,122.65829467773438,XGBoost,8.658294677734375
2022-05-01,705488,85,B,Baja,True,135.95462,107.33333333333333,135.95462036132812,XGBoost,50.954620361328125
2022-06-01,705488,144,B,Baja,True,101.71136,113.33333333333333,101.71135711669922,XGBoost,-42.28864288330078
2022-04-01,705498,30,C,Alta,True,0.14115174,0.0,0.14115174114704132,XGBoost,-29.85884825885296
2022-05-01,705498,0,C,Alta,True,0.0,10.0,0.0,XGBoost,0.0
2022-06-01,705498,0,C,Alta,True,0.017590469,10.0,0.017590468749403954,XGBoost,0.017590468749403954
2022-04-01,705505,0,C,Media,False,17.411747,81.66666666666667,81.66666666666667,Media móvil,81.66666666666667
2022-05-01,705505,0,C,Media,False,15.284079,47.666666666666664,47.666666666666664,Media móvil,47.666666666666664
2022-06-01,705505,0,C,Media,False,7.434621,24.666666666666668,24.666666666666668,Media móvil,24.666666666666668
2022-04-01,705561,0,C,Alta,True,0.21199551,0.0,0.21199551224708557,XGBoost,0.21199551224708557
2022-05-01,705561,0,C,Alta,True,0.21789408,0.0,0.2178940773010254,XGBoost,0.2178940773010254
2022-06-01,705561,0,C,Alta,True,0.92064106,0.0,0.9206410646438599,XGBoost,0.9206410646438599
2022-04-01,705570,0,C,Alta,True,0.22169071,0.0,0.22169071435928345,XGBoost,0.22169071435928345
2022-05-01,705570,0,C,Alta,True,0.27127072,0.0,0.2712707221508026,XGBoost,0.2712707221508026
2022-06-01,705570,17,C,Alta,True,0.21706168,0.0,0.21706168353557587,XGBoost,-16.782938316464424
2022-04-01,705579,0,C,Alta,True,0.15787973,0.0,0.15787972509860992,XGBoost,0.15787972509860992
2022-05-01,705579,0,C,Alta,True,0.16680178,0.0,0.16680178046226501,XGBoost,0.16680178046226501
2022-06-01,705579,0,C,Alta,True,0.15361452,0.0,0.15361452102661133,XGBoost,0.15361452102661133
2022-04-01,705632,28,C,Baja,False,32.71883,38.666666666666664,38.666666666666664,Media móvil,10.666666666666664
2022-05-01,705632,14,C,Baja,False,29.120003,32.0,32.0,Media móvil,18.0
2022-06-01,705632,16,C,Baja,False,34.883015,26.0,26.0,Media móvil,10.0
2022-04-01,705740,0,C,Alta,True,0.2666674,0.0,0.2666673958301544,XGBoost,0.2666673958301544
2022-05-01,705740,0,C,Alta,True,0.29618067,0.0,0.2961806654930115,XGBoost,0.2961806654930115
2022-06-01,705740,0,C,Alta,True,0.25215563,0.0,0.2521556317806244,XGBoost,0.2521556317806244
2022-04-01,705846,1,C,Alta,True,0.6911571,0.3333333333333333,0.6911571025848389,XGBoost,-0.30884289741516113
2022-05-01,705846,0,C,Alta,True,0.6809561,0.6666666666666666,0.6809561252593994,XGBoost,0.6809561252593994
2022-06-01,705846,0,C,Alta,True,0.37951523,0.6666666666666666,0.37951523065567017,XGBoost,0.37951523065567017
2022-04-01,705888,0,C,Alta,True,0.2831284,0.0,0.28312841057777405,XGBoost,0.28312841057777405
2022-05-01,705888,2,C,Alta,True,0.22678664,0.0,0.22678664326667786,XGBoost,-1.7732133567333221
2022-06-01,705888,0,C,Alta,True,0.21067028,0.6666666666666666,0.21067027747631073,XGBoost,0.21067027747631073
2022-04-01,705891,0,C,Alta,True,0.14246252,0.0,0.14246252179145813,XGBoost,0.14246252179145813
2022-05-01,705891,1,C,Alta,True,0.115059964,0.0,0.11505996435880661,XGBoost,-0.8849400356411934
2022-06-01,705891,0,C,Alta,True,0.06553542,0.3333333333333333,0.06553541868925095,XGBoost,0.06553541868925095
2022-04-01,705958,0,C,Alta,True,0.014190964,3.0,0.01419096440076828,XGBoost,0.01419096440076828
2022-05-01,705958,0,C,Alta,True,0.44030717,0.0,0.4403071701526642,XGBoost,0.4403071701526642
2022-06-01,705958,0,C,Alta,True,0.42768234,0.0,0.4276823401451111,XGBoost,0.4276823401451111
2022-04-01,705961,8,C,Alta,True,0.8362204,15.333333333333334,0.836220383644104,XGBoost,-7.163779616355896
2022-05-01,705961,0,C,Alta,True,1.4977822,18.0,1.4977822303771973,XGBoost,1.4977822303771973
2022-06-01,705961,18,C,Alta,True,2.9160063,2.6666666666666665,2.916006326675415,XGBoost,-15.083993673324585
2022-04-01,706053,0,C,Alta,True,0.3217401,0.6666666666666666,0.3217400908470154,XGBoost,0.3217400908470154
2022-05-01,706053,2,C,Alta,True,0.37198633,0.6666666666666666,0.3719863295555115,XGBoost,-1.6280136704444885
2022-06-01,706053,0,C,Alta,True,0.3761776,1.3333333333333333,0.3761776089668274,XGBoost,0.3761776089668274
2022-04-01,706122,0,C,Alta,True,0.57226396,2.6666666666666665,0.5722639560699463,XGBoost,0.5722639560699463
2022-05-01,706122,0,C,Alta,True,0.9118756,0.0,0.9118756055831909,XGBoost,0.9118756055831909
2022-06-01,706122,0,C,Alta,True,0.8716669,0.0,0.8716669082641602,XGBoost,0.8716669082641602
2022-04-01,706123,11,C,Baja,False,7.1313906,10.0,10.0,Media móvil,-1.0
2022-05-01,706123,5,C,Baja,False,9.992665,9.0,9.0,Media móvil,4.0
2022-06-01,706123,12,C,Baja,False,7.1942244,7.333333333333333,7.333333333333333,Media móvil,-4.666666666666667
2022-04-01,706175,9,C,Baja,False,11.561101,13.333333333333334,13.333333333333334,Media móvil,4.333333333333334
2022-05-01,706175,15,C,Baja,False,8.219743,11.333333333333334,11.333333333333334,Media móvil,-3.666666666666666
2022-06-01,706175,14,C,Baja,False,7.222543,13.666666666666666,13.666666666666666,Media móvil,-0.3333333333333339
2022-04-01,706196,1,C,Alta,True,0.5671809,0.6666666666666666,0.567180871963501,XGBoost,-0.432819128036499
2022-05-01,706196,0,C,Alta,True,0.53644216,1.0,0.5364421606063843,XGBoost,0.5364421606063843
2022-06-01,706196,0,C,Alta,True,0.28892937,0.6666666666666666,0.28892937302589417,XGBoost,0.28892937302589417
2022-04-01,706261,0,C,Alta,True,0.036833607,0.0,0.03683360666036606,XGBoost,0.03683360666036606
2022-05-01,706261,0,C,Alta,True,0.22169629,0.0,0.22169628739356995,XGBoost,0.22169628739356995
2022-06-01,706261,0,C,Alta,True,0.20788857,0.0,0.20788857340812683,XGBoost,0.20788857340812683
2022-04-01,706577,0,C,Alta,True,0.094857655,0.6666666666666666,0.09485765546560287,XGBoost,0.09485765546560287
2022-05-01,706577,0,C,Alta,True,0.15959573,0.0,0.15959572792053223,XGBoost,0.15959572792053223
2022-06-01,706577,0,C,Alta,True,0.14351037,0.0,0.1435103714466095,XGBoost,0.1435103714466095
2022-04-01,706670,189,C,Alta,True,2.7784932,0.0,2.7784931659698486,XGBoost,-186.22150683403015
2022-05-01,706670,16,C,Alta,True,1.7186992,63.0,1.7186992168426514,XGBoost,-14.281300783157349
2022-06-01,706670,6,C,Alta,True,3.0540738,68.33333333333333,3.0540738105773926,XGBoost,-2.9459261894226074
2022-04-01,706682,0,C,Alta,True,15.774921,79.0,15.774921417236328,XGBoost,15.774921417236328
2022-05-01,706682,82,C,Alta,True,72.18829,44.666666666666664,72.18829345703125,XGBoost,-9.81170654296875
2022-06-01,706682,63,C,Alta,True,5.6409254,60.0,5.640925407409668,XGBoost,-57.35907459259033
2022-04-01,706722,80,C,Alta,True,4.7839255,31.0,4.783925533294678,XGBoost,-75.21607446670532
2022-05-01,706722,0,C,Alta,True,24.301619,34.666666666666664,24.301618576049805,XGBoost,24.301618576049805
2022-06-01,706722,0,C,Alta,True,17.997046,26.666666666666668,17.997045516967773,XGBoost,17.997045516967773
2022-04-01,707118,13,C,Alta,True,4.733198,5.666666666666667,4.733198165893555,XGBoost,-8.266801834106445
2022-05-01,707118,77,C,Alta,True,6.899844,9.0,6.899844169616699,XGBoost,-70.1001558303833
2022-06-01,707118,12,C,Alta,True,4.7624683,34.666666666666664,4.762468338012695,XGBoost,-7.237531661987305
2022-04-01,707121,85,C,Media,False,42.68684,67.33333333333333,67.33333333333333,Media móvil,-17.66666666666667
2022-05-01,707121,30,C,Media,False,40.64199,68.0,68.0,Media móvil,38.0
2022-06-01,707121,22,C,Media,False,37.42295,64.33333333333333,64.33333333333333,Media móvil,42.33333333333333
2022-04-01,707126,1,C,Alta,True,0.5731603,0.0,0.5731602907180786,XGBoost,-0.4268397092819214
2022-05-01,707126,2,C,Alta,True,0.8798059,0.3333333333333333,0.8798059225082397,XGBoost,-1.1201940774917603
2022-06-01,707126,1,C,Alta,True,0.8877729,1.0,0.8877729177474976,XGBoost,-0.11222708225250244
2022-04-01,707137,0,C,Alta,True,0.25537455,0.3333333333333333,0.255374550819397,XGBoost,0.255374550819397
2022-05-01,707137,1,C,Alta,True,0.21410182,0.0,0.21410182118415833,XGBoost,-0.7858981788158417
2022-06-01,707137,1,C,Alta,True,0.26198646,0.3333333333333333,0.26198646426200867,XGBoost,-0.7380135357379913
2022-04-01,707251,6,C,Alta,True,1.9527433,6.666666666666667,1.9527432918548584,XGBoost,-4.047256708145142
2022-05-01,707251,7,C,Alta,True,2.63679,8.666666666666666,2.6367900371551514,XGBoost,-4.363209962844849
2022-06-01,707251,32,C,Alta,True,5.0735188,6.0,5.073518753051758,XGBoost,-26.926481246948242
2022-04-01,707258,166,B,Baja,True,166.95088,197.66666666666666,166.9508819580078,XGBoost,0.9508819580078125
2022-05-01,707258,219,B,Baja,True,193.40019,179.33333333333334,193.4001922607422,XGBoost,-25.599807739257812
2022-06-01,707258,251,B,Baja,True,183.93608,193.66666666666666,183.9360809326172,XGBoost,-67.06391906738281
2022-04-01,707300,0,C,Alta,True,0.7715664,3.3333333333333335,0.7715663909912109,XGBoost,0.7715663909912109
2022-05-01,707300,2,C,Alta,True,0.75967824,2.3333333333333335,0.7596782445907593,XGBoost,-1.2403217554092407
2022-06-01,707300,0,C,Alta,True,1.1315956,2.0,1.1315956115722656,XGBoost,1.1315956115722656
2022-04-01,707547,0,C,Alta,True,0.14246252,0.0,0.14246252179145813,XGBoost,0.14246252179145813
2022-05-01,707547,0,C,Alta,True,0.115059964,0.0,0.11505996435880661,XGBoost,0.11505996435880661
2022-06-01,707547,0,C,Alta,True,0.1024575,0.0,0.10245750099420547,XGBoost,0.10245750099420547
2022-04-01,707596,3,B,Media,True,107.25646,185.33333333333334,107.25646209716797,XGBoost,104.25646209716797
2022-05-01,707596,74,B,Media,True,21.792488,140.33333333333334,21.79248809814453,XGBoost,-52.20751190185547
2022-06-01,707596,78,B,Media,True,160.13353,52.333333333333336,160.13352966308594,XGBoost,82.13352966308594
2022-04-01,707597,324,B,Baja,True,219.14789,276.0,219.14788818359375,XGBoost,-104.85211181640625
2022-05-01,707597,341,B,Baja,True,259.94647,285.6666666666667,259.94647216796875,XGBoost,-81.05352783203125
2022-06-01,707597,481,B,Baja,True,269.67834,306.0,269.6783447265625,XGBoost,-211.3216552734375
2022-04-01,707610,0,C,Alta,True,0.1476631,0.0,0.14766310155391693,XGBoost,0.14766310155391693
2022-05-01,707610,0,C,Alta,True,0.13215381,0.0,0.13215380907058716,XGBoost,0.13215380907058716
2022-06-01,707610,0,C,Alta,True,0.0,0.0,0.0,XGBoost,0.0
2022-04-01,707621,0,C,Alta,True,0.9162432,3.0,0.9162431955337524,XGBoost,0.9162431955337524
2022-05-01,707621,0,C,Alta,True,1.4265783,3.0,1.4265782833099365,XGBoost,1.4265782833099365
2022-06-01,707621,0,C,Alta,True,1.0430839,3.0,1.043083906173706,XGBoost,1.043083906173706
2022-04-01,707755,148,B,Baja,True,73.2851,64.33333333333333,73.28510284423828,XGBoost,-74.71489715576172
2022-05-01,707755,142,B,Baja,True,103.160866,100.0,103.1608657836914,XGBoost,-38.839134216308594
2022-06-01,707755,81,B,Baja,True,107.008194,119.66666666666667,107.00819396972656,XGBoost,26.008193969726562
2022-04-01,707781,0,C,Alta,True,0.05296154,0.6666666666666666,0.05296153947710991,XGBoost,0.05296153947710991
2022-05-01,707781,0,C,Alta,True,0.08791424,0.6666666666666666,0.08791424334049225,XGBoost,0.08791424334049225
2022-06-01,707781,0,C,Alta,True,0.0900658,0.0,0.09006579965353012,XGBoost,0.09006579965353012
2022-04-01,707878,1,C,Media,False,2.0955567,5.333333333333333,5.333333333333333,Media móvil,4.333333333333333
2022-05-01,707878,0,C,Media,False,2.3606834,4.666666666666667,4.666666666666667,Media móvil,4.666666666666667
2022-06-01,707878,5,C,Media,False,1.7050743,3.0,3.0,Media móvil,-2.0
2022-04-01,708178,5,C,Baja,False,3.9424667,4.666666666666667,4.666666666666667,Media móvil,-0.33333333333333304
2022-05-01,708178,3,C,Baja,False,4.733621,4.0,4.0,Media móvil,1.0
2022-06-01,708178,4,C,Baja,False,5.2464542,3.3333333333333335,3.3333333333333335,Media móvil,-0.6666666666666665
2022-04-01,708344,7336,A,Baja,True,6436.715,7375.0,6436.71484375,XGBoost,-899.28515625
2022-05-01,708344,7030,A,Baja,True,6856.384,7188.0,6856.3837890625,XGBoost,-173.6162109375
2022-06-01,708344,6582,A,Baja,True,6747.5654,7100.0,6747.5654296875,XGBoost,165.5654296875
2022-04-01,708346,516,A,Baja,True,564.3984,559.0,564.3983764648438,XGBoost,48.39837646484375
2022-05-01,708346,736,A,Baja,True,601.857,542.6666666666666,601.8569946289062,XGBoost,-134.14300537109375
2022-06-01,708346,804,A,Baja,True,630.26654,617.3333333333334,630.2665405273438,XGBoost,-173.73345947265625
2022-04-01,708363,31,C,Media,False,34.867935,24.333333333333332,24.333333333333332,Media móvil,-6.666666666666668
2022-05-01,708363,61,C,Media,False,27.382107,20.666666666666668,20.666666666666668,Media móvil,-40.33333333333333
2022-06-01,708363,17,C,Media,False,20.41736,36.666666666666664,36.666666666666664,Media móvil,19.666666666666664
2022-04-01,708677,1,C,Media,False,2.521035,4.666666666666667,4.666666666666667,Media móvil,3.666666666666667
2022-05-01,708677,0,C,Media,False,2.01161,3.3333333333333335,3.3333333333333335,Media móvil,3.3333333333333335
2022-06-01,708677,1,C,Media,False,3.3013353,0.3333333333333333,0.3333333333333333,Media móvil,-0.6666666666666667
2022-04-01,708756,8,C,Baja,False,6.585915,8.0,8.0,Media móvil,0.0
2022-05-01,708756,14,C,Baja,False,10.276998,6.333333333333333,6.333333333333333,Media móvil,-7.666666666666667
2022-06-01,708756,13,C,Baja,False,9.4503565,9.333333333333334,9.333333333333334,Media móvil,-3.666666666666666
2022-04-01,708771,7,C,Alta,True,0.16437246,0.0,0.16437245905399323,XGBoost,-6.835627540946007
2022-05-01,708771,0,C,Alta,True,0.0,2.3333333333333335,0.0,XGBoost,0.0
2022-06-01,708771,0,C,Alta,True,0.0,2.3333333333333335,0.0,XGBoost,0.0
2022-04-01,708786,33,C,Baja,False,40.86958,48.0,48.0,Media móvil,15.0
2022-05-01,708786,42,C,Baja,False,25.62858,37.666666666666664,37.666666666666664,Media móvil,-4.333333333333336
2022-06-01,708786,27,C,Baja,False,30.26244,38.666666666666664,38.666666666666664,Media móvil,11.666666666666664
2022-04-01,708833,49,B,Media,True,171.20062,197.33333333333334,171.20062255859375,XGBoost,122.20062255859375
2022-05-01,708833,421,B,Media,True,129.76535,178.33333333333334,129.76535034179688,XGBoost,-291.2346496582031
2022-06-01,708833,323,B,Media,True,196.7596,275.3333333333333,196.7595977783203,XGBoost,-126.24040222167969
2022-04-01,708836,0,C,Alta,True,0.36947837,0.0,0.36947837471961975,XGBoost,0.36947837471961975
2022-05-01,708836,0,C,Alta,True,0.14236574,0.0,0.1423657387495041,XGBoost,0.1423657387495041
2022-06-01,708836,0,C,Alta,True,0.45950505,0.0,0.4595050513744354,XGBoost,0.4595050513744354
2022-04-01,708852,59,C,Media,False,67.47701,64.33333333333333,64.33333333333333,Media móvil,5.333333333333329
2022-05-01,708852,129,C,Media,False,71.820305,61.666666666666664,61.666666666666664,Media móvil,-67.33333333333334
2022-06-01,708852,171,C,Media,False,82.43513,86.0,86.0,Media móvil,-85.0
2022-04-01,708883,4,C,Baja,False,3.618308,4.666666666666667,4.666666666666667,Media móvil,0.666666666666667
2022-05-01,708883,3,C,Baja,False,2.8897996,5.333333333333333,5.333333333333333,Media móvil,2.333333333333333
2022-06-01,708883,4,C,Baja,False,3.0845442,4.0,4.0,Media móvil,0.0
2022-04-01,708919,0,C,Alta,True,0.09667947,1.0,0.09667947143316269,XGBoost,0.09667947143316269
2022-05-01,708919,0,C,Alta,True,0.033322223,1.0,0.03332222253084183,XGBoost,0.03332222253084183
2022-06-01,708919,0,C,Alta,True,0.14178707,0.0,0.1417870670557022,XGBoost,0.1417870670557022
2022-04-01,709134,237,B,Media,True,173.79108,86.66666666666667,173.79107666015625,XGBoost,-63.20892333984375
2022-05-01,709134,313,B,Media,True,234.87526,133.0,234.87525939941406,XGBoost,-78.12474060058594
2022-06-01,709134,359,B,Media,True,205.04193,219.33333333333334,205.04193115234375,XGBoost,-153.95806884765625
2022-04-01,709707,15,C,Media,False,5.3726892,4.666666666666667,4.666666666666667,Media móvil,-10.333333333333332
2022-05-01,709707,3,C,Media,False,7.536998,8.333333333333334,8.333333333333334,Media móvil,5.333333333333334
2022-06-01,709707,5,C,Media,False,4.411504,8.0,8.0,Media móvil,3.0
2022-04-01,709736,258,B,Media,True,86.93759,79.66666666666667,86.93759155273438,XGBoost,-171.06240844726562
2022-05-01,709736,85,B,Media,True,110.97622,140.0,110.9762191772461,XGBoost,25.976219177246094
2022-06-01,709736,55,B,Media,True,88.485596,145.66666666666666,88.485595703125,XGBoost,33.485595703125
2022-04-01,709757,1,C,Media,False,0.8492434,1.0,1.0,Media móvil,0.0
2022-05-01,709757,3,C,Media,False,0.81326103,1.0,1.0,Media móvil,-2.0
2022-06-01,709757,1,C,Media,False,0.6456641,1.6666666666666667,1.6666666666666667,Media móvil,0.6666666666666667
2022-04-01,710039,0,C,Alta,True,0.9721767,1.0,0.9721766710281372,XGBoost,0.9721766710281372
2022-05-01,710039,0,C,Alta,True,0.917559,0.6666666666666666,0.917559027671814,XGBoost,0.917559027671814
2022-06-01,710039,4,C,Alta,True,0.9156152,0.3333333333333333,0.9156152009963989,XGBoost,-3.084384799003601
2022-04-01,710045,5,C,Baja,False,14.479473,17.333333333333332,17.333333333333332,Media móvil,12.333333333333332
2022-05-01,710045,19,C,Baja,False,9.149583,11.333333333333334,11.333333333333334,Media móvil,-7.666666666666666
2022-06-01,710045,8,C,Baja,False,13.8117,13.0,13.0,Media móvil,5.0
2022-04-01,710108,0,C,Alta,True,0.044680823,0.0,0.044680822640657425,XGBoost,0.044680822640657425
2022-05-01,710108,0,C,Alta,True,0.115059964,0.0,0.11505996435880661,XGBoost,0.11505996435880661
2022-06-01,710108,0,C,Alta,True,0.1024575,0.0,0.10245750099420547,XGBoost,0.10245750099420547
2022-04-01,710110,0,C,Media,False,2.3098934,6.0,6.0,Media móvil,6.0
2022-05-01,710110,0,C,Media,False,2.6352723,2.3333333333333335,2.3333333333333335,Media móvil,2.3333333333333335
2022-06-01,710110,0,C,Media,False,3.4011078,0.0,0.0,Media móvil,0.0
2022-04-01,710111,82,C,Baja,False,78.99855,77.66666666666667,77.66666666666667,Media móvil,-4.333333333333329
2022-05-01,710111,109,C,Baja,False,45.41552,82.0,82.0,Media móvil,-27.0
2022-06-01,710111,62,C,Baja,False,100.87474,91.0,91.0,Media móvil,29.0
2022-04-01,710176,0,C,Alta,True,0.2417919,0.0,0.24179190397262573,XGBoost,0.24179190397262573
2022-05-01,710176,0,C,Alta,True,0.24070126,0.0,0.24070125818252563,XGBoost,0.24070125818252563
2022-06-01,710176,6,C,Alta,True,0.19856027,0.0,0.19856026768684387,XGBoost,-5.801439732313156
2022-04-01,710356,288,B,Baja,True,335.13217,356.3333333333333,335.1321716308594,XGBoost,47.132171630859375
2022-05-01,710356,544,B,Baja,True,340.31528,298.6666666666667,340.3152770996094,XGBoost,-203.68472290039062
2022-06-01,710356,486,B,Baja,True,380.83798,375.6666666666667,380.8379821777344,XGBoost,-105.16201782226562
2022-04-01,710703,33,C,Media,False,17.232828,14.0,14.0,Media móvil,-19.0
2022-05-01,710703,14,C,Media,False,24.157518,14.0,14.0,Media móvil,0.0
2022-06-01,710703,0,C,Media,False,11.639193,15.666666666666666,15.666666666666666,Media móvil,15.666666666666666
2022-04-01,710768,26,C,Baja,False,13.485656,9.666666666666666,9.666666666666666,Media móvil,-16.333333333333336
2022-05-01,710768,11,C,Baja,False,19.4079,16.666666666666668,16.666666666666668,Media móvil,5.666666666666668
2022-06-01,710768,7,C,Baja,False,16.157253,16.666666666666668,16.666666666666668,Media móvil,9.666666666666668
2022-04-01,711321,3,C,Alta,True,0.6580993,0.3333333333333333,0.6580992937088013,XGBoost,-2.3419007062911987
2022-05-01,711321,1,C,Alta,True,0.5989157,1.3333333333333333,0.598915696144104,XGBoost,-0.401084303855896
2022-06-01,711321,0,C,Alta,True,0.5926765,1.6666666666666667,0.5926765203475952,XGBoost,0.5926765203475952
2022-04-01,711417,6,C,Media,False,1.6804004,4.333333333333333,4.333333333333333,Media móvil,-1.666666666666667
2022-05-01,711417,6,C,Media,False,2.7944446,3.6666666666666665,3.6666666666666665,Media móvil,-2.3333333333333335
2022-06-01,711417,0,C,Media,False,2.471568,5.666666666666667,5.666666666666667,Media móvil,5.666666666666667
2022-04-01,711979,0,C,Alta,True,0.18583761,7.0,0.18583761155605316,XGBoost,0.18583761155605316
2022-05-01,711979,2,C,Alta,True,1.201611,0.0,1.201611042022705,XGBoost,-0.7983889579772949
2022-06-01,711979,11,C,Alta,True,2.4251654,0.6666666666666666,2.4251654148101807,XGBoost,-8.57483458518982
2022-04-01,712599,0,C,Alta,True,0.45026475,8.0,0.45026475191116333,XGBoost,0.45026475191116333
2022-05-01,712599,20,C,Alta,True,1.0240257,0.0,1.0240256786346436,XGBoost,-18.975974321365356
2022-06-01,712599,34,C,Alta,True,0.5904957,6.666666666666667,0.5904957056045532,XGBoost,-33.40950429439545
2022-04-01,712920,0,C,Alta,True,0.14866558,0.3333333333333333,0.14866557717323303,XGBoost,0.14866557717323303
2022-05-01,712920,0,C,Alta,True,0.09267209,0.3333333333333333,0.09267208725214005,XGBoost,0.09267208725214005
2022-06-01,712920,0,C,Alta,True,0.07281064,0.3333333333333333,0.07281064242124557,XGBoost,0.07281064242124557
2022-04-01,712991,0,C,Alta,True,0.14246252,0.0,0.14246252179145813,XGBoost,0.14246252179145813
2022-05-01,712991,0,C,Alta,True,0.115059964,0.0,0.11505996435880661,XGBoost,0.11505996435880661
2022-06-01,712991,0,C,Alta,True,0.1024575,0.0,0.10245750099420547,XGBoost,0.10245750099420547
2022-04-01,713099,26,C,Baja,False,35.224926,35.0,35.0,Media móvil,9.0
2022-05-01,713099,37,C,Baja,False,32.396584,31.0,31.0,Media móvil,-6.0
2022-06-01,713099,33,C,Baja,False,43.062927,32.666666666666664,32.666666666666664,Media móvil,-0.3333333333333357
2022-04-01,713258,15,C,Media,False,36.104652,48.666666666666664,48.666666666666664,Media móvil,33.666666666666664
2022-05-01,713258,39,C,Media,False,38.44047,26.666666666666668,26.666666666666668,Media móvil,-12.333333333333332
2022-06-01,713258,30,C,Media,False,39.35192,31.0,31.0,Media móvil,1.0
2022-04-01,713549,0,C,Alta,True,1.1296515,15.333333333333334,1.1296515464782715,XGBoost,1.1296515464782715
2022-05-01,713549,0,C,Alta,True,0.34066463,15.333333333333334,0.3406646251678467,XGBoost,0.3406646251678467
2022-06-01,713549,0,C,Alta,True,0.2557822,15.333333333333334,0.25578218698501587,XGBoost,0.25578218698501587
2022-04-01,713679,249,B,Baja,True,209.93271,225.66666666666666,209.93270874023438,XGBoost,-39.067291259765625
2022-05-01,713679,232,B,Baja,True,241.96873,229.0,241.96873474121094,XGBoost,9.968734741210938
2022-06-01,713679,265,B,Baja,True,237.01868,232.33333333333334,237.0186767578125,XGBoost,-27.9813232421875
2022-04-01,713842,0,C,Alta,True,2.923679,14.666666666666666,2.9236791133880615,XGBoost,2.9236791133880615
2022-05-01,713842,28,C,Alta,True,1.5919044,14.333333333333334,1.5919044017791748,XGBoost,-26.408095598220825
2022-06-01,713842,30,C,Alta,True,2.1287196,17.0,2.1287195682525635,XGBoost,-27.871280431747437
2022-04-01,713863,0,C,Alta,True,0.13686481,0.0,0.1368648111820221,XGBoost,0.1368648111820221
2022-05-01,713863,0,C,Alta,True,0.20811595,0.0,0.20811595022678375,XGBoost,0.20811595022678375
2022-06-01,713863,1,C,Alta,True,0.15260212,0.0,0.15260212123394012,XGBoost,-0.8473978787660599
2022-04-01,713981,0,C,Alta,True,0.952373,0.0,0.9523730278015137,XGBoost,0.9523730278015137
2022-05-01,713981,8,C,Alta,True,2.261033,0.0,2.261033058166504,XGBoost,-5.738966941833496
2022-06-01,713981,0,C,Alta,True,4.6887727,2.6666666666666665,4.688772678375244,XGBoost,4.688772678375244
2022-04-01,714048,0,C,Alta,True,0.20628369,0.0,0.20628368854522705,XGBoost,0.20628368854522705
2022-05-01,714048,0,C,Alta,True,0.26330045,0.0,0.26330044865608215,XGBoost,0.26330044865608215
2022-06-01,714048,0,C,Alta,True,0.24902253,0.0,0.24902252852916718,XGBoost,0.24902252852916718
2022-04-01,714463,0,C,Alta,True,0.7212335,0.3333333333333333,0.7212334871292114,XGBoost,0.7212334871292114
2022-05-01,714463,0,C,Alta,True,0.82041955,0.0,0.8204195499420166,XGBoost,0.8204195499420166
2022-06-01,714463,0,C,Alta,True,0.89018345,0.0,0.8901834487915039,XGBoost,0.8901834487915039
2022-04-01,714819,0,C,Alta,True,0.18602341,0.0,0.18602341413497925,XGBoost,0.18602341413497925
2022-05-01,714819,0,C,Alta,True,0.20600261,0.0,0.2060026079416275,XGBoost,0.2060026079416275
2022-06-01,714819,0,C,Alta,True,0.16504018,0.0,0.16504018008708954,XGBoost,0.16504018008708954
2022-04-01,714878,0,C,Alta,True,0.029189229,22.0,0.029189229011535645,XGBoost,0.029189229011535645
2022-05-01,714878,0,C,Alta,True,0.17338103,0.0,0.1733810305595398,XGBoost,0.1733810305595398
2022-06-01,714878,0,C,Alta,True,0.20111096,0.0,0.20111095905303955,XGBoost,0.20111095905303955
2022-04-01,714955,314,B,Baja,True,174.79803,213.66666666666666,174.79803466796875,XGBoost,-139.20196533203125
2022-05-01,714955,243,B,Baja,True,188.97363,254.33333333333334,188.9736328125,XGBoost,-54.0263671875
2022-06-01,714955,184,B,Baja,True,191.8882,247.33333333333334,191.88819885253906,XGBoost,7.8881988525390625
2022-04-01,715020,3,C,Alta,True,1.4394641,0.0,1.4394640922546387,XGBoost,-1.5605359077453613
2022-05-01,715020,0,C,Alta,True,1.9229958,1.0,1.9229958057403564,XGBoost,1.9229958057403564
2022-06-01,715020,0,C,Alta,True,1.6313889,1.0,1.6313889026641846,XGBoost,1.6313889026641846
2022-04-01,715068,96,B,Baja,True,81.16756,97.33333333333333,81.16755676269531,XGBoost,-14.832443237304688
2022-05-01,715068,113,B,Baja,True,88.477875,97.33333333333333,88.47787475585938,XGBoost,-24.522125244140625
2022-06-01,715068,129,B,Baja,True,101.48304,109.66666666666667,101.48303985595703,XGBoost,-27.51696014404297
2022-04-01,715131,0,C,Alta,True,0.013056161,18.0,0.013056160882115364,XGBoost,0.013056160882115364
2022-05-01,715131,0,C,Alta,True,0.18631077,0.0,0.1863107681274414,XGBoost,0.1863107681274414
2022-06-01,715131,4,C,Alta,True,0.063596085,0.0,0.06359608471393585,XGBoost,-3.936403915286064
2022-04-01,715385,39,B,Media,True,151.73744,290.0,151.73744201660156,XGBoost,112.73744201660156
2022-05-01,715385,227,B,Media,True,100.21656,218.66666666666666,100.21656036376953,XGBoost,-126.78343963623047
2022-06-01,715385,137,B,Media,True,105.82258,207.0,105.82257843017578,XGBoost,-31.17742156982422
2022-04-01,715460,8,C,Media,False,19.244122,25.0,25.0,Media móvil,17.0
2022-05-01,715460,19,C,Media,False,13.457032,14.666666666666666,14.666666666666666,Media móvil,-4.333333333333334
2022-06-01,715460,21,C,Media,False,17.697218,14.666666666666666,14.666666666666666,Media móvil,-6.333333333333334
2022-04-01,715545,167,B,Media,True,228.59064,203.33333333333334,228.59063720703125,XGBoost,61.59063720703125
2022-05-01,715545,452,B,Media,True,206.59755,219.66666666666666,206.59754943847656,XGBoost,-245.40245056152344
2022-06-01,715545,710,B,Media,True,165.40828,323.0,165.4082794189453,XGBoost,-544.5917205810547
2022-04-01,715571,0,C,Alta,True,0.19137901,0.0,0.19137901067733765,XGBoost,0.19137901067733765
2022-05-01,715571,0,C,Alta,True,0.17335002,0.0,0.1733500212430954,XGBoost,0.1733500212430954
2022-06-01,715571,0,C,Alta,True,0.13349663,0.0,0.13349662721157074,XGBoost,0.13349662721157074
2022-04-01,715576,5,C,Alta,True,1.3103273,0.0,1.3103272914886475,XGBoost,-3.6896727085113525
2022-05-01,715576,199,C,Alta,True,1.7786038,1.6666666666666667,1.7786037921905518,XGBoost,-197.22139620780945
2022-06-01,715576,74,C,Alta,True,4.555074,68.0,4.555074214935303,XGBoost,-69.4449257850647
2022-04-01,715623,0,C,Media,False,57.10826,99.66666666666667,99.66666666666667,Media móvil,99.66666666666667
2022-05-01,715623,41,C,Media,False,14.6940975,72.0,72.0,Media móvil,31.0
2022-06-01,715623,43,C,Media,False,49.653343,30.0,30.0,Media móvil,-13.0
2022-04-01,715706,146,B,Baja,True,147.85286,162.66666666666666,147.8528594970703,XGBoost,1.8528594970703125
2022-05-01,715706,198,B,Baja,True,152.92715,156.0,152.92715454101562,XGBoost,-45.072845458984375
2022-06-01,715706,199,B,Baja,True,163.61699,165.33333333333334,163.6169891357422,XGBoost,-35.38301086425781
2022-04-01,715794,100,C,Baja,False,83.40471,87.33333333333333,87.33333333333333,Media móvil,-12.666666666666671
2022-05-01,715794,126,C,Baja,False,81.54058,95.66666666666667,95.66666666666667,Media móvil,-30.33333333333333
2022-06-01,715794,37,C,Baja,False,94.31903,110.33333333333333,110.33333333333333,Media móvil,73.33333333333333
2022-04-01,715826,5,C,Baja,False,6.6491666,6.333333333333333,6.333333333333333,Media móvil,1.333333333333333
2022-05-01,715826,4,C,Baja,False,7.3510866,5.666666666666667,5.666666666666667,Media móvil,1.666666666666667
2022-06-01,715826,12,C,Baja,False,6.5469856,4.333333333333333,4.333333333333333,Media móvil,-7.666666666666667
2022-04-01,716204,1,C,Alta,True,2.8167598,2.6666666666666665,2.8167598247528076,XGBoost,1.8167598247528076
2022-05-01,716204,2,C,Alta,True,5.8123136,3.0,5.812313556671143,XGBoost,3.8123135566711426
2022-06-01,716204,1,C,Alta,True,16.00067,2.6666666666666665,16.000669479370117,XGBoost,15.000669479370117
2022-04-01,716715,97,C,Alta,True,5.851329,4.0,5.8513288497924805,XGBoost,-91.14867115020752
2022-05-01,716715,55,C,Alta,True,6.477131,36.0,6.477130889892578,XGBoost,-48.52286911010742
2022-06-01,716715,36,C,Alta,True,2.1290913,51.666666666666664,2.129091262817383,XGBoost,-33.87090873718262
2022-04-01,716732,0,C,Alta,True,0.04854749,1.3333333333333333,0.04854749143123627,XGBoost,0.04854749143123627
2022-05-01,716732,0,C,Alta,True,0.0,1.3333333333333333,0.0,XGBoost,0.0
2022-06-01,716732,0,C,Alta,True,0.12223009,0.0,0.12223009020090103,XGBoost,0.12223009020090103
2022-04-01,716753,1,C,Alta,True,1.466094,2.0,1.4660940170288086,XGBoost,0.4660940170288086
2022-05-01,716753,1,C,Alta,True,1.1696935,2.3333333333333335,1.1696934700012207,XGBoost,0.1696934700012207
2022-06-01,716753,0,C,Alta,True,1.6874597,1.3333333333333333,1.6874597072601318,XGBoost,1.6874597072601318
2022-04-01,716754,0,C,Alta,True,0.07502859,0.3333333333333333,0.07502859085798264,XGBoost,0.07502859085798264
2022-05-01,716754,0,C,Alta,True,0.074385665,0.0,0.07438566535711288,XGBoost,0.07438566535711288
2022-06-01,716754,0,C,Alta,True,0.06496827,0.0,0.06496827304363251,XGBoost,0.06496827304363251
2022-04-01,716842,41,C,Alta,True,24.309998,49.666666666666664,24.30999755859375,XGBoost,-16.69000244140625
2022-05-01,716842,0,C,Alta,True,16.706059,39.333333333333336,16.706058502197266,XGBoost,16.706058502197266
2022-06-01,716842,0,C,Alta,True,18.228086,37.666666666666664,18.228086471557617,XGBoost,18.228086471557617
2022-04-01,716958,1,C,Alta,True,0.79367554,2.0,0.7936755418777466,XGBoost,-0.20632445812225342
2022-05-01,716958,3,C,Alta,True,1.1301575,1.0,1.130157470703125,XGBoost,-1.869842529296875
2022-06-01,716958,0,C,Alta,True,1.1006112,1.3333333333333333,1.1006112098693848,XGBoost,1.1006112098693848
2022-04-01,717140,0,C,Alta,True,0.17389628,0.0,0.17389628291130066,XGBoost,0.17389628291130066
2022-05-01,717140,0,C,Alta,True,0.0,0.0,0.0,XGBoost,0.0
2022-06-01,717140,0,C,Alta,True,0.24860597,0.0,0.24860596656799316,XGBoost,0.24860596656799316
2022-04-01,717160,0,C,Alta,True,0.12596789,2.3333333333333335,0.12596789002418518,XGBoost,0.12596789002418518
2022-05-01,717160,0,C,Alta,True,0.14056517,2.3333333333333335,0.1405651718378067,XGBoost,0.1405651718378067
2022-06-01,717160,0,C,Alta,True,0.0,2.3333333333333335,0.0,XGBoost,0.0
2022-04-01,717191,0,C,Alta,True,0.710948,0.0,0.7109479904174805,XGBoost,0.7109479904174805
2022-05-01,717191,11,C,Alta,True,0.8185725,0.0,0.8185725212097168,XGBoost,-10.181427478790283
2022-06-01,717191,5,C,Alta,True,1.5809214,3.6666666666666665,1.5809214115142822,XGBoost,-3.4190785884857178
2022-04-01,717218,3,C,Media,False,4.93462,5.0,5.0,Media móvil,2.0
2022-05-01,717218,0,C,Media,False,4.3901987,4.666666666666667,4.666666666666667,Media móvil,4.666666666666667
2022-06-01,717218,4,C,Media,False,4.3954124,2.6666666666666665,2.6666666666666665,Media móvil,-1.3333333333333335
2022-04-01,717219,153,B,Media,True,10.2962885,38.333333333333336,10.29628849029541,XGBoost,-142.7037115097046
2022-05-01,717219,175,B,Media,True,52.00659,61.333333333333336,52.006591796875,XGBoost,-122.993408203125
2022-06-01,717219,66,B,Media,True,125.36472,109.33333333333333,125.3647232055664,XGBoost,59.364723205566406
2022-04-01,717248,0,C,Alta,True,1.7141862,2.0,1.714186191558838,XGBoost,1.714186191558838
2022-05-01,717248,0,C,Alta,True,0.6606331,2.0,0.6606330871582031,XGBoost,0.6606330871582031
2022-06-01,717248,0,C,Alta,True,1.0323961,2.0,1.0323960781097412,XGBoost,1.0323960781097412
2022-04-01,717262,0,C,Alta,True,0.43216372,1.3333333333333333,0.43216371536254883,XGBoost,0.43216371536254883
2022-05-01,717262,4,C,Alta,True,1.0046625,0.0,1.0046625137329102,XGBoost,-2.99533748626709
2022-06-01,717262,0,C,Alta,True,0.5519421,1.3333333333333333,0.5519421100616455,XGBoost,0.5519421100616455
2022-04-01,717274,37,B,Media,True,87.633255,117.66666666666667,87.63325500488281,XGBoost,50.63325500488281
2022-05-01,717274,165,B,Media,True,132.98738,42.333333333333336,132.9873809814453,XGBoost,-32.01261901855469
2022-06-01,717274,98,B,Media,True,177.83582,83.66666666666667,177.8358154296875,XGBoost,79.8358154296875
2022-04-01,717280,0,C,Alta,True,0.061274685,1.3333333333333333,0.061274684965610504,XGBoost,0.061274684965610504
2022-05-01,717280,0,C,Alta,True,0.19752623,0.0,0.1975262314081192,XGBoost,0.1975262314081192
2022-06-01,717280,0,C,Alta,True,0.18091473,0.0,0.1809147298336029,XGBoost,0.1809147298336029
2022-04-01,717389,798,A,Alta,True,0.0,0.0,0.0,XGBoost,-798.0
2022-05-01,717389,0,A,Alta,True,97.96942,266.0,97.96942138671875,XGBoost,97.96942138671875
2022-06-01,717389,0,A,Alta,True,12.309056,266.0,12.309056282043457,XGBoost,12.309056282043457
2022-04-01,717421,0,C,Alta,True,0.100788556,0.0,0.10078855603933334,XGBoost,0.10078855603933334
2022-05-01,717421,0,C,Alta,True,0.074385665,0.0,0.07438566535711288,XGBoost,0.07438566535711288
2022-06-01,717421,0,C,Alta,True,0.03474038,0.0,0.0347403809428215,XGBoost,0.0347403809428215
2022-04-01,717432,4,C,Media,False,2.851732,2.6666666666666665,2.6666666666666665,Media móvil,-1.3333333333333335
2022-05-01,717432,0,C,Media,False,3.2011228,3.0,3.0,Media móvil,3.0
2022-06-01,717432,1,C,Media,False,2.9415565,2.3333333333333335,2.3333333333333335,Media móvil,1.3333333333333335
2022-04-01,717442,0,C,Alta,True,0.16560298,0.0,0.16560298204421997,XGBoost,0.16560298204421997
2022-05-01,717442,0,C,Alta,True,0.1376454,0.0,0.1376453936100006,XGBoost,0.1376453936100006
2022-06-01,717442,1,C,Alta,True,0.12478757,0.0,0.12478756904602051,XGBoost,-0.8752124309539795
2022-04-01,717450,25,C,Alta,True,1.7451222,1.6666666666666667,1.7451221942901611,XGBoost,-23.25487780570984
2022-05-01,717450,7,C,Alta,True,1.2511272,8.333333333333334,1.2511272430419922,XGBoost,-5.748872756958008
2022-06-01,717450,1,C,Alta,True,2.7332635,10.666666666666666,2.7332634925842285,XGBoost,1.7332634925842285
2022-04-01,717455,0,C,Alta,True,0.36799893,1.0,0.3679989278316498,XGBoost,0.3679989278316498
2022-05-01,717455,0,C,Alta,True,0.37337905,0.0,0.37337905168533325,XGBoost,0.37337905168533325
2022-06-01,717455,0,C,Alta,True,0.35432813,0.0,0.35432812571525574,XGBoost,0.35432812571525574
2022-04-01,717519,1555,A,Baja,True,1333.1978,1388.0,1333.19775390625,XGBoost,-221.80224609375
2022-05-01,717519,1682,A,Baja,True,1482.0564,1423.6666666666667,1482.056396484375,XGBoost,-199.943603515625
2022-06-01,717519,1924,A,Baja,True,1546.3069,1549.0,1546.306884765625,XGBoost,-377.693115234375
2022-04-01,717705,2,C,Alta,True,0.20418444,0.0,0.20418444275856018,XGBoost,-1.7958155572414398
2022-05-01,717705,0,C,Alta,True,0.12784004,0.6666666666666666,0.1278400421142578,XGBoost,0.1278400421142578
2022-06-01,717705,0,C,Alta,True,0.025506357,0.6666666666666666,0.025506356731057167,XGBoost,0.025506356731057167
2022-04-01,717716,300,B,Baja,True,347.8418,394.3333333333333,347.841796875,XGBoost,47.841796875
2022-05-01,717716,292,B,Baja,True,345.84943,348.0,345.84942626953125,XGBoost,53.84942626953125
2022-06-01,717716,294,B,Baja,True,333.73215,315.6666666666667,333.7321472167969,XGBoost,39.732147216796875
2022-04-01,717763,239,C,Alta,True,0.0,0.0,0.0,XGBoost,-239.0
2022-05-01,717763,53,C,Alta,True,28.972305,79.66666666666667,28.972305297851562,XGBoost,-24.027694702148438
2022-06-01,717763,110,C,Alta,True,29.098898,97.33333333333333,29.09889793395996,XGBoost,-80.90110206604004
2022-04-01,717813,2,C,Alta,True,4.7093015,15.0,4.709301471710205,XGBoost,2.709301471710205
2022-05-01,717813,4,C,Alta,True,2.2675796,11.333333333333334,2.2675795555114746,XGBoost,-1.7324204444885254
2022-06-01,717813,4,C,Alta,True,1.8440831,9.0,1.8440830707550049,XGBoost,-2.155916929244995
2022-04-01,717814,3,C,Media,False,5.672287,15.666666666666666,15.666666666666666,Media móvil,12.666666666666666
2022-05-01,717814,4,C,Media,False,2.8102627,12.333333333333334,12.333333333333334,Media móvil,8.333333333333334
2022-06-01,717814,9,C,Media,False,2.148994,9.666666666666666,9.666666666666666,Media móvil,0.6666666666666661
2022-04-01,717825,4,C,Alta,True,8.444822,3.0,8.444822311401367,XGBoost,4.444822311401367
2022-05-01,717825,12,C,Alta,True,10.988925,3.3333333333333335,10.988924980163574,XGBoost,-1.0110750198364258
2022-06-01,717825,15,C,Alta,True,8.412523,6.333333333333333,8.41252326965332,XGBoost,-6.58747673034668
2022-04-01,717838,2,C,Alta,True,0.15536799,2.6666666666666665,0.15536798536777496,XGBoost,-1.844632014632225
2022-05-01,717838,3,C,Alta,True,0.43411213,3.3333333333333335,0.4341121315956116,XGBoost,-2.5658878684043884
2022-06-01,717838,0,C,Alta,True,0.50774693,1.6666666666666667,0.5077469348907471,XGBoost,0.5077469348907471
2022-04-01,717864,24,C,Media,False,21.269566,25.666666666666668,25.666666666666668,Media móvil,1.6666666666666679
2022-05-01,717864,1,C,Media,False,24.896034,25.0,25.0,Media móvil,24.0
2022-06-01,717864,12,C,Media,False,10.523851,16.666666666666668,16.666666666666668,Media móvil,4.666666666666668
2022-04-01,717923,17,C,Baja,False,18.772547,19.0,19.0,Media móvil,2.0
2022-05-01,717923,26,C,Baja,False,25.027567,18.666666666666668,18.666666666666668,Media móvil,-7.333333333333332
2022-06-01,717923,36,C,Baja,False,22.770824,22.333333333333332,22.333333333333332,Media móvil,-13.666666666666668
2022-04-01,718001,31,C,Media,False,77.95118,114.0,114.0,Media móvil,83.0
2022-05-01,718001,51,C,Media,False,46.168346,83.0,83.0,Media móvil,32.0
2022-06-01,718001,20,C,Media,False,79.09157,76.0,76.0,Media móvil,56.0
2022-04-01,718005,0,C,Alta,True,0.6514908,0.0,0.6514908075332642,XGBoost,0.6514908075332642
2022-05-01,718005,1,C,Alta,True,0.7149584,0.0,0.7149584293365479,XGBoost,-0.28504157066345215
2022-06-01,718005,3,C,Alta,True,0.71123755,0.3333333333333333,0.7112375497817993,XGBoost,-2.2887624502182007
2022-04-01,718072,0,C,Alta,True,1.8049257,14.333333333333334,1.8049256801605225,XGBoost,1.8049256801605225
2022-05-01,718072,0,C,Alta,True,6.0572042,1.0,6.057204246520996,XGBoost,6.057204246520996
2022-06-01,718072,0,C,Alta,True,6.7715855,1.0,6.771585464477539,XGBoost,6.771585464477539
2022-04-01,718218,221,B,Baja,True,305.72153,304.6666666666667,305.7215270996094,XGBoost,84.72152709960938
2022-05-01,718218,321,B,Baja,True,262.94263,262.0,262.942626953125,XGBoost,-58.057373046875
2022-06-01,718218,237,B,Baja,True,317.65518,295.0,317.6551818847656,XGBoost,80.65518188476562
2022-04-01,718219,2400,A,Baja,True,2065.8333,2085.6666666666665,2065.833251953125,XGBoost,-334.166748046875
2022-05-01,718219,1906,A,Baja,True,2235.2793,2152.6666666666665,2235.279296875,XGBoost,329.279296875
2022-06-01,718219,2086,A,Baja,True,2125.1577,2167.3333333333335,2125.15771484375,XGBoost,39.15771484375
2022-04-01,718228,0,C,Alta,True,0.2053174,0.0,0.2053173929452896,XGBoost,0.2053173929452896
2022-05-01,718228,0,C,Alta,True,0.16305283,0.0,0.16305282711982727,XGBoost,0.16305282711982727
2022-06-01,718228,0,C,Alta,True,0.15770477,0.0,0.15770477056503296,XGBoost,0.15770477056503296
2022-04-01,718292,76,B,Alta,True,152.10619,95.66666666666667,152.10618591308594,XGBoost,76.10618591308594
2022-05-01,718292,255,B,Alta,True,118.85853,113.33333333333333,118.85852813720703,XGBoost,-136.14147186279297
2022-06-01,718292,510,B,Alta,True,168.18187,167.33333333333334,168.18186950683594,XGBoost,-341.81813049316406
2022-04-01,718376,0,C,Alta,True,2.5300221,0.0,2.530022144317627,XGBoost,2.530022144317627
2022-05-01,718376,0,C,Alta,True,2.9347198,0.0,2.9347198009490967,XGBoost,2.9347198009490967
2022-06-01,718376,0,C,Alta,True,2.3695073,0.0,2.369507312774658,XGBoost,2.369507312774658
2022-04-01,718747,127,C,Media,False,10.698113,40.333333333333336,40.333333333333336,Media móvil,-86.66666666666666
2022-05-01,718747,0,C,Media,False,56.91057,60.0,60.0,Media móvil,60.0
2022-06-01,718747,46,C,Media,False,91.648735,43.666666666666664,43.666666666666664,Media móvil,-2.3333333333333357
2022-04-01,718798,142,B,Baja,True,84.13739,107.33333333333333,84.13739013671875,XGBoost,-57.86260986328125
2022-05-01,718798,56,B,Baja,True,97.85307,116.33333333333333,97.85307312011719,XGBoost,41.85307312011719
2022-06-01,718798,45,B,Baja,True,69.17501,97.0,69.17501068115234,XGBoost,24.175010681152344
2022-04-01,718800,6,C,Alta,True,0.18955769,0.0,0.18955768644809723,XGBoost,-5.810442313551903
2022-05-01,718800,0,C,Alta,True,0.0,2.0,0.0,XGBoost,0.0
2022-06-01,718800,0,C,Alta,True,0.0,2.0,0.0,XGBoost,0.0
2022-04-01,718999,0,C,Alta,True,0.22965035,12.0,0.2296503484249115,XGBoost,0.2296503484249115
2022-05-01,718999,0,C,Alta,True,0.3977754,8.0,0.39777541160583496,XGBoost,0.39777541160583496
2022-06-01,718999,0,C,Alta,True,0.08557697,8.0,0.08557696640491486,XGBoost,0.08557696640491486
2022-04-01,719016,0,C,Alta,True,0.06741321,1.6666666666666667,0.06741321086883545,XGBoost,0.06741321086883545
2022-05-01,719016,0,C,Alta,True,0.3590333,1.6666666666666667,0.3590332865715027,XGBoost,0.3590332865715027
2022-06-01,719016,0,C,Alta,True,0.890555,0.0,0.8905550241470337,XGBoost,0.8905550241470337
2022-04-01,719059,8,C,Media,False,53.027473,58.666666666666664,58.666666666666664,Media móvil,50.666666666666664
2022-05-01,719059,168,C,Media,False,12.369804,41.0,41.0,Media móvil,-127.0
2022-06-01,719059,203,C,Media,False,80.00572,78.66666666666667,78.66666666666667,Media móvil,-124.33333333333333
2022-04-01,719158,0,C,Alta,True,0.40757766,0.6666666666666666,0.40757766366004944,XGBoost,0.40757766366004944
2022-05-01,719158,0,C,Alta,True,0.26376507,0.0,0.2637650668621063,XGBoost,0.2637650668621063
2022-06-01,719158,0,C,Alta,True,0.30614564,0.0,0.30614563822746277,XGBoost,0.30614563822746277
2022-04-01,719225,0,C,Media,False,18.438643,25.333333333333332,25.333333333333332,Media móvil,25.333333333333332
2022-05-01,719225,25,C,Media,False,12.278718,19.666666666666668,19.666666666666668,Media móvil,-5.333333333333332
2022-06-01,719225,26,C,Media,False,17.605333,22.333333333333332,22.333333333333332,Media móvil,-3.666666666666668
2022-04-01,719246,6,C,Alta,True,1.0341623,8.0,1.0341622829437256,XGBoost,-4.965837717056274
2022-05-01,719246,0,C,Alta,True,1.8333445,5.666666666666667,1.8333444595336914,XGBoost,1.8333444595336914
2022-06-01,719246,0,C,Alta,True,1.3766153,2.0,1.376615285873413,XGBoost,1.376615285873413
2022-04-01,719247,1,C,Media,False,2.3245997,2.6666666666666665,2.6666666666666665,Media móvil,1.6666666666666665
2022-05-01,719247,6,C,Media,False,3.1439629,1.3333333333333333,1.3333333333333333,Media móvil,-4.666666666666667
2022-06-01,719247,2,C,Media,False,2.1840563,2.3333333333333335,2.3333333333333335,Media móvil,0.3333333333333335
2022-04-01,719274,0,C,Media,False,1.4152017,8.333333333333334,8.333333333333334,Media móvil,8.333333333333334
2022-05-01,719274,7,C,Media,False,2.447352,4.666666666666667,4.666666666666667,Media móvil,-2.333333333333333
2022-06-01,719274,3,C,Media,False,2.367639,4.666666666666667,4.666666666666667,Media móvil,1.666666666666667
2022-04-01,719275,61,C,Media,False,15.57379,36.0,36.0,Media móvil,-25.0
2022-05-01,719275,81,C,Media,False,39.11822,52.666666666666664,52.666666666666664,Media móvil,-28.333333333333336
2022-06-01,719275,54,C,Media,False,43.807278,59.666666666666664,59.666666666666664,Media móvil,5.666666666666664
2022-04-01,719419,3,C,Media,False,1.9593098,1.6666666666666667,1.6666666666666667,Media móvil,-1.3333333333333333
2022-05-01,719419,5,C,Media,False,3.8295546,2.6666666666666665,2.6666666666666665,Media móvil,-2.3333333333333335
2022-06-01,719419,4,C,Media,False,3.1645226,2.6666666666666665,2.6666666666666665,Media móvil,-1.3333333333333335
2022-04-01,719423,0,B,Alta,True,0.83200884,0.0,0.8320088386535645,XGBoost,0.8320088386535645
2022-05-01,719423,712,B,Alta,True,1.2505767,0.0,1.2505767345428467,XGBoost,-710.7494232654572
2022-06-01,719423,1056,B,Alta,True,237.41386,237.33333333333334,237.4138641357422,XGBoost,-818.5861358642578
2022-04-01,719455,0,C,Alta,True,0.07502859,0.3333333333333333,0.07502859085798264,XGBoost,0.07502859085798264
2022-05-01,719455,0,C,Alta,True,0.074385665,0.0,0.07438566535711288,XGBoost,0.07438566535711288
2022-06-01,719455,0,C,Alta,True,0.06496827,0.0,0.06496827304363251,XGBoost,0.06496827304363251
2022-04-01,719533,0,C,Alta,True,0.32783148,0.3333333333333333,0.3278314769268036,XGBoost,0.3278314769268036
2022-05-01,719533,0,C,Alta,True,0.31856507,0.0,0.3185650706291199,XGBoost,0.3185650706291199
2022-06-01,719533,0,C,Alta,True,0.30027443,0.0,0.30027443170547485,XGBoost,0.30027443170547485
2022-04-01,719540,17,C,Media,False,7.2220583,8.666666666666666,8.666666666666666,Media móvil,-8.333333333333334
2022-05-01,719540,3,C,Media,False,7.2784863,13.666666666666666,13.666666666666666,Media móvil,10.666666666666666
2022-06-01,719540,5,C,Media,False,9.202381,8.333333333333334,8.333333333333334,Media móvil,3.333333333333334
2022-04-01,719561,0,C,Alta,True,1.0071082,0.6666666666666666,1.007108211517334,XGBoost,1.007108211517334
2022-05-01,719561,0,C,Alta,True,0.9251822,0.0,0.9251822233200073,XGBoost,0.9251822233200073
2022-06-01,719561,0,C,Alta,True,0.8240135,0.0,0.8240134716033936,XGBoost,0.8240134716033936
2022-04-01,719612,1,C,Alta,True,0.32131913,0.0,0.3213191330432892,XGBoost,-0.6786808669567108
2022-05-01,719612,2,C,Alta,True,0.29029095,0.3333333333333333,0.2902909517288208,XGBoost,-1.7097090482711792
2022-06-01,719612,0,C,Alta,True,0.30240428,1.0,0.3024042844772339,XGBoost,0.3024042844772339
2022-04-01,719618,0,C,Alta,True,0.33310294,0.0,0.3331029415130615,XGBoost,0.3331029415130615
2022-05-01,719618,0,C,Alta,True,0.23768009,0.0,0.2376800924539566,XGBoost,0.2376800924539566
2022-06-01,719618,0,C,Alta,True,0.30060473,0.0,0.3006047308444977,XGBoost,0.3006047308444977
2022-04-01,719619,9,C,Alta,True,3.1575222,0.0,3.157522201538086,XGBoost,-5.842477798461914
2022-05-01,719619,0,C,Alta,True,6.183817,3.0,6.183816909790039,XGBoost,6.183816909790039
2022-06-01,719619,0,C,Alta,True,2.9966846,3.0,2.9966845512390137,XGBoost,2.9966845512390137
2022-04-01,719669,0,C,Alta,True,0.14246252,0.0,0.14246252179145813,XGBoost,0.14246252179145813
2022-05-01,719669,0,C,Alta,True,0.115059964,0.0,0.11505996435880661,XGBoost,0.11505996435880661
2022-06-01,719669,0,C,Alta,True,0.1024575,0.0,0.10245750099420547,XGBoost,0.10245750099420547
2022-04-01,719743,0,C,Alta,True,0.025691487,5.333333333333333,0.02569148689508438,XGBoost,0.02569148689508438
2022-05-01,719743,0,C,Alta,True,0.123193294,0.0,0.12319329380989075,XGBoost,0.12319329380989075
2022-06-01,719743,3,C,Alta,True,0.117032304,0.0,0.11703230440616608,XGBoost,-2.882967695593834
2022-04-01,719747,0,C,Alta,True,0.14115174,0.0,0.14115174114704132,XGBoost,0.14115174114704132
2022-05-01,719747,0,C,Alta,True,0.14077719,0.0,0.14077718555927277,XGBoost,0.14077718555927277
2022-06-01,719747,30,C,Alta,True,0.12612996,0.0,0.12612995505332947,XGBoost,-29.87387004494667
2022-04-01,719766,160,B,Baja,True,166.0301,137.66666666666666,166.0301055908203,XGBoost,6.0301055908203125
2022-05-01,719766,198,B,Baja,True,172.10886,141.33333333333334,172.10885620117188,XGBoost,-25.891143798828125
2022-06-01,719766,175,B,Baja,True,173.98312,161.66666666666666,173.98312377929688,XGBoost,-1.016876220703125
2022-04-01,719773,0,C,Alta,True,0.97865856,10.0,0.9786585569381714,XGBoost,0.9786585569381714
2022-05-01,719773,0,C,Alta,True,0.22995543,10.0,0.22995543479919434,XGBoost,0.22995543479919434
2022-06-01,719773,0,C,Alta,True,0.519482,0.0,0.5194820165634155,XGBoost,0.5194820165634155
2022-04-01,719819,43,C,Baja,False,89.53248,87.33333333333333,87.33333333333333,Media móvil,44.33333333333333
2022-05-01,719819,141,C,Baja,False,82.80782,76.0,76.0,Media móvil,-65.0
2022-06-01,719819,140,C,Baja,False,87.85198,104.33333333333333,104.33333333333333,Media móvil,-35.66666666666667
2022-04-01,719841,0,C,Alta,True,1.1464486,1.6666666666666667,1.1464486122131348,XGBoost,1.1464486122131348
2022-05-01,719841,0,C,Alta,True,0.7562492,1.6666666666666667,0.756249189376831,XGBoost,0.756249189376831
2022-06-01,719841,3,C,Alta,True,0.80297315,0.6666666666666666,0.8029731512069702,XGBoost,-2.19702684879303
2022-04-01,719849,0,C,Alta,True,0.14246252,0.0,0.14246252179145813,XGBoost,0.14246252179145813
2022-05-01,719849,0,C,Alta,True,0.115059964,0.0,0.11505996435880661,XGBoost,0.11505996435880661
2022-06-01,719849,1,C,Alta,True,0.1024575,0.0,0.10245750099420547,XGBoost,-0.8975424990057945
2022-04-01,719877,5,C,Alta,True,3.057033,1.6666666666666667,3.057033061981201,XGBoost,-1.9429669380187988
2022-05-01,719877,0,C,Alta,True,2.6629944,3.3333333333333335,2.662994384765625,XGBoost,2.662994384765625
2022-06-01,719877,3,C,Alta,True,2.518074,3.3333333333333335,2.5180740356445312,XGBoost,-0.48192596435546875
2022-04-01,719878,0,C,Alta,True,1.0538068,2.6666666666666665,1.0538067817687988,XGBoost,1.0538067817687988
2022-05-01,719878,0,C,Alta,True,0.9124173,1.6666666666666667,0.9124172925949097,XGBoost,0.9124172925949097
2022-06-01,719878,0,C,Alta,True,0.71580017,1.0,0.7158001661300659,XGBoost,0.7158001661300659
2022-04-01,719888,9,C,Alta,True,1.5732751,0.6666666666666666,1.573275089263916,XGBoost,-7.426724910736084
2022-05-01,719888,0,C,Alta,True,2.3392649,3.0,2.3392648696899414,XGBoost,2.3392648696899414
2022-06-01,719888,0,C,Alta,True,2.0472689,3.0,2.047268867492676,XGBoost,2.047268867492676
2022-04-01,719930,0,C,Alta,True,0.100788556,0.0,0.10078855603933334,XGBoost,0.10078855603933334
2022-05-01,719930,0,C,Alta,True,0.074385665,0.0,0.07438566535711288,XGBoost,0.07438566535711288
2022-06-01,719930,0,C,Alta,True,0.03474038,0.0,0.0347403809428215,XGBoost,0.0347403809428215
2022-04-01,719935,870,A,Baja,True,840.7084,872.0,840.7083740234375,XGBoost,-29.2916259765625
2022-05-01,719935,855,A,Baja,True,891.31647,783.6666666666666,891.3164672851562,XGBoost,36.31646728515625
2022-06-01,719935,1002,A,Baja,True,880.2275,813.3333333333334,880.2274780273438,XGBoost,-121.77252197265625
2022-04-01,719944,0,C,Alta,True,0.14246252,0.0,0.14246252179145813,XGBoost,0.14246252179145813
2022-05-01,719944,0,C,Alta,True,0.115059964,0.0,0.11505996435880661,XGBoost,0.11505996435880661
2022-06-01,719944,0,C,Alta,True,0.1024575,0.0,0.10245750099420547,XGBoost,0.10245750099420547
2022-04-01,719945,7,C,Alta,True,0.16437246,0.0,0.16437245905399323,XGBoost,-6.835627540946007
2022-05-01,719945,0,C,Alta,True,0.0,2.3333333333333335,0.0,XGBoost,0.0
2022-06-01,719945,0,C,Alta,True,0.0,2.3333333333333335,0.0,XGBoost,0.0
2022-04-01,720012,0,C,Baja,False,8.464767,14.333333333333334,14.333333333333334,Media móvil,14.333333333333334
2022-05-01,720012,16,C,Baja,False,7.25951,9.666666666666666,9.666666666666666,Media móvil,-6.333333333333334
2022-06-01,720012,8,C,Baja,False,7.258589,10.333333333333334,10.333333333333334,Media móvil,2.333333333333334
2022-04-01,720013,0,C,Baja,False,9.138168,14.333333333333334,14.333333333333334,Media móvil,14.333333333333334
2022-05-01,720013,16,C,Baja,False,8.527543,9.666666666666666,9.666666666666666,Media móvil,-6.333333333333334
2022-06-01,720013,8,C,Baja,False,8.405197,10.333333333333334,10.333333333333334,Media móvil,2.333333333333334
2022-04-01,720068,616,A,Baja,True,1582.5908,1756.3333333333333,1582.5908203125,XGBoost,966.5908203125
2022-05-01,720068,1633,A,Baja,True,1173.0325,1324.0,1173.032470703125,XGBoost,-459.967529296875
2022-06-01,720068,1622,A,Baja,True,1394.5696,1309.6666666666667,1394.569580078125,XGBoost,-227.430419921875
2022-04-01,720104,0,C,Alta,True,0.042785745,0.6666666666666666,0.04278574511408806,XGBoost,0.04278574511408806
2022-05-01,720104,0,C,Alta,True,0.2789783,0.3333333333333333,0.27897828817367554,XGBoost,0.27897828817367554
2022-06-01,720104,0,C,Alta,True,0.26421416,0.0,0.2642141580581665,XGBoost,0.2642141580581665
2022-04-01,720151,0,C,Alta,True,0.10124082,0.3333333333333333,0.10124082118272781,XGBoost,0.10124082118272781
2022-05-01,720151,0,C,Alta,True,0.049191426,0.3333333333333333,0.0491914264857769,XGBoost,0.0491914264857769
2022-06-01,720151,0,C,Alta,True,0.030120417,0.3333333333333333,0.03012041747570038,XGBoost,0.03012041747570038
2022-04-01,720207,68,B,Baja,True,95.23526,130.0,95.23526000976562,XGBoost,27.235260009765625
2022-05-01,720207,106,B,Baja,True,87.542175,93.33333333333333,87.54217529296875,XGBoost,-18.45782470703125
2022-06-01,720207,177,B,Baja,True,97.93998,94.33333333333333,97.93997955322266,XGBoost,-79.06002044677734
2022-04-01,720208,0,C,Alta,True,0.64969075,1.6666666666666667,0.6496907472610474,XGBoost,0.6496907472610474
2022-05-01,720208,0,C,Alta,True,0.7388942,0.6666666666666666,0.7388942241668701,XGBoost,0.7388942241668701
2022-06-01,720208,0,C,Alta,True,0.5724994,0.6666666666666666,0.5724993944168091,XGBoost,0.5724993944168091
2022-04-01,720209,3,C,Alta,True,0.50217366,0.0,0.502173662185669,XGBoost,-2.497826337814331
2022-05-01,720209,0,C,Alta,True,0.8773011,1.0,0.8773010969161987,XGBoost,0.8773010969161987
2022-06-01,720209,0,C,Alta,True,0.44879282,1.0,0.44879281520843506,XGBoost,0.44879281520843506
2022-04-01,720211,0,C,Alta,True,0.12564874,3.3333333333333335,0.12564873695373535,XGBoost,0.12564873695373535
2022-05-01,720211,0,C,Alta,True,0.15563707,3.3333333333333335,0.15563707053661346,XGBoost,0.15563707053661346
2022-06-01,720211,0,C,Alta,True,0.056943245,3.3333333333333335,0.056943245232105255,XGBoost,0.056943245232105255
2022-04-01,720281,0,C,Alta,True,0.15100676,0.6666666666666666,0.1510067582130432,XGBoost,0.1510067582130432
2022-05-01,720281,0,C,Alta,True,0.034574784,0.6666666666666666,0.034574784338474274,XGBoost,0.034574784338474274
2022-06-01,720281,0,C,Alta,True,0.05887388,0.6666666666666666,0.05887388065457344,XGBoost,0.05887388065457344
2022-04-01,730033,0,C,Media,False,0.68025196,0.6666666666666666,0.6666666666666666,Media móvil,0.6666666666666666
2022-05-01,730033,1,C,Media,False,0.5459678,0.3333333333333333,0.3333333333333333,Media móvil,-0.6666666666666667
2022-06-01,730033,1,C,Media,False,0.6785896,0.6666666666666666,0.6666666666666666,Media móvil,-0.33333333333333337
2022-04-01,730034,38,C,Baja,False,45.087074,22.0,22.0,Media móvil,-16.0
2022-05-01,730034,36,C,Baja,False,68.47608,20.666666666666668,20.666666666666668,Media móvil,-15.333333333333332
2022-06-01,730034,38,C,Baja,False,54.07514,28.333333333333332,28.333333333333332,Media móvil,-9.666666666666668
2022-04-01,730035,209,B,Baja,True,137.85222,131.0,137.8522186279297,XGBoost,-71.14778137207031
2022-05-01,730035,241,B,Baja,True,184.62564,147.33333333333334,184.62564086914062,XGBoost,-56.374359130859375
2022-06-01,730035,277,B,Baja,True,184.36127,179.66666666666666,184.36126708984375,XGBoost,-92.63873291015625
2022-04-01,730036,284,B,Baja,True,154.96165,136.0,154.96165466308594,XGBoost,-129.03834533691406
2022-05-01,730036,144,B,Baja,True,179.41875,188.0,179.4187469482422,XGBoost,35.41874694824219
2022-06-01,730036,243,B,Baja,True,161.2614,182.66666666666666,161.2613983154297,XGBoost,-81.73860168457031
2022-04-01,730037,155,B,Baja,True,97.49797,86.0,97.49797058105469,XGBoost,-57.50202941894531
2022-05-01,730037,155,B,Baja,True,96.725815,121.66666666666667,96.72581481933594,XGBoost,-58.27418518066406
2022-06-01,730037,73,B,Baja,True,97.74599,141.66666666666666,97.74598693847656,XGBoost,24.745986938476562
2022-04-01,730038,72,C,Media,False,14.316982,52.0,52.0,Media móvil,-20.0
2022-05-01,730038,51,C,Media,False,19.090944,69.66666666666667,69.66666666666667,Media móvil,18.66666666666667
2022-06-01,730038,19,C,Media,False,18.7629,61.333333333333336,61.333333333333336,Media móvil,42.333333333333336
2022-04-01,730039,69,C,Media,False,33.949265,175.66666666666666,175.66666666666666,Media móvil,106.66666666666666
2022-05-01,730039,21,C,Media,False,53.32569,115.33333333333333,115.33333333333333,Media móvil,94.33333333333333
2022-06-01,730039,88,C,Media,False,19.970913,59.333333333333336,59.333333333333336,Media móvil,-28.666666666666664
2022-04-01,730040,104,B,Media,True,78.85133,195.66666666666666,78.85133361816406,XGBoost,-25.148666381835938
2022-05-01,730040,127,B,Media,True,123.532036,118.33333333333333,123.53203582763672,XGBoost,-3.4679641723632812
2022-06-01,730040,59,B,Media,True,130.30257,98.66666666666667,130.3025665283203,XGBoost,71.30256652832031
2022-04-01,730041,10,C,Media,False,44.68006,68.33333333333333,68.33333333333333,Media móvil,58.33333333333333
2022-05-01,730041,8,C,Media,False,24.879395,67.33333333333333,67.33333333333333,Media móvil,59.33333333333333
2022-06-01,730041,97,C,Media,False,18.823883,51.333333333333336,51.333333333333336,Media móvil,-45.666666666666664
2022-04-01,730053,0,C,Alta,True,0.34838977,0.0,0.34838977456092834,XGBoost,0.34838977456092834
2022-05-01,730053,0,C,Alta,True,0.23018566,0.0,0.23018565773963928,XGBoost,0.23018565773963928
2022-06-01,730053,1,C,Alta,True,0.30330056,0.0,0.30330055952072144,XGBoost,-0.6966994404792786
2022-04-01,730058,2119,A,Baja,True,1603.7549,1778.6666666666667,1603.7548828125,XGBoost,-515.2451171875
2022-05-01,730058,1685,A,Baja,True,1857.3369,1817.3333333333333,1857.3369140625,XGBoost,172.3369140625
2022-06-01,730058,1868,A,Baja,True,1752.6377,1826.6666666666667,1752.6376953125,XGBoost,-115.3623046875
2022-04-01,730063,78,C,Media,False,32.11157,40.0,40.0,Media móvil,-38.0
2022-05-01,730063,24,C,Media,False,53.449722,46.0,46.0,Media móvil,22.0
2022-06-01,730063,0,C,Media,False,18.778368,44.333333333333336,44.333333333333336,Media móvil,44.333333333333336
2022-04-01,730066,33,C,Baja,False,37.07657,38.333333333333336,38.333333333333336,Media móvil,5.333333333333336
2022-05-01,730066,33,C,Baja,False,34.08918,37.666666666666664,37.666666666666664,Media móvil,4.666666666666664
2022-06-01,730066,38,C,Baja,False,31.214176,38.666666666666664,38.666666666666664,Media móvil,0.6666666666666643
2022-04-01,730082,0,C,Alta,True,0.4601426,0.0,0.4601426124572754,XGBoost,0.4601426124572754
2022-05-01,730082,54,C,Alta,True,0.5622728,0.0,0.5622727870941162,XGBoost,-53.437727212905884
2022-06-01,730082,0,C,Alta,True,0.0,18.0,0.0,XGBoost,0.0
2022-04-01,730083,98,B,Baja,True,109.59374,148.66666666666666,109.59374237060547,XGBoost,11.593742370605469
2022-05-01,730083,78,B,Baja,True,92.98885,154.0,92.98885345458984,XGBoost,14.988853454589844
2022-06-01,730083,133,B,Baja,True,92.40669,117.33333333333333,92.40669250488281,XGBoost,-40.59330749511719
2022-04-01,730084,0,C,Alta,True,1.4773221,0.0,1.4773221015930176,XGBoost,1.4773221015930176
2022-05-01,730084,0,C,Alta,True,2.0887585,0.0,2.0887584686279297,XGBoost,2.0887584686279297
2022-06-01,730084,3,C,Alta,True,1.7043598,0.0,1.704359769821167,XGBoost,-1.295640230178833
2022-04-01,730096,3,C,Alta,True,0.22153854,0.6666666666666666,0.22153854370117188,XGBoost,-2.778461456298828
2022-05-01,730096,0,C,Alta,True,0.16240184,1.3333333333333333,0.16240184009075165,XGBoost,0.16240184009075165
2022-06-01,730096,0,C,Alta,True,0.06824814,1.0,0.06824813783168793,XGBoost,0.06824813783168793
2022-04-01,730113,0,C,Alta,True,0.15600619,1.3333333333333333,0.15600618720054626,XGBoost,0.15600618720054626
2022-05-01,730113,0,C,Alta,True,0.14057136,1.3333333333333333,0.14057135581970215,XGBoost,0.14057135581970215
2022-06-01,730113,0,C,Alta,True,0.062045645,1.3333333333333333,0.06204564496874809,XGBoost,0.06204564496874809
2022-04-01,730116,44,B,Baja,True,135.04436,137.66666666666666,135.0443572998047,XGBoost,91.04435729980469
2022-05-01,730116,116,B,Baja,True,106.58378,112.33333333333333,106.58377838134766,XGBoost,-9.416221618652344
2022-06-01,730116,146,B,Baja,True,131.43977,102.66666666666667,131.4397735595703,XGBoost,-14.560226440429688
2022-04-01,730122,7,C,Alta,True,0.16437246,0.0,0.16437245905399323,XGBoost,-6.835627540946007
2022-05-01,730122,0,C,Alta,True,0.0,2.3333333333333335,0.0,XGBoost,0.0
2022-06-01,730122,0,C,Alta,True,0.0,2.3333333333333335,0.0,XGBoost,0.0
2022-04-01,730123,3,C,Media,False,5.6073666,3.0,3.0,Media móvil,0.0
2022-05-01,730123,10,C,Media,False,4.6064157,3.6666666666666665,3.6666666666666665,Media móvil,-6.333333333333334
2022-06-01,730123,7,C,Media,False,5.885665,5.333333333333333,5.333333333333333,Media móvil,-1.666666666666667
2022-04-01,730124,4,C,Alta,True,0.28554386,0.0,0.28554385900497437,XGBoost,-3.7144561409950256
2022-05-01,730124,0,C,Alta,True,0.032876372,1.3333333333333333,0.03287637233734131,XGBoost,0.03287637233734131
2022-06-01,730124,0,C,Alta,True,0.016137764,1.3333333333333333,0.01613776385784149,XGBoost,0.01613776385784149
2022-04-01,730125,0,C,Alta,True,0.11656405,0.0,0.11656405031681061,XGBoost,0.11656405031681061
2022-05-01,730125,1,C,Alta,True,0.30510023,0.0,0.3051002323627472,XGBoost,-0.6948997676372528
2022-06-01,730125,2,C,Alta,True,0.44706175,0.3333333333333333,0.4470617473125458,XGBoost,-1.5529382526874542
2022-04-01,730126,0,C,Alta,True,0.64546824,0.3333333333333333,0.6454682350158691,XGBoost,0.6454682350158691
2022-05-01,730126,1,C,Alta,True,0.46537212,0.3333333333333333,0.46537211537361145,XGBoost,-0.5346278846263885
2022-06-01,730126,2,C,Alta,True,0.5784743,0.6666666666666666,0.5784742832183838,XGBoost,-1.4215257167816162
2022-04-01,730134,62,C,Media,False,41.88194,37.333333333333336,37.333333333333336,Media móvil,-24.666666666666664
2022-05-01,730134,4,C,Media,False,42.184113,49.666666666666664,49.666666666666664,Media móvil,45.666666666666664
2022-06-01,730134,0,C,Media,False,17.949476,46.666666666666664,46.666666666666664,Media móvil,46.666666666666664
2022-04-01,730136,0,C,Alta,True,0.2590814,0.0,0.2590813934803009,XGBoost,0.2590813934803009
2022-05-01,730136,0,C,Alta,True,0.3101787,0.0,0.3101786971092224,XGBoost,0.3101786971092224
2022-06-01,730136,16,C,Alta,True,0.27436045,0.0,0.27436044812202454,XGBoost,-15.725639551877975
2022-04-01,730138,4,C,Alta,True,9.483096,19.666666666666668,9.4830961227417,XGBoost,5.483096122741699
2022-05-01,730138,0,C,Alta,True,7.3272724,6.333333333333333,7.327272415161133,XGBoost,7.327272415161133
2022-06-01,730138,0,C,Alta,True,8.55852,6.333333333333333,8.558520317077637,XGBoost,8.558520317077637
2022-04-01,730139,0,C,Alta,True,0.27286556,0.0,0.27286556363105774,XGBoost,0.27286556363105774
2022-05-01,730139,0,C,Alta,True,0.3160465,0.0,0.31604650616645813,XGBoost,0.31604650616645813
2022-06-01,730139,13,C,Alta,True,0.28006783,0.0,0.2800678312778473,XGBoost,-12.719932168722153
2022-04-01,730141,0,C,Alta,True,0.22725102,0.0,0.22725102305412292,XGBoost,0.22725102305412292
2022-05-01,730141,0,C,Alta,True,0.08253655,0.0,0.08253654837608337,XGBoost,0.08253654837608337
2022-06-01,730141,1,C,Alta,True,0.33113262,0.0,0.3311326205730438,XGBoost,-0.6688673794269562
2022-04-01,730143,0,C,Alta,True,1.5843096,0.0,1.5843095779418945,XGBoost,1.5843095779418945
2022-05-01,730143,0,C,Alta,True,1.8248477,0.0,1.82484769821167,XGBoost,1.82484769821167
2022-06-01,730143,0,C,Alta,True,1.2349372,0.0,1.2349371910095215,XGBoost,1.2349371910095215
2022-04-01,730144,265,B,Baja,True,317.036,367.6666666666667,317.0360107421875,XGBoost,52.0360107421875
2022-05-01,730144,315,B,Baja,True,295.12088,317.6666666666667,295.1208801269531,XGBoost,-19.879119873046875
2022-06-01,730144,299,B,Baja,True,318.7133,305.3333333333333,318.7132873535156,XGBoost,19.713287353515625
2022-04-01,730167,0,C,Alta,True,0.3148075,0.0,0.3148075044155121,XGBoost,0.3148075044155121
2022-05-01,730167,4,C,Alta,True,0.2599301,0.0,0.2599301040172577,XGBoost,-3.7400698959827423
2022-06-01,730167,0,C,Alta,True,0.024492037,1.3333333333333333,0.024492036551237106,XGBoost,0.024492036551237106
2022-04-01,730176,0,C,Alta,True,0.25095573,0.0,0.250955730676651,XGBoost,0.250955730676651
2022-05-01,730176,0,C,Alta,True,0.2750538,0.0,0.27505379915237427,XGBoost,0.27505379915237427
2022-06-01,730176,32,C,Alta,True,0.24679331,0.0,0.24679331481456757,XGBoost,-31.753206685185432
2022-04-01,730189,429,C,Alta,True,0.22158836,0.0,0.2215883582830429,XGBoost,-428.77841164171696
2022-05-01,730189,0,C,Alta,True,8.687135,143.0,8.687134742736816,XGBoost,8.687134742736816
2022-06-01,730189,0,C,Alta,True,5.7382393,143.0,5.738239288330078,XGBoost,5.738239288330078
2022-04-01,730194,1,C,Media,False,1.8425121,0.3333333333333333,0.3333333333333333,Media móvil,-0.6666666666666667
2022-05-01,730194,4,C,Media,False,2.6832898,0.3333333333333333,0.3333333333333333,Media móvil,-3.6666666666666665
2022-06-01,730194,0,C,Media,False,1.9575908,1.6666666666666667,1.6666666666666667,Media móvil,1.6666666666666667
2022-04-01,730200,1,C,Alta,True,0.5924282,0.3333333333333333,0.5924282073974609,XGBoost,-0.40757179260253906
2022-05-01,730200,0,C,Alta,True,0.6182548,0.6666666666666666,0.6182547807693481,XGBoost,0.6182547807693481
2022-06-01,730200,0,C,Alta,True,0.45849136,0.6666666666666666,0.45849135518074036,XGBoost,0.45849135518074036
2022-04-01,730205,0,C,Alta,True,0.063064694,0.3333333333333333,0.06306469440460205,XGBoost,0.06306469440460205
2022-05-01,730205,0,C,Alta,True,0.058372162,0.3333333333333333,0.05837216228246689,XGBoost,0.05837216228246689
2022-06-01,730205,0,C,Alta,True,0.06496827,0.0,0.06496827304363251,XGBoost,0.06496827304363251
2022-04-01,730230,175,B,Baja,True,92.43199,109.0,92.43199157714844,XGBoost,-82.56800842285156
2022-05-01,730230,78,B,Baja,True,115.15824,122.66666666666667,115.15824127197266,XGBoost,37.158241271972656
2022-06-01,730230,58,B,Baja,True,89.19308,116.0,89.19307708740234,XGBoost,31.193077087402344
2022-04-01,730237,0,C,Alta,True,0.59402704,0.0,0.594027042388916,XGBoost,0.594027042388916
2022-05-01,730237,15,C,Alta,True,0.67645764,0.0,0.6764576435089111,XGBoost,-14.323542356491089
2022-06-01,730237,16,C,Alta,True,2.1540318,5.0,2.154031753540039,XGBoost,-13.845968246459961
2022-04-01,730242,28,C,Media,False,57.322895,84.33333333333333,84.33333333333333,Media móvil,56.33333333333333
2022-05-01,730242,88,C,Media,False,26.406757,91.0,91.0,Media móvil,3.0
2022-06-01,730242,95,C,Media,False,26.283745,88.66666666666667,88.66666666666667,Media móvil,-6.333333333333329
2022-04-01,770020,0,C,Alta,True,2.1073184,1.3333333333333333,2.10731840133667,XGBoost,2.10731840133667
2022-05-01,770020,0,C,Alta,True,2.5311842,0.0,2.531184196472168,XGBoost,2.531184196472168
2022-06-01,770020,0,C,Alta,True,1.8080673,0.0,1.8080673217773438,XGBoost,1.8080673217773438
2022-04-01,770054,0,C,Alta,True,0.09775531,0.6666666666666666,0.0977553129196167,XGBoost,0.0977553129196167
2022-05-01,770054,0,C,Alta,True,0.1505698,0.0,0.15056979656219482,XGBoost,0.15056979656219482
2022-06-01,770054,0,C,Alta,True,0.14048465,0.0,0.14048464596271515,XGBoost,0.14048464596271515
2022-04-01,770065,89,C,Alta,True,2.8091998,3.0,2.809199810028076,XGBoost,-86.19080018997192
2022-05-01,770065,0,C,Alta,True,0.87851405,32.666666666666664,0.8785140514373779,XGBoost,0.8785140514373779
2022-06-01,770065,0,C,Alta,True,0.5443759,32.666666666666664,0.5443758964538574,XGBoost,0.5443758964538574
2022-04-01,770066,16,C,Alta,True,3.173118,23.666666666666668,3.1731181144714355,XGBoost,-12.826881885528564
2022-05-01,770066,69,C,Alta,True,8.450085,28.0,8.450084686279297,XGBoost,-60.5499153137207
2022-06-01,770066,0,C,Alta,True,2.0132937,30.333333333333332,2.013293743133545,XGBoost,2.013293743133545
2022-04-01,770074,1,C,Alta,True,0.3099518,0.0,0.3099518120288849,XGBoost,-0.6900481879711151
2022-05-01,770074,0,C,Alta,True,0.26680562,0.3333333333333333,0.26680561900138855,XGBoost,0.26680561900138855
2022-06-01,770074,0,C,Alta,True,0.17148916,0.3333333333333333,0.1714891642332077,XGBoost,0.1714891642332077
2022-04-01,770075,17,C,Media,False,11.358661,24.666666666666668,24.666666666666668,Media móvil,7.666666666666668
2022-05-01,770075,2,C,Media,False,11.436359,16.666666666666668,16.666666666666668,Media móvil,14.666666666666668
2022-06-01,770075,0,C,Media,False,8.425263,10.666666666666666,10.666666666666666,Media móvil,10.666666666666666
2022-04-01,770117,7,C,Alta,True,0.7073939,3.6666666666666665,0.7073938846588135,XGBoost,-6.2926061153411865
2022-05-01,770117,1,C,Alta,True,0.903692,4.666666666666667,0.9036920070648193,XGBoost,-0.09630799293518066
2022-06-01,770117,0,C,Alta,True,0.54081273,2.6666666666666665,0.5408127307891846,XGBoost,0.5408127307891846
2022-04-01,770143,0,C,Alta,True,0.5337306,1.3333333333333333,0.5337306261062622,XGBoost,0.5337306261062622
2022-05-01,770143,0,C,Alta,True,0.4454469,1.3333333333333333,0.4454469084739685,XGBoost,0.4454469084739685
2022-06-01,770143,0,C,Alta,True,0.52953565,1.3333333333333333,0.5295356512069702,XGBoost,0.5295356512069702
2022-04-01,770152,0,C,Alta,True,0.0,14.0,0.0,XGBoost,0.0
2022-05-01,770152,0,C,Alta,True,0.073559284,0.0,0.07355928421020508,XGBoost,0.07355928421020508
2022-06-01,770152,0,C,Alta,True,0.030687844,0.0,0.03068784438073635,XGBoost,0.03068784438073635
2022-04-01,A0000001,0,C,Alta,True,0.11320686,8.0,0.11320686340332031,XGBoost,0.11320686340332031
2022-05-01,A0000001,20,C,Alta,True,1.3602037,0.0,1.360203742980957,XGBoost,-18.639796257019043
2022-06-01,A0000001,34,C,Alta,True,0.64229906,6.666666666666667,0.6422990560531616,XGBoost,-33.35770094394684
2022-04-01,A0000034,0,C,Alta,True,1.1895659,1.3333333333333333,1.189565896987915,XGBoost,1.189565896987915
2022-05-01,A0000034,6,C,Alta,True,3.002614,0.0,3.0026140213012695,XGBoost,-2.9973859786987305
2022-06-01,A0000034,46,C,Alta,True,4.0106,2.0,4.0106000900268555,XGBoost,-41.989399909973145
2022-04-01,A0000039,316,B,Baja,True,367.03775,409.6666666666667,367.0377502441406,XGBoost,51.037750244140625
2022-05-01,A0000039,441,B,Baja,True,377.51346,372.0,377.5134582519531,XGBoost,-63.486541748046875
2022-06-01,A0000039,289,B,Baja,True,384.40738,367.6666666666667,384.4073791503906,XGBoost,95.40737915039062
2022-04-01,A0000051,75,B,Alta,True,86.03024,63.666666666666664,86.03024291992188,XGBoost,11.030242919921875
2022-05-01,A0000051,37,B,Alta,True,136.96815,66.33333333333333,136.96815490722656,XGBoost,99.96815490722656
2022-06-01,A0000051,68,B,Alta,True,134.83531,57.333333333333336,134.83531188964844,XGBoost,66.83531188964844
2022-04-01,A001011,10152,A,Baja,True,8577.231,9360.666666666666,8577.2314453125,XGBoost,-1574.7685546875
2022-05-01,A001011,9387,A,Baja,True,9147.441,9542.0,9147.44140625,XGBoost,-239.55859375
2022-06-01,A001011,7943,A,Baja,True,9033.773,9393.333333333334,9033.7734375,XGBoost,1090.7734375
2022-04-01,A001201,0,C,Alta,True,0.20707747,0.3333333333333333,0.20707747340202332,XGBoost,0.20707747340202332
2022-05-01,A001201,0,C,Alta,True,0.2922281,0.3333333333333333,0.292228102684021,XGBoost,0.292228102684021
2022-06-01,A001201,0,C,Alta,True,0.2907445,0.0,0.29074451327323914,XGBoost,0.29074451327323914
2022-04-01,A001221,1,C,Alta,True,0.5325875,0.0,0.5325875282287598,XGBoost,-0.46741247177124023
2022-05-01,A001221,2,C,Alta,True,0.8589442,0.3333333333333333,0.8589441776275635,XGBoost,-1.1410558223724365
2022-06-01,A001221,1,C,Alta,True,0.86682284,1.0,0.8668228387832642,XGBoost,-0.13317716121673584
2022-04-01,A002011,15,C,Alta,True,7.839881,13.333333333333334,7.83988094329834,XGBoost,-7.16011905670166
2022-05-01,A002011,0,C,Alta,True,6.191412,15.0,6.191411972045898,XGBoost,6.191411972045898
2022-06-01,A002011,43,C,Alta,True,2.812755,5.0,2.8127551078796387,XGBoost,-40.18724489212036
2022-04-01,A002451,22,C,Baja,False,29.421415,34.666666666666664,34.666666666666664,Media móvil,12.666666666666664
2022-05-01,A002451,8,C,Baja,False,25.689367,26.666666666666668,26.666666666666668,Media móvil,18.666666666666668
2022-06-01,A002451,6,C,Baja,False,25.087593,20.0,20.0,Media móvil,14.0
2022-04-01,A003011,557,A,Baja,True,529.5116,503.6666666666667,529.5115966796875,XGBoost,-27.4884033203125
2022-05-01,A003011,505,A,Baja,True,571.1526,453.3333333333333,571.152587890625,XGBoost,66.152587890625
2022-06-01,A003011,618,A,Baja,True,588.2972,506.0,588.2971801757812,XGBoost,-29.70281982421875
2022-04-01,A006011,265,B,Media,True,150.2436,215.33333333333334,150.2436065673828,XGBoost,-114.75639343261719
2022-05-01,A006011,177,B,Media,True,167.79944,219.0,167.7994384765625,XGBoost,-9.2005615234375
2022-06-01,A006011,27,B,Media,True,151.21802,198.33333333333334,151.218017578125,XGBoost,124.218017578125
2022-04-01,A006721,60,B,Media,True,55.231716,110.66666666666667,55.23171615600586,XGBoost,-4.768283843994141
2022-05-01,A006721,34,B,Media,True,77.824036,83.0,77.82403564453125,XGBoost,43.82403564453125
2022-06-01,A006721,160,B,Media,True,49.999634,77.33333333333333,49.9996337890625,XGBoost,-110.0003662109375
2022-04-01,A008011,69,C,Baja,False,24.568026,38.666666666666664,38.666666666666664,Media móvil,-30.333333333333336
2022-05-01,A008011,51,C,Baja,False,50.031334,46.333333333333336,46.333333333333336,Media móvil,-4.666666666666664
2022-06-01,A008011,92,C,Baja,False,44.195454,48.666666666666664,48.666666666666664,Media móvil,-43.333333333333336
2022-04-01,A008231,0,C,Alta,True,0.25737166,0.0,0.2573716640472412,XGBoost,0.2573716640472412
2022-05-01,A008231,0,C,Alta,True,0.2631183,0.0,0.26311829686164856,XGBoost,0.26311829686164856
2022-06-01,A008231,0,C,Alta,True,0.24884246,0.0,0.24884246289730072,XGBoost,0.24884246289730072
2022-04-01,A009701,166,B,Media,True,121.904724,161.0,121.90472412109375,XGBoost,-44.09527587890625
2022-05-01,A009701,77,B,Media,True,168.44774,118.33333333333333,168.44773864746094,XGBoost,91.44773864746094
2022-06-01,A009701,156,B,Media,True,143.14131,119.66666666666667,143.1413116455078,XGBoost,-12.858688354492188
2022-04-01,A013011,28,C,Media,False,4.9171805,41.0,41.0,Media móvil,13.0
2022-05-01,A013011,0,C,Media,False,5.4255595,50.333333333333336,50.333333333333336,Media móvil,50.333333333333336
2022-06-01,A013011,0,C,Media,False,12.631794,29.333333333333332,29.333333333333332,Media móvil,29.333333333333332
2022-04-01,A013012,92,C,Media,False,32.866978,36.666666666666664,36.666666666666664,Media móvil,-55.333333333333336
2022-05-01,A013012,51,C,Media,False,55.545177,62.0,62.0,Media móvil,11.0
2022-06-01,A013012,53,C,Media,False,49.272648,52.0,52.0,Media móvil,-1.0
2022-04-01,A017231,3,C,Baja,False,7.560627,9.0,9.0,Media móvil,6.0
2022-05-01,A017231,8,C,Baja,False,6.103267,7.666666666666667,7.666666666666667,Media móvil,-0.33333333333333304
2022-06-01,A017231,11,C,Baja,False,6.3094945,7.666666666666667,7.666666666666667,Media móvil,-3.333333333333333
2022-04-01,A018232,2,C,Media,False,1.9010153,4.333333333333333,4.333333333333333,Media móvil,2.333333333333333
2022-05-01,A018232,1,C,Media,False,1.6054919,3.6666666666666665,3.6666666666666665,Media móvil,2.6666666666666665
2022-06-01,A018232,0,C,Media,False,1.7798097,1.6666666666666667,1.6666666666666667,Media móvil,1.6666666666666667
2022-04-01,A019101,16,C,Alta,True,3.98981,3.3333333333333335,3.989809989929199,XGBoost,-12.0101900100708
2022-05-01,A019101,0,C,Alta,True,7.5900354,8.666666666666666,7.590035438537598,XGBoost,7.590035438537598
2022-06-01,A019101,0,C,Alta,True,2.1160805,5.333333333333333,2.1160805225372314,XGBoost,2.1160805225372314
2022-04-01,A020701,3,C,Alta,True,4.5788627,3.3333333333333335,4.57886266708374,XGBoost,1.5788626670837402
2022-05-01,A020701,1,C,Alta,True,2.6811771,3.6666666666666665,2.6811771392822266,XGBoost,1.6811771392822266
2022-06-01,A020701,36,C,Alta,True,3.2739878,1.6666666666666667,3.2739877700805664,XGBoost,-32.726012229919434
2022-04-01,A020702,34,C,Media,False,41.988205,59.333333333333336,59.333333333333336,Media móvil,25.333333333333336
2022-05-01,A020702,29,C,Media,False,40.75263,54.0,54.0,Media móvil,25.0
2022-06-01,A020702,41,C,Media,False,49.7211,39.0,39.0,Media móvil,-2.0
2022-04-01,A022701,0,C,Alta,True,0.3148075,0.0,0.3148075044155121,XGBoost,0.3148075044155121
2022-05-01,A022701,0,C,Alta,True,0.2599301,0.0,0.2599301040172577,XGBoost,0.2599301040172577
2022-06-01,A022701,0,C,Alta,True,0.24569026,0.0,0.245690256357193,XGBoost,0.245690256357193
2022-04-01,A023011,191,B,Baja,True,123.811386,138.33333333333334,123.81138610839844,XGBoost,-67.18861389160156
2022-05-01,A023011,121,B,Baja,True,143.38553,147.33333333333334,143.38552856445312,XGBoost,22.385528564453125
2022-06-01,A023011,172,B,Baja,True,133.13979,149.33333333333334,133.13978576660156,XGBoost,-38.86021423339844
2022-04-01,A023721,96,B,Baja,True,118.29541,160.33333333333334,118.29541015625,XGBoost,22.29541015625
2022-05-01,A023721,119,B,Baja,True,139.25891,114.33333333333333,139.2589111328125,XGBoost,20.2589111328125
2022-06-01,A023721,114,B,Baja,True,157.9995,108.66666666666667,157.99949645996094,XGBoost,43.99949645996094
2022-04-01,A024011,26,C,Media,False,35.46831,57.0,57.0,Media móvil,31.0
2022-05-01,A024011,55,C,Media,False,15.672874,41.666666666666664,41.666666666666664,Media móvil,-13.333333333333336
2022-06-01,A024011,33,C,Media,False,20.535477,49.333333333333336,49.333333333333336,Media móvil,16.333333333333336
2022-04-01,A025142,15,C,Alta,True,0.8786851,7.333333333333333,0.8786851167678833,XGBoost,-14.121314883232117
2022-05-01,A025142,0,C,Alta,True,8.256248,5.0,8.256248474121094,XGBoost,8.256248474121094
2022-06-01,A025142,50,C,Alta,True,4.5365705,5.0,4.5365705490112305,XGBoost,-45.46342945098877
2022-04-01,A026721,183,B,Baja,True,178.67818,207.33333333333334,178.6781768798828,XGBoost,-4.3218231201171875
2022-05-01,A026721,581,B,Baja,True,164.17352,180.66666666666666,164.17352294921875,XGBoost,-416.82647705078125
2022-06-01,A026721,217,B,Baja,True,262.8378,318.6666666666667,262.8377990722656,XGBoost,45.837799072265625
2022-04-01,A026722,105,B,Baja,True,84.46075,65.66666666666667,84.46074676513672,XGBoost,-20.53925323486328
2022-05-01,A026722,41,B,Baja,True,94.59719,80.33333333333333,94.5971908569336,XGBoost,53.597190856933594
2022-06-01,A026722,73,B,Baja,True,71.88089,72.66666666666667,71.88088989257812,XGBoost,-1.119110107421875
2022-04-01,A027142,4,C,Alta,True,0.6613413,8.333333333333334,0.6613413095474243,XGBoost,-3.3386586904525757
2022-05-01,A027142,0,C,Alta,True,0.04853183,9.0,0.04853183031082153,XGBoost,0.04853183031082153
2022-06-01,A027142,0,C,Alta,True,0.77299464,1.3333333333333333,0.7729946374893188,XGBoost,0.7729946374893188
2022-04-01,A033701,12,C,Baja,False,5.243093,5.333333333333333,5.333333333333333,Media móvil,-6.666666666666667
2022-05-01,A033701,12,C,Baja,False,7.558223,7.0,7.0,Media móvil,-5.0
2022-06-01,A033701,14,C,Baja,False,7.410533,9.333333333333334,9.333333333333334,Media móvil,-4.666666666666666
2022-04-01,A034011,46,C,Media,False,32.702217,18.666666666666668,18.666666666666668,Media móvil,-27.333333333333332
2022-05-01,A034011,60,C,Media,False,27.527763,25.666666666666668,25.666666666666668,Media móvil,-34.33333333333333
2022-06-01,A034011,8,C,Media,False,32.56726,43.0,43.0,Media móvil,35.0
2022-04-01,A035722,43,B,Baja,True,132.18896,147.0,132.18896484375,XGBoost,89.18896484375
2022-05-01,A035722,92,B,Baja,True,101.10642,110.0,101.1064224243164,XGBoost,9.106422424316406
2022-06-01,A035722,71,B,Baja,True,118.15521,87.0,118.15521240234375,XGBoost,47.15521240234375
2022-04-01,A036701,6,C,Media,False,1.1548741,4.333333333333333,4.333333333333333,Media móvil,-1.666666666666667
2022-05-01,A036701,6,C,Media,False,2.045541,3.6666666666666665,3.6666666666666665,Media móvil,-2.3333333333333335
2022-06-01,A036701,0,C,Media,False,1.7196143,5.666666666666667,5.666666666666667,Media móvil,5.666666666666667
2022-04-01,A037011,266,B,Baja,True,276.58752,411.3333333333333,276.5875244140625,XGBoost,10.5875244140625
2022-05-01,A037011,139,B,Baja,True,261.96765,410.6666666666667,261.9676513671875,XGBoost,122.9676513671875
2022-06-01,A037011,204,B,Baja,True,248.41336,309.6666666666667,248.41336059570312,XGBoost,44.413360595703125
2022-04-01,A037101,0,C,Alta,True,1.1957786,0.0,1.1957786083221436,XGBoost,1.1957786083221436
2022-05-01,A037101,0,C,Alta,True,1.4055991,0.0,1.4055991172790527,XGBoost,1.4055991172790527
2022-06-01,A037101,0,C,Alta,True,1.0631111,0.0,1.0631110668182373,XGBoost,1.0631110668182373
2022-04-01,B00000010,0,C,Alta,True,0.7148799,1.3333333333333333,0.7148798704147339,XGBoost,0.7148798704147339
2022-05-01,B00000010,1,C,Alta,True,0.9520302,1.3333333333333333,0.9520301818847656,XGBoost,-0.047969818115234375
2022-06-01,B00000010,2,C,Alta,True,1.0427678,1.6666666666666667,1.0427677631378174,XGBoost,-0.9572322368621826
2022-04-01,B004311,7,C,Media,False,3.814176,2.0,2.0,Media móvil,-5.0
2022-05-01,B004311,2,C,Media,False,2.7197678,4.0,4.0,Media móvil,2.0
2022-06-01,B004311,3,C,Media,False,3.5118008,4.0,4.0,Media móvil,1.0
2022-04-01,B004332,8,C,Media,False,3.1207929,2.0,2.0,Media móvil,-6.0
2022-05-01,B004332,2,C,Media,False,1.7864988,4.333333333333333,4.333333333333333,Media móvil,2.333333333333333
2022-06-01,B004332,3,C,Media,False,2.1201744,4.333333333333333,4.333333333333333,Media móvil,1.333333333333333
2022-04-01,B005701,12,C,Baja,False,22.204533,22.333333333333332,22.333333333333332,Media móvil,10.333333333333332
2022-05-01,B005701,46,C,Baja,False,26.63439,17.333333333333332,17.333333333333332,Media móvil,-28.666666666666668
2022-06-01,B005701,25,C,Baja,False,36.864243,27.333333333333332,27.333333333333332,Media móvil,2.333333333333332
2022-04-01,B008011,16,C,Media,False,6.1434617,8.0,8.0,Media móvil,-8.0
2022-05-01,B008011,5,C,Media,False,9.677136,9.333333333333334,9.333333333333334,Media móvil,4.333333333333334
2022-06-01,B008011,32,C,Media,False,8.6769085,8.0,8.0,Media móvil,-24.0
2022-04-01,B010021,519,A,Baja,True,419.78134,447.3333333333333,419.7813415527344,XGBoost,-99.21865844726562
2022-05-01,B010021,372,A,Baja,True,467.91235,467.3333333333333,467.912353515625,XGBoost,95.912353515625
2022-06-01,B010021,373,A,Baja,True,450.4398,444.6666666666667,450.4397888183594,XGBoost,77.43978881835938
2022-04-01,B012011,0,C,Alta,True,0.17043695,7.333333333333333,0.17043694853782654,XGBoost,0.17043694853782654
2022-05-01,B012011,4,C,Alta,True,0.6732923,1.3333333333333333,0.6732922792434692,XGBoost,-3.3267077207565308
2022-06-01,B012011,4,C,Alta,True,0.8911977,1.3333333333333333,0.891197681427002,XGBoost,-3.108802318572998
2022-04-01,BISAPRO,1,C,Alta,True,0.0,3.6666666666666665,0.0,XGBoost,-1.0
2022-05-01,BISAPRO,0,C,Alta,True,0.6117475,4.0,0.6117475032806396,XGBoost,0.6117475032806396
2022-06-01,BISAPRO,0,C,Alta,True,0.32265517,4.0,0.32265517115592957,XGBoost,0.32265517115592957
2022-04-01,C0000005,0,C,Alta,True,1.8965356,4.0,1.8965356349945068,XGBoost,1.8965356349945068
2022-05-01,C0000005,0,C,Alta,True,3.0653296,3.6666666666666665,3.0653295516967773,XGBoost,3.0653295516967773
2022-06-01,C0000005,0,C,Alta,True,1.9159827,3.6666666666666665,1.915982723236084,XGBoost,1.915982723236084
2022-04-01,C0000008,2,C,Media,False,5.417886,4.333333333333333,4.333333333333333,Media móvil,2.333333333333333
2022-05-01,C0000008,13,C,Media,False,4.68906,4.0,4.0,Media móvil,-9.0
2022-06-01,C0000008,11,C,Media,False,9.312027,6.0,6.0,Media móvil,-5.0
2022-04-01,C0000019,28,C,Alta,True,2.0779414,2.6666666666666665,2.077941417694092,XGBoost,-25.922058582305908
2022-05-01,C0000019,0,C,Alta,True,0.992785,12.0,0.9927849769592285,XGBoost,0.9927849769592285
2022-06-01,C0000019,0,C,Alta,True,0.98415613,10.333333333333334,0.9841561317443848,XGBoost,0.9841561317443848
2022-04-01,C0000028,24,B,Baja,True,94.739845,109.66666666666667,94.7398452758789,XGBoost,70.7398452758789
2022-05-01,C0000028,78,B,Baja,True,44.71859,63.666666666666664,44.718589782714844,XGBoost,-33.281410217285156
2022-06-01,C0000028,237,B,Baja,True,119.78269,66.66666666666667,119.7826919555664,XGBoost,-117.2173080444336
2022-04-01,C0000030,4,C,Alta,True,0.766433,15.0,0.7664330005645752,XGBoost,-3.233566999435425
2022-05-01,C0000030,0,C,Alta,True,1.5361159,4.0,1.5361158847808838,XGBoost,1.5361158847808838
2022-06-01,C0000030,0,C,Alta,True,0.814402,1.3333333333333333,0.8144019842147827,XGBoost,0.8144019842147827
2022-04-01,C0000035,229,B,Baja,True,178.31416,169.33333333333334,178.3141632080078,XGBoost,-50.68583679199219
2022-05-01,C0000035,160,B,Baja,True,210.81554,173.66666666666666,210.81553649902344,XGBoost,50.81553649902344
2022-06-01,C0000035,201,B,Baja,True,194.87764,181.33333333333334,194.8776397705078,XGBoost,-6.1223602294921875
2022-04-01,C0000047,86,B,Baja,True,67.48802,75.33333333333333,67.48802185058594,XGBoost,-18.511978149414062
2022-05-01,C0000047,44,B,Baja,True,85.2174,69.66666666666667,85.21739959716797,XGBoost,41.21739959716797
2022-06-01,C0000047,98,B,Baja,True,76.02364,64.66666666666667,76.02364349365234,XGBoost,-21.976356506347656
2022-04-01,C001011,64,B,Baja,True,132.07419,133.33333333333334,132.07418823242188,XGBoost,68.07418823242188
2022-05-01,C001011,102,B,Baja,True,126.36912,118.33333333333333,126.3691177368164,XGBoost,24.369117736816406
2022-06-01,C001011,201,B,Baja,True,125.17362,91.33333333333333,125.17362213134766,XGBoost,-75.82637786865234
2022-04-01,C002701,187,B,Baja,True,201.32031,274.6666666666667,201.3203125,XGBoost,14.3203125
2022-05-01,C002701,274,B,Baja,True,185.40256,221.33333333333334,185.40255737304688,XGBoost,-88.59744262695312
2022-06-01,C002701,441,B,Baja,True,238.20586,193.0,238.2058563232422,XGBoost,-202.7941436767578
2022-04-01,C003101,46,C,Media,False,41.707336,8.666666666666666,8.666666666666666,Media móvil,-37.333333333333336
2022-05-01,C003101,66,C,Media,False,34.802612,23.333333333333332,23.333333333333332,Media móvil,-42.66666666666667
2022-06-01,C003101,57,C,Media,False,28.0347,39.333333333333336,39.333333333333336,Media móvil,-17.666666666666664
2022-04-01,C003102,24,C,Media,False,20.609411,41.333333333333336,41.333333333333336,Media móvil,17.333333333333336
2022-05-01,C003102,11,C,Media,False,32.37537,41.666666666666664,41.666666666666664,Media móvil,30.666666666666664
2022-06-01,C003102,144,C,Media,False,34.33219,18.0,18.0,Media móvil,-126.0
2022-04-01,C004011,3,C,Alta,True,2.5413404,0.0,2.5413403511047363,XGBoost,-0.45865964889526367
2022-05-01,C004011,42,C,Alta,True,5.1093445,1.0,5.109344482421875,XGBoost,-36.890655517578125
2022-06-01,C004011,12,C,Alta,True,1.3619542,15.0,1.3619542121887207,XGBoost,-10.63804578781128
2022-04-01,C004012,28,C,Alta,True,0.782007,0.0,0.7820069789886475,XGBoost,-27.217993021011353
2022-05-01,C004012,0,C,Alta,True,0.49853572,9.333333333333334,0.49853572249412537,XGBoost,0.49853572249412537
2022-06-01,C004012,0,C,Alta,True,0.57515454,9.333333333333334,0.5751545429229736,XGBoost,0.5751545429229736
2022-04-01,C005011,86,B,Baja,True,153.31842,169.66666666666666,153.31842041015625,XGBoost,67.31842041015625
2022-05-01,C005011,110,B,Baja,True,129.18973,164.33333333333334,129.18972778320312,XGBoost,19.189727783203125
2022-06-01,C005011,168,B,Baja,True,118.888824,153.66666666666666,118.88882446289062,XGBoost,-49.111175537109375
2022-04-01,C008142,28,C,Alta,True,16.14042,48.666666666666664,16.14042091369629,XGBoost,-11.859579086303711
2022-05-01,C008142,67,C,Alta,True,24.965555,58.0,24.96555519104004,XGBoost,-42.03444480895996
2022-06-01,C008142,5,C,Alta,True,47.81093,35.0,47.81092834472656,XGBoost,42.81092834472656
2022-04-01,C008232,1,C,Alta,True,0.7005656,1.6666666666666667,0.7005655765533447,XGBoost,-0.2994344234466553
2022-05-01,C008232,0,C,Alta,True,0.6906061,1.6666666666666667,0.6906061172485352,XGBoost,0.6906061172485352
2022-06-01,C008232,0,C,Alta,True,0.7639816,0.3333333333333333,0.7639815807342529,XGBoost,0.7639815807342529
2022-04-01,C009141,0,C,Alta,True,0.97941744,0.0,0.9794174432754517,XGBoost,0.9794174432754517
2022-05-01,C009141,0,C,Alta,True,1.5642776,0.0,1.5642776489257812,XGBoost,1.5642776489257812
2022-06-01,C009141,0,C,Alta,True,1.6740024,0.0,1.6740024089813232,XGBoost,1.6740024089813232
2022-04-01,C011723,362,B,Baja,True,307.18536,296.3333333333333,307.18536376953125,XGBoost,-54.81463623046875
2022-05-01,C011723,343,B,Baja,True,349.5722,330.6666666666667,349.57220458984375,XGBoost,6.57220458984375
2022-06-01,C011723,358,B,Baja,True,341.40286,355.3333333333333,341.4028625488281,XGBoost,-16.597137451171875
2022-04-01,C014103,0,C,Alta,True,0.0,0.0,0.0,XGBoost,0.0
2022-05-01,C014103,0,C,Alta,True,0.0,0.0,0.0,XGBoost,0.0
2022-06-01,C014103,0,C,Alta,True,0.1153859,0.0,0.11538589745759964,XGBoost,0.11538589745759964
2022-04-01,C015701,464,A,Baja,True,758.033,879.0,758.0330200195312,XGBoost,294.03302001953125
2022-05-01,C015701,421,A,Baja,True,694.61804,820.0,694.6180419921875,XGBoost,273.6180419921875
2022-06-01,C015701,682,A,Baja,True,435.05353,739.0,435.05352783203125,XGBoost,-246.94647216796875
2022-04-01,C019701,598,A,Baja,True,580.3295,595.0,580.3295288085938,XGBoost,-17.67047119140625
2022-05-01,C019701,494,A,Baja,True,618.9713,589.0,618.9713134765625,XGBoost,124.9713134765625
2022-06-01,C019701,624,A,Baja,True,611.2668,538.6666666666666,611.2667846679688,XGBoost,-12.73321533203125
2022-04-01,C022011,0,C,Alta,True,0.04199227,8.333333333333334,0.041992269456386566,XGBoost,0.041992269456386566
2022-05-01,C022011,0,C,Alta,True,0.034108475,8.333333333333334,0.0341084748506546,XGBoost,0.0341084748506546
2022-06-01,C022011,0,C,Alta,True,0.1695061,7.0,0.16950610280036926,XGBoost,0.16950610280036926
2022-04-01,C031321,45,C,Baja,False,53.537354,26.666666666666668,26.666666666666668,Media móvil,-18.333333333333332
2022-05-01,C031321,21,C,Baja,False,41.842842,32.333333333333336,32.333333333333336,Media móvil,11.333333333333336
2022-06-01,C031321,20,C,Baja,False,29.252954,35.333333333333336,35.333333333333336,Media móvil,15.333333333333336
2022-04-01,C031511,3,C,Media,False,3.145689,7.333333333333333,7.333333333333333,Media móvil,4.333333333333333
2022-05-01,C031511,3,C,Media,False,3.139442,6.666666666666667,6.666666666666667,Media móvil,3.666666666666667
2022-06-01,C031511,4,C,Media,False,3.6754565,4.666666666666667,4.666666666666667,Media móvil,0.666666666666667
2022-04-01,C032013,0,C,Alta,True,1.5595534,17.666666666666668,1.5595533847808838,XGBoost,1.5595533847808838
2022-05-01,C032013,34,C,Alta,True,1.082484,15.666666666666666,1.0824840068817139,XGBoost,-32.917515993118286
2022-06-01,C032013,0,C,Alta,True,1.2207079,11.333333333333334,1.220707893371582,XGBoost,1.220707893371582
2022-04-01,C034011,21,C,Media,False,20.41225,42.666666666666664,42.666666666666664,Media móvil,21.666666666666664
2022-05-01,C034011,5,C,Media,False,17.005972,40.333333333333336,40.333333333333336,Media móvil,35.333333333333336
2022-06-01,C034011,0,C,Media,False,5.8923497,16.333333333333332,16.333333333333332,Media móvil,16.333333333333332
2022-04-01,C035251,55,C,Media,False,28.332817,50.333333333333336,50.333333333333336,Media móvil,-4.666666666666664
2022-05-01,C035251,10,C,Media,False,32.52045,41.333333333333336,41.333333333333336,Media móvil,31.333333333333336
2022-06-01,C035251,57,C,Media,False,14.068072,43.666666666666664,43.666666666666664,Media móvil,-13.333333333333336
2022-04-01,C041602,0,C,Alta,True,0.21343349,0.3333333333333333,0.21343348920345306,XGBoost,0.21343348920345306
2022-05-01,C041602,0,C,Alta,True,0.19732061,0.3333333333333333,0.1973206102848053,XGBoost,0.1973206102848053
2022-06-01,C041602,2,C,Alta,True,0.20345992,0.0,0.20345991849899292,XGBoost,-1.796540081501007
2022-04-01,C044721,0,B,Alta,True,142.50845,246.66666666666666,142.50845336914062,XGBoost,142.50845336914062
2022-05-01,C044721,266,B,Alta,True,54.241367,162.0,54.24136734008789,XGBoost,-211.7586326599121
2022-06-01,C044721,360,B,Alta,True,87.34999,178.33333333333334,87.34999084472656,XGBoost,-272.65000915527344
2022-04-01,C044723,753,A,Baja,True,872.6479,1016.6666666666666,872.6478881835938,XGBoost,119.64788818359375
2022-05-01,C044723,497,A,Baja,True,911.56635,935.3333333333334,911.5663452148438,XGBoost,414.56634521484375
2022-06-01,C044723,442,A,Baja,True,842.45087,735.0,842.4508666992188,XGBoost,400.45086669921875
2022-04-01,C046101,3,C,Alta,True,11.104661,19.333333333333332,11.104660987854004,XGBoost,8.104660987854004
2022-05-01,C046101,62,C,Alta,True,7.562172,19.666666666666668,7.562171936035156,XGBoost,-54.437828063964844
2022-06-01,C046101,176,C,Alta,True,13.27585,31.333333333333332,13.275850296020508,XGBoost,-162.7241497039795
2022-04-01,C047011,828,A,Baja,True,580.0328,877.0,580.0327758789062,XGBoost,-247.96722412109375
2022-05-01,C047011,693,A,Baja,True,779.48755,775.0,779.487548828125,XGBoost,86.487548828125
2022-06-01,C047011,1065,A,Baja,True,769.78827,766.0,769.7882690429688,XGBoost,-295.21173095703125
2022-04-01,D0000002,0,C,Alta,True,0.20418444,0.0,0.20418444275856018,XGBoost,0.20418444275856018
2022-05-01,D0000002,0,C,Alta,True,0.16355804,0.0,0.16355803608894348,XGBoost,0.16355803608894348
2022-06-01,D0000002,0,C,Alta,True,0.15040742,0.0,0.15040741860866547,XGBoost,0.15040741860866547
2022-04-01,D0000005,1,C,Alta,True,0.14246252,0.0,0.14246252179145813,XGBoost,-0.8575374782085419
2022-05-01,D0000005,0,C,Alta,True,0.07495783,0.3333333333333333,0.07495783269405365,XGBoost,0.07495783269405365
2022-06-01,D0000005,0,C,Alta,True,0.039994862,0.3333333333333333,0.03999486193060875,XGBoost,0.03999486193060875
2022-04-01,D0000011,24,C,Media,False,26.488176,42.333333333333336,42.333333333333336,Media móvil,18.333333333333336
2022-05-01,D0000011,23,C,Media,False,30.701052,33.666666666666664,33.666666666666664,Media móvil,10.666666666666664
2022-06-01,D0000011,118,C,Media,False,41.30992,33.0,33.0,Media móvil,-85.0
2022-04-01,D0000020,0,C,Alta,True,17.985382,45.0,17.985382080078125,XGBoost,17.985382080078125
2022-05-01,D0000020,65,C,Alta,True,11.376452,42.333333333333336,11.376452445983887,XGBoost,-53.62354755401611
2022-06-01,D0000020,121,C,Alta,True,2.9183269,55.0,2.9183268547058105,XGBoost,-118.08167314529419
2022-04-01,D0000030,7193,A,Baja,True,6055.903,7121.666666666667,6055.90283203125,XGBoost,-1137.09716796875
2022-05-01,D0000030,5868,A,Baja,True,6092.8623,7063.666666666667,6092.8623046875,XGBoost,224.8623046875
2022-06-01,D0000030,5509,A,Baja,True,6281.9565,6685.666666666667,6281.95654296875,XGBoost,772.95654296875
2022-04-01,D0000031,15,C,Alta,True,0.6179702,1.6666666666666667,0.6179702281951904,XGBoost,-14.38202977180481
2022-05-01,D0000031,9,C,Alta,True,1.2690063,6.666666666666667,1.2690062522888184,XGBoost,-7.730993747711182
2022-06-01,D0000031,0,C,Alta,True,0.84084666,8.0,0.8408466577529907,XGBoost,0.8408466577529907
2022-04-01,D0000038,3,C,Alta,True,1.0930192,1.3333333333333333,1.0930192470550537,XGBoost,-1.9069807529449463
2022-05-01,D0000038,1,C,Alta,True,1.1848543,1.6666666666666667,1.18485426902771,XGBoost,0.18485426902770996
2022-06-01,D0000038,2,C,Alta,True,0.8956075,2.0,0.8956074714660645,XGBoost,-1.1043925285339355
2022-04-01,D002101,0,C,Alta,True,0.4935612,0.0,0.4935612082481384,XGBoost,0.4935612082481384
2022-05-01,D002101,21,C,Alta,True,0.600456,0.0,0.6004559993743896,XGBoost,-20.39954400062561
2022-06-01,D002101,14,C,Alta,True,0.4739184,7.0,0.4739184081554413,XGBoost,-13.526081591844559
2022-04-01,D005711,255,B,Baja,True,240.75609,232.0,240.75608825683594,XGBoost,-14.243911743164062
2022-05-01,D005711,433,B,Baja,True,263.6764,237.33333333333334,263.6763916015625,XGBoost,-169.3236083984375
2022-06-01,D005711,567,B,Baja,True,314.3375,285.3333333333333,314.3374938964844,XGBoost,-252.66250610351562
2022-04-01,D006701,282,B,Baja,True,152.26506,158.66666666666666,152.2650604248047,XGBoost,-129.7349395751953
2022-05-01,D006701,165,B,Baja,True,164.19911,211.33333333333334,164.19911193847656,XGBoost,-0.8008880615234375
2022-06-01,D006701,225,B,Baja,True,165.49106,189.0,165.49105834960938,XGBoost,-59.508941650390625
2022-04-01,D009701,137,B,Baja,True,168.63739,195.33333333333334,168.63739013671875,XGBoost,31.63739013671875
2022-05-01,D009701,284,B,Baja,True,186.31174,170.33333333333334,186.31173706054688,XGBoost,-97.68826293945312
2022-06-01,D009701,229,B,Baja,True,187.27354,212.0,187.27354431152344,XGBoost,-41.72645568847656
2022-04-01,D009702,215,B,Baja,True,164.87875,220.33333333333334,164.87875366210938,XGBoost,-50.121246337890625
2022-05-01,D009702,281,B,Baja,True,213.88507,186.33333333333334,213.88507080078125,XGBoost,-67.11492919921875
2022-06-01,D009702,284,B,Baja,True,229.41473,233.33333333333334,229.41473388671875,XGBoost,-54.58526611328125
2022-04-01,D009705,77,C,Baja,False,65.52098,53.333333333333336,53.333333333333336,Media móvil,-23.666666666666664
2022-05-01,D009705,99,C,Baja,False,78.68751,61.666666666666664,61.666666666666664,Media móvil,-37.333333333333336
2022-06-01,D009705,87,C,Baja,False,81.09061,80.0,80.0,Media móvil,-7.0
2022-04-01,D009706,534,A,Baja,True,489.19687,564.3333333333334,489.1968688964844,XGBoost,-44.803131103515625
2022-05-01,D009706,613,A,Baja,True,517.912,522.6666666666666,517.9119873046875,XGBoost,-95.0880126953125
2022-06-01,D009706,933,A,Baja,True,522.34753,558.6666666666666,522.3475341796875,XGBoost,-410.6524658203125
2022-04-01,D010701,42,C,Media,False,42.627583,12.333333333333334,12.333333333333334,Media móvil,-29.666666666666664
2022-05-01,D010701,68,C,Media,False,32.834656,25.333333333333332,25.333333333333332,Media móvil,-42.66666666666667
2022-06-01,D010701,47,C,Media,False,31.334347,47.333333333333336,47.333333333333336,Media móvil,0.3333333333333357
2022-04-01,D015021,10,C,Media,False,3.5626993,13.0,13.0,Media móvil,3.0
2022-05-01,D015021,0,C,Media,False,1.4119916,9.333333333333334,9.333333333333334,Media móvil,9.333333333333334
2022-06-01,D015021,11,C,Media,False,4.8345165,3.3333333333333335,3.3333333333333335,Media móvil,-7.666666666666666
2022-04-01,D015701,168,B,Baja,True,167.6563,170.0,167.6562957763672,XGBoost,-0.3437042236328125
2022-05-01,D015701,115,B,Baja,True,174.75035,168.0,174.75035095214844,XGBoost,59.75035095214844
2022-06-01,D015701,88,B,Baja,True,166.58264,161.66666666666666,166.5826416015625,XGBoost,78.5826416015625
2022-04-01,D018101,0,C,Alta,True,0.812003,0.0,0.8120030164718628,XGBoost,0.8120030164718628
2022-05-01,D018101,0,C,Alta,True,0.85930777,0.0,0.8593077659606934,XGBoost,0.8593077659606934
2022-06-01,D018101,0,C,Alta,True,0.79948354,0.0,0.7994835376739502,XGBoost,0.7994835376739502
2022-04-01,D018221,1,C,Media,False,4.1559987,8.333333333333334,8.333333333333334,Media móvil,7.333333333333334
2022-05-01,D018221,7,C,Media,False,3.9433208,5.333333333333333,5.333333333333333,Media móvil,-1.666666666666667
2022-06-01,D018221,3,C,Media,False,5.2373195,5.0,5.0,Media móvil,2.0
2022-04-01,D020201,6,C,Media,False,7.1139174,8.666666666666666,8.666666666666666,Media móvil,2.666666666666666
2022-05-01,D020201,0,C,Media,False,4.866538,9.333333333333334,9.333333333333334,Media móvil,9.333333333333334
2022-06-01,D020201,6,C,Media,False,3.255588,6.666666666666667,6.666666666666667,Media móvil,0.666666666666667
2022-04-01,D020221,7,C,Baja,False,4.7930202,6.333333333333333,6.333333333333333,Media móvil,-0.666666666666667
2022-05-01,D020221,7,C,Baja,False,7.452837,5.333333333333333,5.333333333333333,Media móvil,-1.666666666666667
2022-06-01,D020221,3,C,Baja,False,6.7043586,7.0,7.0,Media móvil,4.0
2022-04-01,D023011,30,C,Alta,True,5.0886493,17.666666666666668,5.088649272918701,XGBoost,-24.9113507270813
2022-05-01,D023011,36,C,Alta,True,9.265141,24.666666666666668,9.265140533447266,XGBoost,-26.734859466552734
2022-06-01,D023011,2,C,Alta,True,6.203244,23.0,6.203244209289551,XGBoost,4.203244209289551
2022-04-01,D029701,7,C,Alta,True,5.8120255,10.666666666666666,5.812025547027588,XGBoost,-1.187974452972412
2022-05-01,D029701,61,C,Alta,True,4.4616213,10.333333333333334,4.461621284484863,XGBoost,-56.53837871551514
2022-06-01,D029701,38,C,Alta,True,16.314377,23.666666666666668,16.314376831054688,XGBoost,-21.685623168945312
2022-04-01,D031141,11,C,Media,False,8.7661495,14.333333333333334,14.333333333333334,Media móvil,3.333333333333334
2022-05-01,D031141,17,C,Media,False,12.885578,17.0,17.0,Media móvil,0.0
2022-06-01,D031141,35,C,Media,False,12.428809,19.333333333333332,19.333333333333332,Media móvil,-15.666666666666668
2022-04-01,D035701,0,C,Media,False,1.9668005,1.6666666666666667,1.6666666666666667,Media móvil,1.6666666666666667
2022-05-01,D035701,2,C,Media,False,1.4053278,1.3333333333333333,1.3333333333333333,Media móvil,-0.6666666666666667
2022-06-01,D035701,2,C,Media,False,1.7885664,1.3333333333333333,1.3333333333333333,Media móvil,-0.6666666666666667
2022-04-01,E0000003,6,C,Alta,True,0.44866782,0.0,0.44866782426834106,XGBoost,-5.551332175731659
2022-05-01,E0000003,0,C,Alta,True,0.549731,2.0,0.5497310161590576,XGBoost,0.5497310161590576
2022-06-01,E0000003,3,C,Alta,True,0.43410075,2.0,0.4341007471084595,XGBoost,-2.5658992528915405
2022-04-01,E0000017,32,C,Media,False,13.396341,14.666666666666666,14.666666666666666,Media móvil,-17.333333333333336
2022-05-01,E0000017,0,C,Media,False,16.599514,14.666666666666666,14.666666666666666,Media móvil,14.666666666666666
2022-06-01,E0000017,12,C,Media,False,17.628157,13.333333333333334,13.333333333333334,Media móvil,1.333333333333334
2022-04-01,E0000021,15,C,Media,False,3.7438154,6.666666666666667,6.666666666666667,Media móvil,-8.333333333333332
2022-05-01,E0000021,2,C,Media,False,7.7454586,8.0,8.0,Media móvil,6.0
2022-06-01,E0000021,4,C,Media,False,6.0101776,7.0,7.0,Media móvil,3.0
2022-04-01,E0000034,1,C,Alta,True,1.1674268,0.0,1.1674268245697021,XGBoost,0.16742682456970215
2022-05-01,E0000034,0,C,Alta,True,2.1633348,0.3333333333333333,2.163334846496582,XGBoost,2.163334846496582
2022-06-01,E0000034,0,C,Alta,True,1.1731784,0.3333333333333333,1.1731784343719482,XGBoost,1.1731784343719482
2022-04-01,E002011,128,B,Baja,True,130.05724,192.33333333333334,130.05723571777344,XGBoost,2.0572357177734375
2022-05-01,E002011,228,B,Baja,True,172.56187,130.66666666666666,172.56187438964844,XGBoost,-55.43812561035156
2022-06-01,E002011,166,B,Baja,True,192.79666,162.33333333333334,192.79666137695312,XGBoost,26.796661376953125
2022-04-01,E002012,124,B,Baja,True,161.86804,164.33333333333334,161.8680419921875,XGBoost,37.8680419921875
2022-05-01,E002012,212,B,Baja,True,164.76584,149.0,164.76583862304688,XGBoost,-47.234161376953125
2022-06-01,E002012,177,B,Baja,True,169.9493,166.0,169.9492950439453,XGBoost,-7.0507049560546875
2022-04-01,E007141,0,C,Media,False,10.304474,15.0,15.0,Media móvil,15.0
2022-05-01,E007141,23,C,Media,False,11.343413,13.0,13.0,Media móvil,-10.0
2022-06-01,E007141,39,C,Media,False,9.274782,11.333333333333334,11.333333333333334,Media móvil,-27.666666666666664
2022-04-01,E007231,6,C,Alta,True,0.49871594,0.3333333333333333,0.49871593713760376,XGBoost,-5.501284062862396
2022-05-01,E007231,0,C,Alta,True,0.52796555,2.0,0.5279655456542969,XGBoost,0.5279655456542969
2022-06-01,E007231,0,C,Alta,True,0.37618253,2.0,0.37618252635002136,XGBoost,0.37618252635002136
2022-04-01,E008011,614,A,Baja,True,438.5953,486.0,438.5953063964844,XGBoost,-175.40469360351562
2022-05-01,E008011,508,A,Baja,True,492.10364,543.6666666666666,492.1036376953125,XGBoost,-15.8963623046875
2022-06-01,E008011,326,A,Baja,True,485.56885,556.3333333333334,485.56884765625,XGBoost,159.56884765625
2022-04-01,E008012,81,C,Baja,False,63.705925,52.333333333333336,52.333333333333336,Media móvil,-28.666666666666664
2022-05-01,E008012,72,C,Baja,False,72.147095,68.0,68.0,Media móvil,-4.0
2022-06-01,E008012,36,C,Baja,False,66.70386,72.66666666666667,72.66666666666667,Media móvil,36.66666666666667
2022-04-01,E010721,0,C,Alta,True,0.3829199,0.0,0.38291990756988525,XGBoost,0.38291990756988525
2022-05-01,E010721,3,C,Alta,True,0.33313,0.0,0.33313000202178955,XGBoost,-2.6668699979782104
2022-06-01,E010721,0,C,Alta,True,0.25888124,1.0,0.25888124108314514,XGBoost,0.25888124108314514
2022-04-01,E020722,76,B,Baja,True,97.62665,119.0,97.62664794921875,XGBoost,21.62664794921875
2022-05-01,E020722,109,B,Baja,True,106.44034,99.33333333333333,106.44033813476562,XGBoost,-2.559661865234375
2022-06-01,E020722,93,B,Baja,True,119.3281,91.66666666666667,119.3281021118164,XGBoost,26.328102111816406
2022-04-01,E038162,2,C,Alta,True,16.00696,3.0,16.006959915161133,XGBoost,14.006959915161133
2022-05-01,E038162,13,C,Alta,True,13.809688,2.6666666666666665,13.809687614440918,XGBoost,0.809687614440918
2022-06-01,E038162,5,C,Alta,True,9.024188,6.0,9.024188041687012,XGBoost,4.024188041687012
2022-04-01,F0000005,1,C,Alta,True,0.4180218,0.6666666666666666,0.4180217981338501,XGBoost,-0.5819782018661499
2022-05-01,F0000005,1,C,Alta,True,0.31215176,1.0,0.3121517598628998,XGBoost,-0.6878482401371002
2022-06-01,F0000005,0,C,Alta,True,0.33341897,1.0,0.33341896533966064,XGBoost,0.33341896533966064
2022-04-01,F002141,68,B,Media,True,73.54712,93.33333333333333,73.547119140625,XGBoost,5.547119140625
2022-05-01,F002141,283,B,Media,True,113.70958,63.333333333333336,113.70957946777344,XGBoost,-169.29042053222656
2022-06-01,F002141,136,B,Media,True,142.25603,135.0,142.2560272216797,XGBoost,6.2560272216796875
2022-04-01,F002231,7,C,Media,False,1.9286106,3.0,3.0,Media móvil,-4.0
2022-05-01,F002231,0,C,Media,False,1.0240867,4.333333333333333,4.333333333333333,Media móvil,4.333333333333333
2022-06-01,F002231,0,C,Media,False,0.98685896,2.3333333333333335,2.3333333333333335,Media móvil,2.3333333333333335
2022-04-01,F008701,64,C,Baja,False,77.995316,62.0,62.0,Media móvil,-2.0
2022-05-01,F008701,82,C,Baja,False,76.44854,65.33333333333333,65.33333333333333,Media móvil,-16.66666666666667
2022-06-01,F008701,68,C,Baja,False,75.74794,75.33333333333333,75.33333333333333,Media móvil,7.333333333333329
2022-04-01,F009101,132,B,Baja,True,85.40948,94.33333333333333,85.40947723388672,XGBoost,-46.59052276611328
2022-05-01,F009101,156,B,Baja,True,105.64378,112.66666666666667,105.64378356933594,XGBoost,-50.35621643066406
2022-06-01,F009101,95,B,Baja,True,91.36955,127.0,91.36955261230469,XGBoost,-3.6304473876953125
2022-04-01,F009701,158,B,Baja,True,215.60266,282.6666666666667,215.6026611328125,XGBoost,57.6026611328125
2022-05-01,F009701,360,B,Baja,True,204.93477,228.0,204.9347686767578,XGBoost,-155.0652313232422
2022-06-01,F009701,339,B,Baja,True,234.58672,262.3333333333333,234.5867156982422,XGBoost,-104.41328430175781
2022-04-01,F013141,65,C,Media,False,3.7937007,5.0,5.0,Media móvil,-60.0
2022-05-01,F013141,20,C,Media,False,19.127415,25.333333333333332,25.333333333333332,Media móvil,5.333333333333332
2022-06-01,F013141,23,C,Media,False,13.245655,28.333333333333332,28.333333333333332,Media móvil,5.333333333333332
2022-04-01,F013201,0,C,Alta,True,0.31181714,0.0,0.31181713938713074,XGBoost,0.31181713938713074
2022-05-01,F013201,0,C,Alta,True,0.2128607,0.0,0.21286070346832275,XGBoost,0.21286070346832275
2022-06-01,F013201,0,C,Alta,True,0.22723931,0.0,0.22723931074142456,XGBoost,0.22723931074142456
2022-04-01,F014011,343,B,Baja,True,334.12006,296.6666666666667,334.12005615234375,XGBoost,-8.87994384765625
2022-05-01,F014011,457,B,Baja,True,353.9728,309.3333333333333,353.9728088378906,XGBoost,-103.02719116210938
2022-06-01,F014011,444,B,Baja,True,375.15677,380.3333333333333,375.1567687988281,XGBoost,-68.84323120117188
2022-04-01,F015011,7,C,Alta,True,0.6465148,0.0,0.6465147733688354,XGBoost,-6.3534852266311646
2022-05-01,F015011,0,C,Alta,True,0.77809286,2.3333333333333335,0.7780928611755371,XGBoost,0.7780928611755371
2022-06-01,F015011,0,C,Alta,True,0.67419314,2.3333333333333335,0.6741931438446045,XGBoost,0.6741931438446045
2022-04-01,F015701,0,C,Alta,True,7.2198515,11.0,7.219851493835449,XGBoost,7.219851493835449
2022-05-01,F015701,23,C,Alta,True,2.4962893,10.0,2.4962892532348633,XGBoost,-20.503710746765137
2022-06-01,F015701,20,C,Alta,True,1.3550069,13.333333333333334,1.3550069332122803,XGBoost,-18.64499306678772
2022-04-01,F017011,255,B,Baja,True,302.67993,321.3333333333333,302.679931640625,XGBoost,47.679931640625
2022-05-01,F017011,261,B,Baja,True,304.1895,299.0,304.18951416015625,XGBoost,43.18951416015625
2022-06-01,F017011,393,B,Baja,True,285.39432,281.6666666666667,285.3943176269531,XGBoost,-107.60568237304688
2022-04-01,F017701,1019,A,Baja,True,817.28723,806.6666666666666,817.2872314453125,XGBoost,-201.7127685546875
2022-05-01,F017701,1157,A,Baja,True,921.73145,834.3333333333334,921.7314453125,XGBoost,-235.2685546875
2022-06-01,F017701,1180,A,Baja,True,1015.7131,996.0,1015.7130737304688,XGBoost,-164.28692626953125
2022-04-01,G0000001,0,C,Alta,True,0.60638237,0.0,0.6063823699951172,XGBoost,0.6063823699951172
2022-05-01,G0000001,0,C,Alta,True,16.754984,0.0,16.75498390197754,XGBoost,16.75498390197754
2022-06-01,G0000001,0,C,Alta,True,10.617391,0.0,10.617390632629395,XGBoost,10.617390632629395
2022-04-01,G002011,0,C,Alta,True,0.29539898,0.0,0.2953989803791046,XGBoost,0.2953989803791046
2022-05-01,G002011,4,C,Alta,True,0.55534625,0.0,0.5553462505340576,XGBoost,-3.4446537494659424
2022-06-01,G002011,0,C,Alta,True,0.18840617,1.3333333333333333,0.18840616941452026,XGBoost,0.18840616941452026
2022-04-01,G003601,4,C,Media,False,3.6721992,2.3333333333333335,2.3333333333333335,Media móvil,-1.6666666666666665
2022-05-01,G003601,4,C,Media,False,3.4859405,3.3333333333333335,3.3333333333333335,Media móvil,-0.6666666666666665
2022-06-01,G003601,2,C,Media,False,3.3255758,3.3333333333333335,3.3333333333333335,Media móvil,1.3333333333333335
2022-04-01,G003703,107,B,Baja,True,82.43401,85.66666666666667,82.43401336669922,XGBoost,-24.56598663330078
2022-05-01,G003703,140,B,Baja,True,91.019264,84.66666666666667,91.0192642211914,XGBoost,-48.980735778808594
2022-06-01,G003703,89,B,Baja,True,105.27012,107.33333333333333,105.2701187133789,XGBoost,16.270118713378906
2022-04-01,G003704,19,C,Baja,False,22.230883,38.333333333333336,38.333333333333336,Media móvil,19.333333333333336
2022-05-01,G003704,39,C,Baja,False,32.450222,29.0,29.0,Media móvil,-10.0
2022-06-01,G003704,40,C,Baja,False,28.493519,26.0,26.0,Media móvil,-14.0
2022-04-01,G006702,0,C,Alta,True,0.1909876,0.0,0.19098760187625885,XGBoost,0.19098760187625885
2022-05-01,G006702,0,C,Alta,True,0.15880471,0.0,0.15880471467971802,XGBoost,0.15880471467971802
2022-06-01,G006702,1,C,Alta,True,0.14570783,0.0,0.14570783078670502,XGBoost,-0.854292169213295
2022-04-01,H0000002,477,B,Baja,True,187.78957,274.0,187.78956604003906,XGBoost,-289.21043395996094
2022-05-01,H0000002,147,B,Baja,True,286.28336,334.3333333333333,286.2833557128906,XGBoost,139.28335571289062
2022-06-01,H0000002,90,B,Baja,True,225.80376,268.0,225.8037567138672,XGBoost,135.8037567138672
2022-04-01,H0000004,19,C,Alta,True,9.204366,31.666666666666668,9.204365730285645,XGBoost,-9.795634269714355
2022-05-01,H0000004,12,C,Alta,True,4.499501,18.333333333333332,4.4995012283325195,XGBoost,-7.5004987716674805
2022-06-01,H0000004,0,C,Alta,True,19.020214,22.333333333333332,19.020214080810547,XGBoost,19.020214080810547
2022-04-01,H0000005,5,C,Alta,True,3.3258247,17.333333333333332,3.325824737548828,XGBoost,-1.6741752624511719
2022-05-01,H0000005,16,C,Alta,True,3.6646934,1.6666666666666667,3.6646933555603027,XGBoost,-12.335306644439697
2022-06-01,H0000005,0,C,Alta,True,2.7865767,7.0,2.786576747894287,XGBoost,2.786576747894287
2022-04-01,H001201,23,C,Baja,False,10.417084,11.666666666666666,11.666666666666666,Media móvil,-11.333333333333334
2022-05-01,H001201,9,C,Baja,False,14.394124,13.0,13.0,Media móvil,4.0
2022-06-01,H001201,17,C,Baja,False,14.56551,14.0,14.0,Media móvil,-3.0
2022-04-01,H001701,198,B,Baja,True,143.60904,168.0,143.60903930664062,XGBoost,-54.390960693359375
2022-05-01,H001701,110,B,Baja,True,154.9128,173.0,154.9127960205078,XGBoost,44.91279602050781
2022-06-01,H001701,212,B,Baja,True,132.74597,166.66666666666666,132.7459716796875,XGBoost,-79.2540283203125
2022-04-01,H004701,109,B,Baja,True,73.87315,77.0,73.87315368652344,XGBoost,-35.12684631347656
2022-05-01,H004701,118,B,Baja,True,83.25046,88.66666666666667,83.25045776367188,XGBoost,-34.749542236328125
2022-06-01,H004701,157,B,Baja,True,86.42238,106.66666666666667,86.42237854003906,XGBoost,-70.57762145996094
2022-04-01,H006011,78,B,Baja,True,118.21722,141.33333333333334,118.21721649169922,XGBoost,40.21721649169922
2022-05-01,H006011,157,B,Baja,True,131.17328,118.0,131.17327880859375,XGBoost,-25.82672119140625
2022-06-01,H006011,98,B,Baja,True,158.01292,132.33333333333334,158.01292419433594,XGBoost,60.01292419433594
2022-04-01,H007321,5,C,Alta,True,2.5470753,14.0,2.5470752716064453,XGBoost,-2.4529247283935547
2022-05-01,H007321,0,C,Alta,True,0.8913928,15.666666666666666,0.8913928270339966,XGBoost,0.8913928270339966
2022-06-01,H007321,0,C,Alta,True,1.6474929,9.333333333333334,1.6474928855895996,XGBoost,1.6474928855895996
2022-04-01,H008721,280,B,Baja,True,332.96545,387.6666666666667,332.9654541015625,XGBoost,52.9654541015625
2022-05-01,H008721,317,B,Baja,True,314.05014,349.6666666666667,314.0501403808594,XGBoost,-2.949859619140625
2022-06-01,H008721,304,B,Baja,True,333.574,344.6666666666667,333.5740051269531,XGBoost,29.574005126953125
2022-04-01,H011161,25,C,Media,False,50.70218,57.666666666666664,57.666666666666664,Media móvil,32.666666666666664
2022-05-01,H011161,97,C,Media,False,47.527313,45.0,45.0,Media móvil,-52.0
2022-06-01,H011161,161,C,Media,False,54.88246,58.333333333333336,58.333333333333336,Media móvil,-102.66666666666666
2022-04-01,H011201,1,C,Alta,True,1.1001742,1.0,1.1001741886138916,XGBoost,0.1001741886138916
2022-05-01,H011201,0,C,Alta,True,1.413264,1.0,1.4132640361785889,XGBoost,1.4132640361785889
2022-06-01,H011201,1,C,Alta,True,0.83446014,0.3333333333333333,0.8344601392745972,XGBoost,-0.16553986072540283
2022-04-01,H013021,23,C,Media,False,12.582446,15.333333333333334,15.333333333333334,Media móvil,-7.666666666666666
2022-05-01,H013021,35,C,Media,False,15.916822,23.0,23.0,Media móvil,-12.0
2022-06-01,H013021,0,C,Media,False,11.324684,29.333333333333332,29.333333333333332,Media móvil,29.333333333333332
2022-04-01,H013701,424,B,Baja,True,274.78217,244.66666666666666,274.78216552734375,XGBoost,-149.21783447265625
2022-05-01,H013701,336,B,Baja,True,343.77374,311.6666666666667,343.77374267578125,XGBoost,7.77374267578125
2022-06-01,H013701,265,B,Baja,True,338.12292,337.3333333333333,338.1229248046875,XGBoost,73.1229248046875
2022-04-01,H014701,31,C,Baja,False,17.028254,15.666666666666666,15.666666666666666,Media móvil,-15.333333333333334
2022-05-01,H014701,27,C,Baja,False,21.515322,19.666666666666668,19.666666666666668,Media móvil,-7.333333333333332
2022-06-01,H014701,18,C,Baja,False,23.514353,22.666666666666668,22.666666666666668,Media móvil,4.666666666666668
2022-04-01,H019701,559,A,Baja,True,390.374,432.6666666666667,390.3739929199219,XGBoost,-168.62600708007812
2022-05-01,H019701,534,A,Baja,True,478.57703,481.3333333333333,478.5770263671875,XGBoost,-55.4229736328125
2022-06-01,H019701,266,A,Baja,True,454.985,491.6666666666667,454.9849853515625,XGBoost,188.9849853515625
2022-04-01,I00000006,5,C,Media,False,2.844698,5.333333333333333,5.333333333333333,Media móvil,0.33333333333333304
2022-05-01,I00000006,1,C,Media,False,3.1964016,5.333333333333333,5.333333333333333,Media móvil,4.333333333333333
2022-06-01,I00000006,1,C,Media,False,2.7231505,4.0,4.0,Media móvil,3.0
2022-04-01,I00000007,3,C,Alta,True,1.4948359,0.6666666666666666,1.4948358535766602,XGBoost,-1.5051641464233398
2022-05-01,I00000007,4,C,Alta,True,2.228119,1.3333333333333333,2.228118896484375,XGBoost,-1.771881103515625
2022-06-01,I00000007,11,C,Alta,True,1.6953175,2.3333333333333335,1.6953175067901611,XGBoost,-9.304682493209839
2022-04-01,I0000012,0,C,Alta,True,0.25737166,0.0,0.2573716640472412,XGBoost,0.2573716640472412
2022-05-01,I0000012,0,C,Alta,True,0.2631183,0.0,0.26311829686164856,XGBoost,0.26311829686164856
2022-06-01,I0000012,0,C,Alta,True,0.24884246,0.0,0.24884246289730072,XGBoost,0.24884246289730072
2022-04-01,I002011,6,C,Alta,True,9.282907,27.666666666666668,9.282906532287598,XGBoost,3.2829065322875977
2022-05-01,I002011,38,C,Alta,True,1.0670092,8.333333333333334,1.0670092105865479,XGBoost,-36.93299078941345
2022-06-01,I002011,0,C,Alta,True,1.9548392,14.666666666666666,1.9548392295837402,XGBoost,1.9548392295837402
2022-04-01,I004721,228,C,Alta,True,4.064081,4.0,4.064081192016602,XGBoost,-223.9359188079834
2022-05-01,I004721,3,C,Alta,True,2.3639586,80.0,2.3639585971832275,XGBoost,-0.6360414028167725
2022-06-01,I004721,0,C,Alta,True,2.3173525,81.0,2.317352533340454,XGBoost,2.317352533340454
2022-04-01,I005022,0,C,Alta,True,0.0,8.333333333333334,0.0,XGBoost,0.0
2022-05-01,I005022,0,C,Alta,True,7.085244,0.3333333333333333,7.085244178771973,XGBoost,7.085244178771973
2022-06-01,I005022,0,C,Alta,True,7.8685246,0.3333333333333333,7.868524551391602,XGBoost,7.868524551391602
2022-04-01,I007701,3,C,Baja,False,3.428225,4.0,4.0,Media móvil,1.0
2022-05-01,I007701,6,C,Baja,False,4.3107176,3.6666666666666665,3.6666666666666665,Media móvil,-2.3333333333333335
2022-06-01,I007701,3,C,Baja,False,2.3413706,5.0,5.0,Media móvil,2.0
2022-04-01,I008701,15,C,Baja,False,14.88793,16.0,16.0,Media móvil,1.0
2022-05-01,I008701,12,C,Baja,False,15.721857,14.333333333333334,14.333333333333334,Media móvil,2.333333333333334
2022-06-01,I008701,16,C,Baja,False,15.246559,14.666666666666666,14.666666666666666,Media móvil,-1.333333333333334
2022-04-01,I009711,2,C,Alta,True,0.6783389,1.6666666666666667,0.678338885307312,XGBoost,-1.321661114692688
2022-05-01,I009711,0,C,Alta,True,1.0284798,1.0,1.028479814529419,XGBoost,1.028479814529419
2022-06-01,I009711,1,C,Alta,True,0.74873817,1.0,0.748738169670105,XGBoost,-0.251261830329895
2022-04-01,I017471,38,C,Baja,False,36.62149,47.333333333333336,47.333333333333336,Media móvil,9.333333333333336
2022-05-01,I017471,25,C,Baja,False,40.519566,43.666666666666664,43.666666666666664,Media móvil,18.666666666666664
2022-06-01,I017471,27,C,Baja,False,37.203667,37.0,37.0,Media móvil,10.0
2022-04-01,I020011,0,C,Media,False,7.812167,22.0,22.0,Media móvil,22.0
2022-05-01,I020011,7,C,Media,False,7.8948317,17.0,17.0,Media móvil,10.0
2022-06-01,I020011,0,C,Media,False,8.246564,12.666666666666666,12.666666666666666,Media móvil,12.666666666666666
2022-04-01,I020061,4,C,Media,False,3.8874183,4.666666666666667,4.666666666666667,Media móvil,0.666666666666667
2022-05-01,I020061,1,C,Media,False,2.7647858,5.0,5.0,Media móvil,4.0
2022-06-01,I020061,4,C,Media,False,4.200268,1.6666666666666667,1.6666666666666667,Media móvil,-2.333333333333333
2022-04-01,I021701,0,C,Alta,True,0.14246252,0.0,0.14246252179145813,XGBoost,0.14246252179145813
2022-05-01,I021701,1,C,Alta,True,0.115059964,0.0,0.11505996435880661,XGBoost,-0.8849400356411934
2022-06-01,I021701,0,C,Alta,True,0.06553542,0.3333333333333333,0.06553541868925095,XGBoost,0.06553541868925095
2022-04-01,J000006,0,C,Alta,True,0.05502679,0.0,0.055026788264513016,XGBoost,0.055026788264513016
2022-05-01,J000006,0,C,Alta,True,0.19053641,0.0,0.19053640961647034,XGBoost,0.19053640961647034
2022-06-01,J000006,0,C,Alta,True,1.9833763,0.0,1.9833762645721436,XGBoost,1.9833762645721436
2022-04-01,K0000008,76,C,Baja,False,50.754566,58.666666666666664,58.666666666666664,Media móvil,-17.333333333333336
2022-05-01,K0000008,87,C,Baja,False,63.443428,61.0,61.0,Media móvil,-26.0
2022-06-01,K0000008,61,C,Baja,False,56.44804,67.66666666666667,67.66666666666667,Media móvil,6.666666666666671
2022-04-01,K002101,0,C,Alta,True,1.5800552,0.0,1.5800552368164062,XGBoost,1.5800552368164062
2022-05-01,K002101,28,C,Alta,True,1.9167945,0.0,1.9167945384979248,XGBoost,-26.083205461502075
2022-06-01,K002101,0,C,Alta,True,1.3786664,9.333333333333334,1.3786664009094238,XGBoost,1.3786664009094238
2022-04-01,L0000005,17,C,Alta,True,0.6673372,0.0,0.66733717918396,XGBoost,-16.33266282081604
2022-05-01,L0000005,1,C,Alta,True,1.5573914,5.666666666666667,1.5573914051055908,XGBoost,0.5573914051055908
2022-06-01,L0000005,0,C,Alta,True,0.5675154,6.0,0.5675153732299805,XGBoost,0.5675153732299805
2022-04-01,L0000006,0,C,Alta,True,0.18567435,0.0,0.18567435443401337,XGBoost,0.18567435443401337
2022-05-01,L0000006,3,C,Alta,True,0.73115873,0.0,0.7311587333679199,XGBoost,-2.26884126663208
2022-06-01,L0000006,0,C,Alta,True,1.0859721,1.0,1.0859720706939697,XGBoost,1.0859720706939697
2022-04-01,L0000009,38,C,Alta,True,6.5607758,9.333333333333334,6.5607757568359375,XGBoost,-31.439224243164062
2022-05-01,L0000009,19,C,Alta,True,9.731299,19.333333333333332,9.73129940032959,XGBoost,-9.26870059967041
2022-06-01,L0000009,11,C,Alta,True,4.3472695,20.0,4.347269535064697,XGBoost,-6.652730464935303
2022-04-01,L000001,0,C,Alta,True,0.19630747,2.0,0.1963074654340744,XGBoost,0.1963074654340744
2022-05-01,L000001,0,C,Alta,True,0.7505232,0.0,0.7505232095718384,XGBoost,0.7505232095718384
2022-06-01,L000001,0,C,Alta,True,0.6753212,0.0,0.6753212213516235,XGBoost,0.6753212213516235
2022-04-01,L0000017,30,C,Baja,False,44.98076,26.0,26.0,Media móvil,-4.0
2022-05-01,L0000017,31,C,Baja,False,36.956753,24.333333333333332,24.333333333333332,Media móvil,-6.666666666666668
2022-06-01,L0000017,30,C,Baja,False,34.10163,30.333333333333332,30.333333333333332,Media móvil,0.33333333333333215
2022-04-01,L00006,0,C,Alta,True,0.094488256,0.3333333333333333,0.09448825567960739,XGBoost,0.09448825567960739
2022-05-01,L00006,0,C,Alta,True,0.04870859,0.0,0.04870859161019325,XGBoost,0.04870859161019325
2022-06-01,L00006,0,C,Alta,True,0.09461533,0.0,0.09461533278226852,XGBoost,0.09461533278226852
2022-04-01,L001141,0,C,Alta,True,1.1742666,0.0,1.1742665767669678,XGBoost,1.1742665767669678
2022-05-01,L001141,0,C,Alta,True,1.3342805,0.0,1.3342804908752441,XGBoost,1.3342804908752441
2022-06-01,L001141,0,C,Alta,True,0.998966,0.0,0.9989659786224365,XGBoost,0.9989659786224365
2022-04-01,L003011,56,C,Media,False,52.80846,85.66666666666667,85.66666666666667,Media móvil,29.66666666666667
2022-05-01,L003011,8,C,Media,False,53.974125,68.66666666666667,68.66666666666667,Media móvil,60.66666666666667
2022-06-01,L003011,0,C,Media,False,20.470383,39.666666666666664,39.666666666666664,Media móvil,39.666666666666664
2022-04-01,L004011,25,C,Alta,True,3.821209,0.0,3.821208953857422,XGBoost,-21.178791046142578
2022-05-01,L004011,0,C,Alta,True,4.861805,8.333333333333334,4.861804962158203,XGBoost,4.861804962158203
2022-06-01,L004011,0,C,Alta,True,3.9281611,8.333333333333334,3.928161144256592,XGBoost,3.928161144256592
2022-04-01,L004201,3,C,Media,False,1.6492555,1.6666666666666667,1.6666666666666667,Media móvil,-1.3333333333333333
2022-05-01,L004201,3,C,Media,False,2.0375721,1.6666666666666667,1.6666666666666667,Media móvil,-1.3333333333333333
2022-06-01,L004201,2,C,Media,False,1.8894737,2.3333333333333335,2.3333333333333335,Media móvil,0.3333333333333335
2022-04-01,L006011,342,B,Baja,True,312.75888,315.3333333333333,312.7588806152344,XGBoost,-29.241119384765625
2022-05-01,L006011,200,B,Baja,True,325.2136,340.0,325.2135925292969,XGBoost,125.21359252929688
2022-06-01,L006011,178,B,Baja,True,259.14603,297.6666666666667,259.1460266113281,XGBoost,81.14602661132812
2022-04-01,L006012,76,B,Baja,True,57.552868,114.0,57.5528678894043,XGBoost,-18.447132110595703
2022-05-01,L006012,32,B,Baja,True,80.83188,83.0,80.83187866210938,XGBoost,48.831878662109375
2022-06-01,L006012,57,B,Baja,True,48.25536,50.0,48.2553596496582,XGBoost,-8.744640350341797
2022-04-01,L015141,343,A,Baja,True,452.77863,549.3333333333334,452.77862548828125,XGBoost,109.77862548828125
2022-05-01,L015141,435,A,Baja,True,440.87256,448.3333333333333,440.87255859375,XGBoost,5.87255859375
2022-06-01,L015141,540,A,Baja,True,463.2921,494.0,463.2921142578125,XGBoost,-76.7078857421875
2022-04-01,L016011,213,B,Baja,True,136.47078,159.33333333333334,136.4707794189453,XGBoost,-76.52922058105469
2022-05-01,L016011,128,B,Baja,True,156.18794,170.66666666666666,156.1879425048828,XGBoost,28.187942504882812
2022-06-01,L016011,171,B,Baja,True,152.41174,157.0,152.4117431640625,XGBoost,-18.5882568359375
2022-04-01,L018011,0,C,Alta,True,0.68411577,0.0,0.6841157674789429,XGBoost,0.6841157674789429
2022-05-01,L018011,0,C,Alta,True,0.71102417,0.0,0.7110241651535034,XGBoost,0.7110241651535034
2022-06-01,L018011,0,C,Alta,True,1.1679957,0.0,1.1679956912994385,XGBoost,1.1679956912994385
2022-04-01,L021161,1797,A,Baja,True,1783.644,1947.6666666666667,1783.64404296875,XGBoost,-13.35595703125
2022-05-01,L021161,1857,A,Baja,True,1833.3156,1891.6666666666667,1833.3155517578125,XGBoost,-23.6844482421875
2022-06-01,L021161,1925,A,Baja,True,1794.0074,1878.6666666666667,1794.0074462890625,XGBoost,-130.9925537109375
2022-04-01,M0000005,1,C,Alta,True,5.7710233,5.333333333333333,5.771023273468018,XGBoost,4.771023273468018
2022-05-01,M0000005,1,C,Alta,True,4.9310474,4.0,4.931047439575195,XGBoost,3.9310474395751953
2022-06-01,M0000005,6,C,Alta,True,3.5297146,4.0,3.529714584350586,XGBoost,-2.470285415649414
2022-04-01,M0000009,0,C,Alta,True,0.710948,0.0,0.7109479904174805,XGBoost,0.7109479904174805
2022-05-01,M0000009,11,C,Alta,True,0.8185725,0.0,0.8185725212097168,XGBoost,-10.181427478790283
2022-06-01,M0000009,5,C,Alta,True,1.5809214,3.6666666666666665,1.5809214115142822,XGBoost,-3.4190785884857178
2022-04-01,M0000015,0,C,Alta,True,0.014190964,3.0,0.01419096440076828,XGBoost,0.01419096440076828
2022-05-01,M0000015,0,C,Alta,True,0.44030717,0.0,0.4403071701526642,XGBoost,0.4403071701526642
2022-06-01,M0000015,0,C,Alta,True,0.42768234,0.0,0.4276823401451111,XGBoost,0.4276823401451111
2022-04-01,M001701,317,B,Baja,True,425.53284,519.3333333333334,425.5328369140625,XGBoost,108.5328369140625
2022-05-01,M001701,351,B,Baja,True,371.78378,429.6666666666667,371.7837829589844,XGBoost,20.783782958984375
2022-06-01,M001701,413,B,Baja,True,365.01898,416.3333333333333,365.01898193359375,XGBoost,-47.98101806640625
2022-04-01,M002702,3,C,Media,False,6.3405004,4.666666666666667,4.666666666666667,Media móvil,1.666666666666667
2022-05-01,M002702,7,C,Media,False,3.6876678,5.666666666666667,5.666666666666667,Media móvil,-1.333333333333333
2022-06-01,M002702,18,C,Media,False,3.0430655,6.666666666666667,6.666666666666667,Media móvil,-11.333333333333332
2022-04-01,M009011,16,C,Alta,True,4.7329965,8.333333333333334,4.732996463775635,XGBoost,-11.267003536224365
2022-05-01,M009011,26,C,Alta,True,2.0983312,13.666666666666666,2.0983312129974365,XGBoost,-23.901668787002563
2022-06-01,M009011,0,C,Alta,True,1.8111453,17.666666666666668,1.811145305633545,XGBoost,1.811145305633545
2022-04-01,M011011,45,C,Media,False,34.340206,58.333333333333336,58.333333333333336,Media móvil,13.333333333333336
2022-05-01,M011011,4,C,Media,False,30.401684,32.0,32.0,Media móvil,28.0
2022-06-01,M011011,4,C,Media,False,9.961165,26.333333333333332,26.333333333333332,Media móvil,22.333333333333332
2022-04-01,M013721,49,C,Baja,False,34.465508,31.666666666666668,31.666666666666668,Media móvil,-17.333333333333332
2022-05-01,M013721,74,C,Baja,False,47.740955,35.333333333333336,35.333333333333336,Media móvil,-38.666666666666664
2022-06-01,M013721,33,C,Baja,False,29.779852,47.333333333333336,47.333333333333336,Media móvil,14.333333333333336
2022-04-01,M015011,0,C,Alta,True,0.66469,9.333333333333334,0.6646900177001953,XGBoost,0.6646900177001953
2022-05-01,M015011,9,C,Alta,True,1.2980735,0.3333333333333333,1.2980735301971436,XGBoost,-7.7019264698028564
2022-06-01,M015011,0,C,Alta,True,2.6139832,3.0,2.613983154296875,XGBoost,2.613983154296875
2022-04-01,M016011,20,C,Media,False,41.39649,32.0,32.0,Media móvil,12.0
2022-05-01,M016011,88,C,Media,False,38.4172,31.0,31.0,Media móvil,-57.0
2022-06-01,M016011,44,C,Media,False,40.030754,52.333333333333336,52.333333333333336,Media móvil,8.333333333333336
2022-04-01,M016701,1305,A,Baja,True,1028.1638,1054.6666666666667,1028.163818359375,XGBoost,-276.836181640625
2022-05-01,M016701,727,A,Baja,True,1086.3574,1159.0,1086.357421875,XGBoost,359.357421875
2022-06-01,M016701,546,A,Baja,True,964.04913,1044.3333333333333,964.0491333007812,XGBoost,418.04913330078125
2022-04-01,M017161,513,A,Baja,True,606.8168,560.6666666666666,606.8167724609375,XGBoost,93.8167724609375
2022-05-01,M017161,471,A,Baja,True,549.8074,530.3333333333334,549.807373046875,XGBoost,78.807373046875
2022-06-01,M017161,608,A,Baja,True,554.32465,549.6666666666666,554.3246459960938,XGBoost,-53.67535400390625
2022-04-01,M017162,13,C,Alta,True,5.0187345,5.0,5.018734455108643,XGBoost,-7.981265544891357
2022-05-01,M017162,7,C,Alta,True,6.082011,9.333333333333334,6.0820112228393555,XGBoost,-0.9179887771606445
2022-06-01,M017162,0,C,Alta,True,5.2656984,11.666666666666666,5.265698432922363,XGBoost,5.265698432922363
2022-04-01,M020012,201,B,Baja,True,99.514595,99.66666666666667,99.51459503173828,XGBoost,-101.48540496826172
2022-05-01,M020012,130,B,Baja,True,144.12941,133.66666666666666,144.12940979003906,XGBoost,14.129409790039062
2022-06-01,M020012,23,B,Baja,True,135.0698,143.33333333333334,135.06979370117188,XGBoost,112.06979370117188
2022-04-01,M020501,21,C,Media,False,4.4122996,5.333333333333333,5.333333333333333,Media móvil,-15.666666666666668
2022-05-01,M020501,6,C,Media,False,4.7533712,8.666666666666666,8.666666666666666,Media móvil,2.666666666666666
2022-06-01,M020501,7,C,Media,False,4.8670516,9.0,9.0,Media móvil,2.0
2022-04-01,M021701,262,B,Baja,True,210.76483,277.6666666666667,210.76483154296875,XGBoost,-51.23516845703125
2022-05-01,M021701,259,B,Baja,True,221.40277,257.3333333333333,221.40277099609375,XGBoost,-37.59722900390625
2022-06-01,M021701,151,B,Baja,True,212.72769,257.6666666666667,212.72769165039062,XGBoost,61.727691650390625
2022-04-01,M022232,1,C,Media,False,1.5597684,2.3333333333333335,2.3333333333333335,Media móvil,1.3333333333333335
2022-05-01,M022232,0,C,Media,False,1.4085968,2.3333333333333335,2.3333333333333335,Media móvil,2.3333333333333335
2022-06-01,M022232,4,C,Media,False,1.1319005,0.3333333333333333,0.3333333333333333,Media móvil,-3.6666666666666665
2022-04-01,M026161,95,B,Baja,True,107.52228,98.66666666666667,107.52227783203125,XGBoost,12.52227783203125
2022-05-01,M026161,138,B,Baja,True,101.52356,107.0,101.5235595703125,XGBoost,-36.4764404296875
2022-06-01,M026161,220,B,Baja,True,124.700775,117.66666666666667,124.70077514648438,XGBoost,-95.29922485351562
2022-04-01,M026541,0,C,Alta,True,0.103722006,1.3333333333333333,0.10372200608253479,XGBoost,0.10372200608253479
2022-05-01,M026541,0,C,Alta,True,0.024123609,1.3333333333333333,0.02412360906600952,XGBoost,0.02412360906600952
2022-06-01,M026541,0,C,Alta,True,0.18056352,0.0,0.1805635243654251,XGBoost,0.1805635243654251
2022-04-01,M026721,29,C,Media,False,29.915258,61.666666666666664,61.666666666666664,Media móvil,32.666666666666664
2022-05-01,M026721,15,C,Media,False,22.82363,63.666666666666664,63.666666666666664,Media móvil,48.666666666666664
2022-06-01,M026721,54,C,Media,False,37.718636,40.0,40.0,Media móvil,-14.0
2022-04-01,MAT527,1,C,Alta,True,0.21749999,0.0,0.2174999862909317,XGBoost,-0.7825000137090683
2022-05-01,MAT527,1,C,Alta,True,0.2927088,0.3333333333333333,0.2927088141441345,XGBoost,-0.7072911858558655
2022-06-01,MAT527,0,C,Alta,True,0.34353217,0.6666666666666666,0.34353217482566833,XGBoost,0.34353217482566833
2022-04-01,N0000002,0,C,Alta,True,0.11057541,0.3333333333333333,0.11057540774345398,XGBoost,0.11057540774345398
2022-05-01,N0000002,0,C,Alta,True,0.102233276,0.3333333333333333,0.10223327577114105,XGBoost,0.10223327577114105
2022-06-01,N0000002,0,C,Alta,True,0.10910268,0.0,0.10910268127918243,XGBoost,0.10910268127918243
2022-04-01,N0000003,625,A,Baja,True,846.3373,918.6666666666666,846.3372802734375,XGBoost,221.3372802734375
2022-05-01,N0000003,1255,A,Baja,True,805.4203,814.3333333333334,805.4202880859375,XGBoost,-449.5797119140625
2022-06-01,N0000003,1226,A,Baja,True,958.39966,1001.6666666666666,958.399658203125,XGBoost,-267.600341796875
2022-04-01,N0000018,4,C,Alta,True,0.42728028,0.3333333333333333,0.4272802770137787,XGBoost,-3.5727197229862213
2022-05-01,N0000018,61,C,Alta,True,9.637093,1.3333333333333333,9.637092590332031,XGBoost,-51.36290740966797
2022-06-01,N0000018,436,C,Alta,True,31.910088,21.666666666666668,31.91008758544922,XGBoost,-404.0899124145508
2022-04-01,N0000019,124,B,Baja,True,192.50163,224.33333333333334,192.5016326904297,XGBoost,68.50163269042969
2022-05-01,N0000019,151,B,Baja,True,199.85126,127.66666666666667,199.85125732421875,XGBoost,48.85125732421875
2022-06-01,N0000019,126,B,Baja,True,153.90756,164.0,153.90756225585938,XGBoost,27.907562255859375
2022-04-01,N0000020,63,B,Baja,True,121.525665,184.33333333333334,121.52566528320312,XGBoost,58.525665283203125
2022-05-01,N0000020,155,B,Baja,True,114.44889,136.0,114.44889068603516,XGBoost,-40.551109313964844
2022-06-01,N0000020,133,B,Baja,True,162.54573,97.33333333333333,162.5457305908203,XGBoost,29.545730590820312
2022-04-01,N0000030,66,B,Baja,True,207.2959,277.6666666666667,207.2958984375,XGBoost,141.2958984375
2022-05-01,N0000030,340,B,Baja,True,113.881836,197.0,113.8818359375,XGBoost,-226.1181640625
2022-06-01,N0000030,175,B,Baja,True,215.40363,229.66666666666666,215.40362548828125,XGBoost,40.40362548828125
2022-04-01,N001701,0,C,Alta,True,0.36872092,0.0,0.3687209188938141,XGBoost,0.3687209188938141
2022-05-01,N001701,2,C,Alta,True,0.528052,0.0,0.5280519723892212,XGBoost,-1.4719480276107788
2022-06-01,N001701,0,C,Alta,True,0.6907338,0.6666666666666666,0.690733790397644,XGBoost,0.690733790397644
2022-04-01,N002141,60,C,Media,False,20.098259,64.33333333333333,64.33333333333333,Media móvil,4.333333333333329
2022-05-01,N002141,30,C,Media,False,48.9323,44.0,44.0,Media móvil,14.0
2022-06-01,N002141,1,C,Media,False,51.301525,34.666666666666664,34.666666666666664,Media móvil,33.666666666666664
2022-04-01,N008141,572,B,Media,True,408.9697,537.6666666666666,408.9696960449219,XGBoost,-163.03030395507812
2022-05-01,N008141,135,B,Media,True,418.0725,587.0,418.072509765625,XGBoost,283.072509765625
2022-06-01,N008141,102,B,Media,True,303.11047,553.3333333333334,303.1104736328125,XGBoost,201.1104736328125
2022-04-01,N009231,20,C,Baja,False,18.011206,19.333333333333332,19.333333333333332,Media móvil,-0.6666666666666679
2022-05-01,N009231,23,C,Baja,False,15.685955,16.666666666666668,16.666666666666668,Media móvil,-6.333333333333332
2022-06-01,N009231,13,C,Baja,False,22.036615,18.333333333333332,18.333333333333332,Media móvil,5.333333333333332
2022-04-01,N009321,1,C,Media,False,1.6971714,2.0,2.0,Media móvil,1.0
2022-05-01,N009321,7,C,Media,False,1.6048307,1.6666666666666667,1.6666666666666667,Media móvil,-5.333333333333333
2022-06-01,N009321,1,C,Media,False,1.9365008,4.0,4.0,Media móvil,3.0
2022-04-01,N010142,0,C,Alta,True,0.6040412,0.0,0.6040412187576294,XGBoost,0.6040412187576294
2022-05-01,N010142,0,C,Alta,True,0.52814686,0.0,0.5281468629837036,XGBoost,0.5281468629837036
2022-06-01,N010142,0,C,Alta,True,0.46767592,0.0,0.46767592430114746,XGBoost,0.46767592430114746
2022-04-01,N011701,1,C,Alta,True,0.723758,1.0,0.7237579822540283,XGBoost,-0.2762420177459717
2022-05-01,N011701,0,C,Alta,True,0.46373987,1.3333333333333333,0.46373987197875977,XGBoost,0.46373987197875977
2022-06-01,N011701,2,C,Alta,True,0.4078209,0.6666666666666666,0.4078209102153778,XGBoost,-1.5921790897846222
2022-04-01,P0000002,0,C,Media,False,1.7628675,3.3333333333333335,3.3333333333333335,Media móvil,3.3333333333333335
2022-05-01,P0000002,4,C,Media,False,1.1908419,2.6666666666666665,2.6666666666666665,Media móvil,-1.3333333333333335
2022-06-01,P0000002,1,C,Media,False,1.4375637,2.3333333333333335,2.3333333333333335,Media móvil,1.3333333333333335
2022-04-01,P0000003,2,C,Alta,True,0.26054052,0.0,0.26054051518440247,XGBoost,-1.7394594848155975
2022-05-01,P0000003,0,C,Alta,True,0.7750807,0.6666666666666666,0.775080680847168,XGBoost,0.775080680847168
2022-06-01,P0000003,0,C,Alta,True,0.8627782,0.6666666666666666,0.8627781867980957,XGBoost,0.8627781867980957
2022-04-01,P0000013,19,C,Media,False,6.794183,10.333333333333334,10.333333333333334,Media móvil,-8.666666666666666
2022-05-01,P0000013,0,C,Media,False,4.032422,7.0,7.0,Media móvil,7.0
2022-06-01,P0000013,15,C,Media,False,4.659061,7.0,7.0,Media móvil,-8.0
2022-04-01,P0000020,0,C,Alta,True,0.4167876,0.0,0.41678759455680847,XGBoost,0.41678759455680847
2022-05-01,P0000020,0,C,Alta,True,0.56747067,0.0,0.5674706697463989,XGBoost,0.5674706697463989
2022-06-01,P0000020,70,C,Alta,True,0.31588084,0.0,0.31588083505630493,XGBoost,-69.6841191649437
2022-04-01,P0000025,39,C,Alta,True,2.1027255,7.0,2.1027255058288574,XGBoost,-36.89727449417114
2022-05-01,P0000025,93,C,Alta,True,5.2320123,19.333333333333332,5.2320122718811035,XGBoost,-87.7679877281189
2022-06-01,P0000025,37,C,Alta,True,2.2902918,50.333333333333336,2.2902917861938477,XGBoost,-34.70970821380615
2022-04-01,P001701,1,C,Alta,True,0.34657392,0.0,0.34657391905784607,XGBoost,-0.6534260809421539
2022-05-01,P001701,1,C,Alta,True,0.16365276,0.3333333333333333,0.16365276277065277,XGBoost,-0.8363472372293472
2022-06-01,P001701,0,C,Alta,True,0.45309687,0.6666666666666666,0.453096866607666,XGBoost,0.453096866607666
2022-04-01,P005721,1,C,Alta,True,0.21890914,0.3333333333333333,0.2189091444015503,XGBoost,-0.7810908555984497
2022-05-01,P005721,0,C,Alta,True,0.17127274,0.6666666666666666,0.17127273976802826,XGBoost,0.17127273976802826
2022-06-01,P005721,0,C,Alta,True,0.058781937,0.6666666666666666,0.0587819367647171,XGBoost,0.0587819367647171
2022-04-01,P005722,5,C,Alta,True,1.709744,0.6666666666666666,1.7097439765930176,XGBoost,-3.2902560234069824
2022-05-01,P005722,9,C,Alta,True,1.8650541,1.6666666666666667,1.8650541305541992,XGBoost,-7.134945869445801
2022-06-01,P005722,2,C,Alta,True,2.3627589,4.666666666666667,2.3627588748931885,XGBoost,0.3627588748931885
2022-04-01,P007721,130,B,Media,True,54.052402,17.333333333333332,54.05240249633789,XGBoost,-75.94759750366211
2022-05-01,P007721,352,B,Media,True,344.85553,54.0,344.85552978515625,XGBoost,-7.14447021484375
2022-06-01,P007721,822,B,Media,True,222.47784,168.33333333333334,222.47784423828125,XGBoost,-599.5221557617188
2022-04-01,P012141,0,C,Alta,True,0.0,2.3333333333333335,0.0,XGBoost,0.0
2022-05-01,P012141,0,C,Alta,True,0.20668818,0.0,0.20668818056583405,XGBoost,0.20668818056583405
2022-06-01,P012141,0,C,Alta,True,0.18994957,0.0,0.18994957208633423,XGBoost,0.18994957208633423
2022-04-01,P012231,1,C,Alta,True,0.13143282,0.0,0.13143281638622284,XGBoost,-0.8685671836137772
2022-05-01,P012231,0,C,Alta,True,0.10741638,0.3333333333333333,0.10741637647151947,XGBoost,0.10741637647151947
2022-06-01,P012231,0,C,Alta,True,0.022690075,0.3333333333333333,0.022690074518322945,XGBoost,0.022690074518322945
2022-04-01,P022701,1786,A,Baja,True,2078.3916,2331.6666666666665,2078.3916015625,XGBoost,292.3916015625
2022-05-01,P022701,2133,A,Baja,True,2151.9124,2101.0,2151.912353515625,XGBoost,18.912353515625
2022-06-01,P022701,1759,A,Baja,True,2196.1938,2179.6666666666665,2196.19384765625,XGBoost,437.19384765625
2022-04-01,P026011,696,A,Baja,True,916.23126,1021.0,916.2312622070312,XGBoost,220.23126220703125
2022-05-01,P026011,1139,A,Baja,True,875.5271,919.3333333333334,875.527099609375,XGBoost,-263.472900390625
2022-06-01,P026011,1294,A,Baja,True,982.9653,990.0,982.9652709960938,XGBoost,-311.03472900390625
2022-04-01,P027011,702,A,Baja,True,624.0281,542.6666666666666,624.028076171875,XGBoost,-77.971923828125
2022-05-01,P027011,441,A,Baja,True,673.8057,584.6666666666666,673.8057250976562,XGBoost,232.80572509765625
2022-06-01,P027011,300,A,Baja,True,658.0315,573.6666666666666,658.031494140625,XGBoost,358.031494140625
2022-04-01,P035011,114,B,Baja,True,131.50534,98.66666666666667,131.50534057617188,XGBoost,17.505340576171875
2022-05-01,P035011,85,B,Baja,True,147.2801,107.33333333333333,147.2801055908203,XGBoost,62.28010559082031
2022-06-01,P035011,144,B,Baja,True,112.92169,113.33333333333333,112.92169189453125,XGBoost,-31.07830810546875
2022-04-01,P036701,2,C,Media,False,0.53526187,1.0,1.0,Media móvil,-1.0
2022-05-01,P036701,0,C,Media,False,0.3755509,1.3333333333333333,1.3333333333333333,Media móvil,1.3333333333333333
2022-06-01,P036701,1,C,Media,False,0.36368644,1.0,1.0,Media móvil,0.0
2022-04-01,P039701,52,C,Baja,False,45.830948,64.33333333333333,64.33333333333333,Media móvil,12.333333333333329
2022-05-01,P039701,23,C,Baja,False,44.61207,59.0,59.0,Media móvil,36.0
2022-06-01,P039701,29,C,Baja,False,28.60258,52.0,52.0,Media móvil,23.0
2022-04-01,R0000009,0,C,Alta,True,0.6530006,16.0,0.6530005931854248,XGBoost,0.6530005931854248
2022-05-01,R0000009,0,C,Alta,True,1.0109406,2.0,1.0109405517578125,XGBoost,1.0109405517578125
2022-06-01,R0000009,0,C,Alta,True,0.907431,0.0,0.9074310064315796,XGBoost,0.9074310064315796
2022-04-01,R0000014,19,C,Media,False,6.7745876,17.333333333333332,17.333333333333332,Media móvil,-1.6666666666666679
2022-05-01,R0000014,0,C,Media,False,4.2818203,17.333333333333332,17.333333333333332,Media móvil,17.333333333333332
2022-06-01,R0000014,0,C,Media,False,8.909938,16.666666666666668,16.666666666666668,Media móvil,16.666666666666668
2022-04-01,R001011,331,A,Baja,True,583.7215,581.3333333333334,583.7214965820312,XGBoost,252.72149658203125
2022-05-01,R001011,366,A,Baja,True,556.35724,520.6666666666666,556.3572387695312,XGBoost,190.35723876953125
2022-06-01,R001011,279,A,Baja,True,509.1097,465.3333333333333,509.1097106933594,XGBoost,230.10971069335938
2022-04-01,R001701,1597,A,Baja,True,1562.4401,1727.3333333333333,1562.4400634765625,XGBoost,-34.5599365234375
2022-05-01,R001701,1268,A,Baja,True,1628.7059,1618.6666666666667,1628.7059326171875,XGBoost,360.7059326171875
2022-06-01,R001701,1342,A,Baja,True,1595.3932,1455.0,1595.3931884765625,XGBoost,253.3931884765625
2022-04-01,R002251,58,B,Media,True,37.451862,58.666666666666664,37.45186233520508,XGBoost,-20.548137664794922
2022-05-01,R002251,71,B,Media,True,76.15093,44.333333333333336,76.15093231201172,XGBoost,5.150932312011719
2022-06-01,R002251,292,B,Media,True,78.27505,53.666666666666664,78.2750473022461,XGBoost,-213.7249526977539
2022-04-01,R005101,38,C,Alta,True,4.0051765,12.0,4.005176544189453,XGBoost,-33.99482345581055
2022-05-01,R005101,2,C,Alta,True,8.247766,24.666666666666668,8.24776554107666,XGBoost,6.24776554107666
2022-06-01,R005101,32,C,Alta,True,11.484578,13.333333333333334,11.484578132629395,XGBoost,-20.515421867370605
2022-04-01,R008703,30,C,Baja,False,45.728863,72.66666666666667,72.66666666666667,Media móvil,42.66666666666667
2022-05-01,R008703,45,C,Baja,False,37.9484,54.333333333333336,54.333333333333336,Media móvil,9.333333333333336
2022-06-01,R008703,31,C,Baja,False,55.385353,43.666666666666664,43.666666666666664,Media móvil,12.666666666666664
2022-04-01,R009141,0,C,Alta,True,0.752277,0.0,0.7522770166397095,XGBoost,0.7522770166397095
2022-05-01,R009141,0,C,Alta,True,0.7269355,0.0,0.7269355058670044,XGBoost,0.7269355058670044
2022-06-01,R009141,0,C,Alta,True,0.7701131,0.0,0.7701131105422974,XGBoost,0.7701131105422974
2022-04-01,S0000002,0,C,Alta,True,0.1476631,0.0,0.14766310155391693,XGBoost,0.14766310155391693
2022-05-01,S0000002,0,C,Alta,True,0.0,0.0,0.0,XGBoost,0.0
2022-06-01,S0000002,0,C,Alta,True,0.24569026,0.0,0.245690256357193,XGBoost,0.245690256357193
2022-04-01,S0000012,4,C,Media,False,2.359883,1.6666666666666667,1.6666666666666667,Media móvil,-2.333333333333333
2022-05-01,S0000012,0,C,Media,False,2.009812,2.6666666666666665,2.6666666666666665,Media móvil,2.6666666666666665
2022-06-01,S0000012,0,C,Media,False,1.7773156,1.6666666666666667,1.6666666666666667,Media móvil,1.6666666666666667
2022-04-01,S003701,505,A,Baja,True,419.0937,454.0,419.09368896484375,XGBoost,-85.90631103515625
2022-05-01,S003701,541,A,Baja,True,413.89545,420.6666666666667,413.89544677734375,XGBoost,-127.10455322265625
2022-06-01,S003701,852,A,Baja,True,452.6817,485.6666666666667,452.68170166015625,XGBoost,-399.31829833984375
2022-04-01,S004702,1463,A,Baja,True,1369.7751,1489.6666666666667,1369.775146484375,XGBoost,-93.224853515625
2022-05-01,S004702,1454,A,Baja,True,1459.2363,1435.0,1459.236328125,XGBoost,5.236328125
2022-06-01,S004702,1405,A,Baja,True,1434.0647,1420.6666666666667,1434.064697265625,XGBoost,29.064697265625
2022-04-01,S010721,47,C,Media,False,26.523996,37.0,37.0,Media móvil,-10.0
2022-05-01,S010721,55,C,Media,False,22.471317,45.0,45.0,Media móvil,-10.0
2022-06-01,S010721,50,C,Media,False,31.542953,55.333333333333336,55.333333333333336,Media móvil,5.333333333333336
2022-04-01,S013701,0,C,Alta,True,0.3274229,0.0,0.3274228870868683,XGBoost,0.3274228870868683
2022-05-01,S013701,1,C,Alta,True,0.2691363,0.0,0.26913630962371826,XGBoost,-0.7308636903762817
2022-06-01,S013701,3,C,Alta,True,0.29967222,0.3333333333333333,0.2996722161769867,XGBoost,-2.7003277838230133
2022-04-01,S014011,183,A,Baja,True,468.90753,560.3333333333334,468.90753173828125,XGBoost,285.90753173828125
2022-05-01,S014011,801,A,Baja,True,358.04413,453.3333333333333,358.04412841796875,XGBoost,-442.95587158203125
2022-06-01,S014011,708,A,Baja,True,476.4106,524.6666666666666,476.4106140136719,XGBoost,-231.58938598632812
2022-04-01,S020011,0,C,Alta,True,1.1073251,4.0,1.1073250770568848,XGBoost,1.1073250770568848
2022-05-01,S020011,0,C,Alta,True,1.5474396,1.3333333333333333,1.5474395751953125,XGBoost,1.5474395751953125
2022-06-01,S020011,22,C,Alta,True,2.0433173,0.0,2.0433173179626465,XGBoost,-19.956682682037354
2022-04-01,T0000001,0,C,Media,False,8.7753,7.666666666666667,7.666666666666667,Media móvil,7.666666666666667
2022-05-01,T0000001,20,C,Media,False,9.386707,5.333333333333333,5.333333333333333,Media móvil,-14.666666666666668
2022-06-01,T0000001,33,C,Media,False,10.502816,9.0,9.0,Media móvil,-24.0
2022-04-01,T0000003,0,C,Alta,True,0.5840771,0.0,0.5840771198272705,XGBoost,0.5840771198272705
2022-05-01,T0000003,0,C,Alta,True,0.6038153,0.0,0.6038153171539307,XGBoost,0.6038153171539307
2022-06-01,T0000003,0,C,Alta,True,0.4861871,0.0,0.4861871004104614,XGBoost,0.4861871004104614
2022-04-01,T0000006,0,C,Alta,True,0.31722125,0.0,0.3172212541103363,XGBoost,0.3172212541103363
2022-05-01,T0000006,0,C,Alta,True,0.36784294,0.0,0.3678429424762726,XGBoost,0.3678429424762726
2022-06-01,T0000006,0,C,Alta,True,0.3304482,0.0,0.3304482102394104,XGBoost,0.3304482102394104
2022-04-01,T0000007,0,C,Alta,True,0.18955769,0.0,0.18955768644809723,XGBoost,0.18955768644809723
2022-05-01,T0000007,0,C,Alta,True,0.17244817,0.0,0.17244817316532135,XGBoost,0.17244817316532135
2022-06-01,T0000007,0,C,Alta,True,0.15919714,0.0,0.159197136759758,XGBoost,0.159197136759758
2022-04-01,T001011,0,C,Alta,True,1.1445086,6.333333333333333,1.1445086002349854,XGBoost,1.1445086002349854
2022-05-01,T001011,0,C,Alta,True,0.9125639,6.333333333333333,0.9125639200210571,XGBoost,0.9125639200210571
2022-06-01,T001011,0,C,Alta,True,1.008518,2.0,1.0085179805755615,XGBoost,1.0085179805755615
2022-04-01,T002012,25,C,Alta,True,0.5942774,0.0,0.5942773818969727,XGBoost,-24.405722618103027
2022-05-01,T002012,0,C,Alta,True,0.16375384,8.333333333333334,0.16375383734703064,XGBoost,0.16375383734703064
2022-06-01,T002012,0,C,Alta,True,0.29712832,8.333333333333334,0.2971283197402954,XGBoost,0.2971283197402954
2022-04-01,T004151,17,C,Alta,True,1.2047007,0.0,1.2047007083892822,XGBoost,-15.795299291610718
2022-05-01,T004151,0,C,Alta,True,1.1087894,5.666666666666667,1.1087894439697266,XGBoost,1.1087894439697266
2022-06-01,T004151,0,C,Alta,True,0.41585958,5.666666666666667,0.415859580039978,XGBoost,0.415859580039978
2022-04-01,T005461,0,C,Alta,True,0.13536385,0.3333333333333333,0.1353638470172882,XGBoost,0.1353638470172882
2022-05-01,T005461,0,C,Alta,True,0.082418144,0.3333333333333333,0.08241814374923706,XGBoost,0.08241814374923706
2022-06-01,T005461,1,C,Alta,True,0.06471735,0.3333333333333333,0.0647173523902893,XGBoost,-0.9352826476097107
2022-04-01,T005701,0,C,Alta,True,0.13536385,0.3333333333333333,0.1353638470172882,XGBoost,0.1353638470172882
2022-05-01,T005701,0,C,Alta,True,0.082418144,0.3333333333333333,0.08241814374923706,XGBoost,0.08241814374923706
2022-06-01,T005701,1,C,Alta,True,0.06471735,0.3333333333333333,0.0647173523902893,XGBoost,-0.9352826476097107
2022-04-01,T008101,0,C,Alta,True,0.14246252,0.0,0.14246252179145813,XGBoost,0.14246252179145813
2022-05-01,T008101,0,C,Alta,True,0.115059964,0.0,0.11505996435880661,XGBoost,0.11505996435880661
2022-06-01,T008101,0,C,Alta,True,0.1024575,0.0,0.10245750099420547,XGBoost,0.10245750099420547
2022-04-01,T009141,9,C,Alta,True,7.7060356,27.666666666666668,7.706035614013672,XGBoost,-1.2939643859863281
2022-05-01,T009141,14,C,Alta,True,8.131911,14.0,8.131911277770996,XGBoost,-5.868088722229004
2022-06-01,T009141,31,C,Alta,True,7.206952,10.0,7.206952095031738,XGBoost,-23.79304790496826
2022-04-01,T009701,12,C,Media,False,6.5188766,7.0,7.0,Media móvil,-5.0
2022-05-01,T009701,20,C,Media,False,17.876202,4.333333333333333,4.333333333333333,Media móvil,-15.666666666666668
2022-06-01,T009701,6,C,Media,False,6.262967,11.0,11.0,Media móvil,5.0
2022-04-01,T011602,0,C,Alta,True,0.14246252,0.0,0.14246252179145813,XGBoost,0.14246252179145813
2022-05-01,T011602,0,C,Alta,True,0.115059964,0.0,0.11505996435880661,XGBoost,0.11505996435880661
2022-06-01,T011602,0,C,Alta,True,0.1024575,0.0,0.10245750099420547,XGBoost,0.10245750099420547
2022-04-01,T012011,20,C,Media,False,8.763363,17.333333333333332,17.333333333333332,Media móvil,-2.666666666666668
2022-05-01,T012011,39,C,Media,False,18.24718,18.0,18.0,Media móvil,-21.0
2022-06-01,T012011,74,C,Media,False,17.218945,22.333333333333332,22.333333333333332,Media móvil,-51.66666666666667
2022-04-01,T019701,1,C,Alta,True,0.21525845,0.3333333333333333,0.21525844931602478,XGBoost,-0.7847415506839752
2022-05-01,T019701,0,C,Alta,True,0.26196864,0.6666666666666666,0.2619686424732208,XGBoost,0.2619686424732208
2022-06-01,T019701,0,C,Alta,True,0.14507365,0.3333333333333333,0.14507365226745605,XGBoost,0.14507365226745605
2022-04-01,T020201,2,C,Media,False,3.5200372,2.6666666666666665,2.6666666666666665,Media móvil,0.6666666666666665
2022-05-01,T020201,5,C,Media,False,4.671993,3.0,3.0,Media móvil,-2.0
2022-06-01,T020201,1,C,Media,False,4.149701,3.0,3.0,Media móvil,2.0
2022-04-01,T020701,930,A,Baja,True,1032.5205,1080.0,1032.5205078125,XGBoost,102.5205078125
2022-05-01,T020701,890,A,Baja,True,1064.2903,1020.0,1064.290283203125,XGBoost,174.290283203125
2022-06-01,T020701,1032,A,Baja,True,1043.722,948.3333333333334,1043.7220458984375,XGBoost,11.7220458984375
2022-04-01,T020702,15,C,Media,False,61.332237,102.33333333333333,102.33333333333333,Media móvil,87.33333333333333
2022-05-01,T020702,26,C,Media,False,30.535854,69.66666666666667,69.66666666666667,Media móvil,43.66666666666667
2022-06-01,T020702,31,C,Media,False,45.756756,49.666666666666664,49.666666666666664,Media móvil,18.666666666666664
2022-04-01,T023011,506,B,Baja,True,309.7893,330.0,309.789306640625,XGBoost,-196.210693359375
2022-05-01,T023011,309,B,Baja,True,374.41528,401.3333333333333,374.415283203125,XGBoost,65.415283203125
2022-06-01,T023011,328,B,Baja,True,366.29736,361.6666666666667,366.29736328125,XGBoost,38.29736328125
2022-04-01,T025011,0,C,Alta,True,0.5195693,6.333333333333333,0.5195692777633667,XGBoost,0.5195692777633667
2022-05-01,T025011,0,C,Alta,True,0.78628385,3.0,0.7862838506698608,XGBoost,0.7862838506698608
2022-06-01,T025011,0,C,Alta,True,0.617991,0.0,0.6179909706115723,XGBoost,0.6179909706115723
2022-04-01,V000000013,24,C,Alta,True,10.429304,20.0,10.429304122924805,XGBoost,-13.570695877075195
2022-05-01,V000000013,58,C,Alta,True,7.7960005,28.0,7.7960004806518555,XGBoost,-50.203999519348145
2022-06-01,V000000013,57,C,Alta,True,4.1032195,46.666666666666664,4.103219509124756,XGBoost,-52.896780490875244
2022-04-01,V0000002,0,C,Alta,True,0.0,0.0,0.0,XGBoost,0.0
2022-05-01,V0000002,0,C,Alta,True,0.16355804,0.0,0.16355803608894348,XGBoost,0.16355803608894348
2022-06-01,V0000002,0,C,Alta,True,0.15040742,0.0,0.15040741860866547,XGBoost,0.15040741860866547
2022-04-01,V0000004,0,C,Media,False,13.495837,12.333333333333334,12.333333333333334,Media móvil,12.333333333333334
2022-05-01,V0000004,22,C,Media,False,10.130127,10.333333333333334,10.333333333333334,Media móvil,-11.666666666666666
2022-06-01,V0000004,18,C,Media,False,10.927707,14.666666666666666,14.666666666666666,Media móvil,-3.333333333333334
2022-04-01,V0000005,0,C,Alta,True,2.1857545,9.333333333333334,2.1857545375823975,XGBoost,2.1857545375823975
2022-05-01,V0000005,0,C,Alta,True,3.8931108,0.6666666666666666,3.893110752105713,XGBoost,3.893110752105713
2022-06-01,V0000005,29,C,Alta,True,5.2137575,0.0,5.213757514953613,XGBoost,-23.786242485046387
2022-04-01,V0000011,138,C,Alta,True,12.547886,30.0,12.54788589477539,XGBoost,-125.45211410522461
2022-05-01,V0000011,36,C,Alta,True,5.8128643,60.666666666666664,5.812864303588867,XGBoost,-30.187135696411133
2022-06-01,V0000011,0,C,Alta,True,5.8176746,63.333333333333336,5.81767463684082,XGBoost,5.81767463684082
2022-04-01,V0000012,49,C,Baja,False,49.219196,46.666666666666664,46.666666666666664,Media móvil,-2.3333333333333357
2022-05-01,V0000012,70,C,Baja,False,47.529293,42.666666666666664,42.666666666666664,Media móvil,-27.333333333333336
2022-06-01,V0000012,80,C,Baja,False,53.77816,59.0,59.0,Media móvil,-21.0
2022-04-01,V0000013,4,C,Alta,True,0.71521854,0.6666666666666666,0.7152185440063477,XGBoost,-3.2847814559936523
2022-05-01,V0000013,0,C,Alta,True,4.4681726,2.0,4.468172550201416,XGBoost,4.468172550201416
2022-06-01,V0000013,0,C,Alta,True,3.0801458,1.3333333333333333,3.080145835876465,XGBoost,3.080145835876465
2022-04-01,V011141,584,B,Media,True,314.9001,302.3333333333333,314.90008544921875,XGBoost,-269.09991455078125
2022-05-01,V011141,237,B,Media,True,356.23068,418.0,356.2306823730469,XGBoost,119.23068237304688
2022-06-01,V011141,552,B,Media,True,338.68726,435.3333333333333,338.687255859375,XGBoost,-213.312744140625
2022-04-01,V012221,2,C,Media,False,6.635523,7.0,7.0,Media móvil,5.0
2022-05-01,V012221,22,C,Media,False,6.5568504,5.666666666666667,5.666666666666667,Media móvil,-16.333333333333332
2022-06-01,V012221,18,C,Media,False,7.9268217,10.333333333333334,10.333333333333334,Media móvil,-7.666666666666666
2022-04-01,V013721,1887,A,Baja,True,1582.8076,1748.3333333333333,1582.8076171875,XGBoost,-304.1923828125
2022-05-01,V013721,1716,A,Baja,True,1754.0422,1736.6666666666667,1754.042236328125,XGBoost,38.042236328125
2022-06-01,V013721,1372,A,Baja,True,1716.9417,1779.6666666666667,1716.941650390625,XGBoost,344.941650390625
2022-04-01,V015721,106,B,Media,True,118.77277,260.3333333333333,118.77277374267578,XGBoost,12.772773742675781
2022-05-01,V015721,203,B,Media,True,153.86694,165.33333333333334,153.866943359375,XGBoost,-49.133056640625
2022-06-01,V015721,413,B,Media,True,141.48335,193.0,141.4833526611328,XGBoost,-271.5166473388672
2022-04-01,V016011,0,C,Alta,True,3.321589,6.0,3.3215889930725098,XGBoost,3.3215889930725098
2022-05-01,V016011,0,C,Alta,True,2.2567453,5.333333333333333,2.2567453384399414,XGBoost,2.2567453384399414
2022-06-01,V016011,37,C,Alta,True,7.719076,0.0,7.719076156616211,XGBoost,-29.28092384338379
2022-04-01,V016141,22,C,Media,False,6.434986,17.333333333333332,17.333333333333332,Media móvil,-4.666666666666668
2022-05-01,V016141,28,C,Media,False,7.7470303,13.333333333333334,13.333333333333334,Media móvil,-14.666666666666666
2022-06-01,V016141,16,C,Media,False,5.242504,18.666666666666668,18.666666666666668,Media móvil,2.666666666666668
2022-04-01,Z001201,0,C,Alta,True,0.22864838,0.6666666666666666,0.228648379445076,XGBoost,0.228648379445076
2022-05-01,Z001201,0,C,Alta,True,0.09452652,0.6666666666666666,0.09452652186155319,XGBoost,0.09452652186155319
2022-06-01,Z001201,0,C,Alta,True,0.14752823,0.3333333333333333,0.14752823114395142,XGBoost,0.14752823114395142
2022-04-01,Z002721,0,C,Alta,True,0.33183265,0.6666666666666666,0.3318326473236084,XGBoost,0.3318326473236084
2022-05-01,Z002721,1,C,Alta,True,0.5503818,0.0,0.5503817796707153,XGBoost,-0.44961822032928467
2022-06-01,Z002721,2,C,Alta,True,0.74072194,0.3333333333333333,0.7407219409942627,XGBoost,-1.2592780590057373
