fecha,producto_id,demanda,categoria_abc,variabilidad,prediccion_media_movil,prediccion_regresion_lineal,prediccion_xgboost,metodo_usado,prediccion_final,error_final
2022-04-01,0002101,2746,A,Baja,1785.3333333333333,1681.2920916688845,1712.8015,XGBoost,1712.801513671875,-1033.198486328125
2022-05-01,0002101,1790,A,Baja,2118.3333333333335,1989.9587824103783,1975.4479,XGBoost,1975.4478759765625,185.4478759765625
2022-06-01,0002101,1439,A,Baja,2100.6666666666665,1925.5664099949856,1887.7809,XGBoost,1887.7808837890625,448.7808837890625
2022-04-01,0004721,49,C,Alta,6.333333333333333,2.3341194602424533,2.267466,XGBoost,2.2674660682678223,-46.73253393173218
2022-05-01,0004721,0,C,Alta,22.666666666666668,8.39397446203192,0.52879083,XGBoost,0.5287908315658569,0.5287908315658569
2022-06-01,0004721,0,C,Alta,22.666666666666668,27.28440270734279,0.0,XGBoost,0.0,0.0
2022-04-01,0006422,1,C,Alta,1.0,0.0,0.619709,XGBoost,0.6197090148925781,-0.3802909851074219
2022-05-01,0006422,3,C,Alta,1.0,0.44734153031121027,0.6244403,XGBoost,0.6244403123855591,-2.375559687614441
2022-06-01,0006422,0,C,Alta,1.3333333333333333,0.0,0.4406973,XGBoost,0.4406973123550415,0.4406973123550415
2022-04-01,100317,182,B,Baja,177.0,245.01264170269727,181.3612,XGBoost,181.3612060546875,-0.6387939453125
2022-05-01,100317,197,B,Baja,164.33333333333334,95.46117275131209,147.05472,XGBoost,147.05471801757812,-49.945281982421875
2022-06-01,100317,133,B,Baja,203.66666666666666,236.10347526812285,151.35323,XGBoost,151.3532257080078,18.353225708007812
2022-04-01,103662,0,C,Alta,4.0,0.7733686889231541,1.9890347,XGBoost,1.989034652709961,1.989034652709961
2022-05-01,103662,3,C,Alta,3.6666666666666665,8.962097777563065,1.171915,XGBoost,1.171915054321289,-1.828084945678711
2022-06-01,103662,1,C,Alta,1.6666666666666667,0.7083845016784371,1.7728369,XGBoost,1.7728369235992432,0.7728369235992432
2022-04-01,105719,1,C,Alta,0.0,0.0,0.26550674,Regresión Lineal,0.0,-1.0
2022-05-01,105719,0,C,Alta,0.3333333333333333,0.0,0.40140516,Regresión Lineal,0.0,0.0
2022-06-01,105719,0,C,Alta,0.3333333333333333,0.0,0.2771517,Regresión Lineal,0.0,0.0
2022-04-01,110028,0,C,Alta,0.0,0.0,0.46207902,Media móvil,0.0,0.0
2022-05-01,110028,0,C,Alta,0.0,0.0,0.64156675,Media móvil,0.0,0.0
2022-06-01,110028,0,C,Alta,0.0,0.0,0.39504448,Media móvil,0.0,0.0
2022-04-01,118494,3,C,Media,1.6666666666666667,0.0,1.6185317,XGBoost,1.6185317039489746,-1.3814682960510254
2022-05-01,118494,0,C,Media,2.6666666666666665,1.2243057956804746,1.1973608,XGBoost,1.1973607540130615,1.1973607540130615
2022-06-01,118494,3,C,Media,1.6666666666666667,0.7083845016784363,1.1750543,XGBoost,1.1750543117523193,-1.8249456882476807
2022-04-01,119580,0,C,Alta,0.0,0.0,0.29177117,Media móvil,0.0,0.0
2022-05-01,119580,0,C,Alta,0.0,0.0,0.26923072,Media móvil,0.0,0.0
2022-06-01,119580,0,C,Alta,0.0,0.0,0.25488576,Media móvil,0.0,0.0
2022-04-01,120804,2,C,Alta,0.0,0.0,0.26829854,XGBoost,0.26829853653907776,-1.7317014634609222
2022-05-01,120804,0,C,Alta,0.6666666666666666,0.0,0.15546769,XGBoost,0.155467689037323,0.155467689037323
2022-06-01,120804,0,C,Alta,0.6666666666666666,0.0,0.06923026,XGBoost,0.06923025846481323,0.06923025846481323
2022-04-01,120898,84,C,Media,33.333333333333336,13.37920959240709,45.505363,Media móvil,33.333333333333336,-50.666666666666664
2022-05-01,120898,184,C,Media,60.0,37.873953871063165,48.76227,Media móvil,60.0,-124.0
2022-06-01,120898,112,C,Media,111.33333333333333,88.92847286440839,43.56615,Media móvil,111.33333333333333,-0.6666666666666714
2022-04-01,120900,107,C,Media,45.333333333333336,37.356321840256726,50.062294,Regresión Lineal,37.356321840256726,-69.64367815974327
2022-05-01,120900,9,C,Media,67.0,57.81893067216835,78.55565,Regresión Lineal,57.81893067216835,48.81893067216835
2022-06-01,120900,227,C,Media,54.0,56.750469998816065,18.747328,Regresión Lineal,56.750469998816065,-170.24953000118393
2022-04-01,125690,0,C,Alta,1.3333333333333333,0.0,0.07547541,XGBoost,0.07547540962696075,0.07547540962696075
2022-05-01,125690,0,C,Alta,1.3333333333333333,3.0231991776704232,0.016291467,XGBoost,0.01629146747291088,0.01629146747291088
2022-06-01,125690,0,C,Alta,0.0,0.0,0.2969,XGBoost,0.2969000041484833,0.2969000041484833
2022-04-01,129788,0,C,Alta,8.0,3.865891960338102,0.0,XGBoost,0.0,0.0
2022-05-01,129788,0,C,Alta,8.0,27.727485533362355,0.0,XGBoost,0.0,0.0
2022-06-01,129788,0,C,Alta,0.0,0.0,0.0,XGBoost,0.0,0.0
2022-04-01,131059,0,C,Alta,0.0,0.0,0.6784302,XGBoost,0.6784301996231079,0.6784301996231079
2022-05-01,131059,233,C,Alta,0.0,0.0,1.4530075,XGBoost,1.453007459640503,-231.5469925403595
2022-06-01,131059,21,C,Alta,77.66666666666667,54.23097367889926,0.3766094,XGBoost,0.3766094148159027,-20.623390585184097
2022-04-01,131589,5,C,Alta,0.0,0.0,0.80621254,XGBoost,0.8062125444412231,-4.193787455558777
2022-05-01,131589,0,C,Alta,1.6666666666666667,0.0,0.9110254,XGBoost,0.9110254049301147,0.9110254049301147
2022-06-01,131589,1,C,Alta,1.6666666666666667,0.0,0.651214,XGBoost,0.6512140035629272,-0.34878599643707275
2022-04-01,134746,109,B,Media,159.66666666666666,84.19432577352472,215.1123,Regresión Lineal,84.19432577352472,-24.805674226475276
2022-05-01,134746,99,B,Media,182.33333333333334,151.68841030428337,133.65169,Regresión Lineal,151.68841030428337,52.688410304283366
2022-06-01,134746,241,B,Media,173.33333333333334,350.8918043745192,130.09668,Regresión Lineal,350.8918043745192,109.89180437451921
2022-04-01,136905,0,C,Alta,0.0,0.0,0.33112428,XGBoost,0.33112427592277527,0.33112427592277527
2022-05-01,136905,18,C,Alta,0.0,0.0,0.38514563,XGBoost,0.3851456344127655,-17.614854365587234
2022-06-01,136905,0,C,Alta,6.0,2.420004446886586,0.3898591,XGBoost,0.3898591101169586,0.3898591101169586
2022-04-01,145329,267,B,Baja,238.0,270.4729804961188,245.51501,XGBoost,245.5150146484375,-21.4849853515625
2022-05-01,145329,529,B,Baja,246.33333333333334,363.7446459572759,243.02184,XGBoost,243.02183532714844,-285.97816467285156
2022-06-01,145329,470,B,Baja,311.0,206.47846288706916,351.2784,XGBoost,351.2784118652344,-118.72158813476562
2022-04-01,145537,0,C,Alta,0.0,0.0,2.130361,XGBoost,2.1303610801696777,2.1303610801696777
2022-05-01,145537,152,C,Alta,0.0,0.0,3.2697282,XGBoost,3.269728183746338,-148.73027181625366
2022-06-01,145537,0,C,Alta,50.666666666666664,31.15682189941797,0.0,XGBoost,0.0,0.0
2022-04-01,145933,51,B,Baja,75.0,88.21935622226044,79.52003,Media móvil,75.0,24.0
2022-05-01,145933,65,B,Baja,62.333333333333336,58.322755124741306,85.66784,Media móvil,62.333333333333336,-2.6666666666666643
2022-06-01,145933,58,B,Baja,64.0,73.64409898555859,78.70537,Media móvil,64.0,6.0
2022-04-01,151766,169,C,Alta,0.0,0.0,1.9287386,XGBoost,1.9287385940551758,-167.07126140594482
2022-05-01,151766,0,C,Alta,56.333333333333336,36.07066878474573,4.1791096,XGBoost,4.179109573364258,4.179109573364258
2022-06-01,151766,0,C,Alta,56.333333333333336,36.72440126251783,14.1813,XGBoost,14.181300163269043,14.181300163269043
2022-04-01,152912,29,C,Media,43.666666666666664,68.08917836617024,40.862354,XGBoost,40.86235427856445,11.862354278564453
2022-05-01,152912,4,C,Media,34.333333333333336,17.54783021448027,36.28069,XGBoost,36.28068923950195,32.28068923950195
2022-06-01,152912,0,C,Media,33.333333333333336,75.6078532628212,18.67286,XGBoost,18.67285919189453,18.67285919189453
2022-04-01,153257,94,C,Media,70.0,125.13289487465786,15.781763,Media móvil,70.0,-24.0
2022-05-01,153257,18,C,Media,63.666666666666664,81.68217930483415,45.749065,Media móvil,63.666666666666664,45.666666666666664
2022-06-01,153257,54,C,Media,45.666666666666664,38.427365237672234,32.321907,Media móvil,45.666666666666664,-8.333333333333336
2022-04-01,157471,0,C,Alta,53.333333333333336,36.74509144843287,18.055704,XGBoost,18.05570411682129,18.05570411682129
2022-05-01,157471,0,C,Alta,52.333333333333336,188.57889429041015,0.7364744,XGBoost,0.7364743947982788,0.7364743947982788
2022-06-01,157471,0,C,Alta,0.0,0.0,0.0,XGBoost,0.0,0.0
2022-04-01,160729,29,C,Alta,0.0,0.0,0.388001,XGBoost,0.3880009949207306,-28.61199900507927
2022-05-01,160729,0,C,Alta,9.666666666666666,5.0707982215477,0.0,XGBoost,0.0,0.0
2022-06-01,160729,0,C,Alta,9.666666666666666,5.0707982215477,0.19708617,XGBoost,0.1970861703157425,0.1970861703157425
2022-04-01,162236,4,C,Media,0.3333333333333333,0.0,2.2385602,XGBoost,2.238560199737549,-1.7614398002624512
2022-05-01,162236,5,C,Media,1.6666666666666667,0.0,2.72641,XGBoost,2.726409912109375,-2.273590087890625
2022-06-01,162236,4,C,Media,3.0,0.0,2.4866402,XGBoost,2.486640214920044,-1.513359785079956
2022-04-01,162378,0,C,Alta,0.0,0.0,0.4609054,Media móvil,0.0,0.0
2022-05-01,162378,0,C,Alta,0.0,0.0,0.3563239,Media móvil,0.0,0.0
2022-06-01,162378,0,C,Alta,0.0,0.0,0.5275314,Media móvil,0.0,0.0
2022-04-01,162558,0,C,Alta,11.666666666666666,12.649167295676925,1.7985644,Media móvil,11.666666666666666,11.666666666666666
2022-05-01,162558,25,C,Alta,7.666666666666667,3.2163279094886166,2.730733,Media móvil,7.666666666666667,-17.333333333333332
2022-06-01,162558,13,C,Alta,16.0,26.748294235885233,4.518928,Media móvil,16.0,3.0
2022-04-01,162958,30,C,Alta,20.0,32.68727464842455,11.06312,Regresión Lineal,32.68727464842455,2.687274648424548
2022-05-01,162958,0,C,Alta,20.0,2.8602826821442253,10.459708,Regresión Lineal,2.8602826821442253,2.8602826821442253
2022-06-01,162958,0,C,Alta,20.0,35.13877144006994,21.26391,Regresión Lineal,35.13877144006994,35.13877144006994
2022-04-01,164333,3,C,Alta,22.666666666666668,13.398874773720763,1.2362206,XGBoost,1.2362205982208252,-1.7637794017791748
2022-05-01,164333,9,C,Alta,22.0,20.662765238578952,0.0,XGBoost,0.0,-9.0
2022-06-01,164333,5,C,Alta,21.0,59.704439587792834,1.4802499,XGBoost,1.4802498817443848,-3.5197501182556152
2022-04-01,171762,17,C,Media,2.0,0.0,3.0982876,XGBoost,3.098287582397461,-13.901712417602539
2022-05-01,171762,30,C,Media,7.666666666666667,6.624900809597783,3.8425927,XGBoost,3.842592716217041,-26.15740728378296
2022-06-01,171762,7,C,Media,15.666666666666666,2.6865523645502147,3.9773612,XGBoost,3.9773612022399902,-3.0226387977600098
2022-04-01,19973360,57,C,Baja,24.333333333333332,24.33263580761915,33.29323,Media móvil,24.333333333333332,-32.66666666666667
2022-05-01,19973360,29,C,Baja,35.0,37.970975705137555,50.187477,Media móvil,35.0,6.0
2022-06-01,19973360,34,C,Baja,33.666666666666664,19.38869503515992,41.15193,Media móvil,33.666666666666664,-0.3333333333333357
2022-04-01,200061,5,C,Alta,0.0,0.0,0.5360646,Regresión Lineal,0.0,-5.0
2022-05-01,200061,0,C,Alta,1.6666666666666667,0.0,0.68546927,Regresión Lineal,0.0,0.0
2022-06-01,200061,0,C,Alta,1.6666666666666667,0.0,0.60402834,Regresión Lineal,0.0,0.0
2022-04-01,200072,0,C,Alta,0.6666666666666666,0.0,0.15100676,XGBoost,0.1510067582130432,0.1510067582130432
2022-05-01,200072,0,C,Alta,0.6666666666666666,0.0,0.034574784,XGBoost,0.034574784338474274,0.034574784338474274
2022-06-01,200072,0,C,Alta,0.6666666666666666,0.5527705421012299,0.05887388,XGBoost,0.05887388065457344,0.05887388065457344
2022-04-01,2001990802,0,C,Alta,3.3333333333333335,10.434485084378004,2.6561186,Media móvil,3.3333333333333335,3.3333333333333335
2022-05-01,2001990802,0,C,Alta,0.0,0.0,2.2608526,Media móvil,0.0,0.0
2022-06-01,2001990802,0,C,Alta,0.0,0.0,2.7509234,Media móvil,0.0,0.0
2022-04-01,20039341,3,C,Alta,0.6666666666666666,0.5527705421012299,0.32891014,Regresión Lineal,0.5527705421012299,-2.44722945789877
2022-05-01,20039341,0,C,Alta,1.0,0.0,0.29426667,Regresión Lineal,0.0,0.0
2022-06-01,20039341,0,C,Alta,1.0,0.0,0.5475993,Regresión Lineal,0.0,0.0
2022-04-01,6421,2,C,Alta,0.0,0.0,0.40017003,Regresión Lineal,0.0,-2.0
2022-05-01,6421,0,C,Alta,0.6666666666666666,0.0,0.2888112,Regresión Lineal,0.0,0.0
2022-06-01,6421,0,C,Alta,0.6666666666666666,0.0,0.16527098,Regresión Lineal,0.0,0.0
2022-04-01,700010,59,B,Media,261.6666666666667,374.3673306977897,131.24263,XGBoost,131.2426300048828,72.24263000488281
2022-05-01,700010,204,B,Media,165.33333333333334,260.85987904977924,113.864746,XGBoost,113.86474609375,-90.13525390625
2022-06-01,700010,289,B,Media,156.33333333333334,230.6438850486637,170.1603,XGBoost,170.16029357910156,-118.83970642089844
2022-04-01,700021,27,C,Media,28.0,26.631334735880465,52.19821,Media móvil,28.0,1.0
2022-05-01,700021,19,C,Media,32.0,13.069917637954992,36.10293,Media móvil,32.0,13.0
2022-06-01,700021,5,C,Media,37.333333333333336,69.70314669611047,12.264241,Media móvil,37.333333333333336,32.333333333333336
2022-04-01,700067,38,C,Baja,51.333333333333336,50.50778476678369,61.932858,XGBoost,61.932857513427734,23.932857513427734
2022-05-01,700067,76,C,Baja,45.333333333333336,44.256371313272034,70.39822,XGBoost,70.3982162475586,-5.601783752441406
2022-06-01,700067,104,C,Baja,55.333333333333336,56.1287265736585,71.89771,XGBoost,71.89771270751953,-32.10228729248047
2022-04-01,700131,7,C,Alta,3.0,0.18088980153855605,2.4175446,XGBoost,2.4175446033477783,-4.582455396652222
2022-05-01,700131,0,C,Alta,5.0,0.8891149080559377,0.8227265,XGBoost,0.8227264881134033,0.8227264881134033
2022-06-01,700131,2,C,Alta,4.333333333333333,5.627960046873801,1.3849084,XGBoost,1.3849084377288818,-0.6150915622711182
2022-04-01,700142,43,C,Baja,54.333333333333336,62.90591472555457,38.52801,XGBoost,38.528011322021484,-4.471988677978516
2022-05-01,700142,29,C,Baja,48.666666666666664,73.50197785875343,47.422718,XGBoost,47.4227180480957,18.422718048095703
2022-06-01,700142,11,C,Baja,35.0,31.082666634852835,41.232098,XGBoost,41.23209762573242,30.232097625732422
2022-04-01,700145,0,C,Alta,0.0,0.0,0.08178447,XGBoost,0.08178447186946869,0.08178447186946869
2022-05-01,700145,20,C,Alta,0.0,0.0,0.118180394,XGBoost,0.11818039417266846,-19.88181960582733
2022-06-01,700145,0,C,Alta,6.666666666666667,2.901966951370424,0.1963384,XGBoost,0.19633840024471283,0.19633840024471283
2022-04-01,700203,0,C,Alta,0.0,0.0,0.119691685,Regresión Lineal,0.0,0.0
2022-05-01,700203,1,C,Alta,0.0,0.0,0.19448894,Regresión Lineal,0.0,-1.0
2022-06-01,700203,0,C,Alta,0.3333333333333333,0.0,0.14647642,Regresión Lineal,0.0,0.0
2022-04-01,700245,1,C,Alta,0.0,0.0,0.0,Regresión Lineal,0.0,-1.0
2022-05-01,700245,0,C,Alta,0.3333333333333333,0.0,0.22885104,Regresión Lineal,0.0,0.0
2022-06-01,700245,0,C,Alta,0.3333333333333333,0.0,0.19870916,Regresión Lineal,0.0,0.0
2022-04-01,700290,4,C,Alta,1.0,0.0,1.6014872,XGBoost,1.601487159729004,-2.398512840270996
2022-05-01,700290,0,C,Alta,2.3333333333333335,0.0,1.1051211,XGBoost,1.10512113571167,1.10512113571167
2022-06-01,700290,2,C,Alta,2.0,0.864733302865786,1.0116053,XGBoost,1.0116052627563477,-0.9883947372436523
2022-04-01,700302,3,C,Alta,0.0,0.0,0.5387703,XGBoost,0.538770318031311,-2.461229681968689
2022-05-01,700302,2,C,Alta,1.0,0.0,0.29477945,XGBoost,0.2947794497013092,-1.7052205502986908
2022-06-01,700302,0,C,Alta,1.6666666666666667,0.0,0.19492088,XGBoost,0.1949208825826645,0.1949208825826645
2022-04-01,700307,84,C,Media,66.66666666666667,85.67806787189915,30.651638,Regresión Lineal,85.67806787189915,1.6780678718991453
2022-05-01,700307,117,C,Media,67.66666666666667,53.292011187439144,22.807844,Regresión Lineal,53.292011187439144,-63.707988812560856
2022-06-01,700307,58,C,Media,90.66666666666667,76.65039881691398,22.633266,Regresión Lineal,76.65039881691398,18.650398816913977
2022-04-01,700308,0,C,Alta,0.0,0.0,0.099877976,XGBoost,0.0998779758810997,0.0998779758810997
2022-05-01,700308,18,C,Alta,0.0,0.0,0.122515045,XGBoost,0.12251504510641098,-17.87748495489359
2022-06-01,700308,0,C,Alta,6.0,2.420004446886586,0.2536458,XGBoost,0.25364580750465393,0.25364580750465393
2022-04-01,700310,1,C,Alta,0.3333333333333333,0.0,0.09673077,Regresión Lineal,0.0,-1.0
2022-05-01,700310,0,C,Alta,0.6666666666666666,0.0,0.12047484,Regresión Lineal,0.0,0.0
2022-06-01,700310,0,C,Alta,0.3333333333333333,0.0,0.057669453,Regresión Lineal,0.0,0.0
2022-04-01,700319,6,C,Media,4.333333333333333,3.494611458868505,2.6775436,Media móvil,4.333333333333333,-1.666666666666667
2022-05-01,700319,4,C,Media,4.666666666666667,1.7026175672211137,2.300989,Media móvil,4.666666666666667,0.666666666666667
2022-06-01,700319,2,C,Media,5.0,3.430040726939242,1.4155297,Media móvil,5.0,3.0
2022-04-01,700320,0,C,Alta,0.3333333333333333,0.0,0.7230395,Regresión Lineal,0.0,0.0
2022-05-01,700320,4,C,Alta,0.3333333333333333,0.0,0.6227243,Regresión Lineal,0.0,-4.0
2022-06-01,700320,0,C,Alta,1.6666666666666667,0.0,0.45134762,Regresión Lineal,0.0,0.0
2022-04-01,700326,2,C,Media,1.6666666666666667,2.682994750921968,2.3241396,Media móvil,1.6666666666666667,-0.33333333333333326
2022-05-01,700326,2,C,Media,1.0,0.0,4.2456274,Media móvil,1.0,-1.0
2022-06-01,700326,0,C,Media,1.3333333333333333,0.0,3.8094077,Media móvil,1.3333333333333333,1.3333333333333333
2022-04-01,700401,0,C,Alta,1.6666666666666667,2.8055695905042377,0.5097406,XGBoost,0.5097405910491943,0.5097405910491943
2022-05-01,700401,0,C,Alta,0.3333333333333333,0.0,0.9588455,XGBoost,0.9588454961776733,0.9588454961776733
2022-06-01,700401,1,C,Alta,0.0,0.0,0.8950815,XGBoost,0.8950815200805664,-0.1049184799194336
2022-04-01,700410,0,C,Alta,3.0,0.0877400572662852,1.3058324,XGBoost,1.3058323860168457,1.3058323860168457
2022-05-01,700410,0,C,Alta,3.0,0.2511731767093113,1.3464761,XGBoost,1.3464760780334473,1.3464760780334473
2022-06-01,700410,4,C,Alta,3.0,9.199270766593408,1.1224766,XGBoost,1.122476577758789,-2.877523422241211
2022-04-01,700422,1,C,Media,0.6666666666666666,0.0,0.94875395,XGBoost,0.9487539529800415,-0.051246047019958496
2022-05-01,700422,1,C,Media,0.6666666666666666,0.0,0.79196584,XGBoost,0.7919658422470093,-0.20803415775299072
2022-06-01,700422,0,C,Media,1.0,0.0,0.97019863,XGBoost,0.9701986312866211,0.9701986312866211
2022-04-01,700441,24,C,Baja,35.0,27.070581261011007,34.109013,Regresión Lineal,27.070581261011007,3.0705812610110073
2022-05-01,700441,40,C,Baja,33.666666666666664,39.13213795012388,34.528217,Regresión Lineal,39.13213795012388,-0.8678620498761234
2022-06-01,700441,28,C,Baja,34.0,37.90846259544569,43.72694,Regresión Lineal,37.90846259544569,9.908462595445691
2022-04-01,700525,3,C,Alta,0.0,0.0,0.9541154,XGBoost,0.9541153907775879,-2.045884609222412
2022-05-01,700525,4,C,Alta,1.0,0.0,1.8130155,XGBoost,1.8130154609680176,-2.1869845390319824
2022-06-01,700525,2,C,Alta,2.3333333333333335,0.0,1.336113,XGBoost,1.3361129760742188,-0.6638870239257812
2022-04-01,700543,5115,A,Baja,7722.333333333333,11772.112155926881,6955.9473,XGBoost,6955.947265625,1840.947265625
2022-05-01,700543,13713,A,Baja,5788.0,6905.198946292379,7262.253,XGBoost,7262.2529296875,-6450.7470703125
2022-06-01,700543,14404,A,Baja,8091.333333333333,7074.358614853846,8747.515,XGBoost,8747.5146484375,-5656.4853515625
2022-04-01,700544,0,C,Alta,7.666666666666667,23.877341304489338,0.14572142,XGBoost,0.1457214206457138,0.1457214206457138
2022-05-01,700544,51,C,Alta,0.0,0.0,8.498872,XGBoost,8.498871803283691,-42.50112819671631
2022-06-01,700544,43,C,Alta,17.0,10.2089526514269,4.7370567,XGBoost,4.737056732177734,-38.262943267822266
2022-04-01,700550,0,C,Alta,0.0,0.0,1.2728341,Media móvil,0.0,0.0
2022-05-01,700550,16,C,Alta,0.0,0.0,1.3903675,Media móvil,0.0,-16.0
2022-06-01,700550,24,C,Alta,5.333333333333333,1.9380419424027475,1.5309992,Media móvil,5.333333333333333,-18.666666666666668
2022-04-01,700554,0,B,Media,170.66666666666666,426.2427902013709,90.971664,XGBoost,90.97166442871094,90.97166442871094
2022-05-01,700554,180,B,Media,43.333333333333336,64.41693531802937,13.623392,XGBoost,13.623392105102539,-166.37660789489746
2022-06-01,700554,232,B,Media,81.33333333333333,87.45824552487039,159.97818,XGBoost,159.97817993164062,-72.02182006835938
2022-04-01,700567,0,C,Alta,0.0,0.0,0.16382855,Media móvil,0.0,0.0
2022-05-01,700567,0,C,Alta,0.0,0.0,0.13288733,Media móvil,0.0,0.0
2022-06-01,700567,0,C,Alta,0.0,0.0,0.079518564,Media móvil,0.0,0.0
2022-04-01,700572,0,C,Alta,1.6666666666666667,0.0,0.2132041,XGBoost,0.21320410072803497,0.21320410072803497
2022-05-01,700572,0,C,Alta,1.6666666666666667,4.25841349545502,0.37556753,XGBoost,0.3755675256252289,0.3755675256252289
2022-06-01,700572,0,C,Alta,0.0,0.0,0.56809556,XGBoost,0.5680955648422241,0.5680955648422241
2022-04-01,700575,278,B,Baja,122.33333333333333,97.58076314632389,121.61064,XGBoost,121.61064147949219,-156.3893585205078
2022-05-01,700575,96,B,Baja,186.33333333333334,197.0329998575256,164.3304,XGBoost,164.3303985595703,68.33039855957031
2022-06-01,700575,86,B,Baja,160.33333333333334,143.58742407861692,114.05924,XGBoost,114.05924224853516,28.059242248535156
2022-04-01,700577,387,B,Baja,426.0,518.7272899213671,389.46658,XGBoost,389.4665832519531,2.466583251953125
2022-05-01,700577,343,B,Baja,384.0,363.5188179086133,326.88474,XGBoost,326.8847351074219,-16.115264892578125
2022-06-01,700577,385,B,Baja,372.0,370.11416265305786,367.787,XGBoost,367.7869873046875,-17.2130126953125
2022-04-01,700578,237,B,Baja,191.0,198.0575402126963,167.07617,XGBoost,167.076171875,-69.923828125
2022-05-01,700578,123,B,Baja,210.33333333333334,147.71942401949852,187.3153,XGBoost,187.3153076171875,64.3153076171875
2022-06-01,700578,114,B,Baja,208.0,287.5072806951672,151.42357,XGBoost,151.42356872558594,37.42356872558594
2022-04-01,700587,104,C,Baja,90.33333333333333,89.06606788642502,48.513176,XGBoost,48.51317596435547,-55.48682403564453
2022-05-01,700587,48,C,Baja,95.66666666666667,107.5996194992902,39.95909,XGBoost,39.95909118652344,-8.040908813476562
2022-06-01,700587,32,C,Baja,76.66666666666667,85.9402428127616,46.576527,XGBoost,46.5765266418457,14.576526641845703
2022-04-01,700605,0,C,Alta,22.333333333333332,49.82848657022525,5.525641,XGBoost,5.525640964508057,5.525640964508057
2022-05-01,700605,0,C,Alta,8.0,3.4981674415912813,3.2425513,XGBoost,3.242551326751709,3.242551326751709
2022-06-01,700605,0,C,Alta,8.0,27.278044454894022,4.229716,XGBoost,4.229715824127197,4.229715824127197
2022-04-01,700628,132,B,Media,170.33333333333334,294.91212285086567,162.29637,XGBoost,162.29637145996094,30.296371459960938
2022-05-01,700628,330,B,Media,125.0,113.82152121328832,184.06549,XGBoost,184.06549072265625,-145.93450927734375
2022-06-01,700628,460,B,Media,195.33333333333334,160.7992484789738,193.82726,XGBoost,193.82725524902344,-266.17274475097656
2022-04-01,700629,3,C,Baja,4.333333333333333,1.4574678880565743,4.2512345,Regresión Lineal,1.4574678880565743,-1.5425321119434257
2022-05-01,700629,7,C,Baja,4.333333333333333,4.440167084684606,4.230595,Regresión Lineal,4.440167084684606,-2.5598329153153943
2022-06-01,700629,3,C,Baja,4.666666666666667,2.723853030782725,4.881776,Regresión Lineal,2.723853030782725,-0.2761469692172751
2022-04-01,700630,0,C,Alta,0.3333333333333333,0.0,0.5452415,Regresión Lineal,0.0,0.0
2022-05-01,700630,1,C,Alta,0.0,0.0,0.52960026,Regresión Lineal,0.0,-1.0
2022-06-01,700630,0,C,Alta,0.3333333333333333,0.0,0.57276714,Regresión Lineal,0.0,0.0
2022-04-01,700631,0,C,Alta,53.333333333333336,36.74509144843287,8.718457,XGBoost,8.718457221984863,8.718457221984863
2022-05-01,700631,0,C,Alta,52.333333333333336,188.57889429041015,0.35293636,XGBoost,0.35293635725975037,0.35293635725975037
2022-06-01,700631,0,C,Alta,0.0,0.0,0.0,XGBoost,0.0,0.0
2022-04-01,700634,1538,A,Baja,1945.0,1824.6055751348363,1640.2814,XGBoost,1640.2813720703125,102.2813720703125
2022-05-01,700634,1724,A,Baja,1867.3333333333333,1899.8351691665505,1554.8046,XGBoost,1554.8045654296875,-169.1954345703125
2022-06-01,700634,1781,A,Baja,1839.3333333333333,2346.351511195062,1575.347,XGBoost,1575.3470458984375,-205.6529541015625
2022-04-01,700639,3,C,Media,23.333333333333332,7.017188526865706,8.413677,Regresión Lineal,7.017188526865706,4.017188526865706
2022-05-01,700639,61,C,Media,23.666666666666668,39.79055339912927,8.69309,Regresión Lineal,39.79055339912927,-21.209446600870727
2022-06-01,700639,28,C,Media,32.333333333333336,42.91707647944566,9.977852,Regresión Lineal,42.91707647944566,14.917076479445662
2022-04-01,700640,1106,A,Baja,798.0,618.0098053861386,665.0824,Media móvil,798.0,-308.0
2022-05-01,700640,640,A,Baja,1007.3333333333334,1307.4495250670543,501.83667,Media móvil,1007.3333333333334,367.33333333333337
2022-06-01,700640,812,A,Baja,812.6666666666666,776.0888180849771,692.9391,Media móvil,812.6666666666666,0.6666666666666288
2022-04-01,700644,0,C,Alta,1.0,0.0,0.5548067,XGBoost,0.5548067092895508,0.5548067092895508
2022-05-01,700644,0,C,Alta,1.0,0.0,0.3995567,XGBoost,0.3995566964149475,0.3995566964149475
2022-06-01,700644,0,C,Alta,1.0,1.7879848598858263,0.33174166,XGBoost,0.33174166083335876,0.33174166083335876
2022-04-01,700645,934,A,Baja,720.0,723.9391959654256,723.6146,Media móvil,720.0,-214.0
2022-05-01,700645,827,A,Baja,784.6666666666666,688.5512361632336,785.92487,Media móvil,784.6666666666666,-42.33333333333337
2022-06-01,700645,1034,A,Baja,839.6666666666666,755.5896923429206,765.91315,Media móvil,839.6666666666666,-194.33333333333337
2022-04-01,700646,84,C,Baja,60.333333333333336,61.69426241601103,60.380817,Media móvil,60.333333333333336,-23.666666666666664
2022-05-01,700646,16,C,Baja,68.33333333333333,88.66938138284274,68.547745,Media móvil,68.33333333333333,52.33333333333333
2022-06-01,700646,68,C,Baja,46.0,47.85379653701602,42.18024,Media móvil,46.0,-22.0
2022-04-01,700651,0,C,Alta,0.0,0.0,0.15787973,Media móvil,0.0,0.0
2022-05-01,700651,0,C,Alta,0.0,0.0,0.16680178,Media móvil,0.0,0.0
2022-06-01,700651,0,C,Alta,0.0,0.0,0.15361452,Media móvil,0.0,0.0
2022-04-01,700694,112,B,Baja,132.0,138.06264176622688,121.40963,XGBoost,121.40962982177734,9.409629821777344
2022-05-01,700694,195,B,Baja,122.66666666666667,116.87569494036399,129.66045,XGBoost,129.6604461669922,-65.33955383300781
2022-06-01,700694,94,B,Baja,148.33333333333334,146.95938667006996,147.2859,XGBoost,147.28590393066406,53.28590393066406
2022-04-01,700741,24,C,Media,19.666666666666668,37.79771179144868,15.964098,Media móvil,19.666666666666668,-4.333333333333332
2022-05-01,700741,36,C,Media,16.333333333333332,24.58884282642247,18.396372,Media móvil,16.333333333333332,-19.666666666666668
2022-06-01,700741,22,C,Media,21.0,7.097117776066133,9.871813,Media móvil,21.0,-1.0
2022-04-01,700749,0,C,Alta,3.0,0.0,1.88515,XGBoost,1.8851499557495117,1.8851499557495117
2022-05-01,700749,6,C,Alta,3.0,9.199270766593408,2.6076431,XGBoost,2.6076431274414062,-3.3923568725585938
2022-06-01,700749,4,C,Alta,2.0,0.0,2.2904637,XGBoost,2.29046368598938,-1.7095363140106201
2022-04-01,700757,4,C,Alta,0.0,0.0,0.2907348,Regresión Lineal,0.0,-4.0
2022-05-01,700757,0,C,Alta,1.3333333333333333,0.0,0.5236043,Regresión Lineal,0.0,0.0
2022-06-01,700757,0,C,Alta,1.3333333333333333,0.0,0.61496997,Regresión Lineal,0.0,0.0
2022-04-01,700762,1,C,Alta,0.0,0.0,0.24621962,Regresión Lineal,0.0,-1.0
2022-05-01,700762,0,C,Alta,0.3333333333333333,0.0,0.41571897,Regresión Lineal,0.0,0.0
2022-06-01,700762,0,C,Alta,0.3333333333333333,0.0,0.2029814,Regresión Lineal,0.0,0.0
2022-04-01,700779,0,C,Alta,0.0,0.0,0.60875404,Media móvil,0.0,0.0
2022-05-01,700779,0,C,Alta,0.0,0.0,0.61622417,Media móvil,0.0,0.0
2022-06-01,700779,0,C,Alta,0.0,0.0,0.564221,Media móvil,0.0,0.0
2022-04-01,700786,0,C,Alta,0.6666666666666666,0.0,0.69038963,Regresión Lineal,0.0,0.0
2022-05-01,700786,1,C,Alta,0.6666666666666666,0.10332946363290807,0.92462635,Regresión Lineal,0.10332946363290807,-0.8966705363670919
2022-06-01,700786,0,C,Alta,0.3333333333333333,0.0,1.5750117,Regresión Lineal,0.0,0.0
2022-04-01,700791,3,C,Alta,1.0,0.0,0.11032999,XGBoost,0.1103299930691719,-2.889670006930828
2022-05-01,700791,0,C,Alta,2.0,1.7879848598858263,0.09668419,XGBoost,0.09668418765068054,0.09668418765068054
2022-06-01,700791,0,C,Alta,1.0,0.0,0.05134839,XGBoost,0.05134838819503784,0.05134838819503784
2022-04-01,700800,80,C,Alta,8.0,25.722062979450993,1.8426132,Regresión Lineal,25.722062979450993,-54.277937020549004
2022-05-01,700800,5,C,Alta,27.0,17.500272158113614,6.2830243,Regresión Lineal,17.500272158113614,12.500272158113614
2022-06-01,700800,17,C,Alta,28.333333333333332,16.787517198167336,4.170369,Regresión Lineal,16.787517198167336,-0.21248280183266388
2022-04-01,700809,2756,A,Baja,2865.6666666666665,3519.849765189388,2606.8428,Media móvil,2865.6666666666665,109.66666666666652
2022-05-01,700809,3030,A,Baja,2637.6666666666665,2730.9785286867727,2426.0012,Media móvil,2637.6666666666665,-392.3333333333335
2022-06-01,700809,3224,A,Baja,2723.3333333333335,2368.998743550602,2966.1072,Media móvil,2723.3333333333335,-500.6666666666665
2022-04-01,700813,2,C,Baja,2.6666666666666665,0.0,2.0802066,Media móvil,2.6666666666666665,0.6666666666666665
2022-05-01,700813,3,C,Baja,3.0,1.4415745958538881,2.0178695,Media móvil,3.0,0.0
2022-06-01,700813,3,C,Baja,3.0,2.354091101675052,2.5326326,Media móvil,3.0,0.0
2022-04-01,700815,2,C,Alta,6.333333333333333,12.114168634037755,1.1325223,XGBoost,1.1325223445892334,-0.8674776554107666
2022-05-01,700815,4,C,Alta,3.0,0.7937517943431489,2.3897564,XGBoost,2.389756441116333,-1.610243558883667
2022-06-01,700815,1,C,Alta,3.6666666666666665,3.6910836983064677,0.9323189,XGBoost,0.932318925857544,-0.06768107414245605
2022-04-01,700817,0,C,Alta,0.3333333333333333,0.0,0.10124082,Regresión Lineal,0.0,0.0
2022-05-01,700817,0,C,Alta,0.3333333333333333,0.0,0.049191426,Regresión Lineal,0.0,0.0
2022-06-01,700817,0,C,Alta,0.3333333333333333,0.0,0.030120417,Regresión Lineal,0.0,0.0
2022-04-01,700820,75,B,Media,82.0,206.70752032340943,43.53964,XGBoost,43.53963851928711,-31.46036148071289
2022-05-01,700820,92,B,Media,47.0,35.00707852406978,78.91818,XGBoost,78.91818237304688,-13.081817626953125
2022-06-01,700820,73,B,Media,66.66666666666667,35.96855663845827,83.43494,XGBoost,83.4349365234375,10.4349365234375
2022-04-01,700821,37,C,Media,18.0,54.27460068182288,13.063206,Regresión Lineal,54.27460068182288,17.274600681822882
2022-05-01,700821,0,C,Media,14.666666666666666,9.14061015405239,22.178617,Regresión Lineal,9.14061015405239,9.14061015405239
2022-06-01,700821,45,C,Media,13.666666666666666,9.145646876258528,9.298013,Regresión Lineal,9.145646876258528,-35.854353123741475
2022-04-01,700850,81,B,Baja,124.33333333333333,111.6395733292594,150.52852,Media móvil,124.33333333333333,43.33333333333333
2022-05-01,700850,129,B,Baja,114.66666666666667,119.08227390443177,131.71394,Media móvil,114.66666666666667,-14.333333333333329
2022-06-01,700850,99,B,Baja,120.0,155.97406386860857,157.66731,Media móvil,120.0,21.0
2022-04-01,700851,3791,A,Baja,3112.6666666666665,3453.6754221746423,3057.0996,Regresión Lineal,3453.6754221746423,-337.32457782535766
2022-05-01,700851,2611,A,Baja,3240.6666666666665,3328.3125777847886,3536.9873,Regresión Lineal,3328.3125777847886,717.3125777847886
2022-06-01,700851,2166,A,Baja,3034.6666666666665,2846.5595952248977,2708.7344,Regresión Lineal,2846.5595952248977,680.5595952248977
2022-04-01,700860,74,C,Baja,85.33333333333333,105.69492458399903,71.74493,XGBoost,71.74492645263672,-2.2550735473632812
2022-05-01,700860,63,C,Baja,76.33333333333333,57.89142895250611,71.34691,XGBoost,71.34690856933594,8.346908569335938
2022-06-01,700860,34,C,Baja,79.66666666666667,104.45495017168288,69.71697,XGBoost,69.71697235107422,35.71697235107422
2022-04-01,700873,0,C,Alta,5.333333333333333,1.9380419424027475,1.8374093,XGBoost,1.837409257888794,1.837409257888794
2022-05-01,700873,0,C,Alta,5.333333333333333,1.4886008639344253,1.5747261,XGBoost,1.5747261047363281,1.5747261047363281
2022-06-01,700873,0,C,Alta,5.333333333333333,17.43718819247802,1.4246566,XGBoost,1.424656629562378,1.424656629562378
2022-04-01,700883,832,A,Baja,986.3333333333334,1420.1151786526434,930.21765,XGBoost,930.2176513671875,98.2176513671875
2022-05-01,700883,1636,A,Baja,820.0,943.5067190952038,935.853,XGBoost,935.85302734375,-700.14697265625
2022-06-01,700883,1747,A,Baja,1054.6666666666667,853.6135617378309,1163.8783,XGBoost,1163.8782958984375,-583.1217041015625
2022-04-01,700887,29,C,Baja,36.333333333333336,66.46650129758432,25.358204,XGBoost,25.358203887939453,-3.641796112060547
2022-05-01,700887,32,C,Baja,26.0,32.518120019194846,41.459488,XGBoost,41.45948791503906,9.459487915039062
2022-06-01,700887,37,C,Baja,25.666666666666668,16.3550563544312,43.11572,XGBoost,43.115718841552734,6.115718841552734
2022-04-01,700893,217,B,Baja,188.0,215.79346469077805,161.09111,XGBoost,161.0911102294922,-55.90888977050781
2022-05-01,700893,95,B,Baja,192.33333333333334,239.505717548784,154.34377,XGBoost,154.34376525878906,59.34376525878906
2022-06-01,700893,235,B,Baja,148.0,147.7492651562105,147.77693,XGBoost,147.7769317626953,-87.22306823730469
2022-04-01,700895,3338,A,Baja,2462.0,2665.817035120842,2305.6406,Media móvil,2462.0,-876.0
2022-05-01,700895,3474,A,Baja,2680.0,2543.875129908441,3054.1582,Media móvil,2680.0,-794.0
2022-06-01,700895,2907,A,Baja,3023.3333333333335,2401.526190163483,3371.3896,Media móvil,3023.3333333333335,116.33333333333348
2022-04-01,700901,0,C,Alta,0.3333333333333333,0.0,0.14866558,Regresión Lineal,0.0,0.0
2022-05-01,700901,0,C,Alta,0.3333333333333333,0.0,0.09267209,Regresión Lineal,0.0,0.0
2022-06-01,700901,0,C,Alta,0.3333333333333333,0.0,0.07281064,Regresión Lineal,0.0,0.0
2022-04-01,700907,9,C,Media,2.0,1.482432875714645,4.5461073,Regresión Lineal,1.482432875714645,-7.517567124285355
2022-05-01,700907,1,C,Media,4.0,1.6858851947443179,3.236805,Regresión Lineal,1.6858851947443179,0.6858851947443179
2022-06-01,700907,1,C,Media,3.6666666666666665,0.8409918705670427,2.7076235,Regresión Lineal,0.8409918705670427,-0.15900812943295728
2022-04-01,700917,0,C,Alta,0.6666666666666666,0.5527705421012299,0.19478577,Regresión Lineal,0.5527705421012299,0.5527705421012299
2022-05-01,700917,0,C,Alta,0.0,0.0,0.2601898,Regresión Lineal,0.0,0.0
2022-06-01,700917,0,C,Alta,0.0,0.0,0.24270904,Regresión Lineal,0.0,0.0
2022-04-01,700944,0,C,Alta,7.333333333333333,17.363808486601744,0.0,XGBoost,0.0,0.0
2022-05-01,700944,0,C,Alta,2.0,5.493627813239618,0.36932206,XGBoost,0.3693220615386963,0.3693220615386963
2022-06-01,700944,2,C,Alta,0.0,0.0,0.20746632,XGBoost,0.20746631920337677,-1.7925336807966232
2022-04-01,700948,61,C,Media,8.333333333333334,24.13788525987119,5.9410796,Regresión Lineal,24.13788525987119,-36.86211474012881
2022-05-01,700948,0,C,Media,20.666666666666668,11.941386587499139,30.171179,Regresión Lineal,11.941386587499139,11.941386587499139
2022-06-01,700948,0,C,Media,20.333333333333332,11.270441938441131,14.804895,Regresión Lineal,11.270441938441131,11.270441938441131
2022-04-01,700949,0,C,Alta,0.6666666666666666,0.0,0.2690507,Regresión Lineal,0.0,0.0
2022-05-01,700949,0,C,Alta,0.6666666666666666,0.5527705421012294,0.24044788,Regresión Lineal,0.5527705421012294,0.5527705421012294
2022-06-01,700949,0,C,Alta,0.0,0.0,0.27939844,Regresión Lineal,0.0,0.0
2022-04-01,700964,126,B,Media,127.66666666666667,149.756172899056,85.5142,XGBoost,85.51419830322266,-40.485801696777344
2022-05-01,700964,35,B,Media,128.0,85.23301055571115,95.43426,XGBoost,95.43425750732422,60.43425750732422
2022-06-01,700964,20,B,Media,120.0,229.7391960343385,60.46098,XGBoost,60.46097946166992,40.46097946166992
2022-04-01,700966,41,C,Media,26.666666666666668,26.190719687041238,20.958158,Regresión Lineal,26.190719687041238,-14.809280312958762
2022-05-01,700966,27,C,Media,31.0,25.228582422555423,17.48742,Regresión Lineal,25.228582422555423,-1.771417577444577
2022-06-01,700966,29,C,Media,31.666666666666668,28.13693908812817,18.610014,Regresión Lineal,28.13693908812817,-0.8630609118718304
2022-04-01,700967,5,C,Alta,33.0,103.97409050725314,17.090866,XGBoost,17.090866088867188,12.090866088867188
2022-05-01,700967,19,C,Alta,5.666666666666667,12.161332310604081,12.452872,XGBoost,12.452872276306152,-6.547127723693848
2022-06-01,700967,9,C,Alta,8.0,0.0,5.3192997,XGBoost,5.319299697875977,-3.6807003021240234
2022-04-01,700968,187,C,Media,22.0,37.60917004780799,19.431112,Regresión Lineal,37.60917004780799,-149.390829952192
2022-05-01,700968,104,C,Media,71.66666666666667,59.15982538906529,61.21969,Regresión Lineal,59.15982538906529,-44.84017461093471
2022-06-01,700968,20,C,Media,98.0,36.46191212737565,93.06256,Regresión Lineal,36.46191212737565,16.461912127375648
2022-04-01,700971,5,C,Media,3.0,2.3191994699752136,13.766813,Media móvil,3.0,-2.0
2022-05-01,700971,11,C,Media,3.0,1.9786988822046414,18.56674,Media móvil,3.0,-8.0
2022-06-01,700971,35,C,Media,5.333333333333333,0.0,8.943896,Media móvil,5.333333333333333,-29.666666666666668
2022-04-01,700974,20,C,Media,45.666666666666664,80.82464113810136,8.186364,XGBoost,8.18636417388916,-11.81363582611084
2022-05-01,700974,26,C,Media,29.333333333333332,69.64837208723154,13.130728,XGBoost,13.130727767944336,-12.869272232055664
2022-06-01,700974,20,C,Media,17.0,5.321084155610831,26.385399,XGBoost,26.385398864746094,6.385398864746094
2022-04-01,700975,447,B,Media,136.0,270.07443105039215,124.25633,Regresión Lineal,270.07443105039215,-176.92556894960785
2022-05-01,700975,101,B,Media,204.66666666666666,191.7124723367494,261.44803,Regresión Lineal,191.7124723367494,90.71247233674941
2022-06-01,700975,65,B,Media,199.0,128.23302036833172,165.83278,Regresión Lineal,128.23302036833172,63.23302036833172
2022-04-01,700980,0,C,Alta,95.33333333333333,56.92529070720661,14.945972,XGBoost,14.945972442626953,14.945972442626953
2022-05-01,700980,156,C,Alta,82.66666666666667,159.00217225344034,3.9567494,XGBoost,3.956749439239502,-152.0432505607605
2022-06-01,700980,0,C,Alta,90.33333333333333,146.09287195345578,3.392558,XGBoost,3.3925580978393555,3.3925580978393555
2022-04-01,700997,0,C,Alta,0.0,0.0,0.30838323,Regresión Lineal,0.0,0.0
2022-05-01,700997,1,C,Alta,0.0,0.0,0.28632447,Regresión Lineal,0.0,-1.0
2022-06-01,700997,0,C,Alta,0.3333333333333333,0.0,0.47866234,Regresión Lineal,0.0,0.0
2022-04-01,701003,1,C,Alta,0.0,0.0,0.14246252,XGBoost,0.14246252179145813,-0.8575374782085419
2022-05-01,701003,0,C,Alta,0.3333333333333333,0.0,0.07495783,XGBoost,0.07495783269405365,0.07495783269405365
2022-06-01,701003,0,C,Alta,0.3333333333333333,0.0,0.039994862,XGBoost,0.03999486193060875,0.03999486193060875
2022-04-01,701035,4,C,Alta,7.666666666666667,22.468904528198287,0.174789,XGBoost,0.17478899657726288,-3.825211003422737
2022-05-01,701035,22,C,Alta,2.3333333333333335,1.933911364543826,2.019601,XGBoost,2.0196011066436768,-19.980398893356323
2022-06-01,701035,0,C,Alta,8.666666666666666,2.9737271029787884,0.6632687,XGBoost,0.6632686853408813,0.6632686853408813
2022-04-01,701079,179,B,Baja,67.33333333333333,88.35821960695475,75.029686,Regresión Lineal,88.35821960695475,-90.64178039304525
2022-05-01,701079,225,B,Baja,97.66666666666667,81.67758142832231,100.20623,Regresión Lineal,81.67758142832231,-143.3224185716777
2022-06-01,701079,83,B,Baja,153.33333333333334,84.87642820025818,111.10893,Regresión Lineal,84.87642820025818,1.8764282002581751
2022-04-01,701175,0,C,Alta,0.0,0.0,0.98307645,Media móvil,0.0,0.0
2022-05-01,701175,0,C,Alta,0.0,0.0,1.0967255,Media móvil,0.0,0.0
2022-06-01,701175,24,C,Alta,0.0,0.0,1.4839823,Media móvil,0.0,-24.0
2022-04-01,701210,107,B,Media,100.0,111.39517953506832,145.32028,Regresión Lineal,111.39517953506832,4.395179535068323
2022-05-01,701210,81,B,Media,99.0,41.76181993801015,131.3507,Regresión Lineal,41.76181993801015,-39.23818006198985
2022-06-01,701210,207,B,Media,112.0,154.79251446544825,154.08014,Regresión Lineal,154.79251446544825,-52.20748553455175
2022-04-01,701277,91,C,Baja,115.33333333333333,108.40477313174618,82.25101,Regresión Lineal,108.40477313174618,17.404773131746182
2022-05-01,701277,124,C,Baja,109.0,117.15398281826822,77.03494,Regresión Lineal,117.15398281826822,-6.846017181731781
2022-06-01,701277,112,C,Baja,111.66666666666667,121.59770475404304,89.14802,Regresión Lineal,121.59770475404304,9.597704754043036
2022-04-01,701278,24,C,Alta,4.333333333333333,5.622535535820028,6.571512,Media móvil,4.333333333333333,-19.666666666666668
2022-05-01,701278,2,C,Alta,10.0,7.733062125870459,9.418851,Media móvil,10.0,8.0
2022-06-01,701278,29,C,Alta,9.0,4.134943496537395,4.0254903,Media móvil,9.0,-20.0
2022-04-01,701279,533,A,Baja,494.0,567.3962158144416,459.37634,Media móvil,494.0,-39.0
2022-05-01,701279,450,A,Baja,483.3333333333333,486.8541573759509,478.5345,Media móvil,483.3333333333333,33.333333333333314
2022-06-01,701279,590,A,Baja,471.0,426.82601099493604,465.05396,Media móvil,471.0,-119.0
2022-04-01,701289,2,C,Media,3.3333333333333335,0.0,5.3231444,Media móvil,3.3333333333333335,1.3333333333333335
2022-05-01,701289,4,C,Media,4.0,2.6080497547866015,4.931998,Media móvil,4.0,0.0
2022-06-01,701289,0,C,Media,4.0,4.5965158858719555,4.5128727,Media móvil,4.0,4.0
2022-04-01,701399,402,B,Baja,386.6666666666667,511.02987647684085,353.9857,Media móvil,386.6666666666667,-15.333333333333314
2022-05-01,701399,262,B,Baja,357.3333333333333,326.31753398150124,379.4997,Media móvil,357.3333333333333,95.33333333333331
2022-06-01,701399,297,B,Baja,336.0,354.4228505369182,326.70108,Media móvil,336.0,39.0
2022-04-01,701405,1,C,Alta,0.3333333333333333,0.0,0.13536385,Regresión Lineal,0.0,-1.0
2022-05-01,701405,0,C,Alta,0.6666666666666666,0.0,0.10450687,Regresión Lineal,0.0,0.0
2022-06-01,701405,0,C,Alta,0.6666666666666666,0.0,0.044066854,Regresión Lineal,0.0,0.0
2022-04-01,701428,1,C,Media,10.0,9.619274544644975,7.466551,Regresión Lineal,9.619274544644975,8.619274544644975
2022-05-01,701428,6,C,Media,6.666666666666667,7.565220453816455,5.625542,Regresión Lineal,7.565220453816455,1.5652204538164547
2022-06-01,701428,23,C,Media,6.0,10.615565131945289,6.5429435,Regresión Lineal,10.615565131945289,-12.384434868054711
2022-04-01,701429,82,C,Media,0.0,0.0,0.2560778,Media móvil,0.0,-82.0
2022-05-01,701429,17,C,Media,27.333333333333332,15.391307798724032,27.184698,Media móvil,27.333333333333332,10.333333333333332
2022-06-01,701429,61,C,Media,33.0,16.06457744302628,25.698374,Media móvil,33.0,-28.0
2022-04-01,701442,0,C,Alta,0.6666666666666666,0.5527705421012299,0.6970376,XGBoost,0.6970375776290894,0.6970375776290894
2022-05-01,701442,1,C,Alta,0.0,0.0,0.62262034,XGBoost,0.6226203441619873,-0.3773796558380127
2022-06-01,701442,1,C,Alta,0.3333333333333333,0.0,0.8019544,XGBoost,0.8019543886184692,-0.19804561138153076
2022-04-01,701452,24,C,Baja,40.333333333333336,39.264619298049666,36.660088,XGBoost,36.66008758544922,12.660087585449219
2022-05-01,701452,25,C,Baja,36.333333333333336,30.7814547835739,30.68331,XGBoost,30.68330955505371,5.683309555053711
2022-06-01,701452,44,C,Baja,35.666666666666664,61.33107368739349,33.94239,XGBoost,33.94239044189453,-10.057609558105469
2022-04-01,701479,32,C,Baja,22.333333333333332,27.116508818687695,26.748741,XGBoost,26.748741149902344,-5.251258850097656
2022-05-01,701479,30,C,Baja,23.666666666666668,22.285327791700276,27.903223,XGBoost,27.903223037719727,-2.0967769622802734
2022-06-01,701479,24,C,Baja,26.333333333333332,17.198872806221637,23.278337,XGBoost,23.278337478637695,-0.7216625213623047
2022-04-01,701694,16,C,Media,7.0,5.057845493869326,10.417492,Media móvil,7.0,-9.0
2022-05-01,701694,8,C,Media,10.666666666666666,13.685065701870794,13.733749,Media móvil,10.666666666666666,2.666666666666666
2022-06-01,701694,4,C,Media,9.0,3.7203454325146303,10.5730095,Media móvil,9.0,5.0
2022-04-01,701715,3,C,Media,3.6666666666666665,10.241770635438417,2.061909,XGBoost,2.0619089603424072,-0.9380910396575928
2022-05-01,701715,6,C,Media,1.3333333333333333,0.0,3.0713406,XGBoost,3.071340560913086,-2.928659439086914
2022-06-01,701715,1,C,Media,3.0,0.0,1.7382214,XGBoost,1.7382214069366455,0.7382214069366455
2022-04-01,701725,2,C,Media,2.3333333333333335,2.4925592334600077,1.8448055,Media móvil,2.3333333333333335,0.3333333333333335
2022-05-01,701725,1,C,Media,1.6666666666666667,0.0,2.4469361,Media móvil,1.6666666666666667,0.6666666666666667
2022-06-01,701725,4,C,Media,1.6666666666666667,0.18921445027704076,1.9946458,Media móvil,1.6666666666666667,-2.333333333333333
2022-04-01,701727,0,C,Alta,0.3333333333333333,0.0,0.10124082,Regresión Lineal,0.0,0.0
2022-05-01,701727,0,C,Alta,0.3333333333333333,0.0,0.049191426,Regresión Lineal,0.0,0.0
2022-06-01,701727,0,C,Alta,0.3333333333333333,0.0,0.030120417,Regresión Lineal,0.0,0.0
2022-04-01,701829,0,C,Alta,0.0,0.0,0.12586479,Media móvil,0.0,0.0
2022-05-01,701829,0,C,Alta,0.0,0.0,0.09970514,Media móvil,0.0,0.0
2022-06-01,701829,0,C,Alta,0.0,0.0,0.0,Media móvil,0.0,0.0
2022-04-01,701833,9,C,Alta,0.0,0.0,0.31531024,XGBoost,0.3153102397918701,-8.68468976020813
2022-05-01,701833,6,C,Alta,3.0,0.2511731767093113,0.23007698,XGBoost,0.23007698357105255,-5.7699230164289474
2022-06-01,701833,0,C,Alta,5.0,0.0,0.15753533,XGBoost,0.15753532946109772,0.15753532946109772
2022-04-01,701835,1,C,Alta,0.0,0.0,0.2671629,XGBoost,0.26716288924217224,-0.7328371107578278
2022-05-01,701835,20,C,Alta,0.3333333333333333,0.0,0.5647545,XGBoost,0.5647544860839844,-19.435245513916016
2022-06-01,701835,1,C,Alta,7.0,2.745250017354797,0.080605425,XGBoost,0.08060542494058609,-0.9193945750594139
2022-04-01,701841,5,C,Alta,0.6666666666666666,0.0,0.7239772,XGBoost,0.7239772081375122,-4.276022791862488
2022-05-01,701841,0,C,Alta,2.3333333333333335,0.0,0.36589926,XGBoost,0.3658992648124695,0.3658992648124695
2022-06-01,701841,0,C,Alta,2.3333333333333335,1.0803626835670457,0.32969123,XGBoost,0.32969123125076294,0.32969123125076294
2022-04-01,701842,0,C,Alta,1.0,0.0,0.2809679,Regresión Lineal,0.0,0.0
2022-05-01,701842,2,C,Alta,0.6666666666666666,0.5119122622404735,0.14659363,Regresión Lineal,0.5119122622404735,-1.4880877377595265
2022-06-01,701842,0,C,Alta,0.6666666666666666,0.0,0.3137826,Regresión Lineal,0.0,0.0
2022-04-01,701843,8,C,Media,17.666666666666668,24.292288485650847,9.000887,XGBoost,9.000886917114258,1.0008869171142578
2022-05-01,701843,2,C,Media,12.333333333333334,19.09159651118023,10.921554,XGBoost,10.921553611755371,8.921553611755371
2022-06-01,701843,13,C,Media,6.666666666666667,8.98610576737196,9.171041,XGBoost,9.171040534973145,-3.8289594650268555
2022-04-01,701847,11,C,Media,31.333333333333332,20.900006074107818,14.004909,XGBoost,14.004908561706543,3.004908561706543
2022-05-01,701847,12,C,Media,29.666666666666668,59.089890679237214,20.421154,XGBoost,20.421154022216797,8.421154022216797
2022-06-01,701847,11,C,Media,16.0,25.626086583368856,22.782513,XGBoost,22.782512664794922,11.782512664794922
2022-04-01,701848,56,C,Baja,63.0,77.00710046205285,70.55343,Media móvil,63.0,7.0
2022-05-01,701848,79,C,Baja,56.0,56.895122900775604,84.60015,Media móvil,56.0,-23.0
2022-06-01,701848,55,C,Baja,62.0,51.017105180822384,91.40981,Media móvil,62.0,7.0
2022-04-01,701849,13,C,Alta,1.6666666666666667,0.0,1.1691015,XGBoost,1.1691014766693115,-11.830898523330688
2022-05-01,701849,0,C,Alta,5.666666666666667,4.797547264464077,1.8638158,XGBoost,1.8638157844543457,1.8638157844543457
2022-06-01,701849,0,C,Alta,4.333333333333333,1.1333816259554754,0.9473386,XGBoost,0.9473385810852051,0.9473385810852051
2022-04-01,701853,0,C,Alta,0.0,0.0,0.319822,Media móvil,0.0,0.0
2022-05-01,701853,0,C,Alta,0.0,0.0,0.31938872,Media móvil,0.0,0.0
2022-06-01,701853,28,C,Alta,0.0,0.0,0.29690698,Media móvil,0.0,-28.0
2022-04-01,701854,0,C,Media,5.666666666666667,0.0,5.686455,Regresión Lineal,0.0,0.0
2022-05-01,701854,21,C,Media,5.666666666666667,8.96680937854013,3.8169055,Regresión Lineal,8.96680937854013,-12.03319062145987
2022-06-01,701854,15,C,Media,9.666666666666666,10.419175887838826,4.883387,Regresión Lineal,10.419175887838826,-4.580824112161174
2022-04-01,701855,63,B,Baja,119.66666666666667,111.72307988202148,86.244804,XGBoost,86.24480438232422,23.24480438232422
2022-05-01,701855,54,B,Baja,106.66666666666667,179.85963184780294,78.190605,XGBoost,78.19060516357422,24.19060516357422
2022-06-01,701855,0,B,Baja,69.66666666666667,92.65127642693585,77.6402,XGBoost,77.64019775390625,77.64019775390625
2022-04-01,701863,5,C,Media,0.6666666666666666,0.0,1.6863861,XGBoost,1.6863861083984375,-3.3136138916015625
2022-05-01,701863,0,C,Media,2.3333333333333335,0.0,1.6864004,XGBoost,1.6864004135131836,1.6864004135131836
2022-06-01,701863,3,C,Media,2.3333333333333335,1.0803626835670457,1.1109903,XGBoost,1.110990285873413,-1.889009714126587
2022-04-01,701864,15,C,Media,4.666666666666667,0.0,6.0959516,XGBoost,6.095951557159424,-8.904048442840576
2022-05-01,701864,3,C,Media,9.333333333333334,7.115779375348133,8.175313,XGBoost,8.175312995910645,5.1753129959106445
2022-06-01,701864,4,C,Media,7.666666666666667,5.328378092323279,8.608811,XGBoost,8.608811378479004,4.608811378479004
2022-04-01,701865,68,B,Baja,105.0,125.90644848391818,79.24501,XGBoost,79.24501037597656,11.245010375976562
2022-05-01,701865,58,B,Baja,86.33333333333333,105.9093822097364,77.9379,XGBoost,77.93789672851562,19.937896728515625
2022-06-01,701865,49,B,Baja,70.66666666666667,85.87245304360675,73.77183,XGBoost,73.7718276977539,24.771827697753906
2022-04-01,701866,0,C,Alta,0.0,0.0,0.0,Media móvil,0.0,0.0
2022-05-01,701866,0,C,Alta,0.0,0.0,0.2691363,Media móvil,0.0,0.0
2022-06-01,701866,0,C,Alta,0.0,0.0,0.25479242,Media móvil,0.0,0.0
2022-04-01,701930,41,C,Baja,48.0,49.89941646591471,46.567657,XGBoost,46.567657470703125,5.567657470703125
2022-05-01,701930,46,C,Baja,44.0,41.27135649446718,50.33565,XGBoost,50.33565139770508,4.335651397705078
2022-06-01,701930,55,C,Baja,44.333333333333336,42.40703927161637,50.367447,XGBoost,50.36744689941406,-4.6325531005859375
2022-04-01,701942,82,C,Media,77.66666666666667,80.41663915046057,91.93709,XGBoost,91.93708801269531,9.937088012695312
2022-05-01,701942,0,C,Media,77.0,69.10113129516634,75.85173,XGBoost,75.85173034667969,75.85173034667969
2022-06-01,701942,0,C,Media,52.666666666666664,88.75945656614596,14.598243,XGBoost,14.59824275970459,14.59824275970459
2022-04-01,701943,186,B,Media,247.66666666666666,201.180136098757,188.69312,XGBoost,188.693115234375,2.693115234375
2022-05-01,701943,0,B,Media,254.33333333333334,244.71770274385838,167.8239,XGBoost,167.8238983154297,167.8238983154297
2022-06-01,701943,0,B,Media,183.0,427.80740486056334,43.69041,XGBoost,43.69041061401367,43.69041061401367
2022-04-01,701954,2,C,Alta,0.3333333333333333,0.0,1.0733407,XGBoost,1.073340654373169,-0.926659345626831
2022-05-01,701954,1,C,Alta,1.0,0.0,1.1388655,XGBoost,1.1388654708862305,0.13886547088623047
2022-06-01,701954,1,C,Alta,1.3333333333333333,0.0,0.873925,XGBoost,0.873924970626831,-0.12607502937316895
2022-04-01,701961,10,C,Media,6.666666666666667,13.396226311567032,7.0418453,XGBoost,7.041845321655273,-2.9581546783447266
2022-05-01,701961,0,C,Media,5.666666666666667,6.4892708285522644,12.41298,XGBoost,12.412980079650879,12.412980079650879
2022-06-01,701961,13,C,Media,3.3333333333333335,0.0,11.284707,XGBoost,11.284707069396973,-1.7152929306030273
2022-04-01,701962,0,C,Alta,0.3333333333333333,0.0,0.1776943,Regresión Lineal,0.0,0.0
2022-05-01,701962,0,C,Alta,0.0,0.0,0.1668043,Regresión Lineal,0.0,0.0
2022-06-01,701962,0,C,Alta,0.0,0.0,0.15657681,Regresión Lineal,0.0,0.0
2022-04-01,701964,1,C,Alta,0.6666666666666666,0.0,0.18995662,XGBoost,0.18995662033557892,-0.8100433796644211
2022-05-01,701964,0,C,Alta,1.0,0.44734153031121027,0.22162336,XGBoost,0.22162336111068726,0.22162336111068726
2022-06-01,701964,2,C,Alta,0.3333333333333333,0.0,0.20009579,XGBoost,0.2000957876443863,-1.7999042123556137
2022-04-01,701965,1,C,Alta,0.6666666666666666,0.0,0.3559501,XGBoost,0.35595008730888367,-0.6440499126911163
2022-05-01,701965,2,C,Alta,0.6666666666666666,0.0,0.7019266,XGBoost,0.701926589012146,-1.298073410987854
2022-06-01,701965,0,C,Alta,1.0,0.0,0.53381515,XGBoost,0.5338151454925537,0.5338151454925537
2022-04-01,701966,0,C,Alta,1.0,0.0,0.18131258,XGBoost,0.18131257593631744,0.18131257593631744
2022-05-01,701966,0,C,Alta,0.6666666666666666,0.5527705421012299,0.16195165,XGBoost,0.16195164620876312,0.16195164620876312
2022-06-01,701966,0,C,Alta,0.0,0.0,0.123254865,XGBoost,0.12325486540794373,0.12325486540794373
2022-04-01,701977,0,C,Alta,0.6666666666666666,0.0,0.24065393,XGBoost,0.24065393209457397,0.24065393209457397
2022-05-01,701977,0,C,Alta,0.6666666666666666,0.0,0.08898117,XGBoost,0.08898116648197174,0.08898116648197174
2022-06-01,701977,0,C,Alta,0.6666666666666666,0.5119122622404735,0.09734155,XGBoost,0.09734155237674713,0.09734155237674713
2022-04-01,701978,0,C,Alta,0.0,0.0,0.2770126,Media móvil,0.0,0.0
2022-05-01,701978,0,C,Alta,0.0,0.0,0.23009013,Media móvil,0.0,0.0
2022-06-01,701978,2,C,Alta,0.0,0.0,0.21618758,Media móvil,0.0,-2.0
2022-04-01,701979,0,C,Alta,1.6666666666666667,0.7083845016784363,0.16703512,XGBoost,0.16703511774539948,0.16703511774539948
2022-05-01,701979,0,C,Alta,1.0,1.7879848598858263,0.117294915,XGBoost,0.11729491502046585,0.11729491502046585
2022-06-01,701979,0,C,Alta,0.0,0.0,0.106491305,XGBoost,0.10649130493402481,0.10649130493402481
2022-04-01,701996,23,C,Alta,0.0,0.0,0.27114478,XGBoost,0.2711447775363922,-22.728855222463608
2022-05-01,701996,0,C,Alta,7.666666666666667,3.6249107080961824,0.0,XGBoost,0.0,0.0
2022-06-01,701996,0,C,Alta,7.666666666666667,3.6249107080961824,0.0,XGBoost,0.0,0.0
2022-04-01,702017,0,C,Alta,0.0,0.0,0.08539334,Media móvil,0.0,0.0
2022-05-01,702017,0,C,Alta,0.0,0.0,0.16650617,Media móvil,0.0,0.0
2022-06-01,702017,0,C,Alta,0.0,0.0,0.15332225,Media móvil,0.0,0.0
2022-04-01,702019,51,C,Baja,61.0,64.74015801530933,53.16399,Media móvil,61.0,10.0
2022-05-01,702019,68,C,Baja,55.666666666666664,55.882113838992005,51.95518,Media móvil,55.666666666666664,-12.333333333333336
2022-06-01,702019,96,C,Baja,59.0,55.84110278781402,50.210644,Media móvil,59.0,-37.0
2022-04-01,702020,26,C,Alta,0.3333333333333333,0.0,0.7964432,XGBoost,0.7964432239532471,-25.203556776046753
2022-05-01,702020,0,C,Alta,8.666666666666666,4.347854464821942,0.0,XGBoost,0.0,0.0
2022-06-01,702020,0,C,Alta,8.666666666666666,3.571547147467567,0.3409633,XGBoost,0.34096330404281616,0.34096330404281616
2022-04-01,702021,0,C,Baja,31.0,32.99512137440632,23.434284,XGBoost,23.434284210205078,23.434284210205078
2022-05-01,702021,25,C,Baja,19.666666666666668,39.00259478462027,26.263464,XGBoost,26.263463973999023,1.2634639739990234
2022-06-01,702021,23,C,Baja,16.333333333333332,26.993639619508798,36.960987,XGBoost,36.96098709106445,13.960987091064453
2022-04-01,702022,27,C,Media,22.0,26.497744809329266,8.753571,XGBoost,8.753570556640625,-18.246429443359375
2022-05-01,702022,0,C,Media,22.333333333333332,27.238056931191526,7.501893,XGBoost,7.501893043518066,7.501893043518066
2022-06-01,702022,0,C,Media,13.333333333333334,15.907999749563444,9.000399,XGBoost,9.000398635864258,9.000398635864258
2022-04-01,702023,0,C,Media,6.0,1.109278435898268,14.4746685,Regresión Lineal,1.109278435898268,1.109278435898268
2022-05-01,702023,27,C,Media,6.0,4.173694192247813,6.7605834,Regresión Lineal,4.173694192247813,-22.82630580775219
2022-06-01,702023,25,C,Media,14.0,18.64220913133829,5.837145,Regresión Lineal,18.64220913133829,-6.357790868661709
2022-04-01,702024,3,C,Media,1.6666666666666667,1.6617592873603568,1.8729994,XGBoost,1.8729994297027588,-1.1270005702972412
2022-05-01,702024,3,C,Media,1.6666666666666667,0.0,1.9395173,XGBoost,1.9395172595977783,-1.0604827404022217
2022-06-01,702024,0,C,Media,2.6666666666666665,0.3117892898593104,1.9176257,XGBoost,1.9176256656646729,1.9176256656646729
2022-04-01,702025,0,C,Alta,0.6666666666666666,0.0,0.4607707,Regresión Lineal,0.0,0.0
2022-05-01,702025,2,C,Alta,0.3333333333333333,0.0,0.28912172,Regresión Lineal,0.0,-2.0
2022-06-01,702025,0,C,Alta,1.0,0.0,0.3180666,Regresión Lineal,0.0,0.0
2022-04-01,702028,0,C,Alta,0.3333333333333333,0.0,0.08030097,Regresión Lineal,0.0,0.0
2022-05-01,702028,0,C,Alta,0.3333333333333333,0.0,0.078358606,Regresión Lineal,0.0,0.0
2022-06-01,702028,0,C,Alta,0.0,0.0,0.039516296,Regresión Lineal,0.0,0.0
2022-04-01,702029,2,C,Alta,0.3333333333333333,0.0,0.34938505,Media móvil,0.3333333333333333,-1.6666666666666667
2022-05-01,702029,0,C,Alta,1.0,0.0,0.31392127,Media móvil,1.0,1.0
2022-06-01,702029,1,C,Alta,1.0,0.0,0.12670133,Media móvil,1.0,0.0
2022-04-01,702031,5,C,Alta,1.0,0.0,0.850155,XGBoost,0.8501549959182739,-4.149845004081726
2022-05-01,702031,4,C,Alta,2.3333333333333335,1.0803626835670457,0.79489803,XGBoost,0.7948980331420898,-3.20510196685791
2022-06-01,702031,0,C,Alta,3.0,0.0,0.5249101,XGBoost,0.5249100923538208,0.5249100923538208
2022-04-01,702032,12,C,Alta,2.0,0.0,1.4303894,XGBoost,1.430389404296875,-10.569610595703125
2022-05-01,702032,0,C,Alta,5.666666666666667,3.36385573636119,1.465204,XGBoost,1.4652040004730225,1.4652040004730225
2022-06-01,702032,0,C,Alta,4.666666666666667,2.713403414442057,0.9069238,XGBoost,0.906923770904541,0.906923770904541
2022-04-01,702033,0,C,Alta,1.0,0.4881998101719671,1.1063833,XGBoost,1.1063833236694336,1.1063833236694336
2022-05-01,702033,2,C,Alta,0.3333333333333333,0.0,0.8004322,XGBoost,0.8004322052001953,-1.1995677947998047
2022-06-01,702033,5,C,Alta,1.0,0.0,1.15463,XGBoost,1.1546299457550049,-3.845370054244995
2022-04-01,702035,1,C,Media,2.3333333333333335,0.6675262218176794,0.94973326,Regresión Lineal,0.6675262218176794,-0.3324737781823206
2022-05-01,702035,2,C,Media,2.0,2.700501365706991,0.7836615,Regresión Lineal,2.700501365706991,0.700501365706991
2022-06-01,702035,0,C,Media,1.3333333333333333,0.0,0.91909635,Regresión Lineal,0.0,0.0
2022-04-01,702037,0,C,Media,2.0,0.4881998101719671,0.9207455,Regresión Lineal,0.4881998101719671,0.4881998101719671
2022-05-01,702037,2,C,Media,1.3333333333333333,1.7026175672211137,0.5263747,Regresión Lineal,1.7026175672211137,-0.2973824327788863
2022-06-01,702037,1,C,Media,1.0,0.0,0.98349845,Regresión Lineal,0.0,-1.0
2022-04-01,702039,1,C,Alta,0.3333333333333333,0.0,0.54351723,XGBoost,0.5435172319412231,-0.45648276805877686
2022-05-01,702039,5,C,Alta,0.6666666666666666,0.0,0.4999839,XGBoost,0.49998390674591064,-4.500016093254089
2022-06-01,702039,0,C,Alta,2.3333333333333335,0.04049998104239161,0.13987532,XGBoost,0.13987532258033752,0.13987532258033752
2022-04-01,702040,0,C,Alta,2.0,1.706268300164313,0.6489881,XGBoost,0.6489881277084351,0.6489881277084351
2022-05-01,702040,0,C,Alta,1.0,0.0,0.7864804,XGBoost,0.7864804267883301,0.7864804267883301
2022-06-01,702040,0,C,Alta,1.0,1.7879848598858268,0.6974294,XGBoost,0.6974294185638428,0.6974294185638428
2022-04-01,702041,2,C,Alta,0.3333333333333333,0.0,0.47145796,Media móvil,0.3333333333333333,-1.6666666666666667
2022-05-01,702041,2,C,Alta,1.0,0.0,0.52041125,Media móvil,1.0,-1.0
2022-06-01,702041,1,C,Alta,1.6666666666666667,0.0,0.4646371,Media móvil,1.6666666666666667,0.6666666666666667
2022-04-01,702043,0,C,Alta,0.6666666666666666,0.0,0.25656945,Regresión Lineal,0.0,0.0
2022-05-01,702043,0,C,Alta,0.3333333333333333,0.0,0.1088596,Regresión Lineal,0.0,0.0
2022-06-01,702043,0,C,Alta,0.0,0.0,0.34430608,Regresión Lineal,0.0,0.0
2022-04-01,702044,5,C,Baja,6.333333333333333,5.66569394755,3.8071823,XGBoost,3.8071823120117188,-1.1928176879882812
2022-05-01,702044,6,C,Baja,5.666666666666667,2.8464278703649946,3.9476147,XGBoost,3.9476146697998047,-2.0523853302001953
2022-06-01,702044,2,C,Baja,6.333333333333333,6.592066335212987,3.2033606,XGBoost,3.2033605575561523,1.2033605575561523
2022-04-01,702045,12,C,Baja,26.666666666666668,20.702597677366974,14.320072,XGBoost,14.320072174072266,2.3200721740722656
2022-05-01,702045,12,C,Baja,23.333333333333332,29.949466819002637,15.723631,XGBoost,15.723630905151367,3.723630905151367
2022-06-01,702045,19,C,Baja,17.666666666666668,30.439766177331713,23.151049,XGBoost,23.15104866027832,4.15104866027832
2022-04-01,702046,6,C,Baja,10.333333333333334,9.367929454018029,8.628777,XGBoost,8.628776550292969,2.6287765502929688
2022-05-01,702046,10,C,Baja,9.0,6.534475682875435,6.2142086,XGBoost,6.214208602905273,-3.7857913970947266
2022-06-01,702046,7,C,Baja,10.0,13.426022235183282,6.2954383,XGBoost,6.295438289642334,-0.704561710357666
2022-04-01,702047,0,C,Media,2.0,0.0,1.5350158,Regresión Lineal,0.0,0.0
2022-05-01,702047,0,C,Media,1.3333333333333333,0.5119122622404735,1.092344,Regresión Lineal,0.5119122622404735,0.5119122622404735
2022-06-01,702047,1,C,Media,0.6666666666666666,0.4710539823797171,0.818683,Regresión Lineal,0.4710539823797171,-0.5289460176202829
2022-04-01,702050,171,B,Baja,338.6666666666667,349.22593275814995,248.92242,XGBoost,248.92242431640625,77.92242431640625
2022-05-01,702050,277,B,Baja,285.3333333333333,313.86628080937385,211.73218,XGBoost,211.732177734375,-65.267822265625
2022-06-01,702050,162,B,Baja,287.6666666666667,460.0405770566431,222.94785,XGBoost,222.94784545898438,60.947845458984375
2022-04-01,702051,75,B,Media,123.66666666666667,95.55325116701287,70.05786,XGBoost,70.057861328125,-4.942138671875
2022-05-01,702051,75,B,Media,117.0,152.3712937615749,63.61937,XGBoost,63.61936950683594,-11.380630493164062
2022-06-01,702051,43,B,Media,94.66666666666667,144.4242930152836,62.516212,XGBoost,62.516212463378906,19.516212463378906
2022-04-01,702052,24,C,Baja,19.333333333333332,9.70915927836352,22.631132,XGBoost,22.631132125854492,-1.3688678741455078
2022-05-01,702052,17,C,Baja,24.333333333333332,21.42224376332837,22.548208,XGBoost,22.548208236694336,5.548208236694336
2022-06-01,702052,41,C,Baja,21.666666666666668,23.303938006363676,22.335855,XGBoost,22.33585548400879,-18.66414451599121
2022-04-01,702054,69,C,Baja,38.333333333333336,48.65449074214072,34.937366,Regresión Lineal,48.65449074214072,-20.345509257859277
2022-05-01,702054,15,C,Baja,45.666666666666664,46.541622272724304,31.33302,Regresión Lineal,46.541622272724304,31.541622272724304
2022-06-01,702054,36,C,Baja,36.666666666666664,34.29069827129902,30.278097,Regresión Lineal,34.29069827129902,-1.7093017287009786
2022-04-01,702055,71,B,Baja,96.33333333333333,62.28065269978704,85.14918,Regresión Lineal,62.28065269978704,-8.71934730021296
2022-05-01,702055,136,B,Baja,105.66666666666667,166.65571947042147,80.084015,Regresión Lineal,166.65571947042147,30.655719470421474
2022-06-01,702055,67,B,Baja,99.0,95.54788891423316,102.327415,Regresión Lineal,95.54788891423316,28.547888914233155
2022-04-01,702056,17,C,Media,12.0,11.318973708135244,4.283348,Regresión Lineal,11.318973708135244,-5.681026291864756
2022-05-01,702056,16,C,Media,14.333333333333334,23.343396215932415,5.4196897,Regresión Lineal,23.343396215932415,7.343396215932415
2022-06-01,702056,0,C,Media,12.333333333333334,4.13902016793004,7.790394,Regresión Lineal,4.13902016793004,4.13902016793004
2022-04-01,702057,17,C,Alta,2.3333333333333335,1.566186845797021,2.18458,XGBoost,2.184580087661743,-14.815419912338257
2022-05-01,702057,0,C,Alta,7.0,5.483125432330489,2.1420372,XGBoost,2.1420371532440186,2.1420371532440186
2022-06-01,702057,3,C,Alta,5.666666666666667,2.0155900752016405,1.9546149,XGBoost,1.9546148777008057,-1.0453851222991943
2022-04-01,702058,0,C,Alta,3.0,0.6711769547608792,2.613219,Regresión Lineal,0.6711769547608792,0.6711769547608792
2022-05-01,702058,1,C,Alta,2.3333333333333335,4.063061880195077,1.4805083,Regresión Lineal,4.063061880195077,3.063061880195077
2022-06-01,702058,0,C,Alta,1.0,0.48819981017196623,2.183997,Regresión Lineal,0.48819981017196623,0.48819981017196623
2022-04-01,702060,19,C,Media,44.666666666666664,45.46773720281869,13.513491,Media móvil,44.666666666666664,25.666666666666664
2022-05-01,702060,36,C,Media,36.666666666666664,62.49728716015419,13.693116,Media móvil,36.666666666666664,0.6666666666666643
2022-06-01,702060,23,C,Media,29.666666666666668,35.274193002444534,16.01532,Media móvil,29.666666666666668,6.666666666666668
2022-04-01,702061,20,C,Media,34.666666666666664,29.799409736485718,20.009281,Regresión Lineal,29.799409736485718,9.799409736485718
2022-05-01,702061,62,C,Media,30.666666666666668,37.36270778319232,21.144207,Regresión Lineal,37.36270778319232,-24.63729221680768
2022-06-01,702061,42,C,Media,39.333333333333336,42.558954620277646,22.461946,Regresión Lineal,42.558954620277646,0.5589546202776461
2022-04-01,702062,0,C,Alta,12.666666666666666,5.158666801761047,0.7638186,XGBoost,0.763818621635437,0.763818621635437
2022-05-01,702062,0,C,Alta,12.333333333333334,33.16669514202079,0.550576,XGBoost,0.5505759716033936,0.5505759716033936
2022-06-01,702062,2,C,Alta,2.6666666666666665,7.96405644880881,0.43159997,XGBoost,0.4315999746322632,-1.5684000253677368
2022-04-01,702063,15,C,Media,36.666666666666664,14.014829251462203,11.505784,XGBoost,11.505784034729004,-3.494215965270996
2022-05-01,702063,16,C,Media,41.0,82.06905563905538,5.397909,XGBoost,5.397909164428711,-10.602090835571289
2022-06-01,702063,38,C,Media,21.333333333333332,34.99179087037208,22.752531,XGBoost,22.752531051635742,-15.247468948364258
2022-04-01,702064,1089,A,Baja,1026.0,1465.25173911607,972.0616,Media móvil,1026.0,-63.0
2022-05-01,702064,1382,A,Baja,949.3333333333334,650.8483147685837,973.33704,Media móvil,949.3333333333334,-432.66666666666663
2022-06-01,702064,1375,A,Baja,1232.6666666666667,1227.7887901220743,1087.509,Media móvil,1232.6666666666667,-142.33333333333326
2022-04-01,702065,371,B,Baja,435.3333333333333,434.3159468438032,359.55078,XGBoost,359.55078125,-11.44921875
2022-05-01,702065,289,B,Baja,431.6666666666667,694.5898680435288,402.0281,XGBoost,402.0281066894531,113.02810668945312
2022-06-01,702065,500,B,Baja,313.6666666666667,276.23074999256903,353.40674,XGBoost,353.40673828125,-146.59326171875
2022-04-01,702069,7,C,Media,14.666666666666666,12.12001123678918,7.0302277,XGBoost,7.0302276611328125,0.0302276611328125
2022-05-01,702069,7,C,Media,12.333333333333334,14.923687907607551,5.243768,XGBoost,5.243768215179443,-1.7562317848205566
2022-06-01,702069,9,C,Media,9.666666666666666,14.841971347886037,4.1440053,XGBoost,4.144005298614502,-4.855994701385498
2022-04-01,702070,3,C,Media,13.333333333333334,6.363469437726714,6.3998065,XGBoost,6.399806499481201,3.399806499481201
2022-05-01,702070,9,C,Media,12.333333333333334,17.021805337894087,4.022778,XGBoost,4.022778034210205,-4.977221965789795
2022-06-01,702070,5,C,Media,10.0,18.966342744288433,4.0622764,XGBoost,4.062276363372803,-0.9377236366271973
2022-04-01,702074,45,C,Baja,82.0,83.19678243089515,80.62899,XGBoost,80.62899017333984,35.628990173339844
2022-05-01,702074,75,C,Baja,68.66666666666667,75.74150989314727,76.810265,XGBoost,76.81026458740234,1.8102645874023438
2022-06-01,702074,89,C,Baja,69.66666666666667,92.11121503807783,85.982155,XGBoost,85.9821548461914,-3.0178451538085938
2022-04-01,702075,58,C,Baja,63.333333333333336,86.0107009743378,40.41172,Media móvil,63.333333333333336,5.333333333333336
2022-05-01,702075,74,C,Baja,55.333333333333336,67.45401270943213,49.149117,Media móvil,55.333333333333336,-18.666666666666664
2022-06-01,702075,103,C,Baja,58.0,44.27119362785609,51.620495,Media móvil,58.0,-45.0
2022-04-01,702077,0,C,Alta,3.0,1.1751228670812335,0.98484826,XGBoost,0.9848482608795166,0.9848482608795166
2022-05-01,702077,3,C,Alta,2.3333333333333335,0.4183018004174248,0.7671639,XGBoost,0.767163872718811,-2.232836127281189
2022-06-01,702077,1,C,Alta,3.0,5.259057337591071,0.9265219,XGBoost,0.926521897315979,-0.073478102684021
2022-04-01,702078,4,C,Media,9.333333333333334,13.802012011630035,4.176214,XGBoost,4.176214218139648,0.17621421813964844
2022-05-01,702078,9,C,Media,6.0,7.72617152727241,4.7007146,XGBoost,4.700714588165283,-4.299285411834717
2022-06-01,702078,7,C,Media,6.0,3.9943889442662392,6.2852273,XGBoost,6.285227298736572,-0.7147727012634277
2022-04-01,702079,19,C,Baja,22.0,26.523294180628127,17.699638,XGBoost,17.69963836669922,-1.3003616333007812
2022-05-01,702079,12,C,Baja,19.333333333333332,20.311291516648488,17.075562,XGBoost,17.0755615234375,5.0755615234375
2022-06-01,702079,17,C,Baja,16.0,15.794640701027017,18.608644,XGBoost,18.608644485473633,1.6086444854736328
2022-04-01,702080,6,C,Baja,7.666666666666667,11.33228293999079,4.2989736,Media móvil,7.666666666666667,1.666666666666667
2022-05-01,702080,5,C,Baja,5.666666666666667,5.311825310645014,6.9946136,Media móvil,5.666666666666667,0.666666666666667
2022-06-01,702080,4,C,Baja,5.0,2.027224862789,7.3111544,Media móvil,5.0,1.0
2022-04-01,702085,0,C,Alta,6.0,8.241756534219103,1.1880035,XGBoost,1.1880035400390625,1.1880035400390625
2022-05-01,702085,1,C,Alta,3.0,2.15378330138077,1.0236101,XGBoost,1.0236101150512695,0.02361011505126953
2022-06-01,702085,2,C,Alta,2.3333333333333335,5.348608848270055,1.8330472,XGBoost,1.8330471515655518,-0.16695284843444824
2022-04-01,702088,0,C,Media,1.3333333333333333,0.0,1.1117709,Regresión Lineal,0.0,0.0
2022-05-01,702088,2,C,Media,1.0,1.7471265800250704,1.2226644,Regresión Lineal,1.7471265800250704,-0.2528734199749296
2022-06-01,702088,1,C,Media,0.6666666666666666,0.0,1.4730749,Regresión Lineal,0.0,-1.0
2022-04-01,702089,2,C,Media,16.333333333333332,21.728406111151912,8.48343,XGBoost,8.483429908752441,6.483429908752441
2022-05-01,702089,16,C,Media,9.666666666666666,13.500495175183634,7.409856,XGBoost,7.409855842590332,-8.590144157409668
2022-06-01,702089,6,C,Media,10.666666666666666,14.835178079414867,8.396606,XGBoost,8.3966064453125,2.3966064453125
2022-04-01,702090,3,C,Baja,15.666666666666666,18.22021131628135,10.258351,XGBoost,10.25835132598877,7.2583513259887695
2022-05-01,702090,16,C,Baja,10.333333333333334,11.58284457203766,9.110183,XGBoost,9.110182762145996,-6.889817237854004
2022-06-01,702090,9,C,Baja,12.0,17.876513458331225,9.251637,XGBoost,9.25163745880127,0.25163745880126953
2022-04-01,702145,4461,A,Baja,3538.6666666666665,3694.9346546378924,3698.4714,Media móvil,3538.6666666666665,-922.3333333333335
2022-05-01,702145,3723,A,Baja,3773.3333333333335,3166.1163356792354,3957.2449,Media móvil,3773.3333333333335,50.333333333333485
2022-06-01,702145,4381,A,Baja,3980.3333333333335,3724.671770237317,3908.0642,Media móvil,3980.3333333333335,-400.6666666666665
2022-04-01,702148,3,C,Alta,0.0,0.0,0.36932072,Regresión Lineal,0.0,-3.0
2022-05-01,702148,0,C,Alta,1.0,0.0,0.40069684,Regresión Lineal,0.0,0.0
2022-06-01,702148,0,C,Alta,1.0,0.0,0.29296398,Regresión Lineal,0.0,0.0
2022-04-01,702151,7,C,Media,4.666666666666667,1.6617592873603568,2.8674908,Media móvil,4.666666666666667,-2.333333333333333
2022-05-01,702151,6,C,Media,6.0,4.424273792481919,1.8005843,Media móvil,6.0,0.0
2022-06-01,702151,5,C,Media,6.0,3.3483241672177284,1.937751,Media móvil,6.0,1.0
2022-04-01,702153,0,C,Alta,0.6666666666666666,0.0,0.34794858,Regresión Lineal,0.0,0.0
2022-05-01,702153,0,C,Alta,0.6666666666666666,0.0,0.14193822,Regresión Lineal,0.0,0.0
2022-06-01,702153,2,C,Alta,0.6666666666666666,0.5527705421012299,0.18029915,Regresión Lineal,0.5527705421012299,-1.44722945789877
2022-04-01,702154,0,C,Alta,0.3333333333333333,0.0,1.2739086,XGBoost,1.2739086151123047,1.2739086151123047
2022-05-01,702154,2,C,Alta,0.3333333333333333,0.0,0.88728344,XGBoost,0.887283444404602,-1.112716555595398
2022-06-01,702154,16,C,Alta,1.0,0.0,1.6860344,XGBoost,1.6860344409942627,-14.313965559005737
2022-04-01,702197,1,C,Media,1.3333333333333333,0.4301957025189602,0.984354,Regresión Lineal,0.4301957025189602,-0.5698042974810398
2022-05-01,702197,0,C,Media,1.0,0.0,1.1534655,Regresión Lineal,0.0,0.0
2022-06-01,702197,0,C,Media,1.0,0.365624970589697,0.97961247,Regresión Lineal,0.365624970589697,0.365624970589697
2022-04-01,702204,2,C,Media,1.0,0.365624970589697,0.8115045,Media móvil,1.0,-1.0
2022-05-01,702204,2,C,Media,1.0,0.0,1.316674,Media móvil,1.0,-1.0
2022-06-01,702204,0,C,Media,1.3333333333333333,0.0,1.6028659,Media móvil,1.3333333333333333,1.3333333333333333
2022-04-01,702207,0,C,Alta,0.0,0.0,0.27045876,Media móvil,0.0,0.0
2022-05-01,702207,0,C,Alta,0.0,0.0,0.22854006,Media móvil,0.0,0.0
2022-06-01,702207,0,C,Alta,0.0,0.0,0.13737889,Media móvil,0.0,0.0
2022-04-01,702208,0,C,Alta,0.6666666666666666,0.5527705421012299,0.68424857,XGBoost,0.6842485666275024,0.6842485666275024
2022-05-01,702208,3,C,Alta,0.0,0.0,0.7431915,XGBoost,0.7431914806365967,-2.2568085193634033
2022-06-01,702208,2,C,Alta,1.0,0.0,0.8540144,XGBoost,0.8540143966674805,-1.1459856033325195
2022-04-01,702209,367,B,Baja,437.6666666666667,428.30200976771516,441.42474,Media móvil,437.6666666666667,70.66666666666669
2022-05-01,702209,428,B,Baja,413.6666666666667,417.8623681503494,414.41788,Media móvil,413.6666666666667,-14.333333333333314
2022-06-01,702209,383,B,Baja,416.3333333333333,449.63607597773876,417.6569,Media móvil,416.3333333333333,33.333333333333314
2022-04-01,702210,885,A,Baja,680.6666666666666,692.7685732807438,653.3074,Regresión Lineal,692.7685732807438,-192.2314267192562
2022-05-01,702210,605,A,Baja,737.3333333333334,658.4133769570246,696.40924,Regresión Lineal,658.4133769570246,53.41337695702464
2022-06-01,702210,719,A,Baja,727.0,719.5498021246334,673.46924,Regresión Lineal,719.5498021246334,0.549802124633402
2022-04-01,702211,1517,A,Baja,1404.0,1555.270121699599,1337.0631,Media móvil,1404.0,-113.0
2022-05-01,702211,1426,A,Baja,1387.0,1238.9610047132978,1482.4121,Media móvil,1387.0,-39.0
2022-06-01,702211,1389,A,Baja,1445.6666666666667,1355.888069622661,1462.3312,Media móvil,1445.6666666666667,56.66666666666674
2022-04-01,702212,176,B,Baja,202.0,208.4997993057674,177.129,XGBoost,177.12899780273438,1.128997802734375
2022-05-01,702212,207,B,Baja,189.66666666666666,178.98750089298107,198.71916,XGBoost,198.7191619873047,-8.280838012695312
2022-06-01,702212,199,B,Baja,198.33333333333334,211.60649023867734,184.71188,XGBoost,184.71188354492188,-14.288116455078125
2022-04-01,702216,9,C,Baja,11.0,14.074000884376904,10.022381,Media móvil,11.0,2.0
2022-05-01,702216,5,C,Baja,9.0,6.621856697808568,10.262416,Media móvil,9.0,4.0
2022-06-01,702216,8,C,Baja,7.666666666666667,7.585781706776245,8.054238,Media móvil,7.666666666666667,-0.33333333333333304
2022-04-01,702222,215,B,Baja,243.0,285.7450409518899,218.19887,XGBoost,218.19886779785156,3.1988677978515625
2022-05-01,702222,187,B,Baja,220.0,220.07437924006598,225.00551,XGBoost,225.00550842285156,38.00550842285156
2022-06-01,702222,252,B,Baja,205.66666666666666,210.86771116729838,214.37502,XGBoost,214.37501525878906,-37.62498474121094
2022-04-01,702226,1,C,Alta,0.0,0.0,0.16560298,XGBoost,0.16560298204421997,-0.83439701795578
2022-05-01,702226,0,C,Alta,0.3333333333333333,0.0,0.1082664,XGBoost,0.10826639831066132,0.10826639831066132
2022-06-01,702226,1,C,Alta,0.3333333333333333,0.0,0.07293033,XGBoost,0.07293032854795456,-0.9270696714520454
2022-04-01,702228,2,C,Media,1.0,0.0,1.9997709,XGBoost,1.9997708797454834,-0.00022912025451660156
2022-05-01,702228,8,C,Media,1.3333333333333333,0.30762086293669055,4.000685,XGBoost,4.000685214996338,-3.999314785003662
2022-06-01,702228,2,C,Media,3.3333333333333335,0.0,2.0315688,XGBoost,2.031568765640259,0.03156876564025879
2022-04-01,702229,6,C,Media,4.333333333333333,3.1719136469050744,5.152696,XGBoost,5.152696132659912,-0.8473038673400879
2022-05-01,702229,6,C,Media,4.666666666666667,2.4186618336043146,5.2008486,XGBoost,5.200848579406738,-0.7991514205932617
2022-06-01,702229,9,C,Media,5.333333333333333,2.1326538745790193,4.989394,XGBoost,4.989394187927246,-4.010605812072754
2022-04-01,702230,5,C,Media,2.6666666666666665,3.9404870406128065,2.021923,Media móvil,2.6666666666666665,-2.3333333333333335
2022-05-01,702230,5,C,Media,2.6666666666666665,2.033737469248966,2.0929124,Media móvil,2.6666666666666665,-2.3333333333333335
2022-06-01,702230,4,C,Media,3.3333333333333335,0.0,2.369609,Media móvil,3.3333333333333335,-0.6666666666666665
2022-04-01,702231,0,C,Alta,0.0,0.0,0.39389554,Media móvil,0.0,0.0
2022-05-01,702231,0,C,Alta,0.0,0.0,0.33886755,Media móvil,0.0,0.0
2022-06-01,702231,0,C,Alta,0.0,0.0,0.26868868,Media móvil,0.0,0.0
2022-04-01,702233,0,C,Alta,0.0,0.0,0.14246252,Media móvil,0.0,0.0
2022-05-01,702233,0,C,Alta,0.0,0.0,0.115059964,Media móvil,0.0,0.0
2022-06-01,702233,0,C,Alta,0.0,0.0,0.1024575,Media móvil,0.0,0.0
2022-04-01,702235,0,C,Alta,1.0,0.0,0.20891975,XGBoost,0.20891974866390228,0.20891974866390228
2022-05-01,702235,0,C,Alta,0.6666666666666666,0.5119122622404735,0.11664982,XGBoost,0.1166498214006424,0.1166498214006424
2022-06-01,702235,0,C,Alta,0.0,0.0,0.12985295,XGBoost,0.12985295057296753,0.12985295057296753
2022-04-01,702240,0,B,Alta,216.0,102.58090021677916,130.86934,Media móvil,216.0,216.0
2022-05-01,702240,199,B,Alta,204.66666666666666,320.04616410475853,12.707839,Media móvil,204.66666666666666,5.666666666666657
2022-06-01,702240,183,B,Alta,189.33333333333334,442.0423586398148,11.9653225,Media móvil,189.33333333333334,6.333333333333343
2022-04-01,702241,0,B,Alta,478.6666666666667,308.07573439725263,333.02533,Regresión Lineal,308.07573439725263,308.07573439725263
2022-05-01,702241,825,B,Alta,407.0,713.3799641639453,39.534046,Regresión Lineal,713.3799641639453,-111.62003583605474
2022-06-01,702241,694,B,Alta,491.6666666666667,825.5261246103248,257.93924,Regresión Lineal,825.5261246103248,131.5261246103248
2022-04-01,702242,0,B,Alta,331.6666666666667,176.97391643763538,347.78992,Regresión Lineal,176.97391643763538,176.97391643763538
2022-05-01,702242,824,B,Alta,321.6666666666667,390.1358041400456,27.601547,Regresión Lineal,390.1358041400456,-433.8641958599544
2022-06-01,702242,942,B,Alta,516.6666666666666,907.7725436686284,218.84607,Regresión Lineal,907.7725436686284,-34.22745633137163
2022-04-01,702243,0,C,Alta,29.333333333333332,18.30163272583775,2.9046,XGBoost,2.904599905014038,2.904599905014038
2022-05-01,702243,12,C,Alta,25.333333333333332,59.43240044020094,3.882256,XGBoost,3.882256031036377,-8.117743968963623
2022-06-01,702243,27,C,Alta,12.333333333333334,28.156956822481682,1.5494778,XGBoost,1.5494778156280518,-25.45052218437195
2022-04-01,702249,95,B,Baja,137.0,137.2413277583227,143.24068,Regresión Lineal,137.2413277583227,42.24132775832271
2022-05-01,702249,164,B,Baja,121.33333333333333,130.81850154455645,119.15661,Regresión Lineal,130.81850154455645,-33.181498455443545
2022-06-01,702249,139,B,Baja,133.0,147.07432671399047,144.51143,Regresión Lineal,147.07432671399047,8.074326713990473
2022-04-01,702251,14,C,Baja,11.0,10.496609134427576,9.362044,Media móvil,11.0,-3.0
2022-05-01,702251,8,C,Baja,11.666666666666666,13.361607350936902,11.469414,Media móvil,11.666666666666666,3.666666666666666
2022-06-01,702251,7,C,Baja,9.666666666666666,6.172752033948155,9.450483,Media móvil,9.666666666666666,2.666666666666666
2022-04-01,702256,0,C,Alta,0.0,0.0,0.3148075,Media móvil,0.0,0.0
2022-05-01,702256,0,C,Alta,0.0,0.0,0.2599301,Media móvil,0.0,0.0
2022-06-01,702256,0,C,Alta,0.0,0.0,0.24569026,Media móvil,0.0,0.0
2022-04-01,702257,4734,A,Baja,4433.666666666667,4804.698749024293,3675.8728,Regresión Lineal,4804.698749024293,70.69874902429274
2022-05-01,702257,3990,A,Baja,4392.0,4370.39096732058,3913.8171,Regresión Lineal,4370.39096732058,380.3909673205799
2022-06-01,702257,3917,A,Baja,4242.0,3956.3753426998273,3865.176,Regresión Lineal,3956.3753426998273,39.37534269982734
2022-04-01,702258,7336,A,Baja,7375.0,7746.199495591496,6456.311,Regresión Lineal,7746.199495591496,410.1994955914961
2022-05-01,702258,7030,A,Baja,7188.0,7031.358975203281,6767.101,Regresión Lineal,7031.358975203281,1.3589752032812612
2022-06-01,702258,6582,A,Baja,7100.0,6649.751368256105,6687.1406,Regresión Lineal,6649.751368256105,67.7513682561048
2022-04-01,702259,14456,A,Baja,13172.0,14471.328958098264,9269.115,Regresión Lineal,14471.328958098264,15.328958098263683
2022-05-01,702259,12815,A,Baja,13134.0,12141.460325944485,9885.316,Regresión Lineal,12141.460325944485,-673.5396740555152
2022-06-01,702259,13099,A,Baja,13313.0,12467.506982537707,9762.48,Regresión Lineal,12467.506982537707,-631.4930174622932
2022-04-01,702261,70,B,Media,192.66666666666666,130.8784941436351,101.387985,XGBoost,101.38798522949219,31.387985229492188
2022-05-01,702261,128,B,Media,184.0,226.0003480812409,104.865555,XGBoost,104.86555480957031,-23.134445190429688
2022-06-01,702261,155,B,Media,163.0,331.79758930880257,89.94456,XGBoost,89.9445571899414,-65.0554428100586
2022-04-01,702262,83,B,Baja,112.33333333333333,120.88323437617898,105.706505,Regresión Lineal,120.88323437617898,37.883234376178976
2022-05-01,702262,105,B,Baja,99.33333333333333,100.55187633064087,91.63151,Regresión Lineal,100.55187633064087,-4.448123669359134
2022-06-01,702262,130,B,Baja,101.0,115.53403878148379,92.3956,Regresión Lineal,115.53403878148379,-14.465961218516213
2022-04-01,702263,2743,A,Baja,2462.6666666666665,2543.458976166848,2240.1472,Media móvil,2462.6666666666665,-280.3333333333335
2022-05-01,702263,2426,A,Baja,2507.3333333333335,2374.4156943116905,2405.7273,Media móvil,2507.3333333333335,81.33333333333348
2022-06-01,702263,3114,A,Baja,2508.3333333333335,2329.204335422739,2375.8184,Media móvil,2508.3333333333335,-605.6666666666665
2022-04-01,702264,1389,A,Baja,1453.6666666666667,1728.8549502958074,1309.9075,Media móvil,1453.6666666666667,64.66666666666674
2022-05-01,702264,1266,A,Baja,1351.0,1248.8583845031783,1445.3567,Media móvil,1351.0,85.0
2022-06-01,702264,1762,A,Baja,1343.0,1338.561333694051,1427.3824,Media móvil,1343.0,-419.0
2022-04-01,702298,1,C,Alta,0.0,0.0,0.4543567,Regresión Lineal,0.0,-1.0
2022-05-01,702298,0,C,Alta,0.3333333333333333,0.0,0.43876055,Regresión Lineal,0.0,0.0
2022-06-01,702298,0,C,Alta,0.3333333333333333,0.0,0.30444056,Regresión Lineal,0.0,0.0
2022-04-01,702302,18,C,Baja,12.333333333333334,9.114980114405359,15.436638,Media móvil,12.333333333333334,-5.666666666666666
2022-05-01,702302,14,C,Baja,15.333333333333334,8.147644169508286,15.783199,Media móvil,15.333333333333334,1.333333333333334
2022-06-01,702302,18,C,Baja,17.333333333333332,19.1195813059254,12.814741,Media móvil,17.333333333333332,-0.6666666666666679
2022-04-01,702303,18,C,Media,10.666666666666666,10.44387907928222,13.711186,XGBoost,13.711186408996582,-4.288813591003418
2022-05-01,702303,22,C,Media,13.0,7.325054122037841,13.602808,XGBoost,13.602807998657227,-8.397192001342773
2022-06-01,702303,7,C,Media,18.0,12.894864596993447,11.5281925,XGBoost,11.528192520141602,4.528192520141602
2022-04-01,702307,2,C,Alta,1.6666666666666667,0.0,0.4823883,XGBoost,0.48238828778266907,-1.517611712217331
2022-05-01,702307,0,C,Alta,2.3333333333333335,4.103920160055834,0.56378996,XGBoost,0.563789963722229,0.563789963722229
2022-06-01,702307,0,C,Alta,0.6666666666666666,0.0,0.51502645,XGBoost,0.5150264501571655,0.5150264501571655
2022-04-01,702310,11,C,Media,22.666666666666668,32.690884602774624,15.111301,XGBoost,15.11130142211914,4.111301422119141
2022-05-01,702310,13,C,Media,16.0,13.72482276716509,14.802827,XGBoost,14.802826881408691,1.8028268814086914
2022-06-01,702310,25,C,Media,16.0,24.04851229022319,13.2351265,XGBoost,13.235126495361328,-11.764873504638672
2022-04-01,702321,0,C,Alta,1.3333333333333333,0.0,0.35731196,XGBoost,0.3573119640350342,0.3573119640350342
2022-05-01,702321,0,C,Alta,1.3333333333333333,3.0231991776704232,0.20664892,XGBoost,0.20664891600608826,0.20664891600608826
2022-06-01,702321,0,C,Alta,0.0,0.0,0.4237802,XGBoost,0.4237802028656006,0.4237802028656006
2022-04-01,702323,24,C,Media,12.0,7.770749683461421,12.482766,XGBoost,12.482766151428223,-11.517233848571777
2022-05-01,702323,11,C,Media,17.666666666666668,8.687199789115073,12.577479,XGBoost,12.577479362487793,1.577479362487793
2022-06-01,702323,16,C,Media,18.666666666666668,21.679788506072967,13.277406,XGBoost,13.277405738830566,-2.7225942611694336
2022-04-01,702324,15,C,Media,7.666666666666667,8.852684543481812,8.808629,XGBoost,8.808629035949707,-6.191370964050293
2022-05-01,702324,23,C,Media,9.333333333333334,6.065826741633611,11.244804,XGBoost,11.244804382324219,-11.755195617675781
2022-06-01,702324,7,C,Media,15.0,7.6048002284130085,7.08515,XGBoost,7.085149765014648,0.08514976501464844
2022-04-01,702326,2,C,Alta,0.3333333333333333,0.0,0.7978841,XGBoost,0.7978841066360474,-1.2021158933639526
2022-05-01,702326,0,C,Alta,1.0,0.0,0.8309094,XGBoost,0.8309093713760376,0.8309093713760376
2022-06-01,702326,3,C,Alta,1.0,0.0,0.5354855,XGBoost,0.5354855060577393,-2.4645144939422607
2022-04-01,702358,84,C,Baja,80.0,80.60971093418635,81.661575,Regresión Lineal,80.60971093418635,-3.390289065813647
2022-05-01,702358,72,C,Baja,80.0,77.13671237922925,77.78669,Regresión Lineal,77.13671237922925,5.136712379229252
2022-06-01,702358,64,C,Baja,77.0,72.06948677724512,78.910484,Regresión Lineal,72.06948677724512,8.069486777245118
2022-04-01,702368,231,B,Baja,357.0,322.99606850344946,320.85873,XGBoost,320.8587341308594,89.85873413085938
2022-05-01,702368,248,B,Baja,326.6666666666667,413.8703733528961,304.41052,XGBoost,304.4105224609375,56.4105224609375
2022-06-01,702368,273,B,Baja,278.3333333333333,371.1746611111945,280.1516,XGBoost,280.151611328125,7.151611328125
2022-04-01,702377,1291,A,Baja,850.3333333333334,888.9084416381912,866.9787,Regresión Lineal,888.9084416381912,-402.0915583618088
2022-05-01,702377,681,A,Baja,973.6666666666666,912.3700499154544,1102.9401,Regresión Lineal,912.3700499154544,231.3700499154544
2022-06-01,702377,744,A,Baja,918.3333333333334,878.3807879423969,963.93964,Regresión Lineal,878.3807879423969,134.38078794239686
2022-04-01,702381,320,B,Baja,254.33333333333334,262.2796501417066,218.3646,Regresión Lineal,262.2796501417066,-57.72034985829339
2022-05-01,702381,214,B,Baja,271.6666666666667,285.0406710475887,301.97787,Regresión Lineal,285.0406710475887,71.04067104758872
2022-06-01,702381,205,B,Baja,250.0,228.6640369766162,252.41585,Regresión Lineal,228.6640369766162,23.664036976616188
2022-04-01,702382,1326,A,Baja,1144.6666666666667,1161.2435006739831,1160.2761,Regresión Lineal,1161.2435006739831,-164.75649932601686
2022-05-01,702382,1077,A,Baja,1187.0,1075.1128228208763,1242.9038,Regresión Lineal,1075.1128228208763,-1.8871771791236824
2022-06-01,702382,1103,A,Baja,1186.3333333333333,1155.45852998274,1148.6399,Regresión Lineal,1155.45852998274,52.45852998273995
2022-04-01,702383,88,B,Baja,222.0,181.98293321053987,173.54745,Media móvil,222.0,134.0
2022-05-01,702383,188,B,Baja,195.0,260.3539748434637,131.50584,Media móvil,195.0,7.0
2022-06-01,702383,169,B,Baja,181.0,296.4903187646728,152.98787,Media móvil,181.0,12.0
2022-04-01,702417,41,C,Baja,52.0,51.09395463609778,37.09611,XGBoost,37.09611129760742,-3.903888702392578
2022-05-01,702417,49,C,Baja,47.666666666666664,50.4712478789621,41.682262,XGBoost,41.6822624206543,-7.317737579345703
2022-06-01,702417,42,C,Baja,46.666666666666664,47.81002591233434,40.58736,XGBoost,40.58736038208008,-1.4126396179199219
2022-04-01,702435,136,B,Baja,223.66666666666666,254.1589040864682,172.10646,XGBoost,172.10646057128906,36.10646057128906
2022-05-01,702435,219,B,Baja,184.66666666666666,229.2344370409696,192.65874,XGBoost,192.6587371826172,-26.341262817382812
2022-06-01,702435,299,B,Baja,184.0,202.537555950173,190.52443,XGBoost,190.52442932128906,-108.47557067871094
2022-04-01,702437,0,C,Media,2.6666666666666665,0.5119122622404735,1.0878675,XGBoost,1.0878674983978271,1.0878674983978271
2022-05-01,702437,2,C,Media,2.0,0.864733302865786,1.0380149,XGBoost,1.0380148887634277,-0.9619851112365723
2022-06-01,702437,1,C,Media,2.0,2.812341154090384,1.0131471,XGBoost,1.0131471157073975,0.013147115707397461
2022-04-01,702445,0,C,Alta,0.0,0.0,0.28651842,Media móvil,0.0,0.0
2022-05-01,702445,0,C,Alta,0.0,0.0,0.3148383,Media móvil,0.0,0.0
2022-06-01,702445,0,C,Alta,0.0,0.0,0.40352803,Media móvil,0.0,0.0
2022-04-01,702452,12,C,Media,25.333333333333332,23.73706935104329,11.891367,XGBoost,11.891366958618164,-0.10863304138183594
2022-05-01,702452,7,C,Media,22.0,20.824034135855992,8.732256,XGBoost,8.732255935668945,1.7322559356689453
2022-06-01,702452,31,C,Media,18.333333333333332,39.8551273059498,12.670599,XGBoost,12.670598983764648,-18.32940101623535
2022-04-01,702460,11,C,Baja,9.333333333333334,6.1794087943697065,11.047148,Media móvil,9.333333333333334,-1.666666666666666
2022-05-01,702460,10,C,Baja,10.666666666666666,6.882327957380083,11.975215,Media móvil,10.666666666666666,0.6666666666666661
2022-06-01,702460,11,C,Baja,11.333333333333334,11.318081983761834,8.152791,Media móvil,11.333333333333334,0.3333333333333339
2022-04-01,702473,40,C,Media,5.666666666666667,4.348106185995755,9.32191,XGBoost,9.32190990447998,-30.67809009552002
2022-05-01,702473,23,C,Media,17.666666666666668,6.108607756734646,6.001566,XGBoost,6.001565933227539,-16.99843406677246
2022-06-01,702473,0,C,Media,25.333333333333332,16.50064368390129,7.0298805,XGBoost,7.029880523681641,7.029880523681641
2022-04-01,702484,6,C,Baja,7.0,5.009924059417032,5.4340715,XGBoost,5.4340715408325195,-0.5659284591674805
2022-05-01,702484,2,C,Baja,6.666666666666667,4.243694845246643,5.9174585,XGBoost,5.917458534240723,3.9174585342407227
2022-06-01,702484,5,C,Baja,5.333333333333333,7.066209679831006,5.0258427,XGBoost,5.025842666625977,0.025842666625976562
2022-04-01,702486,5,C,Baja,12.0,16.989546323808916,6.511822,XGBoost,6.51182222366333,1.51182222366333
2022-05-01,702486,11,C,Baja,8.0,10.986908492756655,6.1501145,XGBoost,6.1501145362854,-4.8498854637146
2022-06-01,702486,9,C,Baja,7.666666666666667,6.031118334427571,9.6806555,XGBoost,9.680655479431152,0.6806554794311523
2022-04-01,702487,464,A,Baja,495.3333333333333,507.81210322726474,450.45508,XGBoost,450.455078125,-13.544921875
2022-05-01,702487,428,A,Baja,476.0,509.3622810198825,480.4639,XGBoost,480.4638977050781,52.463897705078125
2022-06-01,702487,385,A,Baja,446.3333333333333,431.96207815676553,459.57816,XGBoost,459.5781555175781,74.57815551757812
2022-04-01,702490,268,B,Baja,293.6666666666667,346.0595819017044,257.8533,Media móvil,293.6666666666667,25.666666666666686
2022-05-01,702490,250,B,Baja,268.0,299.249078646728,274.8279,Media móvil,268.0,18.0
2022-06-01,702490,208,B,Baja,251.33333333333334,228.71211314964236,276.1364,Media móvil,251.33333333333334,43.33333333333334
2022-04-01,702531,8,C,Baja,8.0,4.187933087264391,9.038222,Media móvil,8.0,0.0
2022-05-01,702531,6,C,Baja,8.666666666666666,5.782719897863677,11.828241,Media móvil,8.666666666666666,2.666666666666666
2022-06-01,702531,3,C,Baja,8.0,8.328298468878126,9.060723,Media móvil,8.0,5.0
2022-04-01,702558,0,C,Alta,5.666666666666667,0.5976285690363996,1.0845237,XGBoost,1.0845236778259277,1.0845236778259277
2022-05-01,702558,0,C,Alta,5.666666666666667,17.322523214934368,2.4501176,XGBoost,2.450117588043213,2.450117588043213
2022-06-01,702558,0,C,Alta,0.3333333333333333,0.0,6.8218846,XGBoost,6.821884632110596,6.821884632110596
2022-04-01,702585,165,B,Baja,135.0,154.46520770592252,143.95602,XGBoost,143.95602416992188,-21.043975830078125
2022-05-01,702585,156,B,Baja,138.0,130.55708164620606,158.51163,XGBoost,158.51162719726562,2.511627197265625
2022-06-01,702585,152,B,Baja,147.0,121.6907006160435,158.94669,XGBoost,158.94668579101562,6.946685791015625
2022-04-01,702609,0,C,Alta,2.6666666666666665,0.3117892898593104,2.5922096,Regresión Lineal,0.3117892898593104,0.3117892898593104
2022-05-01,702609,5,C,Alta,2.0,1.7879848598858263,1.9796205,Regresión Lineal,1.7879848598858263,-3.2120151401141737
2022-06-01,702609,25,C,Alta,2.6666666666666665,2.0337374692489663,2.0940785,Regresión Lineal,2.0337374692489663,-22.966262530751035
2022-04-01,702619,0,C,Alta,0.6666666666666666,0.0,0.16432604,Regresión Lineal,0.0,0.0
2022-05-01,702619,0,C,Alta,0.6666666666666666,0.0,0.1613657,Regresión Lineal,0.0,0.0
2022-06-01,702619,0,C,Alta,0.3333333333333333,0.0,0.14752823,Regresión Lineal,0.0,0.0
2022-04-01,702620,0,C,Alta,0.3333333333333333,0.0,0.14866558,Regresión Lineal,0.0,0.0
2022-05-01,702620,0,C,Alta,0.3333333333333333,0.0,0.09267209,Regresión Lineal,0.0,0.0
2022-06-01,702620,0,C,Alta,0.3333333333333333,0.0,0.07281064,Regresión Lineal,0.0,0.0
2022-04-01,702626,74,C,Baja,78.66666666666667,86.3140996478291,78.10331,XGBoost,78.10330963134766,4.103309631347656
2022-05-01,702626,95,C,Baja,74.0,66.19731066052198,86.15383,XGBoost,86.1538314819336,-8.846168518066406
2022-06-01,702626,97,C,Baja,82.66666666666667,78.46789312632932,87.78985,XGBoost,87.78984832763672,-9.210151672363281
2022-04-01,702627,78,C,Baja,80.33333333333333,74.29587707485832,77.251434,XGBoost,77.25143432617188,-0.748565673828125
2022-05-01,702627,84,C,Baja,80.33333333333333,81.1329336940748,84.29709,XGBoost,84.29708862304688,0.297088623046875
2022-06-01,702627,77,C,Baja,80.0,72.8291474267937,84.35132,XGBoost,84.351318359375,7.351318359375
2022-04-01,702635,5,C,Baja,6.333333333333333,9.343816808905435,7.1235704,XGBoost,7.123570442199707,2.123570442199707
2022-05-01,702635,12,C,Baja,4.666666666666667,5.683803492533623,7.5339127,XGBoost,7.533912658691406,-4.466087341308594
2022-06-01,702635,16,C,Baja,6.333333333333333,1.5589637806996341,12.874443,XGBoost,12.874443054199219,-3.1255569458007812
2022-04-01,702636,1,C,Alta,0.3333333333333333,0.0,0.18720439,Regresión Lineal,0.0,-1.0
2022-05-01,702636,0,C,Alta,0.6666666666666666,0.0,0.17992818,Regresión Lineal,0.0,0.0
2022-06-01,702636,0,C,Alta,0.3333333333333333,0.0,0.11776264,Regresión Lineal,0.0,0.0
2022-04-01,702641,53,C,Baja,52.333333333333336,62.291565719998005,56.62981,XGBoost,56.62981033325195,3.629810333251953
2022-05-01,702641,57,C,Baja,49.333333333333336,54.203421979489,54.063194,XGBoost,54.063194274902344,-2.9368057250976562
2022-06-01,702641,52,C,Baja,50.0,38.9874521196645,51.420033,XGBoost,51.4200325012207,-0.5799674987792969
2022-04-01,702642,0,C,Alta,1.3333333333333333,0.0,0.3998058,XGBoost,0.39980581402778625,0.39980581402778625
2022-05-01,702642,0,C,Alta,1.3333333333333333,0.5527705421012299,0.16957071,XGBoost,0.1695707142353058,0.1695707142353058
2022-06-01,702642,0,C,Alta,0.6666666666666666,0.5527705421012299,0.18381931,XGBoost,0.18381930887699127,0.18381930887699127
2022-04-01,702673,127,B,Baja,147.66666666666666,122.32828633800169,106.38942,XGBoost,106.38941955566406,-20.610580444335938
2022-05-01,702673,42,B,Baja,151.66666666666666,174.5499062831099,113.31321,XGBoost,113.3132095336914,71.3132095336914
2022-06-01,702673,81,B,Baja,107.66666666666667,173.54762215185733,70.11318,XGBoost,70.1131820678711,-10.886817932128906
2022-04-01,702694,1,C,Alta,0.0,0.0,0.20789522,Media móvil,0.0,-1.0
2022-05-01,702694,1,C,Alta,0.3333333333333333,0.0,0.40173912,Media móvil,0.3333333333333333,-0.6666666666666667
2022-06-01,702694,1,C,Alta,0.6666666666666666,0.0,0.24315575,Media móvil,0.6666666666666666,-0.33333333333333337
2022-04-01,702695,13,C,Baja,9.0,13.598264328573318,10.167116,XGBoost,10.167116165161133,-2.832883834838867
2022-05-01,702695,10,C,Baja,8.666666666666666,3.655389956899481,11.875309,XGBoost,11.875308990478516,1.8753089904785156
2022-06-01,702695,14,C,Baja,10.666666666666666,7.286435559888545,13.175522,XGBoost,13.175521850585938,-0.8244781494140625
2022-04-01,702696,22,C,Baja,26.0,33.82525907722685,21.369532,XGBoost,21.369531631469727,-0.6304683685302734
2022-05-01,702696,24,C,Baja,22.666666666666668,14.411932908854613,16.75819,XGBoost,16.758190155029297,-7.241809844970703
2022-06-01,702696,16,C,Baja,26.333333333333332,32.27541039128409,17.912506,XGBoost,17.912506103515625,1.912506103515625
2022-04-01,702697,2,C,Media,5.333333333333333,7.270501079134789,1.7606344,XGBoost,1.760634422302246,-0.2393655776977539
2022-05-01,702697,0,C,Media,3.3333333333333335,0.7487250875597731,2.3471868,XGBoost,2.347186803817749,2.347186803817749
2022-06-01,702697,2,C,Media,2.6666666666666665,5.118601828606408,1.2234385,XGBoost,1.2234385013580322,-0.7765614986419678
2022-04-01,702698,0,C,Alta,0.3333333333333333,0.0,0.36091456,Regresión Lineal,0.0,0.0
2022-05-01,702698,0,C,Alta,0.0,0.0,0.33108273,Regresión Lineal,0.0,0.0
2022-06-01,702698,2,C,Alta,0.0,0.0,0.3126185,Regresión Lineal,0.0,-2.0
2022-04-01,702703,2,C,Media,3.0,0.09917324181704323,2.0553904,Media móvil,3.0,1.0
2022-05-01,702703,3,C,Media,3.3333333333333335,4.970807028895021,2.0161927,Media móvil,3.3333333333333335,0.3333333333333335
2022-06-01,702703,3,C,Media,2.3333333333333335,0.3117892898593104,1.7559862,Media móvil,2.3333333333333335,-0.6666666666666665
2022-04-01,702704,0,C,Media,7.333333333333333,2.9617796448498765,4.260101,XGBoost,4.260100841522217,4.260100841522217
2022-05-01,702704,2,C,Media,6.333333333333333,6.395736572907534,3.7436862,XGBoost,3.7436861991882324,1.7436861991882324
2022-06-01,702704,2,C,Media,5.0,13.765681047025847,4.0012197,XGBoost,4.001219749450684,2.0012197494506836
2022-04-01,702705,5,C,Media,8.0,5.459365137885353,2.3463314,XGBoost,2.3463313579559326,-2.6536686420440674
2022-05-01,702705,6,C,Media,7.333333333333333,7.858451477939138,1.9764917,XGBoost,1.9764916896820068,-4.023508310317993
2022-06-01,702705,0,C,Media,6.333333333333333,6.632924615073742,1.9337206,XGBoost,1.933720588684082,1.933720588684082
2022-04-01,702706,1,C,Alta,1.3333333333333333,0.0,0.58665717,XGBoost,0.5866571664810181,-0.41334283351898193
2022-05-01,702706,0,C,Alta,1.3333333333333333,1.7026175672211137,0.5623934,XGBoost,0.5623934268951416,0.5623934268951416
2022-06-01,702706,0,C,Alta,0.3333333333333333,0.0,0.5926088,XGBoost,0.5926088094711304,0.5926088094711304
2022-04-01,702707,0,C,Alta,0.0,0.0,0.21693036,Media móvil,0.0,0.0
2022-05-01,702707,0,C,Alta,0.0,0.0,0.13743146,Media móvil,0.0,0.0
2022-06-01,702707,0,C,Alta,0.0,0.0,0.1934214,Media móvil,0.0,0.0
2022-04-01,702713,0,C,Alta,0.0,0.0,0.20418444,Media móvil,0.0,0.0
2022-05-01,702713,0,C,Alta,0.0,0.0,0.16355804,Media móvil,0.0,0.0
2022-06-01,702713,2,C,Alta,0.0,0.0,0.15040742,Media móvil,0.0,-2.0
2022-04-01,702715,2293,A,Baja,2258.3333333333335,2388.9873743892854,2035.4167,Media móvil,2258.3333333333335,-34.666666666666515
2022-05-01,702715,2189,A,Baja,2213.3333333333335,2211.1849673523566,2166.131,Media móvil,2213.3333333333335,24.333333333333485
2022-06-01,702715,2353,A,Baja,2186.3333333333335,2015.0770154637703,2139.1997,Media móvil,2186.3333333333335,-166.66666666666652
2022-04-01,702869,9,C,Baja,9.333333333333334,10.818401939690036,5.923539,Media móvil,9.333333333333334,0.3333333333333339
2022-05-01,702869,6,C,Baja,8.333333333333334,7.185535762013918,8.05439,Media móvil,8.333333333333334,2.333333333333334
2022-06-01,702869,12,C,Baja,7.333333333333333,5.393541870366527,6.6466007,Media móvil,7.333333333333333,-4.666666666666667
2022-04-01,703178,1130,A,Baja,1208.0,1355.8410255977853,1191.9639,Media móvil,1208.0,78.0
2022-05-01,703178,1001,A,Baja,1149.0,978.656525629119,1238.7557,Media móvil,1149.0,148.0
2022-06-01,703178,1055,A,Baja,1168.6666666666667,1400.033675032666,1095.858,Media móvil,1168.6666666666667,113.66666666666674
2022-04-01,703179,1001,A,Baja,858.3333333333334,1168.0440004478646,550.8784,Regresión Lineal,1168.0440004478646,167.04400044786462
2022-05-01,703179,620,A,Baja,821.0,797.4628519075126,786.3715,Regresión Lineal,797.4628519075126,177.46285190751257
2022-06-01,703179,689,A,Baja,772.3333333333334,747.6343935872542,720.8702,Regresión Lineal,747.6343935872542,58.63439358725418
2022-04-01,703180,2474,A,Baja,2570.6666666666665,2584.6122278133325,2221.5774,Media móvil,2570.6666666666665,96.66666666666652
2022-05-01,703180,2456,A,Baja,2505.6666666666665,2378.442554268786,2387.2292,Media móvil,2505.6666666666665,49.666666666666515
2022-06-01,703180,2414,A,Baja,2498.0,2470.281903932892,2357.5503,Media móvil,2498.0,84.0
2022-04-01,703187,14,C,Baja,17.0,16.843731152259913,12.566148,Regresión Lineal,16.843731152259913,2.843731152259913
2022-05-01,703187,18,C,Baja,16.0,23.850616799120516,23.674381,Regresión Lineal,23.850616799120516,5.850616799120516
2022-06-01,703187,0,C,Baja,14.0,8.386774696632902,20.92279,Regresión Lineal,8.386774696632902,8.386774696632902
2022-04-01,703366,1,C,Alta,0.3333333333333333,0.0,0.09673077,Regresión Lineal,0.0,-1.0
2022-05-01,703366,0,C,Alta,0.6666666666666666,0.0,0.12047484,Regresión Lineal,0.0,0.0
2022-06-01,703366,0,C,Alta,0.3333333333333333,0.0,0.057669453,Regresión Lineal,0.0,0.0
2022-04-01,703609,1,C,Alta,0.3333333333333333,0.0,0.28332925,Regresión Lineal,0.0,-1.0
2022-05-01,703609,0,C,Alta,0.3333333333333333,0.0,0.29954657,Regresión Lineal,0.0,0.0
2022-06-01,703609,0,C,Alta,0.3333333333333333,0.0,0.12354519,Regresión Lineal,0.0,0.0
2022-04-01,703645,952,A,Baja,1173.3333333333333,1487.7527924338797,1154.9729,XGBoost,1154.972900390625,202.972900390625
2022-05-01,703645,1610,A,Baja,1020.6666666666666,895.9114233799254,1090.3763,XGBoost,1090.3763427734375,-519.6236572265625
2022-06-01,703645,2034,A,Baja,1273.3333333333333,1348.5490479291875,1376.0815,XGBoost,1376.08154296875,-657.91845703125
2022-04-01,703652,46,C,Alta,0.0,0.0,2.4204903,XGBoost,2.420490264892578,-43.57950973510742
2022-05-01,703652,0,C,Alta,15.333333333333334,9.167479509660328,2.6099787,XGBoost,2.609978675842285,2.609978675842285
2022-06-01,703652,15,C,Alta,15.333333333333334,8.922329830495789,0.90306354,XGBoost,0.9030635356903076,-14.096936464309692
2022-04-01,703654,12,C,Media,7.666666666666667,9.284682830580007,3.9744902,Regresión Lineal,9.284682830580007,-2.7153171694199933
2022-05-01,703654,11,C,Media,8.333333333333334,8.717308262109569,7.3357916,Regresión Lineal,8.717308262109569,-2.2826917378904312
2022-06-01,703654,3,C,Media,9.0,3.71520960569043,5.579181,Regresión Lineal,3.71520960569043,0.71520960569043
2022-04-01,703665,3,C,Media,2.6666666666666665,0.26676258307593415,2.3961475,XGBoost,2.3961474895477295,-0.6038525104522705
2022-05-01,703665,1,C,Media,3.0,2.3949493815358087,2.626963,XGBoost,2.626962900161743,1.6269629001617432
2022-06-01,703665,4,C,Media,2.0,0.4473415303112107,2.6228929,XGBoost,2.6228928565979004,-1.3771071434020996
2022-04-01,703668,167,B,Media,123.0,56.199238326932004,156.47392,Media móvil,123.0,-44.0
2022-05-01,703668,304,B,Media,168.66666666666666,139.1319167541009,155.99634,Media móvil,168.66666666666666,-135.33333333333334
2022-06-01,703668,248,B,Media,226.66666666666666,227.08294147834198,172.78448,Media móvil,226.66666666666666,-21.333333333333343
2022-04-01,703672,740,A,Media,591.3333333333334,428.8365599560142,577.0507,Media móvil,591.3333333333334,-148.66666666666663
2022-05-01,703672,719,A,Media,723.6666666666666,629.6421145421517,650.8009,Media móvil,723.6666666666666,4.666666666666629
2022-06-01,703672,1400,A,Media,762.6666666666666,831.5588591897955,645.4579,Media móvil,762.6666666666666,-637.3333333333334
2022-04-01,703686,0,C,Alta,2.0,0.0,0.18618363,XGBoost,0.1861836314201355,0.1861836314201355
2022-05-01,703686,0,C,Alta,2.0,0.0,0.14435925,XGBoost,0.14435924589633942,0.14435924589633942
2022-06-01,703686,0,C,Alta,2.0,5.493627813239616,0.03511193,XGBoost,0.0351119302213192,0.0351119302213192
2022-04-01,703694,0,C,Alta,0.0,0.0,0.100788556,Media móvil,0.0,0.0
2022-05-01,703694,0,C,Alta,0.0,0.0,0.04389045,Media móvil,0.0,0.0
2022-06-01,703694,0,C,Alta,0.0,0.0,0.1024575,Media móvil,0.0,0.0
2022-04-01,703708,1,C,Alta,0.6666666666666666,0.0,0.16027907,XGBoost,0.1602790653705597,-0.8397209346294403
2022-05-01,703708,0,C,Alta,1.0,0.4881998101719671,0.16881862,XGBoost,0.1688186228275299,0.1688186228275299
2022-06-01,703708,0,C,Alta,0.3333333333333333,0.0,0.19251534,XGBoost,0.19251534342765808,0.19251534342765808
2022-04-01,703723,5037,A,Baja,5494.0,5688.400928846518,4785.659,XGBoost,4785.6591796875,-251.3408203125
2022-05-01,703723,7493,A,Baja,5251.333333333333,4837.690744115208,5530.8657,XGBoost,5530.86572265625,-1962.13427734375
2022-06-01,703723,7912,A,Baja,6106.333333333333,6013.272675194875,5839.5474,XGBoost,5839.54736328125,-2072.45263671875
2022-04-01,703730,9,C,Baja,32.0,40.60069579899501,23.49422,XGBoost,23.494220733642578,14.494220733642578
2022-05-01,703730,40,C,Baja,21.666666666666668,34.82069578581341,24.941046,XGBoost,24.9410457611084,-15.058954238891602
2022-06-01,703730,39,C,Baja,24.0,25.54988433433768,33.42616,XGBoost,33.4261589050293,-5.573841094970703
2022-04-01,703735,945,A,Baja,1115.3333333333333,1147.452314230105,1145.1777,Media móvil,1115.3333333333333,170.33333333333326
2022-05-01,703735,1174,A,Baja,1045.6666666666667,1004.3706453004588,1109.0272,Media móvil,1045.6666666666667,-128.33333333333326
2022-06-01,703735,1052,A,Baja,1102.0,1179.077045239659,1216.667,Media móvil,1102.0,50.0
2022-04-01,703754,255,B,Baja,184.33333333333334,164.34827768019176,142.3165,Regresión Lineal,164.34827768019176,-90.65172231980824
2022-05-01,703754,160,B,Baja,209.66666666666666,179.02444283962853,202.45958,Regresión Lineal,179.02444283962853,19.024442839628534
2022-06-01,703754,129,B,Baja,205.33333333333334,213.19409189543353,178.06151,Regresión Lineal,213.19409189543353,84.19409189543353
2022-04-01,703755,0,C,Alta,1.0,0.0,0.3954399,Regresión Lineal,0.0,0.0
2022-05-01,703755,0,C,Alta,1.0,0.44734153031121027,0.20089912,Regresión Lineal,0.44734153031121027,0.44734153031121027
2022-06-01,703755,0,C,Alta,0.3333333333333333,0.0,0.26807398,Regresión Lineal,0.0,0.0
2022-04-01,703775,2037,A,Baja,1624.3333333333333,1594.1055688029212,1474.2465,Regresión Lineal,1594.1055688029212,-442.8944311970788
2022-05-01,703775,1436,A,Baja,1751.0,1643.0368528195868,1794.6342,Regresión Lineal,1643.0368528195868,207.03685281958678
2022-06-01,703775,1455,A,Baja,1692.0,1653.6221139089794,1597.4926,Regresión Lineal,1653.6221139089794,198.62211390897937
2022-04-01,703782,192,B,Media,85.0,207.25437501213057,133.25714,XGBoost,133.25714111328125,-58.74285888671875
2022-05-01,703782,233,B,Media,88.33333333333333,36.38336939909619,163.34358,XGBoost,163.3435821533203,-69.65641784667969
2022-06-01,703782,212,B,Media,160.0,84.56291279128013,198.30371,XGBoost,198.3037109375,-13.6962890625
2022-04-01,703789,38,C,Media,24.0,78.3947541619728,10.158653,Media móvil,24.0,-14.0
2022-05-01,703789,14,C,Media,14.333333333333334,10.078273227314472,16.270502,Media móvil,14.333333333333334,0.3333333333333339
2022-06-01,703789,28,C,Media,17.333333333333332,1.609385855047071,8.867204,Media móvil,17.333333333333332,-10.666666666666668
2022-04-01,704102,44,C,Baja,28.666666666666668,22.320228003841873,29.348154,XGBoost,29.348154067993164,-14.651845932006836
2022-05-01,704102,56,C,Baja,35.0,32.06671265618805,34.952106,XGBoost,34.95210647583008,-21.047893524169922
2022-06-01,704102,30,C,Baja,43.0,32.234605810049715,32.04454,XGBoost,32.04454040527344,2.0445404052734375
2022-04-01,704205,27,C,Media,14.0,29.079577149907745,4.7178507,Regresión Lineal,29.079577149907745,2.0795771499077453
2022-05-01,704205,0,C,Media,14.333333333333334,19.41182484452953,5.272365,Regresión Lineal,19.41182484452953,19.41182484452953
2022-06-01,704205,0,C,Media,9.0,4.588835717063862,7.7513065,Regresión Lineal,4.588835717063862,4.588835717063862
2022-04-01,704252,48,C,Baja,44.333333333333336,38.911096416733045,36.357662,Media móvil,44.333333333333336,-3.6666666666666643
2022-05-01,704252,41,C,Baja,47.333333333333336,48.742281872901955,38.76021,Media móvil,47.333333333333336,6.333333333333336
2022-06-01,704252,44,C,Baja,44.333333333333336,41.37408936859579,21.436716,Media móvil,44.333333333333336,0.3333333333333357
2022-04-01,704256,831,A,Baja,828.3333333333334,899.8832883443176,770.2997,Media móvil,828.3333333333334,-2.6666666666666288
2022-05-01,704256,1086,A,Baja,802.6666666666666,818.8653035872451,806.56775,Media móvil,802.6666666666666,-283.33333333333337
2022-06-01,704256,971,A,Baja,885.0,769.521970512067,854.7154,Media móvil,885.0,-86.0
2022-04-01,704292,1,C,Alta,0.0,0.0,0.5799601,XGBoost,0.5799601078033447,-0.4200398921966553
2022-05-01,704292,3,C,Alta,0.3333333333333333,0.0,0.46497723,XGBoost,0.4649772346019745,-2.5350227653980255
2022-06-01,704292,1,C,Alta,1.3333333333333333,0.0,0.52809656,XGBoost,0.5280965566635132,-0.4719034433364868
2022-04-01,704298,5,C,Alta,3.0,9.15841248673265,1.2046704,Media móvil,3.0,-2.0
2022-05-01,704298,0,C,Alta,1.6666666666666667,0.0,1.4691975,Media móvil,1.6666666666666667,1.6666666666666667
2022-06-01,704298,4,C,Alta,1.6666666666666667,0.0,1.0339937,Media móvil,1.6666666666666667,-2.333333333333333
2022-04-01,704308,2,C,Alta,0.0,0.0,0.19758569,Regresión Lineal,0.0,-2.0
2022-05-01,704308,0,C,Alta,0.6666666666666666,0.0,0.60407114,Regresión Lineal,0.0,0.0
2022-06-01,704308,0,C,Alta,0.6666666666666666,0.0,0.3452148,Regresión Lineal,0.0,0.0
2022-04-01,704336,1,C,Alta,0.0,0.0,0.32131913,Regresión Lineal,0.0,-1.0
2022-05-01,704336,0,C,Alta,0.3333333333333333,0.0,0.29029095,Regresión Lineal,0.0,0.0
2022-06-01,704336,0,C,Alta,0.3333333333333333,0.0,0.18814069,Regresión Lineal,0.0,0.0
2022-04-01,704346,0,C,Alta,2.3333333333333335,1.1212209634278025,0.3839907,XGBoost,0.38399070501327515,0.38399070501327515
2022-05-01,704346,1,C,Alta,1.6666666666666667,4.25841349545502,0.41547707,XGBoost,0.41547706723213196,-0.584522932767868
2022-06-01,704346,0,C,Alta,0.3333333333333333,0.0,0.7212584,XGBoost,0.7212584018707275,0.7212584018707275
2022-04-01,704381,1,C,Alta,0.0,0.0,0.4052573,Regresión Lineal,0.0,-1.0
2022-05-01,704381,0,C,Alta,0.3333333333333333,0.0,0.40699682,Regresión Lineal,0.0,0.0
2022-06-01,704381,0,C,Alta,0.3333333333333333,0.0,0.2822477,Regresión Lineal,0.0,0.0
2022-04-01,704417,0,C,Alta,0.0,0.0,0.61003864,Media móvil,0.0,0.0
2022-05-01,704417,0,C,Alta,0.0,0.0,0.76168144,Media móvil,0.0,0.0
2022-06-01,704417,0,C,Alta,0.0,0.0,0.49712098,Media móvil,0.0,0.0
2022-04-01,704444,395,B,Media,329.3333333333333,326.02271883645255,249.44495,Media móvil,329.3333333333333,-65.66666666666669
2022-05-01,704444,434,B,Media,352.6666666666667,356.42834388276674,260.74155,Media móvil,352.6666666666667,-81.33333333333331
2022-06-01,704444,451,B,Media,381.0,325.3615004681741,272.26465,Media móvil,381.0,-70.0
2022-04-01,705183,2,C,Media,3.3333333333333335,4.934720106155485,3.4039388,Media móvil,3.3333333333333335,1.3333333333333335
2022-05-01,705183,1,C,Media,2.0,1.4415745958538877,3.6597748,Media móvil,2.0,1.0
2022-06-01,705183,2,C,Media,1.3333333333333333,0.0,3.567511,Media móvil,1.3333333333333333,-0.6666666666666667
2022-04-01,705294,1,C,Media,1.0,0.40648325045045386,0.83525467,Media móvil,1.0,0.0
2022-05-01,705294,2,C,Media,0.6666666666666666,0.0,1.2129109,Media móvil,0.6666666666666666,-1.3333333333333335
2022-06-01,705294,0,C,Media,1.0,0.0,1.4254763,Media móvil,1.0,1.0
2022-04-01,705297,67,C,Baja,97.33333333333333,99.35237424105782,56.315964,Regresión Lineal,99.35237424105782,32.35237424105782
2022-05-01,705297,117,C,Baja,85.66666666666667,98.61389917077541,63.597313,Regresión Lineal,98.61389917077541,-18.38610082922459
2022-06-01,705297,119,C,Baja,92.66666666666667,100.55612910363476,75.34997,Regresión Lineal,100.55612910363476,-18.44387089636524
2022-04-01,705353,2,C,Alta,2.0,0.0,0.8188813,XGBoost,0.8188812732696533,-1.1811187267303467
2022-05-01,705353,6,C,Alta,2.6666666666666665,0.0,1.1613927,XGBoost,1.1613926887512207,-4.838607311248779
2022-06-01,705353,1,C,Alta,4.666666666666667,5.011665308755778,0.9397465,XGBoost,0.9397464990615845,-0.06025350093841553
2022-04-01,705431,3,C,Media,0.3333333333333333,0.0,0.91029835,XGBoost,0.9102983474731445,-2.0897016525268555
2022-05-01,705431,1,C,Media,1.3333333333333333,0.0,0.6898507,XGBoost,0.6898506879806519,-0.31014931201934814
2022-06-01,705431,0,C,Media,1.6666666666666667,0.0,0.8762518,XGBoost,0.8762518167495728,0.8762518167495728
2022-04-01,705488,114,B,Baja,98.66666666666667,93.40244908875667,122.658295,Regresión Lineal,93.40244908875667,-20.59755091124333
2022-05-01,705488,85,B,Baja,107.33333333333333,69.82575852014284,135.95462,Regresión Lineal,69.82575852014284,-15.174241479857159
2022-06-01,705488,144,B,Baja,113.33333333333333,147.0577201202756,101.71136,Regresión Lineal,147.0577201202756,3.0577201202756044
2022-04-01,705498,30,C,Alta,0.0,0.0,0.14115174,XGBoost,0.14115174114704132,-29.85884825885296
2022-05-01,705498,0,C,Alta,10.0,5.31177947378962,0.0,XGBoost,0.0,0.0
2022-06-01,705498,0,C,Alta,10.0,5.31177947378962,0.017590469,XGBoost,0.017590468749403954,0.017590468749403954
2022-04-01,705505,0,C,Media,81.66666666666667,103.81251608992551,17.411747,XGBoost,17.411746978759766,17.411746978759766
2022-05-01,705505,0,C,Media,47.666666666666664,81.6172292854362,15.284079,XGBoost,15.284078598022461,15.284078598022461
2022-06-01,705505,0,C,Media,24.666666666666668,88.34416958649103,7.434621,XGBoost,7.4346208572387695,7.4346208572387695
2022-04-01,705561,0,C,Alta,0.0,0.0,0.21199551,Media móvil,0.0,0.0
2022-05-01,705561,0,C,Alta,0.0,0.0,0.21789408,Media móvil,0.0,0.0
2022-06-01,705561,0,C,Alta,0.0,0.0,0.92064106,Media móvil,0.0,0.0
2022-04-01,705570,0,C,Alta,0.0,0.0,0.22169071,Media móvil,0.0,0.0
2022-05-01,705570,0,C,Alta,0.0,0.0,0.27127072,Media móvil,0.0,0.0
2022-06-01,705570,17,C,Alta,0.0,0.0,0.21706168,Media móvil,0.0,-17.0
2022-04-01,705579,0,C,Alta,0.0,0.0,0.15787973,Media móvil,0.0,0.0
2022-05-01,705579,0,C,Alta,0.0,0.0,0.16680178,Media móvil,0.0,0.0
2022-06-01,705579,0,C,Alta,0.0,0.0,0.15361452,Media móvil,0.0,0.0
2022-04-01,705632,28,C,Baja,38.666666666666664,47.524104064103064,32.71883,Media móvil,38.666666666666664,10.666666666666664
2022-05-01,705632,14,C,Baja,32.0,29.97389417954651,29.120003,Media móvil,32.0,18.0
2022-06-01,705632,16,C,Baja,26.0,37.051712264216825,34.883015,Media móvil,26.0,10.0
2022-04-01,705740,0,C,Alta,0.0,0.0,0.2666674,Media móvil,0.0,0.0
2022-05-01,705740,0,C,Alta,0.0,0.0,0.29618067,Media móvil,0.0,0.0
2022-06-01,705740,0,C,Alta,0.0,0.0,0.25215563,Media móvil,0.0,0.0
2022-04-01,705846,1,C,Alta,0.3333333333333333,0.0,0.6911571,Regresión Lineal,0.0,-1.0
2022-05-01,705846,0,C,Alta,0.6666666666666666,0.0,0.6809561,Regresión Lineal,0.0,0.0
2022-06-01,705846,0,C,Alta,0.6666666666666666,0.0,0.37951523,Regresión Lineal,0.0,0.0
2022-04-01,705888,0,C,Alta,0.0,0.0,0.2831284,Regresión Lineal,0.0,0.0
2022-05-01,705888,2,C,Alta,0.0,0.0,0.22678664,Regresión Lineal,0.0,-2.0
2022-06-01,705888,0,C,Alta,0.6666666666666666,0.0,0.21067028,Regresión Lineal,0.0,0.0
2022-04-01,705891,0,C,Alta,0.0,0.0,0.14246252,Regresión Lineal,0.0,0.0
2022-05-01,705891,1,C,Alta,0.0,0.0,0.115059964,Regresión Lineal,0.0,-1.0
2022-06-01,705891,0,C,Alta,0.3333333333333333,0.0,0.06553542,Regresión Lineal,0.0,0.0
2022-04-01,705958,0,C,Alta,3.0,9.117554206871894,0.014190964,XGBoost,0.01419096440076828,0.01419096440076828
2022-05-01,705958,0,C,Alta,0.0,0.0,0.44030717,XGBoost,0.4403071701526642,0.4403071701526642
2022-06-01,705958,0,C,Alta,0.0,0.0,0.42768234,XGBoost,0.4276823401451111,0.4276823401451111
2022-04-01,705961,8,C,Alta,15.333333333333334,9.167479509660332,0.8362204,XGBoost,0.836220383644104,-7.163779616355896
2022-05-01,705961,0,C,Alta,18.0,51.86870774920105,1.4977822,XGBoost,1.4977822303771973,1.4977822303771973
2022-06-01,705961,18,C,Alta,2.6666666666666665,0.0,2.9160063,XGBoost,2.916006326675415,-15.083993673324585
2022-04-01,706053,0,C,Alta,0.6666666666666666,0.0,0.3217401,XGBoost,0.3217400908470154,0.3217400908470154
2022-05-01,706053,2,C,Alta,0.6666666666666666,0.0,0.37198633,XGBoost,0.3719863295555115,-1.6280136704444885
2022-06-01,706053,0,C,Alta,1.3333333333333333,0.5527705421012299,0.3761776,XGBoost,0.3761776089668274,0.3761776089668274
2022-04-01,706122,0,C,Alta,2.6666666666666665,7.96405644880881,0.57226396,XGBoost,0.5722639560699463,0.5722639560699463
2022-05-01,706122,0,C,Alta,0.0,0.0,0.9118756,XGBoost,0.9118756055831909,0.9118756055831909
2022-06-01,706122,0,C,Alta,0.0,0.0,0.8716669,XGBoost,0.8716669082641602,0.8716669082641602
2022-04-01,706123,11,C,Baja,10.0,13.507738794904796,7.1313906,Media móvil,10.0,-1.0
2022-05-01,706123,5,C,Baja,9.0,8.761262872675841,9.992665,Media móvil,9.0,4.0
2022-06-01,706123,12,C,Baja,7.333333333333333,4.940026049662489,7.1942244,Media móvil,7.333333333333333,-4.666666666666667
2022-04-01,706175,9,C,Baja,13.333333333333334,14.764063051376105,11.561101,Media móvil,13.333333333333334,4.333333333333334
2022-05-01,706175,15,C,Baja,11.333333333333334,7.645710074111401,8.219743,Media móvil,11.333333333333334,-3.666666666666666
2022-06-01,706175,14,C,Baja,13.666666666666666,16.354320024778268,7.222543,Media móvil,13.666666666666666,-0.3333333333333339
2022-04-01,706196,1,C,Alta,0.6666666666666666,0.0,0.5671809,Regresión Lineal,0.0,-1.0
2022-05-01,706196,0,C,Alta,1.0,0.0,0.53644216,Regresión Lineal,0.0,0.0
2022-06-01,706196,0,C,Alta,0.6666666666666666,0.0,0.28892937,Regresión Lineal,0.0,0.0
2022-04-01,706261,0,C,Alta,0.0,0.0,0.036833607,Media móvil,0.0,0.0
2022-05-01,706261,0,C,Alta,0.0,0.0,0.22169629,Media móvil,0.0,0.0
2022-06-01,706261,0,C,Alta,0.0,0.0,0.20788857,Media móvil,0.0,0.0
2022-04-01,706577,0,C,Alta,0.6666666666666666,0.5527705421012299,0.094857655,XGBoost,0.09485765546560287,0.09485765546560287
2022-05-01,706577,0,C,Alta,0.0,0.0,0.15959573,XGBoost,0.15959572792053223,0.15959572792053223
2022-06-01,706577,0,C,Alta,0.0,0.0,0.14351037,XGBoost,0.1435103714466095,0.1435103714466095
2022-04-01,706670,189,C,Alta,0.0,0.0,2.7784932,XGBoost,2.7784931659698486,-186.22150683403015
2022-05-01,706670,16,C,Alta,63.0,42.116042225406815,1.7186992,XGBoost,1.7186992168426514,-14.281300783157349
2022-06-01,706670,6,C,Alta,68.33333333333333,41.78671682360315,3.0540738,XGBoost,3.0540738105773926,-2.9459261894226074
2022-04-01,706682,0,C,Alta,79.0,115.41289291733187,15.774921,XGBoost,15.774921417236328,15.774921417236328
2022-05-01,706682,82,C,Alta,44.666666666666664,54.15688454641153,72.18829,XGBoost,72.18829345703125,-9.81170654296875
2022-06-01,706682,63,C,Alta,60.0,117.46103625113938,5.6409254,XGBoost,5.640925407409668,-57.35907459259033
2022-04-01,706722,80,C,Alta,31.0,77.83210229586537,4.7839255,Regresión Lineal,77.83210229586537,-2.1678977041346315
2022-05-01,706722,0,C,Alta,34.666666666666664,37.485568331821554,24.301619,Regresión Lineal,37.485568331821554,37.485568331821554
2022-06-01,706722,0,C,Alta,26.666666666666668,16.666251328252713,17.997046,Regresión Lineal,16.666251328252713,16.666251328252713
2022-04-01,707118,13,C,Alta,5.666666666666667,3.814817534609592,4.733198,XGBoost,4.733198165893555,-8.266801834106445
2022-05-01,707118,77,C,Alta,9.0,1.342275862852516,6.899844,XGBoost,6.899844169616699,-70.1001558303833
2022-06-01,707118,12,C,Alta,34.666666666666664,27.305337392953803,4.7624683,XGBoost,4.762468338012695,-7.237531661987305
2022-04-01,707121,85,C,Media,67.33333333333333,88.09569764729302,42.68684,XGBoost,42.68684005737305,-42.31315994262695
2022-05-01,707121,30,C,Media,68.0,47.48861835553893,40.64199,XGBoost,40.641990661621094,10.641990661621094
2022-06-01,707121,22,C,Media,64.33333333333333,87.59758324963032,37.42295,XGBoost,37.422950744628906,15.422950744628906
2022-04-01,707126,1,C,Alta,0.0,0.0,0.5731603,XGBoost,0.5731602907180786,-0.4268397092819214
2022-05-01,707126,2,C,Alta,0.3333333333333333,0.0,0.8798059,XGBoost,0.8798059225082397,-1.1201940774917603
2022-06-01,707126,1,C,Alta,1.0,0.0,0.8877729,XGBoost,0.8877729177474976,-0.11222708225250244
2022-04-01,707137,0,C,Alta,0.3333333333333333,0.0,0.25537455,XGBoost,0.255374550819397,0.255374550819397
2022-05-01,707137,1,C,Alta,0.0,0.0,0.21410182,XGBoost,0.21410182118415833,-0.7858981788158417
2022-06-01,707137,1,C,Alta,0.3333333333333333,0.0,0.26198646,XGBoost,0.26198646426200867,-0.7380135357379913
2022-04-01,707251,6,C,Alta,6.666666666666667,0.45305862962213084,1.9527433,Media móvil,6.666666666666667,0.666666666666667
2022-05-01,707251,7,C,Alta,8.666666666666666,15.090361123569537,2.63679,Media móvil,8.666666666666666,1.666666666666666
2022-06-01,707251,32,C,Alta,6.0,3.470899006799998,5.0735188,Media móvil,6.0,-26.0
2022-04-01,707258,166,B,Baja,197.66666666666666,220.4359936706883,166.95088,XGBoost,166.9508819580078,0.9508819580078125
2022-05-01,707258,219,B,Baja,179.33333333333334,171.47576150980618,193.40019,XGBoost,193.4001922607422,-25.599807739257812
2022-06-01,707258,251,B,Baja,193.66666666666666,195.2604854870095,183.93608,XGBoost,183.9360809326172,-67.06391906738281
2022-04-01,707300,0,C,Alta,3.3333333333333335,1.2651640755412314,0.7715664,XGBoost,0.7715663909912109,0.7715663909912109
2022-05-01,707300,2,C,Alta,2.3333333333333335,1.93391136454383,0.75967824,XGBoost,0.7596782445907593,-1.2403217554092407
2022-06-01,707300,0,C,Alta,2.0,2.853199433951141,1.1315956,XGBoost,1.1315956115722656,1.1315956115722656
2022-04-01,707547,0,C,Alta,0.0,0.0,0.14246252,Media móvil,0.0,0.0
2022-05-01,707547,0,C,Alta,0.0,0.0,0.115059964,Media móvil,0.0,0.0
2022-06-01,707547,0,C,Alta,0.0,0.0,0.1024575,Media móvil,0.0,0.0
2022-04-01,707596,3,B,Media,185.33333333333334,175.76667353007548,107.25646,XGBoost,107.25646209716797,104.25646209716797
2022-05-01,707596,74,B,Media,140.33333333333334,383.0990050271872,21.792488,XGBoost,21.79248809814453,-52.20751190185547
2022-06-01,707596,78,B,Media,52.333333333333336,84.34319815225584,160.13353,XGBoost,160.13352966308594,82.13352966308594
2022-04-01,707597,324,B,Baja,276.0,291.64368080301995,219.14789,Media móvil,276.0,-48.0
2022-05-01,707597,341,B,Baja,285.6666666666667,289.4647208131719,259.94647,Media móvil,285.6666666666667,-55.333333333333314
2022-06-01,707597,481,B,Baja,306.0,259.75050919789396,269.67834,Media móvil,306.0,-175.0
2022-04-01,707610,0,C,Alta,0.0,0.0,0.1476631,Media móvil,0.0,0.0
2022-05-01,707610,0,C,Alta,0.0,0.0,0.13215381,Media móvil,0.0,0.0
2022-06-01,707610,0,C,Alta,0.0,0.0,0.0,Media móvil,0.0,0.0
2022-04-01,707621,0,C,Alta,3.0,0.0,0.9162432,XGBoost,0.9162431955337524,0.9162431955337524
2022-05-01,707621,0,C,Alta,3.0,0.2511731767093113,1.4265783,XGBoost,1.4265782833099365,1.4265782833099365
2022-06-01,707621,0,C,Alta,3.0,9.199270766593408,1.0430839,XGBoost,1.043083906173706,1.043083906173706
2022-04-01,707755,148,B,Baja,64.33333333333333,44.013006343446825,73.2851,XGBoost,73.28510284423828,-74.71489715576172
2022-05-01,707755,142,B,Baja,100.0,91.08927786783424,103.160866,XGBoost,103.1608657836914,-38.839134216308594
2022-06-01,707755,81,B,Baja,119.66666666666667,82.26339154155762,107.008194,XGBoost,107.00819396972656,26.008193969726562
2022-04-01,707781,0,C,Alta,0.6666666666666666,0.0,0.05296154,XGBoost,0.05296153947710991,0.05296153947710991
2022-05-01,707781,0,C,Alta,0.6666666666666666,0.5527705421012299,0.08791424,XGBoost,0.08791424334049225,0.08791424334049225
2022-06-01,707781,0,C,Alta,0.0,0.0,0.0900658,XGBoost,0.09006579965353012,0.09006579965353012
2022-04-01,707878,1,C,Media,5.333333333333333,2.074595749109723,2.0955567,XGBoost,2.0955567359924316,1.0955567359924316
2022-05-01,707878,0,C,Media,4.666666666666667,4.478480686026157,2.3606834,XGBoost,2.3606834411621094,2.3606834411621094
2022-06-01,707878,5,C,Media,3.0,7.814716707443408,1.7050743,XGBoost,1.7050743103027344,-3.2949256896972656
2022-04-01,708178,5,C,Baja,4.666666666666667,5.969811451558919,3.9424667,Media móvil,4.666666666666667,-0.33333333333333304
2022-05-01,708178,3,C,Baja,4.0,3.7355927111104243,4.733621,Media móvil,4.0,1.0
2022-06-01,708178,4,C,Baja,3.3333333333333335,0.4223765426531405,5.2464542,Media móvil,3.3333333333333335,-0.6666666666666665
2022-04-01,708344,7336,A,Baja,7375.0,7746.199495591496,6436.715,Regresión Lineal,7746.199495591496,410.1994955914961
2022-05-01,708344,7030,A,Baja,7188.0,7031.358975203281,6856.384,Regresión Lineal,7031.358975203281,1.3589752032812612
2022-06-01,708344,6582,A,Baja,7100.0,6649.751368256105,6747.5654,Regresión Lineal,6649.751368256105,67.7513682561048
2022-04-01,708346,516,A,Baja,559.0,552.0450079494981,564.3984,XGBoost,564.3983764648438,48.39837646484375
2022-05-01,708346,736,A,Baja,542.6666666666666,498.82062800759843,601.857,XGBoost,601.8569946289062,-134.14300537109375
2022-06-01,708346,804,A,Baja,617.3333333333334,609.336505944092,630.26654,XGBoost,630.2665405273438,-173.73345947265625
2022-04-01,708363,31,C,Media,24.333333333333332,45.657092579762846,34.867935,XGBoost,34.86793518066406,3.8679351806640625
2022-05-01,708363,61,C,Media,20.666666666666668,12.188951513567464,27.382107,XGBoost,27.38210678100586,-33.61789321899414
2022-06-01,708363,17,C,Media,36.666666666666664,23.875798926099264,20.41736,XGBoost,20.417360305786133,3.417360305786133
2022-04-01,708677,1,C,Media,4.666666666666667,4.731339582163671,2.521035,XGBoost,2.5210349559783936,1.5210349559783936
2022-05-01,708677,0,C,Media,3.3333333333333335,8.844234538957862,2.01161,XGBoost,2.0116100311279297,2.0116100311279297
2022-06-01,708677,1,C,Media,0.3333333333333333,0.0,3.3013353,XGBoost,3.301335334777832,2.301335334777832
2022-04-01,708756,8,C,Baja,8.0,12.295582676827717,6.585915,XGBoost,6.5859150886535645,-1.4140849113464355
2022-05-01,708756,14,C,Baja,6.333333333333333,3.2825008996989027,10.276998,XGBoost,10.276997566223145,-3.7230024337768555
2022-06-01,708756,13,C,Baja,9.333333333333334,5.499472863530328,9.4503565,XGBoost,9.450356483459473,-3.5496435165405273
2022-04-01,708771,7,C,Alta,0.0,0.0,0.16437246,XGBoost,0.16437245905399323,-6.835627540946007
2022-05-01,708771,0,C,Alta,2.3333333333333335,0.0,0.0,XGBoost,0.0,0.0
2022-06-01,708771,0,C,Alta,2.3333333333333335,0.0,0.0,XGBoost,0.0,0.0
2022-04-01,708786,33,C,Baja,48.0,66.24524324745154,40.86958,XGBoost,40.86957931518555,7.869579315185547
2022-05-01,708786,42,C,Baja,37.666666666666664,37.001699070894475,25.62858,XGBoost,25.62858009338379,-16.37141990661621
2022-06-01,708786,27,C,Baja,38.666666666666664,38.86192832245025,30.26244,XGBoost,30.262439727783203,3.262439727783203
2022-04-01,708833,49,B,Media,197.33333333333334,157.5699213622693,171.20062,Media móvil,197.33333333333334,148.33333333333334
2022-05-01,708833,421,B,Media,178.33333333333334,187.00005343204393,129.76535,Media móvil,178.33333333333334,-242.66666666666666
2022-06-01,708833,323,B,Media,275.3333333333333,423.55997203291747,196.7596,Media móvil,275.3333333333333,-47.666666666666686
2022-04-01,708836,0,C,Alta,0.0,0.0,0.36947837,Media móvil,0.0,0.0
2022-05-01,708836,0,C,Alta,0.0,0.0,0.14236574,Media móvil,0.0,0.0
2022-06-01,708836,0,C,Alta,0.0,0.0,0.45950505,Media móvil,0.0,0.0
2022-04-01,708852,59,C,Media,64.33333333333333,65.64796941546764,67.47701,XGBoost,67.47701263427734,8.477012634277344
2022-05-01,708852,129,C,Media,61.666666666666664,54.91569709380198,71.820305,XGBoost,71.82030487060547,-57.17969512939453
2022-06-01,708852,171,C,Media,86.0,80.53048062963622,82.43513,XGBoost,82.43512725830078,-88.56487274169922
2022-04-01,708883,4,C,Baja,4.666666666666667,0.9986461238455329,3.618308,XGBoost,3.6183080673217773,-0.38169193267822266
2022-05-01,708883,3,C,Baja,5.333333333333333,5.638691549531066,2.8897996,XGBoost,2.8897995948791504,-0.11020040512084961
2022-06-01,708883,4,C,Baja,4.0,3.3074658873569716,3.0845442,XGBoost,3.0845441818237305,-0.9154558181762695
2022-04-01,708919,0,C,Alta,1.0,0.0,0.09667947,XGBoost,0.09667947143316269,0.09667947143316269
2022-05-01,708919,0,C,Alta,1.0,1.7879848598858263,0.033322223,XGBoost,0.03332222253084183,0.03332222253084183
2022-06-01,708919,0,C,Alta,0.0,0.0,0.14178707,XGBoost,0.1417870670557022,0.1417870670557022
2022-04-01,709134,237,B,Media,86.66666666666667,96.96683376170623,173.79108,XGBoost,173.79107666015625,-63.20892333984375
2022-05-01,709134,313,B,Media,133.0,86.76759223550675,234.87526,XGBoost,234.87525939941406,-78.12474060058594
2022-06-01,709134,359,B,Media,219.33333333333334,141.89281846561724,205.04193,XGBoost,205.04193115234375,-153.95806884765625
2022-04-01,709707,15,C,Media,4.666666666666667,2.3778035537435587,5.3726892,XGBoost,5.372689247131348,-9.627310752868652
2022-05-01,709707,3,C,Media,8.333333333333334,4.218958807900826,7.536998,XGBoost,7.5369977951049805,4.5369977951049805
2022-06-01,709707,5,C,Media,8.0,6.531776244357115,4.411504,XGBoost,4.411503791809082,-0.588496208190918
2022-04-01,709736,258,B,Media,79.66666666666667,71.36480461089907,86.93759,XGBoost,86.93759155273438,-171.06240844726562
2022-05-01,709736,85,B,Media,140.0,104.31578508275555,110.97622,XGBoost,110.9762191772461,25.976219177246094
2022-06-01,709736,55,B,Media,145.66666666666666,129.00206301108526,88.485596,XGBoost,88.485595703125,33.485595703125
2022-04-01,709757,1,C,Media,1.0,0.0,0.8492434,Media móvil,1.0,0.0
2022-05-01,709757,3,C,Media,1.0,0.0,0.81326103,Media móvil,1.0,-2.0
2022-06-01,709757,1,C,Media,1.6666666666666667,0.0,0.6456641,Media móvil,1.6666666666666667,0.6666666666666667
2022-04-01,710039,0,C,Alta,1.0,0.0,0.9721767,Regresión Lineal,0.0,0.0
2022-05-01,710039,0,C,Alta,0.6666666666666666,0.0,0.917559,Regresión Lineal,0.0,0.0
2022-06-01,710039,4,C,Alta,0.3333333333333333,0.0,0.9156152,Regresión Lineal,0.0,-4.0
2022-04-01,710045,5,C,Baja,17.333333333333332,22.477489497530048,14.479473,Media móvil,17.333333333333332,12.333333333333332
2022-05-01,710045,19,C,Baja,11.333333333333334,13.769261819140803,9.149583,Media móvil,11.333333333333334,-7.666666666666666
2022-06-01,710045,8,C,Baja,13.0,15.597109966869283,13.8117,Media móvil,13.0,5.0
2022-04-01,710108,0,C,Alta,0.0,0.0,0.044680823,Media móvil,0.0,0.0
2022-05-01,710108,0,C,Alta,0.0,0.0,0.115059964,Media móvil,0.0,0.0
2022-06-01,710108,0,C,Alta,0.0,0.0,0.1024575,Media móvil,0.0,0.0
2022-04-01,710110,0,C,Media,6.0,11.220269824487037,2.3098934,Media móvil,6.0,6.0
2022-05-01,710110,0,C,Media,2.3333333333333335,6.1568262129736215,2.6352723,Media móvil,2.3333333333333335,2.3333333333333335
2022-06-01,710110,0,C,Media,0.0,0.0,3.4011078,Media móvil,0.0,0.0
2022-04-01,710111,82,C,Baja,77.66666666666667,66.34422591995742,78.99855,Media móvil,77.66666666666667,-4.333333333333329
2022-05-01,710111,109,C,Baja,82.0,76.42250745189257,45.41552,Media móvil,82.0,-27.0
2022-06-01,710111,62,C,Baja,91.0,83.09243438186742,100.87474,Media móvil,91.0,29.0
2022-04-01,710176,0,C,Alta,0.0,0.0,0.2417919,Media móvil,0.0,0.0
2022-05-01,710176,0,C,Alta,0.0,0.0,0.24070126,Media móvil,0.0,0.0
2022-06-01,710176,6,C,Alta,0.0,0.0,0.19856027,Media móvil,0.0,-6.0
2022-04-01,710356,288,B,Baja,356.3333333333333,482.1863922496068,335.13217,XGBoost,335.1321716308594,47.132171630859375
2022-05-01,710356,544,B,Baja,298.6666666666667,305.4672918643163,340.31528,XGBoost,340.3152770996094,-203.68472290039062
2022-06-01,710356,486,B,Baja,375.6666666666667,338.7223060269109,380.83798,XGBoost,380.8379821777344,-105.16201782226562
2022-04-01,710703,33,C,Media,14.0,35.84671449550856,17.232828,Regresión Lineal,35.84671449550856,2.8467144955085573
2022-05-01,710703,14,C,Media,14.0,14.150609755104398,24.157518,Regresión Lineal,14.150609755104398,0.1506097551043979
2022-06-01,710703,0,C,Media,15.666666666666666,2.462393074630935,11.639193,Regresión Lineal,2.462393074630935,2.462393074630935
2022-04-01,710768,26,C,Baja,9.666666666666666,4.178373559101598,13.485656,Regresión Lineal,4.178373559101598,-21.821626440898402
2022-05-01,710768,11,C,Baja,16.666666666666668,11.72377377129465,19.4079,Regresión Lineal,11.72377377129465,0.7237737712946508
2022-06-01,710768,7,C,Baja,16.666666666666668,13.998247861405302,16.157253,Regresión Lineal,13.998247861405302,6.998247861405302
2022-04-01,711321,3,C,Alta,0.3333333333333333,0.0,0.6580993,XGBoost,0.6580992937088013,-2.3419007062911987
2022-05-01,711321,1,C,Alta,1.3333333333333333,0.0,0.5989157,XGBoost,0.598915696144104,-0.401084303855896
2022-06-01,711321,0,C,Alta,1.6666666666666667,0.0,0.5926765,XGBoost,0.5926765203475952,0.5926765203475952
2022-04-01,711417,6,C,Media,4.333333333333333,7.477925517402351,1.6804004,Media móvil,4.333333333333333,-1.666666666666667
2022-05-01,711417,6,C,Media,3.6666666666666665,0.0,2.7944446,Media móvil,3.6666666666666665,-2.3333333333333335
2022-06-01,711417,0,C,Media,5.666666666666667,3.1719136469050735,2.471568,Media móvil,5.666666666666667,5.666666666666667
2022-04-01,711979,0,C,Alta,7.0,24.021842580008567,0.18583761,XGBoost,0.18583761155605316,0.18583761155605316
2022-05-01,711979,2,C,Alta,0.0,0.0,1.201611,XGBoost,1.201611042022705,-0.7983889579772949
2022-06-01,711979,11,C,Alta,0.6666666666666666,0.0,2.4251654,XGBoost,2.4251654148101807,-8.57483458518982
2022-04-01,712599,0,C,Alta,8.0,27.727485533362355,0.45026475,XGBoost,0.45026475191116333,0.45026475191116333
2022-05-01,712599,20,C,Alta,0.0,0.0,1.0240257,XGBoost,1.0240256786346436,-18.975974321365356
2022-06-01,712599,34,C,Alta,6.666666666666667,2.901966951370424,0.5904957,XGBoost,0.5904957056045532,-33.40950429439545
2022-04-01,712920,0,C,Alta,0.3333333333333333,0.0,0.14866558,Regresión Lineal,0.0,0.0
2022-05-01,712920,0,C,Alta,0.3333333333333333,0.0,0.09267209,Regresión Lineal,0.0,0.0
2022-06-01,712920,0,C,Alta,0.3333333333333333,0.0,0.07281064,Regresión Lineal,0.0,0.0
2022-04-01,712991,0,C,Alta,0.0,0.0,0.14246252,Media móvil,0.0,0.0
2022-05-01,712991,0,C,Alta,0.0,0.0,0.115059964,Media móvil,0.0,0.0
2022-06-01,712991,0,C,Alta,0.0,0.0,0.1024575,Media móvil,0.0,0.0
2022-04-01,713099,26,C,Baja,35.0,35.76705047941253,35.224926,Media móvil,35.0,9.0
2022-05-01,713099,37,C,Baja,31.0,30.503064440536633,32.396584,Media móvil,31.0,-6.0
2022-06-01,713099,33,C,Baja,32.666666666666664,33.52842748487583,43.062927,Media móvil,32.666666666666664,-0.3333333333333357
2022-04-01,713258,15,C,Media,48.666666666666664,89.87812100568556,36.104652,XGBoost,36.104652404785156,21.104652404785156
2022-05-01,713258,39,C,Media,26.666666666666668,27.802864802216952,38.44047,XGBoost,38.44047164916992,-0.5595283508300781
2022-06-01,713258,30,C,Media,31.0,39.90347676583184,39.35192,XGBoost,39.35192108154297,9.351921081542969
2022-04-01,713549,0,C,Alta,15.333333333333334,9.167479509660328,1.1296515,XGBoost,1.1296515464782715,1.1296515464782715
2022-05-01,713549,0,C,Alta,15.333333333333334,9.167479509660328,0.34066463,XGBoost,0.3406646251678467,0.3406646251678467
2022-06-01,713549,0,C,Alta,15.333333333333334,54.738767405180454,0.2557822,XGBoost,0.25578218698501587,0.25578218698501587
2022-04-01,713679,249,B,Baja,225.66666666666666,231.98086233268927,209.93271,Media móvil,225.66666666666666,-23.333333333333343
2022-05-01,713679,232,B,Baja,229.0,217.68149632049995,241.96873,Media móvil,229.0,-3.0
2022-06-01,713679,265,B,Baja,232.33333333333334,210.89931379996088,237.01868,Media móvil,232.33333333333334,-32.66666666666666
2022-04-01,713842,0,C,Alta,14.666666666666666,4.0562063438732014,2.923679,Regresión Lineal,4.0562063438732014,4.0562063438732014
2022-05-01,713842,28,C,Alta,14.333333333333334,23.185791494768292,1.5919044,Regresión Lineal,23.185791494768292,-4.814208505231708
2022-06-01,713842,30,C,Alta,17.0,27.182690771981555,2.1287196,Regresión Lineal,27.182690771981555,-2.817309228018445
2022-04-01,713863,0,C,Alta,0.0,0.0,0.13686481,Media móvil,0.0,0.0
2022-05-01,713863,0,C,Alta,0.0,0.0,0.20811595,Media móvil,0.0,0.0
2022-06-01,713863,1,C,Alta,0.0,0.0,0.15260212,Media móvil,0.0,-1.0
2022-04-01,713981,0,C,Alta,0.0,0.0,0.952373,Regresión Lineal,0.0,0.0
2022-05-01,713981,8,C,Alta,0.0,0.0,2.261033,Regresión Lineal,0.0,-8.0
2022-06-01,713981,0,C,Alta,2.6666666666666665,0.010191924467392033,4.6887727,Regresión Lineal,0.010191924467392033,0.010191924467392033
2022-04-01,714048,0,C,Alta,0.0,0.0,0.20628369,Media móvil,0.0,0.0
2022-05-01,714048,0,C,Alta,0.0,0.0,0.26330045,Media móvil,0.0,0.0
2022-06-01,714048,0,C,Alta,0.0,0.0,0.24902253,Media móvil,0.0,0.0
2022-04-01,714463,0,C,Alta,0.3333333333333333,0.0,0.7212335,Regresión Lineal,0.0,0.0
2022-05-01,714463,0,C,Alta,0.0,0.0,0.82041955,Regresión Lineal,0.0,0.0
2022-06-01,714463,0,C,Alta,0.0,0.0,0.89018345,Regresión Lineal,0.0,0.0
2022-04-01,714819,0,C,Alta,0.0,0.0,0.18602341,Media móvil,0.0,0.0
2022-05-01,714819,0,C,Alta,0.0,0.0,0.20600261,Media móvil,0.0,0.0
2022-06-01,714819,0,C,Alta,0.0,0.0,0.16504018,Media móvil,0.0,0.0
2022-04-01,714878,0,C,Alta,22.0,79.60648688031542,0.029189229,XGBoost,0.029189229011535645,0.029189229011535645
2022-05-01,714878,0,C,Alta,0.0,0.0,0.17338103,XGBoost,0.1733810305595398,0.1733810305595398
2022-06-01,714878,0,C,Alta,0.0,0.0,0.20111096,XGBoost,0.20111095905303955,0.20111095905303955
2022-04-01,714955,314,B,Baja,213.66666666666666,201.34413791982354,174.79803,Regresión Lineal,201.34413791982354,-112.65586208017646
2022-05-01,714955,243,B,Baja,254.33333333333334,285.4193911181303,188.97363,Regresión Lineal,285.4193911181303,42.41939111813031
2022-06-01,714955,184,B,Baja,247.33333333333334,201.13796809408248,191.8882,Regresión Lineal,201.13796809408248,17.13796809408248
2022-04-01,715020,3,C,Alta,0.0,0.0,1.4394641,Regresión Lineal,0.0,-3.0
2022-05-01,715020,0,C,Alta,1.0,0.0,1.9229958,Regresión Lineal,0.0,0.0
2022-06-01,715020,0,C,Alta,1.0,0.0,1.6313889,Regresión Lineal,0.0,0.0
2022-04-01,715068,96,B,Baja,97.33333333333333,99.0058712641047,81.16756,Media móvil,97.33333333333333,1.3333333333333286
2022-05-01,715068,113,B,Baja,97.33333333333333,79.16206823311191,88.477875,Media móvil,97.33333333333333,-15.666666666666671
2022-06-01,715068,129,B,Baja,109.66666666666667,118.57864740053819,101.48304,Media móvil,109.66666666666667,-19.33333333333333
2022-04-01,715131,0,C,Alta,18.0,64.78391506690026,0.013056161,XGBoost,0.013056160882115364,0.013056160882115364
2022-05-01,715131,0,C,Alta,0.0,0.0,0.18631077,XGBoost,0.1863107681274414,0.1863107681274414
2022-06-01,715131,4,C,Alta,0.0,0.0,0.063596085,XGBoost,0.06359608471393585,-3.936403915286064
2022-04-01,715385,39,B,Media,290.0,270.2521388005549,151.73744,XGBoost,151.73744201660156,112.73744201660156
2022-05-01,715385,227,B,Media,218.66666666666666,323.61649079502524,100.21656,XGBoost,100.21656036376953,-126.78343963623047
2022-06-01,715385,137,B,Media,207.0,415.08999118913505,105.82258,XGBoost,105.82257843017578,-31.17742156982422
2022-04-01,715460,8,C,Media,25.0,41.64921357277062,19.244122,XGBoost,19.244121551513672,11.244121551513672
2022-05-01,715460,19,C,Media,14.666666666666666,18.846446832015687,13.457032,XGBoost,13.457032203674316,-5.542967796325684
2022-06-01,715460,21,C,Media,14.666666666666666,16.653689301626557,17.697218,XGBoost,17.69721794128418,-3.3027820587158203
2022-04-01,715545,167,B,Media,203.33333333333334,166.2840130699617,228.59064,Regresión Lineal,166.2840130699617,-0.7159869300382979
2022-05-01,715545,452,B,Media,219.66666666666666,180.16682527846643,206.59755,Regresión Lineal,180.16682527846643,-271.83317472153357
2022-06-01,715545,710,B,Media,323.0,389.25889600523703,165.40828,Regresión Lineal,389.25889600523703,-320.74110399476297
2022-04-01,715571,0,C,Alta,0.0,0.0,0.19137901,Media móvil,0.0,0.0
2022-05-01,715571,0,C,Alta,0.0,0.0,0.17335002,Media móvil,0.0,0.0
2022-06-01,715571,0,C,Alta,0.0,0.0,0.13349663,Media móvil,0.0,0.0
2022-04-01,715576,5,C,Alta,0.0,0.0,1.3103273,Media móvil,0.0,-5.0
2022-05-01,715576,199,C,Alta,1.6666666666666667,0.0,1.7786038,Media móvil,1.6666666666666667,-197.33333333333334
2022-06-01,715576,74,C,Alta,68.0,43.56717290021047,4.555074,Media móvil,68.0,-6.0
2022-04-01,715623,0,C,Media,99.66666666666667,102.76906776367244,57.10826,XGBoost,57.10826110839844,57.10826110839844
2022-05-01,715623,41,C,Media,72.0,198.72362718720566,14.6940975,XGBoost,14.694097518920898,-26.3059024810791
2022-06-01,715623,43,C,Media,30.0,50.45805698376028,49.653343,XGBoost,49.653343200683594,6.653343200683594
2022-04-01,715706,146,B,Baja,162.66666666666666,161.88106236631577,147.85286,XGBoost,147.8528594970703,1.8528594970703125
2022-05-01,715706,198,B,Baja,156.0,167.33047447407745,152.92715,XGBoost,152.92715454101562,-45.072845458984375
2022-06-01,715706,199,B,Baja,165.33333333333334,154.86959787422313,163.61699,XGBoost,163.6169891357422,-35.38301086425781
2022-04-01,715794,100,C,Baja,87.33333333333333,74.13436308963976,83.40471,Media móvil,87.33333333333333,-12.666666666666671
2022-05-01,715794,126,C,Baja,95.66666666666667,83.4328228444355,81.54058,Media móvil,95.66666666666667,-30.33333333333333
2022-06-01,715794,37,C,Baja,110.33333333333333,106.23315120234815,94.31903,Media móvil,110.33333333333333,73.33333333333333
2022-04-01,715826,5,C,Baja,6.333333333333333,5.66569394755,6.6491666,XGBoost,6.649166584014893,1.6491665840148926
2022-05-01,715826,4,C,Baja,5.666666666666667,6.741643572814191,7.3510866,XGBoost,7.351086616516113,3.3510866165161133
2022-06-01,715826,12,C,Baja,4.333333333333333,1.973389182058614,6.5469856,XGBoost,6.546985626220703,-5.453014373779297
2022-04-01,716204,1,C,Alta,2.6666666666666665,0.0,2.8167598,Media móvil,2.6666666666666665,1.6666666666666665
2022-05-01,716204,2,C,Alta,3.0,0.0,5.8123136,Media móvil,3.0,1.0
2022-06-01,716204,1,C,Alta,2.6666666666666665,3.840660935907649,16.00067,Media móvil,2.6666666666666665,1.6666666666666665
2022-04-01,716715,97,C,Alta,4.0,0.5815024099770407,5.851329,Media móvil,4.0,-93.0
2022-05-01,716715,55,C,Alta,36.0,27.62036854624999,6.477131,Media móvil,36.0,-19.0
2022-06-01,716715,36,C,Alta,51.666666666666664,20.22912303949962,2.1290913,Media móvil,51.666666666666664,15.666666666666664
2022-04-01,716732,0,C,Alta,1.3333333333333333,0.0,0.04854749,XGBoost,0.04854749143123627,0.04854749143123627
2022-05-01,716732,0,C,Alta,1.3333333333333333,3.0231991776704232,0.0,XGBoost,0.0,0.0
2022-06-01,716732,0,C,Alta,0.0,0.0,0.12223009,XGBoost,0.12223009020090103,0.12223009020090103
2022-04-01,716753,1,C,Alta,2.0,0.0,1.466094,XGBoost,1.4660940170288086,0.4660940170288086
2022-05-01,716753,1,C,Alta,2.3333333333333335,2.3291261140169803,1.1696935,XGBoost,1.1696934700012207,0.1696934700012207
2022-06-01,716753,0,C,Alta,1.3333333333333333,0.1074978905555235,1.6874597,XGBoost,1.6874597072601318,1.6874597072601318
2022-04-01,716754,0,C,Alta,0.3333333333333333,0.0,0.07502859,Regresión Lineal,0.0,0.0
2022-05-01,716754,0,C,Alta,0.0,0.0,0.074385665,Regresión Lineal,0.0,0.0
2022-06-01,716754,0,C,Alta,0.0,0.0,0.06496827,Regresión Lineal,0.0,0.0
2022-04-01,716842,41,C,Alta,49.666666666666664,84.5054015702692,24.309998,XGBoost,24.30999755859375,-16.69000244140625
2022-05-01,716842,0,C,Alta,39.333333333333336,15.945930640725727,16.706059,XGBoost,16.706058502197266,16.706058502197266
2022-06-01,716842,0,C,Alta,37.666666666666664,83.7200012650681,18.228086,XGBoost,18.228086471557617,18.228086471557617
2022-04-01,716958,1,C,Alta,2.0,2.853199433951141,0.79367554,XGBoost,0.7936755418777466,-0.20632445812225342
2022-05-01,716958,3,C,Alta,1.0,0.4881998101719671,1.1301575,XGBoost,1.130157470703125,-1.869842529296875
2022-06-01,716958,0,C,Alta,1.3333333333333333,0.0,1.1006112,XGBoost,1.1006112098693848,1.1006112098693848
2022-04-01,717140,0,C,Alta,0.0,0.0,0.17389628,Media móvil,0.0,0.0
2022-05-01,717140,0,C,Alta,0.0,0.0,0.0,Media móvil,0.0,0.0
2022-06-01,717140,0,C,Alta,0.0,0.0,0.24860597,Media móvil,0.0,0.0
2022-04-01,717160,0,C,Alta,2.3333333333333335,0.0,0.12596789,XGBoost,0.12596789002418518,0.12596789002418518
2022-05-01,717160,0,C,Alta,2.3333333333333335,0.0,0.14056517,XGBoost,0.1405651718378067,0.1405651718378067
2022-06-01,717160,0,C,Alta,2.3333333333333335,6.728842131024214,0.0,XGBoost,0.0,0.0
2022-04-01,717191,0,C,Alta,0.0,0.0,0.710948,Media móvil,0.0,0.0
2022-05-01,717191,11,C,Alta,0.0,0.0,0.8185725,Media móvil,0.0,-11.0
2022-06-01,717191,5,C,Alta,3.6666666666666665,0.7331356811931502,1.5809214,Media móvil,3.6666666666666665,-1.3333333333333335
2022-04-01,717218,3,C,Media,5.0,2.149799702371272,4.93462,Regresión Lineal,2.149799702371272,-0.850200297628728
2022-05-01,717218,0,C,Media,4.666666666666667,4.235875685380826,4.3901987,Regresión Lineal,4.235875685380826,4.235875685380826
2022-06-01,717218,4,C,Media,2.6666666666666665,3.981345320473566,4.3954124,Regresión Lineal,3.981345320473566,-0.01865467952643396
2022-04-01,717219,153,B,Media,38.333333333333336,95.85470168415297,10.2962885,Regresión Lineal,95.85470168415297,-57.14529831584703
2022-05-01,717219,175,B,Media,61.333333333333336,59.354651064201704,52.00659,Regresión Lineal,59.354651064201704,-115.6453489357983
2022-06-01,717219,66,B,Media,109.33333333333333,33.94667428435451,125.36472,Regresión Lineal,33.94667428435451,-32.05332571564549
2022-04-01,717248,0,C,Alta,2.0,0.0,1.7141862,XGBoost,1.714186191558838,1.714186191558838
2022-05-01,717248,0,C,Alta,2.0,0.0,0.6606331,XGBoost,0.6606330871582031,0.6606330871582031
2022-06-01,717248,0,C,Alta,2.0,5.493627813239616,1.0323961,XGBoost,1.0323960781097412,1.0323960781097412
2022-04-01,717262,0,C,Alta,1.3333333333333333,3.0231991776704232,0.43216372,XGBoost,0.43216371536254883,0.43216371536254883
2022-05-01,717262,4,C,Alta,0.0,0.0,1.0046625,XGBoost,1.0046625137329102,-2.99533748626709
2022-06-01,717262,0,C,Alta,1.3333333333333333,0.0,0.5519421,XGBoost,0.5519421100616455,0.5519421100616455
2022-04-01,717274,37,B,Media,117.66666666666667,304.0361350711213,87.633255,XGBoost,87.63325500488281,50.63325500488281
2022-05-01,717274,165,B,Media,42.333333333333336,35.22660319105155,132.98738,XGBoost,132.9873809814453,-32.01261901855469
2022-06-01,717274,98,B,Media,83.66666666666667,66.49995876561351,177.83582,XGBoost,177.8358154296875,79.8358154296875
2022-04-01,717280,0,C,Alta,1.3333333333333333,3.0231991776704232,0.061274685,XGBoost,0.061274684965610504,0.061274684965610504
2022-05-01,717280,0,C,Alta,0.0,0.0,0.19752623,XGBoost,0.1975262314081192,0.1975262314081192
2022-06-01,717280,0,C,Alta,0.0,0.0,0.18091473,XGBoost,0.1809147298336029,0.1809147298336029
2022-04-01,717389,798,A,Alta,0.0,0.0,0.0,XGBoost,0.0,-798.0
2022-05-01,717389,0,A,Alta,266.0,148.70993573761208,97.96942,XGBoost,97.96942138671875,97.96942138671875
2022-06-01,717389,0,A,Alta,266.0,189.52735731850788,12.309056,XGBoost,12.309056282043457,12.309056282043457
2022-04-01,717421,0,C,Alta,0.0,0.0,0.100788556,Media móvil,0.0,0.0
2022-05-01,717421,0,C,Alta,0.0,0.0,0.074385665,Media móvil,0.0,0.0
2022-06-01,717421,0,C,Alta,0.0,0.0,0.03474038,Media móvil,0.0,0.0
2022-04-01,717432,4,C,Media,2.6666666666666665,1.142589235958961,2.851732,Regresión Lineal,1.142589235958961,-2.857410764041039
2022-05-01,717432,0,C,Media,3.0,0.24305013100742734,3.2011228,Regresión Lineal,0.24305013100742734,0.24305013100742734
2022-06-01,717432,1,C,Media,2.3333333333333335,1.6479034055185342,2.9415565,Regresión Lineal,1.6479034055185342,0.6479034055185342
2022-04-01,717442,0,C,Alta,0.0,0.0,0.16560298,Media móvil,0.0,0.0
2022-05-01,717442,0,C,Alta,0.0,0.0,0.1376454,Media móvil,0.0,0.0
2022-06-01,717442,1,C,Alta,0.0,0.0,0.12478757,Media móvil,0.0,-1.0
2022-04-01,717450,25,C,Alta,1.6666666666666667,3.4412478982398884,1.7451222,Regresión Lineal,3.4412478982398884,-21.558752101760113
2022-05-01,717450,7,C,Alta,8.333333333333334,2.717691697314298,1.2511272,Regresión Lineal,2.717691697314298,-4.282308302685702
2022-06-01,717450,1,C,Alta,10.666666666666666,3.465455318128499,2.7332635,Regresión Lineal,3.465455318128499,2.465455318128499
2022-04-01,717455,0,C,Alta,1.0,1.7879848598858263,0.36799893,Media móvil,1.0,1.0
2022-05-01,717455,0,C,Alta,0.0,0.0,0.37337905,Media móvil,0.0,0.0
2022-06-01,717455,0,C,Alta,0.0,0.0,0.35432813,Media móvil,0.0,0.0
2022-04-01,717519,1555,A,Baja,1388.0,1416.8110771782838,1333.1978,XGBoost,1333.19775390625,-221.80224609375
2022-05-01,717519,1682,A,Baja,1423.6666666666667,1296.00225152561,1482.0564,XGBoost,1482.056396484375,-199.943603515625
2022-06-01,717519,1924,A,Baja,1549.0,1404.9085054079464,1546.3069,XGBoost,1546.306884765625,-377.693115234375
2022-04-01,717705,2,C,Alta,0.0,0.0,0.20418444,XGBoost,0.20418444275856018,-1.7958155572414398
2022-05-01,717705,0,C,Alta,0.6666666666666666,0.0,0.12784004,XGBoost,0.1278400421142578,0.1278400421142578
2022-06-01,717705,0,C,Alta,0.6666666666666666,0.0,0.025506357,XGBoost,0.025506356731057167,0.025506356731057167
2022-04-01,717716,300,B,Baja,394.3333333333333,437.76382502275465,347.8418,XGBoost,347.841796875,47.841796875
2022-05-01,717716,292,B,Baja,348.0,387.6497668149915,345.84943,XGBoost,345.84942626953125,53.84942626953125
2022-06-01,717716,294,B,Baja,315.6666666666667,349.4567938481539,333.73215,XGBoost,333.7321472167969,39.732147216796875
2022-04-01,717763,239,C,Alta,0.0,0.0,0.0,Media móvil,0.0,-239.0
2022-05-01,717763,53,C,Alta,79.66666666666667,51.958757725021925,28.972305,Media móvil,79.66666666666667,26.66666666666667
2022-06-01,717763,110,C,Alta,97.33333333333333,47.652577849694836,29.098898,Media móvil,97.33333333333333,-12.666666666666671
2022-04-01,717813,2,C,Alta,15.0,13.216001417514526,4.7093015,XGBoost,4.709301471710205,2.709301471710205
2022-05-01,717813,4,C,Alta,11.333333333333334,12.86338287046044,2.2675796,XGBoost,2.2675795555114746,-1.7324204444885254
2022-06-01,717813,4,C,Alta,9.0,23.032926363670217,1.8440831,XGBoost,1.8440830707550049,-2.155916929244995
2022-04-01,717814,3,C,Media,15.666666666666666,13.306186391787964,5.672287,XGBoost,5.6722869873046875,2.6722869873046875
2022-05-01,717814,4,C,Media,12.333333333333334,13.857615936003116,2.8102627,XGBoost,2.810262680053711,-1.189737319946289
2022-06-01,717814,9,C,Media,9.666666666666666,24.13249663787296,2.148994,XGBoost,2.148993968963623,-6.851006031036377
2022-04-01,717825,4,C,Alta,3.0,0.0,8.444822,XGBoost,8.444822311401367,4.444822311401367
2022-05-01,717825,12,C,Alta,3.3333333333333335,1.3060223554019879,10.988925,XGBoost,10.988924980163574,-1.0110750198364258
2022-06-01,717825,15,C,Alta,6.333333333333333,3.0831275450055795,8.412523,XGBoost,8.41252326965332,-6.58747673034668
2022-04-01,717838,2,C,Alta,2.6666666666666665,0.010191924467392033,0.15536799,Media móvil,2.6666666666666665,0.6666666666666665
2022-05-01,717838,3,C,Alta,3.3333333333333335,7.773946953640978,0.43411213,Media móvil,3.3333333333333335,0.3333333333333335
2022-06-01,717838,0,C,Alta,1.6666666666666667,0.0,0.50774693,Media móvil,1.6666666666666667,1.6666666666666667
2022-04-01,717864,24,C,Media,25.666666666666668,22.498193388592547,21.269566,XGBoost,21.26956558227539,-2.7304344177246094
2022-05-01,717864,1,C,Media,25.0,22.06172971099386,24.896034,XGBoost,24.896034240722656,23.896034240722656
2022-06-01,717864,12,C,Media,16.666666666666668,26.43958328095806,10.523851,XGBoost,10.52385139465332,-1.4761486053466797
2022-04-01,717923,17,C,Baja,19.0,17.360108840293528,18.772547,XGBoost,18.772546768188477,1.7725467681884766
2022-05-01,717923,26,C,Baja,18.666666666666668,14.028614013882486,25.027567,XGBoost,25.02756690979004,-0.9724330902099609
2022-06-01,717923,36,C,Baja,22.333333333333332,22.813278484323554,22.770824,XGBoost,22.770824432373047,-13.229175567626953
2022-04-01,718001,31,C,Media,114.0,135.43036507702462,77.95118,XGBoost,77.95117950439453,46.95117950439453
2022-05-01,718001,51,C,Media,83.0,91.37936650087849,46.168346,XGBoost,46.1683464050293,-4.831653594970703
2022-06-01,718001,20,C,Media,76.0,165.45325381792614,79.09157,XGBoost,79.09156799316406,59.09156799316406
2022-04-01,718005,0,C,Alta,0.0,0.0,0.6514908,XGBoost,0.6514908075332642,0.6514908075332642
2022-05-01,718005,1,C,Alta,0.0,0.0,0.7149584,XGBoost,0.7149584293365479,-0.28504157066345215
2022-06-01,718005,3,C,Alta,0.3333333333333333,0.0,0.71123755,XGBoost,0.7112375497817993,-2.2887624502182007
2022-04-01,718072,0,C,Alta,14.333333333333334,46.74196092525898,1.8049257,XGBoost,1.8049256801605225,1.8049256801605225
2022-05-01,718072,0,C,Alta,1.0,0.0,6.0572042,XGBoost,6.057204246520996,6.057204246520996
2022-06-01,718072,0,C,Alta,1.0,1.7879848598857642,6.7715855,XGBoost,6.771585464477539,6.771585464477539
2022-04-01,718218,221,B,Baja,304.6666666666667,363.5372630527187,305.72153,Media móvil,304.6666666666667,83.66666666666669
2022-05-01,718218,321,B,Baja,262.0,236.9277379622635,262.94263,Media móvil,262.0,-59.0
2022-06-01,718218,237,B,Baja,295.0,360.89194435055026,317.65518,Media móvil,295.0,58.0
2022-04-01,718219,2400,A,Baja,2085.6666666666665,2163.7605201296033,2065.8333,Regresión Lineal,2163.7605201296033,-236.23947987039674
2022-05-01,718219,1906,A,Baja,2152.6666666666665,1876.8668003788096,2235.2793,Regresión Lineal,1876.8668003788096,-29.133199621190442
2022-06-01,718219,2086,A,Baja,2167.3333333333335,2208.3015174473317,2125.1577,Regresión Lineal,2208.3015174473317,122.30151744733166
2022-04-01,718228,0,C,Alta,0.0,0.0,0.2053174,Media móvil,0.0,0.0
2022-05-01,718228,0,C,Alta,0.0,0.0,0.16305283,Media móvil,0.0,0.0
2022-06-01,718228,0,C,Alta,0.0,0.0,0.15770477,Media móvil,0.0,0.0
2022-04-01,718292,76,B,Alta,95.66666666666667,50.38083299248507,152.10619,Regresión Lineal,50.38083299248507,-25.619167007514932
2022-05-01,718292,255,B,Alta,113.33333333333333,106.25651168233468,118.85853,Regresión Lineal,106.25651168233468,-148.7434883176653
2022-06-01,718292,510,B,Alta,167.33333333333334,194.24023769415692,168.18187,Regresión Lineal,194.24023769415692,-315.7597623058431
2022-04-01,718376,0,C,Alta,0.0,0.0,2.5300221,Media móvil,0.0,0.0
2022-05-01,718376,0,C,Alta,0.0,0.0,2.9347198,Media móvil,0.0,0.0
2022-06-01,718376,0,C,Alta,0.0,0.0,2.3695073,Media móvil,0.0,0.0
2022-04-01,718747,127,C,Media,40.333333333333336,77.16199496102554,10.698113,Regresión Lineal,77.16199496102554,-49.83800503897446
2022-05-01,718747,0,C,Media,60.0,68.7713729902323,56.91057,Regresión Lineal,68.7713729902323,68.7713729902323
2022-06-01,718747,46,C,Media,43.666666666666664,32.19349557901947,91.648735,Regresión Lineal,32.19349557901947,-13.80650442098053
2022-04-01,718798,142,B,Baja,107.33333333333333,115.97011163056304,84.13739,XGBoost,84.13739013671875,-57.86260986328125
2022-05-01,718798,56,B,Baja,116.33333333333333,117.39561411450825,97.85307,XGBoost,97.85307312011719,41.85307312011719
2022-06-01,718798,45,B,Baja,97.0,104.99733939633363,69.17501,XGBoost,69.17501068115234,24.175010681152344
2022-04-01,718800,6,C,Alta,0.0,0.0,0.18955769,XGBoost,0.18955768644809723,-5.810442313551903
2022-05-01,718800,0,C,Alta,2.0,0.0,0.0,XGBoost,0.0,0.0
2022-06-01,718800,0,C,Alta,2.0,0.0,0.0,XGBoost,0.0,0.0
2022-04-01,718999,0,C,Alta,12.0,15.021839963699072,0.22965035,XGBoost,0.2296503484249115,0.2296503484249115
2022-05-01,718999,0,C,Alta,8.0,3.865891960338102,0.3977754,XGBoost,0.39777541160583496,0.39777541160583496
2022-06-01,718999,0,C,Alta,8.0,27.727485533362355,0.08557697,XGBoost,0.08557696640491486,0.08557696640491486
2022-04-01,719016,0,C,Alta,1.6666666666666667,0.0,0.06741321,XGBoost,0.06741321086883545,0.06741321086883545
2022-05-01,719016,0,C,Alta,1.6666666666666667,3.4003896183791316,0.3590333,XGBoost,0.3590332865715027,0.3590332865715027
2022-06-01,719016,0,C,Alta,0.0,0.0,0.890555,XGBoost,0.8905550241470337,0.8905550241470337
2022-04-01,719059,8,C,Media,58.666666666666664,58.39709625868705,53.027473,Regresión Lineal,58.39709625868705,50.39709625868705
2022-05-01,719059,168,C,Media,41.0,62.08349771430814,12.369804,Regresión Lineal,62.08349771430814,-105.91650228569186
2022-06-01,719059,203,C,Media,78.66666666666667,90.1273971989284,80.00572,Regresión Lineal,90.1273971989284,-112.8726028010716
2022-04-01,719158,0,C,Alta,0.6666666666666666,0.5527705421012299,0.40757766,Regresión Lineal,0.5527705421012299,0.5527705421012299
2022-05-01,719158,0,C,Alta,0.0,0.0,0.26376507,Regresión Lineal,0.0,0.0
2022-06-01,719158,0,C,Alta,0.0,0.0,0.30614564,Regresión Lineal,0.0,0.0
2022-04-01,719225,0,C,Media,25.333333333333332,19.29278757265376,18.438643,Media móvil,25.333333333333332,25.333333333333332
2022-05-01,719225,25,C,Media,19.666666666666668,22.208901173105176,12.278718,Media móvil,19.666666666666668,-5.333333333333332
2022-06-01,719225,26,C,Media,22.333333333333332,48.33133448735556,17.605333,Media móvil,22.333333333333332,-3.666666666666668
2022-04-01,719246,6,C,Alta,8.0,13.84739760674736,1.0341623,XGBoost,1.0341622829437256,-4.965837717056274
2022-05-01,719246,0,C,Alta,5.666666666666667,11.31772026070261,1.8333445,XGBoost,1.8333444595336914,1.8333444595336914
2022-06-01,719246,0,C,Alta,2.0,0.0,1.3766153,XGBoost,1.376615285873413,1.376615285873413
2022-04-01,719247,1,C,Media,2.6666666666666665,4.063061880195077,2.3245997,XGBoost,2.3245997428894043,1.3245997428894043
2022-05-01,719247,6,C,Media,1.3333333333333333,1.416609608195817,3.1439629,XGBoost,3.143962860107422,-2.856037139892578
2022-06-01,719247,2,C,Media,2.3333333333333335,0.0,2.1840563,XGBoost,2.184056282043457,0.18405628204345703
2022-04-01,719274,0,C,Media,8.333333333333334,9.81939751702614,1.4152017,XGBoost,1.4152016639709473,1.4152016639709473
2022-05-01,719274,7,C,Media,4.666666666666667,6.728842131024214,2.447352,XGBoost,2.4473519325256348,-4.552648067474365
2022-06-01,719274,3,C,Media,4.666666666666667,6.401975892138161,2.367639,XGBoost,2.3676390647888184,-0.6323609352111816
2022-04-01,719275,61,C,Media,36.0,12.591491092989479,15.57379,Media móvil,36.0,-25.0
2022-05-01,719275,81,C,Media,52.666666666666664,59.35825970135698,39.11822,Media móvil,52.666666666666664,-28.333333333333336
2022-06-01,719275,54,C,Media,59.666666666666664,42.51160922970684,43.807278,Media móvil,59.666666666666664,5.666666666666664
2022-04-01,719419,3,C,Media,1.6666666666666667,0.0,1.9593098,XGBoost,1.9593098163604736,-1.0406901836395264
2022-05-01,719419,5,C,Media,2.6666666666666665,3.8587704808912946,3.8295546,XGBoost,3.829554557800293,-1.170445442199707
2022-06-01,719419,4,C,Media,2.6666666666666665,0.0,3.1645226,XGBoost,3.164522647857666,-0.835477352142334
2022-04-01,719423,0,B,Alta,0.0,0.0,0.83200884,XGBoost,0.8320088386535645,0.8320088386535645
2022-05-01,719423,712,B,Alta,0.0,0.0,1.2505767,XGBoost,1.2505767345428467,-710.7494232654572
2022-06-01,719423,1056,B,Alta,237.33333333333334,169.66099350277864,237.41386,XGBoost,237.4138641357422,-818.5861358642578
2022-04-01,719455,0,C,Alta,0.3333333333333333,0.0,0.07502859,Regresión Lineal,0.0,0.0
2022-05-01,719455,0,C,Alta,0.0,0.0,0.074385665,Regresión Lineal,0.0,0.0
2022-06-01,719455,0,C,Alta,0.0,0.0,0.06496827,Regresión Lineal,0.0,0.0
2022-04-01,719533,0,C,Alta,0.3333333333333333,0.0,0.32783148,Regresión Lineal,0.0,0.0
2022-05-01,719533,0,C,Alta,0.0,0.0,0.31856507,Regresión Lineal,0.0,0.0
2022-06-01,719533,0,C,Alta,0.0,0.0,0.30027443,Regresión Lineal,0.0,0.0
2022-04-01,719540,17,C,Media,8.666666666666666,3.408684623568659,7.2220583,XGBoost,7.222058296203613,-9.777941703796387
2022-05-01,719540,3,C,Media,13.666666666666666,18.90746125019161,7.2784863,XGBoost,7.278486251831055,4.278486251831055
2022-06-01,719540,5,C,Media,8.333333333333334,5.4784976909232075,9.202381,XGBoost,9.202381134033203,4.202381134033203
2022-04-01,719561,0,C,Alta,0.6666666666666666,0.4301957025189602,1.0071082,Regresión Lineal,0.4301957025189602,0.4301957025189602
2022-05-01,719561,0,C,Alta,0.0,0.0,0.9251822,Regresión Lineal,0.0,0.0
2022-06-01,719561,0,C,Alta,0.0,0.0,0.8240135,Regresión Lineal,0.0,0.0
2022-04-01,719612,1,C,Alta,0.0,0.0,0.32131913,XGBoost,0.3213191330432892,-0.6786808669567108
2022-05-01,719612,2,C,Alta,0.3333333333333333,0.0,0.29029095,XGBoost,0.2902909517288208,-1.7097090482711792
2022-06-01,719612,0,C,Alta,1.0,0.0,0.30240428,XGBoost,0.3024042844772339,0.3024042844772339
2022-04-01,719618,0,C,Alta,0.0,0.0,0.33310294,Media móvil,0.0,0.0
2022-05-01,719618,0,C,Alta,0.0,0.0,0.23768009,Media móvil,0.0,0.0
2022-06-01,719618,0,C,Alta,0.0,0.0,0.30060473,Media móvil,0.0,0.0
2022-04-01,719619,9,C,Alta,0.0,0.0,3.1575222,Regresión Lineal,0.0,-9.0
2022-05-01,719619,0,C,Alta,3.0,0.21031489684855487,6.183817,Regresión Lineal,0.21031489684855487,0.21031489684855487
2022-06-01,719619,0,C,Alta,3.0,0.16945661698779801,2.9966846,Regresión Lineal,0.16945661698779801,0.16945661698779801
2022-04-01,719669,0,C,Alta,0.0,0.0,0.14246252,Media móvil,0.0,0.0
2022-05-01,719669,0,C,Alta,0.0,0.0,0.115059964,Media móvil,0.0,0.0
2022-06-01,719669,0,C,Alta,0.0,0.0,0.1024575,Media móvil,0.0,0.0
2022-04-01,719743,0,C,Alta,5.333333333333333,17.845770991085583,0.025691487,XGBoost,0.02569148689508438,0.02569148689508438
2022-05-01,719743,0,C,Alta,0.0,0.0,0.123193294,XGBoost,0.12319329380989075,0.12319329380989075
2022-06-01,719743,3,C,Alta,0.0,0.0,0.117032304,XGBoost,0.11703230440616608,-2.882967695593834
2022-04-01,719747,0,C,Alta,0.0,0.0,0.14115174,Media móvil,0.0,0.0
2022-05-01,719747,0,C,Alta,0.0,0.0,0.14077719,Media móvil,0.0,0.0
2022-06-01,719747,30,C,Alta,0.0,0.0,0.12612996,Media móvil,0.0,-30.0
2022-04-01,719766,160,B,Baja,137.66666666666666,144.44680628051518,166.0301,XGBoost,166.0301055908203,6.0301055908203125
2022-05-01,719766,198,B,Baja,141.33333333333334,133.79633776804909,172.10886,XGBoost,172.10885620117188,-25.891143798828125
2022-06-01,719766,175,B,Baja,161.66666666666666,131.37566005649788,173.98312,XGBoost,173.98312377929688,-1.016876220703125
2022-04-01,719773,0,C,Alta,10.0,5.31177947378962,0.97865856,XGBoost,0.9786585569381714,0.9786585569381714
2022-05-01,719773,0,C,Alta,10.0,35.13877144006994,0.22995543,XGBoost,0.22995543479919434,0.22995543479919434
2022-06-01,719773,0,C,Alta,0.0,0.0,0.519482,XGBoost,0.5194820165634155,0.5194820165634155
2022-04-01,719819,43,C,Baja,87.33333333333333,87.0147773311396,89.53248,Regresión Lineal,87.0147773311396,44.0147773311396
2022-05-01,719819,141,C,Baja,76.0,70.98392195860065,82.80782,Regresión Lineal,70.98392195860065,-70.01607804139935
2022-06-01,719819,140,C,Baja,104.33333333333333,146.44333262034502,87.85198,Regresión Lineal,146.44333262034502,6.443332620345018
2022-04-01,719841,0,C,Alta,1.6666666666666667,0.0,1.1464486,XGBoost,1.1464486122131348,1.1464486122131348
2022-05-01,719841,0,C,Alta,1.6666666666666667,1.7026175672211137,0.7562492,XGBoost,0.756249189376831,0.756249189376831
2022-06-01,719841,3,C,Alta,0.6666666666666666,0.511912262240473,0.80297315,XGBoost,0.8029731512069702,-2.19702684879303
2022-04-01,719849,0,C,Alta,0.0,0.0,0.14246252,Media móvil,0.0,0.0
2022-05-01,719849,0,C,Alta,0.0,0.0,0.115059964,Media móvil,0.0,0.0
2022-06-01,719849,1,C,Alta,0.0,0.0,0.1024575,Media móvil,0.0,-1.0
2022-04-01,719877,5,C,Alta,1.6666666666666667,0.0,3.057033,XGBoost,3.057033061981201,-1.9429669380187988
2022-05-01,719877,0,C,Alta,3.3333333333333335,0.0,2.6629944,XGBoost,2.662994384765625,2.662994384765625
2022-06-01,719877,3,C,Alta,3.3333333333333335,4.217555215594263,2.518074,XGBoost,2.5180740356445312,-0.48192596435546875
2022-04-01,719878,0,C,Alta,2.6666666666666665,1.2651640755412314,1.0538068,XGBoost,1.0538067817687988,1.0538067817687988
2022-05-01,719878,0,C,Alta,1.6666666666666667,0.6675262218176794,0.9124173,XGBoost,0.9124172925949097,0.9124172925949097
2022-06-01,719878,0,C,Alta,1.0,1.7471265800250704,0.71580017,XGBoost,0.7158001661300659,0.7158001661300659
2022-04-01,719888,9,C,Alta,0.6666666666666666,0.5119122622404735,1.5732751,Regresión Lineal,0.5119122622404735,-8.488087737759527
2022-05-01,719888,0,C,Alta,3.0,0.2511731767093113,2.3392649,Regresión Lineal,0.2511731767093113,0.2511731767093113
2022-06-01,719888,0,C,Alta,3.0,0.2511731767093113,2.0472689,Regresión Lineal,0.2511731767093113,0.2511731767093113
2022-04-01,719930,0,C,Alta,0.0,0.0,0.100788556,Media móvil,0.0,0.0
2022-05-01,719930,0,C,Alta,0.0,0.0,0.074385665,Media móvil,0.0,0.0
2022-06-01,719930,0,C,Alta,0.0,0.0,0.03474038,Media móvil,0.0,0.0
2022-04-01,719935,870,A,Baja,872.0,1180.9719256011206,840.7084,XGBoost,840.7083740234375,-29.2916259765625
2022-05-01,719935,855,A,Baja,783.6666666666666,736.9880817799302,891.31647,XGBoost,891.3164672851562,36.31646728515625
2022-06-01,719935,1002,A,Baja,813.3333333333334,699.5746189620328,880.2275,XGBoost,880.2274780273438,-121.77252197265625
2022-04-01,719944,0,C,Alta,0.0,0.0,0.14246252,Media móvil,0.0,0.0
2022-05-01,719944,0,C,Alta,0.0,0.0,0.115059964,Media móvil,0.0,0.0
2022-06-01,719944,0,C,Alta,0.0,0.0,0.1024575,Media móvil,0.0,0.0
2022-04-01,719945,7,C,Alta,0.0,0.0,0.16437246,XGBoost,0.16437245905399323,-6.835627540946007
2022-05-01,719945,0,C,Alta,2.3333333333333335,0.0,0.0,XGBoost,0.0,0.0
2022-06-01,719945,0,C,Alta,2.3333333333333335,0.0,0.0,XGBoost,0.0,0.0
2022-04-01,720012,0,C,Baja,14.333333333333334,11.874861557624628,8.464767,XGBoost,8.464767456054688,8.464767456054688
2022-05-01,720012,16,C,Baja,9.666666666666666,15.134335188632832,7.25951,XGBoost,7.259510040283203,-8.740489959716797
2022-06-01,720012,8,C,Baja,10.333333333333334,16.410006709113205,7.258589,XGBoost,7.258588790893555,-0.7414112091064453
2022-04-01,720013,0,C,Baja,14.333333333333334,11.874861557624628,9.138168,XGBoost,9.138168334960938,9.138168334960938
2022-05-01,720013,16,C,Baja,9.666666666666666,15.134335188632832,8.527543,XGBoost,8.527543067932129,-7.472456932067871
2022-06-01,720013,8,C,Baja,10.333333333333334,16.410006709113205,8.405197,XGBoost,8.405197143554688,0.4051971435546875
2022-04-01,720068,616,A,Baja,1756.3333333333333,1884.3269293117492,1582.5908,XGBoost,1582.5908203125,966.5908203125
2022-05-01,720068,1633,A,Baja,1324.0,1856.4789196869951,1173.0325,XGBoost,1173.032470703125,-459.967529296875
2022-06-01,720068,1622,A,Baja,1309.6666666666667,1852.8911013871882,1394.5696,XGBoost,1394.569580078125,-227.430419921875
2022-04-01,720104,0,C,Alta,0.6666666666666666,0.0,0.042785745,Regresión Lineal,0.0,0.0
2022-05-01,720104,0,C,Alta,0.3333333333333333,0.0,0.2789783,Regresión Lineal,0.0,0.0
2022-06-01,720104,0,C,Alta,0.0,0.0,0.26421416,Regresión Lineal,0.0,0.0
2022-04-01,720151,0,C,Alta,0.3333333333333333,0.0,0.10124082,Regresión Lineal,0.0,0.0
2022-05-01,720151,0,C,Alta,0.3333333333333333,0.0,0.049191426,Regresión Lineal,0.0,0.0
2022-06-01,720151,0,C,Alta,0.3333333333333333,0.0,0.030120417,Regresión Lineal,0.0,0.0
2022-04-01,720207,68,B,Baja,130.0,189.95924796723727,95.23526,XGBoost,95.23526000976562,27.235260009765625
2022-05-01,720207,106,B,Baja,93.33333333333333,108.17823587335938,87.542175,XGBoost,87.54217529296875,-18.45782470703125
2022-06-01,720207,177,B,Baja,94.33333333333333,111.17179643954648,97.93998,XGBoost,97.93997955322266,-79.06002044677734
2022-04-01,720208,0,C,Alta,1.6666666666666667,1.7026175672211137,0.64969075,XGBoost,0.6496907472610474,0.6496907472610474
2022-05-01,720208,0,C,Alta,0.6666666666666666,0.0,0.7388942,XGBoost,0.7388942241668701,0.7388942241668701
2022-06-01,720208,0,C,Alta,0.6666666666666666,0.5527705421012299,0.5724994,XGBoost,0.5724993944168091,0.5724993944168091
2022-04-01,720209,3,C,Alta,0.0,0.0,0.50217366,Regresión Lineal,0.0,-3.0
2022-05-01,720209,0,C,Alta,1.0,0.0,0.8773011,Regresión Lineal,0.0,0.0
2022-06-01,720209,0,C,Alta,1.0,0.0,0.44879282,Regresión Lineal,0.0,0.0
2022-04-01,720211,0,C,Alta,3.3333333333333335,0.4921544289512303,0.12564874,XGBoost,0.12564873695373535,0.12564873695373535
2022-05-01,720211,0,C,Alta,3.3333333333333335,0.4921544289512303,0.15563707,XGBoost,0.15563707053661346,0.15563707053661346
2022-06-01,720211,0,C,Alta,3.3333333333333335,10.434485084378004,0.056943245,XGBoost,0.056943245232105255,0.056943245232105255
2022-04-01,720281,0,C,Alta,0.6666666666666666,0.0,0.15100676,XGBoost,0.1510067582130432,0.1510067582130432
2022-05-01,720281,0,C,Alta,0.6666666666666666,0.0,0.034574784,XGBoost,0.034574784338474274,0.034574784338474274
2022-06-01,720281,0,C,Alta,0.6666666666666666,0.5527705421012299,0.05887388,XGBoost,0.05887388065457344,0.05887388065457344
2022-04-01,730033,0,C,Media,0.6666666666666666,0.0,0.68025196,XGBoost,0.680251955986023,0.680251955986023
2022-05-01,730033,1,C,Media,0.3333333333333333,0.0,0.5459678,XGBoost,0.5459678173065186,-0.45403218269348145
2022-06-01,730033,1,C,Media,0.6666666666666666,0.0,0.6785896,XGBoost,0.6785895824432373,-0.3214104175567627
2022-04-01,730034,38,C,Baja,22.0,45.07955155183161,45.087074,Media móvil,22.0,-16.0
2022-05-01,730034,36,C,Baja,20.666666666666668,15.039566298554426,68.47608,Media móvil,20.666666666666668,-15.333333333333332
2022-06-01,730034,38,C,Baja,28.333333333333332,12.683375648722265,54.07514,Media móvil,28.333333333333332,-9.666666666666668
2022-04-01,730035,209,B,Baja,131.0,166.2487159356178,137.85222,XGBoost,137.8522186279297,-71.14778137207031
2022-05-01,730035,241,B,Baja,147.33333333333334,161.5439597393515,184.62564,XGBoost,184.62564086914062,-56.374359130859375
2022-06-01,730035,277,B,Baja,179.66666666666666,113.35613286350417,184.36127,XGBoost,184.36126708984375,-92.63873291015625
2022-04-01,730036,284,B,Baja,136.0,128.49939203106032,154.96165,XGBoost,154.96165466308594,-129.03834533691406
2022-05-01,730036,144,B,Baja,188.0,186.88559138472297,179.41875,XGBoost,179.4187469482422,35.41874694824219
2022-06-01,730036,243,B,Baja,182.66666666666666,153.62487213672108,161.2614,XGBoost,161.2613983154297,-81.73860168457031
2022-04-01,730037,155,B,Baja,86.0,56.89295944674997,97.49797,XGBoost,97.49797058105469,-57.50202941894531
2022-05-01,730037,155,B,Baja,121.66666666666667,102.79365734280113,96.725815,XGBoost,96.72581481933594,-58.27418518066406
2022-06-01,730037,73,B,Baja,141.66666666666666,118.70801558503467,97.74599,XGBoost,97.74598693847656,24.745986938476562
2022-04-01,730038,72,C,Media,52.0,27.752652163723074,14.316982,Media móvil,52.0,-20.0
2022-05-01,730038,51,C,Media,69.66666666666667,74.55720410576821,19.090944,Media móvil,69.66666666666667,18.66666666666667
2022-06-01,730038,19,C,Media,61.333333333333336,62.21594636321275,18.7629,Media móvil,61.333333333333336,42.333333333333336
2022-04-01,730039,69,C,Media,175.66666666666666,278.3396495877961,33.949265,XGBoost,33.94926452636719,-35.05073547363281
2022-05-01,730039,21,C,Media,115.33333333333333,211.60696529990173,53.32569,XGBoost,53.32569122314453,32.32569122314453
2022-06-01,730039,88,C,Media,59.333333333333336,96.14678641932039,19.970913,XGBoost,19.97091293334961,-68.02908706665039
2022-04-01,730040,104,B,Media,195.66666666666666,384.8049645953188,78.85133,XGBoost,78.85133361816406,-25.148666381835938
2022-05-01,730040,127,B,Media,118.33333333333333,202.70004501895673,123.532036,XGBoost,123.53203582763672,-3.4679641723632812
2022-06-01,730040,59,B,Media,98.66666666666667,61.40735195421604,130.30257,XGBoost,130.3025665283203,71.30256652832031
2022-04-01,730041,10,C,Media,68.33333333333333,31.913080157682927,44.68006,XGBoost,44.68006134033203,34.68006134033203
2022-05-01,730041,8,C,Media,67.33333333333333,79.636829992075,24.879395,XGBoost,24.87939453125,16.87939453125
2022-06-01,730041,97,C,Media,51.333333333333336,163.864645678124,18.823883,XGBoost,18.823883056640625,-78.17611694335938
2022-04-01,730053,0,C,Alta,0.0,0.0,0.34838977,Media móvil,0.0,0.0
2022-05-01,730053,0,C,Alta,0.0,0.0,0.23018566,Media móvil,0.0,0.0
2022-06-01,730053,1,C,Alta,0.0,0.0,0.30330056,Media móvil,0.0,-1.0
2022-04-01,730058,2119,A,Baja,1778.6666666666667,1983.812691930122,1603.7549,Regresión Lineal,1983.812691930122,-135.1873080698781
2022-05-01,730058,1685,A,Baja,1817.3333333333333,1680.9751404117035,1857.3369,Regresión Lineal,1680.9751404117035,-4.024859588296522
2022-06-01,730058,1868,A,Baja,1826.6666666666667,1696.5998849054038,1752.6377,Regresión Lineal,1696.5998849054038,-171.40011509459623
2022-04-01,730063,78,C,Media,40.0,63.42518781006814,32.11157,Regresión Lineal,63.42518781006814,-14.574812189931862
2022-05-01,730063,24,C,Media,46.0,37.54998869242357,53.449722,Regresión Lineal,37.54998869242357,13.549988692423568
2022-06-01,730063,0,C,Media,44.333333333333336,37.52410340867172,18.778368,Regresión Lineal,37.52410340867172,37.52410340867172
2022-04-01,730066,33,C,Baja,38.333333333333336,36.24425179078639,37.07657,Media móvil,38.333333333333336,5.333333333333336
2022-05-01,730066,33,C,Baja,37.666666666666664,31.103770228080855,34.08918,Media móvil,37.666666666666664,4.666666666666664
2022-06-01,730066,38,C,Baja,38.666666666666664,50.25634527734827,31.214176,Media móvil,38.666666666666664,0.6666666666666643
2022-04-01,730082,0,C,Alta,0.0,0.0,0.4601426,XGBoost,0.4601426124572754,0.4601426124572754
2022-05-01,730082,54,C,Alta,0.0,0.0,0.5622728,XGBoost,0.5622727870941162,-53.437727212905884
2022-06-01,730082,0,C,Alta,18.0,11.095329527595684,0.0,XGBoost,0.0,0.0
2022-04-01,730083,98,B,Baja,148.66666666666666,100.28268856746547,109.59374,XGBoost,109.59374237060547,11.593742370605469
2022-05-01,730083,78,B,Baja,154.0,202.0445326885295,92.98885,XGBoost,92.98885345458984,14.988853454589844
2022-06-01,730083,133,B,Baja,117.33333333333333,192.47422505517372,92.40669,XGBoost,92.40669250488281,-40.59330749511719
2022-04-01,730084,0,C,Alta,0.0,0.0,1.4773221,Media móvil,0.0,0.0
2022-05-01,730084,0,C,Alta,0.0,0.0,2.0887585,Media móvil,0.0,0.0
2022-06-01,730084,3,C,Alta,0.0,0.0,1.7043598,Media móvil,0.0,-3.0
2022-04-01,730096,3,C,Alta,0.6666666666666666,0.0,0.22153854,Regresión Lineal,0.0,-3.0
2022-05-01,730096,0,C,Alta,1.3333333333333333,0.0,0.16240184,Regresión Lineal,0.0,0.0
2022-06-01,730096,0,C,Alta,1.0,0.0,0.06824814,Regresión Lineal,0.0,0.0
2022-04-01,730113,0,C,Alta,1.3333333333333333,0.0,0.15600619,XGBoost,0.15600618720054626,0.15600618720054626
2022-05-01,730113,0,C,Alta,1.3333333333333333,0.0,0.14057136,XGBoost,0.14057135581970215,0.14057135581970215
2022-06-01,730113,0,C,Alta,1.3333333333333333,3.0231991776704232,0.062045645,XGBoost,0.06204564496874809,0.06204564496874809
2022-04-01,730116,44,B,Baja,137.66666666666666,118.16848794594846,135.04436,XGBoost,135.0443572998047,91.04435729980469
2022-05-01,730116,116,B,Baja,112.33333333333333,162.21508777565907,106.58378,XGBoost,106.58377838134766,-9.416221618652344
2022-06-01,730116,146,B,Baja,102.66666666666667,164.07064938338218,131.43977,XGBoost,131.4397735595703,-14.560226440429688
2022-04-01,730122,7,C,Alta,0.0,0.0,0.16437246,XGBoost,0.16437245905399323,-6.835627540946007
2022-05-01,730122,0,C,Alta,2.3333333333333335,0.0,0.0,XGBoost,0.0,0.0
2022-06-01,730122,0,C,Alta,2.3333333333333335,0.0,0.0,XGBoost,0.0,0.0
2022-04-01,730123,3,C,Media,3.0,0.0,5.6073666,Media móvil,3.0,0.0
2022-05-01,730123,10,C,Media,3.6666666666666665,3.453753179007749,4.6064157,Media móvil,3.6666666666666665,-6.333333333333334
2022-06-01,730123,7,C,Media,5.333333333333333,2.425043629967451,5.885665,Media móvil,5.333333333333333,-1.666666666666667
2022-04-01,730124,4,C,Alta,0.0,0.0,0.28554386,XGBoost,0.28554385900497437,-3.7144561409950256
2022-05-01,730124,0,C,Alta,1.3333333333333333,0.0,0.032876372,XGBoost,0.03287637233734131,0.03287637233734131
2022-06-01,730124,0,C,Alta,1.3333333333333333,0.0,0.016137764,XGBoost,0.01613776385784149,0.01613776385784149
2022-04-01,730125,0,C,Alta,0.0,0.0,0.11656405,XGBoost,0.11656405031681061,0.11656405031681061
2022-05-01,730125,1,C,Alta,0.0,0.0,0.30510023,XGBoost,0.3051002323627472,-0.6948997676372528
2022-06-01,730125,2,C,Alta,0.3333333333333333,0.0,0.44706175,XGBoost,0.4470617473125458,-1.5529382526874542
2022-04-01,730126,0,C,Alta,0.3333333333333333,0.0,0.64546824,Media móvil,0.3333333333333333,0.3333333333333333
2022-05-01,730126,1,C,Alta,0.3333333333333333,0.0,0.46537212,Media móvil,0.3333333333333333,-0.6666666666666667
2022-06-01,730126,2,C,Alta,0.6666666666666666,0.0,0.5784743,Media móvil,0.6666666666666666,-1.3333333333333335
2022-04-01,730134,62,C,Media,37.333333333333336,32.708558803876755,41.88194,XGBoost,41.88193893432617,-20.118061065673828
2022-05-01,730134,4,C,Media,49.666666666666664,20.45089577847857,42.184113,XGBoost,42.184112548828125,38.184112548828125
2022-06-01,730134,0,C,Media,46.666666666666664,85.36005476587518,17.949476,XGBoost,17.94947624206543,17.94947624206543
2022-04-01,730136,0,C,Alta,0.0,0.0,0.2590814,Media móvil,0.0,0.0
2022-05-01,730136,0,C,Alta,0.0,0.0,0.3101787,Media móvil,0.0,0.0
2022-06-01,730136,16,C,Alta,0.0,0.0,0.27436045,Media móvil,0.0,-16.0
2022-04-01,730138,4,C,Alta,19.666666666666668,50.67457173514499,9.483096,XGBoost,9.4830961227417,5.483096122741699
2022-05-01,730138,0,C,Alta,6.333333333333333,0.9158302779802927,7.3272724,XGBoost,7.327272415161133,7.327272415161133
2022-06-01,730138,0,C,Alta,6.333333333333333,14.685294425019269,8.55852,XGBoost,8.558520317077637,8.558520317077637
2022-04-01,730139,0,C,Alta,0.0,0.0,0.27286556,Media móvil,0.0,0.0
2022-05-01,730139,0,C,Alta,0.0,0.0,0.3160465,Media móvil,0.0,0.0
2022-06-01,730139,13,C,Alta,0.0,0.0,0.28006783,Media móvil,0.0,-13.0
2022-04-01,730141,0,C,Alta,0.0,0.0,0.22725102,XGBoost,0.22725102305412292,0.22725102305412292
2022-05-01,730141,0,C,Alta,0.0,0.0,0.08253655,XGBoost,0.08253654837608337,0.08253654837608337
2022-06-01,730141,1,C,Alta,0.0,0.0,0.33113262,XGBoost,0.3311326205730438,-0.6688673794269562
2022-04-01,730143,0,C,Alta,0.0,0.0,1.5843096,Media móvil,0.0,0.0
2022-05-01,730143,0,C,Alta,0.0,0.0,1.8248477,Media móvil,0.0,0.0
2022-06-01,730143,0,C,Alta,0.0,0.0,1.2349372,Media móvil,0.0,0.0
2022-04-01,730144,265,B,Baja,367.6666666666667,416.558628772342,317.036,XGBoost,317.0360107421875,52.0360107421875
2022-05-01,730144,315,B,Baja,317.6666666666667,359.7400213013917,295.12088,XGBoost,295.1208801269531,-19.879119873046875
2022-06-01,730144,299,B,Baja,305.3333333333333,340.95373882817125,318.7133,XGBoost,318.7132873535156,19.713287353515625
2022-04-01,730167,0,C,Alta,0.0,0.0,0.3148075,Regresión Lineal,0.0,0.0
2022-05-01,730167,4,C,Alta,0.0,0.0,0.2599301,Regresión Lineal,0.0,-4.0
2022-06-01,730167,0,C,Alta,1.3333333333333333,0.0,0.024492037,Regresión Lineal,0.0,0.0
2022-04-01,730176,0,C,Alta,0.0,0.0,0.25095573,Media móvil,0.0,0.0
2022-05-01,730176,0,C,Alta,0.0,0.0,0.2750538,Media móvil,0.0,0.0
2022-06-01,730176,32,C,Alta,0.0,0.0,0.24679331,Media móvil,0.0,-32.0
2022-04-01,730189,429,C,Alta,0.0,0.0,0.22158836,XGBoost,0.2215883582830429,-428.77841164171696
2022-05-01,730189,0,C,Alta,143.0,101.46329911831546,8.687135,XGBoost,8.687134742736816,8.687134742736816
2022-06-01,730189,0,C,Alta,143.0,101.46329911831546,5.7382393,XGBoost,5.738239288330078,5.738239288330078
2022-04-01,730194,1,C,Media,0.3333333333333333,0.0,1.8425121,XGBoost,1.8425121307373047,0.8425121307373047
2022-05-01,730194,4,C,Media,0.3333333333333333,0.0,2.6832898,XGBoost,2.6832897663116455,-1.3167102336883545
2022-06-01,730194,0,C,Media,1.6666666666666667,0.0,1.9575908,XGBoost,1.9575908184051514,1.9575908184051514
2022-04-01,730200,1,C,Alta,0.3333333333333333,0.0,0.5924282,Regresión Lineal,0.0,-1.0
2022-05-01,730200,0,C,Alta,0.6666666666666666,0.0,0.6182548,Regresión Lineal,0.0,0.0
2022-06-01,730200,0,C,Alta,0.6666666666666666,0.0,0.45849136,Regresión Lineal,0.0,0.0
2022-04-01,730205,0,C,Alta,0.3333333333333333,0.0,0.063064694,Regresión Lineal,0.0,0.0
2022-05-01,730205,0,C,Alta,0.3333333333333333,0.0,0.058372162,Regresión Lineal,0.0,0.0
2022-06-01,730205,0,C,Alta,0.0,0.0,0.06496827,Regresión Lineal,0.0,0.0
2022-04-01,730230,175,B,Baja,109.0,136.5682119702745,92.43199,Regresión Lineal,136.5682119702745,-38.43178802972551
2022-05-01,730230,78,B,Baja,122.66666666666667,111.91135510261262,115.15824,Regresión Lineal,111.91135510261262,33.91135510261262
2022-06-01,730230,58,B,Baja,116.0,109.21055813589211,89.19308,Regresión Lineal,109.21055813589211,51.210558135892114
2022-04-01,730237,0,C,Alta,0.0,0.0,0.59402704,Media móvil,0.0,0.0
2022-05-01,730237,15,C,Alta,0.0,0.0,0.67645764,Media móvil,0.0,-15.0
2022-06-01,730237,16,C,Alta,5.0,1.697060690160828,2.1540318,Media móvil,5.0,-11.0
2022-04-01,730242,28,C,Media,84.33333333333333,35.22620590485517,57.322895,Media móvil,84.33333333333333,56.33333333333333
2022-05-01,730242,88,C,Media,91.0,117.5052455025235,26.406757,Media móvil,91.0,3.0
2022-06-01,730242,95,C,Media,88.66666666666667,172.2707574542954,26.283745,Media móvil,88.66666666666667,-6.333333333333329
2022-04-01,770020,0,C,Alta,1.3333333333333333,2.9006243380881536,2.1073184,Media móvil,1.3333333333333333,1.3333333333333333
2022-05-01,770020,0,C,Alta,0.0,0.0,2.5311842,Media móvil,0.0,0.0
2022-06-01,770020,0,C,Alta,0.0,0.0,1.8080673,Media móvil,0.0,0.0
2022-04-01,770054,0,C,Alta,0.6666666666666666,0.5527705421012299,0.09775531,XGBoost,0.0977553129196167,0.0977553129196167
2022-05-01,770054,0,C,Alta,0.0,0.0,0.1505698,XGBoost,0.15056979656219482,0.15056979656219482
2022-06-01,770054,0,C,Alta,0.0,0.0,0.14048465,XGBoost,0.14048464596271515,0.14048464596271515
2022-04-01,770065,89,C,Alta,3.0,0.2511731767093113,2.8091998,XGBoost,2.809199810028076,-86.19080018997192
2022-05-01,770065,0,C,Alta,32.666666666666664,18.53169916476717,0.87851405,XGBoost,0.8785140514373779,0.8785140514373779
2022-06-01,770065,0,C,Alta,32.666666666666664,27.479796754651264,0.5443759,XGBoost,0.5443758964538574,0.5443758964538574
2022-04-01,770066,16,C,Alta,23.666666666666668,14.935600446856085,3.173118,Regresión Lineal,14.935600446856085,-1.0643995531439145
2022-05-01,770066,69,C,Alta,28.0,72.19076868611391,8.450085,Regresión Lineal,72.19076868611391,3.1907686861139126
2022-06-01,770066,0,C,Alta,30.333333333333332,18.1796008978281,2.0132937,Regresión Lineal,18.1796008978281,18.1796008978281
2022-04-01,770074,1,C,Alta,0.0,0.0,0.3099518,Regresión Lineal,0.0,-1.0
2022-05-01,770074,0,C,Alta,0.3333333333333333,0.0,0.26680562,Regresión Lineal,0.0,0.0
2022-06-01,770074,0,C,Alta,0.3333333333333333,0.0,0.17148916,Regresión Lineal,0.0,0.0
2022-04-01,770075,17,C,Media,24.666666666666668,44.43769006513906,11.358661,XGBoost,11.358660697937012,-5.641339302062988
2022-05-01,770075,2,C,Media,16.666666666666668,19.43283494902708,11.436359,XGBoost,11.436359405517578,9.436359405517578
2022-06-01,770075,0,C,Media,10.666666666666666,13.75914357031359,8.425263,XGBoost,8.425263404846191,8.425263404846191
2022-04-01,770117,7,C,Alta,3.6666666666666665,3.5251059003442426,0.7073939,XGBoost,0.7073938846588135,-6.2926061153411865
2022-05-01,770117,1,C,Alta,4.666666666666667,6.7288421310242175,0.903692,XGBoost,0.9036920070648193,-0.09630799293518066
2022-06-01,770117,0,C,Alta,2.6666666666666665,0.0,0.54081273,XGBoost,0.5408127307891846,0.5408127307891846
2022-04-01,770143,0,C,Alta,1.3333333333333333,0.0,0.5337306,XGBoost,0.5337306261062622,0.5337306261062622
2022-05-01,770143,0,C,Alta,1.3333333333333333,0.0,0.4454469,XGBoost,0.4454469084739685,0.4454469084739685
2022-06-01,770143,0,C,Alta,1.3333333333333333,3.0231991776704232,0.52953565,XGBoost,0.5295356512069702,0.5295356512069702
2022-04-01,770152,0,C,Alta,14.0,49.9613432534851,0.0,XGBoost,0.0,0.0
2022-05-01,770152,0,C,Alta,0.0,0.0,0.073559284,XGBoost,0.07355928421020508,0.07355928421020508
2022-06-01,770152,0,C,Alta,0.0,0.0,0.030687844,XGBoost,0.03068784438073635,0.03068784438073635
2022-04-01,A0000001,0,C,Alta,8.0,27.727485533362355,0.11320686,XGBoost,0.11320686340332031,0.11320686340332031
2022-05-01,A0000001,20,C,Alta,0.0,0.0,1.3602037,XGBoost,1.360203742980957,-18.639796257019043
2022-06-01,A0000001,34,C,Alta,6.666666666666667,2.901966951370424,0.64229906,XGBoost,0.6422990560531616,-33.35770094394684
2022-04-01,A0000034,0,C,Alta,1.3333333333333333,3.023199177670426,1.1895659,XGBoost,1.189565896987915,1.189565896987915
2022-05-01,A0000034,6,C,Alta,0.0,0.0,3.002614,XGBoost,3.0026140213012695,-2.9973859786987305
2022-06-01,A0000034,46,C,Alta,2.0,0.0,4.0106,XGBoost,4.0106000900268555,-41.989399909973145
2022-04-01,A0000039,316,B,Baja,409.6666666666667,430.5552631947205,367.03775,Regresión Lineal,430.5552631947205,114.55526319472051
2022-05-01,A0000039,441,B,Baja,372.0,460.5146116038509,377.51346,Regresión Lineal,460.5146116038509,19.51461160385088
2022-06-01,A0000039,289,B,Baja,367.6666666666667,352.1637835271,384.40738,Regresión Lineal,352.1637835271,63.16378352710001
2022-04-01,A0000051,75,B,Alta,63.666666666666664,48.14328761093968,86.03024,Media móvil,63.666666666666664,-11.333333333333336
2022-05-01,A0000051,37,B,Alta,66.33333333333333,60.828643005382986,136.96815,Media móvil,66.33333333333333,29.33333333333333
2022-06-01,A0000051,68,B,Alta,57.333333333333336,62.3747570873648,134.83531,Media móvil,57.333333333333336,-10.666666666666664
2022-04-01,A001011,10152,A,Baja,9360.666666666666,9383.798602992518,8577.231,Regresión Lineal,9383.798602992518,-768.2013970074822
2022-05-01,A001011,9387,A,Baja,9542.0,9706.83514969069,9147.441,Regresión Lineal,9706.83514969069,319.83514969069074
2022-06-01,A001011,7943,A,Baja,9393.333333333334,8507.782441391899,9033.773,Regresión Lineal,8507.782441391899,564.7824413918988
2022-04-01,A001201,0,C,Alta,0.3333333333333333,0.0,0.20707747,Regresión Lineal,0.0,0.0
2022-05-01,A001201,0,C,Alta,0.3333333333333333,0.0,0.2922281,Regresión Lineal,0.0,0.0
2022-06-01,A001201,0,C,Alta,0.0,0.0,0.2907445,Regresión Lineal,0.0,0.0
2022-04-01,A001221,1,C,Alta,0.0,0.0,0.5325875,XGBoost,0.5325875282287598,-0.46741247177124023
2022-05-01,A001221,2,C,Alta,0.3333333333333333,0.0,0.8589442,XGBoost,0.8589441776275635,-1.1410558223724365
2022-06-01,A001221,1,C,Alta,1.0,0.0,0.86682284,XGBoost,0.8668228387832642,-0.13317716121673584
2022-04-01,A002011,15,C,Alta,13.333333333333334,13.705846444936398,7.839881,XGBoost,7.83988094329834,-7.16011905670166
2022-05-01,A002011,0,C,Alta,15.0,33.92506078196645,6.191412,XGBoost,6.191411972045898,6.191411972045898
2022-06-01,A002011,43,C,Alta,5.0,0.0,2.812755,XGBoost,2.8127551078796387,-40.18724489212036
2022-04-01,A002451,22,C,Baja,34.666666666666664,46.05547149131293,29.421415,XGBoost,29.421415328979492,7.421415328979492
2022-05-01,A002451,8,C,Baja,26.666666666666668,26.432859868671823,25.689367,XGBoost,25.689367294311523,17.689367294311523
2022-06-01,A002451,6,C,Baja,20.0,31.45403838970757,25.087593,XGBoost,25.08759307861328,19.08759307861328
2022-04-01,A003011,557,A,Baja,503.6666666666667,747.0874098140142,529.5116,XGBoost,529.5115966796875,-27.4884033203125
2022-05-01,A003011,505,A,Baja,453.3333333333333,356.4785324161011,571.1526,XGBoost,571.152587890625,66.152587890625
2022-06-01,A003011,618,A,Baja,506.0,442.5848843860756,588.2972,XGBoost,588.2971801757812,-29.70281982421875
2022-04-01,A006011,265,B,Media,215.33333333333334,268.503575959788,150.2436,Regresión Lineal,268.503575959788,3.5035759597880087
2022-05-01,A006011,177,B,Media,219.0,255.67605576059137,167.79944,Regresión Lineal,255.67605576059137,78.67605576059137
2022-06-01,A006011,27,B,Media,198.33333333333334,163.4953987758167,151.21802,Regresión Lineal,163.4953987758167,136.4953987758167
2022-04-01,A006721,60,B,Media,110.66666666666667,161.8507200500843,55.231716,Regresión Lineal,161.8507200500843,101.8507200500843
2022-05-01,A006721,34,B,Media,83.0,66.83737021874711,77.824036,Regresión Lineal,66.83737021874711,32.83737021874711
2022-06-01,A006721,160,B,Media,77.33333333333333,155.26220183631088,49.999634,Regresión Lineal,155.26220183631088,-4.737798163689121
2022-04-01,A008011,69,C,Baja,38.666666666666664,44.2062893622395,24.568026,Media móvil,38.666666666666664,-30.333333333333336
2022-05-01,A008011,51,C,Baja,46.333333333333336,47.532548124251434,50.031334,Media móvil,46.333333333333336,-4.666666666666664
2022-06-01,A008011,92,C,Baja,48.666666666666664,29.186911866014924,44.195454,Media móvil,48.666666666666664,-43.333333333333336
2022-04-01,A008231,0,C,Alta,0.0,0.0,0.25737166,Media móvil,0.0,0.0
2022-05-01,A008231,0,C,Alta,0.0,0.0,0.2631183,Media móvil,0.0,0.0
2022-06-01,A008231,0,C,Alta,0.0,0.0,0.24884246,Media móvil,0.0,0.0
2022-04-01,A009701,166,B,Media,161.0,323.4808432343866,121.904724,Media móvil,161.0,-5.0
2022-05-01,A009701,77,B,Media,118.33333333333333,85.47140518793455,168.44774,Media móvil,118.33333333333333,41.33333333333333
2022-06-01,A009701,156,B,Media,119.66666666666667,121.73825358625902,143.14131,Media móvil,119.66666666666667,-36.33333333333333
2022-04-01,A013011,28,C,Media,41.0,12.221316847633403,4.9171805,XGBoost,4.91718053817749,-23.08281946182251
2022-05-01,A013011,0,C,Media,50.333333333333336,67.30438219615225,5.4255595,XGBoost,5.4255595207214355,5.4255595207214355
2022-06-01,A013011,0,C,Media,29.333333333333332,69.57276019803963,12.631794,XGBoost,12.631793975830078,12.631793975830078
2022-04-01,A013012,92,C,Media,36.666666666666664,27.004037107709117,32.866978,Media móvil,36.666666666666664,-55.333333333333336
2022-05-01,A013012,51,C,Media,62.0,94.35086115783665,55.545177,Media móvil,62.0,11.0
2022-06-01,A013012,53,C,Media,52.0,23.698488851480498,49.272648,Media móvil,52.0,-1.0
2022-04-01,A017231,3,C,Baja,9.0,5.982855075351593,7.560627,Regresión Lineal,5.982855075351593,2.982855075351593
2022-05-01,A017231,8,C,Baja,7.666666666666667,7.550605659348676,6.103267,Regresión Lineal,7.550605659348676,-0.4493943406513239
2022-06-01,A017231,11,C,Baja,7.666666666666667,11.445821361797872,6.3094945,Regresión Lineal,11.445821361797872,0.44582136179787213
2022-04-01,A018232,2,C,Media,4.333333333333333,3.0688288146524005,1.9010153,XGBoost,1.901015281677246,-0.0989847183227539
2022-05-01,A018232,1,C,Media,3.6666666666666665,6.083446507097348,1.6054919,XGBoost,1.6054918766021729,0.6054918766021729
2022-06-01,A018232,0,C,Media,1.6666666666666667,0.270931009998554,1.7798097,XGBoost,1.7798097133636475,1.7798097133636475
2022-04-01,A019101,16,C,Alta,3.3333333333333335,0.0,3.98981,XGBoost,3.989809989929199,-12.0101900100708
2022-05-01,A019101,0,C,Alta,8.666666666666666,11.275835253763411,7.5900354,XGBoost,7.590035438537598,7.590035438537598
2022-06-01,A019101,0,C,Alta,5.333333333333333,1.9380419424027466,2.1160805,XGBoost,2.1160805225372314,2.1160805225372314
2022-04-01,A020701,3,C,Alta,3.3333333333333335,1.4125348659601027,4.5788627,XGBoost,4.57886266708374,1.5788626670837402
2022-05-01,A020701,1,C,Alta,3.6666666666666665,6.317126293452867,2.6811771,XGBoost,2.6811771392822266,1.6811771392822266
2022-06-01,A020701,36,C,Alta,1.6666666666666667,0.0,3.2739878,XGBoost,3.2739877700805664,-32.726012229919434
2022-04-01,A020702,34,C,Media,59.333333333333336,51.48571302274573,41.988205,XGBoost,41.98820495605469,7.9882049560546875
2022-05-01,A020702,29,C,Media,54.0,75.91759622170602,40.75263,XGBoost,40.752628326416016,11.752628326416016
2022-06-01,A020702,41,C,Media,39.0,56.96563535426978,49.7211,XGBoost,49.721099853515625,8.721099853515625
2022-04-01,A022701,0,C,Alta,0.0,0.0,0.3148075,Media móvil,0.0,0.0
2022-05-01,A022701,0,C,Alta,0.0,0.0,0.2599301,Media móvil,0.0,0.0
2022-06-01,A022701,0,C,Alta,0.0,0.0,0.24569026,Media móvil,0.0,0.0
2022-04-01,A023011,191,B,Baja,138.33333333333334,166.00409383540168,123.811386,Regresión Lineal,166.00409383540168,-24.995906164598324
2022-05-01,A023011,121,B,Baja,147.33333333333334,123.36640174951089,143.38553,Regresión Lineal,123.36640174951089,2.366401749510885
2022-06-01,A023011,172,B,Baja,149.33333333333334,145.73945602203958,133.13979,Regresión Lineal,145.73945602203958,-26.260543977960424
2022-04-01,A023721,96,B,Baja,160.33333333333334,250.34970156875016,118.29541,Media móvil,160.33333333333334,64.33333333333334
2022-05-01,A023721,119,B,Baja,114.33333333333333,136.25737314746195,139.25891,Media móvil,114.33333333333333,-4.666666666666671
2022-06-01,A023721,114,B,Baja,108.66666666666667,107.71817205919658,157.9995,Media móvil,108.66666666666667,-5.333333333333329
2022-04-01,A024011,26,C,Media,57.0,78.31452432929002,35.46831,Media móvil,57.0,31.0
2022-05-01,A024011,55,C,Media,41.666666666666664,36.97481402191796,15.672874,Media móvil,41.666666666666664,-13.333333333333336
2022-06-01,A024011,33,C,Media,49.333333333333336,72.84051601338334,20.535477,Media móvil,49.333333333333336,16.333333333333336
2022-04-01,A025142,15,C,Alta,7.333333333333333,25.257056897793166,0.8786851,Media móvil,7.333333333333333,-7.666666666666667
2022-05-01,A025142,0,C,Alta,5.0,1.697060690160828,8.256248,Media móvil,5.0,5.0
2022-06-01,A025142,50,C,Alta,5.0,1.697060690160828,4.5365705,Media móvil,5.0,-45.0
2022-04-01,A026721,183,B,Baja,207.33333333333334,274.01994426897477,178.67818,XGBoost,178.6781768798828,-4.3218231201171875
2022-05-01,A026721,581,B,Baja,180.66666666666666,156.04373780732735,164.17352,XGBoost,164.17352294921875,-416.82647705078125
2022-06-01,A026721,217,B,Baja,318.6666666666667,277.03733875983903,262.8378,XGBoost,262.8377990722656,45.837799072265625
2022-04-01,A026722,105,B,Baja,65.66666666666667,54.68919905272601,84.46075,XGBoost,84.46074676513672,-20.53925323486328
2022-05-01,A026722,41,B,Baja,80.33333333333333,64.08377204942302,94.59719,XGBoost,94.5971908569336,53.597190856933594
2022-06-01,A026722,73,B,Baja,72.66666666666667,78.00026466307534,71.88089,XGBoost,71.88088989257812,-1.119110107421875
2022-04-01,A027142,4,C,Alta,8.333333333333334,5.388800744920092,0.6613413,XGBoost,0.6613413095474243,-3.3386586904525757
2022-05-01,A027142,0,C,Alta,9.0,26.07869838410697,0.04853183,XGBoost,0.04853183031082153,0.04853183031082153
2022-06-01,A027142,0,C,Alta,1.3333333333333333,0.0,0.77299464,XGBoost,0.7729946374893188,0.7729946374893188
2022-04-01,A033701,12,C,Baja,5.333333333333333,5.3118253106450135,5.243093,Media móvil,5.333333333333333,-6.666666666666667
2022-05-01,A033701,12,C,Baja,7.0,4.791159230954619,7.558223,Media móvil,7.0,-5.0
2022-06-01,A033701,14,C,Baja,9.333333333333334,3.5785413880305352,7.410533,Media móvil,9.333333333333334,-4.666666666666666
2022-04-01,A034011,46,C,Media,18.666666666666668,25.34549669590229,32.702217,XGBoost,32.70221710205078,-13.297782897949219
2022-05-01,A034011,60,C,Media,25.666666666666668,10.878929078449291,27.527763,XGBoost,27.52776336669922,-32.47223663330078
2022-06-01,A034011,8,C,Media,43.0,26.13229430391373,32.56726,XGBoost,32.5672607421875,24.5672607421875
2022-04-01,A035722,43,B,Baja,147.0,154.18487734250346,132.18896,Media móvil,147.0,104.0
2022-05-01,A035722,92,B,Baja,110.0,176.38152841274425,101.10642,Media móvil,110.0,18.0
2022-06-01,A035722,71,B,Baja,87.0,135.50078368869524,118.15521,Media móvil,87.0,16.0
2022-04-01,A036701,6,C,Media,4.333333333333333,7.477925517402351,1.1548741,Media móvil,4.333333333333333,-1.666666666666667
2022-05-01,A036701,6,C,Media,3.6666666666666665,0.0,2.045541,Media móvil,3.6666666666666665,-2.3333333333333335
2022-06-01,A036701,0,C,Media,5.666666666666667,3.1719136469050735,1.7196143,Media móvil,5.666666666666667,5.666666666666667
2022-04-01,A037011,266,B,Baja,411.3333333333333,310.15287088832406,276.58752,XGBoost,276.5875244140625,10.5875244140625
2022-05-01,A037011,139,B,Baja,410.6666666666667,485.8953403939629,261.96765,XGBoost,261.9676513671875,122.9676513671875
2022-06-01,A037011,204,B,Baja,309.6666666666667,592.6907380637202,248.41336,XGBoost,248.41336059570312,44.413360595703125
2022-04-01,A037101,0,C,Alta,0.0,0.0,1.1957786,Media móvil,0.0,0.0
2022-05-01,A037101,0,C,Alta,0.0,0.0,1.4055991,Media móvil,0.0,0.0
2022-06-01,A037101,0,C,Alta,0.0,0.0,1.0631111,Media móvil,0.0,0.0
2022-04-01,B00000010,0,C,Alta,1.3333333333333333,0.0,0.7148799,XGBoost,0.7148798704147339,0.7148798704147339
2022-05-01,B00000010,1,C,Alta,1.3333333333333333,0.0,0.9520302,XGBoost,0.9520301818847656,-0.047969818115234375
2022-06-01,B00000010,2,C,Alta,1.6666666666666667,2.9281444300865074,1.0427678,XGBoost,1.0427677631378174,-0.9572322368621826
2022-04-01,B004311,7,C,Media,2.0,0.0,3.814176,XGBoost,3.814176082611084,-3.185823917388916
2022-05-01,B004311,2,C,Media,4.0,0.9299731879166941,2.7197678,XGBoost,2.7197678089141846,0.7197678089141846
2022-06-01,B004311,3,C,Media,4.0,2.128497652763155,3.5118008,XGBoost,3.511800765991211,0.5118007659912109
2022-04-01,B004332,8,C,Media,2.0,0.0,3.1207929,XGBoost,3.120792865753174,-4.879207134246826
2022-05-01,B004332,2,C,Media,4.333333333333333,1.1673851867955634,1.7864988,XGBoost,1.786498785018921,-0.2135012149810791
2022-06-01,B004332,3,C,Media,4.333333333333333,2.3659096516420233,2.1201744,XGBoost,2.1201744079589844,-0.8798255920410156
2022-04-01,B005701,12,C,Baja,22.333333333333332,26.31942604575559,22.204533,Media móvil,22.333333333333332,10.333333333333332
2022-05-01,B005701,46,C,Baja,17.333333333333332,15.2737701357756,26.63439,Media móvil,17.333333333333332,-28.666666666666668
2022-06-01,B005701,25,C,Baja,27.333333333333332,28.037996935973055,36.864243,Media móvil,27.333333333333332,2.333333333333332
2022-04-01,B008011,16,C,Media,8.0,10.9861276484299,6.1434617,Media móvil,8.0,-8.0
2022-05-01,B008011,5,C,Media,9.333333333333334,9.33757748967481,9.677136,Media móvil,9.333333333333334,4.333333333333334
2022-06-01,B008011,32,C,Media,8.0,3.9459252311813433,8.6769085,Media móvil,8.0,-24.0
2022-04-01,B010021,519,A,Baja,447.3333333333333,438.5964388665516,419.78134,Regresión Lineal,438.5964388665516,-80.40356113344842
2022-05-01,B010021,372,A,Baja,467.3333333333333,432.0862415075769,467.91235,Regresión Lineal,432.0862415075769,60.086241507576915
2022-06-01,B010021,373,A,Baja,444.6666666666667,448.9869515397047,450.4398,Regresión Lineal,448.9869515397047,75.9869515397047
2022-04-01,B012011,0,C,Alta,7.333333333333333,19.923570208315606,0.17043695,XGBoost,0.17043694853782654,0.17043694853782654
2022-05-01,B012011,4,C,Alta,1.3333333333333333,3.023199177670425,0.6732923,XGBoost,0.6732922792434692,-3.3267077207565308
2022-06-01,B012011,4,C,Alta,1.3333333333333333,0.0,0.8911977,XGBoost,0.891197681427002,-3.108802318572998
2022-04-01,BISAPRO,1,C,Alta,3.6666666666666665,0.28369460272482794,0.0,XGBoost,0.0,-1.0
2022-05-01,BISAPRO,0,C,Alta,4.0,0.6212369410817669,0.6117475,XGBoost,0.6117475032806396,0.6117475032806396
2022-06-01,BISAPRO,0,C,Alta,4.0,11.557800662051218,0.32265517,XGBoost,0.32265517115592957,0.32265517115592957
2022-04-01,C0000005,0,C,Alta,4.0,1.4520368871814178,1.8965356,XGBoost,1.8965356349945068,1.8965356349945068
2022-05-01,C0000005,0,C,Alta,3.6666666666666665,0.7331356811931498,3.0653296,XGBoost,3.0653295516967773,3.0653295516967773
2022-06-01,C0000005,0,C,Alta,3.6666666666666665,11.424549722998062,1.9159827,XGBoost,1.915982723236084,1.915982723236084
2022-04-01,C0000008,2,C,Media,4.333333333333333,1.9063912725454766,5.417886,XGBoost,5.417885780334473,3.4178857803344727
2022-05-01,C0000008,13,C,Media,4.0,6.064571635073108,4.68906,XGBoost,4.689060211181641,-8.31093978881836
2022-06-01,C0000008,11,C,Media,6.0,3.4813612981275295,9.312027,XGBoost,9.312026977539062,-1.6879730224609375
2022-04-01,C0000019,28,C,Alta,2.6666666666666665,0.0,2.0779414,XGBoost,2.077941417694092,-25.922058582305908
2022-05-01,C0000019,0,C,Alta,12.0,8.852099056117039,0.992785,XGBoost,0.9927849769592285,0.9927849769592285
2022-06-01,C0000019,0,C,Alta,10.333333333333334,7.195653939214317,0.98415613,XGBoost,0.9841561317443848,0.9841561317443848
2022-04-01,C0000028,24,B,Baja,109.66666666666667,174.18841385875768,94.739845,XGBoost,94.7398452758789,70.7398452758789
2022-05-01,C0000028,78,B,Baja,63.666666666666664,77.46736426990553,44.71859,XGBoost,44.718589782714844,-33.281410217285156
2022-06-01,C0000028,237,B,Baja,66.66666666666667,104.95747794570154,119.78269,XGBoost,119.7826919555664,-117.2173080444336
2022-04-01,C0000030,4,C,Alta,15.0,42.9947159425257,0.766433,XGBoost,0.7664330005645752,-3.233566999435425
2022-05-01,C0000030,0,C,Alta,4.0,7.705773521091759,1.5361159,XGBoost,1.5361158847808838,1.5361158847808838
2022-06-01,C0000030,0,C,Alta,1.3333333333333333,0.0,0.814402,XGBoost,0.8144019842147827,0.8144019842147827
2022-04-01,C0000035,229,B,Baja,169.33333333333334,221.29319685479882,178.31416,Regresión Lineal,221.29319685479882,-7.706803145201178
2022-05-01,C0000035,160,B,Baja,173.66666666666666,147.94266252543426,210.81554,Regresión Lineal,147.94266252543426,-12.057337474565742
2022-06-01,C0000035,201,B,Baja,181.33333333333334,160.9516726631322,194.87764,Regresión Lineal,160.9516726631322,-40.0483273368678
2022-04-01,C0000047,86,B,Baja,75.33333333333333,107.72413948505574,67.48802,Regresión Lineal,107.72413948505574,21.724139485055744
2022-05-01,C0000047,44,B,Baja,69.66666666666667,58.77438344509016,85.2174,Regresión Lineal,58.77438344509016,14.774383445090159
2022-06-01,C0000047,98,B,Baja,64.66666666666667,68.64317473855746,76.02364,Regresión Lineal,68.64317473855746,-29.356825261442538
2022-04-01,C001011,64,B,Baja,133.33333333333334,112.88602737387906,132.07419,XGBoost,132.07418823242188,68.07418823242188
2022-05-01,C001011,102,B,Baja,118.33333333333333,195.41685377938987,126.36912,XGBoost,126.3691177368164,24.369117736816406
2022-06-01,C001011,201,B,Baja,91.33333333333333,111.251231182941,125.17362,XGBoost,125.17362213134766,-75.82637786865234
2022-04-01,C002701,187,B,Baja,274.6666666666667,388.9397131323901,201.32031,XGBoost,201.3203125,14.3203125
2022-05-01,C002701,274,B,Baja,221.33333333333334,399.0531830001074,185.40256,XGBoost,185.40255737304688,-88.59744262695312
2022-06-01,C002701,441,B,Baja,193.0,143.29100234813248,238.20586,XGBoost,238.2058563232422,-202.7941436767578
2022-04-01,C003101,46,C,Media,8.666666666666666,2.606548646355047,41.707336,XGBoost,41.70733642578125,-4.29266357421875
2022-05-01,C003101,66,C,Media,23.333333333333332,23.402058133616435,34.802612,XGBoost,34.8026123046875,-31.1973876953125
2022-06-01,C003101,57,C,Media,39.333333333333336,15.532662905325548,28.0347,XGBoost,28.034700393676758,-28.965299606323242
2022-04-01,C003102,24,C,Media,41.333333333333336,32.445438686269576,20.609411,XGBoost,20.609411239624023,-3.3905887603759766
2022-05-01,C003102,11,C,Media,41.666666666666664,90.79401796943971,32.37537,XGBoost,32.375370025634766,21.375370025634766
2022-06-01,C003102,144,C,Media,18.0,18.198034686071033,34.33219,XGBoost,34.332191467285156,-109.66780853271484
2022-04-01,C004011,3,C,Alta,0.0,0.0,2.5413404,Media móvil,0.0,-3.0
2022-05-01,C004011,42,C,Alta,1.0,0.0,5.1093445,Media móvil,1.0,-41.0
2022-06-01,C004011,12,C,Alta,15.0,7.780427215771962,1.3619542,Media móvil,15.0,3.0
2022-04-01,C004012,28,C,Alta,0.0,0.0,0.782007,XGBoost,0.7820069789886475,-27.217993021011353
2022-05-01,C004012,0,C,Alta,9.333333333333334,4.82981696930578,0.49853572,XGBoost,0.49853572249412537,0.49853572249412537
2022-06-01,C004012,0,C,Alta,9.333333333333334,4.257801051255188,0.57515454,XGBoost,0.5751545429229736,0.5751545429229736
2022-04-01,C005011,86,B,Baja,169.66666666666666,128.90410465836953,153.31842,XGBoost,153.31842041015625,67.31842041015625
2022-05-01,C005011,110,B,Baja,164.33333333333334,172.25247466467144,129.18973,XGBoost,129.18972778320312,19.189727783203125
2022-06-01,C005011,168,B,Baja,153.66666666666666,294.508823919312,118.888824,XGBoost,118.88882446289062,-49.111175537109375
2022-04-01,C008142,28,C,Alta,48.666666666666664,27.35001369485455,16.14042,Media móvil,48.666666666666664,20.666666666666664
2022-05-01,C008142,67,C,Alta,58.0,161.4151280289927,24.965555,Media móvil,58.0,-9.0
2022-06-01,C008142,5,C,Alta,35.0,20.186468980869005,47.81093,Media móvil,35.0,30.0
2022-04-01,C008232,1,C,Alta,1.6666666666666667,0.0,0.7005656,XGBoost,0.7005655765533447,-0.2994344234466553
2022-05-01,C008232,0,C,Alta,1.6666666666666667,2.8872861502257514,0.6906061,XGBoost,0.6906061172485352,0.6906061172485352
2022-06-01,C008232,0,C,Alta,0.3333333333333333,0.0,0.7639816,XGBoost,0.7639815807342529,0.7639815807342529
2022-04-01,C009141,0,C,Alta,0.0,0.0,0.97941744,Media móvil,0.0,0.0
2022-05-01,C009141,0,C,Alta,0.0,0.0,1.5642776,Media móvil,0.0,0.0
2022-06-01,C009141,0,C,Alta,0.0,0.0,1.6740024,Media móvil,0.0,0.0
2022-04-01,C011723,362,B,Baja,296.3333333333333,263.32642754225776,307.18536,XGBoost,307.18536376953125,-54.81463623046875
2022-05-01,C011723,343,B,Baja,330.6666666666667,273.8492475871258,349.5722,XGBoost,349.57220458984375,6.57220458984375
2022-06-01,C011723,358,B,Baja,355.3333333333333,348.4705808201452,341.40286,XGBoost,341.4028625488281,-16.597137451171875
2022-04-01,C014103,0,C,Alta,0.0,0.0,0.0,Media móvil,0.0,0.0
2022-05-01,C014103,0,C,Alta,0.0,0.0,0.0,Media móvil,0.0,0.0
2022-06-01,C014103,0,C,Alta,0.0,0.0,0.1153859,Media móvil,0.0,0.0
2022-04-01,C015701,464,A,Baja,879.0,776.1587655640158,758.033,XGBoost,758.0330200195312,294.03302001953125
2022-05-01,C015701,421,A,Baja,820.0,815.4926586985146,694.61804,XGBoost,694.6180419921875,273.6180419921875
2022-06-01,C015701,682,A,Baja,739.0,1512.1403984928684,435.05353,XGBoost,435.05352783203125,-246.94647216796875
2022-04-01,C019701,598,A,Baja,595.0,615.8972133209743,580.3295,XGBoost,580.3295288085938,-17.67047119140625
2022-05-01,C019701,494,A,Baja,589.0,637.2033701215165,618.9713,XGBoost,618.9713134765625,124.9713134765625
2022-06-01,C019701,624,A,Baja,538.6666666666666,509.8195021573114,611.2668,XGBoost,611.2667846679688,-12.73321533203125
2022-04-01,C022011,0,C,Alta,8.333333333333334,2.73646293489681,0.04199227,XGBoost,0.041992269456386566,0.041992269456386566
2022-05-01,C022011,0,C,Alta,8.333333333333334,6.71339519706752,0.034108475,XGBoost,0.0341084748506546,0.0341084748506546
2022-06-01,C022011,0,C,Alta,7.0,24.021842580008567,0.1695061,XGBoost,0.16950610280036926,0.16950610280036926
2022-04-01,C031321,45,C,Baja,26.666666666666668,29.618705835672866,53.537354,XGBoost,53.537353515625,8.537353515625
2022-05-01,C031321,21,C,Baja,32.333333333333336,16.21102106467935,41.842842,XGBoost,41.84284210205078,20.84284210205078
2022-06-01,C031321,20,C,Baja,35.333333333333336,42.19705556107729,29.252954,XGBoost,29.252954483032227,9.252954483032227
2022-04-01,C031511,3,C,Media,7.333333333333333,3.7589443761861574,3.145689,XGBoost,3.145689010620117,0.1456890106201172
2022-05-01,C031511,3,C,Media,6.666666666666667,8.004441806012034,3.139442,XGBoost,3.139441967010498,0.13944196701049805
2022-06-01,C031511,4,C,Media,4.666666666666667,7.2411126920830515,3.6754565,XGBoost,3.6754565238952637,-0.32454347610473633
2022-04-01,C032013,0,C,Alta,17.666666666666668,14.724596822130248,1.5595534,XGBoost,1.5595533847808838,1.5595533847808838
2022-05-01,C032013,34,C,Alta,15.666666666666666,56.137414842408084,1.082484,XGBoost,1.0824840068817139,-32.917515993118286
2022-06-01,C032013,0,C,Alta,11.333333333333334,6.153129643175026,1.2207079,XGBoost,1.220707893371582,1.220707893371582
2022-04-01,C034011,21,C,Media,42.666666666666664,37.68060216302677,20.41225,XGBoost,20.412250518798828,-0.5877494812011719
2022-05-01,C034011,5,C,Media,40.333333333333336,86.59136245838225,17.005972,XGBoost,17.005971908569336,12.005971908569336
2022-06-01,C034011,0,C,Media,16.333333333333332,20.573181072742933,5.8923497,XGBoost,5.892349720001221,5.892349720001221
2022-04-01,C035251,55,C,Media,50.333333333333336,94.22268983683234,28.332817,Media móvil,50.333333333333336,-4.666666666666664
2022-05-01,C035251,10,C,Media,41.333333333333336,14.824333478313743,32.52045,Media móvil,41.333333333333336,31.333333333333336
2022-06-01,C035251,57,C,Media,43.666666666666664,74.98273642829375,14.068072,Media móvil,43.666666666666664,-13.333333333333336
2022-04-01,C041602,0,C,Alta,0.3333333333333333,0.0,0.21343349,Regresión Lineal,0.0,0.0
2022-05-01,C041602,0,C,Alta,0.3333333333333333,0.0,0.19732061,Regresión Lineal,0.0,0.0
2022-06-01,C041602,2,C,Alta,0.0,0.0,0.20345992,Regresión Lineal,0.0,-2.0
2022-04-01,C044721,0,B,Alta,246.66666666666666,260.6856091175223,142.50845,Regresión Lineal,260.6856091175223,260.6856091175223
2022-05-01,C044721,266,B,Alta,162.0,271.792975788876,54.241367,Regresión Lineal,271.792975788876,5.792975788875992
2022-06-01,C044721,360,B,Alta,178.33333333333334,325.1344265547658,87.34999,Regresión Lineal,325.1344265547658,-34.86557344523419
2022-04-01,C044723,753,A,Baja,1016.6666666666666,986.9160334638684,872.6479,XGBoost,872.6478881835938,119.64788818359375
2022-05-01,C044723,497,A,Baja,935.3333333333334,1114.4188167319805,911.56635,XGBoost,911.5663452148438,414.56634521484375
2022-06-01,C044723,442,A,Baja,735.0,1001.0905143954192,842.45087,XGBoost,842.4508666992188,400.45086669921875
2022-04-01,C046101,3,C,Alta,19.333333333333332,5.85990861159751,11.104661,Regresión Lineal,5.85990861159751,2.8599086115975103
2022-05-01,C046101,62,C,Alta,19.666666666666668,30.84303270865145,7.562172,Regresión Lineal,30.84303270865145,-31.15696729134855
2022-06-01,C046101,176,C,Alta,31.333333333333332,39.09357845536404,13.27585,Regresión Lineal,39.09357845536404,-136.90642154463598
2022-04-01,C047011,828,A,Baja,877.0,1189.8223336763665,580.0328,Media móvil,877.0,49.0
2022-05-01,C047011,693,A,Baja,775.0,704.039421841152,779.48755,Media móvil,775.0,82.0
2022-06-01,C047011,1065,A,Baja,766.0,772.0472521336239,769.78827,Media móvil,766.0,-299.0
2022-04-01,D0000002,0,C,Alta,0.0,0.0,0.20418444,Media móvil,0.0,0.0
2022-05-01,D0000002,0,C,Alta,0.0,0.0,0.16355804,Media móvil,0.0,0.0
2022-06-01,D0000002,0,C,Alta,0.0,0.0,0.15040742,Media móvil,0.0,0.0
2022-04-01,D0000005,1,C,Alta,0.0,0.0,0.14246252,XGBoost,0.14246252179145813,-0.8575374782085419
2022-05-01,D0000005,0,C,Alta,0.3333333333333333,0.0,0.07495783,XGBoost,0.07495783269405365,0.07495783269405365
2022-06-01,D0000005,0,C,Alta,0.3333333333333333,0.0,0.039994862,XGBoost,0.03999486193060875,0.03999486193060875
2022-04-01,D0000011,24,C,Media,42.333333333333336,52.561638761127114,26.488176,XGBoost,26.488176345825195,2.4881763458251953
2022-05-01,D0000011,23,C,Media,33.666666666666664,27.362091162922248,30.701052,XGBoost,30.701051712036133,7.701051712036133
2022-06-01,D0000011,118,C,Media,33.0,56.285872559237774,41.30992,XGBoost,41.30992126464844,-76.69007873535156
2022-04-01,D0000020,0,C,Alta,45.0,26.308731896324364,17.985382,Regresión Lineal,26.308731896324364,26.308731896324364
2022-05-01,D0000020,65,C,Alta,42.333333333333336,46.51968444713375,11.376452,Regresión Lineal,46.51968444713375,-18.48031555286625
2022-06-01,D0000020,121,C,Alta,55.0,118.23652658142156,2.9183269,Regresión Lineal,118.23652658142156,-2.7634734185784424
2022-04-01,D0000030,7193,A,Baja,7121.666666666667,7153.471530567351,6055.903,XGBoost,6055.90283203125,-1137.09716796875
2022-05-01,D0000030,5868,A,Baja,7063.666666666667,6719.276546937487,6092.8623,XGBoost,6092.8623046875,224.8623046875
2022-06-01,D0000030,5509,A,Baja,6685.666666666667,6973.410919251501,6281.9565,XGBoost,6281.95654296875,772.95654296875
2022-04-01,D0000031,15,C,Alta,1.6666666666666667,0.0,0.6179702,Regresión Lineal,0.0,-15.0
2022-05-01,D0000031,9,C,Alta,6.666666666666667,6.159672994829135,1.2690063,Regresión Lineal,6.159672994829135,-2.840327005170865
2022-06-01,D0000031,0,C,Alta,8.0,0.0,0.84084666,Regresión Lineal,0.0,0.0
2022-04-01,D0000038,3,C,Alta,1.3333333333333333,0.5119122622404735,1.0930192,Media móvil,1.3333333333333333,-1.6666666666666667
2022-05-01,D0000038,1,C,Alta,1.6666666666666667,0.0,1.1848543,Media móvil,1.6666666666666667,0.6666666666666667
2022-06-01,D0000038,2,C,Alta,2.0,0.28390841086818464,0.8956075,Media móvil,2.0,0.0
2022-04-01,D002101,0,C,Alta,0.0,0.0,0.4935612,Media móvil,0.0,0.0
2022-05-01,D002101,21,C,Alta,0.0,0.0,0.600456,Media móvil,0.0,-21.0
2022-06-01,D002101,14,C,Alta,7.0,3.1429482036123435,0.4739184,Media móvil,7.0,-7.0
2022-04-01,D005711,255,B,Baja,232.0,253.11533543894586,240.75609,XGBoost,240.75608825683594,-14.243911743164062
2022-05-01,D005711,433,B,Baja,237.33333333333334,299.0010865325985,263.6764,XGBoost,263.6763916015625,-169.3236083984375
2022-06-01,D005711,567,B,Baja,285.3333333333333,210.5443366675986,314.3375,XGBoost,314.3374938964844,-252.66250610351562
2022-04-01,D006701,282,B,Baja,158.66666666666666,140.7381219794082,152.26506,XGBoost,152.2650604248047,-129.7349395751953
2022-05-01,D006701,165,B,Baja,211.33333333333334,257.8527799569081,164.19911,XGBoost,164.19911193847656,-0.8008880615234375
2022-06-01,D006701,225,B,Baja,189.0,144.6947057496676,165.49106,XGBoost,165.49105834960938,-59.508941650390625
2022-04-01,D009701,137,B,Baja,195.33333333333334,217.10515114768566,168.63739,XGBoost,168.63739013671875,31.63739013671875
2022-05-01,D009701,284,B,Baja,170.33333333333334,165.5559128492234,186.31174,XGBoost,186.31173706054688,-97.68826293945312
2022-06-01,D009701,229,B,Baja,212.0,235.34884899108843,187.27354,XGBoost,187.27354431152344,-41.72645568847656
2022-04-01,D009702,215,B,Baja,220.33333333333334,342.77659773618177,164.87875,Media móvil,220.33333333333334,5.333333333333343
2022-05-01,D009702,281,B,Baja,186.33333333333334,145.84467818932268,213.88507,Media móvil,186.33333333333334,-94.66666666666666
2022-06-01,D009702,284,B,Baja,233.33333333333334,211.9961293966244,229.41473,Media móvil,233.33333333333334,-50.66666666666666
2022-04-01,D009705,77,C,Baja,53.333333333333336,50.91974202843616,65.52098,XGBoost,65.52098083496094,-11.479019165039062
2022-05-01,D009705,99,C,Baja,61.666666666666664,45.25320371374709,78.68751,XGBoost,78.68750762939453,-20.31249237060547
2022-06-01,D009705,87,C,Baja,80.0,67.17733321924645,81.09061,XGBoost,81.09060668945312,-5.909393310546875
2022-04-01,D009706,534,A,Baja,564.3333333333334,670.1333969027075,489.19687,Media móvil,564.3333333333334,30.33333333333337
2022-05-01,D009706,613,A,Baja,522.6666666666666,487.8050673879859,517.912,Media móvil,522.6666666666666,-90.33333333333337
2022-06-01,D009706,933,A,Baja,558.6666666666666,517.7951569057998,522.34753,Media móvil,558.6666666666666,-374.33333333333337
2022-04-01,D010701,42,C,Media,12.333333333333334,7.645893067385355,42.627583,XGBoost,42.62758255004883,0.6275825500488281
2022-05-01,D010701,68,C,Media,25.333333333333332,6.920888057720967,32.834656,XGBoost,32.83465576171875,-35.16534423828125
2022-06-01,D010701,47,C,Media,47.333333333333336,35.284472223554936,31.334347,XGBoost,31.334346771240234,-15.665653228759766
2022-04-01,D015021,10,C,Media,13.0,23.45674584502082,3.5626993,XGBoost,3.562699317932129,-6.437300682067871
2022-05-01,D015021,0,C,Media,9.333333333333334,18.63961102450386,1.4119916,XGBoost,1.4119915962219238,1.4119915962219238
2022-06-01,D015021,11,C,Media,3.3333333333333335,0.2470047497866914,4.8345165,XGBoost,4.834516525268555,-6.165483474731445
2022-04-01,D015701,168,B,Baja,170.0,178.6429248856779,167.6563,Media móvil,170.0,2.0
2022-05-01,D015701,115,B,Baja,168.0,136.83893762562596,174.75035,Media móvil,168.0,53.0
2022-06-01,D015701,88,B,Baja,161.66666666666666,209.5363655133617,166.58264,Media móvil,161.66666666666666,73.66666666666666
2022-04-01,D018101,0,C,Alta,0.0,0.0,0.812003,Media móvil,0.0,0.0
2022-05-01,D018101,0,C,Alta,0.0,0.0,0.85930777,Media móvil,0.0,0.0
2022-06-01,D018101,0,C,Alta,0.0,0.0,0.79948354,Media móvil,0.0,0.0
2022-04-01,D018221,1,C,Media,8.333333333333334,8.662249026019856,4.1559987,XGBoost,4.155998706817627,3.155998706817627
2022-05-01,D018221,7,C,Media,5.333333333333333,7.412134778655373,3.9433208,XGBoost,3.9433207511901855,-3.0566792488098145
2022-06-01,D018221,3,C,Media,5.0,6.242711199617755,5.2373195,XGBoost,5.237319469451904,2.2373194694519043
2022-04-01,D020201,6,C,Media,8.666666666666666,4.037525180741298,7.1139174,XGBoost,7.113917350769043,1.113917350769043
2022-05-01,D020201,0,C,Media,9.333333333333334,7.610513834197953,4.866538,XGBoost,4.866538047790527,4.866538047790527
2022-06-01,D020201,6,C,Media,6.666666666666667,14.769835167969475,3.255588,XGBoost,3.2555880546569824,-2.7444119453430176
2022-04-01,D020221,7,C,Baja,6.333333333333333,9.588966488069975,4.7930202,Media móvil,6.333333333333333,-0.666666666666667
2022-05-01,D020221,7,C,Baja,5.333333333333333,0.9079897800801797,7.452837,Media móvil,5.333333333333333,-1.666666666666667
2022-06-01,D020221,3,C,Baja,7.0,4.633390566723212,6.7043586,Media móvil,7.0,4.0
2022-04-01,D023011,30,C,Alta,17.666666666666668,15.393793511818718,5.0886493,Regresión Lineal,15.393793511818718,-14.606206488181282
2022-05-01,D023011,36,C,Alta,24.666666666666668,45.25039723710819,9.265141,Regresión Lineal,45.25039723710819,9.250397237108189
2022-06-01,D023011,2,C,Alta,23.0,6.522638024235395,6.203244,Regresión Lineal,6.522638024235395,4.522638024235395
2022-04-01,D029701,7,C,Alta,10.666666666666666,9.750999537220983,5.8120255,Regresión Lineal,9.750999537220983,2.7509995372209826
2022-05-01,D029701,61,C,Alta,10.333333333333334,22.701978005639855,4.4616213,Regresión Lineal,22.701978005639855,-38.29802199436014
2022-06-01,D029701,38,C,Alta,23.666666666666668,14.54492771617408,16.314377,Regresión Lineal,14.54492771617408,-23.45507228382592
2022-04-01,D031141,11,C,Media,14.333333333333334,4.380279406376381,8.7661495,Regresión Lineal,4.380279406376381,-6.619720593623619
2022-05-01,D031141,17,C,Media,17.0,12.52414755333854,12.885578,Regresión Lineal,12.52414755333854,-4.4758524466614595
2022-06-01,D031141,35,C,Media,19.333333333333332,31.799832893006055,12.428809,Regresión Lineal,31.799832893006055,-3.200167106993945
2022-04-01,D035701,0,C,Media,1.6666666666666667,0.0,1.9668005,XGBoost,1.9668004512786865,1.9668004512786865
2022-05-01,D035701,2,C,Media,1.3333333333333333,0.4710539823797171,1.4053278,XGBoost,1.4053277969360352,-0.5946722030639648
2022-06-01,D035701,2,C,Media,1.3333333333333333,0.3484791427974474,1.7885664,XGBoost,1.7885663509368896,-0.21143364906311035
2022-04-01,E0000003,6,C,Alta,0.0,0.0,0.44866782,XGBoost,0.44866782426834106,-5.551332175731659
2022-05-01,E0000003,0,C,Alta,2.0,0.0,0.549731,XGBoost,0.5497310161590576,0.5497310161590576
2022-06-01,E0000003,3,C,Alta,2.0,0.0,0.43410075,XGBoost,0.4341007471084595,-2.5658992528915405
2022-04-01,E0000017,32,C,Media,14.666666666666666,34.584347797810246,13.396341,Regresión Lineal,34.584347797810246,2.5843477978102456
2022-05-01,E0000017,0,C,Media,14.666666666666666,7.5221292799696595,16.599514,Regresión Lineal,7.5221292799696595,7.5221292799696595
2022-06-01,E0000017,12,C,Media,13.333333333333334,12.129144644867662,17.628157,Regresión Lineal,12.129144644867662,0.12914464486766164
2022-04-01,E0000021,15,C,Media,6.666666666666667,10.353975695422648,3.7438154,Regresión Lineal,10.353975695422648,-4.646024304577352
2022-05-01,E0000021,2,C,Media,8.0,5.551543988934396,7.7454586,Regresión Lineal,5.551543988934396,3.5515439889343963
2022-06-01,E0000021,4,C,Media,7.0,4.2864258189519155,6.0101776,Regresión Lineal,4.2864258189519155,0.28642581895191555
2022-04-01,E0000034,1,C,Alta,0.0,0.0,1.1674268,Regresión Lineal,0.0,-1.0
2022-05-01,E0000034,0,C,Alta,0.3333333333333333,0.0,2.1633348,Regresión Lineal,0.0,0.0
2022-06-01,E0000034,0,C,Alta,0.3333333333333333,0.0,1.1731784,Regresión Lineal,0.0,0.0
2022-04-01,E002011,128,B,Baja,192.33333333333334,341.007135674181,130.05724,XGBoost,130.05723571777344,2.0572357177734375
2022-05-01,E002011,228,B,Baja,130.66666666666666,123.03066345792587,172.56187,XGBoost,172.56187438964844,-55.43812561035156
2022-06-01,E002011,166,B,Baja,162.33333333333334,143.9818429622376,192.79666,XGBoost,192.79666137695312,26.796661376953125
2022-04-01,E002012,124,B,Baja,164.33333333333334,163.4816068698483,161.86804,XGBoost,161.8680419921875,37.8680419921875
2022-05-01,E002012,212,B,Baja,149.0,157.26450990311096,164.76584,XGBoost,164.76583862304688,-47.234161376953125
2022-06-01,E002012,177,B,Baja,166.0,173.81120390391425,169.9493,XGBoost,169.9492950439453,-7.0507049560546875
2022-04-01,E007141,0,C,Media,15.0,8.861337043274345,10.304474,Regresión Lineal,8.861337043274345,8.861337043274345
2022-05-01,E007141,23,C,Media,13.0,31.27774563904932,11.343413,Regresión Lineal,31.27774563904932,8.277745639049321
2022-06-01,E007141,39,C,Media,11.333333333333334,13.003257465539217,9.274782,Regresión Lineal,13.003257465539217,-25.996742534460783
2022-04-01,E007231,6,C,Alta,0.3333333333333333,0.0,0.49871594,Regresión Lineal,0.0,-6.0
2022-05-01,E007231,0,C,Alta,2.0,0.0,0.52796555,Regresión Lineal,0.0,0.0
2022-06-01,E007231,0,C,Alta,2.0,0.0,0.37618253,Regresión Lineal,0.0,0.0
2022-04-01,E008011,614,A,Baja,486.0,443.55141007008456,438.5953,XGBoost,438.5953063964844,-175.40469360351562
2022-05-01,E008011,508,A,Baja,543.6666666666666,478.53290739022964,492.10364,XGBoost,492.1036376953125,-15.8963623046875
2022-06-01,E008011,326,A,Baja,556.3333333333334,546.4503060124442,485.56885,XGBoost,485.56884765625,159.56884765625
2022-04-01,E008012,81,C,Baja,52.333333333333336,34.87253978531016,63.705925,XGBoost,63.70592498779297,-17.29407501220703
2022-05-01,E008012,72,C,Baja,68.0,56.7872995446375,72.147095,XGBoost,72.1470947265625,0.1470947265625
2022-06-01,E008012,36,C,Baja,72.66666666666667,63.31780496541373,66.70386,XGBoost,66.703857421875,30.703857421875
2022-04-01,E010721,0,C,Alta,0.0,0.0,0.3829199,Regresión Lineal,0.0,0.0
2022-05-01,E010721,3,C,Alta,0.0,0.0,0.33313,Regresión Lineal,0.0,-3.0
2022-06-01,E010721,0,C,Alta,1.0,0.0,0.25888124,Regresión Lineal,0.0,0.0
2022-04-01,E020722,76,B,Baja,119.0,136.88071982473414,97.62665,XGBoost,97.62664794921875,21.62664794921875
2022-05-01,E020722,109,B,Baja,99.33333333333333,136.296288675222,106.44034,XGBoost,106.44033813476562,-2.559661865234375
2022-06-01,E020722,93,B,Baja,91.66666666666667,89.1650059429404,119.3281,XGBoost,119.3281021118164,26.328102111816406
2022-04-01,E038162,2,C,Alta,3.0,0.0,16.00696,Media móvil,3.0,1.0
2022-05-01,E038162,13,C,Alta,2.6666666666666665,1.3060223554019879,13.809688,Media móvil,2.6666666666666665,-10.333333333333334
2022-06-01,E038162,5,C,Alta,6.0,3.6039361377097983,9.024188,Media móvil,6.0,1.0
2022-04-01,F0000005,1,C,Alta,0.6666666666666666,0.0,0.4180218,Media móvil,0.6666666666666666,-0.33333333333333337
2022-05-01,F0000005,1,C,Alta,1.0,0.0,0.31215176,Media móvil,1.0,0.0
2022-06-01,F0000005,0,C,Alta,1.0,0.0,0.33341897,Media móvil,1.0,1.0
2022-04-01,F002141,68,B,Media,93.33333333333333,174.47897813569395,73.54712,XGBoost,73.547119140625,5.547119140625
2022-05-01,F002141,283,B,Media,63.333333333333336,65.79526550596046,113.70958,XGBoost,113.70957946777344,-169.29042053222656
2022-06-01,F002141,136,B,Media,135.0,98.11657483683112,142.25603,XGBoost,142.2560272216797,6.2560272216796875
2022-04-01,F002231,7,C,Media,3.0,2.1946415812415268,1.9286106,XGBoost,1.9286105632781982,-5.071389436721802
2022-05-01,F002231,0,C,Media,4.333333333333333,5.546243487152288,1.0240867,XGBoost,1.0240867137908936,1.0240867137908936
2022-06-01,F002231,0,C,Media,2.3333333333333335,0.0,0.98685896,XGBoost,0.9868589639663696,0.9868589639663696
2022-04-01,F008701,64,C,Baja,62.0,53.755526293933606,77.995316,Media móvil,62.0,-2.0
2022-05-01,F008701,82,C,Baja,65.33333333333333,52.33626757259594,76.44854,Media móvil,65.33333333333333,-16.66666666666667
2022-06-01,F008701,68,C,Baja,75.33333333333333,78.83793872324503,75.74794,Media móvil,75.33333333333333,7.333333333333329
2022-04-01,F009101,132,B,Baja,94.33333333333333,78.85726227348502,85.40948,Regresión Lineal,78.85726227348502,-53.14273772651498
2022-05-01,F009101,156,B,Baja,112.66666666666667,116.11921289992678,105.64378,Regresión Lineal,116.11921289992678,-39.88078710007322
2022-06-01,F009101,95,B,Baja,127.0,99.52738082709996,91.36955,Regresión Lineal,99.52738082709996,4.527380827099961
2022-04-01,F009701,158,B,Baja,282.6666666666667,324.1636350865343,215.60266,Regresión Lineal,324.1636350865343,166.16363508653433
2022-05-01,F009701,360,B,Baja,228.0,271.50897892508544,204.93477,Regresión Lineal,271.50897892508544,-88.49102107491456
2022-06-01,F009701,339,B,Baja,262.3333333333333,300.4427938261566,234.58672,Regresión Lineal,300.4427938261566,-38.55720617384338
2022-04-01,F013141,65,C,Media,5.0,3.484331048333921,3.7937007,Media móvil,5.0,-60.0
2022-05-01,F013141,20,C,Media,25.333333333333332,23.21303456929763,19.127415,Media móvil,25.333333333333332,5.333333333333332
2022-06-01,F013141,23,C,Media,28.333333333333332,11.977998784642475,13.245655,Media móvil,28.333333333333332,5.333333333333332
2022-04-01,F013201,0,C,Alta,0.0,0.0,0.31181714,Media móvil,0.0,0.0
2022-05-01,F013201,0,C,Alta,0.0,0.0,0.2128607,Media móvil,0.0,0.0
2022-06-01,F013201,0,C,Alta,0.0,0.0,0.22723931,Media móvil,0.0,0.0
2022-04-01,F014011,343,B,Baja,296.6666666666667,308.4700165926397,334.12006,XGBoost,334.12005615234375,-8.87994384765625
2022-05-01,F014011,457,B,Baja,309.3333333333333,246.8485753186669,353.9728,XGBoost,353.9728088378906,-103.02719116210938
2022-06-01,F014011,444,B,Baja,380.3333333333333,343.3812073929985,375.15677,XGBoost,375.1567687988281,-68.84323120117188
2022-04-01,F015011,7,C,Alta,0.0,0.0,0.6465148,Regresión Lineal,0.0,-7.0
2022-05-01,F015011,0,C,Alta,2.3333333333333335,0.0,0.77809286,Regresión Lineal,0.0,0.0
2022-06-01,F015011,0,C,Alta,2.3333333333333335,0.0,0.67419314,Regresión Lineal,0.0,0.0
2022-04-01,F015701,0,C,Alta,11.0,4.0748959789647206,7.2198515,Regresión Lineal,4.0748959789647206,4.0748959789647206
2022-05-01,F015701,23,C,Alta,10.0,14.472081302075342,2.4962893,Regresión Lineal,14.472081302075342,-8.527918697924658
2022-06-01,F015701,20,C,Alta,13.333333333333334,19.96393539255604,1.3550069,Regresión Lineal,19.96393539255604,-0.03606460744396145
2022-04-01,F017011,255,B,Baja,321.3333333333333,306.7007936912371,302.67993,Regresión Lineal,306.7007936912371,51.700793691237095
2022-05-01,F017011,261,B,Baja,299.0,311.1058198523722,304.1895,Regresión Lineal,311.1058198523722,50.10581985237218
2022-06-01,F017011,393,B,Baja,281.6666666666667,327.1411684593512,285.39432,Regresión Lineal,327.1411684593512,-65.8588315406488
2022-04-01,F017701,1019,A,Baja,806.6666666666666,946.0200146708461,817.28723,XGBoost,817.2872314453125,-201.7127685546875
2022-05-01,F017701,1157,A,Baja,834.3333333333334,696.2943953231855,921.73145,XGBoost,921.7314453125,-235.2685546875
2022-06-01,F017701,1180,A,Baja,996.0,839.4712999389932,1015.7131,XGBoost,1015.7130737304688,-164.28692626953125
2022-04-01,G0000001,0,C,Alta,0.0,0.0,0.60638237,Media móvil,0.0,0.0
2022-05-01,G0000001,0,C,Alta,0.0,0.0,16.754984,Media móvil,0.0,0.0
2022-06-01,G0000001,0,C,Alta,0.0,0.0,10.617391,Media móvil,0.0,0.0
2022-04-01,G002011,0,C,Alta,0.0,0.0,0.29539898,XGBoost,0.2953989803791046,0.2953989803791046
2022-05-01,G002011,4,C,Alta,0.0,0.0,0.55534625,XGBoost,0.5553462505340576,-3.4446537494659424
2022-06-01,G002011,0,C,Alta,1.3333333333333333,0.0,0.18840617,XGBoost,0.18840616941452026,0.18840616941452026
2022-04-01,G003601,4,C,Media,2.3333333333333335,0.0,3.6721992,XGBoost,3.672199249267578,-0.3278007507324219
2022-05-01,G003601,4,C,Media,3.3333333333333335,2.3778035537435587,3.4859405,XGBoost,3.485940456390381,-0.5140595436096191
2022-06-01,G003601,2,C,Media,3.3333333333333335,0.307620862936691,3.3255758,XGBoost,3.325575828552246,1.325575828552246
2022-04-01,G003703,107,B,Baja,85.66666666666667,111.48563043943517,82.43401,Regresión Lineal,111.48563043943517,4.48563043943517
2022-05-01,G003703,140,B,Baja,84.66666666666667,73.63754987494792,91.019264,Regresión Lineal,73.63754987494792,-66.36245012505208
2022-06-01,G003703,89,B,Baja,107.33333333333333,82.1706198311446,105.27012,Regresión Lineal,82.1706198311446,-6.829380168855394
2022-04-01,G003704,19,C,Baja,38.333333333333336,50.420108720823094,22.230883,XGBoost,22.23088264465332,3.2308826446533203
2022-05-01,G003704,39,C,Baja,29.0,52.34979857692781,32.450222,XGBoost,32.45022201538086,-6.549777984619141
2022-06-01,G003704,40,C,Baja,26.0,21.894462290714728,28.493519,XGBoost,28.493518829345703,-11.506481170654297
2022-04-01,G006702,0,C,Alta,0.0,0.0,0.1909876,Media móvil,0.0,0.0
2022-05-01,G006702,0,C,Alta,0.0,0.0,0.15880471,Media móvil,0.0,0.0
2022-06-01,G006702,1,C,Alta,0.0,0.0,0.14570783,Media móvil,0.0,-1.0
2022-04-01,H0000002,477,B,Baja,274.0,314.5183439965326,187.78957,XGBoost,187.78956604003906,-289.21043395996094
2022-05-01,H0000002,147,B,Baja,334.3333333333333,395.14242081629527,286.28336,XGBoost,286.2833557128906,139.28335571289062
2022-06-01,H0000002,90,B,Baja,268.0,245.95926902352235,225.80376,XGBoost,225.8037567138672,135.8037567138672
2022-04-01,H0000004,19,C,Alta,31.666666666666668,66.74374334604863,9.204366,XGBoost,9.204365730285645,-9.795634269714355
2022-05-01,H0000004,12,C,Alta,18.333333333333332,1.4725712917066005,4.499501,XGBoost,4.4995012283325195,-7.5004987716674805
2022-06-01,H0000004,0,C,Alta,22.333333333333332,39.026323041446645,19.020214,XGBoost,19.020214080810547,19.020214080810547
2022-04-01,H0000005,5,C,Alta,17.333333333333332,62.31348643133107,3.3258247,XGBoost,3.325824737548828,-1.6741752624511719
2022-05-01,H0000005,16,C,Alta,1.6666666666666667,0.0,3.6646934,XGBoost,3.6646933555603027,-12.335306644439697
2022-06-01,H0000005,0,C,Alta,7.0,1.4988408089683891,2.7865767,XGBoost,2.786576747894287,2.786576747894287
2022-04-01,H001201,23,C,Baja,11.666666666666666,18.85301937052835,10.417084,Regresión Lineal,18.85301937052835,-4.146980629471649
2022-05-01,H001201,9,C,Baja,13.0,6.695284246061469,14.394124,Regresión Lineal,6.695284246061469,-2.304715753938531
2022-06-01,H001201,17,C,Baja,14.0,10.712590600228697,14.56551,Regresión Lineal,10.712590600228697,-6.2874093997713025
2022-04-01,H001701,198,B,Baja,168.0,188.65138628368962,143.60904,Regresión Lineal,188.65138628368962,-9.348613716310382
2022-05-01,H001701,110,B,Baja,173.0,136.53136802307884,154.9128,Regresión Lineal,136.53136802307884,26.53136802307884
2022-06-01,H001701,212,B,Baja,166.66666666666666,203.20455963515045,132.74597,Regresión Lineal,203.20455963515045,-8.795440364849554
2022-04-01,H004701,109,B,Baja,77.0,73.06459304567589,73.87315,Media móvil,77.0,-32.0
2022-05-01,H004701,118,B,Baja,88.66666666666667,66.576461182526,83.25046,Media móvil,88.66666666666667,-29.33333333333333
2022-06-01,H004701,157,B,Baja,106.66666666666667,94.89140803483917,86.42238,Media móvil,106.66666666666667,-50.33333333333333
2022-04-01,H006011,78,B,Baja,141.33333333333334,150.17958249584566,118.21722,XGBoost,118.21721649169922,40.21721649169922
2022-05-01,H006011,157,B,Baja,118.0,123.78503233591832,131.17328,XGBoost,131.17327880859375,-25.82672119140625
2022-06-01,H006011,98,B,Baja,132.33333333333334,172.97303726326857,158.01292,XGBoost,158.01292419433594,60.01292419433594
2022-04-01,H007321,5,C,Alta,14.0,2.925329917600094,2.5470753,XGBoost,2.5470752716064453,-2.4529247283935547
2022-05-01,H007321,0,C,Alta,15.666666666666666,20.795228434276012,0.8913928,XGBoost,0.8913928270339966,0.8913928270339966
2022-06-01,H007321,0,C,Alta,9.333333333333334,25.876245533657958,1.6474929,XGBoost,1.6474928855895996,1.6474928855895996
2022-04-01,H008721,280,B,Baja,387.6666666666667,396.6023609174406,332.96545,XGBoost,332.9654541015625,52.9654541015625
2022-05-01,H008721,317,B,Baja,349.6666666666667,349.4554440337498,314.05014,XGBoost,314.0501403808594,-2.949859619140625
2022-06-01,H008721,304,B,Baja,344.6666666666667,456.85027145025833,333.574,XGBoost,333.5740051269531,29.574005126953125
2022-04-01,H011161,25,C,Media,57.666666666666664,60.89951173388597,50.70218,Regresión Lineal,60.89951173388597,35.89951173388597
2022-05-01,H011161,97,C,Media,45.0,60.8870690320863,47.527313,Regresión Lineal,60.8870690320863,-36.1129309679137
2022-06-01,H011161,161,C,Media,58.333333333333336,64.4959252428458,54.88246,Regresión Lineal,64.4959252428458,-96.5040747571542
2022-04-01,H011201,1,C,Alta,1.0,0.0,1.1001742,Media móvil,1.0,0.0
2022-05-01,H011201,0,C,Alta,1.0,0.44734153031121027,1.413264,Media móvil,1.0,1.0
2022-06-01,H011201,1,C,Alta,0.3333333333333333,0.0,0.83446014,Media móvil,0.3333333333333333,-0.6666666666666667
2022-04-01,H013021,23,C,Media,15.333333333333334,4.347854464821938,12.582446,XGBoost,12.582446098327637,-10.417553901672363
2022-05-01,H013021,35,C,Media,23.0,15.563490127691932,15.916822,XGBoost,15.91682243347168,-19.08317756652832
2022-06-01,H013021,0,C,Media,29.333333333333332,27.483455859144605,11.324684,XGBoost,11.324684143066406,11.324684143066406
2022-04-01,H013701,424,B,Baja,244.66666666666666,216.15953690371285,274.78217,XGBoost,274.78216552734375,-149.21783447265625
2022-05-01,H013701,336,B,Baja,311.6666666666667,281.63391158917034,343.77374,XGBoost,343.77374267578125,7.77374267578125
2022-06-01,H013701,265,B,Baja,337.3333333333333,272.67910115268376,338.12292,XGBoost,338.1229248046875,73.1229248046875
2022-04-01,H014701,31,C,Baja,15.666666666666666,18.377982395777067,17.028254,XGBoost,17.02825355529785,-13.971746444702148
2022-05-01,H014701,27,C,Baja,19.666666666666668,19.626057505771982,21.515322,XGBoost,21.515321731567383,-5.484678268432617
2022-06-01,H014701,18,C,Baja,22.666666666666668,12.10677767227299,23.514353,XGBoost,23.514352798461914,5.514352798461914
2022-04-01,H019701,559,A,Baja,432.6666666666667,412.01287594982705,390.374,Regresión Lineal,412.01287594982705,-146.98712405017295
2022-05-01,H019701,534,A,Baja,481.3333333333333,518.7405469822651,478.57703,Regresión Lineal,518.7405469822651,-15.259453017734927
2022-06-01,H019701,266,A,Baja,491.6666666666667,396.9432188513982,454.985,Regresión Lineal,396.9432188513982,130.94321885139823
2022-04-01,I00000006,5,C,Media,5.333333333333333,3.049338807322803,2.844698,XGBoost,2.844697952270508,-2.155302047729492
2022-05-01,I00000006,1,C,Media,5.333333333333333,3.2536302066265854,3.1964016,XGBoost,3.196401596069336,2.196401596069336
2022-06-01,I00000006,1,C,Media,4.0,5.0703385695304295,2.7231505,XGBoost,2.7231504917144775,1.7231504917144775
2022-04-01,I00000007,3,C,Alta,0.6666666666666666,0.0,1.4948359,XGBoost,1.4948358535766602,-1.5051641464233398
2022-05-01,I00000007,4,C,Alta,1.3333333333333333,0.0,2.228119,XGBoost,2.228118896484375,-1.771881103515625
2022-06-01,I00000007,11,C,Alta,2.3333333333333335,0.0,1.6953175,XGBoost,1.6953175067901611,-9.304682493209839
2022-04-01,I0000012,0,C,Alta,0.0,0.0,0.25737166,Media móvil,0.0,0.0
2022-05-01,I0000012,0,C,Alta,0.0,0.0,0.2631183,Media móvil,0.0,0.0
2022-06-01,I0000012,0,C,Alta,0.0,0.0,0.24884246,Media móvil,0.0,0.0
2022-04-01,I002011,6,C,Alta,27.666666666666668,75.2688349717534,9.282907,XGBoost,9.282906532287598,3.2829065322875977
2022-05-01,I002011,38,C,Alta,8.333333333333334,20.985844011618877,1.0670092,XGBoost,1.0670092105865479,-36.93299078941345
2022-06-01,I002011,0,C,Alta,14.666666666666666,5.996254843466301,1.9548392,XGBoost,1.9548392295837402,1.9548392295837402
2022-04-01,I004721,228,C,Alta,4.0,0.9741169334350692,4.064081,XGBoost,4.064081192016602,-223.9359188079834
2022-05-01,I004721,3,C,Alta,80.0,50.86245757030545,2.3639586,XGBoost,2.3639585971832275,-0.6360414028167725
2022-06-01,I004721,0,C,Alta,81.0,63.18269084629971,2.3173525,XGBoost,2.317352533340454,2.317352533340454
2022-04-01,I005022,0,C,Alta,8.333333333333334,24.955050857086306,0.0,Media móvil,8.333333333333334,8.333333333333334
2022-05-01,I005022,0,C,Alta,0.3333333333333333,0.0,7.085244,Media móvil,0.3333333333333333,0.3333333333333333
2022-06-01,I005022,0,C,Alta,0.3333333333333333,0.0,7.8685246,Media móvil,0.3333333333333333,0.3333333333333333
2022-04-01,I007701,3,C,Baja,4.0,2.812341154090384,3.428225,XGBoost,3.428225040435791,0.428225040435791
2022-05-01,I007701,6,C,Baja,3.6666666666666665,0.7762451795581269,4.3107176,XGBoost,4.310717582702637,-1.6892824172973633
2022-06-01,I007701,3,C,Baja,5.0,4.688967496792346,2.3413706,XGBoost,2.3413705825805664,-0.6586294174194336
2022-04-01,I008701,15,C,Baja,16.0,19.430291531100394,14.88793,XGBoost,14.887929916381836,-0.11207008361816406
2022-05-01,I008701,12,C,Baja,14.333333333333334,9.517751238269202,15.721857,XGBoost,15.721857070922852,3.7218570709228516
2022-06-01,I008701,16,C,Baja,14.666666666666666,15.421842748656612,15.246559,XGBoost,15.246559143066406,-0.7534408569335938
2022-04-01,I009711,2,C,Alta,1.6666666666666667,2.8872861502257514,0.6783389,Media móvil,1.6666666666666667,-0.33333333333333326
2022-05-01,I009711,0,C,Alta,1.0,0.0,1.0284798,Media móvil,1.0,1.0
2022-06-01,I009711,1,C,Alta,1.0,0.0,0.74873817,Media móvil,1.0,0.0
2022-04-01,I017471,38,C,Baja,47.333333333333336,45.74829322605142,36.62149,XGBoost,36.621490478515625,-1.378509521484375
2022-05-01,I017471,25,C,Baja,43.666666666666664,42.84008752404752,40.519566,XGBoost,40.51956558227539,15.51956558227539
2022-06-01,I017471,27,C,Baja,37.0,48.65792836275047,37.203667,XGBoost,37.20366668701172,10.203666687011719
2022-04-01,I020011,0,C,Media,22.0,15.758604314336445,7.812167,XGBoost,7.812167167663574,7.812167167663574
2022-05-01,I020011,7,C,Media,17.0,23.464514560183733,7.8948317,XGBoost,7.894831657409668,0.894831657409668
2022-06-01,I020011,0,C,Media,12.666666666666666,35.48536921642871,8.246564,XGBoost,8.246563911437988,8.246563911437988
2022-04-01,I020061,4,C,Media,4.666666666666667,3.0298483907819254,3.8874183,XGBoost,3.887418270111084,-0.11258172988891602
2022-05-01,I020061,1,C,Media,5.0,11.179411544626284,2.7647858,XGBoost,2.7647857666015625,1.7647857666015625
2022-06-01,I020061,4,C,Media,1.6666666666666667,0.0,4.200268,XGBoost,4.200267791748047,0.20026779174804688
2022-04-01,I021701,0,C,Alta,0.0,0.0,0.14246252,Regresión Lineal,0.0,0.0
2022-05-01,I021701,1,C,Alta,0.0,0.0,0.115059964,Regresión Lineal,0.0,-1.0
2022-06-01,I021701,0,C,Alta,0.3333333333333333,0.0,0.06553542,Regresión Lineal,0.0,0.0
2022-04-01,J000006,0,C,Alta,0.0,0.0,0.05502679,Media móvil,0.0,0.0
2022-05-01,J000006,0,C,Alta,0.0,0.0,0.19053641,Media móvil,0.0,0.0
2022-06-01,J000006,0,C,Alta,0.0,0.0,1.9833763,Media móvil,0.0,0.0
2022-04-01,K0000008,76,C,Baja,58.666666666666664,71.15673220321179,50.754566,Regresión Lineal,71.15673220321179,-4.843267796788211
2022-05-01,K0000008,87,C,Baja,61.0,70.55459221702895,63.443428,Regresión Lineal,70.55459221702895,-16.445407782971046
2022-06-01,K0000008,61,C,Baja,67.66666666666667,45.33412361919812,56.44804,Regresión Lineal,45.33412361919812,-15.665876380801883
2022-04-01,K002101,0,C,Alta,0.0,0.0,1.5800552,XGBoost,1.5800552368164062,1.5800552368164062
2022-05-01,K002101,28,C,Alta,0.0,0.0,1.9167945,XGBoost,1.9167945384979248,-26.083205461502075
2022-06-01,K002101,0,C,Alta,9.333333333333334,4.82981696930578,1.3786664,XGBoost,1.3786664009094238,1.3786664009094238
2022-04-01,L0000005,17,C,Alta,0.0,0.0,0.6673372,XGBoost,0.66733717918396,-16.33266282081604
2022-05-01,L0000005,1,C,Alta,5.666666666666667,2.1790231946446665,1.5573914,XGBoost,1.5573914051055908,0.5573914051055908
2022-06-01,L0000005,0,C,Alta,6.0,1.9414308088369214,0.5675154,XGBoost,0.5675153732299805,0.5675153732299805
2022-04-01,L0000006,0,C,Alta,0.0,0.0,0.18567435,Regresión Lineal,0.0,0.0
2022-05-01,L0000006,3,C,Alta,0.0,0.0,0.73115873,Regresión Lineal,0.0,-3.0
2022-06-01,L0000006,0,C,Alta,1.0,0.0,1.0859721,Regresión Lineal,0.0,0.0
2022-04-01,L0000009,38,C,Alta,9.333333333333334,8.75228395571482,6.5607758,Regresión Lineal,8.75228395571482,-29.24771604428518
2022-05-01,L0000009,19,C,Alta,19.333333333333332,21.928611702822863,9.731299,Regresión Lineal,21.928611702822863,2.928611702822863
2022-06-01,L0000009,11,C,Alta,20.0,8.33747748312596,4.3472695,Regresión Lineal,8.33747748312596,-2.6625225168740396
2022-04-01,L000001,0,C,Alta,2.0,5.493627813239614,0.19630747,XGBoost,0.1963074654340744,0.1963074654340744
2022-05-01,L000001,0,C,Alta,0.0,0.0,0.7505232,XGBoost,0.7505232095718384,0.7505232095718384
2022-06-01,L000001,0,C,Alta,0.0,0.0,0.6753212,XGBoost,0.6753212213516235,0.6753212213516235
2022-04-01,L0000017,30,C,Baja,26.0,36.91778862665761,44.98076,Media móvil,26.0,-4.0
2022-05-01,L0000017,31,C,Baja,24.333333333333332,13.388005292547696,36.956753,Media móvil,24.333333333333332,-6.666666666666668
2022-06-01,L0000017,30,C,Baja,30.333333333333332,26.4342673709025,34.10163,Media móvil,30.333333333333332,0.33333333333333215
2022-04-01,L00006,0,C,Alta,0.3333333333333333,0.0,0.094488256,Regresión Lineal,0.0,0.0
2022-05-01,L00006,0,C,Alta,0.0,0.0,0.04870859,Regresión Lineal,0.0,0.0
2022-06-01,L00006,0,C,Alta,0.0,0.0,0.09461533,Regresión Lineal,0.0,0.0
2022-04-01,L001141,0,C,Alta,0.0,0.0,1.1742666,Media móvil,0.0,0.0
2022-05-01,L001141,0,C,Alta,0.0,0.0,1.3342805,Media móvil,0.0,0.0
2022-06-01,L001141,0,C,Alta,0.0,0.0,0.998966,Media móvil,0.0,0.0
2022-04-01,L003011,56,C,Media,85.66666666666667,111.09022770665865,52.80846,XGBoost,52.8084602355957,-3.191539764404297
2022-05-01,L003011,8,C,Media,68.66666666666667,101.48351420042465,53.974125,XGBoost,53.974124908447266,45.974124908447266
2022-06-01,L003011,0,C,Media,39.666666666666664,62.45676628435342,20.470383,XGBoost,20.470382690429688,20.470382690429688
2022-04-01,L004011,25,C,Alta,0.0,0.0,3.821209,XGBoost,3.821208953857422,-21.178791046142578
2022-05-01,L004011,0,C,Alta,8.333333333333334,4.106873212580021,4.861805,XGBoost,4.861804962158203,4.861804962158203
2022-06-01,L004011,0,C,Alta,8.333333333333334,4.106873212580021,3.9281611,XGBoost,3.928161144256592,3.928161144256592
2022-04-01,L004201,3,C,Media,1.6666666666666667,1.4652870479223945,1.6492555,XGBoost,1.6492555141448975,-1.3507444858551025
2022-05-01,L004201,3,C,Media,1.6666666666666667,0.0,2.0375721,XGBoost,2.037572145462036,-0.9624278545379639
2022-06-01,L004201,2,C,Media,2.3333333333333335,0.0,1.8894737,XGBoost,1.8894736766815186,-0.11052632331848145
2022-04-01,L006011,342,B,Baja,315.3333333333333,270.2296215949083,312.75888,XGBoost,312.7588806152344,-29.241119384765625
2022-05-01,L006011,200,B,Baja,340.0,313.09873880772716,325.2136,XGBoost,325.2135925292969,125.21359252929688
2022-06-01,L006011,178,B,Baja,297.6666666666667,367.62113329192334,259.14603,XGBoost,259.1460266113281,81.14602661132812
2022-04-01,L006012,76,B,Baja,114.0,188.8615905168252,57.552868,XGBoost,57.5528678894043,-18.447132110595703
2022-05-01,L006012,32,B,Baja,83.0,143.2316867437647,80.83188,XGBoost,80.83187866210938,48.831878662109375
2022-06-01,L006012,57,B,Baja,50.0,45.585787559525116,48.25536,XGBoost,48.2553596496582,-8.744640350341797
2022-04-01,L015141,343,A,Baja,549.3333333333334,712.8879726032382,452.77863,XGBoost,452.77862548828125,109.77862548828125
2022-05-01,L015141,435,A,Baja,448.3333333333333,372.8330784744212,440.87256,XGBoost,440.87255859375,5.87255859375
2022-06-01,L015141,540,A,Baja,494.0,751.6436451178017,463.2921,XGBoost,463.2921142578125,-76.7078857421875
2022-04-01,L016011,213,B,Baja,159.33333333333334,181.13650682097102,136.47078,Regresión Lineal,181.13650682097102,-31.86349317902898
2022-05-01,L016011,128,B,Baja,170.66666666666666,177.3929366595945,156.18794,Regresión Lineal,177.3929366595945,49.39293665959451
2022-06-01,L016011,171,B,Baja,157.0,143.0032410503391,152.41174,Regresión Lineal,143.0032410503391,-27.996758949660887
2022-04-01,L018011,0,C,Alta,0.0,0.0,0.68411577,Media móvil,0.0,0.0
2022-05-01,L018011,0,C,Alta,0.0,0.0,0.71102417,Media móvil,0.0,0.0
2022-06-01,L018011,0,C,Alta,0.0,0.0,1.1679957,Media móvil,0.0,0.0
2022-04-01,L021161,1797,A,Baja,1947.6666666666667,1901.6281517165567,1783.644,Regresión Lineal,1901.6281517165567,104.62815171655666
2022-05-01,L021161,1857,A,Baja,1891.6666666666667,1853.514548843956,1833.3156,Regresión Lineal,1853.514548843956,-3.485451156044064
2022-06-01,L021161,1925,A,Baja,1878.6666666666667,1924.4104704598883,1794.0074,Regresión Lineal,1924.4104704598883,-0.5895295401116982
2022-04-01,M0000005,1,C,Alta,5.333333333333333,4.036748824530808,5.7710233,Regresión Lineal,4.036748824530808,3.0367488245308083
2022-05-01,M0000005,1,C,Alta,4.0,1.2454062422519878,4.9310474,Regresión Lineal,1.2454062422519878,0.24540624225198782
2022-06-01,M0000005,6,C,Alta,4.0,10.030070712693057,3.5297146,Regresión Lineal,10.030070712693057,4.030070712693057
2022-04-01,M0000009,0,C,Alta,0.0,0.0,0.710948,Media móvil,0.0,0.0
2022-05-01,M0000009,11,C,Alta,0.0,0.0,0.8185725,Media móvil,0.0,-11.0
2022-06-01,M0000009,5,C,Alta,3.6666666666666665,0.7331356811931502,1.5809214,Media móvil,3.6666666666666665,-1.3333333333333335
2022-04-01,M0000015,0,C,Alta,3.0,9.117554206871894,0.014190964,XGBoost,0.01419096440076828,0.01419096440076828
2022-05-01,M0000015,0,C,Alta,0.0,0.0,0.44030717,XGBoost,0.4403071701526642,0.4403071701526642
2022-06-01,M0000015,0,C,Alta,0.0,0.0,0.42768234,XGBoost,0.4276823401451111,0.4276823401451111
2022-04-01,M001701,317,B,Baja,519.3333333333334,616.5621077827775,425.53284,XGBoost,425.5328369140625,108.5328369140625
2022-05-01,M001701,351,B,Baja,429.6666666666667,428.14225825113635,371.78378,XGBoost,371.7837829589844,20.783782958984375
2022-06-01,M001701,413,B,Baja,416.3333333333333,622.0289015416531,365.01898,XGBoost,365.01898193359375,-47.98101806640625
2022-04-01,M002702,3,C,Media,4.666666666666667,0.019734638709832497,6.3405004,Media móvil,4.666666666666667,1.666666666666667
2022-05-01,M002702,7,C,Media,5.666666666666667,3.3126276769023937,3.6876678,Media móvil,5.666666666666667,-1.333333333333333
2022-06-01,M002702,18,C,Media,6.666666666666667,9.490504293600301,3.0430655,Media móvil,6.666666666666667,-11.333333333333332
2022-04-01,M009011,16,C,Alta,8.333333333333334,1.1589845768676126,4.7329965,XGBoost,4.732996463775635,-11.267003536224365
2022-05-01,M009011,26,C,Alta,13.666666666666666,13.05201774993993,2.0983312,XGBoost,2.0983312129974365,-23.901668787002563
2022-06-01,M009011,0,C,Alta,17.666666666666668,12.206787947806713,1.8111453,XGBoost,1.811145305633545,1.811145305633545
2022-04-01,M011011,45,C,Media,58.333333333333336,142.52230397194273,34.340206,XGBoost,34.340206146240234,-10.659793853759766
2022-05-01,M011011,4,C,Media,32.0,20.262880832818972,30.401684,XGBoost,30.401683807373047,26.401683807373047
2022-06-01,M011011,4,C,Media,26.333333333333332,32.60465482580672,9.961165,XGBoost,9.961165428161621,5.961165428161621
2022-04-01,M013721,49,C,Baja,31.666666666666668,38.56236131615544,34.465508,XGBoost,34.46550750732422,-14.534492492675781
2022-05-01,M013721,74,C,Baja,35.333333333333336,40.849520146045066,47.740955,XGBoost,47.7409553527832,-26.259044647216797
2022-06-01,M013721,33,C,Baja,47.333333333333336,27.608819440772624,29.779852,XGBoost,29.77985191345215,-3.2201480865478516
2022-04-01,M015011,0,C,Alta,9.333333333333334,31.316047062644813,0.66469,XGBoost,0.6646900177001953,0.6646900177001953
2022-05-01,M015011,9,C,Alta,0.3333333333333333,0.0,1.2980735,XGBoost,1.2980735301971436,-7.7019264698028564
2022-06-01,M015011,0,C,Alta,3.0,0.0,2.6139832,XGBoost,2.613983154296875,2.613983154296875
2022-04-01,M016011,20,C,Media,32.0,24.851061774505492,41.39649,XGBoost,41.396488189697266,21.396488189697266
2022-05-01,M016011,88,C,Media,31.0,27.278013702911412,38.4172,XGBoost,38.417198181152344,-49.582801818847656
2022-06-01,M016011,44,C,Media,52.333333333333336,57.65090425602115,40.030754,XGBoost,40.03075408935547,-3.9692459106445312
2022-04-01,M016701,1305,A,Baja,1054.6666666666667,959.1191564676255,1028.1638,XGBoost,1028.163818359375,-276.836181640625
2022-05-01,M016701,727,A,Baja,1159.0,1064.4877778142218,1086.3574,XGBoost,1086.357421875,359.357421875
2022-06-01,M016701,546,A,Baja,1044.3333333333333,1174.2276624234355,964.04913,XGBoost,964.0491333007812,418.04913330078125
2022-04-01,M017161,513,A,Baja,560.6666666666666,633.9841665790486,606.8168,Media móvil,560.6666666666666,47.66666666666663
2022-05-01,M017161,471,A,Baja,530.3333333333334,424.0333938918725,549.8074,Media móvil,530.3333333333334,59.33333333333337
2022-06-01,M017161,608,A,Baja,549.6666666666666,666.2610013074756,554.32465,Media móvil,549.6666666666666,-58.33333333333337
2022-04-01,M017162,13,C,Alta,5.0,0.9207533728064536,5.0187345,XGBoost,5.018734455108643,-7.981265544891357
2022-05-01,M017162,7,C,Alta,9.333333333333334,1.4818008079580607,6.082011,XGBoost,6.0820112228393555,-0.9179887771606445
2022-06-01,M017162,0,C,Alta,11.666666666666666,14.12070421452837,5.2656984,XGBoost,5.265698432922363,5.265698432922363
2022-04-01,M020012,201,B,Baja,99.66666666666667,91.80437635742507,99.514595,Regresión Lineal,91.80437635742507,-109.19562364257493
2022-05-01,M020012,130,B,Baja,133.66666666666666,116.67296641019871,144.12941,Regresión Lineal,116.67296641019871,-13.327033589801289
2022-06-01,M020012,23,B,Baja,143.33333333333334,112.86217781920811,135.0698,Regresión Lineal,112.86217781920811,89.86217781920811
2022-04-01,M020501,21,C,Media,5.333333333333333,10.868279182234287,4.4122996,Regresión Lineal,10.868279182234287,-10.131720817765713
2022-05-01,M020501,6,C,Media,8.666666666666666,6.692410590044492,4.7533712,Regresión Lineal,6.692410590044492,0.6924105900444921
2022-06-01,M020501,7,C,Media,9.0,2.433691100795989,4.8670516,Regresión Lineal,2.433691100795989,-4.566308899204011
2022-04-01,M021701,262,B,Baja,277.6666666666667,327.5641800478825,210.76483,Media móvil,277.6666666666667,15.666666666666686
2022-05-01,M021701,259,B,Baja,257.3333333333333,253.50835283902464,221.40277,Media móvil,257.3333333333333,-1.6666666666666856
2022-06-01,M021701,151,B,Baja,257.6666666666667,242.39501527268604,212.72769,Media móvil,257.6666666666667,106.66666666666669
2022-04-01,M022232,1,C,Media,2.3333333333333335,0.4183018004174248,1.5597684,XGBoost,1.5597684383392334,0.5597684383392334
2022-05-01,M022232,0,C,Media,2.3333333333333335,5.266892288548542,1.4085968,XGBoost,1.4085967540740967,1.4085967540740967
2022-06-01,M022232,4,C,Media,0.3333333333333333,0.0,1.1319005,XGBoost,1.1319005489349365,-2.8680994510650635
2022-04-01,M026161,95,B,Baja,98.66666666666667,75.74823684690244,107.52228,Media móvil,98.66666666666667,3.6666666666666714
2022-05-01,M026161,138,B,Baja,107.0,101.87761803726934,101.52356,Media móvil,107.0,-31.0
2022-06-01,M026161,220,B,Baja,117.66666666666667,120.6836225937103,124.700775,Media móvil,117.66666666666667,-102.33333333333333
2022-04-01,M026541,0,C,Alta,1.3333333333333333,0.0,0.103722006,XGBoost,0.10372200608253479,0.10372200608253479
2022-05-01,M026541,0,C,Alta,1.3333333333333333,3.0231991776704232,0.024123609,XGBoost,0.02412360906600952,0.02412360906600952
2022-06-01,M026541,0,C,Alta,0.0,0.0,0.18056352,XGBoost,0.1805635243654251,0.1805635243654251
2022-04-01,M026721,29,C,Media,61.666666666666664,34.386972254420755,29.915258,XGBoost,29.915258407592773,0.9152584075927734
2022-05-01,M026721,15,C,Media,63.666666666666664,94.16537603986268,22.82363,XGBoost,22.82362937927246,7.823629379272461
2022-06-01,M026721,54,C,Media,40.0,86.5315709406761,37.718636,XGBoost,37.71863555908203,-16.28136444091797
2022-04-01,MAT527,1,C,Alta,0.0,0.0,0.21749999,XGBoost,0.2174999862909317,-0.7825000137090683
2022-05-01,MAT527,1,C,Alta,0.3333333333333333,0.0,0.2927088,XGBoost,0.2927088141441345,-0.7072911858558655
2022-06-01,MAT527,0,C,Alta,0.6666666666666666,0.0,0.34353217,XGBoost,0.34353217482566833,0.34353217482566833
2022-04-01,N0000002,0,C,Alta,0.3333333333333333,0.0,0.11057541,Regresión Lineal,0.0,0.0
2022-05-01,N0000002,0,C,Alta,0.3333333333333333,0.0,0.102233276,Regresión Lineal,0.0,0.0
2022-06-01,N0000002,0,C,Alta,0.0,0.0,0.10910268,Regresión Lineal,0.0,0.0
2022-04-01,N0000003,625,A,Baja,918.6666666666666,996.4216273478622,846.3373,Regresión Lineal,996.4216273478622,371.4216273478622
2022-05-01,N0000003,1255,A,Baja,814.3333333333334,767.7122175196998,805.4203,Regresión Lineal,767.7122175196998,-487.28778248030017
2022-06-01,N0000003,1226,A,Baja,1001.6666666666666,1217.5091947536487,958.39966,Regresión Lineal,1217.5091947536487,-8.490805246351329
2022-04-01,N0000018,4,C,Alta,0.3333333333333333,0.0,0.42728028,XGBoost,0.4272802770137787,-3.5727197229862213
2022-05-01,N0000018,61,C,Alta,1.3333333333333333,0.0,9.637093,XGBoost,9.637092590332031,-51.36290740966797
2022-06-01,N0000018,436,C,Alta,21.666666666666668,12.32472127287276,31.910088,XGBoost,31.91008758544922,-404.0899124145508
2022-04-01,N0000019,124,B,Baja,224.33333333333334,475.8529074760701,192.50163,XGBoost,192.5016326904297,68.50163269042969
2022-05-01,N0000019,151,B,Baja,127.66666666666667,61.881263210499924,199.85126,XGBoost,199.85125732421875,48.85125732421875
2022-06-01,N0000019,126,B,Baja,164.0,219.5000003010224,153.90756,XGBoost,153.90756225585938,27.907562255859375
2022-04-01,N0000020,63,B,Baja,184.33333333333334,237.96942035248915,121.525665,XGBoost,121.52566528320312,58.525665283203125
2022-05-01,N0000020,155,B,Baja,136.0,308.44566776333374,114.44889,XGBoost,114.44889068603516,-40.551109313964844
2022-06-01,N0000020,133,B,Baja,97.33333333333333,88.13208598424305,162.54573,XGBoost,162.5457305908203,29.545730590820312
2022-04-01,N0000030,66,B,Baja,277.6666666666667,308.65347726825905,207.2959,XGBoost,207.2958984375,141.2958984375
2022-05-01,N0000030,340,B,Baja,197.0,273.85434712515405,113.881836,XGBoost,113.8818359375,-226.1181640625
2022-06-01,N0000030,175,B,Baja,229.66666666666666,330.35703363625134,215.40363,XGBoost,215.40362548828125,40.40362548828125
2022-04-01,N001701,0,C,Alta,0.0,0.0,0.36872092,Regresión Lineal,0.0,0.0
2022-05-01,N001701,2,C,Alta,0.0,0.0,0.528052,Regresión Lineal,0.0,-2.0
2022-06-01,N001701,0,C,Alta,0.6666666666666666,0.0,0.6907338,Regresión Lineal,0.0,0.0
2022-04-01,N002141,60,C,Media,64.33333333333333,136.7462187443974,20.098259,Media móvil,64.33333333333333,4.333333333333329
2022-05-01,N002141,30,C,Media,44.0,62.26906812918607,48.9323,Media móvil,44.0,14.0
2022-06-01,N002141,1,C,Media,34.666666666666664,20.236936905983434,51.301525,Media móvil,34.666666666666664,33.666666666666664
2022-04-01,N008141,572,B,Media,537.6666666666666,570.1935787833526,408.9697,XGBoost,408.9696960449219,-163.03030395507812
2022-05-01,N008141,135,B,Media,587.0,372.77108679503397,418.0725,XGBoost,418.072509765625,283.072509765625
2022-06-01,N008141,102,B,Media,553.3333333333334,1096.044702310093,303.11047,XGBoost,303.1104736328125,201.1104736328125
2022-04-01,N009231,20,C,Baja,19.333333333333332,28.88602247450631,18.011206,Media móvil,19.333333333333332,-0.6666666666666679
2022-05-01,N009231,23,C,Baja,16.666666666666668,17.14426169101716,15.685955,Media móvil,16.666666666666668,-6.333333333333332
2022-06-01,N009231,13,C,Baja,18.333333333333332,11.610221461919213,22.036615,Media móvil,18.333333333333332,5.333333333333332
2022-04-01,N009321,1,C,Media,2.0,0.864733302865786,1.6971714,XGBoost,1.6971714496612549,0.6971714496612549
2022-05-01,N009321,7,C,Media,1.6666666666666667,0.0,1.6048307,XGBoost,1.6048307418823242,-5.395169258117676
2022-06-01,N009321,1,C,Media,4.0,3.270591206505717,1.9365008,XGBoost,1.9365007877349854,0.9365007877349854
2022-04-01,N010142,0,C,Alta,0.0,0.0,0.6040412,Media móvil,0.0,0.0
2022-05-01,N010142,0,C,Alta,0.0,0.0,0.52814686,Media móvil,0.0,0.0
2022-06-01,N010142,0,C,Alta,0.0,0.0,0.46767592,Media móvil,0.0,0.0
2022-04-01,N011701,1,C,Alta,1.0,0.0,0.723758,XGBoost,0.7237579822540283,-0.2762420177459717
2022-05-01,N011701,0,C,Alta,1.3333333333333333,0.31178928985931087,0.46373987,XGBoost,0.46373987197875977,0.46373987197875977
2022-06-01,N011701,2,C,Alta,0.6666666666666666,0.0,0.4078209,XGBoost,0.4078209102153778,-1.5921790897846222
2022-04-01,P0000002,0,C,Media,3.3333333333333335,0.6266679419569234,1.7628675,Regresión Lineal,0.6266679419569234,0.6266679419569234
2022-05-01,P0000002,4,C,Media,2.6666666666666665,4.063061880195077,1.1908419,Regresión Lineal,4.063061880195077,0.06306188019507708
2022-06-01,P0000002,1,C,Media,2.3333333333333335,1.8521948048223171,1.4375637,Regresión Lineal,1.8521948048223171,0.8521948048223171
2022-04-01,P0000003,2,C,Alta,0.0,0.0,0.26054052,Regresión Lineal,0.0,-2.0
2022-05-01,P0000003,0,C,Alta,0.6666666666666666,0.0,0.7750807,Regresión Lineal,0.0,0.0
2022-06-01,P0000003,0,C,Alta,0.6666666666666666,0.0,0.8627782,Regresión Lineal,0.0,0.0
2022-04-01,P0000013,19,C,Media,10.333333333333334,32.20457517871983,6.794183,Media móvil,10.333333333333334,-8.666666666666666
2022-05-01,P0000013,0,C,Media,7.0,1.2960081101981018,4.032422,Media móvil,7.0,7.0
2022-06-01,P0000013,15,C,Media,7.0,3.529623920447995,4.659061,Media móvil,7.0,-8.0
2022-04-01,P0000020,0,C,Alta,0.0,0.0,0.4167876,Media móvil,0.0,0.0
2022-05-01,P0000020,0,C,Alta,0.0,0.0,0.56747067,Media móvil,0.0,0.0
2022-06-01,P0000020,70,C,Alta,0.0,0.0,0.31588084,Media móvil,0.0,-70.0
2022-04-01,P0000025,39,C,Alta,7.0,4.142498118359341,2.1027255,Media móvil,7.0,-32.0
2022-05-01,P0000025,93,C,Alta,19.333333333333332,6.058940165806624,5.2320123,Media móvil,19.333333333333332,-73.66666666666667
2022-06-01,P0000025,37,C,Alta,50.333333333333336,31.111767951817043,2.2902918,Media móvil,50.333333333333336,13.333333333333336
2022-04-01,P001701,1,C,Alta,0.0,0.0,0.34657392,XGBoost,0.34657391905784607,-0.6534260809421539
2022-05-01,P001701,1,C,Alta,0.3333333333333333,0.0,0.16365276,XGBoost,0.16365276277065277,-0.8363472372293472
2022-06-01,P001701,0,C,Alta,0.6666666666666666,0.0,0.45309687,XGBoost,0.453096866607666,0.453096866607666
2022-04-01,P005721,1,C,Alta,0.3333333333333333,0.0,0.21890914,Regresión Lineal,0.0,-1.0
2022-05-01,P005721,0,C,Alta,0.6666666666666666,0.0,0.17127274,Regresión Lineal,0.0,0.0
2022-06-01,P005721,0,C,Alta,0.6666666666666666,0.0,0.058781937,Regresión Lineal,0.0,0.0
2022-04-01,P005722,5,C,Alta,0.6666666666666666,0.34847914279744874,1.709744,XGBoost,1.7097439765930176,-3.2902560234069824
2022-05-01,P005722,9,C,Alta,1.6666666666666667,0.0,1.8650541,XGBoost,1.8650541305541992,-7.134945869445801
2022-06-01,P005722,2,C,Alta,4.666666666666667,0.0,2.3627589,XGBoost,2.3627588748931885,0.3627588748931885
2022-04-01,P007721,130,B,Media,17.333333333333332,11.115083881557414,54.052402,XGBoost,54.05240249633789,-75.94759750366211
2022-05-01,P007721,352,B,Media,54.0,20.601986586054355,344.85553,XGBoost,344.85552978515625,-7.14447021484375
2022-06-01,P007721,822,B,Media,168.33333333333334,80.00399639066501,222.47784,XGBoost,222.47784423828125,-599.5221557617188
2022-04-01,P012141,0,C,Alta,2.3333333333333335,6.728842131024214,0.0,XGBoost,0.0,0.0
2022-05-01,P012141,0,C,Alta,0.0,0.0,0.20668818,XGBoost,0.20668818056583405,0.20668818056583405
2022-06-01,P012141,0,C,Alta,0.0,0.0,0.18994957,XGBoost,0.18994957208633423,0.18994957208633423
2022-04-01,P012231,1,C,Alta,0.0,0.0,0.13143282,XGBoost,0.13143281638622284,-0.8685671836137772
2022-05-01,P012231,0,C,Alta,0.3333333333333333,0.0,0.10741638,XGBoost,0.10741637647151947,0.10741637647151947
2022-06-01,P012231,0,C,Alta,0.3333333333333333,0.0,0.022690075,XGBoost,0.022690074518322945,0.022690074518322945
2022-04-01,P022701,1786,A,Baja,2331.6666666666665,2551.9369020663516,2078.3916,XGBoost,2078.3916015625,292.3916015625
2022-05-01,P022701,2133,A,Baja,2101.0,1997.8285102861555,2151.9124,XGBoost,2151.912353515625,18.912353515625
2022-06-01,P022701,1759,A,Baja,2179.6666666666665,2694.5716917848026,2196.1938,XGBoost,2196.19384765625,437.19384765625
2022-04-01,P026011,696,A,Baja,1021.0,1017.9085917762854,916.23126,Regresión Lineal,1017.9085917762854,321.90859177628545
2022-05-01,P026011,1139,A,Baja,919.3333333333334,981.1198062671749,875.5271,Regresión Lineal,981.1198062671749,-157.8801937328251
2022-06-01,P026011,1294,A,Baja,990.0,1202.7411881645596,982.9653,Regresión Lineal,1202.7411881645596,-91.25881183544038
2022-04-01,P027011,702,A,Baja,542.6666666666666,564.8597393723918,624.0281,Regresión Lineal,564.8597393723918,-137.1402606276082
2022-05-01,P027011,441,A,Baja,584.6666666666666,482.50807195274706,673.8057,Regresión Lineal,482.50807195274706,41.50807195274706
2022-06-01,P027011,300,A,Baja,573.6666666666666,596.5566293764114,658.0315,Regresión Lineal,596.5566293764114,296.55662937641137
2022-04-01,P035011,114,B,Baja,98.66666666666667,93.40244908875667,131.50534,Regresión Lineal,93.40244908875667,-20.59755091124333
2022-05-01,P035011,85,B,Baja,107.33333333333333,69.82575852014284,147.2801,Regresión Lineal,69.82575852014284,-15.174241479857159
2022-06-01,P035011,144,B,Baja,113.33333333333333,147.0577201202756,112.92169,Regresión Lineal,147.0577201202756,3.0577201202756044
2022-04-01,P036701,2,C,Media,1.0,0.0,0.53526187,Media móvil,1.0,-1.0
2022-05-01,P036701,0,C,Media,1.3333333333333333,0.0,0.3755509,Media móvil,1.3333333333333333,1.3333333333333333
2022-06-01,P036701,1,C,Media,1.0,0.0,0.36368644,Media móvil,1.0,0.0
2022-04-01,P039701,52,C,Baja,64.33333333333333,72.05396304580562,45.830948,XGBoost,45.83094787597656,-6.1690521240234375
2022-05-01,P039701,23,C,Baja,59.0,48.72859900550174,44.61207,XGBoost,44.61206817626953,21.61206817626953
2022-06-01,P039701,29,C,Baja,52.0,89.20782526472361,28.60258,XGBoost,28.60257911682129,-0.39742088317871094
2022-04-01,R0000009,0,C,Alta,16.0,49.321449141838684,0.6530006,XGBoost,0.6530005931854248,0.6530005931854248
2022-05-01,R0000009,0,C,Alta,2.0,5.493627813239616,1.0109406,XGBoost,1.0109405517578125,1.0109405517578125
2022-06-01,R0000009,0,C,Alta,0.0,0.0,0.907431,XGBoost,0.9074310064315796,0.9074310064315796
2022-04-01,R0000014,19,C,Media,17.333333333333332,23.05486198152924,6.7745876,XGBoost,6.774587631225586,-12.225412368774414
2022-05-01,R0000014,0,C,Media,17.333333333333332,5.703458788835402,4.2818203,XGBoost,4.281820297241211,4.281820297241211
2022-06-01,R0000014,0,C,Media,16.666666666666668,34.85587087468139,8.909938,XGBoost,8.909937858581543,8.909937858581543
2022-04-01,R001011,331,A,Baja,581.3333333333334,517.7871792146635,583.7215,Media móvil,581.3333333333334,250.33333333333337
2022-05-01,R001011,366,A,Baja,520.6666666666666,579.8580773564382,556.35724,Media móvil,520.6666666666666,154.66666666666663
2022-06-01,R001011,279,A,Baja,465.3333333333333,755.0315118600076,509.1097,Media móvil,465.3333333333333,186.33333333333331
2022-04-01,R001701,1597,A,Baja,1727.3333333333333,1926.7316084804588,1562.4401,Media móvil,1727.3333333333333,130.33333333333326
2022-05-01,R001701,1268,A,Baja,1618.6666666666667,1734.7925625668233,1628.7059,Media móvil,1618.6666666666667,350.66666666666674
2022-06-01,R001701,1342,A,Baja,1455.0,1474.9672938551764,1595.3932,Media móvil,1455.0,113.0
2022-04-01,R002251,58,B,Media,58.666666666666664,110.70476777029337,37.451862,XGBoost,37.45186233520508,-20.548137664794922
2022-05-01,R002251,71,B,Media,44.333333333333336,40.64337680094666,76.15093,XGBoost,76.15093231201172,5.150932312011719
2022-06-01,R002251,292,B,Media,53.666666666666664,36.75625424156483,78.27505,XGBoost,78.2750473022461,-213.7249526977539
2022-04-01,R005101,38,C,Alta,12.0,3.5298628782413797,4.0051765,XGBoost,4.005176544189453,-33.99482345581055
2022-05-01,R005101,2,C,Alta,24.666666666666668,39.20527413517649,8.247766,XGBoost,8.24776554107666,6.24776554107666
2022-06-01,R005101,32,C,Alta,13.333333333333334,6.763262724222141,11.484578,XGBoost,11.484578132629395,-20.515421867370605
2022-04-01,R008703,30,C,Baja,72.66666666666667,86.2288169013223,45.728863,XGBoost,45.72886276245117,15.728862762451172
2022-05-01,R008703,45,C,Baja,54.333333333333336,83.36230504441208,37.9484,XGBoost,37.94839859008789,-7.051601409912109
2022-06-01,R008703,31,C,Baja,43.666666666666664,56.837069041861966,55.385353,XGBoost,55.385353088378906,24.385353088378906
2022-04-01,R009141,0,C,Alta,0.0,0.0,0.752277,Media móvil,0.0,0.0
2022-05-01,R009141,0,C,Alta,0.0,0.0,0.7269355,Media móvil,0.0,0.0
2022-06-01,R009141,0,C,Alta,0.0,0.0,0.7701131,Media móvil,0.0,0.0
2022-04-01,S0000002,0,C,Alta,0.0,0.0,0.1476631,Media móvil,0.0,0.0
2022-05-01,S0000002,0,C,Alta,0.0,0.0,0.0,Media móvil,0.0,0.0
2022-06-01,S0000002,0,C,Alta,0.0,0.0,0.24569026,Media móvil,0.0,0.0
2022-04-01,S0000012,4,C,Media,1.6666666666666667,0.0,2.359883,XGBoost,2.3598830699920654,-1.6401169300079346
2022-05-01,S0000012,0,C,Media,2.6666666666666665,1.580042727638844,2.009812,XGBoost,2.009812116622925,2.009812116622925
2022-06-01,S0000012,0,C,Media,1.6666666666666667,0.0,1.7773156,XGBoost,1.777315616607666,1.777315616607666
2022-04-01,S003701,505,A,Baja,454.0,633.4048210817903,419.0937,Media móvil,454.0,-51.0
2022-05-01,S003701,541,A,Baja,420.6666666666667,367.4040163071028,413.89545,Media móvil,420.6666666666667,-120.33333333333331
2022-06-01,S003701,852,A,Baja,485.6666666666667,427.1285704687242,452.6817,Media móvil,485.6666666666667,-366.3333333333333
2022-04-01,S004702,1463,A,Baja,1489.6666666666667,1625.4180781527882,1369.7751,Media móvil,1489.6666666666667,26.666666666666742
2022-05-01,S004702,1454,A,Baja,1435.0,1455.4356047405201,1459.2363,Media móvil,1435.0,-19.0
2022-06-01,S004702,1405,A,Baja,1420.6666666666667,1301.331608385341,1434.0647,Media móvil,1420.6666666666667,15.666666666666742
2022-04-01,S010721,47,C,Media,37.0,30.629957622974345,26.523996,Media móvil,37.0,-10.0
2022-05-01,S010721,55,C,Media,45.0,28.770402202245204,22.471317,Media móvil,45.0,-10.0
2022-06-01,S010721,50,C,Media,55.333333333333336,63.301936183125335,31.542953,Media móvil,55.333333333333336,5.333333333333336
2022-04-01,S013701,0,C,Alta,0.0,0.0,0.3274229,Media móvil,0.0,0.0
2022-05-01,S013701,1,C,Alta,0.0,0.0,0.2691363,Media móvil,0.0,-1.0
2022-06-01,S013701,3,C,Alta,0.3333333333333333,0.0,0.29967222,Media móvil,0.3333333333333333,-2.6666666666666665
2022-04-01,S014011,183,A,Baja,560.3333333333334,501.1621195343273,468.90753,Regresión Lineal,501.1621195343273,318.1621195343273
2022-05-01,S014011,801,A,Baja,453.3333333333333,655.2289531669586,358.04413,Regresión Lineal,655.2289531669586,-145.7710468330414
2022-06-01,S014011,708,A,Baja,524.6666666666666,699.0463401519495,476.4106,Regresión Lineal,699.0463401519495,-8.953659848050506
2022-04-01,S020011,0,C,Alta,4.0,7.624056961370245,1.1073251,XGBoost,1.1073250770568848,1.1073250770568848
2022-05-01,S020011,0,C,Alta,1.3333333333333333,2.6963329387843693,1.5474396,XGBoost,1.5474395751953125,1.5474395751953125
2022-06-01,S020011,22,C,Alta,0.0,0.0,2.0433173,XGBoost,2.0433173179626465,-19.956682682037354
2022-04-01,T0000001,0,C,Media,7.666666666666667,3.644454996219835,8.7753,Regresión Lineal,3.644454996219835,3.644454996219835
2022-05-01,T0000001,20,C,Media,5.333333333333333,7.981499060904913,9.386707,Regresión Lineal,7.981499060904913,-12.018500939095087
2022-06-01,T0000001,33,C,Media,9.0,7.275981491971734,10.502816,Regresión Lineal,7.275981491971734,-25.724018508028266
2022-04-01,T0000003,0,C,Alta,0.0,0.0,0.5840771,Media móvil,0.0,0.0
2022-05-01,T0000003,0,C,Alta,0.0,0.0,0.6038153,Media móvil,0.0,0.0
2022-06-01,T0000003,0,C,Alta,0.0,0.0,0.4861871,Media móvil,0.0,0.0
2022-04-01,T0000006,0,C,Alta,0.0,0.0,0.31722125,Media móvil,0.0,0.0
2022-05-01,T0000006,0,C,Alta,0.0,0.0,0.36784294,Media móvil,0.0,0.0
2022-06-01,T0000006,0,C,Alta,0.0,0.0,0.3304482,Media móvil,0.0,0.0
2022-04-01,T0000007,0,C,Alta,0.0,0.0,0.18955769,Media móvil,0.0,0.0
2022-05-01,T0000007,0,C,Alta,0.0,0.0,0.17244817,Media móvil,0.0,0.0
2022-06-01,T0000007,0,C,Alta,0.0,0.0,0.15919714,Media móvil,0.0,0.0
2022-04-01,T001011,0,C,Alta,6.333333333333333,0.7980626983982804,1.1445086,XGBoost,1.1445086002349854,1.1445086002349854
2022-05-01,T001011,0,C,Alta,6.333333333333333,13.723092550453085,0.9125639,XGBoost,0.9125639200210571,0.9125639200210571
2022-06-01,T001011,0,C,Alta,2.0,5.493627813239618,1.008518,XGBoost,1.0085179805755615,1.0085179805755615
2022-04-01,T002012,25,C,Alta,0.0,0.0,0.5942774,XGBoost,0.5942773818969727,-24.405722618103027
2022-05-01,T002012,0,C,Alta,8.333333333333334,4.106873212580021,0.16375384,XGBoost,0.16375383734703064,0.16375383734703064
2022-06-01,T002012,0,C,Alta,8.333333333333334,4.106873212580021,0.29712832,XGBoost,0.2971283197402954,0.2971283197402954
2022-04-01,T004151,17,C,Alta,0.0,0.0,1.2047007,XGBoost,1.2047007083892822,-15.795299291610718
2022-05-01,T004151,0,C,Alta,5.666666666666667,2.1790231946446665,1.1087894,XGBoost,1.1087894439697266,1.1087894439697266
2022-06-01,T004151,0,C,Alta,5.666666666666667,1.852156955758614,0.41585958,XGBoost,0.415859580039978,0.415859580039978
2022-04-01,T005461,0,C,Alta,0.3333333333333333,0.0,0.13536385,Regresión Lineal,0.0,0.0
2022-05-01,T005461,0,C,Alta,0.3333333333333333,0.0,0.082418144,Regresión Lineal,0.0,0.0
2022-06-01,T005461,1,C,Alta,0.3333333333333333,0.0,0.06471735,Regresión Lineal,0.0,-1.0
2022-04-01,T005701,0,C,Alta,0.3333333333333333,0.0,0.13536385,Regresión Lineal,0.0,0.0
2022-05-01,T005701,0,C,Alta,0.3333333333333333,0.0,0.082418144,Regresión Lineal,0.0,0.0
2022-06-01,T005701,1,C,Alta,0.3333333333333333,0.0,0.06471735,Regresión Lineal,0.0,-1.0
2022-04-01,T008101,0,C,Alta,0.0,0.0,0.14246252,Media móvil,0.0,0.0
2022-05-01,T008101,0,C,Alta,0.0,0.0,0.115059964,Media móvil,0.0,0.0
2022-06-01,T008101,0,C,Alta,0.0,0.0,0.1024575,Media móvil,0.0,0.0
2022-04-01,T009141,9,C,Alta,27.666666666666668,56.66554318944173,7.7060356,XGBoost,7.706035614013672,-1.2939643859863281
2022-05-01,T009141,14,C,Alta,14.0,28.2900996504089,8.131911,XGBoost,8.131911277770996,-5.868088722229004
2022-06-01,T009141,31,C,Alta,10.0,6.465184243511597,7.206952,XGBoost,7.206952095031738,-23.79304790496826
2022-04-01,T009701,12,C,Media,7.0,21.812745730993214,6.5188766,XGBoost,6.518876552581787,-5.481123447418213
2022-05-01,T009701,20,C,Media,4.333333333333333,0.6980401627110977,17.876202,XGBoost,17.876201629638672,-2.123798370361328
2022-06-01,T009701,6,C,Media,11.0,2.6496559153543027,6.262967,XGBoost,6.262967109680176,0.2629671096801758
2022-04-01,T011602,0,C,Alta,0.0,0.0,0.14246252,Media móvil,0.0,0.0
2022-05-01,T011602,0,C,Alta,0.0,0.0,0.115059964,Media móvil,0.0,0.0
2022-06-01,T011602,0,C,Alta,0.0,0.0,0.1024575,Media móvil,0.0,0.0
2022-04-01,T012011,20,C,Media,17.333333333333332,19.41591834185824,8.763363,Media móvil,17.333333333333332,-2.666666666666668
2022-05-01,T012011,39,C,Media,18.0,25.551513282527065,18.24718,Media móvil,18.0,-21.0
2022-06-01,T012011,74,C,Media,22.333333333333332,11.539069288731493,17.218945,Media móvil,22.333333333333332,-51.66666666666667
2022-04-01,T019701,1,C,Alta,0.3333333333333333,0.0,0.21525845,Regresión Lineal,0.0,-1.0
2022-05-01,T019701,0,C,Alta,0.6666666666666666,0.0,0.26196864,Regresión Lineal,0.0,0.0
2022-06-01,T019701,0,C,Alta,0.3333333333333333,0.0,0.14507365,Regresión Lineal,0.0,0.0
2022-04-01,T020201,2,C,Media,2.6666666666666665,0.0,3.5200372,Regresión Lineal,0.0,-2.0
2022-05-01,T020201,5,C,Media,3.0,3.6130178715281556,4.671993,Regresión Lineal,3.6130178715281556,-1.3869821284718444
2022-06-01,T020201,1,C,Media,3.0,0.5894603950393664,4.149701,Regresión Lineal,0.5894603950393664,-0.4105396049606336
2022-04-01,T020701,930,A,Baja,1080.0,1075.664656804849,1032.5205,XGBoost,1032.5205078125,102.5205078125
2022-05-01,T020701,890,A,Baja,1020.0,1078.7714072960744,1064.2903,XGBoost,1064.290283203125,174.290283203125
2022-06-01,T020701,1032,A,Baja,948.3333333333334,993.4886112243165,1043.722,XGBoost,1043.7220458984375,11.7220458984375
2022-04-01,T020702,15,C,Media,102.33333333333333,113.4027094211921,61.332237,XGBoost,61.332237243652344,46.332237243652344
2022-05-01,T020702,26,C,Media,69.66666666666667,101.99374790325713,30.535854,XGBoost,30.53585433959961,4.535854339599609
2022-06-01,T020702,31,C,Media,49.666666666666664,123.11530007178166,45.756756,XGBoost,45.75675582885742,14.756755828857422
2022-04-01,T023011,506,B,Baja,330.0,305.0789816200954,309.7893,XGBoost,309.789306640625,-196.210693359375
2022-05-01,T023011,309,B,Baja,401.3333333333333,452.79956202214794,374.41528,XGBoost,374.415283203125,65.415283203125
2022-06-01,T023011,328,B,Baja,361.6666666666667,309.35934545385,366.29736,XGBoost,366.29736328125,38.29736328125
2022-04-01,T025011,0,C,Alta,6.333333333333333,10.323487195159931,0.5195693,XGBoost,0.5195692777633667,0.5195692777633667
2022-05-01,T025011,0,C,Alta,3.0,9.199270766593408,0.78628385,XGBoost,0.7862838506698608,0.7862838506698608
2022-06-01,T025011,0,C,Alta,0.0,0.0,0.617991,XGBoost,0.6179909706115723,0.6179909706115723
2022-04-01,V000000013,24,C,Alta,20.0,11.007447835783548,10.429304,Media móvil,20.0,-4.0
2022-05-01,V000000013,58,C,Alta,28.0,11.8468791086417,7.7960005,Media móvil,28.0,-30.0
2022-06-01,V000000013,57,C,Alta,46.666666666666664,63.94122228423258,4.1032195,Media móvil,46.666666666666664,-10.333333333333336
2022-04-01,V0000002,0,C,Alta,0.0,0.0,0.0,Media móvil,0.0,0.0
2022-05-01,V0000002,0,C,Alta,0.0,0.0,0.16355804,Media móvil,0.0,0.0
2022-06-01,V0000002,0,C,Alta,0.0,0.0,0.15040742,Media móvil,0.0,0.0
2022-04-01,V0000004,0,C,Media,12.333333333333334,4.7375362247133825,13.495837,Regresión Lineal,4.7375362247133825,4.7375362247133825
2022-05-01,V0000004,22,C,Media,10.333333333333334,8.623463449963982,10.130127,Regresión Lineal,8.623463449963982,-13.376536550036018
2022-06-01,V0000004,18,C,Media,14.666666666666666,24.603324420021046,10.927707,Regresión Lineal,24.603324420021046,6.603324420021046
2022-04-01,V0000005,0,C,Alta,9.333333333333334,29.358500284779694,2.1857545,XGBoost,2.1857545375823975,2.1857545375823975
2022-05-01,V0000005,0,C,Alta,0.6666666666666666,0.38933742265821936,3.8931108,XGBoost,3.893110752105713,3.893110752105713
2022-06-01,V0000005,29,C,Alta,0.0,0.0,5.2137575,XGBoost,5.213757514953613,-23.786242485046387
2022-04-01,V0000011,138,C,Alta,30.0,50.119540476357656,12.547886,Regresión Lineal,50.119540476357656,-87.88045952364234
2022-05-01,V0000011,36,C,Alta,60.666666666666664,53.986649732877396,5.8128643,Regresión Lineal,53.986649732877396,17.986649732877396
2022-06-01,V0000011,0,C,Alta,63.333333333333336,41.30080702628556,5.8176746,Regresión Lineal,41.30080702628556,41.30080702628556
2022-04-01,V0000012,49,C,Baja,46.666666666666664,66.59939830513629,49.219196,XGBoost,49.21919631958008,0.21919631958007812
2022-05-01,V0000012,70,C,Baja,42.666666666666664,24.35941504697321,47.529293,XGBoost,47.529293060302734,-22.470706939697266
2022-06-01,V0000012,80,C,Baja,59.0,59.12389790641288,53.77816,XGBoost,53.778160095214844,-26.221839904785156
2022-04-01,V0000013,4,C,Alta,0.6666666666666666,0.0,0.71521854,Regresión Lineal,0.0,-4.0
2022-05-01,V0000013,0,C,Alta,2.0,0.0,4.4681726,Regresión Lineal,0.0,0.0
2022-06-01,V0000013,0,C,Alta,1.3333333333333333,0.0,3.0801458,Regresión Lineal,0.0,0.0
2022-04-01,V011141,584,B,Media,302.3333333333333,291.92749196082923,314.9001,Regresión Lineal,291.92749196082923,-292.07250803917077
2022-05-01,V011141,237,B,Media,418.0,259.70588873734005,356.23068,Regresión Lineal,259.70588873734005,22.705888737340047
2022-06-01,V011141,552,B,Media,435.3333333333333,549.7469147415829,338.68726,Regresión Lineal,549.7469147415829,-2.253085258417059
2022-04-01,V012221,2,C,Media,7.0,4.301698952899651,6.635523,Regresión Lineal,4.301698952899651,2.3016989528996508
2022-05-01,V012221,22,C,Media,5.666666666666667,7.377933259216167,6.5568504,Regresión Lineal,7.377933259216167,-14.622066740783833
2022-06-01,V012221,18,C,Media,10.333333333333334,9.059458433363535,7.9268217,Regresión Lineal,9.059458433363535,-8.940541566636465
2022-04-01,V013721,1887,A,Baja,1748.3333333333333,1916.9896860976696,1582.8076,Regresión Lineal,1916.9896860976696,29.98968609766962
2022-05-01,V013721,1716,A,Baja,1736.6666666666667,1577.5788930206172,1754.0422,Regresión Lineal,1577.5788930206172,-138.42110697938278
2022-06-01,V013721,1372,A,Baja,1779.6666666666667,1697.351823812341,1716.9417,Regresión Lineal,1697.351823812341,325.3518238123411
2022-04-01,V015721,106,B,Media,260.3333333333333,437.40401092726745,118.77277,XGBoost,118.77277374267578,12.772773742675781
2022-05-01,V015721,203,B,Media,165.33333333333334,150.80174567157158,153.86694,XGBoost,153.866943359375,-49.133056640625
2022-06-01,V015721,413,B,Media,193.0,296.16132726705996,141.48335,XGBoost,141.4833526611328,-271.5166473388672
2022-04-01,V016011,0,C,Alta,6.0,3.546112031035774,3.321589,XGBoost,3.3215889930725098,3.3215889930725098
2022-05-01,V016011,0,C,Alta,5.333333333333333,17.845770991085576,2.2567453,XGBoost,2.2567453384399414,2.2567453384399414
2022-06-01,V016011,37,C,Alta,0.0,0.0,7.719076,XGBoost,7.719076156616211,-29.28092384338379
2022-04-01,V016141,22,C,Media,17.333333333333332,37.83526007635044,6.434986,Media móvil,17.333333333333332,-4.666666666666668
2022-05-01,V016141,28,C,Media,13.333333333333334,13.386876224431035,7.7470303,Media móvil,13.333333333333334,-14.666666666666666
2022-06-01,V016141,16,C,Media,18.666666666666668,8.712803912525434,5.242504,Media móvil,18.666666666666668,2.666666666666668
2022-04-01,Z001201,0,C,Alta,0.6666666666666666,0.0,0.22864838,Regresión Lineal,0.0,0.0
2022-05-01,Z001201,0,C,Alta,0.6666666666666666,0.0,0.09452652,Regresión Lineal,0.0,0.0
2022-06-01,Z001201,0,C,Alta,0.3333333333333333,0.0,0.14752823,Regresión Lineal,0.0,0.0
2022-04-01,Z002721,0,C,Alta,0.6666666666666666,0.4710539823797171,0.33183265,XGBoost,0.3318326473236084,0.3318326473236084
2022-05-01,Z002721,1,C,Alta,0.0,0.0,0.5503818,XGBoost,0.5503817796707153,-0.44961822032928467
2022-06-01,Z002721,2,C,Alta,0.3333333333333333,0.0,0.74072194,XGBoost,0.7407219409942627,-1.2592780590057373
