producto_id,nombre_producto,categoria,mes_pronosticado,horizonte,prediccion_xgboost,prediccion_regresion_lineal,prediccion_baseline,prediccion_final,metodo_usado
0002101,OMEPRAZOL CÁPSULA 20MG,MEDICAMENTOS,2022-07,1,1686.06,2887.4,1991.67,1686.06,XGBoost
0004721,OXACILINA POLVO LIOFILIZADO 1G,MEDICAMENTOS,2022-07,1,0.3,56.44,16.33,16.33,Media móvil
0006422,"OXIMETAZOLINA SOLUCIÓN NASAL 0,05% ",MEDICAMENTOS,2022-07,1,0.44,0.0,1.33,1.33,Media móvil
100317,"LACTULOSA SOLUCIÓN ORAL 66,7%/15ML",MEDICAMENTOS,2022-07,1,181.44,181.45,170.67,181.44,XGBoost
103662,PALIVIZUMAB POLVO LIOFILIZADO 50 MG,MEDICAMENTOS,2022-07,1,2.06,0.0,1.33,2.06,XGBoost
105719,CLARITROMICINA 250MG/5ML GRANULOS PARA RECONSTITUIR A SUSPENSION ORAL,MEDICAMENTOS,2022-07,1,0.28,0.0,0.33,0.33,Media móvil
110028,"EPOPROSTENOL POLVO LIOFILIZADO 1,5MG",MEDICAMENTOS,2022-07,1,0.28,0.0,0.0,0.0,Media móvil
118494,DEXAMETASONA SOLUCIÓN OFTÁLMICA 5ML,MEDICAMENTOS,2022-07,1,1.13,1.66,2.0,1.13,XGBoost
119580,N-ACETILCISTEINA GRANULOS PARA SUSPENCIÓN ORAL 200MG,MEDICAMENTOS,2022-07,1,0.24,0.0,0.0,0.0,Media móvil
120804,CARBOXIMETILCELULOSA 0.5 % SOL. OFTALMICA ,MEDICAMENTOS,2022-07,1,0.08,0.46,0.67,0.67,Media móvil
120898,"FRESUBIN HP ENERGY SOLUCIÓN ORAL 1,5KCAL/1ML (1500KCAL/1000ML) ALIMENTO LÍQUIDO ",NUTRICION,2022-07,1,52.58,99.02,126.67,126.67,Media móvil
120900,"(FRESUBIN HP ENERGY SOLUCIÓN ORAL 1,5KCAL/1ML (750KCAL/500ML)) ALIMENTO LÍQUIDO ",NUTRICION,2022-07,1,94.65,139.96,114.33,139.96,Regresión Lineal
125690,FINASTERIDE 5MG TABLETA ,MEDICAMENTOS,2022-07,1,0.29,0.0,0.0,0.29,XGBoost
129788,POSACONAZOL 100MG TABLETA,MEDICAMENTOS,2022-07,1,0.0,0.0,0.0,0.0,XGBoost
131059,HIDROXICLOROQUINA SULFATO TABLETA 200MG,MEDICAMENTOS,2022-07,1,0.54,42.01,84.67,84.67,Media móvil
131589,"TIOTROPIO BROMURO SUSPENSIÓN PARA INHALACIÓN 2,5MCG/1PUFF/60PUFF",MEDICAMENTOS,2022-07,1,0.89,3.96,2.0,2.0,Media móvil
134746,LEVETIRACETAM SOL. INYECTABLE 500MG/5ML,MEDICAMENTOS,2022-07,1,231.73,131.79,149.67,131.79,Regresión Lineal
136905,CICLOSERINA 250MG TABLETA ,MEDICAMENTOS,2022-07,1,0.1,1.62,6.0,6.0,Media móvil
145329,DEXMEDETOMIDINA 200MCG/2ML SOL. INYECTABLE,MEDICAMENTOS,2022-07,1,365.15,300.49,422.0,365.15,XGBoost
145537,CISATRACURIO 10MG/5ML SOL. INYECTABLE,MEDICAMENTOS,2022-07,1,0.99,27.99,50.67,50.67,Media móvil
145933,LEVOTIROXINA SODICA TABLETA 25MCG,MEDICAMENTOS,2022-07,1,79.81,47.54,58.0,58.0,Media móvil
151766,CLOBAZAM TABLETA 10 MG ,CONTROLADOS,2022-07,1,2.22,199.36,56.33,56.33,Media móvil
152912,PARACETAMOL SOLUCIÓN INYECTABLE 1G/100ML,MEDICAMENTOS,2022-07,1,27.52,29.94,11.0,27.52,XGBoost
153257,ANFOTERICINA B LIPOSOMAL 50MG POLVO LIOFILIZADO 50MG,MEDICAMENTOS,2022-07,1,53.5,99.88,55.33,55.33,Media móvil
157471,OCTEOTRIDE ACETATO SOLUCIÓN INYECTABLE 20MG,MEDICAMENTOS,2022-07,1,5.49,0.0,0.0,5.49,XGBoost
160729,LEVETIRACETAM 1000MG TABLETA,MEDICAMENTOS,2022-07,1,0.0,32.62,9.67,9.67,Media móvil
162236,INSULINA DEGLUDEC SOL. INYECTABLE 100UI/ML x 3 ML,MEDICAMENTOS,2022-07,1,2.73,2.26,4.33,2.73,XGBoost
162378,ACETAMINOFEN/HIDROCODONA TABLETA 325MG/5MG,MEDICAMENTOS,2022-07,1,0.51,0.0,0.0,0.0,Media móvil
162558,LEVOFLOXACINA SOLUCIÓN INYECTABLE 500MG/100ML,MEDICAMENTOS,2022-07,1,3.1,1.85,12.67,12.67,Media móvil
162958,INDACATEROL/GLICOPIRRONIO POLVO PARA INHALACIÓN EN CÁPSULA 110MCG/50MCG,MEDICAMENTOS,2022-07,1,15.75,32.59,10.0,32.59,Regresión Lineal
164333,FOSFOMICINA DISODICA 4G POLVO LIOFILIZADO ,MEDICAMENTOS,2022-07,1,1.66,1.9,5.67,5.67,Media móvil
171762,"NEPRO BP SOLUCIÓN ORAL 1,8KCAL/1ML (426,6KCAL/237ML)) ALIMENTO PARA PROPÓSITOS",NUTRICION,2022-07,1,3.99,18.91,18.0,18.0,Media móvil
19973360,DOBUTAMINA 250MG/20ML SOL. INYECTABLE,MEDICAMENTOS,2022-07,1,46.22,58.82,40.0,40.0,Media móvil
200061,SENSOR NEONATAL ADHESIVO M-LNCS PARA EQUIPOS  MARCA MASIMO,DISPOSITIVOS MEDICO,2022-07,1,0.61,4.04,1.67,4.04,Regresión Lineal
200072,SENSOR SPO2 NEONATAL EM0602,DISPOSITIVOS MEDICO,2022-07,1,0.13,0.0,0.0,0.13,XGBoost
2001990802,SACCHAROMYCES BOULARDII POLVO PARA SUSPENSIÓN ORAL 250MG,MEDICAMENTOS,2022-07,1,1.93,0.0,0.0,0.0,Media móvil
20039341,TICAGRELOR TABLETA 90MG,MEDICAMENTOS,2022-07,1,0.4,1.57,1.0,1.57,Regresión Lineal
6421,"OXIMETAZOLINA SOLUCIÓN NASAL 0, 025% ",MEDICAMENTOS,2022-07,1,0.19,0.46,0.67,0.46,Regresión Lineal
700010,NIFEDIPINO CÁPSULA 10MG,MEDICAMENTOS,2022-07,1,173.42,82.16,184.0,173.42,XGBoost
700021,ALFAMETILDOPA TABLETA 250MG,MEDICAMENTOS,2022-07,1,24.9,28.11,17.0,17.0,Media móvil
700067,TRIMETOPRIM/SULFAMETOXAZOL TABLETA 160MG/800MG,MEDICAMENTOS,2022-07,1,65.27,44.86,72.67,65.27,XGBoost
700131,CLOTRIMAZOL 100MG TABLETA VAGINAL,MEDICAMENTOS,2022-07,1,1.88,6.23,3.0,1.88,XGBoost
700142,WARFARINA SODICA TABLETA 5MG,MEDICAMENTOS,2022-07,1,38.67,43.85,27.67,38.67,XGBoost
700145,DIOSMINA TABLETA 500MG,MEDICAMENTOS,2022-07,1,0.0,2.02,6.67,6.67,Media móvil
700203,MUPIROCINA UNGÜENTO TÓPICO 2%/15G,MEDICAMENTOS,2022-07,1,0.14,0.0,0.33,0.33,Media móvil
700245,SULFADIAZINA DE PLATA CREMA TOPICA 1% ,MEDICAMENTOS,2022-07,1,0.2,0.0,0.33,0.33,Media móvil
700290,"BETAMETILDIGOXINA 0,6MG/ML/45 GOTAS SOLUCIÓN ORAL ",MEDICAMENTOS,2022-07,1,1.2,2.74,2.0,1.2,XGBoost
700302,GLUTAPAK 10 ENTEREX ALIMENTO 15g,NUTRICION,2022-07,1,0.0,1.59,1.67,1.67,Media móvil
700307,PREPARADO MAGISTRAL DE OMEPRAZOL ENTERAL 20 MG/10 ML,MEDICAMENTOS,2022-07,1,16.65,88.37,86.33,88.37,Regresión Lineal
700308,PREPARADO MAGISTRAL DE NIFEDIPINO ENTERAL 30 MG/ 10 ML,MEDICAMENTOS,2022-07,1,0.0,1.62,6.0,6.0,Media móvil
700310,TROPICAMIDA 1% 15ML SOLUCION OFTALMICA,MEDICAMENTOS,2022-07,1,0.0,0.0,0.33,0.33,Media móvil
700319,circuito neonatal REFERENCIA MP02650,DISPOSITIVOS MEDICO,2022-07,1,1.31,4.53,4.0,4.0,Media móvil
700320,LEVETIRACETAM 100 MG/ML SOLUCION ORAL x 300 ML,MEDICAMENTOS,2022-07,1,0.43,0.0,1.33,1.33,Media móvil
700326,IPRATROPIO BROMURO SOL. PARA INHALACIÓN 250MCG/1ML x 20ML,MEDICAMENTOS,2022-07,1,2.75,0.3,1.33,1.33,Media móvil
700401,SUCRALFATO SUSPENSIÓN ORAL 20%/200ML,MEDICAMENTOS,2022-07,1,1.08,0.0,0.33,1.08,XGBoost
700410,EQUIPO PERFUSOR 50CC,DISPOSITIVOS MEDICO,2022-07,1,1.55,0.0,1.33,1.55,XGBoost
700422,FENOBARBITAL SOLUCIÓN ORAL 4MG/1ML ,CONTROLADOS,2022-07,1,0.72,0.0,0.67,0.72,XGBoost
700441,POTASIO GLUCONATO ELIXIR 20MEQ/15ML ,MEDICAMENTOS,2022-07,1,33.97,23.64,30.67,23.64,Regresión Lineal
700525,PROPOFOL EMULSIÓN INYECTABLE 1%/20ML,MEDICAMENTOS,2022-07,1,1.87,1.41,3.0,1.87,XGBoost
700543,MIDAZOLAM 5MG/5ML SOL. INYECTABLE,CONTROLADOS,2022-07,1,8983.71,6401.16,11077.33,8983.71,XGBoost
700544,SOMATOSTATINA POLVO LIOFILIZADO 3MG,MEDICAMENTOS,2022-07,1,0.39,6.49,31.33,31.33,Media móvil
700550,ROCURONIO BROMURO SOLUCIÓN INYECTABLE 50MG/5ML,MEDICAMENTOS,2022-07,1,0.19,2.25,13.33,13.33,Media móvil
700554,ASCORBICO ACIDO 500MG/5ML SOL. INYECTABLE (VITAMINA C),MEDICAMENTOS,2022-07,1,313.32,23.96,137.33,313.32,XGBoost
700567,ALIZAPRIDA SOL. INYECTABLE 50MG,MEDICAMENTOS,2022-07,1,0.15,0.0,0.0,0.0,Media móvil
700572,"METILERGOMETRINA SOL. INYECTABLE 0,2MG ",CONTROLADOS,2022-07,1,0.41,0.0,0.0,0.41,XGBoost
700575,"ENOXAPARINA 20MG/0,2ML SOL. INYECTABLE ",MEDICAMENTOS,2022-07,1,117.2,307.8,153.33,117.2,XGBoost
700577,"ENOXAPARINA 60MG/0,6ML SOL. INYECTABLE ",MEDICAMENTOS,2022-07,1,381.59,370.36,371.67,381.59,XGBoost
700578,"ENOXAPARINA 80MG/0,8ML SOL. INYECTABLE ",MEDICAMENTOS,2022-07,1,157.58,249.77,158.0,157.58,XGBoost
700587,MEPERIDINA 100MG/2ML SOL. INYECTABLE,CONTROLADOS,2022-07,1,27.11,110.77,61.33,61.33,Media móvil
700605,INMUNOGLOBULINA HUMANA NORMAL  6 GR/200ML SOL. INYECTABLE,MEDICAMENTOS,2022-07,1,4.65,0.0,0.0,4.65,XGBoost
700628,CLARITROMICINA 500MG POLVO LIOFILIZADO ,MEDICAMENTOS,2022-07,1,237.67,174.66,307.33,237.67,XGBoost
700629,FOSFOLIPIDOS NATURALES 200MG/8ML SUSPENSION INYECTABLE (SURFACTANTE PULMONAR),MEDICAMENTOS,2022-07,1,4.3,1.73,4.33,4.33,Media móvil
700630,ALPROSTADIL SOLUCIÓN INYECTABLE 500MCG/1ML,MEDICAMENTOS,2022-07,1,0.43,0.0,0.33,0.33,Media móvil
700631,"OCTREOTIDE SOLUCIÓN INYECTABLE 0,1MG/1ML",MEDICAMENTOS,2022-07,1,7.14,0.0,0.0,7.14,XGBoost
700634,MEROPENEM POLVO LIOFILIZADO 1000 MG,MEDICAMENTOS,2022-07,1,1625.99,1498.16,1681.0,1625.99,XGBoost
700639,ANFOTERICINA B 50MG POLVO LIOFILIZADO ,MEDICAMENTOS,2022-07,1,6.5,10.9,30.67,30.67,Media móvil
700640,TRIMETOPRIM/SULFAMETOXAZOL  80MG/400MG/5ML SOL. INYECTABLE,MEDICAMENTOS,2022-07,1,494.88,1158.48,852.67,852.67,Media móvil
700644,ADENOSINA 6MG/2ML SOL. INYECTABLE ,MEDICAMENTOS,2022-07,1,0.39,0.0,0.0,0.39,XGBoost
700645,CEFEPIME 1G POLVO LIOFILIZADO,MEDICAMENTOS,2022-07,1,855.66,931.74,931.67,931.67,Media móvil
700646,MILRINONA SOL. INYECTABLE 10MG/10ML,MEDICAMENTOS,2022-07,1,86.39,91.26,56.0,56.0,Media móvil
700651,KETOPROFENO SOLUCIÓN INYECTABLE 100MG/2ML,MEDICAMENTOS,2022-07,1,0.15,0.0,0.0,0.0,Media móvil
700694,LIDOCAINA CLORHIDRATO 2% JALEA 30G,MEDICAMENTOS,2022-07,1,120.83,122.08,133.67,120.83,XGBoost
700741,SACUBITRIL/ VALSARTAN 50 MG TABLETA,MEDICAMENTOS,2022-07,1,11.49,23.14,27.33,27.33,Media móvil
700749,"BUDESONIDA SUSPENSIÓN PARA INHALACIÓN 0,5MG/1ML (1MG/2ML)",MEDICAMENTOS,2022-07,1,2.2,0.0,3.33,2.2,XGBoost
700757,SALBUTAMOL 5 MG SOL. PARA NEBULIZACIÓN X 10 ML,MEDICAMENTOS,2022-07,1,0.58,2.85,1.33,2.85,Regresión Lineal
700762,LIDOCAINA CLORHIDRATO SOLUCIÓN TÓPICA 10%/80G,MEDICAMENTOS,2022-07,1,0.3,0.0,0.33,0.33,Media móvil
700779,FENOBARBITAL TABLETA 100MG ,CONTROLADOS,2022-07,1,0.53,0.0,0.0,0.0,Media móvil
700786,GASA VASELINADA,DISPOSITIVOS MEDICO,2022-07,1,1.21,0.0,0.33,0.33,Media móvil
700791,DEGARELIX 80 MG POLVO PARA RECONSTITUCION,MEDICAMENTOS,2022-07,1,0.0,1.66,1.0,1.0,Media móvil
700800,HALOPERIDOL 5MG TABLETA  ,MEDICAMENTOS,2022-07,1,8.47,90.41,34.0,90.41,Regresión Lineal
700809,"PIPERACILINA/TAZOBACTAM POLVO LIOFILIZADO 4,5G",MEDICAMENTOS,2022-07,1,3328.56,2677.77,3003.33,3003.33,Media móvil
700813,FOSFOLIPIDOS NATURALES 100MG/4ML SUSPENSION INYECTABLE (SURFACTANTE PULMONAR),MEDICAMENTOS,2022-07,1,3.14,0.23,2.67,2.67,Media móvil
700815,"FOSFOLIPIDOS NATURALES 120MG/1,5ML SUSPENSION INYECTABLE SURFACTANTE PULMONAR)",MEDICAMENTOS,2022-07,1,1.08,0.1,2.33,2.33,Media móvil
700817,"BUPIVACAINA 0,5% x 10ML SOL. INYECTABLE",MEDICAMENTOS,2022-07,1,0.06,0.0,0.0,0.0,Regresión Lineal
700820,DALTEPARINA SODICA 2.500 UI (ANTIFACTOR XA)  SOL. INYECTABLE,MEDICAMENTOS,2022-07,1,71.36,68.85,80.0,71.36,XGBoost
700821,DALTEPARINA SODICA 5.000 UI (ANTIFACTOR XA) SOL. INYECTABLE,MEDICAMENTOS,2022-07,1,22.78,41.13,27.33,41.13,Regresión Lineal
700850,TRANEXAMICO ACIDO 500MG  SOL. INYECTABLE,MEDICAMENTOS,2022-07,1,130.43,82.38,103.0,103.0,Media móvil
700851,AGUA ESTERIL PARA INYECCION 5ML,MEDICAMENTOS,2022-07,1,2762.48,3914.2,2856.0,3914.2,Regresión Lineal
700860,EPINEFRINA 1MG/ML SOL. INYECTABLE ,MEDICAMENTOS,2022-07,1,74.82,74.57,57.0,74.82,XGBoost
700873,URSODEOXICOLICO ACIDO TABLETA 600MG,MEDICAMENTOS,2022-07,1,2.29,0.0,0.0,2.29,XGBoost
700883,"FENTANYL 0,5MG/10ML SOL. INYECTABLE",CONTROLADOS,2022-07,1,1361.47,941.07,1405.0,1361.47,XGBoost
700887,"BETAMETILDIGOXINA 0,2MG/2ML SOL. INYECTABLE",MEDICAMENTOS,2022-07,1,37.78,25.84,32.67,37.78,XGBoost
700893,FENITOINA 250MG/5ML SOL. INYECTABLE ,MEDICAMENTOS,2022-07,1,194.4,231.45,182.33,194.4,XGBoost
700895,"AMPICILINA/SULBACTAM 1,5G POLVO LIOFILIZADO ",MEDICAMENTOS,2022-07,1,3162.52,3308.05,3239.67,3239.67,Media móvil
700901,COMPLEJO B SOLUCIÓN INYECTABLE 10ML,MEDICAMENTOS,2022-07,1,0.1,0.0,0.0,0.0,Regresión Lineal
700907,"FITOMENADIONA 2MG/0,2ML SOL. INYECTABLE (VITAMINA K)",MEDICAMENTOS,2022-07,1,2.53,8.48,3.67,8.48,Regresión Lineal
700917,CLEMASTINA SOLUCIÓN INYECTABLE 2MG,MEDICAMENTOS,2022-07,1,0.1,0.0,0.0,0.0,Regresión Lineal
700944,METILPREDNISOLONA SUCCINATO 40MG/ML SOL. INYECTABLE,MEDICAMENTOS,2022-07,1,0.59,0.0,0.67,0.59,XGBoost
700948,MEDROXIPROGESTERONA ACETATO SUSPENSIÓN INYECTABLE 50MG/ML (150MG/3ML),MEDICAMENTOS,2022-07,1,23.9,69.75,20.33,69.75,Regresión Lineal
700949,METILPREDNISOLONA ACETATO 40MG/ML SUSPENSION INYECTABLE,MEDICAMENTOS,2022-07,1,0.45,0.0,0.0,0.0,Regresión Lineal
700964,"ENSURE PLUS HN SOLUCIÓN ORAL 1,5KCAL/1ML (355,5KCAL/237ML) ALIMENTO DE USO ESPEC",NUTRICION,2022-07,1,28.1,137.8,60.33,60.33,Media móvil
700966,JEVITY SOLUCIÓN ORAL 1KCAL/1ML (1500KCAL/1500ML)) ALIMENTO PARA PROPÓSITOS MÉD,NUTRICION,2022-07,1,20.31,40.28,32.33,40.28,Regresión Lineal
700967,"ENSURE PLUS HN SOLUCIÓN ORAL 1,5KCAL/1ML (1500KCAL/1000ML) ALIMENTO DE USO ESPEC",NUTRICION,2022-07,1,8.85,1.96,11.0,8.85,XGBoost
700968,"ENSURE SOLUCIÓN ORAL 1,05KCAL/1ML (248,9KCAL/237ML) ALIMENTO LIQUIDO CON PROTEÍN",NUTRICION,2022-07,1,24.85,210.91,103.67,210.91,Regresión Lineal
700971,"(OSMOLITE HN PLUS SOLUCIÓN ORAL 1,2KCAL/1ML (1800KCAL/1500ML)) ALIMENTO PARA PR",NUTRICION,2022-07,1,18.24,8.26,17.0,17.0,Media móvil
700974,GLUCERNA SOLUCIÓN ORAL 1KCAL/1ML (1500KCAL/1500ML)) ALIMENTO LÍQUIDO PARA PROP,NUTRICION,2022-07,1,18.47,16.33,22.0,18.47,XGBoost
700975,(NUTREN SOLUCIÓN ORAL 1KCAL/1ML (250KCAL/250ML)) ALIMENTO LÍQUIDO PARA USOS NUT,NUTRICION,2022-07,1,113.55,504.54,204.33,504.54,Regresión Lineal
700980,(PEPTAMEN PREBIO SOL. ORAL 1KCAL/1ML (250KCAL/250ML)) ALIMENTO LIQUIDO CON PROTE,NUTRICION,2022-07,1,14.84,27.22,52.0,52.0,Media móvil
700997,SODIO BICARBONATO POLVO SOL. ORAL x 2.8 GRAMOS,MEDICAMENTOS,2022-07,1,0.4,0.0,0.33,0.33,Media móvil
701003,BUDESONIDA 100 MCG/PUFF x 200 PUFF,MEDICAMENTOS,2022-07,1,0.0,0.0,0.33,0.33,Media móvil
701035,"BETAMETILDIGOXINA TABLETA 0,1MG",MEDICAMENTOS,2022-07,1,0.37,5.24,8.67,8.67,Media móvil
701079,PREDNISONA TABLETA 50MG,MEDICAMENTOS,2022-07,1,65.23,197.15,162.33,197.15,Regresión Lineal
701175,PROPAFENONA TABLETA 150MG,MEDICAMENTOS,2022-07,1,0.8,2.8,8.0,8.0,Media móvil
701210,METIMAZOL TABLETA 5MG,MEDICAMENTOS,2022-07,1,189.14,122.64,131.67,122.64,Regresión Lineal
701277,BOLSA NUTRICION ENTERAL 1500 ML,DISPOSITIVOS MEDICO,2022-07,1,93.08,89.76,109.0,89.76,Regresión Lineal
701278,SET ENTERAL TAPA ROSCA Y PUNZON,DISPOSITIVOS MEDICO,2022-07,1,15.81,26.55,18.33,18.33,Media móvil
701279,EQUIPO CON PUNZON EN CRUZ AMIKA ,DISPOSITIVOS MEDICO,2022-07,1,485.28,528.92,524.33,524.33,Media móvil
701289,TRANEXAMICO ÁCIDO TABLETA 500MG,MEDICAMENTOS,2022-07,1,4.86,0.75,2.0,2.0,Media móvil
701399,AGUA ESTERIL PARA INYECCION 500ML,MEDICAMENTOS,2022-07,1,336.99,402.57,320.33,320.33,Media móvil
701405,PROLENE 2 0 8423T (CT1)75CM,DISPOSITIVOS MEDICO,2022-07,1,0.0,0.0,0.33,0.33,Media móvil
701428,SEDA 2-0 185T (SC26)45CM ,DISPOSITIVOS MEDICO,2022-07,1,3.98,2.56,10.0,10.0,Media móvil
701429,SEDA 2-0 623H (KS)75CM  ,DISPOSITIVOS MEDICO,2022-07,1,37.92,90.91,53.33,53.33,Media móvil
701442,DEXTROSA 50% EN AGUA DESTILADA 500 ML,MEDICAMENTOS,2022-07,1,0.91,0.0,0.67,0.91,XGBoost
701452,NITROGLICERINA SOLUCIÓN INYECTABLE 50MG/250ML,MEDICAMENTOS,2022-07,1,37.01,24.31,31.0,37.01,XGBoost
701479,"SODIO CLORURO ENEMA RECTAL 2,5G/1000ML",MEDICAMENTOS,2022-07,1,24.73,30.17,28.67,24.73,XGBoost
701694,DUODERM CGF 20 X 20 CM/8X8,MEDICAMENTOS,2022-07,1,5.56,15.87,9.33,9.33,Media móvil
701715,DUODERM ET 10X10/4X4   ,DISPOSITIVOS MEDICO,2022-07,1,2.81,1.51,3.33,2.81,XGBoost
701725,DUODERM GEL TBX30GR,MEDICAMENTOS,2022-07,1,1.81,0.43,2.33,2.33,Media móvil
701727,DUODERM PASTA TBX30GR ,MEDICAMENTOS,2022-07,1,0.08,0.0,0.0,0.0,Regresión Lineal
701829,SURGICEL 4X8 REF 1952 (10.2CMX20.3CM) ,DISPOSITIVOS MEDICO,2022-07,1,0.14,0.0,0.0,0.0,Media móvil
701833,TEGADERM 10CMX12CM REF 1626W ,MEDICAMENTOS,2022-07,1,0.11,8.59,5.0,5.0,Media móvil
701835,TEGADERM 6CMX7CM REF 1624W X100 ,DISPOSITIVOS MEDICO,2022-07,1,0.0,2.82,7.33,7.33,Media móvil
701841,ALGODON LAMINADO 4X5,DISPOSITIVOS MEDICO,2022-07,1,0.26,4.04,1.67,1.67,Media móvil
701842,ALGODON LAMINADO 5X5,DISPOSITIVOS MEDICO,2022-07,1,0.12,0.0,0.67,0.67,Media móvil
701843,ALGODON LAMINADO 6X5,DISPOSITIVOS MEDICO,2022-07,1,9.0,6.93,7.67,9.0,XGBoost
701847,BACTIGRAS 10X10 ,DISPOSITIVOS MEDICO,2022-07,1,28.35,8.56,11.33,28.35,XGBoost
701848,BACTIGRAS 15X20 ,DISPOSITIVOS MEDICO,2022-07,1,80.55,55.24,63.33,63.33,Media móvil
701849,BACTIGRAS 5X5 ,DISPOSITIVOS MEDICO,2022-07,1,1.0,13.52,4.33,4.33,Media móvil
701853,VENDA SEMIELASTICA 3X4.1,DISPOSITIVOS MEDICO,2022-07,1,0.0,3.59,9.33,9.33,Media móvil
701854,VENDA SEMIELASTICA 4X4.1    ,DISPOSITIVOS MEDICO,2022-07,1,3.61,1.77,12.0,12.0,Media móvil
701855,VENDA SEMIELASTICA 6X4.1  ,DISPOSITIVOS MEDICO,2022-07,1,8.34,68.16,39.0,39.0,Media móvil
701863,VENDA ELASTICA 4X5  ,DISPOSITIVOS MEDICO,2022-07,1,2.16,3.91,2.67,2.16,XGBoost
701864,VENDA ELASTICA 5X5 ,DISPOSITIVOS MEDICO,2022-07,1,5.66,15.22,7.33,5.66,XGBoost
701865,VENDA ELASTICA 6X5,DISPOSITIVOS MEDICO,2022-07,1,74.1,63.86,58.33,74.1,XGBoost
701866,VENDA ELASTICA 3X5 ,DISPOSITIVOS MEDICO,2022-07,1,0.25,0.0,0.0,0.0,Media móvil
701930,PRESTOBARBA    ,DISPOSITIVOS MEDICO,2022-07,1,53.75,39.1,47.33,53.75,XGBoost
701942,BATA T/XL (BATA PACIENTE),DISPOSITIVOS MEDICO,2022-07,1,9.32,92.31,27.33,27.33,Media móvil
701943,BATON QUIRURGICO,DISPOSITIVOS MEDICO,2022-07,1,16.95,212.82,62.0,62.0,Media móvil
701954,BARRERA STOMAHESIVE 45 50MM,DISPOSITIVOS MEDICO,2022-07,1,0.89,0.27,1.33,0.89,XGBoost
701961,CATETER TROCAR RECTO 10FR (TUBO TORAX),DISPOSITIVOS MEDICO,2022-07,1,13.44,9.81,7.67,13.44,XGBoost
701962,CATETER TROCAR RECTO 20FR,DISPOSITIVOS MEDICO,2022-07,1,0.11,0.0,0.0,0.0,Regresión Lineal
701964,CATETER TROCAR RECTO 28FR ,DISPOSITIVOS MEDICO,2022-07,1,0.29,0.0,1.0,1.0,Media móvil
701965,CATETER TROCAR RECTO 32FR,DISPOSITIVOS MEDICO,2022-07,1,0.51,0.0,1.0,0.51,XGBoost
701966,CATETER TROCAR RECTO 36FR,DISPOSITIVOS MEDICO,2022-07,1,0.15,0.0,0.0,0.15,XGBoost
701977,VENDA YESO 4X5  ,DISPOSITIVOS MEDICO,2022-07,1,0.17,0.0,0.0,0.17,XGBoost
701978,VENDA YESO 5X5    ,DISPOSITIVOS MEDICO,2022-07,1,0.18,0.0,0.67,0.67,Media móvil
701979,VENDA YESO 6X5 ,DISPOSITIVOS MEDICO,2022-07,1,0.13,0.0,0.0,0.13,XGBoost
701996,SUNITINIB 50 MG CAPSULA,MEDICAMENTOS,2022-07,1,0.0,25.48,7.67,7.67,Media móvil
702017,SONDA ENTERAL 6FR (ALIMENTACION)  ,DISPOSITIVOS MEDICO,2022-07,1,0.14,0.0,0.0,0.0,Media móvil
702019,SONDA ENTERAL 12FR X 43 (ALIMENTACION)   ,DISPOSITIVOS MEDICO,2022-07,1,60.42,53.79,71.67,71.67,Media móvil
702020,SONDA FOLEY 2 VÍAS 16FRX5CM    ,DISPOSITIVOS MEDICO,2022-07,1,0.06,29.01,8.67,8.67,Media móvil
702021,SONDA FOLEY 2 VIAS 16FRX30CM   ,DISPOSITIVOS MEDICO,2022-07,1,17.87,1.43,16.0,17.87,XGBoost
702022,SONDA FOLEY 2 VÍAS 18FRX5CM ,DISPOSITIVOS MEDICO,2022-07,1,4.33,29.18,9.0,9.0,Media móvil
702023,SONDA FOLEY 2 VÍAS 18FRX30CM    ,DISPOSITIVOS MEDICO,2022-07,1,4.08,3.21,17.33,17.33,Media móvil
702024,SONDA FOLEY 2 VIAS 14FRX5CM,DISPOSITIVOS MEDICO,2022-07,1,1.14,1.53,2.0,1.14,XGBoost
702025,SONDA FOLEY 2 VÍAS 12FRX5CM,DISPOSITIVOS MEDICO,2022-07,1,0.09,0.0,0.67,0.67,Media móvil
702028,SONDA FOLEY 2 VÍAS 24FRX5CM    ,DISPOSITIVOS MEDICO,2022-07,1,0.09,0.0,0.0,0.0,Regresión Lineal
702029,SONDA FOLEY 2 VÍAS 24FRX5CM-30CM    ,DISPOSITIVOS MEDICO,2022-07,1,0.24,0.41,1.0,1.0,Media móvil
702031,SONDA FOLEY 2 VÍAS 22FRX30CM    ,DISPOSITIVOS MEDICO,2022-07,1,0.51,3.91,3.0,3.0,Media móvil
702032,SONDA FOLEY 2 VÍAS 20FRX15CM    ,DISPOSITIVOS MEDICO,2022-07,1,0.82,12.33,4.0,4.0,Media móvil
702033,SONDA FOLEY 2 VÍAS 20FRX30CM   ,DISPOSITIVOS MEDICO,2022-07,1,0.76,0.0,2.33,2.33,Media móvil
702035,SONDA FOLEY 3 VÍAS 20FRX30CM       ,DISPOSITIVOS MEDICO,2022-07,1,0.67,0.0,1.0,1.0,Media móvil
702037,SONDA FOLEY 3 VÍAS 22FRX30CM     ,DISPOSITIVOS MEDICO,2022-07,1,0.69,0.0,1.0,1.0,Media móvil
702039,SONDA FOLEY 3 VÍAS 24FRX30CM    ,DISPOSITIVOS MEDICO,2022-07,1,0.0,0.0,2.0,2.0,Media móvil
702040,SONDA NASOGASTRICA # 6 ,DISPOSITIVOS MEDICO,2022-07,1,0.72,0.0,0.0,0.72,XGBoost
702041,SONDA NASOGASTRICA # 8,DISPOSITIVOS MEDICO,2022-07,1,0.4,0.27,1.67,1.67,Media móvil
702043,SONDA NASOGASTRICA # 12,DISPOSITIVOS MEDICO,2022-07,1,0.28,0.0,0.0,0.0,Regresión Lineal
702044,SONDA NASOGASTRICA # 14,DISPOSITIVOS MEDICO,2022-07,1,3.1,3.48,4.33,3.1,XGBoost
702045,SONDA NASOGASTRICA # 16   ,DISPOSITIVOS MEDICO,2022-07,1,22.13,10.49,14.33,22.13,XGBoost
702046,SONDA NASOGASTRICA # 18 ,DISPOSITIVOS MEDICO,2022-07,1,5.79,4.35,7.67,5.79,XGBoost
702047,SONDA NASOGASTRICA # 20,DISPOSITIVOS MEDICO,2022-07,1,1.14,0.0,0.33,0.33,Media móvil
702050,SONDA NELATON # 6 ,DISPOSITIVOS MEDICO,2022-07,1,165.99,176.37,203.33,165.99,XGBoost
702051,SONDA NELATON # 8,DISPOSITIVOS MEDICO,2022-07,1,73.05,75.06,64.33,73.05,XGBoost
702052,SONDA NELATON # 10   ,DISPOSITIVOS MEDICO,2022-07,1,26.7,25.78,27.33,26.7,XGBoost
702054,SONDA NELATON # 12 ,DISPOSITIVOS MEDICO,2022-07,1,46.56,74.04,40.0,74.04,Regresión Lineal
702055,SONDA NELATON # 14   ,DISPOSITIVOS MEDICO,2022-07,1,81.36,80.12,91.33,80.12,Regresión Lineal
702056,SONDA NELATON # 16 ,DISPOSITIVOS MEDICO,2022-07,1,5.42,17.83,11.0,17.83,Regresión Lineal
702057,SONDA NELATON # 18,DISPOSITIVOS MEDICO,2022-07,1,1.14,17.95,6.67,6.67,Media móvil
702058,SONDA NELATON # 20 ,DISPOSITIVOS MEDICO,2022-07,1,1.73,0.0,0.33,0.33,Media móvil
702060,S/SUCCION  6 1129,DISPOSITIVOS MEDICO,2022-07,1,12.41,18.24,26.0,26.0,Media móvil
702061,SONDA SUCCION # 8   ,DISPOSITIVOS MEDICO,2022-07,1,19.67,23.82,41.33,23.82,Regresión Lineal
702062,S/SUCCION 10  ,DISPOSITIVOS MEDICO,2022-07,1,1.02,0.0,0.67,1.02,XGBoost
702063,SONDA SUCCION # 12,DISPOSITIVOS MEDICO,2022-07,1,31.96,17.34,23.0,31.96,XGBoost
702064,SONDA SUCCION # 14  ,DISPOSITIVOS MEDICO,2022-07,1,1149.47,1083.88,1282.0,1282.0,Media móvil
702065,SONDA SUCCION # 16,DISPOSITIVOS MEDICO,2022-07,1,397.59,387.59,386.67,397.59,XGBoost
702069,S/TRACH-CARE 6FR S/CERRADO -196-4,DISPOSITIVOS MEDICO,2022-07,1,4.4,4.86,7.67,4.4,XGBoost
702070,S/TRACH-CARE 8FR S/CERRADO- 198-4,DISPOSITIVOS MEDICO,2022-07,1,4.56,1.86,5.67,4.56,XGBoost
702074,S/TRACH-CARE 14FR S/CERRADO/LARGA 22106,DISPOSITIVOS MEDICO,2022-07,1,89.38,47.01,69.67,89.38,XGBoost
702075,S/TRACH-CARE 16FR S/CERRADO/22606,DISPOSITIVOS MEDICO,2022-07,1,50.91,60.17,78.33,78.33,Media móvil
702077,BRAZALETE NEO/1,DISPOSITIVOS MEDICO,2022-07,1,0.76,0.0,1.33,0.76,XGBoost
702078,BRAZALETE NEO/2,DISPOSITIVOS MEDICO,2022-07,1,4.91,2.34,6.67,4.91,XGBoost
702079,BRAZALETE NEO/3,DISPOSITIVOS MEDICO,2022-07,1,20.73,17.1,16.0,20.73,XGBoost
702080,BRAZALETE NEO/4,DISPOSITIVOS MEDICO,2022-07,1,6.86,3.9,5.0,5.0,Media móvil
702085,CANULA NASAL OXIGENO NEONATAL,DISPOSITIVOS MEDICO,2022-07,1,2.35,0.0,1.0,2.35,XGBoost
702088,CANULA NASAL OXIGENO PEDIATRICA,DISPOSITIVOS MEDICO,2022-07,1,1.53,0.0,1.0,1.0,Media móvil
702089,CATETER UMBILICAL 3.5 FR,DISPOSITIVOS MEDICO,2022-07,1,5.89,1.63,8.0,5.89,XGBoost
702090,CATETER UMBILICAL 5.0FR,DISPOSITIVOS MEDICO,2022-07,1,10.53,2.51,9.33,10.53,XGBoost
702145,AGUJA 18X1.5,DISPOSITIVOS MEDICO,2022-07,1,3947.45,4417.87,4188.33,4188.33,Media móvil
702148,AGUJA 21GA X1 ,DISPOSITIVOS MEDICO,2022-07,1,0.29,1.66,1.0,1.66,Regresión Lineal
702151,AGUJA 23X1,DISPOSITIVOS MEDICO,2022-07,1,1.33,5.26,6.0,6.0,Media móvil
702153,AGUJA 25GA X1,DISPOSITIVOS MEDICO,2022-07,1,0.11,0.0,0.67,0.67,Media móvil
702154,AGUJA 26GA X1/2 0,DISPOSITIVOS MEDICO,2022-07,1,1.26,1.05,6.0,6.0,Media móvil
702197,CATETER V/CT 16GX20CM/CV-04301-01CV50016,DISPOSITIVOS MEDICO,2022-07,1,1.19,0.0,0.33,0.33,Media móvil
702204,INTRODUCTOR 7.0FR/SI-09700 ARROW,DISPOSITIVOS MEDICO,2022-07,1,0.87,0.38,1.33,1.33,Media móvil
702207,JELCO 14G X 2-1/4 ,DISPOSITIVOS MEDICO,2022-07,1,0.3,0.0,0.0,0.0,Media móvil
702208,JELCO 16G X 2-1/4 LARGO,DISPOSITIVOS MEDICO,2022-07,1,0.64,0.0,1.67,1.67,Media móvil
702209,JELCO 18G X 1-1/4 ,DISPOSITIVOS MEDICO,2022-07,1,395.77,355.81,392.67,392.67,Media móvil
702210,JELCO 20G X 1-1/4,DISPOSITIVOS MEDICO,2022-07,1,692.1,896.75,736.33,896.75,Regresión Lineal
702211,CATETER INTRAVENOSO 22G X 1 ,DISPOSITIVOS MEDICO,2022-07,1,1489.16,1464.72,1444.0,1444.0,Media móvil
702212,JELCO 24G X 3/4,DISPOSITIVOS MEDICO,2022-07,1,177.07,169.85,194.0,177.07,XGBoost
702216,CATETER EPICUTANEO CAVA 24 G 2FR REF 218400,DISPOSITIVOS MEDICO,2022-07,1,9.39,7.13,7.33,7.33,Media móvil
702222,PERICRANEAL 23     ,DISPOSITIVOS MEDICO,2022-07,1,231.76,211.35,218.0,231.76,XGBoost
702226,PERIFIX 18GA C/A 4514017 ,DISPOSITIVOS MEDICO,2022-07,1,0.0,0.0,0.67,0.67,Media móvil
702228,SPINOCAN 18G 3/2   ,DISPOSITIVOS MEDICO,2022-07,1,3.43,1.21,4.0,3.43,XGBoost
702229,SPINOCAN 20G X31/2 ,DISPOSITIVOS MEDICO,2022-07,1,4.43,4.43,7.0,4.43,XGBoost
702230,SPINOCAN 22G X31/2  ,DISPOSITIVOS MEDICO,2022-07,1,1.99,3.05,4.67,4.67,Media móvil
702231,SPINOCAN 25X3.1/2,DISPOSITIVOS MEDICO,2022-07,1,0.32,0.0,0.0,0.0,Media móvil
702233,SPINOCAN 27G ,DISPOSITIVOS MEDICO,2022-07,1,0.12,0.0,0.0,0.0,Media móvil
702235,AGUJA SURECAN GRIPPER PLUS SEGURIDAD 20 GA  X19 MM REF-0821276724,DISPOSITIVOS MEDICO,2022-07,1,0.16,0.0,0.0,0.16,XGBoost
702240,GUANTE ESTERIL 6.5 (PAR),DISPOSITIVOS MEDICO,2022-07,1,123.87,34.37,127.33,127.33,Media móvil
702241,GUANTE ESTERIL 7.0 (PAR),DISPOSITIVOS MEDICO,2022-07,1,470.95,140.4,506.33,506.33,Media móvil
702242,GUANTE ESTERIL 7.5 (PAR),DISPOSITIVOS MEDICO,2022-07,1,515.9,171.76,588.67,588.67,Media móvil
702243,GUANTE ESTERIL 8.0 (PAR),DISPOSITIVOS MEDICO,2022-07,1,1.59,2.2,13.0,13.0,Media móvil
702249,BISTURI # 11 ,DISPOSITIVOS MEDICO,2022-07,1,138.52,98.64,132.67,98.64,Regresión Lineal
702251,BISTURI # 15 ,DISPOSITIVOS MEDICO,2022-07,1,8.1,12.8,9.67,9.67,Media móvil
702256,HEMINA 350 MG PANHEMATIN,MEDICAMENTOS,2022-07,1,0.25,0.0,0.0,0.0,Media móvil
702257,JERINGA 3ML,DISPOSITIVOS MEDICO,2022-07,1,3904.13,4660.33,4213.67,4660.33,Regresión Lineal
702258,JERINGA 5ML,DISPOSITIVOS MEDICO,2022-07,1,6997.42,7098.36,6982.67,7098.36,Regresión Lineal
702259,JERINGA 10ML ,DISPOSITIVOS MEDICO,2022-07,1,9949.43,14074.3,13456.67,14074.3,Regresión Lineal
702261,JERINGA 50ML ROSCA,DISPOSITIVOS MEDICO,2022-07,1,149.93,78.56,117.67,149.93,XGBoost
702262,JERINGA 50ML PUNTA CATETER,DISPOSITIVOS MEDICO,2022-07,1,110.37,83.63,106.0,83.63,Regresión Lineal
702263,JERINGA 1ML INSULINA,DISPOSITIVOS MEDICO,2022-07,1,2970.96,2736.02,2761.0,2761.0,Media móvil
702264,JERINGA DE GASES (JERINGA HEPARINIZADA),DISPOSITIVOS MEDICO,2022-07,1,1517.32,1397.76,1472.33,1472.33,Media móvil
702298,BARRERA STOMAHESIVE 38 MM ,DISPOSITIVOS MEDICO,2022-07,1,0.31,0.0,0.33,0.33,Media móvil
702302,BARRERA STOMAHESIVE 57 - 60 MM ,DISPOSITIVOS MEDICO,2022-07,1,13.34,16.4,16.67,16.67,Media móvil
702303,BARRERA STOMAHESIVE 70MM ,DISPOSITIVOS MEDICO,2022-07,1,6.12,18.18,15.67,15.67,Media móvil
702307,BARRERA STOMAHESIVE 32MM NINOS ,DISPOSITIVOS MEDICO,2022-07,1,0.47,0.46,0.67,0.47,XGBoost
702310,BARRERA STOMAHESIVE 20MMX20MM LISA ,DISPOSITIVOS MEDICO,2022-07,1,15.04,10.33,16.33,15.04,XGBoost
702321,BOLSA OSTOMIA 32MM NINOS ,DISPOSITIVOS MEDICO,2022-07,1,0.41,0.0,0.0,0.41,XGBoost
702323,BOLSA OSTOMIA OP/57 - 60 MM ,DISPOSITIVOS MEDICO,2022-07,1,15.05,23.89,17.0,15.05,XGBoost
702324,BOLSA OSTOMIA OP /70MM ,DISPOSITIVOS MEDICO,2022-07,1,5.65,15.31,15.0,15.0,Media móvil
702326,BOLSA OSTOMIA  OP45MM ,DISPOSITIVOS MEDICO,2022-07,1,0.6,0.59,1.67,1.67,Media móvil
702358,CYSTOFLOW 2000 ML ADULTO,DISPOSITIVOS MEDICO,2022-07,1,85.03,81.6,73.33,81.6,Regresión Lineal
702368,LLAVE DE 3 VIAS,DISPOSITIVOS MEDICO,2022-07,1,281.32,221.79,250.67,281.32,XGBoost
702377,BURETROL,DISPOSITIVOS MEDICO,2022-07,1,975.29,1358.34,905.33,1358.34,Regresión Lineal
702381,EQUIPO MACROGOTEO S/A (SOLO CX E IMAGENES),DISPOSITIVOS MEDICO,2022-07,1,256.38,327.08,246.33,327.08,Regresión Lineal
702382,EXTENSION DE ANESTESIA ADULTO ,DISPOSITIVOS MEDICO,2022-07,1,1155.91,1314.09,1168.67,1314.09,Regresión Lineal
702383,EXTENSION DE ANESTESIA PEDIATRICO,DISPOSITIVOS MEDICO,2022-07,1,176.21,96.77,148.33,148.33,Media móvil
702417,HUMIDIFICADOR 3PSI,DISPOSITIVOS MEDICO,2022-07,1,34.97,38.13,44.0,34.97,XGBoost
702435,NARIZ DE CAMELLO ADULTO,MEDICAMENTOS,2022-07,1,217.55,150.74,218.0,217.55,XGBoost
702437,NIPLE CONECTOR MAG 02 HUDSON ,DISPOSITIVOS MEDICO,2022-07,1,1.03,0.0,1.0,1.03,XGBoost
702445,BUPRENORFINA PARCHE TRANSDERMICO 20MG ,CONTROLADOS,2022-07,1,0.38,0.0,0.0,0.0,Media móvil
702452,STOMAHESIVE PASTA TBX2 ONZ.,DISPOSITIVOS MEDICO,2022-07,1,16.01,13.43,16.67,16.01,XGBoost
702460,PINZA P/BOLSA DE OSTOMIA ,DISPOSITIVOS MEDICO,2022-07,1,8.73,8.93,10.67,10.67,Media móvil
702473,FENOBARBITAL SOLUCIÓN INYECTABLE 40 MG/1ML ,CONTROLADOS,2022-07,1,5.74,44.53,21.0,21.0,Media móvil
702484,KIT MICRONEBULIZADOR ADULTO,DISPOSITIVOS MEDICO,2022-07,1,4.45,4.47,4.33,4.45,XGBoost
702486,STOMAHESIVE POLVO X 1 ONZA,DISPOSITIVOS MEDICO,2022-07,1,8.96,3.4,8.33,8.96,XGBoost
702487,TAPON HEPARINIZADO,DISPOSITIVOS MEDICO,2022-07,1,409.85,451.56,425.67,409.85,XGBoost
702490,TAPON HEPARINA ROJO,DISPOSITIVOS MEDICO,2022-07,1,231.65,260.93,242.0,242.0,Media móvil
702531,EXTENSION DE MONITOREO MACHO MACHO,MEDICAMENTOS,2022-07,1,14.08,6.65,5.67,5.67,Media móvil
702558,TIOPENTAL POLVO LIOFILIZADO 1G ,MEDICAMENTOS,2022-07,1,4.29,0.0,0.0,4.29,XGBoost
702585,CANULA NASAL OXIGENO ADULTO,DISPOSITIVOS MEDICO,2022-07,1,165.47,158.03,157.67,165.47,XGBoost
702609,CANULA GUEDEL 3 (ISO 9.0),DISPOSITIVOS MEDICO,2022-07,1,0.4,2.51,10.0,10.0,Media móvil
702619,CANULA GUEDEL 2 (ISO 8.0),DISPOSITIVOS MEDICO,2022-07,1,0.21,0.0,0.0,0.0,Regresión Lineal
702620,INCENTIVO RESPIRATORIO HUDSON,DISPOSITIVOS MEDICO,2022-07,1,0.1,0.0,0.0,0.0,Regresión Lineal
702626,LINER FLEX 1500CC TAPA AZUL - GEL SOLIDIFICANTE,DISPOSITIVOS MEDICO,2022-07,1,86.32,72.4,88.67,86.32,XGBoost
702627,LINER FLEX 1000CC TAPA AZUL-GEL SOLIDIFICANTE,DISPOSITIVOS MEDICO,2022-07,1,80.81,73.74,79.67,80.81,XGBoost
702635,MASCARA C/RESERVORIO ADULTO,DISPOSITIVOS MEDICO,2022-07,1,10.34,4.54,11.0,10.34,XGBoost
702636,MASCARA NO REINHALACION C/RESERVORIO  PEDIATRICA,DISPOSITIVOS MEDICO,2022-07,1,0.11,0.0,0.33,0.33,Media móvil
702641,MASCARA VENTURY ADULTO,DISPOSITIVOS MEDICO,2022-07,1,48.84,49.15,54.0,48.84,XGBoost
702642,CANULA YANKAWER DESECHABLE ,DISPOSITIVOS MEDICO,2022-07,1,0.24,0.0,0.0,0.24,XGBoost
702673,RECOLECTOR/ORINA PED/BLX40  ,DISPOSITIVOS MEDICO,2022-07,1,105.84,134.15,83.33,105.84,XGBoost
702694,TUBO ENDOTRAQUEAL 8.5 C/BL,DISPOSITIVOS MEDICO,2022-07,1,0.29,0.0,1.0,1.0,Media móvil
702695,TUBO ENDOTRAQUEAL 8.0 C/BL,DISPOSITIVOS MEDICO,2022-07,1,12.78,11.14,12.33,12.78,XGBoost
702696,TUBO ENDOTRAQUEAL 7.5 C/BL,DISPOSITIVOS MEDICO,2022-07,1,18.17,20.07,20.67,18.17,XGBoost
702697,TUBO ENDOTRAQUEAL 7.0 C/BL ,DISPOSITIVOS MEDICO,2022-07,1,2.91,0.14,1.33,2.91,XGBoost
702698,TUBO ENDOTRAQUEAL 6.5 C/BL,DISPOSITIVOS MEDICO,2022-07,1,0.24,0.0,0.67,0.67,Media móvil
702703,TUBO ENDOTRAQUEAL 4.0 S/BL,DISPOSITIVOS MEDICO,2022-07,1,2.09,0.23,2.67,2.67,Media móvil
702704,TUBO ENDOTRAQUEAL 3.5 S/BL    ,DISPOSITIVOS MEDICO,2022-07,1,4.22,0.0,1.33,4.22,XGBoost
702705,TUBO ENDOTRAQUEAL 3.0 S/BL,DISPOSITIVOS MEDICO,2022-07,1,1.58,3.86,3.67,3.67,Media móvil
702706,TUBO ENDOTRAQUEAL 2.5 S/BL ,DISPOSITIVOS MEDICO,2022-07,1,0.54,0.0,0.33,0.54,XGBoost
702707,TUBO ENDOTRAQUEAL 2.0 S/BL,DISPOSITIVOS MEDICO,2022-07,1,0.18,0.0,0.0,0.0,Media móvil
702713,TUBO ENDOTRAQUEAL 5.5 C/BL,DISPOSITIVOS MEDICO,2022-07,1,0.0,0.0,0.67,0.67,Media móvil
702715,"ENOXAPARINA 40MG/0,4ML SOL. INYECTABLE ",MEDICAMENTOS,2022-07,1,2173.66,2206.93,2278.33,2278.33,Media móvil
702869,MASCARA P/TRAQUEOSTOMIA ADULTO - 1075,DISPOSITIVOS MEDICO,2022-07,1,6.64,7.56,9.0,9.0,Media móvil
703178,CLORURO DE SODIO 9% SOL. INYECTABLE x 250ML,MEDICAMENTOS,2022-07,1,1101.61,1090.24,1062.0,1062.0,Media móvil
703179,HARTMAN SOLUCION INYECTABLE 500 ML,MEDICAMENTOS,2022-07,1,639.0,1017.02,770.0,1017.02,Regresión Lineal
703180,CLORURO DE SODIO 9% SOL. INYECTABLE x 500ML,MEDICAMENTOS,2022-07,1,2301.39,2359.26,2448.0,2448.0,Media móvil
703187,CANISTER 1100ML,DISPOSITIVOS MEDICO,2022-07,1,18.65,14.53,10.67,14.53,Regresión Lineal
703366,URGOTUL AG 10X12CM,DISPOSITIVOS MEDICO,2022-07,1,0.0,0.0,0.33,0.33,Media móvil
703609,BRAZALETE NEO/5,DISPOSITIVOS MEDICO,2022-07,1,0.18,0.0,0.33,0.33,Media móvil
703645,NIFEDIPINO CÁPSULA 30MG,MEDICAMENTOS,2022-07,1,1619.85,1072.79,1532.0,1619.85,XGBoost
703652,URSODEOXICOLICO ACIDO TABLETA 300MG,MEDICAMENTOS,2022-07,1,2.11,51.81,20.33,20.33,Media móvil
703654,OXIDO DE ZINC  5G/CALAMINA 5G /CREMA TÓPICA 5%/60G,MEDICAMENTOS,2022-07,1,2.72,11.29,8.67,11.29,Regresión Lineal
703665,KIT MICRONEBULIZADOR PEDIATRICO,DISPOSITIVOS MEDICO,2022-07,1,2.52,1.5,2.67,2.52,XGBoost
703668,VALPROICO ÁCIDO 500MG/5 ML SOL. INYECTABLE,MEDICAMENTOS,2022-07,1,158.19,186.37,239.67,239.67,Media móvil
703672,ASCORBICO ACIDO 500MG TABLETA  (VITAMINA C),MEDICAMENTOS,2022-07,1,777.72,851.78,953.0,953.0,Media móvil
703686,CARBONATO DE LITIO 300MG TABLETA ,MEDICAMENTOS,2022-07,1,0.15,0.0,0.0,0.15,XGBoost
703694,DOMPERIDONA 10MG TABLETA ,MEDICAMENTOS,2022-07,1,0.09,0.0,0.0,0.0,Media móvil
703708,REMIFENTANIL POLVO LIOFILIZADO 2MG ,CONTROLADOS,2022-07,1,0.05,0.0,0.33,0.33,Media móvil
703723,CLORURO DE SODIO 9% SOL. INYECTABLE x 100ML,MEDICAMENTOS,2022-07,1,7770.69,5299.79,6814.0,7770.69,XGBoost
703730,S/TRACH-CARE 14FR/ 4445P02514  CORTA ,DISPOSITIVOS MEDICO,2022-07,1,29.66,11.4,29.33,29.66,XGBoost
703735,CLORURO DE SODIO 9% SOL. INYECTABLE x 1000ML,MEDICAMENTOS,2022-07,1,1156.3,929.53,1057.0,1057.0,Media móvil
703754,MORFINA 10MG/1ML SOL. INYECTABLE,CONTROLADOS,2022-07,1,177.63,266.67,181.33,266.67,Regresión Lineal
703755,MORFINA SOLUCION ORAL 30MG/ML x 30ML,CONTROLADOS,2022-07,1,0.28,0.0,0.0,0.0,Regresión Lineal
703775,HARTMAN SOLUCION INYECTABLE 1000 ML,MEDICAMENTOS,2022-07,1,1580.43,2072.06,1642.67,2072.06,Regresión Lineal
703782,HIDROMORFONA 2MG/1ML SOL. INYECTABLE,MEDICAMENTOS,2022-07,1,167.62,188.53,212.33,167.62,XGBoost
703789,RISPERIDONA 1 MG TABLETA ,MEDICAMENTOS,2022-07,1,30.93,37.23,26.67,26.67,Media móvil
704102,HIERRO SACAROSA SOL. INYECTABLE 100MG/5ML,MEDICAMENTOS,2022-07,1,30.81,45.24,43.33,30.81,XGBoost
704205,"METOTREXATE TABLETA 2,5MG",MEDICAMENTOS,2022-07,1,4.14,29.18,9.0,29.18,Regresión Lineal
704252,CASPOFUNGINA 50MG POLVO LIOFILIZADO ,MEDICAMENTOS,2022-07,1,21.6,45.41,44.33,44.33,Media móvil
704256,CLORURO DE SODIO 9% SOL. INYECTABLE x 50ML,MEDICAMENTOS,2022-07,1,863.96,830.71,962.67,962.67,Media móvil
704292,FOSFOMICINA GRANULOS PARA SUSPENCIÓN ORAL 3G,MEDICAMENTOS,2022-07,1,0.52,0.0,1.67,1.67,Media móvil
704298,CONDON  S/LUBRICAR X 3 ,DISPOSITIVOS MEDICO,2022-07,1,1.33,3.59,3.0,3.0,Media móvil
704308,ALGODON LAMINADO 3X5 ,DISPOSITIVOS MEDICO,2022-07,1,0.35,0.46,0.67,0.46,Regresión Lineal
704336,CIPROFLOXACINO SOLUCIÓN OFTÁLMICA 0.3% x 10 ML ,MEDICAMENTOS,2022-07,1,0.12,0.0,0.33,0.33,Media móvil
704346,ACICLOVIR UNGÜENTO TOPICO 5% x 15 GRAMOS,MEDICAMENTOS,2022-07,1,0.48,0.0,0.33,0.48,XGBoost
704381,BOLSA OSTOMIA OP/38MM ,DISPOSITIVOS MEDICO,2022-07,1,0.28,0.0,0.33,0.33,Media móvil
704417,"EPOPROSTENOL TERMOESTABLE 1.5 MG POLVO LIOFILIZADO 1,5MG",MEDICAMENTOS,2022-07,1,0.32,0.0,0.0,0.0,Media móvil
704444,"PULMOCARE SOLUCIÓN ORAL 1,5KCAL/1ML (355,5KCAL/237ML)) ALIMENTO PARA PROPÓSITO",NUTRICION,2022-07,1,247.16,387.31,426.67,426.67,Media móvil
705183,AGUJA BIOPSIA MEDULA OSEA  DBMNJ1104TL RP-M,DISPOSITIVOS MEDICO,2022-07,1,3.63,0.02,1.67,1.67,Media móvil
705294,ELECTRODO BIPOLAR  6FRX110X10 AI-06210,MEDICAMENTOS,2022-07,1,0.89,0.0,1.0,1.0,Media móvil
705297,PIRIDOXINA CÁPSULA 50MG (VITAMINA B6),MEDICAMENTOS,2022-07,1,83.31,70.57,101.0,70.57,Regresión Lineal
705353,FLUCONAZOL 50 MG/5ML SUSPENSION ,MEDICAMENTOS,2022-07,1,1.07,0.97,3.0,3.0,Media móvil
705431,CATETER SWAN GANZ 5L 831HF75P,DISPOSITIVOS MEDICO,2022-07,1,0.54,1.59,1.33,1.33,Media móvil
705488,PROPANOLOL TABLETA 40MG,MEDICAMENTOS,2022-07,1,138.48,117.88,114.33,117.88,Regresión Lineal
705498,MULTIVITAMINAS Y MINERALES CON LUTEINA TABLETA -,MEDICAMENTOS,2022-07,1,0.0,33.81,10.0,10.0,Media móvil
705505,GASA ESTERIL 7.5 X 7.5 ,DISPOSITIVOS MEDICO,2022-07,1,0.02,0.0,0.0,0.02,XGBoost
705561,PREGABALINA CAPSULA 25MG,MEDICAMENTOS,2022-07,1,1.15,0.0,0.0,0.0,Media móvil
705570,AMBRISENTAN 10 MG TABLETA,MEDICAMENTOS,2022-07,1,0.45,1.43,5.67,5.67,Media móvil
705579,COLAGENASA UNGUENTO 40 G ,MEDICAMENTOS,2022-07,1,0.15,0.0,0.0,0.0,Media móvil
705632,SALBUTAMOL SUSP. PARA INHALACIÓN 100MCG//1PUFF/200PUFF,MEDICAMENTOS,2022-07,1,42.3,26.54,19.33,19.33,Media móvil
705740,MOXIFLOXACINO SOLUCION INFUSION FCO. 400 MG/250 ML  (AVELOX ),MEDICAMENTOS,2022-07,1,0.24,0.0,0.0,0.0,Media móvil
705846,MEDROXIPROGESTERONA TABLETA 5MG,MEDICAMENTOS,2022-07,1,0.42,0.0,0.33,0.33,Media móvil
705888,IOBAN REF/6650    ,DISPOSITIVOS MEDICO,2022-07,1,0.16,0.0,0.67,0.67,Media móvil
705891,PARCHE OCULAR AD,DISPOSITIVOS MEDICO,2022-07,1,0.05,0.0,0.33,0.33,Media móvil
705958,MEMANTINA TABLETA 10MG,MEDICAMENTOS,2022-07,1,0.33,0.0,0.0,0.33,XGBoost
705961,MESALAZINA TABLETA 500MG,MEDICAMENTOS,2022-07,1,4.08,9.11,8.67,8.67,Media móvil
706053,ALTEPLASA 50 MG POLVO LIOFILIZADO 50MG,MEDICAMENTOS,2022-07,1,0.35,0.0,0.67,0.35,XGBoost
706122,"FONDAPARINA 2,5MG/0,5ML SOL. INYECTABLE ",MEDICAMENTOS,2022-07,1,0.65,0.0,0.0,0.65,XGBoost
706123,CATETER GASTROSTOMIA FLOW-20PUSH/ COOK,DISPOSITIVOS MEDICO,2022-07,1,8.56,9.74,9.33,9.33,Media móvil
706175,CATETER YUGULAR CURVO (MAHURKAR CURVO) 5FR,DISPOSITIVOS MEDICO,2022-07,1,9.5,7.51,12.67,12.67,Media móvil
706196,"BUDESONIDA/FORMOTEROL POLVO PARA INHALACIÓN 160MCG/4,5MCG/1PUFF x 120PUFF",MEDICAMENTOS,2022-07,1,0.39,0.0,0.33,0.33,Media móvil
706261,GELATINA FLUIDA MODIFICADA EN SOLUCIÓN IÓNICA SOLUCIÓN INYECTABLE 20G/500ML,MEDICAMENTOS,2022-07,1,0.2,0.0,0.0,0.0,Media móvil
706577,APLICADOR NITRATO DE PLATA,DISPOSITIVOS MEDICO,2022-07,1,0.03,0.0,0.0,0.03,XGBoost
706670,ACICLOVIR TABLETA 800MG,MEDICAMENTOS,2022-07,1,0.2,221.06,70.33,70.33,Media móvil
706682,QUETIAPINA TABLETA 100MG,MEDICAMENTOS,2022-07,1,10.63,8.5,48.33,48.33,Media móvil
706722,CALCIO CARBONATO/VITAMINA D TABLETA 600MG/125UI,MEDICAMENTOS,2022-07,1,8.7,90.54,26.67,90.54,Regresión Lineal
707118,AZITROMICINA TABLETA 500MG,MEDICAMENTOS,2022-07,1,1.52,23.58,34.0,34.0,Media móvil
707121,CIPROFLOXACINO 500MG TABLETA,MEDICAMENTOS,2022-07,1,29.38,90.89,45.67,29.38,XGBoost
707126,ACETAMINOFEN JARABE 150 MG/5 ML FRASCO x 60 ML,MEDICAMENTOS,2022-07,1,0.91,0.0,1.33,0.91,XGBoost
707137,LORATADINA JARABE 1MG/1ML (100MG/100ML),MEDICAMENTOS,2022-07,1,0.18,0.0,0.67,0.67,Media móvil
707251,SILDENAFIL TABLETA 50MG,MEDICAMENTOS,2022-07,1,3.55,9.07,15.0,15.0,Media móvil
707258,TRANSDUCTOR PLASTICO,DISPOSITIVOS MEDICO,2022-07,1,197.92,168.73,212.0,197.92,XGBoost
707300,SURFACTANTE PULMONAR PORCINO SUSPENSIÓN INYECTABLE 240MG/3ML,MEDICAMENTOS,2022-07,1,0.51,0.0,0.67,0.51,XGBoost
707547,AGUJA COAXIAL MCXS 14X10,DISPOSITIVOS MEDICO,2022-07,1,0.09,0.0,0.0,0.0,Media móvil
707596,ONDANSETRON SOL. INYECTABLE 4MG/2ML,MEDICAMENTOS,2022-07,1,181.11,9.81,51.67,181.11,XGBoost
707597,ONDANSETRON SOL. INYECTABLE 8MG/4ML,MEDICAMENTOS,2022-07,1,297.78,337.52,382.0,382.0,Media móvil
707610,COLECALCIFEROL 25.000 UI,MEDICAMENTOS,2022-07,1,0.25,0.0,0.0,0.0,Media móvil
707621,CEFTOLOZANO/TAZOBACTAM 1.5G (1+0.5G) POLVO PARA RECONSTITUCION,MEDICAMENTOS,2022-07,1,1.41,0.0,0.0,1.41,XGBoost
707755,METOPROLOL SUCCINATO TABLETA 50MG,MEDICAMENTOS,2022-07,1,84.42,156.19,123.67,84.42,XGBoost
707781,DREN BALKE 19FR REDONDO S/U REF 2232,DISPOSITIVOS MEDICO,2022-07,1,0.08,0.0,0.0,0.08,XGBoost
707878,CATETER PREMICATH 28GX1FRX20CM    ,DISPOSITIVOS MEDICO,2022-07,1,1.23,0.0,2.0,1.23,XGBoost
708178,AGUJA P/ASPIRACION DE MEDULA OSEA DBMNI 1501 RP.M,DISPOSITIVOS MEDICO,2022-07,1,3.93,3.11,4.0,4.0,Media móvil
708344,JERINGA  5ML LIBRE DE LATEX,DISPOSITIVOS MEDICO,2022-07,1,6880.97,7098.36,6982.67,7098.36,Regresión Lineal
708346,JERINGA 20ML ,DISPOSITIVOS MEDICO,2022-07,1,640.04,539.32,685.33,640.04,XGBoost
708363,CIANOCOBALAMINA 1MG/1ML (VITAMINA B12) SOL. INYECTABLE,MEDICAMENTOS,2022-07,1,21.94,34.85,36.33,21.94,XGBoost
708677,DOMPERIDONA 1MG/1ML SUSPENSION,MEDICAMENTOS,2022-07,1,4.19,0.0,0.67,4.19,XGBoost
708756,CATETER RECTO COAXIAL 2L 11FR X 20CM (MAHURKAR RECTO),DISPOSITIVOS MEDICO,2022-07,1,10.6,6.6,11.67,10.6,XGBoost
708771,HARTMAN SOLUCION INYECTABLE 3000 ML,MEDICAMENTOS,2022-07,1,0.0,6.42,2.33,2.33,Media móvil
708786,SENSOR NEONATAL PULSOXIMETRO,DISPOSITIVOS MEDICO,2022-07,1,29.63,30.85,34.0,29.63,XGBoost
708833,QUETIAPINA TABLETA 25MG,MEDICAMENTOS,2022-07,1,225.99,108.18,264.33,264.33,Media móvil
708836,TOPIRAMATO TABLETA 100MG,MEDICAMENTOS,2022-07,1,0.46,0.0,0.0,0.0,Media móvil
708852,TRAMPA DE LUKEN    ,DISPOSITIVOS MEDICO,2022-07,1,89.44,73.29,119.67,89.44,XGBoost
708883,AQUACEL AG+ APOSITO 20 X 30 ,DISPOSITIVOS MEDICO,2022-07,1,2.95,2.17,3.67,2.95,XGBoost
708919,ZIDOVUDINA SOLUCIÓN INYECTABLE 10MG/1ML,MEDICAMENTOS,2022-07,1,0.13,0.0,0.0,0.13,XGBoost
709134,LEVETIRACETAM TABLETA 500MG,MEDICAMENTOS,2022-07,1,208.28,250.71,303.0,208.28,XGBoost
709707,CATETER VENOSO CENTRAL (CVC) BILUMEN 7FRX20CM ,DISPOSITIVOS MEDICO,2022-07,1,2.79,15.02,7.67,7.67,Media móvil
709736,"ALPRAZOLAM TABLETA 0,25 MG ",CONTROLADOS,2022-07,1,57.66,288.79,132.67,132.67,Media móvil
709757,DIAZEPAM SOLUCIÓN INYECTABLE 10MG/2ML ,CONTROLADOS,2022-07,1,0.53,0.0,1.67,1.67,Media móvil
710039,SEDA  0 CS424 (GS-21)SOFSILK  TYCO,DISPOSITIVOS MEDICO,2022-07,1,0.72,0.0,1.33,1.33,Media móvil
710045,SEDA 3-0 SS684( C-14)SOFSILK,DISPOSITIVOS MEDICO,2022-07,1,11.59,4.63,10.67,10.67,Media móvil
710108,SURGIPRO 4-0 SP5682 (P-12) TYCO,DISPOSITIVOS MEDICO,2022-07,1,0.09,0.0,0.0,0.0,Media móvil
710110,SEDA 2-0 SS685 (C-15) SOFSILK CURVA,DISPOSITIVOS MEDICO,2022-07,1,2.76,0.0,0.0,0.0,Media móvil
710111,SEDA 2-0 SS623 (SC-2) SOFSILK RECTA,DISPOSITIVOS MEDICO,2022-07,1,74.16,84.83,84.33,84.33,Media móvil
710176,PROPOFOL SOLUCIÓN INYECTABLE 10MG/1ML (500MG/50ML),MEDICAMENTOS,2022-07,1,0.03,0.0,2.0,2.0,Media móvil
710356,"CARVEDILOL TABLETA 6,25MG",MEDICAMENTOS,2022-07,1,432.81,311.33,439.33,432.81,XGBoost
710703,HIDROXICARBAMIDA CÁPSULA 500MG,MEDICAMENTOS,2022-07,1,37.43,35.19,15.67,35.19,Regresión Lineal
710768,CYSTOFLOW 500 ML,DISPOSITIVOS MEDICO,2022-07,1,10.08,27.14,14.67,27.14,Regresión Lineal
711321,ADAPTADOR P/CO-SET REF-93505,DISPOSITIVOS MEDICO,2022-07,1,0.34,1.59,1.33,1.33,Media móvil
711417,AZUL DE METILENO 1% x 5ML,MEDICAMENTOS,2022-07,1,1.74,4.9,4.0,4.0,Media móvil
711979,"FLUDROCORTISONA TABLETA 0,1MG",MEDICAMENTOS,2022-07,1,3.52,0.0,4.33,3.52,XGBoost
712599,ARTEMETER/LUMEFANTRINA TABLETA 20/120MG,MEDICAMENTOS,2022-07,1,0.04,2.93,18.0,18.0,Media móvil
712920,SONDA FOLEY 2 VIAS 8X3 SILICONADA PEDIATRICA ,DISPOSITIVOS MEDICO,2022-07,1,0.1,0.0,0.0,0.0,Regresión Lineal
712991,CANULA NASAL OXIGENO PEDIATRICA NO ESTERIL ,DISPOSITIVOS MEDICO,2022-07,1,0.12,0.0,0.0,0.0,Media móvil
713099,CATETER VENOSO CENTRAL TRILUMEN (CVC) 7FRX20CM ,DISPOSITIVOS MEDICO,2022-07,1,32.5,24.28,32.0,32.0,Media móvil
713258,"ALPRAZOLAM TABLETA 0,50 MG ",CONTROLADOS,2022-07,1,21.27,13.82,28.0,21.27,XGBoost
713549,LOPINAVIR/RITONAVIR TABLETA 200MG/50MG,MEDICAMENTOS,2022-07,1,0.37,0.0,0.0,0.37,XGBoost
713679,APOSITO ESTERIL 1685 IV (TEGADERM 8.5 X 11.5),DISPOSITIVOS MEDICO,2022-07,1,230.85,241.51,248.67,248.67,Media móvil
713842,ESTILETE GUIA ENDOTRAQUEAL 14MM,DISPOSITIVOS MEDICO,2022-07,1,0.9,3.76,19.33,19.33,Media móvil
713863,INMUNOGLOBULINA HUMANA ANTIHEPATITIS B SOLUCIÓN INYECTABLE 50UI/1ML (100UI/2ML),MEDICAMENTOS,2022-07,1,0.11,0.0,0.33,0.33,Media móvil
713981,PIRIDOSTIGMINA TABLETA 60MG,MEDICAMENTOS,2022-07,1,1.79,0.0,2.67,2.67,Media móvil
714048,LAGRIMAS ARTIFICIALES SOLUCIÓN OFTÁLMICA 5MG/1ML (75MG/15ML),MEDICAMENTOS,2022-07,1,0.29,0.0,0.0,0.0,Media móvil
714463,RIVAROXABAN TABLETA 20MG,MEDICAMENTOS,2022-07,1,0.87,0.0,0.0,0.0,Regresión Lineal
714819,MOSAPRIDA TABLETA 5MG,MEDICAMENTOS,2022-07,1,0.15,0.0,0.0,0.0,Media móvil
714878,"GLUCERNA SOLUCIÓN ORAL 0,93KCAL/1ML (220,4KCAL/237ML)) ALIMENTO LIQUIDO CON CA",NUTRICION,2022-07,1,0.02,0.0,0.0,0.02,XGBoost
714955,CLOZAPINA TABLETA 25 MG,CONTROLADOS,2022-07,1,153.6,324.61,247.0,324.61,Regresión Lineal
715020,DULOXETINA TABLETA 30MG,MEDICAMENTOS,2022-07,1,1.25,1.66,1.0,1.66,Regresión Lineal
715068,SET DE LINEA (CATETER ARTERIAL CATH 20X8),DISPOSITIVOS MEDICO,2022-07,1,98.89,95.23,112.67,112.67,Media móvil
715131,CEFOTAXIMA SOLUCIÓN INYECTABLE 1G,MEDICAMENTOS,2022-07,1,0.0,0.0,1.33,1.33,Media móvil
715385,CAFEINA CITRATO 20MG/ML SOL. INYECTABLE (10MG/ML CAFEINA BASE),MEDICAMENTOS,2022-07,1,165.35,58.57,134.33,165.35,XGBoost
715460,BOLSA ACTIVE LIFE ADULTO-22771 ,DISPOSITIVOS MEDICO,2022-07,1,19.92,6.83,16.0,19.92,XGBoost
715545,LORAZEPAM TABLETA 2MG,CONTROLADOS,2022-07,1,302.12,251.86,443.0,251.86,Regresión Lineal
715571,ACIDO POLIACRILICO 0.2% GEL OFTALMICO ESTERIL,MEDICAMENTOS,2022-07,1,0.12,0.0,0.0,0.0,Media móvil
715576,DORIPENEM POLVO LIOFILIZADO 500MG,MEDICAMENTOS,2022-07,1,3.64,36.57,92.67,92.67,Media móvil
715623,OXICODONA TABLETA DE LIBERACIÓN CONTROLADA 10MG ,CONTROLADOS,2022-07,1,44.78,2.96,28.0,44.78,XGBoost
715706,CAUCHO TUBO P/SUCCION 3MT ESTERIL  ,DISPOSITIVOS MEDICO,2022-07,1,144.12,146.79,181.0,144.12,XGBoost
715794,GLUTAPAK R POLVO PARA SOLUCIÓN ORAL 15G) ALIMENTO A BASE DE GLUTAMINA Y LACTOB,NUTRICION,2022-07,1,72.09,110.04,87.67,87.67,Media móvil
715826,PLEUR-EVAC 2500CC -A8000106 (PLEUROVAC),DISPOSITIVOS MEDICO,2022-07,1,8.5,4.25,7.0,8.5,XGBoost
716204,KETAMINA SOL. INYECTABLE 500MG,CONTROLADOS,2022-07,1,11.75,0.0,1.33,1.33,Media móvil
716715,CLONAZEPAM TABLETA 2 MG ,CONTROLADOS,2022-07,1,1.22,105.12,62.67,62.67,Media móvil
716732,IBUPROFENO 10MG/2ML SOL. INYECTABLE,MEDICAMENTOS,2022-07,1,0.16,0.0,0.0,0.16,XGBoost
716753,BOLSA RECOLECTORA 1000 CC REF: Z-01000,DISPOSITIVOS MEDICO,2022-07,1,1.57,0.0,0.67,1.57,XGBoost
716754,CONECTOR EN Y -SUPLESALUD,DISPOSITIVOS MEDICO,2022-07,1,0.02,0.0,0.0,0.0,Regresión Lineal
716842,TERLIPRESINA ACETATO 1MG,MEDICAMENTOS,2022-07,1,6.53,43.97,13.67,13.67,Media móvil
716958,CATETER  UMBILICAL 2.5 FR,DISPOSITIVOS MEDICO,2022-07,1,0.68,0.0,1.33,0.68,XGBoost
717140,NUTRICION ENTERAL CETOGENICA 300 G LATA,NUTRICION,2022-07,1,0.3,0.0,0.0,0.0,Media móvil
717160,PROGESTERONA CÁPSULA 200MG,MEDICAMENTOS,2022-07,1,0.2,0.0,0.0,0.2,XGBoost
717191,MOXIFLOXACINO TABLETA 400MG,MEDICAMENTOS,2022-07,1,0.96,0.0,5.33,5.33,Media móvil
717218,"CLONAZEPAM SOL. ORAL 2,5MG/1ML x 20ML",CONTROLADOS,2022-07,1,5.6,1.61,2.33,1.61,Regresión Lineal
717219,"CLONAZEPAM TABLETA 0,5 MG ",CONTROLADOS,2022-07,1,51.78,166.41,131.33,166.41,Regresión Lineal
717248,N-ACETILCISTEINA GRANULOS PARA SUSPENCIÓN ORAL 600MG,MEDICAMENTOS,2022-07,1,0.66,0.0,0.0,0.66,XGBoost
717262,OXITOCINA 10UI SOL. INYECTABLE,CONTROLADOS,2022-07,1,0.08,0.0,1.33,1.33,Media móvil
717274,PREGABALINA TABLETA 75MG,MEDICAMENTOS,2022-07,1,124.86,45.94,100.0,124.86,XGBoost
717280,SACUBITRIL/ VALSARTAN 100 MG TABLETA,MEDICAMENTOS,2022-07,1,0.05,0.0,0.0,0.05,XGBoost
717389,VASO DESECHABLE 7 ONZ,DISPOSITIVOS MEDICO,2022-07,1,1.59,948.5,266.0,266.0,Media móvil
717421,NUTRAMIGEN PREMIUM CON LGG 357G LATA,MEDICAMENTOS,2022-07,1,0.12,0.0,0.0,0.0,Media móvil
717432,FLUTICASONA/SALMETEROL SUSPENSIÓN PARA INHALACIÓN 250MCG/25MCG/1PUFF/120PUFF,MEDICAMENTOS,2022-07,1,3.34,2.65,1.67,2.65,Regresión Lineal
717442,BUDESONIDA/FORMOTEROL SUSPENSIÓN PARA INHALACIÓN 320MCG/9MCG/1PUFF/60PUFF,MEDICAMENTOS,2022-07,1,0.1,0.0,0.33,0.33,Media móvil
717450,N-ACETILCISTEINA SOLUCIÓN INYECTABLE 300MG/3ML,MEDICAMENTOS,2022-07,1,2.56,26.99,11.0,26.99,Regresión Lineal
717455,IVABRADINE TABLETA 5MG,MEDICAMENTOS,2022-07,1,0.25,0.0,0.0,0.0,Media móvil
717519,OMEPRAZOL POLVO LIOFILIZADO 40MG,MEDICAMENTOS,2022-07,1,1633.62,1548.84,1720.33,1633.62,XGBoost
717705,DABIGATRAN CÁPSULA 150MG,MEDICAMENTOS,2022-07,1,0.0,0.46,0.67,0.67,Media móvil
717716,TERMOMETRO,DISPOSITIVOS MEDICO,2022-07,1,291.0,279.83,295.33,291.0,XGBoost
717763,LACOSAMIDA TABLETA 100MG,MEDICAMENTOS,2022-07,1,4.28,268.18,134.0,134.0,Media móvil
717813,BOLSA OSTOMIA OP/100MM,DISPOSITIVOS MEDICO,2022-07,1,3.44,0.0,3.33,3.44,XGBoost
717814,BARRERA STOMAHESIVE 100MM ,DISPOSITIVOS MEDICO,2022-07,1,4.28,1.63,5.33,4.28,XGBoost
717825,TENOFOVIR/EMTRICITABINA 300MG/200MG TABLETA,MEDICAMENTOS,2022-07,1,7.83,3.87,10.33,7.83,XGBoost
717838,MECHAS NASALES REF 2248 ,DISPOSITIVOS MEDICO,2022-07,1,0.05,0.59,1.67,1.67,Media móvil
717864,"TAMSULOSINA CÁPSULA DE LIBERACIÓN CONTROLADA 0,4MG",MEDICAMENTOS,2022-07,1,23.52,24.8,12.33,23.52,XGBoost
717923,INSULINA GLULISINA SOL. INYECTABLE 100UI/ML x 10ML (1000UI),MEDICAMENTOS,2022-07,1,16.37,17.49,26.33,16.37,XGBoost
718001,ESCITALOPRAN 10MG TABLETA ,MEDICAMENTOS,2022-07,1,45.14,29.19,34.0,45.14,XGBoost
718005,ABACAVIR/LAMIVUDINA TABLETA 600MG/300MG,MEDICAMENTOS,2022-07,1,0.57,0.0,1.33,1.33,Media móvil
718072,ENTEREX POLVO PARA SOLUCIÓN ORAL 110G ALIMENTO PARA USOS NUTRICIONALES ESPECIALE,NUTRICION,2022-07,1,3.72,0.0,0.0,3.72,XGBoost
718218,ELECTRODO PEDIATRICO,MEDICAMENTOS,2022-07,1,266.57,221.85,259.67,259.67,Media móvil
718219,ELECTRODO ADULTO,MEDICAMENTOS,2022-07,1,2204.92,2379.6,2130.67,2379.6,Regresión Lineal
718228,GABAPENTIN 400MG CAPSULA ,MEDICAMENTOS,2022-07,1,0.88,0.0,0.0,0.0,Media móvil
718292,LORAZEPAM TABLETA 1MG,MEDICAMENTOS,2022-07,1,188.64,147.03,280.33,147.03,Regresión Lineal
718376,ATAZANAVIR 300MG CAPSULA,MEDICAMENTOS,2022-07,1,2.18,0.0,0.0,0.0,Media móvil
718747,RIFAXIMINA CÁPSULA 200MG,MEDICAMENTOS,2022-07,1,20.31,143.48,57.67,143.48,Regresión Lineal
718798,SERTRALINA TABLETA 50MG,MEDICAMENTOS,2022-07,1,75.05,152.67,81.0,75.05,XGBoost
718800,MIRTAZAPINA TABLETA 30MG,MEDICAMENTOS,2022-07,1,0.0,5.23,2.0,2.0,Media móvil
718999,INMUNOGLOBULINA HUMANA NORMAL  5G/100ML (50MG/ML) SOL. INYECTABLE ,MEDICAMENTOS,2022-07,1,0.23,0.0,0.0,0.23,XGBoost
719016,ACETAMINOFEN/CODEINA TABLETA 325MG/8MG,MEDICAMENTOS,2022-07,1,0.6,0.0,0.0,0.6,XGBoost
719059,METADONA TABLETA 10MG ,CONTROLADOS,2022-07,1,140.29,38.97,126.33,126.33,Media móvil
719158,RIVAROXABAN TABLETA 15MG,MEDICAMENTOS,2022-07,1,0.47,0.0,0.0,0.0,Regresión Lineal
719225,"DUTASTERIDA/TAMSULOSINA CÁPSULA 0,5MG/0,4MG (0,9MG)",MEDICAMENTOS,2022-07,1,10.06,2.41,17.0,17.0,Media móvil
719246,"BISOPROLOL TABLETA 2,5MG",MEDICAMENTOS,2022-07,1,2.03,4.7,2.0,2.03,XGBoost
719247,INSULINA DETERMIR SOL. INYECTABLE 100UI/ML x 3ML (300UI),MEDICAMENTOS,2022-07,1,2.01,0.0,3.0,2.01,XGBoost
719274,MASCARA VENTURY PEDIATRICA,DISPOSITIVOS MEDICO,2022-07,1,2.18,0.0,3.33,2.18,XGBoost
719275,AGUJA P/INSULINA TIPO LAPICERO,DISPOSITIVOS MEDICO,2022-07,1,32.42,63.06,65.33,65.33,Media móvil
719419,INSULINA ASPARTATO SOL. INYECTABLE 100UI/ML x 10ML (1000UI),MEDICAMENTOS,2022-07,1,3.06,1.41,4.0,3.06,XGBoost
719423,LOPINAVIR/RITONAVIR 80MG/20MG/ML SUSPENSION ORAL  ,MEDICAMENTOS,2022-07,1,532.84,181.63,589.33,532.84,XGBoost
719455,S/FOLEY 3V  20FR SILICONA,DISPOSITIVOS MEDICO,2022-07,1,0.03,0.0,0.0,0.0,Regresión Lineal
719533,CAOLIN/PECTINA SUSPENSIÓN ORAL 20G/1G/120ML,MEDICAMENTOS,2022-07,1,0.24,0.0,0.0,0.0,Regresión Lineal
719540,"GLUCERNA SOLUCIÓN ORAL 1,5KCAL/1ML (1500KCAL/1000ML)) ALIMENTO LÍQUIDO PARA PR",NUTRICION,2022-07,1,6.29,17.48,8.33,6.29,XGBoost
719561,OXIBUTININA TABLETA 5MG,MEDICAMENTOS,2022-07,1,0.88,0.0,0.0,0.0,Regresión Lineal
719612,CATETER 2L 4FRX5CM 22G PEDIAT. REF- CS12402,DISPOSITIVOS MEDICO,2022-07,1,0.14,0.0,1.0,1.0,Media móvil
719618,BOLSA RECOLECTORA 200CC -SUPLESALUD,DISPOSITIVOS MEDICO,2022-07,1,0.29,0.0,0.0,0.0,Media móvil
719619,"APIXABAN TABLETA 2,5MG",MEDICAMENTOS,2022-07,1,2.09,8.8,3.0,8.8,Regresión Lineal
719669,CANULA FENESTRADA  8 C/BALON ,DISPOSITIVOS MEDICO,2022-07,1,0.09,0.0,0.0,0.0,Media móvil
719743,"FONDAPARINA 7,5MG/0,6ML SOL. INYECTABLE ",MEDICAMENTOS,2022-07,1,0.67,0.0,1.0,0.67,XGBoost
719747,BROMURO DE GLICOPIRRONIO 50 MCG POLVO PARA INHALACION EN CAPSULAS,MEDICAMENTOS,2022-07,1,0.61,3.99,10.0,10.0,Media móvil
719766,LIDOCAINA SOL. INYECTABLE 2% x 10ML,CONTROLADOS,2022-07,1,178.71,157.59,177.67,178.71,XGBoost
719773,ACETAMINOFEN/CODEINA TABLETA 325MG/30MG,MEDICAMENTOS,2022-07,1,0.33,0.0,0.0,0.33,XGBoost
719819,LINEZOLID 600MG SOL. INYECTABLE ,MEDICAMENTOS,2022-07,1,101.29,56.87,108.0,56.87,Regresión Lineal
719841,LIDOCAINA/EPINEFRINA SOLUCIÓN INYECTABLE 2%/50ML,MEDICAMENTOS,2022-07,1,1.08,0.0,1.0,1.08,XGBoost
719849,CANULA 7.0 C/B  FENESTRADA TRACOE REF- T 302-07,DISPOSITIVOS MEDICO,2022-07,1,0.07,0.0,0.33,0.33,Media móvil
719877,BARRERA  57 MM REF 411451 CONVEX  SUR-FIT PLUS ,DISPOSITIVOS MEDICO,2022-07,1,2.76,3.91,2.67,2.76,XGBoost
719878,UNNA BOTA,DISPOSITIVOS MEDICO,2022-07,1,0.83,0.0,0.0,0.83,XGBoost
719888,APIXABAN 5 MG TABLETA,MEDICAMENTOS,2022-07,1,1.08,8.72,3.0,8.72,Regresión Lineal
719930,SONDA DE RECAMBIO PARA GASTROSTOMIA  REF-PEG-18-BRT-S,DISPOSITIVOS MEDICO,2022-07,1,0.12,0.0,0.0,0.0,Media móvil
719935,ATORVASTATINA 40 MG TABLETA,MEDICAMENTOS,2022-07,1,976.91,844.26,909.0,976.91,XGBoost
719944,ROMIPLOSTIN POLVO LIOFILIZADO 250MCG (NPLATE),MEDICAMENTOS,2022-07,1,0.12,0.0,0.0,0.0,Media móvil
719945,TELMISARTAN/AMLODIPINO TABLETA 80MG/10MG,MEDICAMENTOS,2022-07,1,0.0,6.42,2.33,2.33,Media móvil
720012,CIRCUITO DE VENTILADOR REF-5513000 ALMA LISA PEDIATRICO,DISPOSITIVOS MEDICO,2022-07,1,3.27,0.24,8.0,8.0,Media móvil
720013,CIRCUITO DE VENTILACION REF-5068850 ALMA LISA NEONATAL - INTERSURGICAL,DISPOSITIVOS MEDICO,2022-07,1,6.33,0.24,8.0,6.33,XGBoost
720068,TEGADERM 1683 IV 6.5X7CM ADVANCED,DISPOSITIVOS MEDICO,2022-07,1,1632.14,731.4,1290.33,1632.14,XGBoost
720104,PARCHES DE ELECTRODO PARA DESFIBRILADOR,DISPOSITIVOS MEDICO,2022-07,1,0.19,0.0,0.0,0.0,Regresión Lineal
720151,CATETER VENOSO CENTRAL BILUMEN 22G (3FR)X6CM-157064-VYGON,DISPOSITIVOS MEDICO,2022-07,1,0.08,0.0,0.0,0.0,Regresión Lineal
720207,DIBEN 1.5 KCAL HP 1000 ML ALIMENTO LIQUIDO PARA USOS NUTRICIONALES ESPECIALES AL,NUTRICION,2022-07,1,112.8,77.27,117.0,112.8,XGBoost
720208,APOSITO ESTERIL DE ALGINATO DE CALCIO CON PLATA ALGISITE,DISPOSITIVOS MEDICO,2022-07,1,0.7,0.0,0.0,0.7,XGBoost
720209,MINOCICLINA 100 MG TAB,MEDICAMENTOS,2022-07,1,0.34,1.66,1.0,1.66,Regresión Lineal
720211,ESOMEPRAZOL 10 MG GRANULOS SOBRE (NEDOX),MEDICAMENTOS,2022-07,1,0.12,0.0,0.0,0.12,XGBoost
720281,FENTANILO 25 MCG/HORA PARCHE,CONTROLADOS,2022-07,1,0.13,0.0,0.0,0.13,XGBoost
730033,"CARBONATO DE CALCIO/VITAMINA D3/ZINC SUSPENSIÓN ORAL 300MG/100UI/7,5MG/5ML (108",MEDICAMENTOS,2022-07,1,0.61,0.0,0.67,0.61,XGBoost
730034,(FRESUBIN ORIGINAL SOLUCIÓN ORAL 1KCAL/1ML (1000KCAL/1000ML)) ALIMENTO LÍQUIDO ,NUTRICION,2022-07,1,31.15,34.54,37.33,37.33,Media móvil
730035,FRESUBIN DRINK SOLUCIÓN ORAL 2KCAL/1ML (400KCAL/200ML) ALIMENTO LÍQUIDO NUTRICIO,NUTRICION,2022-07,1,180.62,210.93,242.33,180.62,XGBoost
730036,"DIBEN DRINK SOLUCIÓN ORAL 1,5KCAL/1ML (300KCAL/200ML) ALIMENTO LÍQUIDO PARA ADMI",NUTRICION,2022-07,1,159.5,299.74,223.67,159.5,XGBoost
730037,"DIBEN SOLUCIÓN ORAL 1,05KCAL/1ML (525KCAL/500ML) ALIMENTO LÍQUIDO PARA ADMINISTR",NUTRICION,2022-07,1,71.11,166.36,127.67,71.11,XGBoost
730038,"SURVIMED OPD SOLUCIÓN ORAL 1,33KCAL/1ML (665KCAL/500ML)) ALIMENTO LIQUIDO OLIG",NUTRICION,2022-07,1,17.19,77.99,47.33,47.33,Media móvil
730039,"RECONVAN SOLUCIÓN ORAL 1,0KCAL/1ML (500KCAL/500ML)) ALIMENTO LÍQUIDO PARA ADMI",NUTRICION,2022-07,1,82.94,68.24,59.33,82.94,XGBoost
730040,"SUPPORTAN DRINK SOLUCIÓN ORAL 1,5KCAL/1ML (300KCAL/200ML)) ALIMENTO LIQUIDO RI",NUTRICION,2022-07,1,83.54,99.54,96.67,83.54,XGBoost
730041,(FRESUBIN HP SOLUCIÓN ORAL 2KCAL/1ML (1000KCAL/500ML)) ALIMENTO LÍQUIDO PARA AD,NUTRICION,2022-07,1,71.38,24.81,38.33,71.38,XGBoost
730053,SISTEMA DRENAJE TORAXICO PEDIATRICO THORAMETRIX X1500-LM INSTRUMENT,DISPOSITIVOS MEDICO,2022-07,1,0.34,0.0,0.33,0.33,Media móvil
730058,EQUIPO BOMBA SIN AGUJA,DISPOSITIVOS MEDICO,2022-07,1,1771.63,2097.28,1890.67,2097.28,Regresión Lineal
730063,SURVIMED OPD SOLUCIÓN ORAL 1KCAL/1ML (1000KCAL/1000ML)) ALIMENTO LIQUIDO OLIGO,NUTRICION,2022-07,1,24.98,86.8,34.0,86.8,Regresión Lineal
730066,EQUIPO DE INFUSION DE LIQUIDOS FOTOSENSIBLES,DISPOSITIVOS MEDICO,2022-07,1,29.85,30.45,34.67,34.67,Media móvil
730082,VECURONIO BROMURO SOLUCIÓN INYECTABLE 4MG,MEDICAMENTOS,2022-07,1,0.0,8.71,18.0,18.0,Media móvil
730083,EQUIPO PERFUSOR 20CC REF C0020C FRESENIUS,DISPOSITIVOS MEDICO,2022-07,1,112.32,101.65,103.0,112.32,XGBoost
730084,DALTEPARINA SODICA 7.500 UI (ANTIFACTOR XA) SOL. INYECTABLE,MEDICAMENTOS,2022-07,1,2.66,0.0,1.0,1.0,Media móvil
730096,HIALURONATO DE SODIO GOTAS OFTALMICAS,MEDICAMENTOS,2022-07,1,0.0,1.61,1.0,1.61,Regresión Lineal
730113,APOSITO URGOSORB SILVER ALGINATO Y PLATA10X20CM-REF 503136-SUPLESA,DISPOSITIVOS MEDICO,2022-07,1,0.25,0.0,0.0,0.25,XGBoost
730116,TEGADERM REF 1682 IV 5X5.7CM AVANCED-NIÑOS,DISPOSITIVOS MEDICO,2022-07,1,137.65,54.79,102.0,137.65,XGBoost
730122,CATETER PICC ALTA PRESION 4.5FR X 50CM REF 01PR45041-HP,DISPOSITIVOS MEDICO,2022-07,1,0.0,6.42,2.33,2.33,Media móvil
730123,CATETER PICC ALTA PRESION 5FR X 50 CM REF 01PR05052,DISPOSITIVOS MEDICO,2022-07,1,4.67,2.22,6.67,6.67,Media móvil
730124,CATETER PICC ALTA PRESION 5.5FR X 50 CM REF PR45052-HP,DISPOSITIVOS MEDICO,2022-07,1,0.0,2.85,1.33,1.33,Media móvil
730125,CATETER PICC BILUMEN INSERCION PERIFERICA 4FR X 50CM REF PR05042,DISPOSITIVOS MEDICO,2022-07,1,0.56,0.0,1.0,0.56,XGBoost
730126,CATETER PICC MONOLUMEN INSERCION PERIFERICA 4FR X 50CM REF 01PR05041 ,DISPOSITIVOS MEDICO,2022-07,1,0.62,0.0,1.0,1.0,Media móvil
730134,CLOROQUINA 150MG TABLETA ,MEDICAMENTOS,2022-07,1,39.12,70.53,22.0,39.12,XGBoost
730136,ISONIAZIDA TABLETA 100MG,MEDICAMENTOS,2022-07,1,0.62,1.23,5.33,5.33,Media móvil
730138,OSELTAMIVIR CAPSULA 75MG,MEDICAMENTOS,2022-07,1,16.23,1.05,1.33,16.23,XGBoost
730139,PIRAZINAMIDA TABLETA 400MG,MEDICAMENTOS,2022-07,1,0.48,0.64,4.33,4.33,Media móvil
730141,PRIMAQUINA TABLETA 15MG,MEDICAMENTOS,2022-07,1,0.43,0.0,0.33,0.43,XGBoost
730143,RIFAMPICINA/ISONIACIDA TABLETA 150/150MG,MEDICAMENTOS,2022-07,1,0.74,0.0,0.0,0.0,Media móvil
730144,RIFAMPICINA/ISONIAZIDA/PIRAZINAMIDA/ETAMBUTOL TABLETA 150/75/400/275MG,MEDICAMENTOS,2022-07,1,287.18,253.3,293.0,287.18,XGBoost
730167,CANISTER 250 ML,DISPOSITIVOS MEDICO,2022-07,1,0.0,0.0,1.33,1.33,Media móvil
730176,FRESUBIN RENAL 2KCAL/ML (400KCAL/200ML) ALIMENTO PARA PROPÓSITOS MÉDICOS ESPECIA,NUTRICION,2022-07,1,0.86,4.38,10.67,10.67,Media móvil
730189,APOSITO PERIFERICO IV3000 7X9CM (TEGADERM PERIFERICO),DISPOSITIVOS MEDICO,2022-07,1,0.0,509.02,143.0,143.0,Media móvil
730194,APOSITO TRANSPARENTE OPSITE 15X20CM REF: 4631 CX10,DISPOSITIVOS MEDICO,2022-07,1,2.08,0.0,1.67,2.08,XGBoost
730200,FIXO ROLL 10 X 10 CINTA ADHESIVA HIPOALERGENICA ,DISPOSITIVOS MEDICO,2022-07,1,0.47,0.0,0.33,0.33,Media móvil
730205,ACETATO DE LEUPROLIDE 45MG SOL. INYECTABLE,MEDICAMENTOS,2022-07,1,0.08,0.0,0.0,0.0,Regresión Lineal
730230,ALIMENTO DE USO ESPECIAL CON HMB ARGININA Y GLUTAMINA SOBRE x 24 GRAMOS,NUTRICION,2022-07,1,80.77,187.93,103.67,187.93,Regresión Lineal
730237,ETAMBUTOL 400 MG TABLETA,MEDICAMENTOS,2022-07,1,0.49,1.14,10.33,10.33,Media móvil
730242,COLISTIMETATO 150 MG - EQUIVALENTE A 150 MG DE COLISTINA BASE,MEDICAMENTOS,2022-07,1,37.8,38.15,70.33,70.33,Media móvil
770020,ONDANSETRON 8MG TABLETA,MEDICAMENTOS,2022-07,1,1.25,0.0,0.0,0.0,Media móvil
770054,"ERITROPOYETINA 30.000UI/0,6ML SOL. INYECTABLE ",MEDICAMENTOS,2022-07,1,0.02,0.0,0.0,0.02,XGBoost
770065,TRETINOINA TABLETA 10MG (ONCOLOGICO),MEDICAMENTOS,2022-07,1,0.33,104.08,29.67,29.67,Media móvil
770066,ELTROMBOPAG 25 MG TAB ORAL,MEDICAMENTOS,2022-07,1,1.42,26.18,28.33,26.18,Regresión Lineal
770074,IMATINIB 400MG TABLETA ,MEDICAMENTOS,2022-07,1,0.17,0.0,0.33,0.33,Media móvil
770075,FILGRASTIM SOLUCIÓN INYECTABLE 300MCG (ONCOLOGICO),MEDICAMENTOS,2022-07,1,5.82,16.48,6.33,5.82,XGBoost
770117,ELTROMBOPAG TABLETA 50MG (ONCOLOGICO),MEDICAMENTOS,2022-07,1,0.71,6.17,2.67,2.67,Media móvil
770143,"RASBURICASA SOLUCIÓN INYECTABLE 1,5MG/1ML (ONCOLOGICO)",MEDICAMENTOS,2022-07,1,0.76,0.0,0.0,0.76,XGBoost
770152,RIOCIGUAT 0.5 MG,MEDICAMENTOS,2022-07,1,0.0,0.0,0.0,0.0,XGBoost
A0000001,ABACAVIR/LAMIVUDINA/ZIDOVUDINA TABLETA 300MG/150MG/300MG,MEDICAMENTOS,2022-07,1,0.06,2.93,18.0,18.0,Media móvil
A0000034,ALPROSTADIL SOLUCIÓN INYECTABLE 20MCG/1ML,MEDICAMENTOS,2022-07,1,0.94,6.44,17.33,17.33,Media móvil
A0000039,AMLODIPINO 10 MG TABLETA ,MEDICAMENTOS,2022-07,1,365.1,322.37,348.67,322.37,Regresión Lineal
A0000051,ATORVASTATINA 20 MG TABLETA,MEDICAMENTOS,2022-07,1,134.07,76.8,60.0,60.0,Media móvil
A001011,ACETAMINOFEN TABLETA 500MG,MEDICAMENTOS,2022-07,1,9206.77,10081.26,9160.67,10081.26,Regresión Lineal
A001201,ACETAMINOFEN SOL. ORAL 100MG/28 GOTAS ,MEDICAMENTOS,2022-07,1,0.28,0.0,0.0,0.0,Regresión Lineal
A001221,"ACETAMINOFEN JARABE 2,5MG/1ML FRASCO x 60ML",MEDICAMENTOS,2022-07,1,0.89,0.0,1.33,0.89,XGBoost
A002011,ACETAZOLAMIDA 250MG TABLETA ,MEDICAMENTOS,2022-07,1,13.53,20.03,19.33,13.53,XGBoost
A002451,BECLOMETASONA 50MCG/ PUFF SOL. PARA INHALACIÓN,MEDICAMENTOS,2022-07,1,15.1,21.05,12.0,15.1,XGBoost
A003011,ACETILSALICILICO ÁCIDO TABLETA 100MG,MEDICAMENTOS,2022-07,1,629.29,542.22,560.0,629.29,XGBoost
A006011,ACICLOVIR TABLETA 200MG,MEDICAMENTOS,2022-07,1,70.96,292.19,156.33,292.19,Regresión Lineal
A006721,ACICLOVIR POLVO LIOFILIZADO 250MG,MEDICAMENTOS,2022-07,1,103.43,74.56,84.67,74.56,Regresión Lineal
A008011,ALBENDAZOL TABLETA 200 MG,MEDICAMENTOS,2022-07,1,58.36,71.81,70.67,70.67,Media móvil
A008231,ALBENDAZOL 100MG/20ML SOLUCION ORAL x 20 ML,MEDICAMENTOS,2022-07,1,0.23,0.0,0.0,0.0,Media móvil
A009701,ALBUMINA HUMANA SOL. INYECTABLE 20% x 50 ML ,MEDICAMENTOS,2022-07,1,161.23,167.73,133.0,133.0,Media móvil
A013011,ALOPURINOL TABLETA 100MG,MEDICAMENTOS,2022-07,1,9.66,31.43,9.33,9.66,XGBoost
A013012,ALOPURINOL TABLETA 300MG,MEDICAMENTOS,2022-07,1,39.17,96.78,65.33,65.33,Media móvil
A017231,ALUMINIO HIDROXIDO SUSPENSIÓN ORAL 6G/100ML ,MEDICAMENTOS,2022-07,1,8.67,2.16,7.33,7.33,Media móvil
A018232,"ALUMINIO HIDROXIDO/MAGNESIO/SIMETICONA SUSPENSIÓN ORAL 4%/4%/0,4%",MEDICAMENTOS,2022-07,1,1.72,0.25,1.0,1.72,XGBoost
A019101,AMANTADINA 100MG CAPSULA ,MEDICAMENTOS,2022-07,1,3.04,17.14,5.33,3.04,XGBoost
A020701,AMIKACINA 100MG/2ML SOL. INYECTABLE ,MEDICAMENTOS,2022-07,1,2.44,7.68,13.33,13.33,Media móvil
A020702,AMIKACINA 500MG/2ML SOL. INYECTABLE ,MEDICAMENTOS,2022-07,1,43.4,31.9,34.67,43.4,XGBoost
A022701,AMINOFILINA 240MG/10ML SOL. INYECTABLE ,MEDICAMENTOS,2022-07,1,0.23,0.0,0.0,0.0,Media móvil
A023011,AMIODARONA TABLETA 200MG,MEDICAMENTOS,2022-07,1,116.58,193.62,161.33,193.62,Regresión Lineal
A023721,AMIODARONA 150MG/3ML SOL. INYECTABLE ,MEDICAMENTOS,2022-07,1,117.11,88.09,109.67,109.67,Media móvil
A024011,AMITRIPTILINA 25MG TABLETA ,MEDICAMENTOS,2022-07,1,13.5,26.15,38.0,38.0,Media móvil
A025142,AMOXICILINA 500MG CAPSULA ,MEDICAMENTOS,2022-07,1,6.35,20.84,21.67,21.67,Media móvil
A026721,AMPICILINA 500MG POLVO LIOFILIZADO ,MEDICAMENTOS,2022-07,1,219.67,244.47,327.0,219.67,XGBoost
A026722,AMPICILINA 1 G POLVO LIOFILIZADO ,MEDICAMENTOS,2022-07,1,76.75,110.89,73.0,76.75,XGBoost
A027142,AMPICILINA TABLETA 500MG,MEDICAMENTOS,2022-07,1,0.71,2.76,1.33,0.71,XGBoost
A033701,ATROPINA 1MG/1ML SOL. INYECTABLE ,MEDICAMENTOS,2022-07,1,6.23,10.12,12.67,12.67,Media móvil
A034011,AZATIOPRINA 50MG TABLETA,MEDICAMENTOS,2022-07,1,30.39,51.97,38.0,30.39,XGBoost
A035722,AZTREONAM 1G POLVO LIOFILIZADO,MEDICAMENTOS,2022-07,1,122.0,42.92,68.67,68.67,Media móvil
A036701,AZUL DE METILENO SOLUCIÓN INYECTABLE 10MG/1ML,MEDICAMENTOS,2022-07,1,1.01,4.9,4.0,4.0,Media móvil
A037011,AMLODIPINO 5 MG TABLETA ,MEDICAMENTOS,2022-07,1,196.41,273.24,203.0,196.41,XGBoost
A037101,ABACAVIR TABLETA 300MG,MEDICAMENTOS,2022-07,1,0.79,0.0,0.0,0.0,Media móvil
B00000010,BECLOMETASONA NASAL 50 MCG/PUFF,MEDICAMENTOS,2022-07,1,1.14,0.0,1.0,1.14,XGBoost
B004311,"BETAMETASONA CREMA TÓPICA 0,05%",MEDICAMENTOS,2022-07,1,2.77,5.9,4.0,2.77,XGBoost
B004332,"BETAMETASONA UNGÜENTO TÓPICO 0,05% x 40G",MEDICAMENTOS,2022-07,1,1.03,7.09,4.33,4.33,Media móvil
B005701,BETAMETASONA 4MG/1ML SOL. INYECTABLE,MEDICAMENTOS,2022-07,1,31.06,14.76,27.67,27.67,Media móvil
B008011,BIPERIDENO 2MG TABLETA,MEDICAMENTOS,2022-07,1,9.26,18.13,17.67,17.67,Media móvil
B010021,BISACODILO 5MG TABLETA,MEDICAMENTOS,2022-07,1,425.53,524.16,421.33,524.16,Regresión Lineal
B012011,"BROMOCRIPTINA 2,5MG TABLETA",MEDICAMENTOS,2022-07,1,1.21,0.0,2.67,2.67,Media móvil
BISAPRO,BISOPROLOL TABLETA 10MG,MEDICAMENTOS,2022-07,1,1.06,0.0,0.33,1.06,XGBoost
C0000005,CARVEDILOL TABLETA 25MG,MEDICAMENTOS,2022-07,1,1.95,0.0,0.0,1.95,XGBoost
C0000008,CASPOFUNGINA 70MG POLVO LIOFILIZADO ,MEDICAMENTOS,2022-07,1,5.72,1.95,8.67,5.72,XGBoost
C0000019,CETIRIZINA 10MG TABLETA ,MEDICAMENTOS,2022-07,1,0.03,31.43,9.33,9.33,Media móvil
C0000028,CLARITROMICINA TABLETA 500MG,MEDICAMENTOS,2022-07,1,168.16,53.06,113.0,168.16,XGBoost
C0000030,CLINDAMICINA CÁPSULA 300MG,MEDICAMENTOS,2022-07,1,1.74,1.33,1.33,1.74,XGBoost
C0000035,CLOPIDOGREL TABLETA 75MG,MEDICAMENTOS,2022-07,1,191.69,228.76,196.67,228.76,Regresión Lineal
C0000047,"CARVEDILOL TABLETA 12,5MG",MEDICAMENTOS,2022-07,1,83.2,89.04,76.0,89.04,Regresión Lineal
C001011,CALCIO CARBONATO 600MG TABLETA ,MEDICAMENTOS,2022-07,1,191.23,81.36,122.33,191.23,XGBoost
C002701,CALCIO GLUCONATO SOL. INYECTABLE 10%/10ML,MEDICAMENTOS,2022-07,1,227.15,213.82,300.67,227.15,XGBoost
C003101,"CALCITRIOL 0,25MCG CÁPSULA ",MEDICAMENTOS,2022-07,1,33.0,47.15,56.33,33.0,XGBoost
C003102,"CALCITRIOL 0,50MCG CÁPSULA ",MEDICAMENTOS,2022-07,1,79.0,45.99,59.67,79.0,XGBoost
C004011,CAPTOPRIL 25MG TABLETA ,MEDICAMENTOS,2022-07,1,0.44,8.02,19.0,19.0,Media móvil
C004012,CAPTOPRIL 50MG TABLETA ,MEDICAMENTOS,2022-07,1,0.0,31.43,9.33,9.33,Media móvil
C005011,CARBAMAZEPINA 200MG TABLETA ,MEDICAMENTOS,2022-07,1,145.06,93.79,121.33,145.06,XGBoost
C008142,CEFALEXINA 500MG CAPSULA ,MEDICAMENTOS,2022-07,1,10.54,36.6,33.33,33.33,Media móvil
C008232,CEFALEXINA 250MG/5ML POLVO PARA SOLUCION ORAL,MEDICAMENTOS,2022-07,1,0.81,0.0,0.33,0.81,XGBoost
C009141,CEFRADINA 500MG CÁPSULA ,MEDICAMENTOS,2022-07,1,1.31,0.0,0.0,0.0,Media móvil
C011723,CEFTRIAXONA 1G POLVO LIOFILIZADO,MEDICAMENTOS,2022-07,1,334.77,350.83,354.33,334.77,XGBoost
C014103,CICLOSPORINA 100MG CAPSULA,MEDICAMENTOS,2022-07,1,0.29,0.0,0.0,0.0,Media móvil
C015701,CIPROFLOXACINO 100MG/10ML SOL. INYECTABLE ,MEDICAMENTOS,2022-07,1,648.21,480.91,522.33,648.21,XGBoost
C019701,CLINDAMICINA 600MG SOL. INYECTABLE ,MEDICAMENTOS,2022-07,1,621.99,590.91,572.0,621.99,XGBoost
C022011,CLORAMBUCILO 2MG TABLETA,MEDICAMENTOS,2022-07,1,0.0,0.0,0.0,0.0,XGBoost
C031321,CLOTRIMAZOL CREMA TÓPICA 1% ,MEDICAMENTOS,2022-07,1,38.57,46.5,28.67,38.57,XGBoost
C031511,CLOTRIMAZOL CREMA VAGINAL 1%,MEDICAMENTOS,2022-07,1,3.56,1.06,3.33,3.56,XGBoost
C032013,CLOZAPINA TABLETA 100MG ,CONTROLADOS,2022-07,1,0.76,4.53,11.33,11.33,Media móvil
C034011,"COLCHICINA 0,5MG TABLETA",MEDICAMENTOS,2022-07,1,28.12,21.56,8.67,28.12,XGBoost
C035251,COLESTIRAMINA 4G POLVO PARA SOLUCIÓN ORAL,MEDICAMENTOS,2022-07,1,18.37,58.47,40.67,40.67,Media móvil
C041602,SODIO CROMOGLICATO SOLUCIÓN OFTÁLMICA 40MG/1ML (400MG/10ML),MEDICAMENTOS,2022-07,1,0.24,0.0,0.67,0.67,Media móvil
C044721,CEFAZOLINA 1G SOL. INYECTABLE ,MEDICAMENTOS,2022-07,1,215.2,51.34,208.67,208.67,Media móvil
C044723,CEFALOTINA 1G SOL. INYECTABLE ,MEDICAMENTOS,2022-07,1,814.05,762.57,564.0,814.05,XGBoost
C046101,CALCIO CARBONATO/VITAMINA D TABLETA 600MG/200UI,MEDICAMENTOS,2022-07,1,4.85,30.95,80.33,80.33,Media móvil
C047011,CLONIDINA 150MCG TABLETA ,MEDICAMENTOS,2022-07,1,823.13,839.15,862.0,862.0,Media móvil
D0000002,DEFLAZACORT 6 MG TABLETA,MEDICAMENTOS,2022-07,1,0.21,0.0,0.0,0.0,Media móvil
D0000005,"DESMOPRESINA SOLUCIÓN NASAL 10MCG/0,1ML (500MCG/5ML)",MEDICAMENTOS,2022-07,1,0.0,0.0,0.33,0.33,Media móvil
D0000011,DILTIAZEM 60MG TABLETA ,MEDICAMENTOS,2022-07,1,24.21,38.5,55.0,55.0,Media móvil
D0000020,"DIPIRONA 2,5G/5ML SOL. INYECTABLE ",MEDICAMENTOS,2022-07,1,4.43,18.39,62.0,62.0,Media móvil
D0000030,DIPIRONA 1G/2ML SOL. INYECTABLE ,MEDICAMENTOS,2022-07,1,6502.81,7150.88,6190.0,6502.81,XGBoost
D0000031,DAPTOMICINA POLVO LIOFILIZADO 500MG,MEDICAMENTOS,2022-07,1,1.25,15.57,8.0,15.57,Regresión Lineal
D0000038,"LEVOSIMENDAN SOLUCIÓN INYECTABLE 12,5MG/1ML",MEDICAMENTOS,2022-07,1,1.02,1.32,2.0,2.0,Media móvil
D002101,DANAZOL 200MG TABLETA},MEDICAMENTOS,2022-07,1,0.0,1.73,11.67,11.67,Media móvil
D005711,DEXAMETASONA 8MG/2ML SOL. INYECTABLE,MEDICAMENTOS,2022-07,1,345.32,295.19,418.33,345.32,XGBoost
D006701,DEXAMETASONA 4MG/1ML SOL. INYECTABLE ,MEDICAMENTOS,2022-07,1,146.63,293.33,224.0,146.63,XGBoost
D009701,DEXTROSA AL 5% AGUA DESTILADA 500 ML,MEDICAMENTOS,2022-07,1,197.85,150.94,216.67,197.85,XGBoost
D009702,DEXTROSA AL 10% AGUA DESTILADA 500 ML,MEDICAMENTOS,2022-07,1,199.64,212.18,260.0,260.0,Media móvil
D009705,DEXTROSA AL 10% AGUA DESTILADA 250 ML,MEDICAMENTOS,2022-07,1,77.82,76.27,87.67,77.82,XGBoost
D009706,DEXTROSA AL 5% AGUA DESTILADA 250 ML,MEDICAMENTOS,2022-07,1,531.7,574.08,693.33,693.33,Media móvil
D010701,DEXTROSA 5% EN SOL. SALINA 0.9% 500 ML,MEDICAMENTOS,2022-07,1,35.39,44.42,52.33,35.39,XGBoost
D015021,DICLOFENACO 50MG TABLETA ,MEDICAMENTOS,2022-07,1,4.37,9.24,7.0,4.37,XGBoost
D015701,DICLOFENACO 75MG/3ML SOL. INYECTABLE ,MEDICAMENTOS,2022-07,1,131.12,171.87,123.67,123.67,Media móvil
D018101,DIFENHIDRAMINA 50MG CAPSULA ,MEDICAMENTOS,2022-07,1,0.83,0.0,0.0,0.0,Media móvil
D018221,"DIFENHIDRAMINA JARABE 12,5MG/5ML (300MG/120ML)",MEDICAMENTOS,2022-07,1,4.28,0.0,3.67,4.28,XGBoost
D020201,"DIHIDROCODEINA JARABE 12,1MG/ML (294,4MG/120ML)",MEDICAMENTOS,2022-07,1,5.03,5.06,4.0,5.03,XGBoost
D020221,"DIFENHIDRAMINA JARABE 2,42MG/1ML (290,4MG/120ML)",MEDICAMENTOS,2022-07,1,6.07,5.42,5.67,5.67,Media móvil
D023011,DIMENHIDRINATO 50MG TABLETA,MEDICAMENTOS,2022-07,1,6.92,33.73,22.67,33.73,Regresión Lineal
D029701,DOPAMINA 200MG/5ML SOL. INYECTABLE ,MEDICAMENTOS,2022-07,1,1.97,13.95,35.33,35.33,Media móvil
D031141,DOXICICLINA 100MG TABLETA ,MEDICAMENTOS,2022-07,1,14.21,13.15,21.0,13.15,Regresión Lineal
D035701,DESMOPRESINA 15MCG/1ML SOL. INYECTABLE,MEDICAMENTOS,2022-07,1,1.32,0.0,1.33,1.32,XGBoost
E0000003,SODIO FOSFATO MONOBASICO SOLUCIÓN ORAL 133ML,MEDICAMENTOS,2022-07,1,0.37,5.07,3.0,3.0,Media móvil
E0000017,ERTAPENEM POLVO LIOFILIZADO 1G ,MEDICAMENTOS,2022-07,1,15.1,34.1,14.67,34.1,Regresión Lineal
E0000021,SODIO FOSFATO MONOBASICO/DIBASICO ENEMA RECTAL 16G/6G/133ML,MEDICAMENTOS,2022-07,1,4.59,14.93,7.0,14.93,Regresión Lineal
E0000034,ENTEROGERMINA SUSPENSIÓN ORAL 2000000000UI/5ML,MEDICAMENTOS,2022-07,1,0.76,0.0,0.33,0.33,Media móvil
E002011,ENALAPRIL 5MG TABLETA ,MEDICAMENTOS,2022-07,1,175.19,129.76,174.0,175.19,XGBoost
E002012,ENALAPRIL 20MG TABLETA ,MEDICAMENTOS,2022-07,1,177.24,129.52,171.0,177.24,XGBoost
E007141,ERITROMICINA 500MG TABLETA ,MEDICAMENTOS,2022-07,1,5.51,4.52,20.67,20.67,Media móvil
E007231,ERITROMICINA 250MG/5ML SUSPENSION ORAL,MEDICAMENTOS,2022-07,1,0.36,5.19,2.0,5.19,Regresión Lineal
E008011,ESPIRONOLACTONA 25MG TABLETA ,MEDICAMENTOS,2022-07,1,455.32,640.16,482.67,455.32,XGBoost
E008012,ESPIRONOLACTONA 100MG TABLETA ,MEDICAMENTOS,2022-07,1,71.86,85.34,63.0,71.86,XGBoost
E010721,ESTREPTOQUINASA 750.000UI POLVO LIOFILIZADO,MEDICAMENTOS,2022-07,1,0.16,0.0,1.0,1.0,Media móvil
E020722,ERITROPOYETINA 2.000UI/ML SOL. INYECTABLE,MEDICAMENTOS,2022-07,1,114.4,73.75,92.67,114.4,XGBoost
E038162,EFAVIRENZ 600MG TABLETA,MEDICAMENTOS,2022-07,1,3.88,1.89,6.67,6.67,Media móvil
F0000005,"FLUMAZENIL 0,5MG/5ML  SOL. INYECTABLE",MEDICAMENTOS,2022-07,1,0.22,0.0,0.67,0.67,Media móvil
F002141,FENITOINA 100MG TABLETA ,MEDICAMENTOS,2022-07,1,143.75,96.69,162.33,143.75,XGBoost
F002231,FENITOINA 125MG/5ML SUSPENSION ORAL,MEDICAMENTOS,2022-07,1,1.52,6.3,2.33,1.52,XGBoost
F008701,FITOMENADIONA 10MG/1ML SOL. INYECTABLE (VITAMINA K),MEDICAMENTOS,2022-07,1,75.43,62.73,71.33,71.33,Media móvil
F009101,FLUCONAZOL 200MG CAPSULA ,MEDICAMENTOS,2022-07,1,80.76,136.65,127.67,136.65,Regresión Lineal
F009701,FLUCONAZOL 200MG/100ML SOL. INYECTABLE,MEDICAMENTOS,2022-07,1,245.77,179.86,285.67,179.86,Regresión Lineal
F013141,FLUOXETINA 20M GCAPSULA ,MEDICAMENTOS,2022-07,1,8.97,71.12,36.0,36.0,Media móvil
F013201,FLUOXETINA 20MG/5ML JARABE,MEDICAMENTOS,2022-07,1,0.31,0.0,0.0,0.0,Media móvil
F014011,FOLICO ÁCIDO 1MG TABLETA,MEDICAMENTOS,2022-07,1,393.52,347.91,414.67,393.52,XGBoost
F015011,FOLINICO ÁCIDO 15MG TABLETA ,MEDICAMENTOS,2022-07,1,0.74,6.42,2.33,6.42,Regresión Lineal
F015701,CALCIO FOLINATO 50MG/5ML SOL. INYECTABLE,MEDICAMENTOS,2022-07,1,0.58,2.22,14.33,14.33,Media móvil
F017011,FUROSEMIDA 40MG TABLETA ,MEDICAMENTOS,2022-07,1,353.49,265.04,303.0,265.04,Regresión Lineal
F017701,FUROSEMIDA 20MG/2ML SOL. INYECTABLE,MEDICAMENTOS,2022-07,1,1040.2,1002.64,1118.67,1040.2,XGBoost
G0000001,GABAPENTIN CÁPSULA 300MG,MEDICAMENTOS,2022-07,1,10.62,0.0,0.0,0.0,Media móvil
G002011,GEMFIBROZIL 600MG TABLETA ,MEDICAMENTOS,2022-07,1,0.23,0.0,1.33,1.33,Media móvil
G003601,GENTAMICINA SOL. OFTÁLMICA 0.3% GOTAS,MEDICAMENTOS,2022-07,1,3.32,2.41,3.33,3.32,XGBoost
G003703,GENTAMICINA 80MG/2ML SOL. INYECTABLE ,MEDICAMENTOS,2022-07,1,92.12,108.79,112.0,108.79,Regresión Lineal
G003704,GENTAMICINA 160MG/2ML SOL. INYECTABLE ,MEDICAMENTOS,2022-07,1,20.63,19.09,32.67,20.63,XGBoost
G006702,GONADOTROPINA CRIONICA 5000 UI/ML SOL. INYECTABLE,MEDICAMENTOS,2022-07,1,0.11,0.0,0.33,0.33,Media móvil
H0000002,HIDROXICINA TABLETA 25MG,MEDICAMENTOS,2022-07,1,152.29,531.44,238.0,152.29,XGBoost
H0000004,L-ASPARTATO/L-ORNITINA SOLUCIÓN INYECTABLE 5G/10ML,MEDICAMENTOS,2022-07,1,16.97,17.84,10.33,16.97,XGBoost
H0000005,L-ASPARTATO/L-ORNITINA GRANULOS PARA SUSPENCIÓN ORAL 3G,MEDICAMENTOS,2022-07,1,2.87,3.72,7.0,7.0,Media móvil
H001201,HALOPERIDOL 2MG/20 GOTAS SOL. ORAL,MEDICAMENTOS,2022-07,1,16.81,22.57,16.33,22.57,Regresión Lineal
H001701,HALOPERIDOL 5MG/1ML SOL. INYECTABLE ,MEDICAMENTOS,2022-07,1,159.69,206.31,173.33,206.31,Regresión Lineal
H004701,HEPARINA SODICA 5.000 UI/ML SOL. INYECTABLE,MEDICAMENTOS,2022-07,1,94.81,112.13,128.0,128.0,Media móvil
H006011,HIDROCLOROTIAZIDA TABLETA 25MG,MEDICAMENTOS,2022-07,1,135.83,83.58,111.0,135.83,XGBoost
H007321,HIDROCORTISONA ACETATO CREMA TÓPICA 1%,MEDICAMENTOS,2022-07,1,1.9,4.04,1.67,1.9,XGBoost
H008721,HIDROCORTISONA POLVO LIOFILIZADO 100MG,MEDICAMENTOS,2022-07,1,314.59,266.77,300.33,314.59,XGBoost
H011161,FERROSO SULFATO 300MG TABLETA ,MEDICAMENTOS,2022-07,1,59.2,43.55,94.33,94.33,Media móvil
H011201,FERROSO SULFATO SOLUCIÓN ORAL 25MG/1ML GOTAS,MEDICAMENTOS,2022-07,1,1.41,0.0,0.67,0.67,Media móvil
H013021,N-BUTILBROMURO HIOSCINA TABLETA 10MG,MEDICAMENTOS,2022-07,1,14.01,27.01,19.33,14.01,XGBoost
H013701,N-BUTILBROMURO HIOSCINA SOL. INYECTABLE 20MG/1ML,MEDICAMENTOS,2022-07,1,312.14,437.67,341.67,312.14,XGBoost
H014701,HIDROXICINA CLORHIDRATO SOL. 100MG/1ML,MEDICAMENTOS,2022-07,1,20.64,30.4,25.33,20.64,XGBoost
H019701,"N-BUTILBROMURO HIOSCINA/DIPIRONA SOL. INYECTABLE 2,5G/5ML",MEDICAMENTOS,2022-07,1,400.07,592.34,453.0,592.34,Regresión Lineal
I00000006,INSULINA LISPRO SOL. INYECTABLE 100UI/ML x 10ML (1000UI),MEDICAMENTOS,2022-07,1,2.53,3.64,2.33,2.53,XGBoost
I00000007,"IVERMECTINA SOL. ORAL 0,6% GOTAS x 5ML",MEDICAMENTOS,2022-07,1,1.74,2.51,6.0,6.0,Media móvil
I0000012,CLOSTRIDIOPEPTIDASA UNGÜENTO TÓPICO 120UI/40G,MEDICAMENTOS,2022-07,1,0.23,0.0,0.0,0.0,Media móvil
I002011,IBUPROFENO TABLETA 400MG,MEDICAMENTOS,2022-07,1,1.84,8.39,14.67,14.67,Media móvil
I004721,IMIPENEM/CILASTATINA 500MG/500MG POLVO LIOFILIZADO ,MEDICAMENTOS,2022-07,1,0.0,269.34,77.0,77.0,Media móvil
I005022,IMIPRAMINA TABLETA 25MG,MEDICAMENTOS,2022-07,1,9.39,0.0,0.0,0.0,Media móvil
I007701,INMUNOGLOBULINA ANTI-D SOLUCIÓN INYECTABLE 300MCG/2ML,MEDICAMENTOS,2022-07,1,2.13,1.49,4.0,2.13,XGBoost
I008701,INSULINA ZINC CRISTALINA SOL. INYECTABLE 100UI/ML x 10ML (1000UI),MEDICAMENTOS,2022-07,1,16.96,12.89,14.33,16.96,XGBoost
I009711,INSULINA ZINC NPH SOL. INYECTABLE 100UI/ML x 10ML (1000UI),MEDICAMENTOS,2022-07,1,0.65,0.25,1.0,1.0,Media móvil
I017471,IPRATROPIO BROMURO SUSPENSIÓN PARA INHALACIÓN 20MCG//1PUFF/200PUFF,MEDICAMENTOS,2022-07,1,42.51,36.25,30.0,42.51,XGBoost
I020011,ISOSORBIDE DINITRATO 10MG TABLETA,MEDICAMENTOS,2022-07,1,9.27,0.0,2.33,9.27,XGBoost
I020061,ISOSORBIDE DINITRATO TABLETA 5MG,MEDICAMENTOS,2022-07,1,2.97,2.53,3.0,2.97,XGBoost
I021701,IBANDRONICO ÁCIDO SOLUCIÓN INYECTABLE 6MG,MEDICAMENTOS,2022-07,1,0.05,0.0,0.33,0.33,Media móvil
J000006,METFORMINA/SITAGLIPTINA TABLETA 1000MG/50MG,MEDICAMENTOS,2022-07,1,2.62,0.0,0.0,0.0,Media móvil
K0000008,POLIETILENGLICOL/SODIO SULFATO/SODIO BICARBONATO/SODIO CLORURO/POTASIO CLORURO P,MEDICAMENTOS,2022-07,1,54.57,75.27,74.67,75.27,Regresión Lineal
K002101,KETOCONAZOL TABLETA 200MG,MEDICAMENTOS,2022-07,1,0.31,3.59,9.33,9.33,Media móvil
L0000005,LAMOTRIGINA TABLETA 100MG,MEDICAMENTOS,2022-07,1,0.72,18.24,6.0,6.0,Media móvil
L0000006,LEVOFLOXACINA TABLETA 500MG,MEDICAMENTOS,2022-07,1,1.42,0.0,1.0,1.0,Media móvil
L0000009,LABETALOL SOLUCIÓN INYECTABLE 100MG/20ML,MEDICAMENTOS,2022-07,1,7.76,40.26,22.67,40.26,Regresión Lineal
L000001,BACLOFENO TABLETA 10MG,MEDICAMENTOS,2022-07,1,0.77,0.0,0.0,0.77,XGBoost
L0000017,INSULINA GLARGINA 100UI/ML x 10 ML (1000UI) SOL. INYECTABLE ,MEDICAMENTOS,2022-07,1,38.76,26.68,30.33,30.33,Media móvil
L00006,NEVIRAPINA SUSPENSIÓN ORAL 10MG/1ML (2400MG/240ML),MEDICAMENTOS,2022-07,1,0.07,0.0,0.0,0.0,Regresión Lineal
L001141,LAMIVUDINA 150 MG TABLETA,MEDICAMENTOS,2022-07,1,0.74,0.0,0.0,0.0,Media móvil
L003011,LEVODOPA/CARBIDOPA TABLETA 250MG/25MG,MEDICAMENTOS,2022-07,1,16.25,59.71,21.33,16.25,XGBoost
L004011,LEVOMEPROMAZINA TABLETA 25MG,MEDICAMENTOS,2022-07,1,3.97,27.86,8.33,8.33,Media móvil
L004201,LEVOMEPROMAZINA 4MG/ML SOLUCION ORAL,MEDICAMENTOS,2022-07,1,2.06,1.14,2.67,2.06,XGBoost
L006011,LEVOTIROXINA TABLETA 50MCG,MEDICAMENTOS,2022-07,1,265.57,357.5,240.0,265.57,XGBoost
L006012,LEVOTIROXINA TABLETA 100MCG,MEDICAMENTOS,2022-07,1,87.6,74.26,55.0,87.6,XGBoost
L015141,LOPERAMIDA TABLETA 2MG,MEDICAMENTOS,2022-07,1,450.56,346.3,439.33,450.56,XGBoost
L016011,LORATADINA TABLETA 10MG,MEDICAMENTOS,2022-07,1,147.46,217.02,170.67,217.02,Regresión Lineal
L018011,LOVASTATINA TABLETA 20MG,MEDICAMENTOS,2022-07,1,1.21,0.0,0.0,0.0,Media móvil
L021161,LOSARTAN TABLETA 50MG,MEDICAMENTOS,2022-07,1,1819.85,1726.26,1859.67,1726.26,Regresión Lineal
M0000005,METOPROLOL SOL. INYECTABLE 5MG/5ML,MEDICAMENTOS,2022-07,1,3.99,0.0,2.67,2.67,Media móvil
M0000009,MOXIFLOXACINA TABLETA 400MG,MEDICAMENTOS,2022-07,1,0.97,0.0,5.33,5.33,Media móvil
M0000015,MEMANTINA TBL. 10 MG,MEDICAMENTOS,2022-07,1,0.32,0.0,0.0,0.32,XGBoost
M001701,MAGNESIO SULFATO SOLUCIÓN INYECTABLE 20%/10ML,MEDICAMENTOS,2022-07,1,364.16,305.9,360.33,364.16,XGBoost
M002702,MANITOL AL 20 % SOL. INYECTABLE x 500 ML,MEDICAMENTOS,2022-07,1,5.81,3.71,9.33,9.33,Media móvil
M009011,MERCAPTOPURINA TBL. 50 MG,MEDICAMENTOS,2022-07,1,0.7,18.46,14.0,14.0,Media móvil
M011011,METFORMINA TABLETA 850MG,MEDICAMENTOS,2022-07,1,22.62,45.82,17.67,22.62,XGBoost
M013721,METILPREDNISOLONA SUCCINATO 500MG POLVO LIOFILIZADO ,MEDICAMENTOS,2022-07,1,36.05,52.29,52.0,36.05,XGBoost
M015011,METOCARBAMOL TABLETA 750MG,MEDICAMENTOS,2022-07,1,3.22,0.0,3.0,3.22,XGBoost
M016011,METOCLOPRAMIDA TABLETA 10MG,MEDICAMENTOS,2022-07,1,46.24,28.78,50.67,46.24,XGBoost
M016701,METOCLOPRAMIDA SOLUCIÓN INYECTABLE 10MG/2ML,MEDICAMENTOS,2022-07,1,889.87,1390.13,859.33,889.87,XGBoost
M017161,METOPROLOL TABLETA 50MG,MEDICAMENTOS,2022-07,1,621.44,507.37,530.67,530.67,Media móvil
M017162,METOPROLOL TARTRATO TABLETA 100MG,MEDICAMENTOS,2022-07,1,4.23,13.22,6.67,4.23,XGBoost
M020012,METRONIDAZOL 500MG TABLETA ,MEDICAMENTOS,2022-07,1,44.85,224.42,118.0,224.42,Regresión Lineal
M020501,METRONIDAZOL OVULO VAGINAL 500MG,MEDICAMENTOS,2022-07,1,4.3,21.37,11.33,21.37,Regresión Lineal
M021701,METRONIDAZOL 500MG/100ML SOL. INYECTABLE,MEDICAMENTOS,2022-07,1,178.04,266.93,224.0,224.0,Media móvil
M022232,METRONIDAZOL SUSPENSIÓN ORAL 250MG/5ML X 120ML),MEDICAMENTOS,2022-07,1,1.69,0.0,1.67,1.69,XGBoost
M026161,MINOXIDIL TABLETA 10MG,MEDICAMENTOS,2022-07,1,119.65,111.32,151.0,151.0,Media móvil
M026541,MESALAZINA ENEMA RECTAL 4G/60ML,MEDICAMENTOS,2022-07,1,0.17,0.0,0.0,0.17,XGBoost
M026721,MEROPENEM POLVO LIOFILIZADO 500MG,MEDICAMENTOS,2022-07,1,48.32,32.71,32.67,48.32,XGBoost
MAT527,INTRODUCTOR 8.5FR/S109880,DISPOSITIVOS MEDICO,2022-07,1,0.24,0.0,0.67,0.67,Media móvil
N0000002,"NITROFURAZONA POMADA 0,2%/40G",MEDICAMENTOS,2022-07,1,0.1,0.0,0.0,0.0,Regresión Lineal
N0000003,NOREPINEFRINA SOL. INYECTABLE 4MG/4ML,MEDICAMENTOS,2022-07,1,969.69,702.36,1035.33,702.36,Regresión Lineal
N0000018,NITAZOXANIDA TABLETA 500MG,MEDICAMENTOS,2022-07,1,42.93,82.0,167.0,167.0,Media móvil
N0000019,ESOMEPRAZOL 20MG TABLETA ,MEDICAMENTOS,2022-07,1,148.83,109.58,133.67,148.83,XGBoost
N0000020,ESOMEPRAZOL 40MG TABLETA ,MEDICAMENTOS,2022-07,1,177.7,68.59,117.0,177.7,XGBoost
N0000030,ESOMEPRAZOL 40MG SOL. INYECTABLE ,MEDICAMENTOS,2022-07,1,194.03,98.13,193.67,194.03,XGBoost
N001701,"NALOXONA 0,4MG/1ML SOL. INYECTABLE",MEDICAMENTOS,2022-07,1,0.49,0.0,0.67,0.67,Media móvil
N002141,NAPROXENO TABLETA 250MG,MEDICAMENTOS,2022-07,1,9.19,62.85,30.33,30.33,Media móvil
N008141,NIMODIPINO TABLETA 30MG,MEDICAMENTOS,2022-07,1,131.87,638.87,269.67,269.67,Media móvil
N009231,NISTATINA SUSPENSIÓN ORAL 100000UI/1ML (6000000UI/60ML),MEDICAMENTOS,2022-07,1,16.21,18.57,18.67,18.67,Media móvil
N009321,NISTATINA CREMA 100.000 UI/GR ,MEDICAMENTOS,2022-07,1,1.83,0.18,3.0,1.83,XGBoost
N010142,NITROFURANTOINA TABLETA 100MG,MEDICAMENTOS,2022-07,1,0.52,0.0,0.0,0.0,Media móvil
N011701,NITROGLICERINA SOLUCIÓN INYECTABLE 50MG/10ML,MEDICAMENTOS,2022-07,1,0.57,0.0,1.0,0.57,XGBoost
P0000002,"PEGFILGRASTIM SOL. INYECTABLE 6MG/0,6ML",MEDICAMENTOS,2022-07,1,1.67,0.0,1.67,1.67,Media móvil
P0000003,PENTOXIFILINA TABLETA 400MG,MEDICAMENTOS,2022-07,1,1.03,0.46,0.67,0.46,Regresión Lineal
P0000013,PREGABALINA CÁPSULA 150MG,MEDICAMENTOS,2022-07,1,9.24,19.2,11.33,11.33,Media móvil
P0000020,PRALIDOXIMA POLVO LIOFILIZADO 200MG,MEDICAMENTOS,2022-07,1,0.6,11.86,23.33,23.33,Media móvil
P0000025,POLIMIXINA B SOLUCIÓN INYECTABLE 500000UI,MEDICAMENTOS,2022-07,1,2.92,47.6,56.33,56.33,Media móvil
P001701,PANCURONIO SOL. INYECTABLE 4MG/2ML,MEDICAMENTOS,2022-07,1,0.22,0.0,0.67,0.67,Media móvil
P005721,PENICILINA G BENZATINICA POLVO LIOFILIZADO 1200000UI,MEDICAMENTOS,2022-07,1,0.1,0.0,0.33,0.33,Media móvil
P005722,PENICILINA G BENZATINICA POLVO LIOFILIZADO 2400000UI,MEDICAMENTOS,2022-07,1,1.67,4.17,5.33,5.33,Media móvil
P007721,PENICILINA G CRISTALINA POLVO LIOFILIZADO 1000000UI,MEDICAMENTOS,2022-07,1,351.67,246.93,434.67,351.67,XGBoost
P012141,PIRANTEL PAMOATO TABLETA 250MG,MEDICAMENTOS,2022-07,1,0.17,0.0,0.0,0.17,XGBoost
P012231,PIRANTEL PAMOATO SUSPENSIÓN ORAL 250MG/5ML (750MG/15ML),MEDICAMENTOS,2022-07,1,0.0,0.0,0.33,0.33,Media móvil
P022701,POTASIO CLORURO 20MEQ/10ML SOL. INYECTABLE,MEDICAMENTOS,2022-07,1,2070.93,1743.62,1892.67,2070.93,XGBoost
P026011,PRAZOSINA TABLETA 1MG,MEDICAMENTOS,2022-07,1,992.88,754.93,1043.0,754.93,Regresión Lineal
P027011,PREDNISOLONA TABLETA 5MG,MEDICAMENTOS,2022-07,1,559.65,742.01,481.0,742.01,Regresión Lineal
P035011,PROPRANOLOL TABLETA 40MG,MEDICAMENTOS,2022-07,1,139.51,117.88,114.33,117.88,Regresión Lineal
P036701,PROTAMINA SOLUCIÓN INYECTABLE 5000UI,MEDICAMENTOS,2022-07,1,0.38,0.37,1.0,1.0,Media móvil
P039701,"POTASIO FOSFATO DIBASICO/MONOBASICO SOLUCIÓN INYECTABLE 3,8MEQ/2,6MM/1ML (38MEQ",MEDICAMENTOS,2022-07,1,35.45,52.22,34.67,35.45,XGBoost
R0000009,ROCIVERINA SOLUCIÓN INYECTABLE 20MG/2ML,MEDICAMENTOS,2022-07,1,1.14,0.0,0.0,1.14,XGBoost
R0000014,ROSUVASTATINA TABLETA 20MG,MEDICAMENTOS,2022-07,1,4.77,19.93,6.33,4.77,XGBoost
R001011,RANITIDINA TABLETA 150MG,MEDICAMENTOS,2022-07,1,369.55,321.13,325.33,325.33,Media móvil
R001701,RANITIDINA SOL. INYECTABLE 50MG/2ML,MEDICAMENTOS,2022-07,1,1555.22,1566.12,1402.33,1402.33,Media móvil
R002251,POLIESTIRENO SULFONATO CÁLCICO POLVO PARA SUSPENSIÓN ORAL 15G,MEDICAMENTOS,2022-07,1,117.96,96.44,140.33,117.96,XGBoost
R005101,RIFAMPICINA CÁPSULA 300MG,MEDICAMENTOS,2022-07,1,36.91,42.44,24.0,36.91,XGBoost
R008703,AGUA ESTERIL PARA IRRIGACION 3000 ML ,MEDICAMENTOS,2022-07,1,24.98,27.29,35.33,24.98,XGBoost
R009141,RITONAVIR TABLETA 100MG,MEDICAMENTOS,2022-07,1,0.72,0.0,0.0,0.0,Media móvil
S0000002,SECNIDAZOL TABLETA 500MG,MEDICAMENTOS,2022-07,1,0.25,0.0,0.0,0.0,Media móvil
S0000012,"BUDESONIDA/FORMOTEROL SUSPENSIÓN PARA INHALACIÓN 160MCG/4,5MCG/1PUFF/120PUFF",MEDICAMENTOS,2022-07,1,1.94,2.81,1.33,1.94,XGBoost
S003701,SODIO BICARBONATO SOLUCIÓN INYECTABLE 1MEQ/1ML (10MEQ/10ML),MEDICAMENTOS,2022-07,1,533.45,540.47,632.67,632.67,Media móvil
S004702,SODIO CLORURO SOL. INYECTABLE 20MEQ/10ML,MEDICAMENTOS,2022-07,1,1431.05,1396.81,1440.67,1440.67,Media móvil
S010721,NITROPRUSIATO POLVO LIOFILIZADO 50MG,MEDICAMENTOS,2022-07,1,27.56,45.25,50.67,50.67,Media móvil
S013701,SUCCINILCOLINA SOLUCIÓN INYECTABLE 10%/10ML,MEDICAMENTOS,2022-07,1,0.2,0.0,1.33,1.33,Media móvil
S014011,SUCRALFATO TABLETA 1G,MEDICAMENTOS,2022-07,1,494.2,272.99,564.0,564.0,Media móvil
S020011,SULFASALAZINA TABLETA 500MG,MEDICAMENTOS,2022-07,1,0.57,2.08,7.33,7.33,Media móvil
T0000001,TIGECICLINA 50MG POLVO PARA RECONSTITUCION,MEDICAMENTOS,2022-07,1,11.44,3.46,17.67,17.67,Media móvil
T0000003,TIZANIDINA TABLETA 2MG,MEDICAMENTOS,2022-07,1,0.4,0.0,0.0,0.0,Media móvil
T0000006,TRIMEBUTINA SOL. INYECTABLE 50MG/5ML,MEDICAMENTOS,2022-07,1,0.31,0.0,0.0,0.0,Media móvil
T0000007,TRIMEBUTINA MALEATO TABLETA 200MG,MEDICAMENTOS,2022-07,1,0.18,0.0,0.0,0.0,Media móvil
T001011,TALIDOMIDA TABLETA 100MG,MEDICAMENTOS,2022-07,1,0.75,0.0,0.0,0.75,XGBoost
T002012,TAMOXIFENO TABLETA 20MG,MEDICAMENTOS,2022-07,1,0.37,27.86,8.33,8.33,Media móvil
T004151,TEOFILINA CAPSULA 125MG,MEDICAMENTOS,2022-07,1,0.52,18.33,5.67,5.67,Media móvil
T005461,TERBUTALINA SUSPENSIÓN PARA INHALACIÓN 10MG//1ML/10ML,MEDICAMENTOS,2022-07,1,0.0,0.0,0.33,0.33,Media móvil
T005701,"TERBUTALINA SOLUCIÓN INYECTABLE 0,5MG/1ML",MEDICAMENTOS,2022-07,1,0.0,0.0,0.33,0.33,Media móvil
T008101,TETRACICLINA TABLETA 500MG,MEDICAMENTOS,2022-07,1,0.12,0.0,0.0,0.0,Media móvil
T009141,TIAMINA 300MG TABLETA ,MEDICAMENTOS,2022-07,1,4.01,8.92,18.0,18.0,Media móvil
T009701,TIAMINA 1000MG/10ML SOL. INYECTABLE,MEDICAMENTOS,2022-07,1,7.02,11.59,12.67,7.02,XGBoost
T011602,TIMOLOL SOLUCIÓN OFTÁLMICA 5MG/1ML,MEDICAMENTOS,2022-07,1,0.12,0.0,0.0,0.0,Media móvil
T012011,TINIDAZOL TABLETA 500MG,MEDICAMENTOS,2022-07,1,9.05,26.57,44.33,44.33,Media móvil
T019701,"TOXOIDE TETANICO SOL. INYECTABLE 40UI/0,5ML",MEDICAMENTOS,2022-07,1,0.15,0.0,0.33,0.33,Media móvil
T020201,TRAMADOL SOL. ORAL 100MG/1ML,MEDICAMENTOS,2022-07,1,4.36,0.74,2.67,2.67,Media móvil
T020701,TRAMADOL SOL. INYECTABLE 50MG/1ML,MEDICAMENTOS,2022-07,1,1100.1,902.32,950.67,1100.1,XGBoost
T020702,TRAMADOL SOL. INYECTABLE 100MG/2ML,MEDICAMENTOS,2022-07,1,35.61,11.17,24.0,35.61,XGBoost
T023011,TRAZODONA TABLETA 50MG,MEDICAMENTOS,2022-07,1,378.01,526.27,381.0,378.01,XGBoost
T025011,TRIMETOPRIM/SULFAMETOXAZOL TABLETA 80MG/400MG,MEDICAMENTOS,2022-07,1,0.73,0.0,0.0,0.73,XGBoost
V000000013,VORICONAZOL TABLETA 200MG,MEDICAMENTOS,2022-07,1,3.44,28.54,46.33,46.33,Media móvil
V0000002,VALGANCICLOVIR TBL. 450 MG,MEDICAMENTOS,2022-07,1,0.21,0.0,0.0,0.0,Media móvil
V0000004,VALSARTAN TABLETA 160MG,MEDICAMENTOS,2022-07,1,8.84,1.83,13.33,13.33,Media móvil
V0000005,VALSARTAN TABLETA 80MG,MEDICAMENTOS,2022-07,1,1.64,2.73,9.67,9.67,Media móvil
V0000011,VORICONAZOL POLVO LIOFILIZADO 200MG,MEDICAMENTOS,2022-07,1,2.02,157.8,58.0,157.8,Regresión Lineal
V0000012,VASOPRESINA 20UI/ML SOL. INYECTABLE ,MEDICAMENTOS,2022-07,1,53.92,49.7,66.33,53.92,XGBoost
V0000013,TRIMETAZIDINA TABLETA 35MG,MEDICAMENTOS,2022-07,1,2.82,2.85,1.33,2.85,Regresión Lineal
V011141,VALPROICO ÁCIDO CÁPSULA 250MG,MEDICAMENTOS,2022-07,1,393.88,634.39,457.67,634.39,Regresión Lineal
V012221,VALPROICO ÁCIDO JARABE 250MG/5ML X 120ML,MEDICAMENTOS,2022-07,1,3.68,3.43,14.0,14.0,Media móvil
V013721,VANCOMICINA 500MG POLVO LIOFILIZADO ,MEDICAMENTOS,2022-07,1,1612.93,1885.06,1658.33,1885.06,Regresión Lineal
V015721,VECURONIO BROMURO POLVO LIOFILIZADO 10MG,MEDICAMENTOS,2022-07,1,150.21,140.98,240.67,150.21,XGBoost
V016011,VERAPAMILO TABLETA 120MG,MEDICAMENTOS,2022-07,1,4.52,5.28,12.33,12.33,Media móvil
V016141,VERAPAMILO TABLETA 80MG,MEDICAMENTOS,2022-07,1,4.39,20.61,22.0,22.0,Media móvil
Z001201,ZIDOVUDINA SOLUCIÓN ORAL 10MG/1ML X 240ML,MEDICAMENTOS,2022-07,1,0.21,0.0,0.0,0.0,Regresión Lineal
Z002721,ZOLEDRONICO ÁCIDO POLVO LIOFILIZADO 4MG/5ML ,MEDICAMENTOS,2022-07,1,0.56,0.0,1.0,0.56,XGBoost
0002101,OMEPRAZOL CÁPSULA 20MG,MEDICAMENTOS,2022-08,2,1741.2,1763.9,1638.35,1741.2,XGBoost
0004721,OXACILINA POLVO LIOFILIZADO 1G,MEDICAMENTOS,2022-08,2,0.01,1.3,5.44,5.44,Media móvil
0006422,"OXIMETAZOLINA SOLUCIÓN NASAL 0,05% ",MEDICAMENTOS,2022-08,2,0.3,1.5,1.44,1.44,Media móvil
100317,"LACTULOSA SOLUCIÓN ORAL 66,7%/15ML",MEDICAMENTOS,2022-08,2,173.05,202.09,170.48,173.05,XGBoost
103662,PALIVIZUMAB POLVO LIOFILIZADO 50 MG,MEDICAMENTOS,2022-08,2,1.51,1.04,2.02,1.51,XGBoost
105719,CLARITROMICINA 250MG/5ML GRANULOS PARA RECONSTITUIR A SUSPENSION ORAL,MEDICAMENTOS,2022-08,2,0.3,0.0,0.11,0.11,Media móvil
110028,"EPOPROSTENOL POLVO LIOFILIZADO 1,5MG",MEDICAMENTOS,2022-08,2,0.35,0.0,0.0,0.0,Media móvil
118494,DEXAMETASONA SOLUCIÓN OFTÁLMICA 5ML,MEDICAMENTOS,2022-08,2,1.0,0.0,1.38,1.0,XGBoost
119580,N-ACETILCISTEINA GRANULOS PARA SUSPENCIÓN ORAL 200MG,MEDICAMENTOS,2022-08,2,0.25,0.0,0.0,0.0,Media móvil
120804,CARBOXIMETILCELULOSA 0.5 % SOL. OFTALMICA ,MEDICAMENTOS,2022-08,2,0.14,0.0,0.22,0.14,XGBoost
120898,"FRESUBIN HP ENERGY SOLUCIÓN ORAL 1,5KCAL/1ML (1500KCAL/1000ML) ALIMENTO LÍQUIDO ",NUTRICION,2022-08,2,29.06,192.76,140.89,140.89,Media móvil
120900,"(FRESUBIN HP ENERGY SOLUCIÓN ORAL 1,5KCAL/1ML (750KCAL/500ML)) ALIMENTO LÍQUIDO ",NUTRICION,2022-08,2,118.38,42.47,125.32,125.32,Media móvil
125690,FINASTERIDE 5MG TABLETA ,MEDICAMENTOS,2022-08,2,0.14,0.0,0.1,0.14,XGBoost
129788,POSACONAZOL 100MG TABLETA,MEDICAMENTOS,2022-08,2,0.0,0.0,0.0,0.0,XGBoost
131059,HIDROXICLOROQUINA SULFATO TABLETA 200MG,MEDICAMENTOS,2022-08,2,0.0,266.81,112.89,112.89,Media móvil
131589,"TIOTROPIO BROMURO SUSPENSIÓN PARA INHALACIÓN 2,5MCG/1PUFF/60PUFF",MEDICAMENTOS,2022-08,2,1.05,0.0,1.0,1.05,XGBoost
134746,LEVETIRACETAM SOL. INYECTABLE 500MG/5ML,MEDICAMENTOS,2022-08,2,198.23,116.7,157.26,116.7,Regresión Lineal
136905,CICLOSERINA 250MG TABLETA ,MEDICAMENTOS,2022-08,2,0.0,19.1,8.0,8.0,Media móvil
145329,DEXMEDETOMIDINA 200MCG/2ML SOL. INYECTABLE,MEDICAMENTOS,2022-08,2,405.74,538.63,454.72,405.74,XGBoost
145537,CISATRACURIO 10MG/5ML SOL. INYECTABLE,MEDICAMENTOS,2022-08,2,0.0,175.58,67.56,67.56,Media móvil
145933,LEVOTIROXINA SODICA TABLETA 25MCG,MEDICAMENTOS,2022-08,2,67.99,61.63,60.33,60.33,Media móvil
151766,CLOBAZAM TABLETA 10 MG ,CONTROLADOS,2022-08,2,10.49,9.17,18.78,10.49,XGBoost
152912,PARACETAMOL SOLUCIÓN INYECTABLE 1G/100ML,MEDICAMENTOS,2022-08,2,26.42,6.84,10.51,26.42,XGBoost
153257,ANFOTERICINA B LIPOSOMAL 50MG POLVO LIOFILIZADO 50MG,MEDICAMENTOS,2022-08,2,38.36,20.25,42.44,42.44,Media móvil
157471,OCTEOTRIDE ACETATO SOLUCIÓN INYECTABLE 20MG,MEDICAMENTOS,2022-08,2,11.92,0.0,1.83,11.92,XGBoost
160729,LEVETIRACETAM 1000MG TABLETA,MEDICAMENTOS,2022-08,2,0.0,0.0,3.22,3.22,Media móvil
162236,INSULINA DEGLUDEC SOL. INYECTABLE 100UI/ML x 3 ML,MEDICAMENTOS,2022-08,2,3.07,3.4,3.91,3.07,XGBoost
162378,ACETAMINOFEN/HIDROCODONA TABLETA 325MG/5MG,MEDICAMENTOS,2022-08,2,0.52,0.0,0.0,0.0,Media móvil
162558,LEVOFLOXACINA SOLUCIÓN INYECTABLE 500MG/100ML,MEDICAMENTOS,2022-08,2,6.98,25.33,16.89,16.89,Media móvil
162958,INDACATEROL/GLICOPIRRONIO POLVO PARA INHALACIÓN EN CÁPSULA 110MCG/50MCG,MEDICAMENTOS,2022-08,2,17.17,4.49,10.86,10.86,Media móvil
164333,FOSFOMICINA DISODICA 4G POLVO LIOFILIZADO ,MEDICAMENTOS,2022-08,2,0.91,7.27,6.56,6.56,Media móvil
171762,"NEPRO BP SOLUCIÓN ORAL 1,8KCAL/1ML (426,6KCAL/237ML)) ALIMENTO PARA PROPÓSITOS",NUTRICION,2022-08,2,5.9,31.58,18.33,18.33,Media móvil
19973360,DOBUTAMINA 250MG/20ML SOL. INYECTABLE,MEDICAMENTOS,2022-08,2,35.8,27.44,34.33,34.33,Media móvil
200061,SENSOR NEONATAL ADHESIVO M-LNCS PARA EQUIPOS  MARCA MASIMO,DISPOSITIVOS MEDICO,2022-08,2,0.8,0.0,1.35,1.35,Media móvil
200072,SENSOR SPO2 NEONATAL EM0602,DISPOSITIVOS MEDICO,2022-08,2,0.17,0.0,0.04,0.17,XGBoost
2001990802,SACCHAROMYCES BOULARDII POLVO PARA SUSPENSIÓN ORAL 250MG,MEDICAMENTOS,2022-08,2,2.73,0.0,0.0,0.0,Media móvil
20039341,TICAGRELOR TABLETA 90MG,MEDICAMENTOS,2022-08,2,0.84,0.0,0.52,0.52,Media móvil
6421,"OXIMETAZOLINA SOLUCIÓN NASAL 0, 025% ",MEDICAMENTOS,2022-08,2,0.24,0.0,0.15,0.15,Media móvil
700010,NIFEDIPINO CÁPSULA 10MG,MEDICAMENTOS,2022-08,2,167.86,211.88,222.14,167.86,XGBoost
700021,ALFAMETILDOPA TABLETA 250MG,MEDICAMENTOS,2022-08,2,20.97,19.43,13.67,13.67,Media móvil
700067,TRIMETOPRIM/SULFAMETOXAZOL TABLETA 160MG/800MG,MEDICAMENTOS,2022-08,2,66.94,78.58,81.76,66.94,XGBoost
700131,CLOTRIMAZOL 100MG TABLETA VAGINAL,MEDICAMENTOS,2022-08,2,1.73,0.0,1.29,1.73,XGBoost
700142,WARFARINA SODICA TABLETA 5MG,MEDICAMENTOS,2022-08,2,75.53,28.84,26.22,75.53,XGBoost
700145,DIOSMINA TABLETA 500MG,MEDICAMENTOS,2022-08,2,0.0,21.44,8.89,8.89,Media móvil
700203,MUPIROCINA UNGÜENTO TÓPICO 2%/15G,MEDICAMENTOS,2022-08,2,0.13,0.0,0.44,0.44,Media móvil
700245,SULFADIAZINA DE PLATA CREMA TOPICA 1% ,MEDICAMENTOS,2022-08,2,0.22,0.0,0.11,0.11,Media móvil
700290,"BETAMETILDIGOXINA 0,6MG/ML/45 GOTAS SOLUCIÓN ORAL ",MEDICAMENTOS,2022-08,2,1.29,0.0,1.07,1.29,XGBoost
700302,GLUTAPAK 10 ENTEREX ALIMENTO 15g,NUTRICION,2022-08,2,0.22,0.44,1.22,1.22,Media móvil
700307,PREPARADO MAGISTRAL DE OMEPRAZOL ENTERAL 20 MG/10 ML,MEDICAMENTOS,2022-08,2,9.82,122.5,87.79,122.5,Regresión Lineal
700308,PREPARADO MAGISTRAL DE NIFEDIPINO ENTERAL 30 MG/ 10 ML,MEDICAMENTOS,2022-08,2,0.0,19.1,8.0,8.0,Media móvil
700310,TROPICAMIDA 1% 15ML SOLUCION OFTALMICA,MEDICAMENTOS,2022-08,2,0.07,0.0,0.11,0.11,Media móvil
700319,circuito neonatal REFERENCIA MP02650,DISPOSITIVOS MEDICO,2022-08,2,1.41,2.33,3.33,3.33,Media móvil
700320,LEVETIRACETAM 100 MG/ML SOLUCION ORAL x 300 ML,MEDICAMENTOS,2022-08,2,0.43,2.75,1.78,2.75,Regresión Lineal
700326,IPRATROPIO BROMURO SOL. PARA INHALACIÓN 250MCG/1ML x 20ML,MEDICAMENTOS,2022-08,2,3.53,0.38,1.11,1.11,Media móvil
700401,SUCRALFATO SUSPENSIÓN ORAL 20%/200ML,MEDICAMENTOS,2022-08,2,1.35,0.0,0.69,1.35,XGBoost
700410,EQUIPO PERFUSOR 50CC,DISPOSITIVOS MEDICO,2022-08,2,1.48,0.0,1.85,1.48,XGBoost
700422,FENOBARBITAL SOLUCIÓN ORAL 4MG/1ML ,CONTROLADOS,2022-08,2,0.81,0.0,0.57,0.81,XGBoost
700441,POTASIO GLUCONATO ELIXIR 20MEQ/15ML ,MEDICAMENTOS,2022-08,2,35.69,39.15,30.55,39.15,Regresión Lineal
700525,PROPOFOL EMULSIÓN INYECTABLE 1%/20ML,MEDICAMENTOS,2022-08,2,1.52,2.47,2.62,1.52,XGBoost
700543,MIDAZOLAM 5MG/5ML SOL. INYECTABLE,CONTROLADOS,2022-08,2,9277.57,14359.48,12366.9,9277.57,XGBoost
700544,SOMATOSTATINA POLVO LIOFILIZADO 3MG,MEDICAMENTOS,2022-08,2,1.81,52.16,41.78,41.78,Media móvil
700550,ROCURONIO BROMURO SOLUCIÓN INYECTABLE 50MG/5ML,MEDICAMENTOS,2022-08,2,0.0,15.88,17.78,17.78,Media móvil
700554,ASCORBICO ACIDO 500MG/5ML SOL. INYECTABLE (VITAMINA C),MEDICAMENTOS,2022-08,2,265.19,197.25,241.77,265.19,XGBoost
700567,ALIZAPRIDA SOL. INYECTABLE 50MG,MEDICAMENTOS,2022-08,2,0.15,0.0,0.0,0.0,Media móvil
700572,"METILERGOMETRINA SOL. INYECTABLE 0,2MG ",CONTROLADOS,2022-08,2,0.32,0.0,0.14,0.32,XGBoost
700575,"ENOXAPARINA 20MG/0,2ML SOL. INYECTABLE ",MEDICAMENTOS,2022-08,2,119.58,91.85,99.73,119.58,XGBoost
700577,"ENOXAPARINA 60MG/0,6ML SOL. INYECTABLE ",MEDICAMENTOS,2022-08,2,393.3,331.57,369.86,393.3,XGBoost
700578,"ENOXAPARINA 80MG/0,8ML SOL. INYECTABLE ",MEDICAMENTOS,2022-08,2,156.04,122.9,131.53,156.04,XGBoost
700587,MEPERIDINA 100MG/2ML SOL. INYECTABLE,CONTROLADOS,2022-08,2,40.7,46.52,47.11,40.7,XGBoost
700605,INMUNOGLOBULINA HUMANA NORMAL  6 GR/200ML SOL. INYECTABLE,MEDICAMENTOS,2022-08,2,11.07,0.0,1.55,11.07,XGBoost
700628,CLARITROMICINA 500MG POLVO LIOFILIZADO ,MEDICAMENTOS,2022-08,2,203.1,359.38,342.56,203.1,XGBoost
700629,FOSFOLIPIDOS NATURALES 200MG/8ML SUSPENSION INYECTABLE (SURFACTANTE PULMONAR),MEDICAMENTOS,2022-08,2,3.57,5.49,4.78,5.49,Regresión Lineal
700630,ALPROSTADIL SOLUCIÓN INYECTABLE 500MCG/1ML,MEDICAMENTOS,2022-08,2,0.5,0.0,0.44,0.44,Media móvil
700631,"OCTREOTIDE SOLUCIÓN INYECTABLE 0,1MG/1ML",MEDICAMENTOS,2022-08,2,14.4,0.0,2.38,14.4,XGBoost
700634,MEROPENEM POLVO LIOFILIZADO 1000 MG,MEDICAMENTOS,2022-08,2,1624.88,1664.99,1710.33,1624.88,XGBoost
700639,ANFOTERICINA B 50MG POLVO LIOFILIZADO ,MEDICAMENTOS,2022-08,2,6.58,63.55,39.89,63.55,Regresión Lineal
700640,TRIMETOPRIM/SULFAMETOXAZOL  80MG/400MG/5ML SOL. INYECTABLE,MEDICAMENTOS,2022-08,2,717.18,622.85,768.22,768.22,Media móvil
700644,ADENOSINA 6MG/2ML SOL. INYECTABLE ,MEDICAMENTOS,2022-08,2,0.4,0.0,0.13,0.4,XGBoost
700645,CEFEPIME 1G POLVO LIOFILIZADO,MEDICAMENTOS,2022-08,2,829.43,828.54,930.89,930.89,Media móvil
700646,MILRINONA SOL. INYECTABLE 10MG/10ML,MEDICAMENTOS,2022-08,2,73.67,19.88,46.67,46.67,Media móvil
700651,KETOPROFENO SOLUCIÓN INYECTABLE 100MG/2ML,MEDICAMENTOS,2022-08,2,0.18,0.0,0.0,0.0,Media móvil
700694,LIDOCAINA CLORHIDRATO 2% JALEA 30G,MEDICAMENTOS,2022-08,2,144.4,204.97,136.61,144.4,XGBoost
700741,SACUBITRIL/ VALSARTAN 50 MG TABLETA,MEDICAMENTOS,2022-08,2,14.18,35.38,28.44,28.44,Media móvil
700749,"BUDESONIDA SUSPENSIÓN PARA INHALACIÓN 0,5MG/1ML (1MG/2ML)",MEDICAMENTOS,2022-08,2,2.28,4.33,4.07,2.28,XGBoost
700757,SALBUTAMOL 5 MG SOL. PARA NEBULIZACIÓN X 10 ML,MEDICAMENTOS,2022-08,2,0.83,0.0,0.95,0.95,Media móvil
700762,LIDOCAINA CLORHIDRATO SOLUCIÓN TÓPICA 10%/80G,MEDICAMENTOS,2022-08,2,0.32,0.0,0.11,0.11,Media móvil
700779,FENOBARBITAL TABLETA 100MG ,CONTROLADOS,2022-08,2,0.48,0.0,0.0,0.0,Media móvil
700786,GASA VASELINADA,DISPOSITIVOS MEDICO,2022-08,2,1.23,0.0,0.44,0.44,Media móvil
700791,DEGARELIX 80 MG POLVO PARA RECONSTITUCION,MEDICAMENTOS,2022-08,2,0.0,0.0,0.33,0.33,Media móvil
700800,HALOPERIDOL 5MG TABLETA  ,MEDICAMENTOS,2022-08,2,4.35,18.77,37.47,18.77,Regresión Lineal
700809,"PIPERACILINA/TAZOBACTAM POLVO LIOFILIZADO 4,5G",MEDICAMENTOS,2022-08,2,3820.14,2938.36,3085.78,3085.78,Media móvil
700813,FOSFOLIPIDOS NATURALES 100MG/4ML SUSPENSION INYECTABLE (SURFACTANTE PULMONAR),MEDICAMENTOS,2022-08,2,2.44,1.01,2.89,2.89,Media móvil
700815,"FOSFOLIPIDOS NATURALES 120MG/1,5ML SUSPENSION INYECTABLE SURFACTANTE PULMONAR)",MEDICAMENTOS,2022-08,2,1.71,2.49,2.44,1.71,XGBoost
700817,"BUPIVACAINA 0,5% x 10ML SOL. INYECTABLE",MEDICAMENTOS,2022-08,2,0.07,0.0,0.0,0.0,Regresión Lineal
700820,DALTEPARINA SODICA 2.500 UI (ANTIFACTOR XA)  SOL. INYECTABLE,MEDICAMENTOS,2022-08,2,80.25,92.11,78.79,80.25,XGBoost
700821,DALTEPARINA SODICA 5.000 UI (ANTIFACTOR XA) SOL. INYECTABLE,MEDICAMENTOS,2022-08,2,9.94,6.46,28.71,28.71,Media móvil
700850,TRANEXAMICO ACIDO 500MG  SOL. INYECTABLE,MEDICAMENTOS,2022-08,2,130.07,127.27,110.33,110.33,Media móvil
700851,AGUA ESTERIL PARA INYECCION 5ML,MEDICAMENTOS,2022-08,2,2973.96,2771.72,2897.07,2771.72,Regresión Lineal
700860,EPINEFRINA 1MG/ML SOL. INYECTABLE ,MEDICAMENTOS,2022-08,2,89.56,65.71,57.27,89.56,XGBoost
700873,URSODEOXICOLICO ACIDO TABLETA 600MG,MEDICAMENTOS,2022-08,2,2.79,0.0,0.76,2.79,XGBoost
700883,"FENTANYL 0,5MG/10ML SOL. INYECTABLE",CONTROLADOS,2022-08,2,1302.98,1654.2,1581.49,1302.98,XGBoost
700887,"BETAMETILDIGOXINA 0,2MG/2ML SOL. INYECTABLE",MEDICAMENTOS,2022-08,2,33.89,29.62,35.59,33.89,XGBoost
700893,FENITOINA 250MG/5ML SOL. INYECTABLE ,MEDICAMENTOS,2022-08,2,174.42,107.77,174.8,174.42,XGBoost
700895,"AMPICILINA/SULBACTAM 1,5G POLVO LIOFILIZADO ",MEDICAMENTOS,2022-08,2,3614.16,3449.29,3206.89,3206.89,Media móvil
700901,COMPLEJO B SOLUCIÓN INYECTABLE 10ML,MEDICAMENTOS,2022-08,2,0.11,0.0,0.0,0.0,Regresión Lineal
700907,"FITOMENADIONA 2MG/0,2ML SOL. INYECTABLE (VITAMINA K)",MEDICAMENTOS,2022-08,2,3.51,0.47,3.49,3.49,Media móvil
700917,CLEMASTINA SOLUCIÓN INYECTABLE 2MG,MEDICAMENTOS,2022-08,2,0.31,0.0,0.0,0.0,Regresión Lineal
700944,METILPREDNISOLONA SUCCINATO 40MG/ML SOL. INYECTABLE,MEDICAMENTOS,2022-08,2,0.74,0.0,0.86,0.74,XGBoost
700948,MEDROXIPROGESTERONA ACETATO SUSPENSIÓN INYECTABLE 50MG/ML (150MG/3ML),MEDICAMENTOS,2022-08,2,23.64,11.77,23.25,11.77,Regresión Lineal
700949,METILPREDNISOLONA ACETATO 40MG/ML SUSPENSION INYECTABLE,MEDICAMENTOS,2022-08,2,0.37,0.0,0.0,0.0,Regresión Lineal
700964,"ENSURE PLUS HN SOLUCIÓN ORAL 1,5KCAL/1ML (355,5KCAL/237ML) ALIMENTO DE USO ESPEC",NUTRICION,2022-08,2,78.92,37.42,38.44,78.92,XGBoost
700966,JEVITY SOLUCIÓN ORAL 1KCAL/1ML (1500KCAL/1500ML)) ALIMENTO PARA PROPÓSITOS MÉD,NUTRICION,2022-08,2,16.69,26.35,32.09,26.35,Regresión Lineal
700967,"ENSURE PLUS HN SOLUCIÓN ORAL 1,5KCAL/1ML (1500KCAL/1000ML) ALIMENTO DE USO ESPEC",NUTRICION,2022-08,2,17.84,18.47,12.28,17.84,XGBoost
700968,"ENSURE SOLUCIÓN ORAL 1,05KCAL/1ML (248,9KCAL/237ML) ALIMENTO LIQUIDO CON PROTEÍN",NUTRICION,2022-08,2,101.08,133.07,111.64,133.07,Regresión Lineal
700971,"(OSMOLITE HN PLUS SOLUCIÓN ORAL 1,2KCAL/1ML (1800KCAL/1500ML)) ALIMENTO PARA PR",NUTRICION,2022-08,2,11.92,13.11,21.0,21.0,Media móvil
700974,GLUCERNA SOLUCIÓN ORAL 1KCAL/1ML (1500KCAL/1500ML)) ALIMENTO LÍQUIDO PARA PROP,NUTRICION,2022-08,2,24.13,22.71,21.49,24.13,XGBoost
700975,(NUTREN SOLUCIÓN ORAL 1KCAL/1ML (250KCAL/250ML)) ALIMENTO LÍQUIDO PARA USOS NUT,NUTRICION,2022-08,2,241.23,176.85,223.51,176.85,Regresión Lineal
700980,(PEPTAMEN PREBIO SOL. ORAL 1KCAL/1ML (250KCAL/250ML)) ALIMENTO LIQUIDO CON PROTE,NUTRICION,2022-08,2,3.43,174.82,69.33,69.33,Media móvil
700997,SODIO BICARBONATO POLVO SOL. ORAL x 2.8 GRAMOS,MEDICAMENTOS,2022-08,2,0.4,0.0,0.44,0.44,Media móvil
701003,BUDESONIDA 100 MCG/PUFF x 200 PUFF,MEDICAMENTOS,2022-08,2,0.12,0.0,0.11,0.12,XGBoost
701035,"BETAMETILDIGOXINA TABLETA 0,1MG",MEDICAMENTOS,2022-08,2,0.08,23.61,10.22,10.22,Media móvil
701079,PREDNISONA TABLETA 50MG,MEDICAMENTOS,2022-08,2,45.39,245.06,168.38,245.06,Regresión Lineal
701175,PROPAFENONA TABLETA 150MG,MEDICAMENTOS,2022-08,2,0.54,2.25,10.67,10.67,Media móvil
701210,METIMAZOL TABLETA 5MG,MEDICAMENTOS,2022-08,2,177.16,98.78,136.88,98.78,Regresión Lineal
701277,BOLSA NUTRICION ENTERAL 1500 ML,DISPOSITIVOS MEDICO,2022-08,2,84.43,122.55,108.59,122.55,Regresión Lineal
701278,SET ENTERAL TAPA ROSCA Y PUNZON,DISPOSITIVOS MEDICO,2022-08,2,8.37,4.5,16.44,16.44,Media móvil
701279,EQUIPO CON PUNZON EN CRUZ AMIKA ,DISPOSITIVOS MEDICO,2022-08,2,476.41,449.46,521.44,521.44,Media móvil
701289,TRANEXAMICO ÁCIDO TABLETA 500MG,MEDICAMENTOS,2022-08,2,5.21,2.58,2.0,2.0,Media móvil
701399,AGUA ESTERIL PARA INYECCION 500ML,MEDICAMENTOS,2022-08,2,341.8,255.26,293.11,293.11,Media móvil
701405,PROLENE 2 0 8423T (CT1)75CM,DISPOSITIVOS MEDICO,2022-08,2,0.15,0.0,0.11,0.11,Media móvil
701428,SEDA 2-0 185T (SC26)45CM ,DISPOSITIVOS MEDICO,2022-08,2,5.32,6.75,13.0,6.75,Regresión Lineal
701429,SEDA 2-0 623H (KS)75CM  ,DISPOSITIVOS MEDICO,2022-08,2,26.72,22.99,43.78,43.78,Media móvil
701442,DEXTROSA 50% EN AGUA DESTILADA 500 ML,MEDICAMENTOS,2022-08,2,0.84,0.0,0.97,0.84,XGBoost
701452,NITROGLICERINA SOLUCIÓN INYECTABLE 50MG/250ML,MEDICAMENTOS,2022-08,2,33.62,25.11,35.34,33.62,XGBoost
701479,"SODIO CLORURO ENEMA RECTAL 2,5G/1000ML",MEDICAMENTOS,2022-08,2,24.1,28.13,26.24,24.1,XGBoost
701694,DUODERM CGF 20 X 20 CM/8X8,MEDICAMENTOS,2022-08,2,9.89,6.45,7.11,7.11,Media móvil
701715,DUODERM ET 10X10/4X4   ,DISPOSITIVOS MEDICO,2022-08,2,3.08,4.87,3.27,3.08,XGBoost
701725,DUODERM GEL TBX30GR,MEDICAMENTOS,2022-08,2,2.23,0.0,2.44,2.44,Media móvil
701727,DUODERM PASTA TBX30GR ,MEDICAMENTOS,2022-08,2,0.12,0.0,0.0,0.0,Regresión Lineal
701829,SURGICEL 4X8 REF 1952 (10.2CMX20.3CM) ,DISPOSITIVOS MEDICO,2022-08,2,0.15,0.0,0.0,0.0,Media móvil
701833,TEGADERM 10CMX12CM REF 1626W ,MEDICAMENTOS,2022-08,2,0.23,5.14,3.67,3.67,Media móvil
701835,TEGADERM 6CMX7CM REF 1624W X100 ,DISPOSITIVOS MEDICO,2022-08,2,0.0,21.26,9.44,9.44,Media móvil
701841,ALGODON LAMINADO 4X5,DISPOSITIVOS MEDICO,2022-08,2,0.59,0.0,0.56,0.59,XGBoost
701842,ALGODON LAMINADO 5X5,DISPOSITIVOS MEDICO,2022-08,2,0.05,0.34,0.89,0.89,Media móvil
701843,ALGODON LAMINADO 6X5,DISPOSITIVOS MEDICO,2022-08,2,9.77,1.19,8.0,9.77,XGBoost
701847,BACTIGRAS 10X10 ,DISPOSITIVOS MEDICO,2022-08,2,23.8,11.17,17.12,23.8,XGBoost
701848,BACTIGRAS 15X20 ,DISPOSITIVOS MEDICO,2022-08,2,79.37,78.29,65.78,65.78,Media móvil
701849,BACTIGRAS 5X5 ,DISPOSITIVOS MEDICO,2022-08,2,1.13,0.0,1.44,1.13,XGBoost
701853,VENDA SEMIELASTICA 3X4.1,DISPOSITIVOS MEDICO,2022-08,2,0.0,2.94,12.44,12.44,Media móvil
701854,VENDA SEMIELASTICA 4X4.1    ,DISPOSITIVOS MEDICO,2022-08,2,5.56,20.16,16.0,20.16,Regresión Lineal
701855,VENDA SEMIELASTICA 6X4.1  ,DISPOSITIVOS MEDICO,2022-08,2,69.91,54.53,31.0,69.91,XGBoost
701863,VENDA ELASTICA 4X5  ,DISPOSITIVOS MEDICO,2022-08,2,2.02,0.0,1.72,2.02,XGBoost
701864,VENDA ELASTICA 5X5 ,DISPOSITIVOS MEDICO,2022-08,2,11.13,1.2,4.22,11.13,XGBoost
701865,VENDA ELASTICA 6X5,DISPOSITIVOS MEDICO,2022-08,2,86.7,55.79,60.37,86.7,XGBoost
701866,VENDA ELASTICA 3X5 ,DISPOSITIVOS MEDICO,2022-08,2,0.25,0.0,0.0,0.0,Media móvil
701930,PRESTOBARBA    ,DISPOSITIVOS MEDICO,2022-08,2,51.32,43.64,51.58,51.32,XGBoost
701942,BATA T/XL (BATA PACIENTE),DISPOSITIVOS MEDICO,2022-08,2,15.96,0.48,9.11,15.96,XGBoost
701943,BATON QUIRURGICO,DISPOSITIVOS MEDICO,2022-08,2,108.25,1.54,20.67,108.25,XGBoost
701954,BARRERA STOMAHESIVE 45 50MM,DISPOSITIVOS MEDICO,2022-08,2,0.82,0.0,0.96,0.82,XGBoost
701961,CATETER TROCAR RECTO 10FR (TUBO TORAX),DISPOSITIVOS MEDICO,2022-08,2,9.63,0.4,8.81,9.63,XGBoost
701962,CATETER TROCAR RECTO 20FR,DISPOSITIVOS MEDICO,2022-08,2,0.19,0.0,0.0,0.0,Regresión Lineal
701964,CATETER TROCAR RECTO 28FR ,DISPOSITIVOS MEDICO,2022-08,2,0.12,0.0,1.0,1.0,Media móvil
701965,CATETER TROCAR RECTO 32FR,DISPOSITIVOS MEDICO,2022-08,2,0.47,0.38,0.84,0.47,XGBoost
701966,CATETER TROCAR RECTO 36FR,DISPOSITIVOS MEDICO,2022-08,2,0.13,0.0,0.05,0.13,XGBoost
701977,VENDA YESO 4X5  ,DISPOSITIVOS MEDICO,2022-08,2,0.18,0.0,0.06,0.18,XGBoost
701978,VENDA YESO 5X5    ,DISPOSITIVOS MEDICO,2022-08,2,0.12,0.0,0.89,0.89,Media móvil
701979,VENDA YESO 6X5 ,DISPOSITIVOS MEDICO,2022-08,2,0.2,0.0,0.04,0.2,XGBoost
701996,SUNITINIB 50 MG CAPSULA,MEDICAMENTOS,2022-08,2,0.0,0.0,2.56,2.56,Media móvil
702017,SONDA ENTERAL 6FR (ALIMENTACION)  ,DISPOSITIVOS MEDICO,2022-08,2,0.16,0.0,0.0,0.0,Media móvil
702019,SONDA ENTERAL 12FR X 43 (ALIMENTACION)   ,DISPOSITIVOS MEDICO,2022-08,2,53.71,68.51,78.56,78.56,Media móvil
702020,SONDA FOLEY 2 VÍAS 16FRX5CM    ,DISPOSITIVOS MEDICO,2022-08,2,0.37,0.0,2.89,2.89,Media móvil
702021,SONDA FOLEY 2 VIAS 16FRX30CM   ,DISPOSITIVOS MEDICO,2022-08,2,26.11,22.76,21.96,26.11,XGBoost
702022,SONDA FOLEY 2 VÍAS 18FRX5CM ,DISPOSITIVOS MEDICO,2022-08,2,10.03,0.0,3.0,10.03,XGBoost
702023,SONDA FOLEY 2 VÍAS 18FRX30CM    ,DISPOSITIVOS MEDICO,2022-08,2,8.84,26.54,23.11,26.54,Regresión Lineal
702024,SONDA FOLEY 2 VIAS 14FRX5CM,DISPOSITIVOS MEDICO,2022-08,2,1.74,1.58,1.38,1.74,XGBoost
702025,SONDA FOLEY 2 VÍAS 12FRX5CM,DISPOSITIVOS MEDICO,2022-08,2,0.2,0.42,0.89,0.89,Media móvil
702028,SONDA FOLEY 2 VÍAS 24FRX5CM    ,DISPOSITIVOS MEDICO,2022-08,2,0.07,0.0,0.0,0.0,Regresión Lineal
702029,SONDA FOLEY 2 VÍAS 24FRX5CM-30CM    ,DISPOSITIVOS MEDICO,2022-08,2,0.19,0.0,0.67,0.67,Media móvil
702031,SONDA FOLEY 2 VÍAS 22FRX30CM    ,DISPOSITIVOS MEDICO,2022-08,2,0.64,2.69,2.33,2.33,Media móvil
702032,SONDA FOLEY 2 VÍAS 20FRX15CM    ,DISPOSITIVOS MEDICO,2022-08,2,1.11,0.0,1.33,1.11,XGBoost
702033,SONDA FOLEY 2 VÍAS 20FRX30CM   ,DISPOSITIVOS MEDICO,2022-08,2,0.84,0.63,3.11,3.11,Media móvil
702035,SONDA FOLEY 3 VÍAS 20FRX30CM       ,DISPOSITIVOS MEDICO,2022-08,2,1.04,0.25,1.0,1.0,Media móvil
702037,SONDA FOLEY 3 VÍAS 22FRX30CM     ,DISPOSITIVOS MEDICO,2022-08,2,0.75,0.14,1.33,1.33,Media móvil
702039,SONDA FOLEY 3 VÍAS 24FRX30CM    ,DISPOSITIVOS MEDICO,2022-08,2,0.14,3.91,2.33,2.33,Media móvil
702040,SONDA NASOGASTRICA # 6 ,DISPOSITIVOS MEDICO,2022-08,2,0.98,0.0,0.24,0.98,XGBoost
702041,SONDA NASOGASTRICA # 8,DISPOSITIVOS MEDICO,2022-08,2,0.33,0.24,1.56,1.56,Media móvil
702043,SONDA NASOGASTRICA # 12,DISPOSITIVOS MEDICO,2022-08,2,0.29,0.0,0.0,0.0,Regresión Lineal
702044,SONDA NASOGASTRICA # 14,DISPOSITIVOS MEDICO,2022-08,2,3.45,4.59,3.7,3.45,XGBoost
702045,SONDA NASOGASTRICA # 16   ,DISPOSITIVOS MEDICO,2022-08,2,23.97,10.6,17.71,23.97,XGBoost
702046,SONDA NASOGASTRICA # 18 ,DISPOSITIVOS MEDICO,2022-08,2,5.1,8.48,7.6,5.1,XGBoost
702047,SONDA NASOGASTRICA # 20,DISPOSITIVOS MEDICO,2022-08,2,0.89,0.0,0.44,0.44,Media móvil
702050,SONDA NELATON # 6 ,DISPOSITIVOS MEDICO,2022-08,2,188.24,284.7,201.66,188.24,XGBoost
702051,SONDA NELATON # 8,DISPOSITIVOS MEDICO,2022-08,2,82.0,72.96,63.68,82.0,XGBoost
702052,SONDA NELATON # 10   ,DISPOSITIVOS MEDICO,2022-08,2,17.28,18.08,28.23,17.28,XGBoost
702054,SONDA NELATON # 12 ,DISPOSITIVOS MEDICO,2022-08,2,38.04,21.48,41.68,21.48,Regresión Lineal
702055,SONDA NELATON # 14   ,DISPOSITIVOS MEDICO,2022-08,2,88.65,139.41,94.37,139.41,Regresión Lineal
702056,SONDA NELATON # 16 ,DISPOSITIVOS MEDICO,2022-08,2,5.11,16.43,11.28,16.43,Regresión Lineal
702057,SONDA NELATON # 18,DISPOSITIVOS MEDICO,2022-08,2,2.85,0.0,3.22,2.85,XGBoost
702058,SONDA NELATON # 20 ,DISPOSITIVOS MEDICO,2022-08,2,2.18,0.0,0.44,0.44,Media móvil
702060,S/SUCCION  6 1129,DISPOSITIVOS MEDICO,2022-08,2,16.8,33.87,28.33,28.33,Media móvil
702061,SONDA SUCCION # 8   ,DISPOSITIVOS MEDICO,2022-08,2,23.55,64.76,42.61,64.76,Regresión Lineal
702062,S/SUCCION 10  ,DISPOSITIVOS MEDICO,2022-08,2,0.84,0.0,1.01,0.84,XGBoost
702063,SONDA SUCCION # 12,DISPOSITIVOS MEDICO,2022-08,2,12.67,14.8,28.65,28.65,Media móvil
702064,SONDA SUCCION # 14  ,DISPOSITIVOS MEDICO,2022-08,2,1200.02,1369.4,1346.33,1346.33,Media móvil
702065,SONDA SUCCION # 16,DISPOSITIVOS MEDICO,2022-08,2,402.88,295.1,395.53,402.88,XGBoost
702069,S/TRACH-CARE 6FR S/CERRADO -196-4,DISPOSITIVOS MEDICO,2022-08,2,3.92,5.21,6.8,3.92,XGBoost
702070,S/TRACH-CARE 8FR S/CERRADO- 198-4,DISPOSITIVOS MEDICO,2022-08,2,5.57,7.21,6.19,5.57,XGBoost
702074,S/TRACH-CARE 14FR S/CERRADO/LARGA 22106,DISPOSITIVOS MEDICO,2022-08,2,88.48,72.5,84.46,88.48,XGBoost
702075,S/TRACH-CARE 16FR S/CERRADO/22606,DISPOSITIVOS MEDICO,2022-08,2,55.04,74.29,85.11,85.11,Media móvil
702077,BRAZALETE NEO/1,DISPOSITIVOS MEDICO,2022-08,2,0.47,1.44,1.59,1.59,Media móvil
702078,BRAZALETE NEO/2,DISPOSITIVOS MEDICO,2022-08,2,4.96,7.36,6.97,4.96,XGBoost
702079,BRAZALETE NEO/3,DISPOSITIVOS MEDICO,2022-08,2,19.31,10.61,16.58,19.31,XGBoost
702080,BRAZALETE NEO/4,DISPOSITIVOS MEDICO,2022-08,2,6.83,2.96,4.67,4.67,Media móvil
702085,CANULA NASAL OXIGENO NEONATAL,DISPOSITIVOS MEDICO,2022-08,2,2.68,0.0,1.78,2.68,XGBoost
702088,CANULA NASAL OXIGENO PEDIATRICA,DISPOSITIVOS MEDICO,2022-08,2,1.59,0.14,1.33,1.33,Media móvil
702089,CATETER UMBILICAL 3.5 FR,DISPOSITIVOS MEDICO,2022-08,2,6.23,15.44,9.3,6.23,XGBoost
702090,CATETER UMBILICAL 5.0FR,DISPOSITIVOS MEDICO,2022-08,2,9.54,14.79,11.84,9.54,XGBoost
702145,AGUJA 18X1.5,DISPOSITIVOS MEDICO,2022-08,2,3977.81,3688.16,4097.44,4097.44,Media móvil
702148,AGUJA 21GA X1 ,DISPOSITIVOS MEDICO,2022-08,2,0.35,0.0,0.55,0.55,Media móvil
702151,AGUJA 23X1,DISPOSITIVOS MEDICO,2022-08,2,1.52,4.0,5.67,5.67,Media móvil
702153,AGUJA 25GA X1,DISPOSITIVOS MEDICO,2022-08,2,0.05,0.0,0.89,0.89,Media móvil
702154,AGUJA 26GA X1/2 0,DISPOSITIVOS MEDICO,2022-08,2,0.0,2.53,8.0,8.0,Media móvil
702197,CATETER V/CT 16GX20CM/CV-04301-01CV50016,DISPOSITIVOS MEDICO,2022-08,2,1.38,0.0,0.11,0.11,Media móvil
702204,INTRODUCTOR 7.0FR/SI-09700 ARROW,DISPOSITIVOS MEDICO,2022-08,2,1.44,0.38,1.11,1.11,Media móvil
702207,JELCO 14G X 2-1/4 ,DISPOSITIVOS MEDICO,2022-08,2,0.34,0.0,0.0,0.0,Media móvil
702208,JELCO 16G X 2-1/4 LARGO,DISPOSITIVOS MEDICO,2022-08,2,0.73,1.3,2.22,2.22,Media móvil
702209,JELCO 18G X 1-1/4 ,DISPOSITIVOS MEDICO,2022-08,2,411.33,414.53,401.22,401.22,Media móvil
702210,JELCO 20G X 1-1/4,DISPOSITIVOS MEDICO,2022-08,2,699.99,623.72,740.25,623.72,Regresión Lineal
702211,CATETER INTRAVENOSO 22G X 1 ,DISPOSITIVOS MEDICO,2022-08,2,1471.94,1374.34,1419.67,1419.67,Media móvil
702212,JELCO 24G X 3/4,DISPOSITIVOS MEDICO,2022-08,2,185.21,201.77,194.36,185.21,XGBoost
702216,CATETER EPICUTANEO CAVA 24 G 2FR REF 218400,DISPOSITIVOS MEDICO,2022-08,2,9.05,3.22,6.78,6.78,Media móvil
702222,PERICRANEAL 23     ,DISPOSITIVOS MEDICO,2022-08,2,241.66,185.94,223.59,241.66,XGBoost
702226,PERIFIX 18GA C/A 4514017 ,DISPOSITIVOS MEDICO,2022-08,2,0.0,0.0,0.56,0.56,Media móvil
702228,SPINOCAN 18G 3/2   ,DISPOSITIVOS MEDICO,2022-08,2,2.2,7.02,4.48,4.48,Media móvil
702229,SPINOCAN 20G X31/2 ,DISPOSITIVOS MEDICO,2022-08,2,4.29,4.67,6.48,4.29,XGBoost
702230,SPINOCAN 22G X31/2  ,DISPOSITIVOS MEDICO,2022-08,2,3.13,3.1,4.56,4.56,Media móvil
702231,SPINOCAN 25X3.1/2,DISPOSITIVOS MEDICO,2022-08,2,0.33,0.0,0.0,0.0,Media móvil
702233,SPINOCAN 27G ,DISPOSITIVOS MEDICO,2022-08,2,0.16,0.0,0.0,0.0,Media móvil
702235,AGUJA SURECAN GRIPPER PLUS SEGURIDAD 20 GA  X19 MM REF-0821276724,DISPOSITIVOS MEDICO,2022-08,2,0.14,0.0,0.05,0.14,XGBoost
702240,GUANTE ESTERIL 6.5 (PAR),DISPOSITIVOS MEDICO,2022-08,2,52.29,198.74,169.78,169.78,Media móvil
702241,GUANTE ESTERIL 7.0 (PAR),DISPOSITIVOS MEDICO,2022-08,2,326.44,849.58,675.11,849.58,Regresión Lineal
702242,GUANTE ESTERIL 7.5 (PAR),DISPOSITIVOS MEDICO,2022-08,2,352.08,868.87,784.89,868.87,Regresión Lineal
702243,GUANTE ESTERIL 8.0 (PAR),DISPOSITIVOS MEDICO,2022-08,2,3.1,10.79,17.33,17.33,Media móvil
702249,BISTURI # 11 ,DISPOSITIVOS MEDICO,2022-08,2,119.09,167.11,133.88,167.11,Regresión Lineal
702251,BISTURI # 15 ,DISPOSITIVOS MEDICO,2022-08,2,7.89,5.92,8.22,8.22,Media móvil
702256,HEMINA 350 MG PANHEMATIN,MEDICAMENTOS,2022-08,2,0.29,0.0,0.0,0.0,Media móvil
702257,JERINGA 3ML,DISPOSITIVOS MEDICO,2022-08,2,3934.15,3923.29,4189.11,3923.29,Regresión Lineal
702258,JERINGA 5ML,DISPOSITIVOS MEDICO,2022-08,2,7026.64,6785.11,6903.45,6785.11,Regresión Lineal
702259,JERINGA 10ML ,DISPOSITIVOS MEDICO,2022-08,2,10025.94,12462.62,13329.43,12462.62,Regresión Lineal
702261,JERINGA 50ML ROSCA,DISPOSITIVOS MEDICO,2022-08,2,152.37,122.43,144.31,152.37,XGBoost
702262,JERINGA 50ML PUNTA CATETER,DISPOSITIVOS MEDICO,2022-08,2,87.27,106.3,106.21,106.3,Regresión Lineal
702263,JERINGA 1ML INSULINA,DISPOSITIVOS MEDICO,2022-08,2,2639.83,2428.34,2767.0,2767.0,Media móvil
702264,JERINGA DE GASES (JERINGA HEPARINIZADA),DISPOSITIVOS MEDICO,2022-08,2,1495.5,1288.99,1500.11,1500.11,Media móvil
702298,BARRERA STOMAHESIVE 38 MM ,DISPOSITIVOS MEDICO,2022-08,2,0.33,0.0,0.11,0.11,Media móvil
702302,BARRERA STOMAHESIVE 57 - 60 MM ,DISPOSITIVOS MEDICO,2022-08,2,14.34,12.37,16.22,16.22,Media móvil
702303,BARRERA STOMAHESIVE 70MM ,DISPOSITIVOS MEDICO,2022-08,2,8.16,22.24,14.89,8.16,XGBoost
702307,BARRERA STOMAHESIVE 32MM NINOS ,DISPOSITIVOS MEDICO,2022-08,2,0.65,0.0,0.16,0.65,XGBoost
702310,BARRERA STOMAHESIVE 20MMX20MM LISA ,DISPOSITIVOS MEDICO,2022-08,2,15.37,12.66,17.68,15.37,XGBoost
702321,BOLSA OSTOMIA 32MM NINOS ,DISPOSITIVOS MEDICO,2022-08,2,0.32,0.0,0.14,0.32,XGBoost
702323,BOLSA OSTOMIA OP/57 - 60 MM ,DISPOSITIVOS MEDICO,2022-08,2,12.28,9.6,14.02,12.28,XGBoost
702324,BOLSA OSTOMIA OP /70MM ,DISPOSITIVOS MEDICO,2022-08,2,7.4,23.43,15.0,15.0,Media móvil
702326,BOLSA OSTOMIA  OP45MM ,DISPOSITIVOS MEDICO,2022-08,2,0.53,0.0,1.56,1.56,Media móvil
702358,CYSTOFLOW 2000 ML ADULTO,DISPOSITIVOS MEDICO,2022-08,2,79.98,69.36,72.53,69.36,Regresión Lineal
702368,LLAVE DE 3 VIAS,DISPOSITIVOS MEDICO,2022-08,2,276.5,234.51,267.44,276.5,XGBoost
702377,BURETROL,DISPOSITIVOS MEDICO,2022-08,2,1110.53,768.08,927.78,768.08,Regresión Lineal
702381,EQUIPO MACROGOTEO S/A (SOLO CX E IMAGENES),DISPOSITIVOS MEDICO,2022-08,2,315.43,222.64,248.69,222.64,Regresión Lineal
702382,EXTENSION DE ANESTESIA ADULTO ,DISPOSITIVOS MEDICO,2022-08,2,1244.72,1069.1,1164.7,1069.1,Regresión Lineal
702383,EXTENSION DE ANESTESIA PEDIATRICO,DISPOSITIVOS MEDICO,2022-08,2,170.71,182.36,168.44,168.44,Media móvil
702417,HUMIDIFICADOR 3PSI,DISPOSITIVOS MEDICO,2022-08,2,39.88,47.07,41.99,39.88,XGBoost
702435,NARIZ DE CAMELLO ADULTO,MEDICAMENTOS,2022-08,2,193.55,222.67,245.18,193.55,XGBoost
702437,NIPLE CONECTOR MAG 02 HUDSON ,DISPOSITIVOS MEDICO,2022-08,2,1.35,0.18,1.34,1.35,XGBoost
702445,BUPRENORFINA PARCHE TRANSDERMICO 20MG ,CONTROLADOS,2022-08,2,0.39,0.0,0.0,0.0,Media móvil
702452,STOMAHESIVE PASTA TBX2 ONZ.,DISPOSITIVOS MEDICO,2022-08,2,9.84,8.44,18.0,9.84,XGBoost
702460,PINZA P/BOLSA DE OSTOMIA ,DISPOSITIVOS MEDICO,2022-08,2,7.34,7.87,10.56,10.56,Media móvil
702473,FENOBARBITAL SOLUCIÓN INYECTABLE 40 MG/1ML ,CONTROLADOS,2022-08,2,3.78,25.29,14.67,14.67,Media móvil
702484,KIT MICRONEBULIZADOR ADULTO,DISPOSITIVOS MEDICO,2022-08,2,4.77,0.37,3.82,4.77,XGBoost
702486,STOMAHESIVE POLVO X 1 ONZA,DISPOSITIVOS MEDICO,2022-08,2,8.11,8.93,9.65,8.11,XGBoost
702487,TAPON HEPARINIZADO,DISPOSITIVOS MEDICO,2022-08,2,413.55,409.85,407.62,413.55,XGBoost
702490,TAPON HEPARINA ROJO,DISPOSITIVOS MEDICO,2022-08,2,283.79,241.98,233.33,233.33,Media móvil
702531,EXTENSION DE MONITOREO MACHO MACHO,MEDICAMENTOS,2022-08,2,12.46,4.28,4.89,4.89,Media móvil
702558,TIOPENTAL POLVO LIOFILIZADO 1G ,MEDICAMENTOS,2022-08,2,9.14,0.0,1.43,9.14,XGBoost
702585,CANULA NASAL OXIGENO ADULTO,DISPOSITIVOS MEDICO,2022-08,2,163.54,150.27,157.82,163.54,XGBoost
702609,CANULA GUEDEL 3 (ISO 9.0),DISPOSITIVOS MEDICO,2022-08,2,0.16,6.48,13.33,13.33,Media móvil
702619,CANULA GUEDEL 2 (ISO 8.0),DISPOSITIVOS MEDICO,2022-08,2,0.16,0.0,0.0,0.0,Regresión Lineal
702620,INCENTIVO RESPIRATORIO HUDSON,DISPOSITIVOS MEDICO,2022-08,2,0.11,0.0,0.0,0.0,Regresión Lineal
702626,LINER FLEX 1500CC TAPA AZUL - GEL SOLIDIFICANTE,DISPOSITIVOS MEDICO,2022-08,2,85.69,91.65,92.77,85.69,XGBoost
702627,LINER FLEX 1000CC TAPA AZUL-GEL SOLIDIFICANTE,DISPOSITIVOS MEDICO,2022-08,2,86.68,79.32,80.6,86.68,XGBoost
702635,MASCARA C/RESERVORIO ADULTO,DISPOSITIVOS MEDICO,2022-08,2,7.76,10.72,12.78,7.76,XGBoost
702636,MASCARA NO REINHALACION C/RESERVORIO  PEDIATRICA,DISPOSITIVOS MEDICO,2022-08,2,0.09,0.0,0.11,0.11,Media móvil
702641,MASCARA VENTURY ADULTO,DISPOSITIVOS MEDICO,2022-08,2,49.55,53.91,52.61,49.55,XGBoost
702642,CANULA YANKAWER DESECHABLE ,DISPOSITIVOS MEDICO,2022-08,2,0.11,0.0,0.08,0.11,XGBoost
702673,RECOLECTOR/ORINA PED/BLX40  ,DISPOSITIVOS MEDICO,2022-08,2,90.17,43.7,76.28,90.17,XGBoost
702694,TUBO ENDOTRAQUEAL 8.5 C/BL,DISPOSITIVOS MEDICO,2022-08,2,0.27,0.0,1.0,1.0,Media móvil
702695,TUBO ENDOTRAQUEAL 8.0 C/BL,DISPOSITIVOS MEDICO,2022-08,2,12.88,8.56,12.26,12.88,XGBoost
702696,TUBO ENDOTRAQUEAL 7.5 C/BL,DISPOSITIVOS MEDICO,2022-08,2,20.99,22.82,19.39,20.99,XGBoost
702697,TUBO ENDOTRAQUEAL 7.0 C/BL ,DISPOSITIVOS MEDICO,2022-08,2,3.23,0.0,1.64,3.23,XGBoost
702698,TUBO ENDOTRAQUEAL 6.5 C/BL,DISPOSITIVOS MEDICO,2022-08,2,0.27,0.0,0.89,0.89,Media móvil
702703,TUBO ENDOTRAQUEAL 4.0 S/BL,DISPOSITIVOS MEDICO,2022-08,2,1.85,0.89,2.89,2.89,Media móvil
702704,TUBO ENDOTRAQUEAL 3.5 S/BL    ,DISPOSITIVOS MEDICO,2022-08,2,3.35,0.26,2.74,3.35,XGBoost
702705,TUBO ENDOTRAQUEAL 3.0 S/BL,DISPOSITIVOS MEDICO,2022-08,2,2.4,4.71,3.22,2.4,XGBoost
702706,TUBO ENDOTRAQUEAL 2.5 S/BL ,DISPOSITIVOS MEDICO,2022-08,2,0.44,0.0,0.18,0.44,XGBoost
702707,TUBO ENDOTRAQUEAL 2.0 S/BL,DISPOSITIVOS MEDICO,2022-08,2,0.19,0.0,0.0,0.0,Media móvil
702713,TUBO ENDOTRAQUEAL 5.5 C/BL,DISPOSITIVOS MEDICO,2022-08,2,0.0,0.0,0.89,0.89,Media móvil
702715,"ENOXAPARINA 40MG/0,4ML SOL. INYECTABLE ",MEDICAMENTOS,2022-08,2,2190.38,2109.69,2273.44,2273.44,Media móvil
702869,MASCARA P/TRAQUEOSTOMIA ADULTO - 1075,DISPOSITIVOS MEDICO,2022-08,2,6.73,4.7,9.0,9.0,Media móvil
703178,CLORURO DE SODIO 9% SOL. INYECTABLE x 250ML,MEDICAMENTOS,2022-08,2,1104.57,966.2,1039.33,1039.33,Media móvil
703179,HARTMAN SOLUCION INYECTABLE 500 ML,MEDICAMENTOS,2022-08,2,805.98,655.5,775.34,655.5,Regresión Lineal
703180,CLORURO DE SODIO 9% SOL. INYECTABLE x 500ML,MEDICAMENTOS,2022-08,2,2366.51,2346.23,2439.33,2439.33,Media móvil
703187,CANISTER 1100ML,DISPOSITIVOS MEDICO,2022-08,2,17.57,18.25,10.84,18.25,Regresión Lineal
703366,URGOTUL AG 10X12CM,DISPOSITIVOS MEDICO,2022-08,2,0.07,0.0,0.11,0.11,Media móvil
703609,BRAZALETE NEO/5,DISPOSITIVOS MEDICO,2022-08,2,0.29,0.0,0.11,0.11,Media móvil
703645,NIFEDIPINO CÁPSULA 30MG,MEDICAMENTOS,2022-08,2,1554.96,1646.46,1754.62,1554.96,XGBoost
703652,URSODEOXICOLICO ACIDO TABLETA 300MG,MEDICAMENTOS,2022-08,2,0.98,1.68,11.78,11.78,Media móvil
703654,OXIDO DE ZINC  5G/CALAMINA 5G /CREMA TÓPICA 5%/60G,MEDICAMENTOS,2022-08,2,4.19,10.25,8.43,10.25,Regresión Lineal
703665,KIT MICRONEBULIZADOR PEDIATRICO,DISPOSITIVOS MEDICO,2022-08,2,2.99,0.0,2.51,2.99,XGBoost
703668,VALPROICO ÁCIDO 500MG/5 ML SOL. INYECTABLE,MEDICAMENTOS,2022-08,2,133.45,306.94,263.89,263.89,Media móvil
703672,ASCORBICO ACIDO 500MG TABLETA  (VITAMINA C),MEDICAMENTOS,2022-08,2,736.98,806.26,1024.0,1024.0,Media móvil
703686,CARBONATO DE LITIO 300MG TABLETA ,MEDICAMENTOS,2022-08,2,0.16,0.0,0.05,0.16,XGBoost
703694,DOMPERIDONA 10MG TABLETA ,MEDICAMENTOS,2022-08,2,0.11,0.0,0.0,0.0,Media móvil
703708,REMIFENTANIL POLVO LIOFILIZADO 2MG ,CONTROLADOS,2022-08,2,0.0,0.0,0.11,0.11,Media móvil
703723,CLORURO DE SODIO 9% SOL. INYECTABLE x 100ML,MEDICAMENTOS,2022-08,2,8036.13,7319.17,7725.23,8036.13,XGBoost
703730,S/TRACH-CARE 14FR/ 4445P02514  CORTA ,DISPOSITIVOS MEDICO,2022-08,2,27.23,38.45,36.22,27.23,XGBoost
703735,CLORURO DE SODIO 9% SOL. INYECTABLE x 1000ML,MEDICAMENTOS,2022-08,2,1159.52,1147.78,1094.33,1094.33,Media móvil
703754,MORFINA 10MG/1ML SOL. INYECTABLE,CONTROLADOS,2022-08,2,188.3,174.7,185.22,174.7,Regresión Lineal
703755,MORFINA SOLUCION ORAL 30MG/ML x 30ML,CONTROLADOS,2022-08,2,0.16,0.0,0.0,0.0,Regresión Lineal
703775,HARTMAN SOLUCION INYECTABLE 1000 ML,MEDICAMENTOS,2022-08,2,1792.31,1483.22,1654.35,1483.22,Regresión Lineal
703782,HIDROMORFONA 2MG/1ML SOL. INYECTABLE,MEDICAMENTOS,2022-08,2,159.85,240.38,204.21,159.85,XGBoost
703789,RISPERIDONA 1 MG TABLETA ,MEDICAMENTOS,2022-08,2,44.73,14.43,22.89,22.89,Media móvil
704102,HIERRO SACAROSA SOL. INYECTABLE 100MG/5ML,MEDICAMENTOS,2022-08,2,30.99,57.49,38.94,30.99,XGBoost
704205,"METOTREXATE TABLETA 2,5MG",MEDICAMENTOS,2022-08,2,6.82,3.17,9.73,9.73,Media móvil
704252,CASPOFUNGINA 50MG POLVO LIOFILIZADO ,MEDICAMENTOS,2022-08,2,21.09,37.43,43.11,43.11,Media móvil
704256,CLORURO DE SODIO 9% SOL. INYECTABLE x 50ML,MEDICAMENTOS,2022-08,2,862.58,1067.03,1006.56,1006.56,Media móvil
704292,FOSFOMICINA GRANULOS PARA SUSPENCIÓN ORAL 3G,MEDICAMENTOS,2022-08,2,0.39,1.41,1.89,1.89,Media móvil
704298,CONDON  S/LUBRICAR X 3 ,DISPOSITIVOS MEDICO,2022-08,2,1.61,0.0,2.33,2.33,Media móvil
704308,ALGODON LAMINADO 3X5 ,DISPOSITIVOS MEDICO,2022-08,2,0.37,0.0,0.15,0.15,Media móvil
704336,CIPROFLOXACINO SOLUCIÓN OFTÁLMICA 0.3% x 10 ML ,MEDICAMENTOS,2022-08,2,0.29,0.0,0.11,0.11,Media móvil
704346,ACICLOVIR UNGÜENTO TOPICO 5% x 15 GRAMOS,MEDICAMENTOS,2022-08,2,0.62,0.0,0.49,0.62,XGBoost
704381,BOLSA OSTOMIA OP/38MM ,DISPOSITIVOS MEDICO,2022-08,2,0.3,0.0,0.11,0.11,Media móvil
704417,"EPOPROSTENOL TERMOESTABLE 1.5 MG POLVO LIOFILIZADO 1,5MG",MEDICAMENTOS,2022-08,2,0.41,0.0,0.0,0.0,Media móvil
704444,"PULMOCARE SOLUCIÓN ORAL 1,5KCAL/1ML (355,5KCAL/237ML)) ALIMENTO PARA PROPÓSITO",NUTRICION,2022-08,2,261.38,419.57,437.22,437.22,Media móvil
705183,AGUJA BIOPSIA MEDULA OSEA  DBMNJ1104TL RP-M,DISPOSITIVOS MEDICO,2022-08,2,3.36,0.0,1.56,1.56,Media móvil
705294,ELECTRODO BIPOLAR  6FRX110X10 AI-06210,MEDICAMENTOS,2022-08,2,1.28,0.37,1.0,1.0,Media móvil
705297,PIRIDOXINA CÁPSULA 50MG (VITAMINA B6),MEDICAMENTOS,2022-08,2,71.02,119.82,102.19,119.82,Regresión Lineal
705353,FLUCONAZOL 50 MG/5ML SUSPENSION ,MEDICAMENTOS,2022-08,2,1.11,4.91,3.33,3.33,Media móvil
705431,CATETER SWAN GANZ 5L 831HF75P,DISPOSITIVOS MEDICO,2022-08,2,0.96,0.0,0.78,0.96,XGBoost
705488,PROPANOLOL TABLETA 40MG,MEDICAMENTOS,2022-08,2,130.94,89.93,115.63,89.93,Regresión Lineal
705498,MULTIVITAMINAS Y MINERALES CON LUTEINA TABLETA -,MEDICAMENTOS,2022-08,2,0.0,0.05,3.33,3.33,Media móvil
705505,GASA ESTERIL 7.5 X 7.5 ,DISPOSITIVOS MEDICO,2022-08,2,2.07,0.0,0.01,2.07,XGBoost
705561,PREGABALINA CAPSULA 25MG,MEDICAMENTOS,2022-08,2,1.03,0.0,0.0,0.0,Media móvil
705570,AMBRISENTAN 10 MG TABLETA,MEDICAMENTOS,2022-08,2,0.0,1.03,7.56,7.56,Media móvil
705579,COLAGENASA UNGUENTO 40 G ,MEDICAMENTOS,2022-08,2,0.18,0.0,0.0,0.0,Media móvil
705632,SALBUTAMOL SUSP. PARA INHALACIÓN 100MCG//1PUFF/200PUFF,MEDICAMENTOS,2022-08,2,39.85,11.61,16.44,16.44,Media móvil
705740,MOXIFLOXACINO SOLUCION INFUSION FCO. 400 MG/250 ML  (AVELOX ),MEDICAMENTOS,2022-08,2,0.25,0.0,0.0,0.0,Media móvil
705846,MEDROXIPROGESTERONA TABLETA 5MG,MEDICAMENTOS,2022-08,2,0.47,0.0,0.11,0.11,Media móvil
705888,IOBAN REF/6650    ,DISPOSITIVOS MEDICO,2022-08,2,0.22,0.42,0.89,0.89,Media móvil
705891,PARCHE OCULAR AD,DISPOSITIVOS MEDICO,2022-08,2,0.05,0.0,0.44,0.44,Media móvil
705958,MEMANTINA TABLETA 10MG,MEDICAMENTOS,2022-08,2,0.64,0.0,0.11,0.64,XGBoost
705961,MESALAZINA TABLETA 500MG,MEDICAMENTOS,2022-08,2,3.01,0.0,8.89,8.89,Media móvil
706053,ALTEPLASA 50 MG POLVO LIOFILIZADO 50MG,MEDICAMENTOS,2022-08,2,0.31,0.43,0.78,0.78,Media móvil
706122,"FONDAPARINA 2,5MG/0,5ML SOL. INYECTABLE ",MEDICAMENTOS,2022-08,2,0.76,0.0,0.22,0.76,XGBoost
706123,CATETER GASTROSTOMIA FLOW-20PUSH/ COOK,DISPOSITIVOS MEDICO,2022-08,2,9.33,3.85,8.78,8.78,Media móvil
706175,CATETER YUGULAR CURVO (MAHURKAR CURVO) 5FR,DISPOSITIVOS MEDICO,2022-08,2,8.3,13.07,13.89,13.89,Media móvil
706196,"BUDESONIDA/FORMOTEROL POLVO PARA INHALACIÓN 160MCG/4,5MCG/1PUFF x 120PUFF",MEDICAMENTOS,2022-08,2,0.33,0.0,0.11,0.11,Media móvil
706261,GELATINA FLUIDA MODIFICADA EN SOLUCIÓN IÓNICA SOLUCIÓN INYECTABLE 20G/500ML,MEDICAMENTOS,2022-08,2,0.21,0.0,0.0,0.0,Media móvil
706577,APLICADOR NITRATO DE PLATA,DISPOSITIVOS MEDICO,2022-08,2,0.22,0.0,0.01,0.22,XGBoost
706670,ACICLOVIR TABLETA 800MG,MEDICAMENTOS,2022-08,2,4.01,25.79,30.78,30.78,Media móvil
706682,QUETIAPINA TABLETA 100MG,MEDICAMENTOS,2022-08,2,17.58,83.89,64.44,64.44,Media móvil
706722,CALCIO CARBONATO/VITAMINA D TABLETA 600MG/125UI,MEDICAMENTOS,2022-08,2,27.97,14.92,30.18,30.18,Media móvil
707118,AZITROMICINA TABLETA 500MG,MEDICAMENTOS,2022-08,2,1.08,85.91,41.0,41.0,Media móvil
707121,CIPROFLOXACINO 500MG TABLETA,MEDICAMENTOS,2022-08,2,29.3,27.75,27.13,29.3,XGBoost
707126,ACETAMINOFEN JARABE 150 MG/5 ML FRASCO x 60 ML,MEDICAMENTOS,2022-08,2,0.69,0.28,1.3,0.69,XGBoost
707137,LORATADINA JARABE 1MG/1ML (100MG/100ML),MEDICAMENTOS,2022-08,2,0.17,0.0,0.89,0.89,Media móvil
707251,SILDENAFIL TABLETA 50MG,MEDICAMENTOS,2022-08,2,1.87,8.78,18.0,18.0,Media móvil
707258,TRANSDUCTOR PLASTICO,DISPOSITIVOS MEDICO,2022-08,2,181.85,217.74,222.64,181.85,XGBoost
707300,SURFACTANTE PULMONAR PORCINO SUSPENSIÓN INYECTABLE 240MG/3ML,MEDICAMENTOS,2022-08,2,0.69,0.3,0.84,0.69,XGBoost
707547,AGUJA COAXIAL MCXS 14X10,DISPOSITIVOS MEDICO,2022-08,2,0.11,0.0,0.0,0.0,Media móvil
707596,ONDANSETRON SOL. INYECTABLE 4MG/2ML,MEDICAMENTOS,2022-08,2,168.72,78.54,111.04,168.72,XGBoost
707597,ONDANSETRON SOL. INYECTABLE 8MG/4ML,MEDICAMENTOS,2022-08,2,298.66,350.2,401.33,401.33,Media móvil
707610,COLECALCIFEROL 25.000 UI,MEDICAMENTOS,2022-08,2,0.29,0.0,0.0,0.0,Media móvil
707621,CEFTOLOZANO/TAZOBACTAM 1.5G (1+0.5G) POLVO PARA RECONSTITUCION,MEDICAMENTOS,2022-08,2,1.97,0.0,0.47,1.97,XGBoost
707755,METOPROLOL SUCCINATO TABLETA 50MG,MEDICAMENTOS,2022-08,2,82.87,147.55,102.47,82.87,XGBoost
707781,DREN BALKE 19FR REDONDO S/U REF 2232,DISPOSITIVOS MEDICO,2022-08,2,0.0,0.0,0.03,0.03,Media móvil
707878,CATETER PREMICATH 28GX1FRX20CM    ,DISPOSITIVOS MEDICO,2022-08,2,1.85,0.0,2.08,1.85,XGBoost
708178,AGUJA P/ASPIRACION DE MEDULA OSEA DBMNI 1501 RP.M,DISPOSITIVOS MEDICO,2022-08,2,4.39,1.06,3.67,3.67,Media móvil
708344,JERINGA  5ML LIBRE DE LATEX,DISPOSITIVOS MEDICO,2022-08,2,6909.71,6785.11,6903.45,6785.11,Regresión Lineal
708346,JERINGA 20ML ,DISPOSITIVOS MEDICO,2022-08,2,631.97,736.99,726.68,631.97,XGBoost
708363,CIANOCOBALAMINA 1MG/1ML (VITAMINA B12) SOL. INYECTABLE,MEDICAMENTOS,2022-08,2,37.84,66.41,33.31,37.84,XGBoost
708677,DOMPERIDONA 1MG/1ML SUSPENSION,MEDICAMENTOS,2022-08,2,3.05,0.0,1.73,3.05,XGBoost
708756,CATETER RECTO COAXIAL 2L 11FR X 20CM (MAHURKAR RECTO),DISPOSITIVOS MEDICO,2022-08,2,8.79,12.39,12.53,8.79,XGBoost
708771,HARTMAN SOLUCION INYECTABLE 3000 ML,MEDICAMENTOS,2022-08,2,0.0,0.0,0.78,0.78,Media móvil
708786,SENSOR NEONATAL PULSOXIMETRO,DISPOSITIVOS MEDICO,2022-08,2,40.77,40.98,32.88,40.77,XGBoost
708833,QUETIAPINA TABLETA 25MG,MEDICAMENTOS,2022-08,2,189.03,438.32,336.11,336.11,Media móvil
708836,TOPIRAMATO TABLETA 100MG,MEDICAMENTOS,2022-08,2,0.47,0.0,0.0,0.0,Media móvil
708852,TRAMPA DE LUKEN    ,DISPOSITIVOS MEDICO,2022-08,2,69.54,137.95,129.81,69.54,XGBoost
708883,AQUACEL AG+ APOSITO 20 X 30 ,DISPOSITIVOS MEDICO,2022-08,2,3.29,0.98,3.32,3.29,XGBoost
708919,ZIDOVUDINA SOLUCIÓN INYECTABLE 10MG/1ML,MEDICAMENTOS,2022-08,2,0.0,0.0,0.04,0.04,Media móvil
709134,LEVETIRACETAM TABLETA 500MG,MEDICAMENTOS,2022-08,2,180.62,333.39,293.43,180.62,XGBoost
709707,CATETER VENOSO CENTRAL (CVC) BILUMEN 7FRX20CM ,DISPOSITIVOS MEDICO,2022-08,2,4.88,1.7,5.22,4.88,XGBoost
709736,"ALPRAZOLAM TABLETA 0,25 MG ",CONTROLADOS,2022-08,2,128.95,93.16,90.89,128.95,XGBoost
709757,DIAZEPAM SOLUCIÓN INYECTABLE 10MG/2ML ,CONTROLADOS,2022-08,2,0.34,1.37,1.89,1.89,Media móvil
710039,SEDA  0 CS424 (GS-21)SOFSILK  TYCO,DISPOSITIVOS MEDICO,2022-08,2,0.72,0.0,1.78,1.78,Media móvil
710045,SEDA 3-0 SS684( C-14)SOFSILK,DISPOSITIVOS MEDICO,2022-08,2,9.82,18.36,12.56,12.56,Media móvil
710108,SURGIPRO 4-0 SP5682 (P-12) TYCO,DISPOSITIVOS MEDICO,2022-08,2,0.11,0.0,0.0,0.0,Media móvil
710110,SEDA 2-0 SS685 (C-15) SOFSILK CURVA,DISPOSITIVOS MEDICO,2022-08,2,3.04,0.0,0.0,0.0,Media móvil
710111,SEDA 2-0 SS623 (SC-2) SOFSILK RECTA,DISPOSITIVOS MEDICO,2022-08,2,83.58,111.12,85.11,85.11,Media móvil
710176,PROPOFOL SOLUCIÓN INYECTABLE 10MG/1ML (500MG/50ML),MEDICAMENTOS,2022-08,2,0.14,0.0,2.67,2.67,Media móvil
710356,"CARVEDILOL TABLETA 6,25MG",MEDICAMENTOS,2022-08,2,469.92,545.11,487.6,469.92,XGBoost
710703,HIDROXICARBAMIDA CÁPSULA 500MG,MEDICAMENTOS,2022-08,2,53.92,17.67,16.4,17.67,Regresión Lineal
710768,CYSTOFLOW 500 ML,DISPOSITIVOS MEDICO,2022-08,2,14.75,12.2,15.05,12.2,Regresión Lineal
711321,ADAPTADOR P/CO-SET REF-93505,DISPOSITIVOS MEDICO,2022-08,2,0.65,0.0,0.78,0.65,XGBoost
711417,AZUL DE METILENO 1% x 5ML,MEDICAMENTOS,2022-08,2,3.28,5.09,3.33,3.33,Media móvil
711979,"FLUDROCORTISONA TABLETA 0,1MG",MEDICAMENTOS,2022-08,2,3.28,1.71,5.51,3.28,XGBoost
712599,ARTEMETER/LUMEFANTRINA TABLETA 20/120MG,MEDICAMENTOS,2022-08,2,0.15,20.94,24.0,24.0,Media móvil
712920,SONDA FOLEY 2 VIAS 8X3 SILICONADA PEDIATRICA ,DISPOSITIVOS MEDICO,2022-08,2,0.11,0.0,0.0,0.0,Regresión Lineal
712991,CANULA NASAL OXIGENO PEDIATRICA NO ESTERIL ,DISPOSITIVOS MEDICO,2022-08,2,0.16,0.0,0.0,0.0,Media móvil
713099,CATETER VENOSO CENTRAL TRILUMEN (CVC) 7FRX20CM ,DISPOSITIVOS MEDICO,2022-08,2,36.74,34.46,34.0,34.0,Media móvil
713258,"ALPRAZOLAM TABLETA 0,50 MG ",CONTROLADOS,2022-08,2,37.12,38.82,30.09,37.12,XGBoost
713549,LOPINAVIR/RITONAVIR TABLETA 200MG/50MG,MEDICAMENTOS,2022-08,2,0.33,0.0,0.12,0.33,XGBoost
713679,APOSITO ESTERIL 1685 IV (TEGADERM 8.5 X 11.5),DISPOSITIVOS MEDICO,2022-08,2,232.0,225.3,248.56,248.56,Media móvil
713842,ESTILETE GUIA ENDOTRAQUEAL 14MM,DISPOSITIVOS MEDICO,2022-08,2,2.16,27.04,25.78,27.04,Regresión Lineal
713863,INMUNOGLOBULINA HUMANA ANTIHEPATITIS B SOLUCIÓN INYECTABLE 50UI/1ML (100UI/2ML),MEDICAMENTOS,2022-08,2,0.12,0.0,0.44,0.44,Media móvil
713981,PIRIDOSTIGMINA TABLETA 60MG,MEDICAMENTOS,2022-08,2,5.2,7.42,3.56,7.42,Regresión Lineal
714048,LAGRIMAS ARTIFICIALES SOLUCIÓN OFTÁLMICA 5MG/1ML (75MG/15ML),MEDICAMENTOS,2022-08,2,0.33,0.0,0.0,0.0,Media móvil
714463,RIVAROXABAN TABLETA 20MG,MEDICAMENTOS,2022-08,2,0.92,0.0,0.0,0.0,Regresión Lineal
714819,MOSAPRIDA TABLETA 5MG,MEDICAMENTOS,2022-08,2,0.16,0.0,0.0,0.0,Media móvil
714878,"GLUCERNA SOLUCIÓN ORAL 0,93KCAL/1ML (220,4KCAL/237ML)) ALIMENTO LIQUIDO CON CA",NUTRICION,2022-08,2,1.44,0.0,0.01,1.44,XGBoost
714955,CLOZAPINA TABLETA 25 MG,CONTROLADOS,2022-08,2,187.05,252.96,250.54,252.96,Regresión Lineal
715020,DULOXETINA TABLETA 30MG,MEDICAMENTOS,2022-08,2,1.62,0.0,0.55,0.55,Media móvil
715068,SET DE LINEA (CATETER ARTERIAL CATH 20X8),DISPOSITIVOS MEDICO,2022-08,2,105.64,110.51,118.22,118.22,Media móvil
715131,CEFOTAXIMA SOLUCIÓN INYECTABLE 1G,MEDICAMENTOS,2022-08,2,1.38,0.0,1.78,1.38,XGBoost
715385,CAFEINA CITRATO 20MG/ML SOL. INYECTABLE (10MG/ML CAFEINA BASE),MEDICAMENTOS,2022-08,2,138.15,228.75,176.45,138.15,XGBoost
715460,BOLSA ACTIVE LIFE ADULTO-22771 ,DISPOSITIVOS MEDICO,2022-08,2,16.95,16.54,19.97,16.95,XGBoost
715545,LORAZEPAM TABLETA 2MG,CONTROLADOS,2022-08,2,268.45,519.95,471.29,519.95,Regresión Lineal
715571,ACIDO POLIACRILICO 0.2% GEL OFTALMICO ESTERIL,MEDICAMENTOS,2022-08,2,0.13,0.0,0.0,0.0,Media móvil
715576,DORIPENEM POLVO LIOFILIZADO 500MG,MEDICAMENTOS,2022-08,2,0.0,218.91,121.89,121.89,Media móvil
715623,OXICODONA TABLETA DE LIBERACIÓN CONTROLADA 10MG ,CONTROLADOS,2022-08,2,55.2,32.67,42.93,55.2,XGBoost
715706,CAUCHO TUBO P/SUCCION 3MT ESTERIL  ,DISPOSITIVOS MEDICO,2022-08,2,145.98,198.69,180.37,145.98,XGBoost
715794,GLUTAPAK R POLVO PARA SOLUCIÓN ORAL 15G) ALIMENTO A BASE DE GLUTAMINA Y LACTOB,NUTRICION,2022-08,2,82.05,135.22,83.56,83.56,Media móvil
715826,PLEUR-EVAC 2500CC -A8000106 (PLEUROVAC),DISPOSITIVOS MEDICO,2022-08,2,7.19,3.1,8.17,7.19,XGBoost
716204,KETAMINA SOL. INYECTABLE 500MG,CONTROLADOS,2022-08,2,13.04,0.12,1.44,1.44,Media móvil
716715,CLONAZEPAM TABLETA 2 MG ,CONTROLADOS,2022-08,2,4.01,57.12,51.22,51.22,Media móvil
716732,IBUPROFENO 10MG/2ML SOL. INYECTABLE,MEDICAMENTOS,2022-08,2,0.12,0.0,0.05,0.12,XGBoost
716753,BOLSA RECOLECTORA 1000 CC REF: Z-01000,DISPOSITIVOS MEDICO,2022-08,2,1.86,0.0,0.86,1.86,XGBoost
716754,CONECTOR EN Y -SUPLESALUD,DISPOSITIVOS MEDICO,2022-08,2,0.16,0.0,0.0,0.0,Regresión Lineal
716842,TERLIPRESINA ACETATO 1MG,MEDICAMENTOS,2022-08,2,13.95,0.57,4.56,13.95,XGBoost
716958,CATETER  UMBILICAL 2.5 FR,DISPOSITIVOS MEDICO,2022-08,2,0.64,1.52,1.23,0.64,XGBoost
717140,NUTRICION ENTERAL CETOGENICA 300 G LATA,NUTRICION,2022-08,2,0.34,0.0,0.0,0.0,Media móvil
717160,PROGESTERONA CÁPSULA 200MG,MEDICAMENTOS,2022-08,2,0.21,0.0,0.07,0.21,XGBoost
717191,MOXIFLOXACINO TABLETA 400MG,MEDICAMENTOS,2022-08,2,0.04,10.17,7.11,7.11,Media móvil
717218,"CLONAZEPAM SOL. ORAL 2,5MG/1ML x 20ML",CONTROLADOS,2022-08,2,5.0,0.0,1.87,1.87,Media móvil
717219,"CLONAZEPAM TABLETA 0,5 MG ",CONTROLADOS,2022-08,2,80.29,191.46,135.8,191.46,Regresión Lineal
717248,N-ACETILCISTEINA GRANULOS PARA SUSPENCIÓN ORAL 600MG,MEDICAMENTOS,2022-08,2,0.61,0.0,0.22,0.61,XGBoost
717262,OXITOCINA 10UI SOL. INYECTABLE,CONTROLADOS,2022-08,2,0.37,2.75,1.78,1.78,Media móvil
717274,PREGABALINA TABLETA 75MG,MEDICAMENTOS,2022-08,2,145.72,171.95,129.29,145.72,XGBoost
717280,SACUBITRIL/ VALSARTAN 100 MG TABLETA,MEDICAMENTOS,2022-08,2,0.29,0.0,0.02,0.29,XGBoost
717389,VASO DESECHABLE 7 ONZ,DISPOSITIVOS MEDICO,2022-08,2,126.47,50.42,88.67,126.47,XGBoost
717421,NUTRAMIGEN PREMIUM CON LGG 357G LATA,MEDICAMENTOS,2022-08,2,0.16,0.0,0.0,0.0,Media móvil
717432,FLUTICASONA/SALMETEROL SUSPENSIÓN PARA INHALACIÓN 250MCG/25MCG/1PUFF/120PUFF,MEDICAMENTOS,2022-08,2,3.43,0.0,1.22,1.22,Media móvil
717442,BUDESONIDA/FORMOTEROL SUSPENSIÓN PARA INHALACIÓN 320MCG/9MCG/1PUFF/60PUFF,MEDICAMENTOS,2022-08,2,0.1,0.0,0.44,0.44,Media móvil
717450,N-ACETILCISTEINA SOLUCIÓN INYECTABLE 300MG/3ML,MEDICAMENTOS,2022-08,2,3.17,9.68,11.66,9.68,Regresión Lineal
717455,IVABRADINE TABLETA 5MG,MEDICAMENTOS,2022-08,2,0.34,0.0,0.0,0.0,Media móvil
717519,OMEPRAZOL POLVO LIOFILIZADO 40MG,MEDICAMENTOS,2022-08,2,1625.54,1670.04,1746.54,1625.54,XGBoost
717705,DABIGATRAN CÁPSULA 150MG,MEDICAMENTOS,2022-08,2,0.17,0.0,0.22,0.17,XGBoost
717716,TERMOMETRO,DISPOSITIVOS MEDICO,2022-08,2,275.26,273.02,292.33,275.26,XGBoost
717763,LACOSAMIDA TABLETA 100MG,MEDICAMENTOS,2022-08,2,33.64,64.96,99.0,99.0,Media móvil
717813,BOLSA OSTOMIA OP/100MM,DISPOSITIVOS MEDICO,2022-08,2,4.01,1.72,3.81,4.01,XGBoost
717814,BARRERA STOMAHESIVE 100MM ,DISPOSITIVOS MEDICO,2022-08,2,3.72,2.53,5.76,3.72,XGBoost
717825,TENOFOVIR/EMTRICITABINA 300MG/200MG TABLETA,MEDICAMENTOS,2022-08,2,6.52,11.12,11.61,6.52,XGBoost
717838,MECHAS NASALES REF 2248 ,DISPOSITIVOS MEDICO,2022-08,2,0.0,1.25,1.56,1.56,Media móvil
717864,"TAMSULOSINA CÁPSULA DE LIBERACIÓN CONTROLADA 0,4MG",MEDICAMENTOS,2022-08,2,19.32,1.85,12.17,19.32,XGBoost
717923,INSULINA GLULISINA SOL. INYECTABLE 100UI/ML x 10ML (1000UI),MEDICAMENTOS,2022-08,2,17.88,26.66,26.12,17.88,XGBoost
718001,ESCITALOPRAN 10MG TABLETA ,MEDICAMENTOS,2022-08,2,67.07,51.46,38.71,67.07,XGBoost
718005,ABACAVIR/LAMIVUDINA TABLETA 600MG/300MG,MEDICAMENTOS,2022-08,2,0.52,0.0,1.78,1.78,Media móvil
718072,ENTEREX POLVO PARA SOLUCIÓN ORAL 110G ALIMENTO PARA USOS NUTRICIONALES ESPECIALE,NUTRICION,2022-08,2,12.67,0.0,1.24,12.67,XGBoost
718218,ELECTRODO PEDIATRICO,MEDICAMENTOS,2022-08,2,282.0,322.97,272.56,272.56,Media móvil
718219,ELECTRODO ADULTO,MEDICAMENTOS,2022-08,2,2233.31,1898.48,2123.87,1898.48,Regresión Lineal
718228,GABAPENTIN 400MG CAPSULA ,MEDICAMENTOS,2022-08,2,0.82,0.0,0.0,0.0,Media móvil
718292,LORAZEPAM TABLETA 1MG,MEDICAMENTOS,2022-08,2,167.43,311.33,304.01,311.33,Regresión Lineal
718376,ATAZANAVIR 300MG CAPSULA,MEDICAMENTOS,2022-08,2,1.97,0.0,0.0,0.0,Media móvil
718747,RIFAXIMINA CÁPSULA 200MG,MEDICAMENTOS,2022-08,2,64.05,21.05,63.16,63.16,Media móvil
718798,SERTRALINA TABLETA 50MG,MEDICAMENTOS,2022-08,2,76.36,54.28,58.68,76.36,XGBoost
718800,MIRTAZAPINA TABLETA 30MG,MEDICAMENTOS,2022-08,2,0.0,0.0,0.67,0.67,Media móvil
718999,INMUNOGLOBULINA HUMANA NORMAL  5G/100ML (50MG/ML) SOL. INYECTABLE ,MEDICAMENTOS,2022-08,2,0.41,0.0,0.08,0.41,XGBoost
719016,ACETAMINOFEN/CODEINA TABLETA 325MG/8MG,MEDICAMENTOS,2022-08,2,0.56,0.0,0.2,0.56,XGBoost
719059,METADONA TABLETA 10MG ,CONTROLADOS,2022-08,2,53.58,175.95,165.78,175.95,Regresión Lineal
719158,RIVAROXABAN TABLETA 15MG,MEDICAMENTOS,2022-08,2,0.73,0.0,0.0,0.0,Regresión Lineal
719225,"DUTASTERIDA/TAMSULOSINA CÁPSULA 0,5MG/0,4MG (0,9MG)",MEDICAMENTOS,2022-08,2,15.61,23.92,22.67,22.67,Media móvil
719246,"BISOPROLOL TABLETA 2,5MG",MEDICAMENTOS,2022-08,2,2.15,0.0,0.68,2.15,XGBoost
719247,INSULINA DETERMIR SOL. INYECTABLE 100UI/ML x 3ML (300UI),MEDICAMENTOS,2022-08,2,2.03,4.71,3.34,2.03,XGBoost
719274,MASCARA VENTURY PEDIATRICA,DISPOSITIVOS MEDICO,2022-08,2,1.49,5.64,4.06,4.06,Media móvil
719275,AGUJA P/INSULINA TIPO LAPICERO,DISPOSITIVOS MEDICO,2022-08,2,38.03,80.78,66.78,66.78,Media móvil
719419,INSULINA ASPARTATO SOL. INYECTABLE 100UI/ML x 10ML (1000UI),MEDICAMENTOS,2022-08,2,3.22,3.18,4.02,3.22,XGBoost
719423,LOPINAVIR/RITONAVIR 80MG/20MG/ML SUSPENSION ORAL  ,MEDICAMENTOS,2022-08,2,180.3,796.58,766.95,766.95,Media móvil
719455,S/FOLEY 3V  20FR SILICONA,DISPOSITIVOS MEDICO,2022-08,2,0.11,0.0,0.0,0.0,Regresión Lineal
719533,CAOLIN/PECTINA SUSPENSIÓN ORAL 20G/1G/120ML,MEDICAMENTOS,2022-08,2,0.31,0.0,0.0,0.0,Regresión Lineal
719540,"GLUCERNA SOLUCIÓN ORAL 1,5KCAL/1ML (1500KCAL/1000ML)) ALIMENTO LÍQUIDO PARA PR",NUTRICION,2022-08,2,11.61,0.85,4.76,11.61,XGBoost
719561,OXIBUTININA TABLETA 5MG,MEDICAMENTOS,2022-08,2,0.93,0.0,0.0,0.0,Regresión Lineal
719612,CATETER 2L 4FRX5CM 22G PEDIAT. REF- CS12402,DISPOSITIVOS MEDICO,2022-08,2,0.26,0.41,1.0,1.0,Media móvil
719618,BOLSA RECOLECTORA 200CC -SUPLESALUD,DISPOSITIVOS MEDICO,2022-08,2,0.3,0.0,0.0,0.0,Media móvil
719619,"APIXABAN TABLETA 2,5MG",MEDICAMENTOS,2022-08,2,3.81,0.0,2.93,2.93,Media móvil
719669,CANULA FENESTRADA  8 C/BALON ,DISPOSITIVOS MEDICO,2022-08,2,0.11,0.0,0.0,0.0,Media móvil
719743,"FONDAPARINA 7,5MG/0,6ML SOL. INYECTABLE ",MEDICAMENTOS,2022-08,2,0.47,0.0,1.22,1.22,Media móvil
719747,BROMURO DE GLICOPIRRONIO 50 MCG POLVO PARA INHALACION EN CAPSULAS,MEDICAMENTOS,2022-08,2,0.0,3.29,13.33,13.33,Media móvil
719766,LIDOCAINA SOL. INYECTABLE 2% x 10ML,CONTROLADOS,2022-08,2,170.08,193.55,183.9,170.08,XGBoost
719773,ACETAMINOFEN/CODEINA TABLETA 325MG/30MG,MEDICAMENTOS,2022-08,2,0.62,0.0,0.11,0.62,XGBoost
719819,LINEZOLID 600MG SOL. INYECTABLE ,MEDICAMENTOS,2022-08,2,69.77,152.44,112.62,152.44,Regresión Lineal
719841,LIDOCAINA/EPINEFRINA SOLUCIÓN INYECTABLE 2%/50ML,MEDICAMENTOS,2022-08,2,0.79,0.0,1.36,0.79,XGBoost
719849,CANULA 7.0 C/B  FENESTRADA TRACOE REF- T 302-07,DISPOSITIVOS MEDICO,2022-08,2,0.06,0.0,0.44,0.44,Media móvil
719877,BARRERA  57 MM REF 411451 CONVEX  SUR-FIT PLUS ,DISPOSITIVOS MEDICO,2022-08,2,3.42,0.0,1.92,3.42,XGBoost
719878,UNNA BOTA,DISPOSITIVOS MEDICO,2022-08,2,0.84,0.0,0.28,0.84,XGBoost
719888,APIXABAN 5 MG TABLETA,MEDICAMENTOS,2022-08,2,1.42,0.0,2.91,2.91,Media móvil
719930,SONDA DE RECAMBIO PARA GASTROSTOMIA  REF-PEG-18-BRT-S,DISPOSITIVOS MEDICO,2022-08,2,0.16,0.0,0.0,0.0,Media móvil
719935,ATORVASTATINA 40 MG TABLETA,MEDICAMENTOS,2022-08,2,946.97,843.65,944.64,946.97,XGBoost
719944,ROMIPLOSTIN POLVO LIOFILIZADO 250MCG (NPLATE),MEDICAMENTOS,2022-08,2,0.16,0.0,0.0,0.0,Media móvil
719945,TELMISARTAN/AMLODIPINO TABLETA 80MG/10MG,MEDICAMENTOS,2022-08,2,0.0,0.0,0.78,0.78,Media móvil
720012,CIRCUITO DE VENTILADOR REF-5513000 ALMA LISA PEDIATRICO,DISPOSITIVOS MEDICO,2022-08,2,7.13,14.99,10.67,7.13,XGBoost
720013,CIRCUITO DE VENTILACION REF-5068850 ALMA LISA NEONATAL - INTERSURGICAL,DISPOSITIVOS MEDICO,2022-08,2,7.17,15.18,10.11,7.17,XGBoost
720068,TEGADERM 1683 IV 6.5X7CM ADVANCED,DISPOSITIVOS MEDICO,2022-08,2,1545.62,1555.27,1629.05,1545.62,XGBoost
720104,PARCHES DE ELECTRODO PARA DESFIBRILADOR,DISPOSITIVOS MEDICO,2022-08,2,0.23,0.0,0.0,0.0,Regresión Lineal
720151,CATETER VENOSO CENTRAL BILUMEN 22G (3FR)X6CM-157064-VYGON,DISPOSITIVOS MEDICO,2022-08,2,0.12,0.0,0.0,0.0,Regresión Lineal
720207,DIBEN 1.5 KCAL HP 1000 ML ALIMENTO LIQUIDO PARA USOS NUTRICIONALES ESPECIALES AL,NUTRICION,2022-08,2,97.58,112.61,131.93,97.58,XGBoost
720208,APOSITO ESTERIL DE ALGINATO DE CALCIO CON PLATA ALGISITE,DISPOSITIVOS MEDICO,2022-08,2,0.92,0.0,0.23,0.92,XGBoost
720209,MINOCICLINA 100 MG TAB,MEDICAMENTOS,2022-08,2,0.61,0.0,0.55,0.55,Media móvil
720211,ESOMEPRAZOL 10 MG GRANULOS SOBRE (NEDOX),MEDICAMENTOS,2022-08,2,0.14,0.0,0.04,0.14,XGBoost
720281,FENTANILO 25 MCG/HORA PARCHE,CONTROLADOS,2022-08,2,0.17,0.0,0.04,0.17,XGBoost
730033,"CARBONATO DE CALCIO/VITAMINA D3/ZINC SUSPENSIÓN ORAL 300MG/100UI/7,5MG/5ML (108",MEDICAMENTOS,2022-08,2,0.59,0.0,0.87,0.59,XGBoost
730034,(FRESUBIN ORIGINAL SOLUCIÓN ORAL 1KCAL/1ML (1000KCAL/1000ML)) ALIMENTO LÍQUIDO ,NUTRICION,2022-08,2,31.96,33.69,37.11,37.11,Media móvil
730035,FRESUBIN DRINK SOLUCIÓN ORAL 2KCAL/1ML (400KCAL/200ML) ALIMENTO LÍQUIDO NUTRICIO,NUTRICION,2022-08,2,167.34,248.41,232.87,167.34,XGBoost
730036,"DIBEN DRINK SOLUCIÓN ORAL 1,5KCAL/1ML (300KCAL/200ML) ALIMENTO LÍQUIDO PARA ADMI",NUTRICION,2022-08,2,167.68,152.86,182.17,167.68,XGBoost
730037,"DIBEN SOLUCIÓN ORAL 1,05KCAL/1ML (525KCAL/500ML) ALIMENTO LÍQUIDO PARA ADMINISTR",NUTRICION,2022-08,2,71.48,164.63,99.7,71.48,XGBoost
730038,"SURVIMED OPD SOLUCIÓN ORAL 1,33KCAL/1ML (665KCAL/500ML)) ALIMENTO LIQUIDO OLIG",NUTRICION,2022-08,2,18.51,51.65,39.11,39.11,Media móvil
730039,"RECONVAN SOLUCIÓN ORAL 1,0KCAL/1ML (500KCAL/500ML)) ALIMENTO LÍQUIDO PARA ADMI",NUTRICION,2022-08,2,66.62,23.95,63.98,66.62,XGBoost
730040,"SUPPORTAN DRINK SOLUCIÓN ORAL 1,5KCAL/1ML (300KCAL/200ML)) ALIMENTO LIQUIDO RI",NUTRICION,2022-08,2,126.53,128.49,89.85,126.53,XGBoost
730041,(FRESUBIN HP SOLUCIÓN ORAL 2KCAL/1ML (1000KCAL/500ML)) ALIMENTO LÍQUIDO PARA AD,NUTRICION,2022-08,2,42.91,19.36,58.79,42.91,XGBoost
730053,SISTEMA DRENAJE TORAXICO PEDIATRICO THORAMETRIX X1500-LM INSTRUMENT,DISPOSITIVOS MEDICO,2022-08,2,0.27,0.0,0.44,0.44,Media móvil
730058,EQUIPO BOMBA SIN AGUJA,DISPOSITIVOS MEDICO,2022-08,2,1896.52,1676.06,1883.43,1676.06,Regresión Lineal
730063,SURVIMED OPD SOLUCIÓN ORAL 1KCAL/1ML (1000KCAL/1000ML)) ALIMENTO LIQUIDO OLIGO,NUTRICION,2022-08,2,42.97,36.03,36.93,36.03,Regresión Lineal
730066,EQUIPO DE INFUSION DE LIQUIDOS FOTOSENSIBLES,DISPOSITIVOS MEDICO,2022-08,2,33.54,30.53,35.22,35.22,Media móvil
730082,VECURONIO BROMURO SOLUCIÓN INYECTABLE 4MG,MEDICAMENTOS,2022-08,2,0.0,61.14,24.0,24.0,Media móvil
730083,EQUIPO PERFUSOR 20CC REF C0020C FRESENIUS,DISPOSITIVOS MEDICO,2022-08,2,113.34,77.42,107.77,113.34,XGBoost
730084,DALTEPARINA SODICA 7.500 UI (ANTIFACTOR XA) SOL. INYECTABLE,MEDICAMENTOS,2022-08,2,2.21,0.0,1.33,1.33,Media móvil
730096,HIALURONATO DE SODIO GOTAS OFTALMICAS,MEDICAMENTOS,2022-08,2,0.0,0.0,0.54,0.54,Media móvil
730113,APOSITO URGOSORB SILVER ALGINATO Y PLATA10X20CM-REF 503136-SUPLESA,DISPOSITIVOS MEDICO,2022-08,2,0.25,0.0,0.08,0.25,XGBoost
730116,TEGADERM REF 1682 IV 5X5.7CM AVANCED-NIÑOS,DISPOSITIVOS MEDICO,2022-08,2,140.25,112.77,133.22,140.25,XGBoost
730122,CATETER PICC ALTA PRESION 4.5FR X 50CM REF 01PR45041-HP,DISPOSITIVOS MEDICO,2022-08,2,0.0,0.0,0.78,0.78,Media móvil
730123,CATETER PICC ALTA PRESION 5FR X 50 CM REF 01PR05052,DISPOSITIVOS MEDICO,2022-08,2,3.23,8.45,7.89,7.89,Media móvil
730124,CATETER PICC ALTA PRESION 5.5FR X 50 CM REF PR45052-HP,DISPOSITIVOS MEDICO,2022-08,2,0.0,0.0,0.44,0.44,Media móvil
730125,CATETER PICC BILUMEN INSERCION PERIFERICA 4FR X 50CM REF PR05042,DISPOSITIVOS MEDICO,2022-08,2,0.3,0.0,1.19,1.19,Media móvil
730126,CATETER PICC MONOLUMEN INSERCION PERIFERICA 4FR X 50CM REF 01PR05041 ,DISPOSITIVOS MEDICO,2022-08,2,0.46,0.0,1.33,1.33,Media móvil
730134,CLOROQUINA 150MG TABLETA ,MEDICAMENTOS,2022-08,2,39.65,8.86,14.37,39.65,XGBoost
730136,ISONIAZIDA TABLETA 100MG,MEDICAMENTOS,2022-08,2,0.0,0.86,7.11,7.11,Media móvil
730138,OSELTAMIVIR CAPSULA 75MG,MEDICAMENTOS,2022-08,2,8.65,1.28,5.41,8.65,XGBoost
730139,PIRAZINAMIDA TABLETA 400MG,MEDICAMENTOS,2022-08,2,0.08,0.34,5.78,5.78,Media móvil
730141,PRIMAQUINA TABLETA 15MG,MEDICAMENTOS,2022-08,2,0.27,0.0,0.48,0.27,XGBoost
730143,RIFAMPICINA/ISONIACIDA TABLETA 150/150MG,MEDICAMENTOS,2022-08,2,0.75,0.0,0.0,0.0,Media móvil
730144,RIFAMPICINA/ISONIAZIDA/PIRAZINAMIDA/ETAMBUTOL TABLETA 150/75/400/275MG,MEDICAMENTOS,2022-08,2,289.03,301.64,300.39,289.03,XGBoost
730167,CANISTER 250 ML,DISPOSITIVOS MEDICO,2022-08,2,0.0,2.75,1.78,2.75,Regresión Lineal
730176,FRESUBIN RENAL 2KCAL/ML (400KCAL/200ML) ALIMENTO PARA PROPÓSITOS MÉDICOS ESPECIA,NUTRICION,2022-08,2,0.0,3.64,14.22,14.22,Media móvil
730189,APOSITO PERIFERICO IV3000 7X9CM (TEGADERM PERIFERICO),DISPOSITIVOS MEDICO,2022-08,2,18.16,26.22,47.67,47.67,Media móvil
730194,APOSITO TRANSPARENTE OPSITE 15X20CM REF: 4631 CX10,DISPOSITIVOS MEDICO,2022-08,2,2.47,2.74,2.03,2.47,XGBoost
730200,FIXO ROLL 10 X 10 CINTA ADHESIVA HIPOALERGENICA ,DISPOSITIVOS MEDICO,2022-08,2,0.5,0.0,0.11,0.11,Media móvil
730205,ACETATO DE LEUPROLIDE 45MG SOL. INYECTABLE,MEDICAMENTOS,2022-08,2,0.05,0.0,0.0,0.0,Regresión Lineal
730230,ALIMENTO DE USO ESPECIAL CON HMB ARGININA Y GLUTAMINA SOBRE x 24 GRAMOS,NUTRICION,2022-08,2,117.66,95.47,107.98,95.47,Regresión Lineal
730237,ETAMBUTOL 400 MG TABLETA,MEDICAMENTOS,2022-08,2,0.0,14.03,13.78,13.78,Media móvil
730242,COLISTIMETATO 150 MG - EQUIVALENTE A 150 MG DE COLISTINA BASE,MEDICAMENTOS,2022-08,2,33.15,86.03,84.44,84.44,Media móvil
770020,ONDANSETRON 8MG TABLETA,MEDICAMENTOS,2022-08,2,1.83,0.0,0.0,0.0,Media móvil
770054,"ERITROPOYETINA 30.000UI/0,6ML SOL. INYECTABLE ",MEDICAMENTOS,2022-08,2,0.22,0.0,0.01,0.22,XGBoost
770065,TRETINOINA TABLETA 10MG (ONCOLOGICO),MEDICAMENTOS,2022-08,2,0.0,3.92,9.89,9.89,Media móvil
770066,ELTROMBOPAG 25 MG TAB ORAL,MEDICAMENTOS,2022-08,2,1.85,76.02,31.73,76.02,Regresión Lineal
770074,IMATINIB 400MG TABLETA ,MEDICAMENTOS,2022-08,2,0.2,0.0,0.11,0.11,Media móvil
770075,FILGRASTIM SOLUCIÓN INYECTABLE 300MCG (ONCOLOGICO),MEDICAMENTOS,2022-08,2,11.84,0.26,2.61,11.84,XGBoost
770117,ELTROMBOPAG TABLETA 50MG (ONCOLOGICO),MEDICAMENTOS,2022-08,2,1.14,0.0,1.22,1.14,XGBoost
770143,"RASBURICASA SOLUCIÓN INYECTABLE 1,5MG/1ML (ONCOLOGICO)",MEDICAMENTOS,2022-08,2,0.77,0.0,0.25,0.77,XGBoost
770152,RIOCIGUAT 0.5 MG,MEDICAMENTOS,2022-08,2,0.96,0.0,0.0,0.96,XGBoost
A0000001,ABACAVIR/LAMIVUDINA/ZIDOVUDINA TABLETA 300MG/150MG/300MG,MEDICAMENTOS,2022-08,2,0.15,20.94,24.0,24.0,Media móvil
A0000034,ALPROSTADIL SOLUCIÓN INYECTABLE 20MCG/1ML,MEDICAMENTOS,2022-08,2,0.41,11.07,23.11,23.11,Media móvil
A0000039,AMLODIPINO 10 MG TABLETA ,MEDICAMENTOS,2022-08,2,374.53,445.21,350.79,445.21,Regresión Lineal
A0000051,ATORVASTATINA 20 MG TABLETA,MEDICAMENTOS,2022-08,2,114.12,37.74,55.0,55.0,Media móvil
A001011,ACETAMINOFEN TABLETA 500MG,MEDICAMENTOS,2022-08,2,9277.57,9300.94,9137.09,9300.94,Regresión Lineal
A001201,ACETAMINOFEN SOL. ORAL 100MG/28 GOTAS ,MEDICAMENTOS,2022-08,2,0.24,0.0,0.0,0.0,Regresión Lineal
A001221,"ACETAMINOFEN JARABE 2,5MG/1ML FRASCO x 60ML",MEDICAMENTOS,2022-08,2,0.67,0.28,1.3,0.67,XGBoost
A002011,ACETAZOLAMIDA 250MG TABLETA ,MEDICAMENTOS,2022-08,2,3.76,4.35,18.84,18.84,Media móvil
A002451,BECLOMETASONA 50MCG/ PUFF SOL. PARA INHALACIÓN,MEDICAMENTOS,2022-08,2,31.79,6.52,9.7,31.79,XGBoost
A003011,ACETILSALICILICO ÁCIDO TABLETA 100MG,MEDICAMENTOS,2022-08,2,634.0,509.42,584.1,634.0,XGBoost
A006011,ACICLOVIR TABLETA 200MG,MEDICAMENTOS,2022-08,2,251.55,209.61,165.4,209.61,Regresión Lineal
A006721,ACICLOVIR POLVO LIOFILIZADO 250MG,MEDICAMENTOS,2022-08,2,84.84,51.72,89.52,51.72,Regresión Lineal
A008011,ALBENDAZOL TABLETA 200 MG,MEDICAMENTOS,2022-08,2,55.5,53.98,71.22,71.22,Media móvil
A008231,ALBENDAZOL 100MG/20ML SOLUCION ORAL x 20 ML,MEDICAMENTOS,2022-08,2,0.24,0.0,0.0,0.0,Media móvil
A009701,ALBUMINA HUMANA SOL. INYECTABLE 20% x 50 ML ,MEDICAMENTOS,2022-08,2,177.69,85.5,122.0,122.0,Media móvil
A013011,ALOPURINOL TABLETA 100MG,MEDICAMENTOS,2022-08,2,5.83,0.0,3.22,5.83,XGBoost
A013012,ALOPURINOL TABLETA 300MG,MEDICAMENTOS,2022-08,2,40.71,48.12,56.44,56.44,Media móvil
A017231,ALUMINIO HIDROXIDO SUSPENSIÓN ORAL 6G/100ML ,MEDICAMENTOS,2022-08,2,6.07,6.37,8.78,6.37,Regresión Lineal
A018232,"ALUMINIO HIDROXIDO/MAGNESIO/SIMETICONA SUSPENSIÓN ORAL 4%/4%/0,4%",MEDICAMENTOS,2022-08,2,1.99,0.0,0.91,1.99,XGBoost
A019101,AMANTADINA 100MG CAPSULA ,MEDICAMENTOS,2022-08,2,8.12,0.0,1.01,8.12,XGBoost
A020701,AMIKACINA 100MG/2ML SOL. INYECTABLE ,MEDICAMENTOS,2022-08,2,1.23,4.84,16.78,16.78,Media móvil
A020702,AMIKACINA 500MG/2ML SOL. INYECTABLE ,MEDICAMENTOS,2022-08,2,38.21,26.52,37.8,38.21,XGBoost
A022701,AMINOFILINA 240MG/10ML SOL. INYECTABLE ,MEDICAMENTOS,2022-08,2,0.24,0.0,0.0,0.0,Media móvil
A023011,AMIODARONA TABLETA 200MG,MEDICAMENTOS,2022-08,2,131.29,126.39,162.21,126.39,Regresión Lineal
A023721,AMIODARONA 150MG/3ML SOL. INYECTABLE ,MEDICAMENTOS,2022-08,2,99.34,112.43,114.22,114.22,Media móvil
A024011,AMITRIPTILINA 25MG TABLETA ,MEDICAMENTOS,2022-08,2,33.32,55.39,42.0,42.0,Media móvil
A025142,AMOXICILINA 500MG CAPSULA ,MEDICAMENTOS,2022-08,2,3.27,6.63,23.89,23.89,Media móvil
A026721,AMPICILINA 500MG POLVO LIOFILIZADO ,MEDICAMENTOS,2022-08,2,239.49,640.27,339.22,239.49,XGBoost
A026722,AMPICILINA 1 G POLVO LIOFILIZADO ,MEDICAMENTOS,2022-08,2,98.82,42.93,63.58,98.82,XGBoost
A027142,AMPICILINA TABLETA 500MG,MEDICAMENTOS,2022-08,2,0.81,0.0,0.24,0.81,XGBoost
A033701,ATROPINA 1MG/1ML SOL. INYECTABLE ,MEDICAMENTOS,2022-08,2,5.8,10.16,12.89,12.89,Media móvil
A034011,AZATIOPRINA 50MG TABLETA,MEDICAMENTOS,2022-08,2,79.1,66.3,32.8,79.1,XGBoost
A035722,AZTREONAM 1G POLVO LIOFILIZADO,MEDICAMENTOS,2022-08,2,108.59,87.35,77.22,77.22,Media móvil
A036701,AZUL DE METILENO SOLUCIÓN INYECTABLE 10MG/1ML,MEDICAMENTOS,2022-08,2,2.0,5.09,3.33,3.33,Media móvil
A037011,AMLODIPINO 5 MG TABLETA ,MEDICAMENTOS,2022-08,2,182.06,130.33,179.8,182.06,XGBoost
A037101,ABACAVIR TABLETA 300MG,MEDICAMENTOS,2022-08,2,0.63,0.0,0.0,0.0,Media móvil
B00000010,BECLOMETASONA NASAL 50 MCG/PUFF,MEDICAMENTOS,2022-08,2,1.24,0.0,1.38,1.24,XGBoost
B004311,"BETAMETASONA CREMA TÓPICA 0,05%",MEDICAMENTOS,2022-08,2,2.96,0.17,2.59,2.96,XGBoost
B004332,"BETAMETASONA UNGÜENTO TÓPICO 0,05% x 40G",MEDICAMENTOS,2022-08,2,0.74,0.39,3.11,3.11,Media móvil
B005701,BETAMETASONA 4MG/1ML SOL. INYECTABLE,MEDICAMENTOS,2022-08,2,30.28,47.06,32.89,32.89,Media móvil
B008011,BIPERIDENO 2MG TABLETA,MEDICAMENTOS,2022-08,2,5.83,7.29,18.22,18.22,Media móvil
B010021,BISACODILO 5MG TABLETA,MEDICAMENTOS,2022-08,2,426.82,379.8,423.05,379.8,Regresión Lineal
B012011,"BROMOCRIPTINA 2,5MG TABLETA",MEDICAMENTOS,2022-08,2,1.94,2.16,3.56,1.94,XGBoost
BISAPRO,BISOPROLOL TABLETA 10MG,MEDICAMENTOS,2022-08,2,1.27,0.0,0.35,1.27,XGBoost
C0000005,CARVEDILOL TABLETA 25MG,MEDICAMENTOS,2022-08,2,2.79,0.0,0.65,2.79,XGBoost
C0000008,CASPOFUNGINA 70MG POLVO LIOFILIZADO ,MEDICAMENTOS,2022-08,2,3.11,12.0,9.91,9.91,Media móvil
C0000019,CETIRIZINA 10MG TABLETA ,MEDICAMENTOS,2022-08,2,0.24,0.0,3.11,3.11,Media móvil
C0000028,CLARITROMICINA TABLETA 500MG,MEDICAMENTOS,2022-08,2,136.44,99.99,161.05,136.44,XGBoost
C0000030,CLINDAMICINA CÁPSULA 300MG,MEDICAMENTOS,2022-08,2,2.36,0.0,0.58,2.36,XGBoost
C0000035,CLOPIDOGREL TABLETA 75MG,MEDICAMENTOS,2022-08,2,205.22,163.35,196.59,163.35,Regresión Lineal
C0000047,"CARVEDILOL TABLETA 12,5MG",MEDICAMENTOS,2022-08,2,88.36,49.28,77.01,49.28,Regresión Lineal
C001011,CALCIO CARBONATO 600MG TABLETA ,MEDICAMENTOS,2022-08,2,173.55,110.61,164.74,173.55,XGBoost
C002701,CALCIO GLUCONATO SOL. INYECTABLE 10%/10ML,MEDICAMENTOS,2022-08,2,200.67,294.14,314.05,200.67,XGBoost
C003101,"CALCITRIOL 0,25MCG CÁPSULA ",MEDICAMENTOS,2022-08,2,31.9,68.78,52.0,31.9,XGBoost
C003102,"CALCITRIOL 0,50MCG CÁPSULA ",MEDICAMENTOS,2022-08,2,69.49,28.33,78.0,69.49,XGBoost
C004011,CAPTOPRIL 25MG TABLETA ,MEDICAMENTOS,2022-08,2,0.38,45.19,24.33,24.33,Media móvil
C004012,CAPTOPRIL 50MG TABLETA ,MEDICAMENTOS,2022-08,2,0.21,0.0,3.11,3.11,Media móvil
C005011,CARBAMAZEPINA 200MG TABLETA ,MEDICAMENTOS,2022-08,2,149.98,111.6,141.02,149.98,XGBoost
C008142,CEFALEXINA 500MG CAPSULA ,MEDICAMENTOS,2022-08,2,10.94,69.72,35.11,35.11,Media móvil
C008232,CEFALEXINA 250MG/5ML POLVO PARA SOLUCION ORAL,MEDICAMENTOS,2022-08,2,0.78,0.0,0.27,0.78,XGBoost
C009141,CEFRADINA 500MG CÁPSULA ,MEDICAMENTOS,2022-08,2,1.17,0.0,0.0,0.0,Media móvil
C011723,CEFTRIAXONA 1G POLVO LIOFILIZADO,MEDICAMENTOS,2022-08,2,335.73,332.13,345.26,335.73,XGBoost
C014103,CICLOSPORINA 100MG CAPSULA,MEDICAMENTOS,2022-08,2,0.23,0.0,0.0,0.0,Media móvil
C015701,CIPROFLOXACINO 100MG/10ML SOL. INYECTABLE ,MEDICAMENTOS,2022-08,2,654.95,437.9,583.74,654.95,XGBoost
C019701,CLINDAMICINA 600MG SOL. INYECTABLE ,MEDICAMENTOS,2022-08,2,620.5,488.26,580.0,620.5,XGBoost
C022011,CLORAMBUCILO 2MG TABLETA,MEDICAMENTOS,2022-08,2,0.0,0.0,0.0,0.0,XGBoost
C031321,CLOTRIMAZOL CREMA TÓPICA 1% ,MEDICAMENTOS,2022-08,2,40.41,22.03,26.52,40.41,XGBoost
C031511,CLOTRIMAZOL CREMA VAGINAL 1%,MEDICAMENTOS,2022-08,2,4.44,0.87,3.52,4.44,XGBoost
C032013,CLOZAPINA TABLETA 100MG ,CONTROLADOS,2022-08,2,1.55,35.87,15.11,15.11,Media móvil
C034011,"COLCHICINA 0,5MG TABLETA",MEDICAMENTOS,2022-08,2,15.93,5.02,11.04,15.93,XGBoost
C035251,COLESTIRAMINA 4G POLVO PARA SOLUCIÓN ORAL,MEDICAMENTOS,2022-08,2,37.2,16.03,35.89,35.89,Media móvil
C041602,SODIO CROMOGLICATO SOLUCIÓN OFTÁLMICA 40MG/1ML (400MG/10ML),MEDICAMENTOS,2022-08,2,0.06,0.0,0.89,0.89,Media móvil
C044721,CEFAZOLINA 1G SOL. INYECTABLE ,MEDICAMENTOS,2022-08,2,149.8,279.72,278.22,279.72,Regresión Lineal
C044723,CEFALOTINA 1G SOL. INYECTABLE ,MEDICAMENTOS,2022-08,2,839.2,515.79,584.35,839.2,XGBoost
C046101,CALCIO CARBONATO/VITAMINA D TABLETA 600MG/200UI,MEDICAMENTOS,2022-08,2,2.54,79.48,106.11,79.48,Regresión Lineal
C047011,CLONIDINA 150MCG TABLETA ,MEDICAMENTOS,2022-08,2,784.42,721.14,873.33,873.33,Media móvil
D0000002,DEFLAZACORT 6 MG TABLETA,MEDICAMENTOS,2022-08,2,0.25,0.0,0.0,0.0,Media móvil
D0000005,"DESMOPRESINA SOLUCIÓN NASAL 10MCG/0,1ML (500MCG/5ML)",MEDICAMENTOS,2022-08,2,0.12,0.0,0.11,0.12,XGBoost
D0000011,DILTIAZEM 60MG TABLETA ,MEDICAMENTOS,2022-08,2,17.77,36.4,65.33,65.33,Media móvil
D0000020,"DIPIRONA 2,5G/5ML SOL. INYECTABLE ",MEDICAMENTOS,2022-08,2,2.48,72.93,82.67,72.93,Regresión Lineal
D0000030,DIPIRONA 1G/2ML SOL. INYECTABLE ,MEDICAMENTOS,2022-08,2,6394.05,5717.66,5959.94,6394.05,XGBoost
D0000031,DAPTOMICINA POLVO LIOFILIZADO 500MG,MEDICAMENTOS,2022-08,2,2.49,9.49,8.19,9.49,Regresión Lineal
D0000038,"LEVOSIMENDAN SOLUCIÓN INYECTABLE 12,5MG/1ML",MEDICAMENTOS,2022-08,2,1.72,0.0,1.67,1.67,Media móvil
D002101,DANAZOL 200MG TABLETA},MEDICAMENTOS,2022-08,2,0.0,20.62,15.56,15.56,Media móvil
D005711,DEXAMETASONA 8MG/2ML SOL. INYECTABLE,MEDICAMENTOS,2022-08,2,376.47,454.82,448.44,376.47,XGBoost
D006701,DEXAMETASONA 4MG/1ML SOL. INYECTABLE ,MEDICAMENTOS,2022-08,2,163.64,166.62,178.88,163.64,XGBoost
D009701,DEXTROSA AL 5% AGUA DESTILADA 500 ML,MEDICAMENTOS,2022-08,2,173.87,288.81,236.95,173.87,XGBoost
D009702,DEXTROSA AL 10% AGUA DESTILADA 500 ML,MEDICAMENTOS,2022-08,2,223.73,276.2,275.0,275.0,Media móvil
D009705,DEXTROSA AL 10% AGUA DESTILADA 250 ML,MEDICAMENTOS,2022-08,2,74.64,98.33,87.94,74.64,XGBoost
D009706,DEXTROSA AL 5% AGUA DESTILADA 250 ML,MEDICAMENTOS,2022-08,2,522.6,643.65,746.44,746.44,Media móvil
D010701,DEXTROSA 5% EN SOL. SALINA 0.9% 500 ML,MEDICAMENTOS,2022-08,2,38.4,71.24,50.13,38.4,XGBoost
D015021,DICLOFENACO 50MG TABLETA ,MEDICAMENTOS,2022-08,2,5.3,0.0,5.12,5.3,XGBoost
D015701,DICLOFENACO 75MG/3ML SOL. INYECTABLE ,MEDICAMENTOS,2022-08,2,183.42,113.28,108.89,108.89,Media móvil
D018101,DIFENHIDRAMINA 50MG CAPSULA ,MEDICAMENTOS,2022-08,2,0.81,0.0,0.0,0.0,Media móvil
D018221,"DIFENHIDRAMINA JARABE 12,5MG/5ML (300MG/120ML)",MEDICAMENTOS,2022-08,2,4.23,5.41,4.76,4.23,XGBoost
D020201,"DIHIDROCODEINA JARABE 12,1MG/ML (294,4MG/120ML)",MEDICAMENTOS,2022-08,2,4.16,0.0,3.68,4.16,XGBoost
D020221,"DIFENHIDRAMINA JARABE 2,42MG/1ML (290,4MG/120ML)",MEDICAMENTOS,2022-08,2,4.51,5.65,5.22,5.22,Media móvil
D023011,DIMENHIDRINATO 50MG TABLETA,MEDICAMENTOS,2022-08,2,10.37,38.68,23.91,38.68,Regresión Lineal
D029701,DOPAMINA 200MG/5ML SOL. INYECTABLE ,MEDICAMENTOS,2022-08,2,2.56,62.68,44.78,62.68,Regresión Lineal
D031141,DOXICICLINA 100MG TABLETA ,MEDICAMENTOS,2022-08,2,9.86,18.55,21.72,18.55,Regresión Lineal
D035701,DESMOPRESINA 15MCG/1ML SOL. INYECTABLE,MEDICAMENTOS,2022-08,2,1.25,0.12,1.77,1.25,XGBoost
E0000003,SODIO FOSFATO MONOBASICO SOLUCIÓN ORAL 133ML,MEDICAMENTOS,2022-08,2,0.33,0.0,2.0,2.0,Media móvil
E0000017,ERTAPENEM POLVO LIOFILIZADO 1G ,MEDICAMENTOS,2022-08,2,15.03,3.81,15.37,15.37,Media móvil
E0000021,SODIO FOSFATO MONOBASICO/DIBASICO ENEMA RECTAL 16G/6G/133ML,MEDICAMENTOS,2022-08,2,8.58,2.24,6.98,6.98,Media móvil
E0000034,ENTEROGERMINA SUSPENSIÓN ORAL 2000000000UI/5ML,MEDICAMENTOS,2022-08,2,0.85,0.0,0.11,0.11,Media móvil
E002011,ENALAPRIL 5MG TABLETA ,MEDICAMENTOS,2022-08,2,184.46,230.74,189.73,184.46,XGBoost
E002012,ENALAPRIL 20MG TABLETA ,MEDICAMENTOS,2022-08,2,171.22,209.14,188.75,171.22,XGBoost
E007141,ERITROMICINA 500MG TABLETA ,MEDICAMENTOS,2022-08,2,9.97,23.21,27.56,23.21,Regresión Lineal
E007231,ERITROMICINA 250MG/5ML SUSPENSION ORAL,MEDICAMENTOS,2022-08,2,0.32,0.0,1.73,1.73,Media móvil
E008011,ESPIRONOLACTONA 25MG TABLETA ,MEDICAMENTOS,2022-08,2,424.63,515.87,429.77,424.63,XGBoost
E008012,ESPIRONOLACTONA 100MG TABLETA ,MEDICAMENTOS,2022-08,2,76.92,74.37,59.95,76.92,XGBoost
E010721,ESTREPTOQUINASA 750.000UI POLVO LIOFILIZADO,MEDICAMENTOS,2022-08,2,0.1,1.59,1.33,1.59,Regresión Lineal
E020722,ERITROPOYETINA 2.000UI/ML SOL. INYECTABLE,MEDICAMENTOS,2022-08,2,128.36,104.85,105.47,128.36,XGBoost
E038162,EFAVIRENZ 600MG TABLETA,MEDICAMENTOS,2022-08,2,3.67,12.32,8.22,8.22,Media móvil
F0000005,"FLUMAZENIL 0,5MG/5ML  SOL. INYECTABLE",MEDICAMENTOS,2022-08,2,0.17,0.0,0.56,0.56,Media móvil
F002141,FENITOINA 100MG TABLETA ,MEDICAMENTOS,2022-08,2,61.68,304.86,187.58,187.58,Media móvil
F002231,FENITOINA 125MG/5ML SUSPENSION ORAL,MEDICAMENTOS,2022-08,2,2.8,0.0,0.51,2.8,XGBoost
F008701,FITOMENADIONA 10MG/1ML SOL. INYECTABLE (VITAMINA K),MEDICAMENTOS,2022-08,2,74.92,79.98,73.78,73.78,Media móvil
F009101,FLUCONAZOL 200MG CAPSULA ,MEDICAMENTOS,2022-08,2,100.02,159.19,129.22,159.19,Regresión Lineal
F009701,FLUCONAZOL 200MG/100ML SOL. INYECTABLE,MEDICAMENTOS,2022-08,2,206.34,379.07,292.95,379.07,Regresión Lineal
F013141,FLUOXETINA 20M GCAPSULA ,MEDICAMENTOS,2022-08,2,8.24,20.42,26.33,26.33,Media móvil
F013201,FLUOXETINA 20MG/5ML JARABE,MEDICAMENTOS,2022-08,2,0.32,0.0,0.0,0.0,Media móvil
F014011,FOLICO ÁCIDO 1MG TABLETA,MEDICAMENTOS,2022-08,2,389.57,453.91,431.51,389.57,XGBoost
F015011,FOLINICO ÁCIDO 15MG TABLETA ,MEDICAMENTOS,2022-08,2,0.98,0.0,2.14,2.14,Media móvil
F015701,CALCIO FOLINATO 50MG/5ML SOL. INYECTABLE,MEDICAMENTOS,2022-08,2,3.01,21.92,19.11,21.92,Regresión Lineal
F017011,FUROSEMIDA 40MG TABLETA ,MEDICAMENTOS,2022-08,2,320.24,270.37,306.35,270.37,Regresión Lineal
F017701,FUROSEMIDA 20MG/2ML SOL. INYECTABLE,MEDICAMENTOS,2022-08,2,966.38,1146.5,1125.73,966.38,XGBoost
G0000001,GABAPENTIN CÁPSULA 300MG,MEDICAMENTOS,2022-08,2,13.24,0.0,0.0,0.0,Media móvil
G002011,GEMFIBROZIL 600MG TABLETA ,MEDICAMENTOS,2022-08,2,0.18,2.75,1.78,1.78,Media móvil
G003601,GENTAMICINA SOL. OFTÁLMICA 0.3% GOTAS,MEDICAMENTOS,2022-08,2,3.11,2.24,3.11,3.11,XGBoost
G003703,GENTAMICINA 80MG/2ML SOL. INYECTABLE ,MEDICAMENTOS,2022-08,2,96.83,143.1,112.6,143.1,Regresión Lineal
G003704,GENTAMICINA 160MG/2ML SOL. INYECTABLE ,MEDICAMENTOS,2022-08,2,25.75,38.61,33.21,25.75,XGBoost
G006702,GONADOTROPINA CRIONICA 5000 UI/ML SOL. INYECTABLE,MEDICAMENTOS,2022-08,2,0.11,0.0,0.44,0.44,Media móvil
H0000002,HIDROXICINA TABLETA 25MG,MEDICAMENTOS,2022-08,2,205.85,141.87,129.76,205.85,XGBoost
H0000004,L-ASPARTATO/L-ORNITINA SOLUCIÓN INYECTABLE 5G/10ML,MEDICAMENTOS,2022-08,2,17.23,12.99,9.66,17.23,XGBoost
H0000005,L-ASPARTATO/L-ORNITINA GRANULOS PARA SUSPENCIÓN ORAL 3G,MEDICAMENTOS,2022-08,2,3.59,16.72,7.67,7.67,Media móvil
H001201,HALOPERIDOL 2MG/20 GOTAS SOL. ORAL,MEDICAMENTOS,2022-08,2,17.12,9.11,16.19,9.11,Regresión Lineal
H001701,HALOPERIDOL 5MG/1ML SOL. INYECTABLE ,MEDICAMENTOS,2022-08,2,154.32,121.71,176.1,121.71,Regresión Lineal
H004701,HEPARINA SODICA 5.000 UI/ML SOL. INYECTABLE,MEDICAMENTOS,2022-08,2,98.24,119.69,134.33,134.33,Media móvil
H006011,HIDROCLOROTIAZIDA TABLETA 25MG,MEDICAMENTOS,2022-08,2,156.0,159.71,130.28,156.0,XGBoost
H007321,HIDROCORTISONA ACETATO CREMA TÓPICA 1%,MEDICAMENTOS,2022-08,2,2.19,0.0,0.63,2.19,XGBoost
H008721,HIDROCORTISONA POLVO LIOFILIZADO 100MG,MEDICAMENTOS,2022-08,2,326.75,302.05,311.86,326.75,XGBoost
H011161,FERROSO SULFATO 300MG TABLETA ,MEDICAMENTOS,2022-08,2,48.61,105.06,117.44,105.06,Regresión Lineal
H011201,FERROSO SULFATO SOLUCIÓN ORAL 25MG/1ML GOTAS,MEDICAMENTOS,2022-08,2,0.92,0.0,0.56,0.56,Media móvil
H013021,N-BUTILBROMURO HIOSCINA TABLETA 10MG,MEDICAMENTOS,2022-08,2,21.8,38.23,16.34,21.8,XGBoost
H013701,N-BUTILBROMURO HIOSCINA SOL. INYECTABLE 20MG/1ML,MEDICAMENTOS,2022-08,2,333.54,333.88,304.38,333.54,XGBoost
H014701,HIDROXICINA CLORHIDRATO SOL. 100MG/1ML,MEDICAMENTOS,2022-08,2,19.75,25.77,21.88,19.75,XGBoost
H019701,"N-BUTILBROMURO HIOSCINA/DIPIRONA SOL. INYECTABLE 2,5G/5ML",MEDICAMENTOS,2022-08,2,470.04,567.76,464.11,567.76,Regresión Lineal
I00000006,INSULINA LISPRO SOL. INYECTABLE 100UI/ML x 10ML (1000UI),MEDICAMENTOS,2022-08,2,3.56,0.0,1.51,3.56,XGBoost
I00000007,"IVERMECTINA SOL. ORAL 0,6% GOTAS x 5ML",MEDICAMENTOS,2022-08,2,0.79,3.25,7.0,7.0,Media móvil
I0000012,CLOSTRIDIOPEPTIDASA UNGÜENTO TÓPICO 120UI/40G,MEDICAMENTOS,2022-08,2,0.24,0.0,0.0,0.0,Media móvil
I002011,IBUPROFENO TABLETA 400MG,MEDICAMENTOS,2022-08,2,5.35,41.62,17.56,17.56,Media móvil
I004721,IMIPENEM/CILASTATINA 500MG/500MG POLVO LIOFILIZADO ,MEDICAMENTOS,2022-08,2,0.94,15.93,26.67,26.67,Media móvil
I005022,IMIPRAMINA TABLETA 25MG,MEDICAMENTOS,2022-08,2,11.61,0.0,0.0,0.0,Media móvil
I007701,INMUNOGLOBULINA ANTI-D SOLUCIÓN INYECTABLE 300MCG/2ML,MEDICAMENTOS,2022-08,2,2.07,4.66,3.71,2.07,XGBoost
I008701,INSULINA ZINC CRISTALINA SOL. INYECTABLE 100UI/ML x 10ML (1000UI),MEDICAMENTOS,2022-08,2,15.68,10.46,14.99,15.68,XGBoost
I009711,INSULINA ZINC NPH SOL. INYECTABLE 100UI/ML x 10ML (1000UI),MEDICAMENTOS,2022-08,2,0.98,0.0,0.67,0.67,Media móvil
I017471,IPRATROPIO BROMURO SUSPENSIÓN PARA INHALACIÓN 20MCG//1PUFF/200PUFF,MEDICAMENTOS,2022-08,2,43.03,24.37,31.5,43.03,XGBoost
I020011,ISOSORBIDE DINITRATO 10MG TABLETA,MEDICAMENTOS,2022-08,2,10.39,5.87,5.42,10.39,XGBoost
I020061,ISOSORBIDE DINITRATO TABLETA 5MG,MEDICAMENTOS,2022-08,2,3.3,0.0,2.66,3.3,XGBoost
I021701,IBANDRONICO ÁCIDO SOLUCIÓN INYECTABLE 6MG,MEDICAMENTOS,2022-08,2,0.05,0.0,0.44,0.44,Media móvil
J000006,METFORMINA/SITAGLIPTINA TABLETA 1000MG/50MG,MEDICAMENTOS,2022-08,2,2.3,0.0,0.0,0.0,Media móvil
K0000008,POLIETILENGLICOL/SODIO SULFATO/SODIO BICARBONATO/SODIO CLORURO/POTASIO CLORURO P,MEDICAMENTOS,2022-08,2,56.33,86.28,74.42,86.28,Regresión Lineal
K002101,KETOCONAZOL TABLETA 200MG,MEDICAMENTOS,2022-08,2,0.6,30.78,12.44,12.44,Media móvil
L0000005,LAMOTRIGINA TABLETA 100MG,MEDICAMENTOS,2022-08,2,2.0,0.17,2.33,2.0,XGBoost
L0000006,LEVOFLOXACINA TABLETA 500MG,MEDICAMENTOS,2022-08,2,1.78,1.59,1.33,1.59,Regresión Lineal
L0000009,LABETALOL SOLUCIÓN INYECTABLE 100MG/20ML,MEDICAMENTOS,2022-08,2,4.33,21.43,23.42,21.43,Regresión Lineal
L000001,BACLOFENO TABLETA 10MG,MEDICAMENTOS,2022-08,2,0.65,0.0,0.26,0.65,XGBoost
L0000017,INSULINA GLARGINA 100UI/ML x 10 ML (1000UI) SOL. INYECTABLE ,MEDICAMENTOS,2022-08,2,39.72,28.55,30.44,30.44,Media móvil
L00006,NEVIRAPINA SUSPENSIÓN ORAL 10MG/1ML (2400MG/240ML),MEDICAMENTOS,2022-08,2,0.22,0.0,0.0,0.0,Regresión Lineal
L001141,LAMIVUDINA 150 MG TABLETA,MEDICAMENTOS,2022-08,2,0.65,0.0,0.0,0.0,Media móvil
L003011,LEVODOPA/CARBIDOPA TABLETA 250MG/25MG,MEDICAMENTOS,2022-08,2,17.22,4.92,8.08,17.22,XGBoost
L004011,LEVOMEPROMAZINA TABLETA 25MG,MEDICAMENTOS,2022-08,2,6.38,0.0,2.78,6.38,XGBoost
L004201,LEVOMEPROMAZINA 4MG/ML SOLUCION ORAL,MEDICAMENTOS,2022-08,2,2.27,1.22,2.35,2.27,XGBoost
L006011,LEVOTIROXINA TABLETA 50MCG,MEDICAMENTOS,2022-08,2,297.6,199.09,214.52,297.6,XGBoost
L006012,LEVOTIROXINA TABLETA 100MCG,MEDICAMENTOS,2022-08,2,89.01,34.04,58.87,89.01,XGBoost
L015141,LOPERAMIDA TABLETA 2MG,MEDICAMENTOS,2022-08,2,480.15,437.71,475.19,480.15,XGBoost
L016011,LORATADINA TABLETA 10MG,MEDICAMENTOS,2022-08,2,159.93,133.61,172.01,133.61,Regresión Lineal
L018011,LOVASTATINA TABLETA 20MG,MEDICAMENTOS,2022-08,2,1.21,0.0,0.0,0.0,Media móvil
L021161,LOSARTAN TABLETA 50MG,MEDICAMENTOS,2022-08,2,1779.33,1801.33,1836.09,1801.33,Regresión Lineal
M0000005,METOPROLOL SOL. INYECTABLE 5MG/5ML,MEDICAMENTOS,2022-08,2,5.41,0.0,3.22,3.22,Media móvil
M0000009,MOXIFLOXACINA TABLETA 400MG,MEDICAMENTOS,2022-08,2,0.42,10.17,7.11,7.11,Media móvil
M0000015,MEMANTINA TBL. 10 MG,MEDICAMENTOS,2022-08,2,0.76,0.0,0.11,0.76,XGBoost
M001701,MAGNESIO SULFATO SOLUCIÓN INYECTABLE 20%/10ML,MEDICAMENTOS,2022-08,2,367.39,342.22,376.05,367.39,XGBoost
M002702,MANITOL AL 20 % SOL. INYECTABLE x 500 ML,MEDICAMENTOS,2022-08,2,3.81,6.85,11.44,11.44,Media móvil
M009011,MERCAPTOPURINA TBL. 50 MG,MEDICAMENTOS,2022-08,2,0.59,27.8,13.33,13.33,Media móvil
M011011,METFORMINA TABLETA 850MG,MEDICAMENTOS,2022-08,2,68.11,4.86,10.21,68.11,XGBoost
M013721,METILPREDNISOLONA SUCCINATO 500MG POLVO LIOFILIZADO ,MEDICAMENTOS,2022-08,2,42.16,77.89,47.68,42.16,XGBoost
M015011,METOCARBAMOL TABLETA 750MG,MEDICAMENTOS,2022-08,2,2.66,8.54,4.07,2.66,XGBoost
M016011,METOCLOPRAMIDA TABLETA 10MG,MEDICAMENTOS,2022-08,2,39.15,93.04,59.41,39.15,XGBoost
M016701,METOCLOPRAMIDA SOLUCIÓN INYECTABLE 10MG/2ML,MEDICAMENTOS,2022-08,2,913.03,735.75,720.96,913.03,XGBoost
M017161,METOPROLOL TABLETA 50MG,MEDICAMENTOS,2022-08,2,616.44,472.9,536.56,536.56,Media móvil
M017162,METOPROLOL TARTRATO TABLETA 100MG,MEDICAMENTOS,2022-08,2,9.21,6.24,3.74,9.21,XGBoost
M020012,METRONIDAZOL 500MG TABLETA ,MEDICAMENTOS,2022-08,2,166.27,157.55,125.81,157.55,Regresión Lineal
M020501,METRONIDAZOL OVULO VAGINAL 500MG,MEDICAMENTOS,2022-08,2,6.5,6.77,11.46,6.77,Regresión Lineal
M021701,METRONIDAZOL 500MG/100ML SOL. INYECTABLE,MEDICAMENTOS,2022-08,2,212.07,263.83,211.33,211.33,Media móvil
M022232,METRONIDAZOL SUSPENSIÓN ORAL 250MG/5ML X 120ML),MEDICAMENTOS,2022-08,2,1.5,0.0,1.9,1.5,XGBoost
M026161,MINOXIDIL TABLETA 10MG,MEDICAMENTOS,2022-08,2,99.52,145.98,169.67,169.67,Media móvil
M026541,MESALAZINA ENEMA RECTAL 4G/60ML,MEDICAMENTOS,2022-08,2,0.06,0.0,0.06,0.06,XGBoost
M026721,MEROPENEM POLVO LIOFILIZADO 500MG,MEDICAMENTOS,2022-08,2,19.29,16.66,39.11,39.11,Media móvil
MAT527,INTRODUCTOR 8.5FR/S109880,DISPOSITIVOS MEDICO,2022-08,2,0.25,0.0,0.56,0.56,Media móvil
N0000002,"NITROFURAZONA POMADA 0,2%/40G",MEDICAMENTOS,2022-08,2,0.07,0.0,0.0,0.0,Regresión Lineal
N0000003,NOREPINEFRINA SOL. INYECTABLE 4MG/4ML,MEDICAMENTOS,2022-08,2,864.75,1323.53,1061.12,1323.53,Regresión Lineal
N0000018,NITAZOXANIDA TABLETA 500MG,MEDICAMENTOS,2022-08,2,20.8,124.61,221.33,221.33,Media móvil
N0000019,ESOMEPRAZOL 20MG TABLETA ,MEDICAMENTOS,2022-08,2,195.98,151.22,141.94,195.98,XGBoost
N0000020,ESOMEPRAZOL 40MG TABLETA ,MEDICAMENTOS,2022-08,2,157.59,148.73,155.23,157.59,XGBoost
N0000030,ESOMEPRAZOL 40MG SOL. INYECTABLE ,MEDICAMENTOS,2022-08,2,197.81,357.0,236.34,197.81,XGBoost
N001701,"NALOXONA 0,4MG/1ML SOL. INYECTABLE",MEDICAMENTOS,2022-08,2,0.47,0.42,0.89,0.89,Media móvil
N002141,NAPROXENO TABLETA 250MG,MEDICAMENTOS,2022-08,2,99.4,31.28,20.44,20.44,Media móvil
N008141,NIMODIPINO TABLETA 30MG,MEDICAMENTOS,2022-08,2,290.68,152.93,168.89,290.68,XGBoost
N009231,NISTATINA SUSPENSIÓN ORAL 100000UI/1ML (6000000UI/60ML),MEDICAMENTOS,2022-08,2,17.47,21.92,18.22,18.22,Media móvil
N009321,NISTATINA CREMA 100.000 UI/GR ,MEDICAMENTOS,2022-08,2,1.65,6.15,3.28,1.65,XGBoost
N010142,NITROFURANTOINA TABLETA 100MG,MEDICAMENTOS,2022-08,2,0.46,0.0,0.0,0.0,Media móvil
N011701,NITROGLICERINA SOLUCIÓN INYECTABLE 50MG/10ML,MEDICAMENTOS,2022-08,2,0.23,0.0,0.86,0.86,Media móvil
P0000002,"PEGFILGRASTIM SOL. INYECTABLE 6MG/0,6ML",MEDICAMENTOS,2022-08,2,1.1,2.39,2.22,2.39,Regresión Lineal
P0000003,PENTOXIFILINA TABLETA 400MG,MEDICAMENTOS,2022-08,2,1.08,0.0,0.15,0.15,Media móvil
P0000013,PREGABALINA CÁPSULA 150MG,MEDICAMENTOS,2022-08,2,9.07,0.75,8.78,8.78,Media móvil
P0000020,PRALIDOXIMA POLVO LIOFILIZADO 200MG,MEDICAMENTOS,2022-08,2,0.0,10.23,31.11,31.11,Media móvil
P0000025,POLIMIXINA B SOLUCIÓN INYECTABLE 500000UI,MEDICAMENTOS,2022-08,2,1.0,100.24,62.11,62.11,Media móvil
P001701,PANCURONIO SOL. INYECTABLE 4MG/2ML,MEDICAMENTOS,2022-08,2,0.24,0.0,0.56,0.56,Media móvil
P005721,PENICILINA G BENZATINICA POLVO LIOFILIZADO 1200000UI,MEDICAMENTOS,2022-08,2,0.13,0.0,0.11,0.11,Media móvil
P005722,PENICILINA G BENZATINICA POLVO LIOFILIZADO 2400000UI,MEDICAMENTOS,2022-08,2,1.46,8.22,5.44,5.44,Media móvil
P007721,PENICILINA G CRISTALINA POLVO LIOFILIZADO 1000000UI,MEDICAMENTOS,2022-08,2,294.29,440.19,508.56,294.29,XGBoost
P012141,PIRANTEL PAMOATO TABLETA 250MG,MEDICAMENTOS,2022-08,2,0.3,0.0,0.06,0.3,XGBoost
P012231,PIRANTEL PAMOATO SUSPENSIÓN ORAL 250MG/5ML (750MG/15ML),MEDICAMENTOS,2022-08,2,0.18,0.0,0.11,0.18,XGBoost
P022701,POTASIO CLORURO 20MEQ/10ML SOL. INYECTABLE,MEDICAMENTOS,2022-08,2,2213.74,2109.58,1987.64,2213.74,XGBoost
P026011,PRAZOSINA TABLETA 1MG,MEDICAMENTOS,2022-08,2,880.08,1187.22,1062.64,1187.22,Regresión Lineal
P027011,PREDNISOLONA TABLETA 5MG,MEDICAMENTOS,2022-08,2,586.93,494.12,494.34,494.12,Regresión Lineal
P035011,PROPRANOLOL TABLETA 40MG,MEDICAMENTOS,2022-08,2,137.91,89.93,115.63,89.93,Regresión Lineal
P036701,PROTAMINA SOLUCIÓN INYECTABLE 5000UI,MEDICAMENTOS,2022-08,2,0.38,0.0,0.67,0.67,Media móvil
P039701,"POTASIO FOSFATO DIBASICO/MONOBASICO SOLUCIÓN INYECTABLE 3,8MEQ/2,6MM/1ML (38MEQ",MEDICAMENTOS,2022-08,2,46.71,21.27,29.15,46.71,XGBoost
R0000009,ROCIVERINA SOLUCIÓN INYECTABLE 20MG/2ML,MEDICAMENTOS,2022-08,2,2.35,0.0,0.38,2.35,XGBoost
R0000014,ROSUVASTATINA TABLETA 20MG,MEDICAMENTOS,2022-08,2,10.51,0.0,1.59,10.51,XGBoost
R001011,RANITIDINA TABLETA 150MG,MEDICAMENTOS,2022-08,2,422.84,355.07,323.44,323.44,Media móvil
R001701,RANITIDINA SOL. INYECTABLE 50MG/2ML,MEDICAMENTOS,2022-08,2,1622.05,1209.83,1337.44,1337.44,Media móvil
R002251,POLIESTIRENO SULFONATO CÁLCICO POLVO PARA SUSPENSIÓN ORAL 15G,MEDICAMENTOS,2022-08,2,96.97,106.6,160.32,96.97,XGBoost
R005101,RIFAMPICINA CÁPSULA 300MG,MEDICAMENTOS,2022-08,2,20.24,5.04,23.64,20.24,XGBoost
R008703,AGUA ESTERIL PARA IRRIGACION 3000 ML ,MEDICAMENTOS,2022-08,2,39.64,43.18,33.66,39.64,XGBoost
R009141,RITONAVIR TABLETA 100MG,MEDICAMENTOS,2022-08,2,0.72,0.0,0.0,0.0,Media móvil
S0000002,SECNIDAZOL TABLETA 500MG,MEDICAMENTOS,2022-08,2,0.29,0.0,0.0,0.0,Media móvil
S0000012,"BUDESONIDA/FORMOTEROL SUSPENSIÓN PARA INHALACIÓN 160MCG/4,5MCG/1PUFF/120PUFF",MEDICAMENTOS,2022-08,2,2.35,0.0,0.65,2.35,XGBoost
S003701,SODIO BICARBONATO SOLUCIÓN INYECTABLE 1MEQ/1ML (10MEQ/10ML),MEDICAMENTOS,2022-08,2,518.01,576.29,675.22,675.22,Media móvil
S004702,SODIO CLORURO SOL. INYECTABLE 20MEQ/10ML,MEDICAMENTOS,2022-08,2,1440.92,1391.17,1433.22,1433.22,Media móvil
S010721,NITROPRUSIATO POLVO LIOFILIZADO 50MG,MEDICAMENTOS,2022-08,2,15.84,52.71,51.89,51.89,Media móvil
S013701,SUCCINILCOLINA SOLUCIÓN INYECTABLE 10%/10ML,MEDICAMENTOS,2022-08,2,0.18,0.0,1.78,1.78,Media móvil
S014011,SUCRALFATO TABLETA 1G,MEDICAMENTOS,2022-08,2,522.43,811.17,691.0,811.17,Regresión Lineal
S020011,SULFASALAZINA TABLETA 500MG,MEDICAMENTOS,2022-08,2,0.47,1.74,9.78,9.78,Media móvil
T0000001,TIGECICLINA 50MG POLVO PARA RECONSTITUCION,MEDICAMENTOS,2022-08,2,12.24,20.41,23.56,20.41,Regresión Lineal
T0000003,TIZANIDINA TABLETA 2MG,MEDICAMENTOS,2022-08,2,0.38,0.0,0.0,0.0,Media móvil
T0000006,TRIMEBUTINA SOL. INYECTABLE 50MG/5ML,MEDICAMENTOS,2022-08,2,0.32,0.0,0.0,0.0,Media móvil
T0000007,TRIMEBUTINA MALEATO TABLETA 200MG,MEDICAMENTOS,2022-08,2,0.22,0.0,0.0,0.0,Media móvil
T001011,TALIDOMIDA TABLETA 100MG,MEDICAMENTOS,2022-08,2,0.97,0.0,0.25,0.97,XGBoost
T002012,TAMOXIFENO TABLETA 20MG,MEDICAMENTOS,2022-08,2,0.0,0.0,2.78,2.78,Media móvil
T004151,TEOFILINA CAPSULA 125MG,MEDICAMENTOS,2022-08,2,0.43,0.0,1.89,1.89,Media móvil
T005461,TERBUTALINA SUSPENSIÓN PARA INHALACIÓN 10MG//1ML/10ML,MEDICAMENTOS,2022-08,2,0.0,0.0,0.44,0.44,Media móvil
T005701,"TERBUTALINA SOLUCIÓN INYECTABLE 0,5MG/1ML",MEDICAMENTOS,2022-08,2,0.0,0.0,0.44,0.44,Media móvil
T008101,TETRACICLINA TABLETA 500MG,MEDICAMENTOS,2022-08,2,0.16,0.0,0.0,0.0,Media móvil
T009141,TIAMINA 300MG TABLETA ,MEDICAMENTOS,2022-08,2,6.89,13.97,21.0,21.0,Media móvil
T009701,TIAMINA 1000MG/10ML SOL. INYECTABLE,MEDICAMENTOS,2022-08,2,6.98,20.63,11.01,6.98,XGBoost
T011602,TIMOLOL SOLUCIÓN OFTÁLMICA 5MG/1ML,MEDICAMENTOS,2022-08,2,0.16,0.0,0.0,0.0,Media móvil
T012011,TINIDAZOL TABLETA 500MG,MEDICAMENTOS,2022-08,2,9.28,42.22,52.44,52.44,Media móvil
T019701,"TOXOIDE TETANICO SOL. INYECTABLE 40UI/0,5ML",MEDICAMENTOS,2022-08,2,0.12,0.0,0.11,0.11,Media móvil
T020201,TRAMADOL SOL. ORAL 100MG/1ML,MEDICAMENTOS,2022-08,2,3.36,3.53,2.89,3.53,Regresión Lineal
T020701,TRAMADOL SOL. INYECTABLE 50MG/1ML,MEDICAMENTOS,2022-08,2,1114.0,874.33,1007.37,1114.0,XGBoost
T020702,TRAMADOL SOL. INYECTABLE 100MG/2ML,MEDICAMENTOS,2022-08,2,49.99,22.06,30.87,49.99,XGBoost
T023011,TRAZODONA TABLETA 50MG,MEDICAMENTOS,2022-08,2,352.94,299.96,338.34,352.94,XGBoost
T025011,TRIMETOPRIM/SULFAMETOXAZOL TABLETA 80MG/400MG,MEDICAMENTOS,2022-08,2,0.92,0.0,0.24,0.92,XGBoost
V000000013,VORICONAZOL TABLETA 200MG,MEDICAMENTOS,2022-08,2,3.89,57.87,53.78,53.78,Media móvil
V0000002,VALGANCICLOVIR TBL. 450 MG,MEDICAMENTOS,2022-08,2,0.25,0.0,0.0,0.0,Media móvil
V0000004,VALSARTAN TABLETA 160MG,MEDICAMENTOS,2022-08,2,15.14,21.07,17.78,21.07,Regresión Lineal
V0000005,VALSARTAN TABLETA 80MG,MEDICAMENTOS,2022-08,2,3.08,3.03,12.89,12.89,Media móvil
V0000011,VORICONAZOL POLVO LIOFILIZADO 200MG,MEDICAMENTOS,2022-08,2,0.91,60.91,64.6,60.91,Regresión Lineal
V0000012,VASOPRESINA 20UI/ML SOL. INYECTABLE ,MEDICAMENTOS,2022-08,2,52.54,71.3,67.97,52.54,XGBoost
V0000013,TRIMETAZIDINA TABLETA 35MG,MEDICAMENTOS,2022-08,2,4.64,0.0,0.95,0.95,Media móvil
V011141,VALPROICO ÁCIDO CÁPSULA 250MG,MEDICAMENTOS,2022-08,2,377.25,297.63,474.46,297.63,Regresión Lineal
V012221,VALPROICO ÁCIDO JARABE 250MG/5ML X 120ML,MEDICAMENTOS,2022-08,2,4.49,20.99,18.0,20.99,Regresión Lineal
V013721,VANCOMICINA 500MG POLVO LIOFILIZADO ,MEDICAMENTOS,2022-08,2,1769.64,1728.45,1657.69,1728.45,Regresión Lineal
V015721,VECURONIO BROMURO POLVO LIOFILIZADO 10MG,MEDICAMENTOS,2022-08,2,188.09,242.38,255.4,188.09,XGBoost
V016011,VERAPAMILO TABLETA 120MG,MEDICAMENTOS,2022-08,2,3.61,3.85,16.44,16.44,Media móvil
V016141,VERAPAMILO TABLETA 80MG,MEDICAMENTOS,2022-08,2,4.68,27.48,22.0,22.0,Media móvil
Z001201,ZIDOVUDINA SOLUCIÓN ORAL 10MG/1ML X 240ML,MEDICAMENTOS,2022-08,2,0.16,0.0,0.0,0.0,Regresión Lineal
Z002721,ZOLEDRONICO ÁCIDO POLVO LIOFILIZADO 4MG/5ML ,MEDICAMENTOS,2022-08,2,0.62,0.0,1.19,0.62,XGBoost
0002101,OMEPRAZOL CÁPSULA 20MG,MEDICAMENTOS,2022-09,3,1727.06,1411.47,1622.09,1727.06,XGBoost
0004721,OXACILINA POLVO LIOFILIZADO 1G,MEDICAMENTOS,2022-09,3,0.2,0.14,7.26,7.26,Media móvil
0006422,"OXIMETAZOLINA SOLUCIÓN NASAL 0,05% ",MEDICAMENTOS,2022-09,3,0.64,0.0,0.93,0.64,XGBoost
100317,"LACTULOSA SOLUCIÓN ORAL 66,7%/15ML",MEDICAMENTOS,2022-09,3,187.18,129.66,162.5,187.18,XGBoost
103662,PALIVIZUMAB POLVO LIOFILIZADO 50 MG,MEDICAMENTOS,2022-09,3,2.2,0.0,1.52,2.2,XGBoost
105719,CLARITROMICINA 250MG/5ML GRANULOS PARA RECONSTITUIR A SUSPENSION ORAL,MEDICAMENTOS,2022-09,3,0.3,0.0,0.15,0.15,Media móvil
110028,"EPOPROSTENOL POLVO LIOFILIZADO 1,5MG",MEDICAMENTOS,2022-09,3,0.35,0.0,0.0,0.0,Media móvil
118494,DEXAMETASONA SOLUCIÓN OFTÁLMICA 5ML,MEDICAMENTOS,2022-09,3,0.79,1.37,1.71,1.71,Media móvil
119580,N-ACETILCISTEINA GRANULOS PARA SUSPENCIÓN ORAL 200MG,MEDICAMENTOS,2022-09,3,0.25,0.0,0.0,0.0,Media móvil
120804,CARBOXIMETILCELULOSA 0.5 % SOL. OFTALMICA ,MEDICAMENTOS,2022-09,3,0.14,0.0,0.27,0.14,XGBoost
120898,"FRESUBIN HP ENERGY SOLUCIÓN ORAL 1,5KCAL/1ML (1500KCAL/1000ML) ALIMENTO LÍQUIDO ",NUTRICION,2022-09,3,35.84,111.66,126.52,126.52,Media móvil
120900,"(FRESUBIN HP ENERGY SOLUCIÓN ORAL 1,5KCAL/1ML (750KCAL/500ML)) ALIMENTO LÍQUIDO ",NUTRICION,2022-09,3,38.12,240.63,164.09,240.63,Regresión Lineal
125690,FINASTERIDE 5MG TABLETA ,MEDICAMENTOS,2022-09,3,0.44,0.0,0.14,0.44,XGBoost
129788,POSACONAZOL 100MG TABLETA,MEDICAMENTOS,2022-09,3,0.4,0.0,0.0,0.4,XGBoost
131059,HIDROXICLOROQUINA SULFATO TABLETA 200MG,MEDICAMENTOS,2022-09,3,0.0,35.0,72.85,72.85,Media móvil
131589,"TIOTROPIO BROMURO SUSPENSIÓN PARA INHALACIÓN 2,5MCG/1PUFF/60PUFF",MEDICAMENTOS,2022-09,3,0.91,0.0,1.35,0.91,XGBoost
134746,LEVETIRACETAM SOL. INYECTABLE 500MG/5ML,MEDICAMENTOS,2022-09,3,144.98,248.06,163.16,248.06,Regresión Lineal
136905,CICLOSERINA 250MG TABLETA ,MEDICAMENTOS,2022-09,3,0.0,0.0,4.67,4.67,Media móvil
145329,DEXMEDETOMIDINA 200MCG/2ML SOL. INYECTABLE,MEDICAMENTOS,2022-09,3,380.98,477.79,413.63,380.98,XGBoost
145537,CISATRACURIO 10MG/5ML SOL. INYECTABLE,MEDICAMENTOS,2022-09,3,0.36,10.06,39.41,39.41,Media móvil
145933,LEVOTIROXINA SODICA TABLETA 25MCG,MEDICAMENTOS,2022-09,3,69.25,53.1,58.78,58.78,Media móvil
151766,CLOBAZAM TABLETA 10 MG ,CONTROLADOS,2022-09,3,5.76,8.29,22.27,22.27,Media móvil
152912,PARACETAMOL SOLUCIÓN INYECTABLE 1G/100ML,MEDICAMENTOS,2022-09,3,19.44,0.65,17.98,19.44,XGBoost
153257,ANFOTERICINA B LIPOSOMAL 50MG POLVO LIOFILIZADO 50MG,MEDICAMENTOS,2022-09,3,43.28,53.17,50.59,50.59,Media móvil
157471,OCTEOTRIDE ACETATO SOLUCIÓN INYECTABLE 20MG,MEDICAMENTOS,2022-09,3,19.13,0.12,5.8,19.13,XGBoost
160729,LEVETIRACETAM 1000MG TABLETA,MEDICAMENTOS,2022-09,3,0.0,0.0,4.3,4.3,Media móvil
162236,INSULINA DEGLUDEC SOL. INYECTABLE 100UI/ML x 3 ML,MEDICAMENTOS,2022-09,3,2.94,2.28,3.27,2.94,XGBoost
162378,ACETAMINOFEN/HIDROCODONA TABLETA 325MG/5MG,MEDICAMENTOS,2022-09,3,0.52,0.0,0.0,0.0,Media móvil
162558,LEVOFLOXACINA SOLUCIÓN INYECTABLE 500MG/100ML,MEDICAMENTOS,2022-09,3,6.23,10.87,14.19,14.19,Media móvil
162958,INDACATEROL/GLICOPIRRONIO POLVO PARA INHALACIÓN EN CÁPSULA 110MCG/50MCG,MEDICAMENTOS,2022-09,3,10.48,2.51,14.48,14.48,Media móvil
164333,FOSFOMICINA DISODICA 4G POLVO LIOFILIZADO ,MEDICAMENTOS,2022-09,3,1.35,1.24,5.74,5.74,Media móvil
171762,"NEPRO BP SOLUCIÓN ORAL 1,8KCAL/1ML (426,6KCAL/237ML)) ALIMENTO PARA PROPÓSITOS",NUTRICION,2022-09,3,7.22,7.24,14.44,7.22,XGBoost
19973360,DOBUTAMINA 250MG/20ML SOL. INYECTABLE,MEDICAMENTOS,2022-09,3,43.07,32.42,36.11,36.11,Media móvil
200061,SENSOR NEONATAL ADHESIVO M-LNCS PARA EQUIPOS  MARCA MASIMO,DISPOSITIVOS MEDICO,2022-09,3,0.81,0.0,1.79,1.79,Media móvil
200072,SENSOR SPO2 NEONATAL EM0602,DISPOSITIVOS MEDICO,2022-09,3,0.01,0.0,0.1,0.1,Media móvil
2001990802,SACCHAROMYCES BOULARDII POLVO PARA SUSPENSIÓN ORAL 250MG,MEDICAMENTOS,2022-09,3,2.73,0.0,0.0,0.0,Media móvil
20039341,TICAGRELOR TABLETA 90MG,MEDICAMENTOS,2022-09,3,0.56,0.0,0.7,0.7,Media móvil
6421,"OXIMETAZOLINA SOLUCIÓN NASAL 0, 025% ",MEDICAMENTOS,2022-09,3,0.24,0.0,0.21,0.21,Media móvil
700010,NIFEDIPINO CÁPSULA 10MG,MEDICAMENTOS,2022-09,3,128.27,300.31,210.09,128.27,XGBoost
700021,ALFAMETILDOPA TABLETA 250MG,MEDICAMENTOS,2022-09,3,24.29,2.47,11.89,11.89,Media móvil
700067,TRIMETOPRIM/SULFAMETOXAZOL TABLETA 160MG/800MG,MEDICAMENTOS,2022-09,3,63.81,106.82,78.74,63.81,XGBoost
700131,CLOTRIMAZOL 100MG TABLETA VAGINAL,MEDICAMENTOS,2022-09,3,1.71,0.0,1.87,1.71,XGBoost
700142,WARFARINA SODICA TABLETA 5MG,MEDICAMENTOS,2022-09,3,61.3,18.7,41.73,61.3,XGBoost
700145,DIOSMINA TABLETA 500MG,MEDICAMENTOS,2022-09,3,0.0,0.0,5.19,5.19,Media móvil
700203,MUPIROCINA UNGÜENTO TÓPICO 2%/15G,MEDICAMENTOS,2022-09,3,0.15,0.0,0.26,0.26,Media móvil
700245,SULFADIAZINA DE PLATA CREMA TOPICA 1% ,MEDICAMENTOS,2022-09,3,0.22,0.0,0.15,0.15,Media móvil
700290,"BETAMETILDIGOXINA 0,6MG/ML/45 GOTAS SOLUCIÓN ORAL ",MEDICAMENTOS,2022-09,3,1.38,0.14,1.5,1.38,XGBoost
700302,GLUTAPAK 10 ENTEREX ALIMENTO 15g,NUTRICION,2022-09,3,0.22,0.0,0.96,0.96,Media móvil
700307,PREPARADO MAGISTRAL DE OMEPRAZOL ENTERAL 20 MG/10 ML,MEDICAMENTOS,2022-09,3,18.88,63.84,89.62,63.84,Regresión Lineal
700308,PREPARADO MAGISTRAL DE NIFEDIPINO ENTERAL 30 MG/ 10 ML,MEDICAMENTOS,2022-09,3,0.0,0.0,4.67,4.67,Media móvil
700310,TROPICAMIDA 1% 15ML SOLUCION OFTALMICA,MEDICAMENTOS,2022-09,3,0.18,0.0,0.15,0.15,Media móvil
700319,circuito neonatal REFERENCIA MP02650,DISPOSITIVOS MEDICO,2022-09,3,1.53,0.21,3.11,3.11,Media móvil
700320,LEVETIRACETAM 100 MG/ML SOLUCION ORAL x 300 ML,MEDICAMENTOS,2022-09,3,0.62,0.0,1.36,1.36,Media móvil
700326,IPRATROPIO BROMURO SOL. PARA INHALACIÓN 250MCG/1ML x 20ML,MEDICAMENTOS,2022-09,3,3.53,0.0,0.81,0.81,Media móvil
700401,SUCRALFATO SUSPENSIÓN ORAL 20%/200ML,MEDICAMENTOS,2022-09,3,1.4,0.0,1.14,1.4,XGBoost
700410,EQUIPO PERFUSOR 50CC,DISPOSITIVOS MEDICO,2022-09,3,1.64,2.18,2.34,1.64,XGBoost
700422,FENOBARBITAL SOLUCIÓN ORAL 4MG/1ML ,CONTROLADOS,2022-09,3,0.73,0.0,0.51,0.73,XGBoost
700441,POTASIO GLUCONATO ELIXIR 20MEQ/15ML ,MEDICAMENTOS,2022-09,3,37.96,27.09,30.26,27.09,Regresión Lineal
700525,PROPOFOL EMULSIÓN INYECTABLE 1%/20ML,MEDICAMENTOS,2022-09,3,1.81,0.15,1.8,1.81,XGBoost
700543,MIDAZOLAM 5MG/5ML SOL. INYECTABLE,CONTROLADOS,2022-09,3,9277.57,15135.3,10888.43,9277.57,XGBoost
700544,SOMATOSTATINA POLVO LIOFILIZADO 3MG,MEDICAMENTOS,2022-09,3,2.52,43.02,38.7,38.7,Media móvil
700550,ROCURONIO BROMURO SOLUCIÓN INYECTABLE 50MG/5ML,MEDICAMENTOS,2022-09,3,0.0,23.77,18.37,18.37,Media móvil
700554,ASCORBICO ACIDO 500MG/5ML SOL. INYECTABLE (VITAMINA C),MEDICAMENTOS,2022-09,3,239.6,240.06,270.17,239.6,XGBoost
700567,ALIZAPRIDA SOL. INYECTABLE 50MG,MEDICAMENTOS,2022-09,3,0.15,0.0,0.0,0.0,Media móvil
700572,"METILERGOMETRINA SOL. INYECTABLE 0,2MG ",CONTROLADOS,2022-09,3,0.48,0.0,0.24,0.48,XGBoost
700575,"ENOXAPARINA 20MG/0,2ML SOL. INYECTABLE ",MEDICAMENTOS,2022-09,3,131.53,85.6,107.59,131.53,XGBoost
700577,"ENOXAPARINA 60MG/0,6ML SOL. INYECTABLE ",MEDICAMENTOS,2022-09,3,371.22,367.14,386.63,371.22,XGBoost
700578,"ENOXAPARINA 80MG/0,8ML SOL. INYECTABLE ",MEDICAMENTOS,2022-09,3,172.8,109.07,142.54,172.8,XGBoost
700587,MEPERIDINA 100MG/2ML SOL. INYECTABLE,CONTROLADOS,2022-09,3,42.86,31.85,44.68,42.86,XGBoost
700605,INMUNOGLOBULINA HUMANA NORMAL  6 GR/200ML SOL. INYECTABLE,MEDICAMENTOS,2022-09,3,7.36,0.0,5.24,7.36,XGBoost
700628,CLARITROMICINA 500MG POLVO LIOFILIZADO ,MEDICAMENTOS,2022-09,3,197.95,497.88,300.26,197.95,XGBoost
700629,FOSFOLIPIDOS NATURALES 200MG/8ML SUSPENSION INYECTABLE (SURFACTANTE PULMONAR),MEDICAMENTOS,2022-09,3,4.25,1.33,4.27,4.27,Media móvil
700630,ALPROSTADIL SOLUCIÓN INYECTABLE 500MCG/1ML,MEDICAMENTOS,2022-09,3,0.5,0.0,0.26,0.26,Media móvil
700631,"OCTREOTIDE SOLUCIÓN INYECTABLE 0,1MG/1ML",MEDICAMENTOS,2022-09,3,23.35,0.54,7.18,23.35,XGBoost
700634,MEROPENEM POLVO LIOFILIZADO 1000 MG,MEDICAMENTOS,2022-09,3,1596.6,1707.24,1677.29,1596.6,XGBoost
700639,ANFOTERICINA B 50MG POLVO LIOFILIZADO ,MEDICAMENTOS,2022-09,3,7.0,31.32,40.74,31.32,Regresión Lineal
700640,TRIMETOPRIM/SULFAMETOXAZOL  80MG/400MG/5ML SOL. INYECTABLE,MEDICAMENTOS,2022-09,3,716.04,791.52,810.96,810.96,Media móvil
700644,ADENOSINA 6MG/2ML SOL. INYECTABLE ,MEDICAMENTOS,2022-09,3,0.26,0.0,0.26,0.26,XGBoost
700645,CEFEPIME 1G POLVO LIOFILIZADO,MEDICAMENTOS,2022-09,3,714.81,1015.36,965.52,965.52,Media móvil
700646,MILRINONA SOL. INYECTABLE 10MG/10ML,MEDICAMENTOS,2022-09,3,71.59,67.78,56.89,56.89,Media móvil
700651,KETOPROFENO SOLUCIÓN INYECTABLE 100MG/2ML,MEDICAMENTOS,2022-09,3,0.18,0.0,0.0,0.0,Media móvil
700694,LIDOCAINA CLORHIDRATO 2% JALEA 30G,MEDICAMENTOS,2022-09,3,140.21,94.5,119.74,140.21,XGBoost
700741,SACUBITRIL/ VALSARTAN 50 MG TABLETA,MEDICAMENTOS,2022-09,3,11.85,21.01,25.93,25.93,Media móvil
700749,"BUDESONIDA SUSPENSIÓN PARA INHALACIÓN 0,5MG/1ML (1MG/2ML)",MEDICAMENTOS,2022-09,3,2.33,2.41,2.83,2.33,XGBoost
700757,SALBUTAMOL 5 MG SOL. PARA NEBULIZACIÓN X 10 ML,MEDICAMENTOS,2022-09,3,0.55,0.0,1.27,1.27,Media móvil
700762,LIDOCAINA CLORHIDRATO SOLUCIÓN TÓPICA 10%/80G,MEDICAMENTOS,2022-09,3,0.32,0.0,0.15,0.15,Media móvil
700779,FENOBARBITAL TABLETA 100MG ,CONTROLADOS,2022-09,3,0.48,0.0,0.0,0.0,Media móvil
700786,GASA VASELINADA,DISPOSITIVOS MEDICO,2022-09,3,1.18,0.0,0.26,0.26,Media móvil
700791,DEGARELIX 80 MG POLVO PARA RECONSTITUCION,MEDICAMENTOS,2022-09,3,0.05,0.0,0.44,0.44,Media móvil
700800,HALOPERIDOL 5MG TABLETA  ,MEDICAMENTOS,2022-09,3,1.2,29.26,42.06,29.26,Regresión Lineal
700809,"PIPERACILINA/TAZOBACTAM POLVO LIOFILIZADO 4,5G",MEDICAMENTOS,2022-09,3,3855.29,3144.08,3104.37,3104.37,Media móvil
700813,FOSFOLIPIDOS NATURALES 100MG/4ML SUSPENSION INYECTABLE (SURFACTANTE PULMONAR),MEDICAMENTOS,2022-09,3,2.53,0.96,2.85,2.85,Media móvil
700815,"FOSFOLIPIDOS NATURALES 120MG/1,5ML SUSPENSION INYECTABLE SURFACTANTE PULMONAR)",MEDICAMENTOS,2022-09,3,2.12,0.0,1.68,2.12,XGBoost
700817,"BUPIVACAINA 0,5% x 10ML SOL. INYECTABLE",MEDICAMENTOS,2022-09,3,0.04,0.0,0.0,0.0,Regresión Lineal
700820,DALTEPARINA SODICA 2.500 UI (ANTIFACTOR XA)  SOL. INYECTABLE,MEDICAMENTOS,2022-09,3,76.7,70.93,74.87,76.7,XGBoost
700821,DALTEPARINA SODICA 5.000 UI (ANTIFACTOR XA) SOL. INYECTABLE,MEDICAMENTOS,2022-09,3,16.23,45.56,38.28,45.56,Regresión Lineal
700850,TRANEXAMICO ACIDO 500MG  SOL. INYECTABLE,MEDICAMENTOS,2022-09,3,141.11,92.34,104.11,104.11,Media móvil
700851,AGUA ESTERIL PARA INYECCION 5ML,MEDICAMENTOS,2022-09,3,2701.43,2343.73,2950.64,2343.73,Regresión Lineal
700860,EPINEFRINA 1MG/ML SOL. INYECTABLE ,MEDICAMENTOS,2022-09,3,80.31,37.53,66.13,80.31,XGBoost
700873,URSODEOXICOLICO ACIDO TABLETA 600MG,MEDICAMENTOS,2022-09,3,3.71,0.0,1.69,3.71,XGBoost
700883,"FENTANYL 0,5MG/10ML SOL. INYECTABLE",CONTROLADOS,2022-09,3,1307.78,1788.79,1470.48,1307.78,XGBoost
700887,"BETAMETILDIGOXINA 0,2MG/2ML SOL. INYECTABLE",MEDICAMENTOS,2022-09,3,35.33,34.92,36.22,35.33,XGBoost
700893,FENITOINA 250MG/5ML SOL. INYECTABLE ,MEDICAMENTOS,2022-09,3,160.23,236.85,201.28,160.23,XGBoost
700895,"AMPICILINA/SULBACTAM 1,5G POLVO LIOFILIZADO ",MEDICAMENTOS,2022-09,3,3398.33,2858.54,3117.85,3117.85,Media móvil
700901,COMPLEJO B SOLUCIÓN INYECTABLE 10ML,MEDICAMENTOS,2022-09,3,0.07,0.0,0.0,0.0,Regresión Lineal
700907,"FITOMENADIONA 2MG/0,2ML SOL. INYECTABLE (VITAMINA K)",MEDICAMENTOS,2022-09,3,2.88,0.33,4.33,4.33,Media móvil
700917,CLEMASTINA SOLUCIÓN INYECTABLE 2MG,MEDICAMENTOS,2022-09,3,0.31,0.0,0.0,0.0,Regresión Lineal
700944,METILPREDNISOLONA SUCCINATO 40MG/ML SOL. INYECTABLE,MEDICAMENTOS,2022-09,3,1.06,0.33,1.11,1.06,XGBoost
700948,MEDROXIPROGESTERONA ACETATO SUSPENSIÓN INYECTABLE 50MG/ML (150MG/3ML),MEDICAMENTOS,2022-09,3,19.76,10.81,27.17,27.17,Media móvil
700949,METILPREDNISOLONA ACETATO 40MG/ML SUSPENSION INYECTABLE,MEDICAMENTOS,2022-09,3,0.45,0.0,0.0,0.0,Regresión Lineal
700964,"ENSURE PLUS HN SOLUCIÓN ORAL 1,5KCAL/1ML (355,5KCAL/237ML) ALIMENTO DE USO ESPEC",NUTRICION,2022-09,3,65.4,20.1,53.08,65.4,XGBoost
700966,JEVITY SOLUCIÓN ORAL 1KCAL/1ML (1500KCAL/1500ML)) ALIMENTO PARA PROPÓSITOS MÉD,NUTRICION,2022-09,3,17.4,28.33,31.88,28.33,Regresión Lineal
700967,"ENSURE PLUS HN SOLUCIÓN ORAL 1,5KCAL/1ML (1500KCAL/1000ML) ALIMENTO DE USO ESPEC",NUTRICION,2022-09,3,21.33,8.79,11.9,21.33,XGBoost
700968,"ENSURE SOLUCIÓN ORAL 1,05KCAL/1ML (248,9KCAL/237ML) ALIMENTO LIQUIDO CON PROTEÍN",NUTRICION,2022-09,3,76.76,50.56,121.33,121.33,Media móvil
700971,"(OSMOLITE HN PLUS SOLUCIÓN ORAL 1,2KCAL/1ML (1800KCAL/1500ML)) ALIMENTO PARA PR",NUTRICION,2022-09,3,21.85,36.1,24.33,24.33,Media móvil
700974,GLUCERNA SOLUCIÓN ORAL 1KCAL/1ML (1500KCAL/1500ML)) ALIMENTO LÍQUIDO PARA PROP,NUTRICION,2022-09,3,28.72,18.76,20.87,28.72,XGBoost
700975,(NUTREN SOLUCIÓN ORAL 1KCAL/1ML (250KCAL/250ML)) ALIMENTO LÍQUIDO PARA USOS NUT,NUTRICION,2022-09,3,236.33,138.56,248.8,138.56,Regresión Lineal
700980,(PEPTAMEN PREBIO SOL. ORAL 1KCAL/1ML (250KCAL/250ML)) ALIMENTO LIQUIDO CON PROTE,NUTRICION,2022-09,3,5.23,5.68,40.44,40.44,Media móvil
700997,SODIO BICARBONATO POLVO SOL. ORAL x 2.8 GRAMOS,MEDICAMENTOS,2022-09,3,0.42,0.0,0.26,0.26,Media móvil
701003,BUDESONIDA 100 MCG/PUFF x 200 PUFF,MEDICAMENTOS,2022-09,3,0.12,0.0,0.15,0.12,XGBoost
701035,"BETAMETILDIGOXINA TABLETA 0,1MG",MEDICAMENTOS,2022-09,3,0.87,0.0,6.3,6.3,Media móvil
701079,PREDNISONA TABLETA 50MG,MEDICAMENTOS,2022-09,3,101.93,106.69,175.07,106.69,Regresión Lineal
701175,PROPAFENONA TABLETA 150MG,MEDICAMENTOS,2022-09,3,0.37,24.87,14.22,14.22,Media móvil
701210,METIMAZOL TABLETA 5MG,MEDICAMENTOS,2022-09,3,128.99,217.22,142.81,217.22,Regresión Lineal
701277,BOLSA NUTRICION ENTERAL 1500 ML,DISPOSITIVOS MEDICO,2022-09,3,97.42,110.24,108.1,110.24,Regresión Lineal
701278,SET ENTERAL TAPA ROSCA Y PUNZON,DISPOSITIVOS MEDICO,2022-09,3,13.41,29.18,21.26,21.26,Media móvil
701279,EQUIPO CON PUNZON EN CRUZ AMIKA ,DISPOSITIVOS MEDICO,2022-09,3,490.73,580.32,545.26,545.26,Media móvil
701289,TRANEXAMICO ÁCIDO TABLETA 500MG,MEDICAMENTOS,2022-09,3,6.88,0.0,1.33,1.33,Media móvil
701399,AGUA ESTERIL PARA INYECCION 500ML,MEDICAMENTOS,2022-09,3,330.61,284.33,303.48,303.48,Media móvil
701405,PROLENE 2 0 8423T (CT1)75CM,DISPOSITIVOS MEDICO,2022-09,3,0.07,0.0,0.15,0.15,Media móvil
701428,SEDA 2-0 185T (SC26)45CM ,DISPOSITIVOS MEDICO,2022-09,3,3.76,23.43,13.25,23.43,Regresión Lineal
701429,SEDA 2-0 623H (KS)75CM  ,DISPOSITIVOS MEDICO,2022-09,3,41.2,61.67,52.7,52.7,Media móvil
701442,DEXTROSA 50% EN AGUA DESTILADA 500 ML,MEDICAMENTOS,2022-09,3,0.85,0.0,0.92,0.85,XGBoost
701452,NITROGLICERINA SOLUCIÓN INYECTABLE 50MG/250ML,MEDICAMENTOS,2022-09,3,30.51,41.26,38.21,30.51,XGBoost
701479,"SODIO CLORURO ENEMA RECTAL 2,5G/1000ML",MEDICAMENTOS,2022-09,3,26.11,21.38,24.28,26.11,XGBoost
701694,DUODERM CGF 20 X 20 CM/8X8,MEDICAMENTOS,2022-09,3,7.85,2.85,6.81,6.81,Media móvil
701715,DUODERM ET 10X10/4X4   ,DISPOSITIVOS MEDICO,2022-09,3,3.62,0.0,2.29,3.62,XGBoost
701725,DUODERM GEL TBX30GR,MEDICAMENTOS,2022-09,3,1.98,2.3,2.93,2.93,Media móvil
701727,DUODERM PASTA TBX30GR ,MEDICAMENTOS,2022-09,3,0.05,0.0,0.0,0.0,Regresión Lineal
701829,SURGICEL 4X8 REF 1952 (10.2CMX20.3CM) ,DISPOSITIVOS MEDICO,2022-09,3,0.15,0.0,0.0,0.0,Media móvil
701833,TEGADERM 10CMX12CM REF 1626W ,MEDICAMENTOS,2022-09,3,0.0,0.0,2.89,2.89,Media móvil
701835,TEGADERM 6CMX7CM REF 1624W X100 ,DISPOSITIVOS MEDICO,2022-09,3,0.0,0.57,5.93,5.93,Media móvil
701841,ALGODON LAMINADO 4X5,DISPOSITIVOS MEDICO,2022-09,3,0.37,0.0,0.75,0.75,Media móvil
701842,ALGODON LAMINADO 5X5,DISPOSITIVOS MEDICO,2022-09,3,0.25,0.0,0.52,0.52,Media móvil
701843,ALGODON LAMINADO 6X5,DISPOSITIVOS MEDICO,2022-09,3,12.95,11.32,10.59,12.95,XGBoost
701847,BACTIGRAS 10X10 ,DISPOSITIVOS MEDICO,2022-09,3,21.99,11.06,21.05,21.99,XGBoost
701848,BACTIGRAS 15X20 ,DISPOSITIVOS MEDICO,2022-09,3,73.9,52.61,61.37,61.37,Media móvil
701849,BACTIGRAS 5X5 ,DISPOSITIVOS MEDICO,2022-09,3,1.26,0.0,1.82,1.26,XGBoost
701853,VENDA SEMIELASTICA 3X4.1,DISPOSITIVOS MEDICO,2022-09,3,0.0,29.33,16.59,16.59,Media móvil
701854,VENDA SEMIELASTICA 4X4.1    ,DISPOSITIVOS MEDICO,2022-09,3,3.86,14.07,15.72,14.07,Regresión Lineal
701855,VENDA SEMIELASTICA 6X4.1  ,DISPOSITIVOS MEDICO,2022-09,3,40.8,6.26,36.3,40.8,XGBoost
701863,VENDA ELASTICA 4X5  ,DISPOSITIVOS MEDICO,2022-09,3,1.94,1.16,2.39,1.94,XGBoost
701864,VENDA ELASTICA 5X5 ,DISPOSITIVOS MEDICO,2022-09,3,6.93,3.13,6.93,6.93,XGBoost
701865,VENDA ELASTICA 6X5,DISPOSITIVOS MEDICO,2022-09,3,91.43,49.83,69.93,91.43,XGBoost
701866,VENDA ELASTICA 3X5 ,DISPOSITIVOS MEDICO,2022-09,3,0.25,0.0,0.0,0.0,Media móvil
701930,PRESTOBARBA    ,DISPOSITIVOS MEDICO,2022-09,3,51.36,51.52,53.36,51.36,XGBoost
701942,BATA T/XL (BATA PACIENTE),DISPOSITIVOS MEDICO,2022-09,3,23.14,0.0,14.43,23.14,XGBoost
701943,BATON QUIRURGICO,DISPOSITIVOS MEDICO,2022-09,3,141.99,1.76,56.75,141.99,XGBoost
701954,BARRERA STOMAHESIVE 45 50MM,DISPOSITIVOS MEDICO,2022-09,3,0.78,0.0,0.9,0.78,XGBoost
701961,CATETER TROCAR RECTO 10FR (TUBO TORAX),DISPOSITIVOS MEDICO,2022-09,3,11.24,11.72,12.02,11.24,XGBoost
701962,CATETER TROCAR RECTO 20FR,DISPOSITIVOS MEDICO,2022-09,3,0.19,0.0,0.0,0.0,Regresión Lineal
701964,CATETER TROCAR RECTO 28FR ,DISPOSITIVOS MEDICO,2022-09,3,0.22,0.27,1.33,1.33,Media móvil
701965,CATETER TROCAR RECTO 32FR,DISPOSITIVOS MEDICO,2022-09,3,0.62,0.0,0.33,0.62,XGBoost
701966,CATETER TROCAR RECTO 36FR,DISPOSITIVOS MEDICO,2022-09,3,0.33,0.0,0.09,0.33,XGBoost
701977,VENDA YESO 4X5  ,DISPOSITIVOS MEDICO,2022-09,3,0.04,0.0,0.11,0.11,Media móvil
701978,VENDA YESO 5X5    ,DISPOSITIVOS MEDICO,2022-09,3,0.08,0.31,1.19,1.19,Media móvil
701979,VENDA YESO 6X5 ,DISPOSITIVOS MEDICO,2022-09,3,0.4,0.0,0.11,0.4,XGBoost
701996,SUNITINIB 50 MG CAPSULA,MEDICAMENTOS,2022-09,3,0.0,0.0,3.41,3.41,Media móvil
702017,SONDA ENTERAL 6FR (ALIMENTACION)  ,DISPOSITIVOS MEDICO,2022-09,3,0.16,0.0,0.0,0.0,Media móvil
702019,SONDA ENTERAL 12FR X 43 (ALIMENTACION)   ,DISPOSITIVOS MEDICO,2022-09,3,54.56,95.43,82.07,82.07,Media móvil
702020,SONDA FOLEY 2 VÍAS 16FRX5CM    ,DISPOSITIVOS MEDICO,2022-09,3,0.55,0.0,3.85,3.85,Media móvil
702021,SONDA FOLEY 2 VIAS 16FRX30CM   ,DISPOSITIVOS MEDICO,2022-09,3,29.68,21.39,22.33,29.68,XGBoost
702022,SONDA FOLEY 2 VÍAS 18FRX5CM ,DISPOSITIVOS MEDICO,2022-09,3,8.23,0.0,6.34,8.23,XGBoost
702023,SONDA FOLEY 2 VÍAS 18FRX30CM    ,DISPOSITIVOS MEDICO,2022-09,3,9.22,24.01,22.96,24.01,Regresión Lineal
702024,SONDA FOLEY 2 VIAS 14FRX5CM,DISPOSITIVOS MEDICO,2022-09,3,1.7,0.0,0.96,1.7,XGBoost
702025,SONDA FOLEY 2 VÍAS 12FRX5CM,DISPOSITIVOS MEDICO,2022-09,3,0.1,0.0,0.52,0.52,Media móvil
702028,SONDA FOLEY 2 VÍAS 24FRX5CM    ,DISPOSITIVOS MEDICO,2022-09,3,0.13,0.0,0.0,0.0,Regresión Lineal
702029,SONDA FOLEY 2 VÍAS 24FRX5CM-30CM    ,DISPOSITIVOS MEDICO,2022-09,3,0.08,0.0,0.89,0.89,Media móvil
702031,SONDA FOLEY 2 VÍAS 22FRX30CM    ,DISPOSITIVOS MEDICO,2022-09,3,0.95,0.0,1.78,0.95,XGBoost
702032,SONDA FOLEY 2 VÍAS 20FRX15CM    ,DISPOSITIVOS MEDICO,2022-09,3,0.99,0.0,1.7,0.99,XGBoost
702033,SONDA FOLEY 2 VÍAS 20FRX30CM   ,DISPOSITIVOS MEDICO,2022-09,3,0.9,3.48,3.48,3.48,Media móvil
702035,SONDA FOLEY 3 VÍAS 20FRX30CM       ,DISPOSITIVOS MEDICO,2022-09,3,1.29,0.0,0.67,0.67,Media móvil
702037,SONDA FOLEY 3 VÍAS 22FRX30CM     ,DISPOSITIVOS MEDICO,2022-09,3,0.92,0.0,1.11,1.11,Media móvil
702039,SONDA FOLEY 3 VÍAS 24FRX30CM    ,DISPOSITIVOS MEDICO,2022-09,3,0.01,0.0,1.44,1.44,Media móvil
702040,SONDA NASOGASTRICA # 6 ,DISPOSITIVOS MEDICO,2022-09,3,0.72,0.0,0.57,0.72,XGBoost
702041,SONDA NASOGASTRICA # 8,DISPOSITIVOS MEDICO,2022-09,3,0.34,0.0,1.41,1.41,Media móvil
702043,SONDA NASOGASTRICA # 12,DISPOSITIVOS MEDICO,2022-09,3,0.39,0.0,0.0,0.0,Regresión Lineal
702044,SONDA NASOGASTRICA # 14,DISPOSITIVOS MEDICO,2022-09,3,3.62,0.0,2.85,3.62,XGBoost
702045,SONDA NASOGASTRICA # 16   ,DISPOSITIVOS MEDICO,2022-09,3,18.84,16.64,21.7,18.84,XGBoost
702046,SONDA NASOGASTRICA # 18 ,DISPOSITIVOS MEDICO,2022-09,3,5.61,4.8,5.96,5.61,XGBoost
702047,SONDA NASOGASTRICA # 20,DISPOSITIVOS MEDICO,2022-09,3,1.1,0.0,0.59,0.59,Media móvil
702050,SONDA NELATON # 6 ,DISPOSITIVOS MEDICO,2022-09,3,144.69,147.01,172.08,144.69,XGBoost
702051,SONDA NELATON # 8,DISPOSITIVOS MEDICO,2022-09,3,76.08,42.32,66.02,76.08,XGBoost
702052,SONDA NELATON # 10   ,DISPOSITIVOS MEDICO,2022-09,3,20.11,41.94,28.33,20.11,XGBoost
702054,SONDA NELATON # 12 ,DISPOSITIVOS MEDICO,2022-09,3,27.67,42.06,43.84,42.06,Regresión Lineal
702055,SONDA NELATON # 14   ,DISPOSITIVOS MEDICO,2022-09,3,105.97,74.17,95.51,74.17,Regresión Lineal
702056,SONDA NELATON # 16 ,DISPOSITIVOS MEDICO,2022-09,3,5.53,1.3,11.42,11.42,Media móvil
702057,SONDA NELATON # 18,DISPOSITIVOS MEDICO,2022-09,3,2.78,1.8,4.17,2.78,XGBoost
702058,SONDA NELATON # 20 ,DISPOSITIVOS MEDICO,2022-09,3,1.8,0.0,0.26,0.26,Media móvil
702060,S/SUCCION  6 1129,DISPOSITIVOS MEDICO,2022-09,3,15.19,20.47,25.78,25.78,Media móvil
702061,SONDA SUCCION # 8   ,DISPOSITIVOS MEDICO,2022-09,3,24.26,45.36,43.53,45.36,Regresión Lineal
702062,S/SUCCION 10  ,DISPOSITIVOS MEDICO,2022-09,3,0.56,0.0,1.29,1.29,Media móvil
702063,SONDA SUCCION # 12,DISPOSITIVOS MEDICO,2022-09,3,18.28,36.13,32.87,18.28,XGBoost
702064,SONDA SUCCION # 14  ,DISPOSITIVOS MEDICO,2022-09,3,1105.9,1331.25,1334.44,1334.44,Media móvil
702065,SONDA SUCCION # 16,DISPOSITIVOS MEDICO,2022-09,3,478.37,503.37,433.49,478.37,XGBoost
702069,S/TRACH-CARE 6FR S/CERRADO -196-4,DISPOSITIVOS MEDICO,2022-09,3,5.57,7.37,5.78,5.57,XGBoost
702070,S/TRACH-CARE 8FR S/CERRADO- 198-4,DISPOSITIVOS MEDICO,2022-09,3,6.97,2.49,5.04,6.97,XGBoost
702074,S/TRACH-CARE 14FR S/CERRADO/LARGA 22106,DISPOSITIVOS MEDICO,2022-09,3,44.46,83.09,88.95,88.95,Media móvil
702075,S/TRACH-CARE 16FR S/CERRADO/22606,DISPOSITIVOS MEDICO,2022-09,3,45.81,103.12,88.81,88.81,Media móvil
702077,BRAZALETE NEO/1,DISPOSITIVOS MEDICO,2022-09,3,0.86,0.0,1.11,0.86,XGBoost
702078,BRAZALETE NEO/2,DISPOSITIVOS MEDICO,2022-09,3,4.83,5.24,5.62,4.83,XGBoost
702079,BRAZALETE NEO/3,DISPOSITIVOS MEDICO,2022-09,3,18.36,14.93,19.01,18.36,XGBoost
702080,BRAZALETE NEO/4,DISPOSITIVOS MEDICO,2022-09,3,6.13,2.07,4.56,4.56,Media móvil
702085,CANULA NASAL OXIGENO NEONATAL,DISPOSITIVOS MEDICO,2022-09,3,2.58,0.0,2.34,2.58,XGBoost
702088,CANULA NASAL OXIGENO PEDIATRICA,DISPOSITIVOS MEDICO,2022-09,3,1.64,0.0,1.11,1.11,Media móvil
702089,CATETER UMBILICAL 3.5 FR,DISPOSITIVOS MEDICO,2022-09,3,8.02,3.53,6.04,8.02,XGBoost
702090,CATETER UMBILICAL 5.0FR,DISPOSITIVOS MEDICO,2022-09,3,10.7,6.6,9.69,10.7,XGBoost
702145,AGUJA 18X1.5,DISPOSITIVOS MEDICO,2022-09,3,3810.11,4249.66,4222.26,4222.26,Media móvil
702148,AGUJA 21GA X1 ,DISPOSITIVOS MEDICO,2022-09,3,0.22,0.0,0.74,0.74,Media móvil
702151,AGUJA 23X1,DISPOSITIVOS MEDICO,2022-09,3,1.58,3.02,5.56,5.56,Media móvil
702153,AGUJA 25GA X1,DISPOSITIVOS MEDICO,2022-09,3,0.0,0.23,1.19,1.19,Media móvil
702154,AGUJA 26GA X1/2 0,DISPOSITIVOS MEDICO,2022-09,3,0.0,15.75,10.0,10.0,Media móvil
702197,CATETER V/CT 16GX20CM/CV-04301-01CV50016,DISPOSITIVOS MEDICO,2022-09,3,1.18,0.0,0.15,0.15,Media móvil
702204,INTRODUCTOR 7.0FR/SI-09700 ARROW,DISPOSITIVOS MEDICO,2022-09,3,1.4,0.0,0.81,0.81,Media móvil
702207,JELCO 14G X 2-1/4 ,DISPOSITIVOS MEDICO,2022-09,3,0.34,0.0,0.0,0.0,Media móvil
702208,JELCO 16G X 2-1/4 LARGO,DISPOSITIVOS MEDICO,2022-09,3,0.88,0.17,1.96,1.96,Media móvil
702209,JELCO 18G X 1-1/4 ,DISPOSITIVOS MEDICO,2022-09,3,390.59,363.43,392.3,392.3,Media móvil
702210,JELCO 20G X 1-1/4,DISPOSITIVOS MEDICO,2022-09,3,682.95,731.93,746.49,731.93,Regresión Lineal
702211,CATETER INTRAVENOSO 22G X 1 ,DISPOSITIVOS MEDICO,2022-09,3,1471.94,1331.51,1417.56,1417.56,Media móvil
702212,JELCO 24G X 3/4,DISPOSITIVOS MEDICO,2022-09,3,185.27,191.05,187.09,185.27,XGBoost
702216,CATETER EPICUTANEO CAVA 24 G 2FR REF 218400,DISPOSITIVOS MEDICO,2022-09,3,9.0,5.88,7.37,7.37,Media móvil
702222,PERICRANEAL 23     ,DISPOSITIVOS MEDICO,2022-09,3,236.92,243.29,241.81,236.92,XGBoost
702226,PERIFIX 18GA C/A 4514017 ,DISPOSITIVOS MEDICO,2022-09,3,0.0,0.0,0.74,0.74,Media móvil
702228,SPINOCAN 18G 3/2   ,DISPOSITIVOS MEDICO,2022-09,3,2.59,0.49,3.3,2.59,XGBoost
702229,SPINOCAN 20G X31/2 ,DISPOSITIVOS MEDICO,2022-09,3,4.17,7.78,5.91,4.17,XGBoost
702230,SPINOCAN 22G X31/2  ,DISPOSITIVOS MEDICO,2022-09,3,2.18,2.18,4.41,4.41,Media móvil
702231,SPINOCAN 25X3.1/2,DISPOSITIVOS MEDICO,2022-09,3,0.33,0.0,0.0,0.0,Media móvil
702233,SPINOCAN 27G ,DISPOSITIVOS MEDICO,2022-09,3,0.16,0.0,0.0,0.0,Media móvil
702235,AGUJA SURECAN GRIPPER PLUS SEGURIDAD 20 GA  X19 MM REF-0821276724,DISPOSITIVOS MEDICO,2022-09,3,0.35,0.0,0.1,0.35,XGBoost
702240,GUANTE ESTERIL 6.5 (PAR),DISPOSITIVOS MEDICO,2022-09,3,51.3,174.86,160.04,160.04,Media móvil
702241,GUANTE ESTERIL 7.0 (PAR),DISPOSITIVOS MEDICO,2022-09,3,335.16,720.1,683.3,720.1,Regresión Lineal
702242,GUANTE ESTERIL 7.5 (PAR),DISPOSITIVOS MEDICO,2022-09,3,217.52,968.55,799.85,968.55,Regresión Lineal
702243,GUANTE ESTERIL 8.0 (PAR),DISPOSITIVOS MEDICO,2022-09,3,3.48,26.35,19.11,19.11,Media móvil
702249,BISTURI # 11 ,DISPOSITIVOS MEDICO,2022-09,3,150.81,142.29,134.91,142.29,Regresión Lineal
702251,BISTURI # 15 ,DISPOSITIVOS MEDICO,2022-09,3,7.39,5.21,8.3,8.3,Media móvil
702256,HEMINA 350 MG PANHEMATIN,MEDICAMENTOS,2022-09,3,0.29,0.0,0.0,0.0,Media móvil
702257,JERINGA 3ML,DISPOSITIVOS MEDICO,2022-09,3,3934.15,3874.62,4166.87,3874.62,Regresión Lineal
702258,JERINGA 5ML,DISPOSITIVOS MEDICO,2022-09,3,6984.2,6347.46,6821.82,6347.46,Regresión Lineal
702259,JERINGA 10ML ,DISPOSITIVOS MEDICO,2022-09,3,10025.94,12780.59,13211.97,12780.59,Regresión Lineal
702261,JERINGA 50ML ROSCA,DISPOSITIVOS MEDICO,2022-09,3,128.36,141.16,152.43,128.36,XGBoost
702262,JERINGA 50ML PUNTA CATETER,DISPOSITIVOS MEDICO,2022-09,3,95.93,130.54,106.64,130.54,Regresión Lineal
702263,JERINGA 1ML INSULINA,DISPOSITIVOS MEDICO,2022-09,3,2753.39,3066.74,2880.67,2880.67,Media móvil
702264,JERINGA DE GASES (JERINGA HEPARINIZADA),DISPOSITIVOS MEDICO,2022-09,3,1468.87,1748.25,1578.15,1578.15,Media móvil
702298,BARRERA STOMAHESIVE 38 MM ,DISPOSITIVOS MEDICO,2022-09,3,0.33,0.0,0.15,0.15,Media móvil
702302,BARRERA STOMAHESIVE 57 - 60 MM ,DISPOSITIVOS MEDICO,2022-09,3,11.94,15.48,16.96,16.96,Media móvil
702303,BARRERA STOMAHESIVE 70MM ,DISPOSITIVOS MEDICO,2022-09,3,8.29,6.07,10.28,8.29,XGBoost
702307,BARRERA STOMAHESIVE 32MM NINOS ,DISPOSITIVOS MEDICO,2022-09,3,0.7,0.0,0.37,0.7,XGBoost
702310,BARRERA STOMAHESIVE 20MMX20MM LISA ,DISPOSITIVOS MEDICO,2022-09,3,16.1,23.89,18.47,16.1,XGBoost
702321,BOLSA OSTOMIA 32MM NINOS ,DISPOSITIVOS MEDICO,2022-09,3,0.44,0.0,0.24,0.44,XGBoost
702323,BOLSA OSTOMIA OP/57 - 60 MM ,DISPOSITIVOS MEDICO,2022-09,3,13.77,13.79,14.44,13.77,XGBoost
702324,BOLSA OSTOMIA OP /70MM ,DISPOSITIVOS MEDICO,2022-09,3,7.77,6.33,12.33,7.77,XGBoost
702326,BOLSA OSTOMIA  OP45MM ,DISPOSITIVOS MEDICO,2022-09,3,0.5,1.3,2.07,2.07,Media móvil
702358,CYSTOFLOW 2000 ML ADULTO,DISPOSITIVOS MEDICO,2022-09,3,77.64,61.72,71.65,61.72,Regresión Lineal
702368,LLAVE DE 3 VIAS,DISPOSITIVOS MEDICO,2022-09,3,247.91,256.39,276.94,247.91,XGBoost
702377,BURETROL,DISPOSITIVOS MEDICO,2022-09,3,1026.7,824.38,956.8,824.38,Regresión Lineal
702381,EQUIPO MACROGOTEO S/A (SOLO CX E IMAGENES),DISPOSITIVOS MEDICO,2022-09,3,273.88,215.56,251.57,215.56,Regresión Lineal
702382,EXTENSION DE ANESTESIA ADULTO ,DISPOSITIVOS MEDICO,2022-09,3,1164.8,1092.73,1162.06,1092.73,Regresión Lineal
702383,EXTENSION DE ANESTESIA PEDIATRICO,DISPOSITIVOS MEDICO,2022-09,3,163.96,159.21,161.93,161.93,Media móvil
702417,HUMIDIFICADOR 3PSI,DISPOSITIVOS MEDICO,2022-09,3,37.93,39.03,38.95,37.93,XGBoost
702435,NARIZ DE CAMELLO ADULTO,MEDICAMENTOS,2022-09,3,186.69,306.15,236.7,186.69,XGBoost
702437,NIPLE CONECTOR MAG 02 HUDSON ,DISPOSITIVOS MEDICO,2022-09,3,1.42,0.0,1.13,1.42,XGBoost
702445,BUPRENORFINA PARCHE TRANSDERMICO 20MG ,CONTROLADOS,2022-09,3,0.39,0.0,0.0,0.0,Media móvil
702452,STOMAHESIVE PASTA TBX2 ONZ.,DISPOSITIVOS MEDICO,2022-09,3,10.67,31.14,18.95,10.67,XGBoost
702460,PINZA P/BOLSA DE OSTOMIA ,DISPOSITIVOS MEDICO,2022-09,3,6.76,8.57,10.74,10.74,Media móvil
702473,FENOBARBITAL SOLUCIÓN INYECTABLE 40 MG/1ML ,CONTROLADOS,2022-09,3,2.86,1.22,11.89,11.89,Media móvil
702484,KIT MICRONEBULIZADOR ADULTO,DISPOSITIVOS MEDICO,2022-09,3,4.68,2.82,4.74,4.68,XGBoost
702486,STOMAHESIVE POLVO X 1 ONZA,DISPOSITIVOS MEDICO,2022-09,3,8.86,6.92,8.69,8.86,XGBoost
702487,TAPON HEPARINIZADO,DISPOSITIVOS MEDICO,2022-09,3,385.44,367.89,402.8,385.44,XGBoost
702490,TAPON HEPARINA ROJO,DISPOSITIVOS MEDICO,2022-09,3,284.36,201.26,227.78,227.78,Media móvil
702531,EXTENSION DE MONITOREO MACHO MACHO,MEDICAMENTOS,2022-09,3,11.15,1.12,4.52,4.52,Media móvil
702558,TIOPENTAL POLVO LIOFILIZADO 1G ,MEDICAMENTOS,2022-09,3,6.27,0.0,4.48,6.27,XGBoost
702585,CANULA NASAL OXIGENO ADULTO,DISPOSITIVOS MEDICO,2022-09,3,159.14,146.78,160.34,159.14,XGBoost
702609,CANULA GUEDEL 3 (ISO 9.0),DISPOSITIVOS MEDICO,2022-09,3,0.07,25.5,16.11,25.5,Regresión Lineal
702619,CANULA GUEDEL 2 (ISO 8.0),DISPOSITIVOS MEDICO,2022-09,3,0.21,0.0,0.0,0.0,Regresión Lineal
702620,INCENTIVO RESPIRATORIO HUDSON,DISPOSITIVOS MEDICO,2022-09,3,0.07,0.0,0.0,0.0,Regresión Lineal
702626,LINER FLEX 1500CC TAPA AZUL - GEL SOLIDIFICANTE,DISPOSITIVOS MEDICO,2022-09,3,87.22,93.46,89.67,87.22,XGBoost
702627,LINER FLEX 1000CC TAPA AZUL-GEL SOLIDIFICANTE,DISPOSITIVOS MEDICO,2022-09,3,81.22,73.11,81.5,81.22,XGBoost
702635,MASCARA C/RESERVORIO ADULTO,DISPOSITIVOS MEDICO,2022-09,3,6.59,15.34,11.37,6.59,XGBoost
702636,MASCARA NO REINHALACION C/RESERVORIO  PEDIATRICA,DISPOSITIVOS MEDICO,2022-09,3,0.16,0.0,0.15,0.15,Media móvil
702641,MASCARA VENTURY ADULTO,DISPOSITIVOS MEDICO,2022-09,3,49.3,48.71,50.13,49.3,XGBoost
702642,CANULA YANKAWER DESECHABLE ,DISPOSITIVOS MEDICO,2022-09,3,0.18,0.0,0.12,0.18,XGBoost
702673,RECOLECTOR/ORINA PED/BLX40  ,DISPOSITIVOS MEDICO,2022-09,3,97.66,76.6,92.33,97.66,XGBoost
702694,TUBO ENDOTRAQUEAL 8.5 C/BL,DISPOSITIVOS MEDICO,2022-09,3,0.25,0.0,1.0,1.0,Media móvil
702695,TUBO ENDOTRAQUEAL 8.0 C/BL,DISPOSITIVOS MEDICO,2022-09,3,10.64,11.86,13.22,10.64,XGBoost
702696,TUBO ENDOTRAQUEAL 7.5 C/BL,DISPOSITIVOS MEDICO,2022-09,3,23.53,13.49,18.39,23.53,XGBoost
702697,TUBO ENDOTRAQUEAL 7.0 C/BL ,DISPOSITIVOS MEDICO,2022-09,3,3.82,0.04,2.71,3.82,XGBoost
702698,TUBO ENDOTRAQUEAL 6.5 C/BL,DISPOSITIVOS MEDICO,2022-09,3,0.21,0.31,1.19,1.19,Media móvil
702703,TUBO ENDOTRAQUEAL 4.0 S/BL,DISPOSITIVOS MEDICO,2022-09,3,2.38,1.04,2.85,2.85,Media móvil
702704,TUBO ENDOTRAQUEAL 3.5 S/BL    ,DISPOSITIVOS MEDICO,2022-09,3,4.57,0.0,3.19,4.57,XGBoost
702705,TUBO ENDOTRAQUEAL 3.0 S/BL,DISPOSITIVOS MEDICO,2022-09,3,2.17,0.0,2.02,2.17,XGBoost
702706,TUBO ENDOTRAQUEAL 2.5 S/BL ,DISPOSITIVOS MEDICO,2022-09,3,0.67,0.0,0.32,0.67,XGBoost
702707,TUBO ENDOTRAQUEAL 2.0 S/BL,DISPOSITIVOS MEDICO,2022-09,3,0.19,0.0,0.0,0.0,Media móvil
702713,TUBO ENDOTRAQUEAL 5.5 C/BL,DISPOSITIVOS MEDICO,2022-09,3,0.0,0.31,1.19,1.19,Media móvil
702715,"ENOXAPARINA 40MG/0,4ML SOL. INYECTABLE ",MEDICAMENTOS,2022-09,3,2187.15,2267.85,2301.59,2301.59,Media móvil
702869,MASCARA P/TRAQUEOSTOMIA ADULTO - 1075,DISPOSITIVOS MEDICO,2022-09,3,6.17,10.32,10.0,10.0,Media móvil
703178,CLORURO DE SODIO 9% SOL. INYECTABLE x 250ML,MEDICAMENTOS,2022-09,3,1047.1,994.77,1052.11,1052.11,Media móvil
703179,HARTMAN SOLUCION INYECTABLE 500 ML,MEDICAMENTOS,2022-09,3,746.39,722.75,787.17,722.75,Regresión Lineal
703180,CLORURO DE SODIO 9% SOL. INYECTABLE x 500ML,MEDICAMENTOS,2022-09,3,2366.51,2299.42,2433.78,2433.78,Media móvil
703187,CANISTER 1100ML,DISPOSITIVOS MEDICO,2022-09,3,15.5,0.96,10.93,10.93,Media móvil
703366,URGOTUL AG 10X12CM,DISPOSITIVOS MEDICO,2022-09,3,0.18,0.0,0.15,0.15,Media móvil
703609,BRAZALETE NEO/5,DISPOSITIVOS MEDICO,2022-09,3,0.29,0.0,0.15,0.15,Media móvil
703645,NIFEDIPINO CÁPSULA 30MG,MEDICAMENTOS,2022-09,3,1441.65,2057.52,1736.27,1441.65,XGBoost
703652,URSODEOXICOLICO ACIDO TABLETA 300MG,MEDICAMENTOS,2022-09,3,1.96,14.47,15.7,15.7,Media móvil
703654,OXIDO DE ZINC  5G/CALAMINA 5G /CREMA TÓPICA 5%/60G,MEDICAMENTOS,2022-09,3,4.35,2.44,8.18,8.18,Media móvil
703665,KIT MICRONEBULIZADOR PEDIATRICO,DISPOSITIVOS MEDICO,2022-09,3,2.85,2.24,3.17,2.85,XGBoost
703668,VALPROICO ÁCIDO 500MG/5 ML SOL. INYECTABLE,MEDICAMENTOS,2022-09,3,142.65,240.31,250.52,250.52,Media móvil
703672,ASCORBICO ACIDO 500MG TABLETA  (VITAMINA C),MEDICAMENTOS,2022-09,3,411.36,1438.0,1125.67,1125.67,Media móvil
703686,CARBONATO DE LITIO 300MG TABLETA ,MEDICAMENTOS,2022-09,3,0.12,0.0,0.1,0.12,XGBoost
703694,DOMPERIDONA 10MG TABLETA ,MEDICAMENTOS,2022-09,3,0.11,0.0,0.0,0.0,Media móvil
703708,REMIFENTANIL POLVO LIOFILIZADO 2MG ,CONTROLADOS,2022-09,3,0.16,0.0,0.15,0.16,XGBoost
703723,CLORURO DE SODIO 9% SOL. INYECTABLE x 100ML,MEDICAMENTOS,2022-09,3,7728.5,7673.19,7906.27,7728.5,XGBoost
703730,S/TRACH-CARE 14FR/ 4445P02514  CORTA ,DISPOSITIVOS MEDICO,2022-09,3,30.8,38.04,31.96,30.8,XGBoost
703735,CLORURO DE SODIO 9% SOL. INYECTABLE x 1000ML,MEDICAMENTOS,2022-09,3,1145.55,1003.4,1067.78,1067.78,Media móvil
703754,MORFINA 10MG/1ML SOL. INYECTABLE,CONTROLADOS,2022-09,3,196.81,142.02,190.13,142.02,Regresión Lineal
703755,MORFINA SOLUCION ORAL 30MG/ML x 30ML,CONTROLADOS,2022-09,3,0.29,0.0,0.0,0.0,Regresión Lineal
703775,HARTMAN SOLUCION INYECTABLE 1000 ML,MEDICAMENTOS,2022-09,3,1623.82,1497.93,1670.09,1497.93,Regresión Lineal
703782,HIDROMORFONA 2MG/1ML SOL. INYECTABLE,MEDICAMENTOS,2022-09,3,165.02,216.2,179.82,165.02,XGBoost
703789,RISPERIDONA 1 MG TABLETA ,MEDICAMENTOS,2022-09,3,24.1,26.82,25.85,25.85,Media móvil
704102,HIERRO SACAROSA SOL. INYECTABLE 100MG/5ML,MEDICAMENTOS,2022-09,3,28.83,26.9,30.6,28.83,XGBoost
704205,"METOTREXATE TABLETA 2,5MG",MEDICAMENTOS,2022-09,3,5.16,3.15,12.97,12.97,Media móvil
704252,CASPOFUNGINA 50MG POLVO LIOFILIZADO ,MEDICAMENTOS,2022-09,3,27.29,40.25,43.81,43.81,Media móvil
704256,CLORURO DE SODIO 9% SOL. INYECTABLE x 50ML,MEDICAMENTOS,2022-09,3,885.9,941.27,980.07,980.07,Media móvil
704292,FOSFOMICINA GRANULOS PARA SUSPENCIÓN ORAL 3G,MEDICAMENTOS,2022-09,3,0.48,0.0,1.52,1.52,Media móvil
704298,CONDON  S/LUBRICAR X 3 ,DISPOSITIVOS MEDICO,2022-09,3,1.76,2.35,3.11,3.11,Media móvil
704308,ALGODON LAMINADO 3X5 ,DISPOSITIVOS MEDICO,2022-09,3,0.37,0.0,0.21,0.21,Media móvil
704336,CIPROFLOXACINO SOLUCIÓN OFTÁLMICA 0.3% x 10 ML ,MEDICAMENTOS,2022-09,3,0.29,0.0,0.15,0.15,Media móvil
704346,ACICLOVIR UNGÜENTO TOPICO 5% x 15 GRAMOS,MEDICAMENTOS,2022-09,3,0.71,0.0,0.37,0.71,XGBoost
704381,BOLSA OSTOMIA OP/38MM ,DISPOSITIVOS MEDICO,2022-09,3,0.3,0.0,0.15,0.15,Media móvil
704417,"EPOPROSTENOL TERMOESTABLE 1.5 MG POLVO LIOFILIZADO 1,5MG",MEDICAMENTOS,2022-09,3,0.41,0.0,0.0,0.0,Media móvil
704444,"PULMOCARE SOLUCIÓN ORAL 1,5KCAL/1ML (355,5KCAL/237ML)) ALIMENTO PARA PROPÓSITO",NUTRICION,2022-09,3,300.0,437.81,438.3,438.3,Media móvil
705183,AGUJA BIOPSIA MEDULA OSEA  DBMNJ1104TL RP-M,DISPOSITIVOS MEDICO,2022-09,3,3.47,0.11,1.74,1.74,Media móvil
705294,ELECTRODO BIPOLAR  6FRX110X10 AI-06210,MEDICAMENTOS,2022-09,3,1.4,0.0,0.67,0.67,Media móvil
705297,PIRIDOXINA CÁPSULA 50MG (VITAMINA B6),MEDICAMENTOS,2022-09,3,89.03,122.17,103.13,122.17,Regresión Lineal
705353,FLUCONAZOL 50 MG/5ML SUSPENSION ,MEDICAMENTOS,2022-09,3,0.77,0.0,2.44,2.44,Media móvil
705431,CATETER SWAN GANZ 5L 831HF75P,DISPOSITIVOS MEDICO,2022-09,3,0.75,0.0,0.77,0.75,XGBoost
705488,PROPANOLOL TABLETA 40MG,MEDICAMENTOS,2022-09,3,116.01,144.71,117.27,144.71,Regresión Lineal
705498,MULTIVITAMINAS Y MINERALES CON LUTEINA TABLETA -,MEDICAMENTOS,2022-09,3,0.0,0.0,4.44,4.44,Media móvil
705505,GASA ESTERIL 7.5 X 7.5 ,DISPOSITIVOS MEDICO,2022-09,3,2.78,0.0,0.7,2.78,XGBoost
705561,PREGABALINA CAPSULA 25MG,MEDICAMENTOS,2022-09,3,1.03,0.0,0.0,0.0,Media móvil
705570,AMBRISENTAN 10 MG TABLETA,MEDICAMENTOS,2022-09,3,0.0,17.05,10.07,10.07,Media móvil
705579,COLAGENASA UNGUENTO 40 G ,MEDICAMENTOS,2022-09,3,0.18,0.0,0.0,0.0,Media móvil
705632,SALBUTAMOL SUSP. PARA INHALACIÓN 100MCG//1PUFF/200PUFF,MEDICAMENTOS,2022-09,3,39.27,13.14,17.26,17.26,Media móvil
705740,MOXIFLOXACINO SOLUCION INFUSION FCO. 400 MG/250 ML  (AVELOX ),MEDICAMENTOS,2022-09,3,0.25,0.0,0.0,0.0,Media móvil
705846,MEDROXIPROGESTERONA TABLETA 5MG,MEDICAMENTOS,2022-09,3,0.45,0.0,0.15,0.15,Media móvil
705888,IOBAN REF/6650    ,DISPOSITIVOS MEDICO,2022-09,3,0.15,0.0,0.52,0.52,Media móvil
705891,PARCHE OCULAR AD,DISPOSITIVOS MEDICO,2022-09,3,0.07,0.0,0.26,0.26,Media móvil
705958,MEMANTINA TABLETA 10MG,MEDICAMENTOS,2022-09,3,0.64,0.0,0.32,0.64,XGBoost
705961,MESALAZINA TABLETA 500MG,MEDICAMENTOS,2022-09,3,3.8,17.79,11.85,11.85,Media móvil
706053,ALTEPLASA 50 MG POLVO LIOFILIZADO 50MG,MEDICAMENTOS,2022-09,3,0.17,0.0,0.38,0.38,Media móvil
706122,"FONDAPARINA 2,5MG/0,5ML SOL. INYECTABLE ",MEDICAMENTOS,2022-09,3,0.81,0.0,0.47,0.81,XGBoost
706123,CATETER GASTROSTOMIA FLOW-20PUSH/ COOK,DISPOSITIVOS MEDICO,2022-09,3,8.91,10.36,10.04,10.04,Media móvil
706175,CATETER YUGULAR CURVO (MAHURKAR CURVO) 5FR,DISPOSITIVOS MEDICO,2022-09,3,9.91,11.56,13.52,13.52,Media móvil
706196,"BUDESONIDA/FORMOTEROL POLVO PARA INHALACIÓN 160MCG/4,5MCG/1PUFF x 120PUFF",MEDICAMENTOS,2022-09,3,0.36,0.0,0.15,0.15,Media móvil
706261,GELATINA FLUIDA MODIFICADA EN SOLUCIÓN IÓNICA SOLUCIÓN INYECTABLE 20G/500ML,MEDICAMENTOS,2022-09,3,0.21,0.0,0.0,0.0,Media móvil
706577,APLICADOR NITRATO DE PLATA,DISPOSITIVOS MEDICO,2022-09,3,0.22,0.0,0.08,0.22,XGBoost
706670,ACICLOVIR TABLETA 800MG,MEDICAMENTOS,2022-09,3,1.64,15.11,35.7,35.7,Media móvil
706682,QUETIAPINA TABLETA 100MG,MEDICAMENTOS,2022-09,3,13.17,59.75,58.59,58.59,Media móvil
706722,CALCIO CARBONATO/VITAMINA D TABLETA 600MG/125UI,MEDICAMENTOS,2022-09,3,18.47,13.79,40.24,40.24,Media móvil
707118,AZITROMICINA TABLETA 500MG,MEDICAMENTOS,2022-09,3,0.86,14.6,29.0,29.0,Media móvil
707121,CIPROFLOXACINO 500MG TABLETA,MEDICAMENTOS,2022-09,3,23.65,18.21,26.89,23.65,XGBoost
707126,ACETAMINOFEN JARABE 150 MG/5 ML FRASCO x 60 ML,MEDICAMENTOS,2022-09,3,0.59,0.0,0.87,0.59,XGBoost
707137,LORATADINA JARABE 1MG/1ML (100MG/100ML),MEDICAMENTOS,2022-09,3,0.15,0.0,0.85,0.85,Media móvil
707251,SILDENAFIL TABLETA 50MG,MEDICAMENTOS,2022-09,3,1.27,32.79,21.67,21.67,Media móvil
707258,TRANSDUCTOR PLASTICO,DISPOSITIVOS MEDICO,2022-09,3,179.22,251.96,210.26,179.22,XGBoost
707300,SURFACTANTE PULMONAR PORCINO SUSPENSIÓN INYECTABLE 240MG/3ML,MEDICAMENTOS,2022-09,3,0.78,0.0,0.4,0.78,XGBoost
707547,AGUJA COAXIAL MCXS 14X10,DISPOSITIVOS MEDICO,2022-09,3,0.11,0.0,0.0,0.0,Media móvil
707596,ONDANSETRON SOL. INYECTABLE 4MG/2ML,MEDICAMENTOS,2022-09,3,195.88,91.55,142.61,195.88,XGBoost
707597,ONDANSETRON SOL. INYECTABLE 8MG/4ML,MEDICAMENTOS,2022-09,3,312.66,483.85,421.44,421.44,Media móvil
707610,COLECALCIFEROL 25.000 UI,MEDICAMENTOS,2022-09,3,0.29,0.0,0.0,0.0,Media móvil
707621,CEFTOLOZANO/TAZOBACTAM 1.5G (1+0.5G) POLVO PARA RECONSTITUCION,MEDICAMENTOS,2022-09,3,1.68,0.0,1.13,1.68,XGBoost
707755,METOPROLOL SUCCINATO TABLETA 50MG,MEDICAMENTOS,2022-09,3,75.41,76.38,82.76,75.41,XGBoost
707781,DREN BALKE 19FR REDONDO S/U REF 2232,DISPOSITIVOS MEDICO,2022-09,3,0.15,0.0,0.04,0.15,XGBoost
707878,CATETER PREMICATH 28GX1FRX20CM    ,DISPOSITIVOS MEDICO,2022-09,3,1.93,3.42,2.69,1.93,XGBoost
708178,AGUJA P/ASPIRACION DE MEDULA OSEA DBMNI 1501 RP.M,DISPOSITIVOS MEDICO,2022-09,3,5.14,2.04,3.89,3.89,Media móvil
708344,JERINGA  5ML LIBRE DE LATEX,DISPOSITIVOS MEDICO,2022-09,3,6867.97,6347.46,6821.82,6347.46,Regresión Lineal
708346,JERINGA 20ML ,DISPOSITIVOS MEDICO,2022-09,3,635.07,806.01,692.0,635.07,XGBoost
708363,CIANOCOBALAMINA 1MG/1ML (VITAMINA B12) SOL. INYECTABLE,MEDICAMENTOS,2022-09,3,32.04,17.96,25.59,32.04,XGBoost
708677,DOMPERIDONA 1MG/1ML SUSPENSION,MEDICAMENTOS,2022-09,3,3.95,0.0,2.75,3.95,XGBoost
708756,CATETER RECTO COAXIAL 2L 11FR X 20CM (MAHURKAR RECTO),DISPOSITIVOS MEDICO,2022-09,3,9.0,11.48,10.8,9.0,XGBoost
708771,HARTMAN SOLUCION INYECTABLE 3000 ML,MEDICAMENTOS,2022-09,3,0.0,0.0,1.04,1.04,Media móvil
708786,SENSOR NEONATAL PULSOXIMETRO,DISPOSITIVOS MEDICO,2022-09,3,42.76,25.74,32.47,42.76,XGBoost
708833,QUETIAPINA TABLETA 25MG,MEDICAMENTOS,2022-09,3,151.71,317.7,307.81,307.81,Media móvil
708836,TOPIRAMATO TABLETA 100MG,MEDICAMENTOS,2022-09,3,0.47,0.0,0.0,0.0,Media móvil
708852,TRAMPA DE LUKEN    ,DISPOSITIVOS MEDICO,2022-09,3,58.08,183.56,109.99,58.08,XGBoost
708883,AQUACEL AG+ APOSITO 20 X 30 ,DISPOSITIVOS MEDICO,2022-09,3,3.5,2.04,3.41,3.5,XGBoost
708919,ZIDOVUDINA SOLUCIÓN INYECTABLE 10MG/1ML,MEDICAMENTOS,2022-09,3,0.25,0.0,0.06,0.25,XGBoost
709134,LEVETIRACETAM TABLETA 500MG,MEDICAMENTOS,2022-09,3,165.15,383.32,249.3,165.15,XGBoost
709707,CATETER VENOSO CENTRAL (CVC) BILUMEN 7FRX20CM ,DISPOSITIVOS MEDICO,2022-09,3,4.33,3.35,5.85,4.33,XGBoost
709736,"ALPRAZOLAM TABLETA 0,25 MG ",CONTROLADOS,2022-09,3,123.3,63.85,105.54,123.3,XGBoost
709757,DIAZEPAM SOLUCIÓN INYECTABLE 10MG/2ML ,CONTROLADOS,2022-09,3,0.57,0.0,1.52,1.52,Media móvil
710039,SEDA  0 CS424 (GS-21)SOFSILK  TYCO,DISPOSITIVOS MEDICO,2022-09,3,0.72,2.51,2.37,2.51,Regresión Lineal
710045,SEDA 3-0 SS684( C-14)SOFSILK,DISPOSITIVOS MEDICO,2022-09,3,15.17,6.2,10.41,10.41,Media móvil
710108,SURGIPRO 4-0 SP5682 (P-12) TYCO,DISPOSITIVOS MEDICO,2022-09,3,0.11,0.0,0.0,0.0,Media móvil
710110,SEDA 2-0 SS685 (C-15) SOFSILK CURVA,DISPOSITIVOS MEDICO,2022-09,3,3.99,0.0,0.0,0.0,Media móvil
710111,SEDA 2-0 SS623 (SC-2) SOFSILK RECTA,DISPOSITIVOS MEDICO,2022-09,3,86.51,60.85,77.15,77.15,Media móvil
710176,PROPOFOL SOLUCIÓN INYECTABLE 10MG/1ML (500MG/50ML),MEDICAMENTOS,2022-09,3,0.13,4.78,3.56,3.56,Media móvil
710356,"CARVEDILOL TABLETA 6,25MG",MEDICAMENTOS,2022-09,3,470.19,478.52,462.91,470.19,XGBoost
710703,HIDROXICARBAMIDA CÁPSULA 500MG,MEDICAMENTOS,2022-09,3,26.99,4.08,17.62,17.62,Media móvil
710768,CYSTOFLOW 500 ML,DISPOSITIVOS MEDICO,2022-09,3,12.5,8.07,15.45,8.07,Regresión Lineal
711321,ADAPTADOR P/CO-SET REF-93505,DISPOSITIVOS MEDICO,2022-09,3,0.48,0.0,0.66,0.48,XGBoost
711417,AZUL DE METILENO 1% x 5ML,MEDICAMENTOS,2022-09,3,2.18,0.0,2.44,2.44,Media móvil
711979,"FLUDROCORTISONA TABLETA 0,1MG",MEDICAMENTOS,2022-09,3,2.05,10.51,5.93,5.93,Media móvil
712599,ARTEMETER/LUMEFANTRINA TABLETA 20/120MG,MEDICAMENTOS,2022-09,3,0.44,34.64,25.33,25.33,Media móvil
712920,SONDA FOLEY 2 VIAS 8X3 SILICONADA PEDIATRICA ,DISPOSITIVOS MEDICO,2022-09,3,0.07,0.0,0.0,0.0,Regresión Lineal
712991,CANULA NASAL OXIGENO PEDIATRICA NO ESTERIL ,DISPOSITIVOS MEDICO,2022-09,3,0.16,0.0,0.0,0.0,Media móvil
713099,CATETER VENOSO CENTRAL TRILUMEN (CVC) 7FRX20CM ,DISPOSITIVOS MEDICO,2022-09,3,30.7,29.8,33.0,33.0,Media móvil
713258,"ALPRAZOLAM TABLETA 0,50 MG ",CONTROLADOS,2022-09,3,44.2,29.02,29.46,44.2,XGBoost
713549,LOPINAVIR/RITONAVIR TABLETA 200MG/50MG,MEDICAMENTOS,2022-09,3,0.68,0.0,0.23,0.68,XGBoost
713679,APOSITO ESTERIL 1685 IV (TEGADERM 8.5 X 11.5),DISPOSITIVOS MEDICO,2022-09,3,226.82,255.95,254.07,254.07,Media móvil
713842,ESTILETE GUIA ENDOTRAQUEAL 14MM,DISPOSITIVOS MEDICO,2022-09,3,2.18,28.85,25.46,28.85,Regresión Lineal
713863,INMUNOGLOBULINA HUMANA ANTIHEPATITIS B SOLUCIÓN INYECTABLE 50UI/1ML (100UI/2ML),MEDICAMENTOS,2022-09,3,0.12,0.0,0.59,0.59,Media móvil
713981,PIRIDOSTIGMINA TABLETA 60MG,MEDICAMENTOS,2022-09,3,4.3,0.0,3.36,3.36,Media móvil
714048,LAGRIMAS ARTIFICIALES SOLUCIÓN OFTÁLMICA 5MG/1ML (75MG/15ML),MEDICAMENTOS,2022-09,3,0.33,0.0,0.0,0.0,Media móvil
714463,RIVAROXABAN TABLETA 20MG,MEDICAMENTOS,2022-09,3,0.92,0.0,0.0,0.0,Regresión Lineal
714819,MOSAPRIDA TABLETA 5MG,MEDICAMENTOS,2022-09,3,0.16,0.0,0.0,0.0,Media móvil
714878,"GLUCERNA SOLUCIÓN ORAL 0,93KCAL/1ML (220,4KCAL/237ML)) ALIMENTO LIQUIDO CON CA",NUTRICION,2022-09,3,2.35,0.0,0.49,2.35,XGBoost
714955,CLOZAPINA TABLETA 25 MG,CONTROLADOS,2022-09,3,196.24,197.42,253.86,197.42,Regresión Lineal
715020,DULOXETINA TABLETA 30MG,MEDICAMENTOS,2022-09,3,0.86,0.0,0.74,0.74,Media móvil
715068,SET DE LINEA (CATETER ARTERIAL CATH 20X8),DISPOSITIVOS MEDICO,2022-09,3,110.52,124.27,119.96,119.96,Media móvil
715131,CEFOTAXIMA SOLUCIÓN INYECTABLE 1G,MEDICAMENTOS,2022-09,3,1.32,2.58,2.24,1.32,XGBoost
715385,CAFEINA CITRATO 20MG/ML SOL. INYECTABLE (10MG/ML CAFEINA BASE),MEDICAMENTOS,2022-09,3,117.18,125.26,146.83,117.18,XGBoost
715460,BOLSA ACTIVE LIFE ADULTO-22771 ,DISPOSITIVOS MEDICO,2022-09,3,19.71,18.98,19.29,19.71,XGBoost
715545,LORAZEPAM TABLETA 2MG,CONTROLADOS,2022-09,3,239.13,768.13,493.94,768.13,Regresión Lineal
715571,ACIDO POLIACRILICO 0.2% GEL OFTALMICO ESTERIL,MEDICAMENTOS,2022-09,3,0.13,0.0,0.0,0.0,Media móvil
715576,DORIPENEM POLVO LIOFILIZADO 500MG,MEDICAMENTOS,2022-09,3,0.73,79.88,96.19,96.19,Media móvil
715623,OXICODONA TABLETA DE LIBERACIÓN CONTROLADA 10MG ,CONTROLADOS,2022-09,3,82.73,41.08,47.66,82.73,XGBoost
715706,CAUCHO TUBO P/SUCCION 3MT ESTERIL  ,DISPOSITIVOS MEDICO,2022-09,3,146.87,200.34,163.03,146.87,XGBoost
715794,GLUTAPAK R POLVO PARA SOLUCIÓN ORAL 15G) ALIMENTO A BASE DE GLUTAMINA Y LACTOB,NUTRICION,2022-09,3,82.92,40.17,69.41,69.41,Media móvil
715826,PLEUR-EVAC 2500CC -A8000106 (PLEUROVAC),DISPOSITIVOS MEDICO,2022-09,3,5.66,10.7,9.23,5.66,XGBoost
716204,KETAMINA SOL. INYECTABLE 500MG,CONTROLADOS,2022-09,3,14.28,0.0,1.26,1.26,Media móvil
716715,CLONAZEPAM TABLETA 2 MG ,CONTROLADOS,2022-09,3,1.59,38.31,49.96,49.96,Media móvil
716732,IBUPROFENO 10MG/2ML SOL. INYECTABLE,MEDICAMENTOS,2022-09,3,0.29,0.0,0.1,0.29,XGBoost
716753,BOLSA RECOLECTORA 1000 CC REF: Z-01000,DISPOSITIVOS MEDICO,2022-09,3,1.7,0.0,1.14,1.7,XGBoost
716754,CONECTOR EN Y -SUPLESALUD,DISPOSITIVOS MEDICO,2022-09,3,0.16,0.0,0.0,0.0,Regresión Lineal
716842,TERLIPRESINA ACETATO 1MG,MEDICAMENTOS,2022-09,3,13.78,0.0,9.21,13.78,XGBoost
716958,CATETER  UMBILICAL 2.5 FR,DISPOSITIVOS MEDICO,2022-09,3,0.92,0.0,0.44,0.92,XGBoost
717140,NUTRICION ENTERAL CETOGENICA 300 G LATA,NUTRICION,2022-09,3,0.34,0.0,0.0,0.0,Media móvil
717160,PROGESTERONA CÁPSULA 200MG,MEDICAMENTOS,2022-09,3,0.09,0.0,0.14,0.09,XGBoost
717191,MOXIFLOXACINO TABLETA 400MG,MEDICAMENTOS,2022-09,3,0.43,3.44,5.81,5.81,Media móvil
717218,"CLONAZEPAM SOL. ORAL 2,5MG/1ML x 20ML",CONTROLADOS,2022-09,3,5.57,2.3,2.49,2.3,Regresión Lineal
717219,"CLONAZEPAM TABLETA 0,5 MG ",CONTROLADOS,2022-09,3,100.94,86.33,141.29,86.33,Regresión Lineal
717248,N-ACETILCISTEINA GRANULOS PARA SUSPENCIÓN ORAL 600MG,MEDICAMENTOS,2022-09,3,0.38,0.0,0.42,0.38,XGBoost
717262,OXITOCINA 10UI SOL. INYECTABLE,CONTROLADOS,2022-09,3,0.34,0.0,1.04,1.04,Media móvil
717274,PREGABALINA TABLETA 75MG,MEDICAMENTOS,2022-09,3,148.53,101.67,122.86,148.53,XGBoost
717280,SACUBITRIL/ VALSARTAN 100 MG TABLETA,MEDICAMENTOS,2022-09,3,0.29,0.0,0.11,0.29,XGBoost
717389,VASO DESECHABLE 7 ONZ,DISPOSITIVOS MEDICO,2022-09,3,210.62,43.43,130.82,210.62,XGBoost
717421,NUTRAMIGEN PREMIUM CON LGG 357G LATA,MEDICAMENTOS,2022-09,3,0.16,0.0,0.0,0.0,Media móvil
717432,FLUTICASONA/SALMETEROL SUSPENSIÓN PARA INHALACIÓN 250MCG/25MCG/1PUFF/120PUFF,MEDICAMENTOS,2022-09,3,3.67,0.0,1.62,1.62,Media móvil
717442,BUDESONIDA/FORMOTEROL SUSPENSIÓN PARA INHALACIÓN 320MCG/9MCG/1PUFF/60PUFF,MEDICAMENTOS,2022-09,3,0.09,0.0,0.59,0.59,Media móvil
717450,N-ACETILCISTEINA SOLUCIÓN INYECTABLE 300MG/3ML,MEDICAMENTOS,2022-09,3,1.81,3.59,12.56,12.56,Media móvil
717455,IVABRADINE TABLETA 5MG,MEDICAMENTOS,2022-09,3,0.34,0.0,0.0,0.0,Media móvil
717519,OMEPRAZOL POLVO LIOFILIZADO 40MG,MEDICAMENTOS,2022-09,3,1589.46,1911.32,1727.72,1589.46,XGBoost
717705,DABIGATRAN CÁPSULA 150MG,MEDICAMENTOS,2022-09,3,0.17,0.0,0.28,0.17,XGBoost
717716,TERMOMETRO,DISPOSITIVOS MEDICO,2022-09,3,298.58,279.31,286.75,298.58,XGBoost
717763,LACOSAMIDA TABLETA 100MG,MEDICAMENTOS,2022-09,3,16.31,113.55,114.33,114.33,Media móvil
717813,BOLSA OSTOMIA OP/100MM,DISPOSITIVOS MEDICO,2022-09,3,5.29,1.31,3.82,5.29,XGBoost
717814,BARRERA STOMAHESIVE 100MM ,DISPOSITIVOS MEDICO,2022-09,3,4.3,7.12,5.67,4.3,XGBoost
717825,TENOFOVIR/EMTRICITABINA 300MG/200MG TABLETA,MEDICAMENTOS,2022-09,3,3.62,14.43,9.78,9.78,Media móvil
717838,MECHAS NASALES REF 2248 ,DISPOSITIVOS MEDICO,2022-09,3,0.32,0.0,1.07,1.07,Media móvil
717864,"TAMSULOSINA CÁPSULA DE LIBERACIÓN CONTROLADA 0,4MG",MEDICAMENTOS,2022-09,3,29.78,10.98,18.28,29.78,XGBoost
717923,INSULINA GLULISINA SOL. INYECTABLE 100UI/ML x 10ML (1000UI),MEDICAMENTOS,2022-09,3,21.46,36.62,23.42,21.46,XGBoost
718001,ESCITALOPRAN 10MG TABLETA ,MEDICAMENTOS,2022-09,3,68.41,20.03,44.07,68.41,XGBoost
718005,ABACAVIR/LAMIVUDINA TABLETA 600MG/300MG,MEDICAMENTOS,2022-09,3,0.45,1.36,2.04,2.04,Media móvil
718072,ENTEREX POLVO PARA SOLUCIÓN ORAL 110G ALIMENTO PARA USOS NUTRICIONALES ESPECIALE,NUTRICION,2022-09,3,4.98,0.18,5.46,4.98,XGBoost
718218,ELECTRODO PEDIATRICO,MEDICAMENTOS,2022-09,3,264.39,225.84,256.41,256.41,Media móvil
718219,ELECTRODO ADULTO,MEDICAMENTOS,2022-09,3,2150.02,2064.97,2121.36,2064.97,Regresión Lineal
718228,GABAPENTIN 400MG CAPSULA ,MEDICAMENTOS,2022-09,3,0.82,0.0,0.0,0.0,Media móvil
718292,LORAZEPAM TABLETA 1MG,MEDICAMENTOS,2022-09,3,131.22,560.1,322.79,560.1,Regresión Lineal
718376,ATAZANAVIR 300MG CAPSULA,MEDICAMENTOS,2022-09,3,1.97,0.0,0.0,0.0,Media móvil
718747,RIFAXIMINA CÁPSULA 200MG,MEDICAMENTOS,2022-09,3,41.64,61.39,84.22,61.39,Regresión Lineal
718798,SERTRALINA TABLETA 50MG,MEDICAMENTOS,2022-09,3,76.45,45.07,65.47,76.45,XGBoost
718800,MIRTAZAPINA TABLETA 30MG,MEDICAMENTOS,2022-09,3,0.0,0.0,0.89,0.89,Media móvil
718999,INMUNOGLOBULINA HUMANA NORMAL  5G/100ML (50MG/ML) SOL. INYECTABLE ,MEDICAMENTOS,2022-09,3,0.43,0.0,0.21,0.43,XGBoost
719016,ACETAMINOFEN/CODEINA TABLETA 325MG/8MG,MEDICAMENTOS,2022-09,3,0.61,0.0,0.39,0.61,XGBoost
719059,METADONA TABLETA 10MG ,CONTROLADOS,2022-09,3,45.15,210.71,168.43,210.71,Regresión Lineal
719158,RIVAROXABAN TABLETA 15MG,MEDICAMENTOS,2022-09,3,0.73,0.0,0.0,0.0,Regresión Lineal
719225,"DUTASTERIDA/TAMSULOSINA CÁPSULA 0,5MG/0,4MG (0,9MG)",MEDICAMENTOS,2022-09,3,17.04,23.77,21.89,21.89,Media móvil
719246,"BISOPROLOL TABLETA 2,5MG",MEDICAMENTOS,2022-09,3,2.36,0.0,1.39,2.36,XGBoost
719247,INSULINA DETERMIR SOL. INYECTABLE 100UI/ML x 3ML (300UI),MEDICAMENTOS,2022-09,3,2.04,0.08,2.01,2.04,XGBoost
719274,MASCARA VENTURY PEDIATRICA,DISPOSITIVOS MEDICO,2022-09,3,1.63,1.1,3.08,1.63,XGBoost
719275,AGUJA P/INSULINA TIPO LAPICERO,DISPOSITIVOS MEDICO,2022-09,3,37.21,52.64,62.04,62.04,Media móvil
719419,INSULINA ASPARTATO SOL. INYECTABLE 100UI/ML x 10ML (1000UI),MEDICAMENTOS,2022-09,3,4.21,2.23,3.43,4.21,XGBoost
719423,LOPINAVIR/RITONAVIR 80MG/20MG/ML SUSPENSION ORAL  ,MEDICAMENTOS,2022-09,3,155.65,1137.3,785.26,785.26,Media móvil
719455,S/FOLEY 3V  20FR SILICONA,DISPOSITIVOS MEDICO,2022-09,3,0.11,0.0,0.0,0.0,Regresión Lineal
719533,CAOLIN/PECTINA SUSPENSIÓN ORAL 20G/1G/120ML,MEDICAMENTOS,2022-09,3,0.31,0.0,0.0,0.0,Regresión Lineal
719540,"GLUCERNA SOLUCIÓN ORAL 1,5KCAL/1ML (1500KCAL/1000ML)) ALIMENTO LÍQUIDO PARA PR",NUTRICION,2022-09,3,10.61,4.04,7.63,10.61,XGBoost
719561,OXIBUTININA TABLETA 5MG,MEDICAMENTOS,2022-09,3,0.93,0.0,0.0,0.0,Regresión Lineal
719612,CATETER 2L 4FRX5CM 22G PEDIAT. REF- CS12402,DISPOSITIVOS MEDICO,2022-09,3,0.19,0.0,0.67,0.67,Media móvil
719618,BOLSA RECOLECTORA 200CC -SUPLESALUD,DISPOSITIVOS MEDICO,2022-09,3,0.3,0.0,0.0,0.0,Media móvil
719619,"APIXABAN TABLETA 2,5MG",MEDICAMENTOS,2022-09,3,2.92,0.0,3.91,3.91,Media móvil
719669,CANULA FENESTRADA  8 C/BALON ,DISPOSITIVOS MEDICO,2022-09,3,0.11,0.0,0.0,0.0,Media móvil
719743,"FONDAPARINA 7,5MG/0,6ML SOL. INYECTABLE ",MEDICAMENTOS,2022-09,3,0.58,1.48,1.63,1.63,Media móvil
719747,BROMURO DE GLICOPIRRONIO 50 MCG POLVO PARA INHALACION EN CAPSULAS,MEDICAMENTOS,2022-09,3,0.0,31.56,17.78,17.78,Media móvil
719766,LIDOCAINA SOL. INYECTABLE 2% x 10ML,CONTROLADOS,2022-09,3,139.9,168.36,174.6,139.9,XGBoost
719773,ACETAMINOFEN/CODEINA TABLETA 325MG/30MG,MEDICAMENTOS,2022-09,3,1.25,0.0,0.32,1.25,XGBoost
719819,LINEZOLID 600MG SOL. INYECTABLE ,MEDICAMENTOS,2022-09,3,92.64,149.71,116.44,149.71,Regresión Lineal
719841,LIDOCAINA/EPINEFRINA SOLUCIÓN INYECTABLE 2%/50ML,MEDICAMENTOS,2022-09,3,0.56,1.39,1.62,1.62,Media móvil
719849,CANULA 7.0 C/B  FENESTRADA TRACOE REF- T 302-07,DISPOSITIVOS MEDICO,2022-09,3,0.05,0.0,0.59,0.59,Media móvil
719877,BARRERA  57 MM REF 411451 CONVEX  SUR-FIT PLUS ,DISPOSITIVOS MEDICO,2022-09,3,2.62,0.97,3.06,2.62,XGBoost
719878,UNNA BOTA,DISPOSITIVOS MEDICO,2022-09,3,0.79,0.0,0.56,0.79,XGBoost
719888,APIXABAN 5 MG TABLETA,MEDICAMENTOS,2022-09,3,1.13,0.0,3.88,3.88,Media móvil
719930,SONDA DE RECAMBIO PARA GASTROSTOMIA  REF-PEG-18-BRT-S,DISPOSITIVOS MEDICO,2022-09,3,0.16,0.0,0.0,0.0,Media móvil
719935,ATORVASTATINA 40 MG TABLETA,MEDICAMENTOS,2022-09,3,934.81,974.48,975.29,934.81,XGBoost
719944,ROMIPLOSTIN POLVO LIOFILIZADO 250MCG (NPLATE),MEDICAMENTOS,2022-09,3,0.16,0.0,0.0,0.0,Media móvil
719945,TELMISARTAN/AMLODIPINO TABLETA 80MG/10MG,MEDICAMENTOS,2022-09,3,0.0,0.0,1.04,1.04,Media móvil
720012,CIRCUITO DE VENTILADOR REF-5513000 ALMA LISA PEDIATRICO,DISPOSITIVOS MEDICO,2022-09,3,6.09,5.59,7.71,6.09,XGBoost
720013,CIRCUITO DE VENTILACION REF-5068850 ALMA LISA NEONATAL - INTERSURGICAL,DISPOSITIVOS MEDICO,2022-09,3,9.5,5.71,7.16,9.5,XGBoost
720068,TEGADERM 1683 IV 6.5X7CM ADVANCED,DISPOSITIVOS MEDICO,2022-09,3,1583.28,1558.21,1599.92,1583.28,XGBoost
720104,PARCHES DE ELECTRODO PARA DESFIBRILADOR,DISPOSITIVOS MEDICO,2022-09,3,0.32,0.0,0.0,0.0,Regresión Lineal
720151,CATETER VENOSO CENTRAL BILUMEN 22G (3FR)X6CM-157064-VYGON,DISPOSITIVOS MEDICO,2022-09,3,0.05,0.0,0.0,0.0,Regresión Lineal
720207,DIBEN 1.5 KCAL HP 1000 ML ALIMENTO LIQUIDO PARA USOS NUTRICIONALES ESPECIALES AL,NUTRICION,2022-09,3,97.26,183.97,129.13,97.26,XGBoost
720208,APOSITO ESTERIL DE ALGINATO DE CALCIO CON PLATA ALGISITE,DISPOSITIVOS MEDICO,2022-09,3,0.73,0.0,0.54,0.73,XGBoost
720209,MINOCICLINA 100 MG TAB,MEDICAMENTOS,2022-09,3,0.26,0.0,0.74,0.74,Media móvil
720211,ESOMEPRAZOL 10 MG GRANULOS SOBRE (NEDOX),MEDICAMENTOS,2022-09,3,0.02,0.0,0.09,0.09,Media móvil
720281,FENTANILO 25 MCG/HORA PARCHE,CONTROLADOS,2022-09,3,0.01,0.0,0.1,0.1,Media móvil
730033,"CARBONATO DE CALCIO/VITAMINA D3/ZINC SUSPENSIÓN ORAL 300MG/100UI/7,5MG/5ML (108",MEDICAMENTOS,2022-09,3,0.54,0.0,0.73,0.54,XGBoost
730034,(FRESUBIN ORIGINAL SOLUCIÓN ORAL 1KCAL/1ML (1000KCAL/1000ML)) ALIMENTO LÍQUIDO ,NUTRICION,2022-09,3,26.11,35.57,37.48,37.48,Media móvil
730035,FRESUBIN DRINK SOLUCIÓN ORAL 2KCAL/1ML (400KCAL/200ML) ALIMENTO LÍQUIDO NUTRICIO,NUTRICION,2022-09,3,160.58,290.25,208.32,160.58,XGBoost
730036,"DIBEN DRINK SOLUCIÓN ORAL 1,5KCAL/1ML (300KCAL/200ML) ALIMENTO LÍQUIDO PARA ADMI",NUTRICION,2022-09,3,162.61,250.46,190.06,162.61,XGBoost
730037,"DIBEN SOLUCIÓN ORAL 1,05KCAL/1ML (525KCAL/500ML) ALIMENTO LÍQUIDO PARA ADMINISTR",NUTRICION,2022-09,3,56.5,66.3,71.87,56.5,XGBoost
730038,"SURVIMED OPD SOLUCIÓN ORAL 1,33KCAL/1ML (665KCAL/500ML)) ALIMENTO LIQUIDO OLIG",NUTRICION,2022-09,3,15.2,19.45,35.15,35.15,Media móvil
730039,"RECONVAN SOLUCIÓN ORAL 1,0KCAL/1ML (500KCAL/500ML)) ALIMENTO LÍQUIDO PARA ADMI",NUTRICION,2022-09,3,68.09,85.79,79.19,68.09,XGBoost
730040,"SUPPORTAN DRINK SOLUCIÓN ORAL 1,5KCAL/1ML (300KCAL/200ML)) ALIMENTO LIQUIDO RI",NUTRICION,2022-09,3,161.03,65.74,89.69,161.03,XGBoost
730041,(FRESUBIN HP SOLUCIÓN ORAL 2KCAL/1ML (1000KCAL/500ML)) ALIMENTO LÍQUIDO PARA AD,NUTRICION,2022-09,3,30.05,98.19,70.43,70.43,Media móvil
730053,SISTEMA DRENAJE TORAXICO PEDIATRICO THORAMETRIX X1500-LM INSTRUMENT,DISPOSITIVOS MEDICO,2022-09,3,0.27,0.0,0.59,0.59,Media móvil
730058,EQUIPO BOMBA SIN AGUJA,DISPOSITIVOS MEDICO,2022-09,3,1771.93,1858.7,1880.45,1858.7,Regresión Lineal
730063,SURVIMED OPD SOLUCIÓN ORAL 1KCAL/1ML (1000KCAL/1000ML)) ALIMENTO LIQUIDO OLIGO,NUTRICION,2022-09,3,40.06,11.68,40.94,40.94,Media móvil
730066,EQUIPO DE INFUSION DE LIQUIDOS FOTOSENSIBLES,DISPOSITIVOS MEDICO,2022-09,3,31.62,34.43,35.96,35.96,Media móvil
730082,VECURONIO BROMURO SOLUCIÓN INYECTABLE 4MG,MEDICAMENTOS,2022-09,3,0.0,2.34,14.0,14.0,Media móvil
730083,EQUIPO PERFUSOR 20CC REF C0020C FRESENIUS,DISPOSITIVOS MEDICO,2022-09,3,110.58,127.1,119.55,110.58,XGBoost
730084,DALTEPARINA SODICA 7.500 UI (ANTIFACTOR XA) SOL. INYECTABLE,MEDICAMENTOS,2022-09,3,1.78,1.43,1.78,1.78,Media móvil
730096,HIALURONATO DE SODIO GOTAS OFTALMICAS,MEDICAMENTOS,2022-09,3,0.0,0.0,0.72,0.72,Media móvil
730113,APOSITO URGOSORB SILVER ALGINATO Y PLATA10X20CM-REF 503136-SUPLESA,DISPOSITIVOS MEDICO,2022-09,3,0.13,0.0,0.17,0.13,XGBoost
730116,TEGADERM REF 1682 IV 5X5.7CM AVANCED-NIÑOS,DISPOSITIVOS MEDICO,2022-09,3,108.46,138.65,141.3,108.46,XGBoost
730122,CATETER PICC ALTA PRESION 4.5FR X 50CM REF 01PR45041-HP,DISPOSITIVOS MEDICO,2022-09,3,0.0,0.0,1.04,1.04,Media móvil
730123,CATETER PICC ALTA PRESION 5FR X 50 CM REF 01PR05052,DISPOSITIVOS MEDICO,2022-09,3,4.08,5.13,7.19,7.19,Media móvil
730124,CATETER PICC ALTA PRESION 5.5FR X 50 CM REF PR45052-HP,DISPOSITIVOS MEDICO,2022-09,3,0.0,0.0,0.59,0.59,Media móvil
730125,CATETER PICC BILUMEN INSERCION PERIFERICA 4FR X 50CM REF PR05042,DISPOSITIVOS MEDICO,2022-09,3,0.41,0.32,1.25,1.25,Media móvil
730126,CATETER PICC MONOLUMEN INSERCION PERIFERICA 4FR X 50CM REF 01PR05041 ,DISPOSITIVOS MEDICO,2022-09,3,0.4,0.2,1.44,1.44,Media móvil
730134,CLOROQUINA 150MG TABLETA ,MEDICAMENTOS,2022-09,3,26.53,2.81,26.26,26.53,XGBoost
730136,ISONIAZIDA TABLETA 100MG,MEDICAMENTOS,2022-09,3,0.0,15.94,9.48,9.48,Media móvil
730138,OSELTAMIVIR CAPSULA 75MG,MEDICAMENTOS,2022-09,3,7.85,0.24,8.29,7.85,XGBoost
730139,PIRAZINAMIDA TABLETA 400MG,MEDICAMENTOS,2022-09,3,0.0,12.59,7.7,7.7,Media móvil
730141,PRIMAQUINA TABLETA 15MG,MEDICAMENTOS,2022-09,3,0.27,0.0,0.57,0.57,Media móvil
730143,RIFAMPICINA/ISONIACIDA TABLETA 150/150MG,MEDICAMENTOS,2022-09,3,0.75,0.0,0.0,0.0,Media móvil
730144,RIFAMPICINA/ISONIAZIDA/PIRAZINAMIDA/ETAMBUTOL TABLETA 150/75/400/275MG,MEDICAMENTOS,2022-09,3,277.51,283.8,291.74,277.51,XGBoost
730167,CANISTER 250 ML,DISPOSITIVOS MEDICO,2022-09,3,0.0,0.0,1.36,1.36,Media móvil
730176,FRESUBIN RENAL 2KCAL/ML (400KCAL/200ML) ALIMENTO PARA PROPÓSITOS MÉDICOS ESPECIA,NUTRICION,2022-09,3,0.0,33.79,18.96,18.96,Media móvil
730189,APOSITO PERIFERICO IV3000 7X9CM (TEGADERM PERIFERICO),DISPOSITIVOS MEDICO,2022-09,3,26.28,22.9,63.56,63.56,Media móvil
730194,APOSITO TRANSPARENTE OPSITE 15X20CM REF: 4631 CX10,DISPOSITIVOS MEDICO,2022-09,3,2.84,0.0,1.52,2.84,XGBoost
730200,FIXO ROLL 10 X 10 CINTA ADHESIVA HIPOALERGENICA ,DISPOSITIVOS MEDICO,2022-09,3,0.45,0.0,0.15,0.15,Media móvil
730205,ACETATO DE LEUPROLIDE 45MG SOL. INYECTABLE,MEDICAMENTOS,2022-09,3,0.16,0.0,0.0,0.0,Regresión Lineal
730230,ALIMENTO DE USO ESPECIAL CON HMB ARGININA Y GLUTAMINA SOBRE x 24 GRAMOS,NUTRICION,2022-09,3,94.3,74.66,113.8,74.66,Regresión Lineal
730237,ETAMBUTOL 400 MG TABLETA,MEDICAMENTOS,2022-09,3,0.0,14.96,13.37,13.37,Media móvil
730242,COLISTIMETATO 150 MG - EQUIVALENTE A 150 MG DE COLISTINA BASE,MEDICAMENTOS,2022-09,3,35.63,90.62,83.26,83.26,Media móvil
770020,ONDANSETRON 8MG TABLETA,MEDICAMENTOS,2022-09,3,1.83,0.0,0.0,0.0,Media móvil
770054,"ERITROPOYETINA 30.000UI/0,6ML SOL. INYECTABLE ",MEDICAMENTOS,2022-09,3,0.22,0.0,0.08,0.22,XGBoost
770065,TRETINOINA TABLETA 10MG (ONCOLOGICO),MEDICAMENTOS,2022-09,3,0.0,2.86,13.19,13.19,Media móvil
770066,ELTROMBOPAG 25 MG TAB ORAL,MEDICAMENTOS,2022-09,3,0.53,11.0,34.07,34.07,Media móvil
770074,IMATINIB 400MG TABLETA ,MEDICAMENTOS,2022-09,3,0.2,0.0,0.15,0.15,Media móvil
770075,FILGRASTIM SOLUCIÓN INYECTABLE 300MCG (ONCOLOGICO),MEDICAMENTOS,2022-09,3,10.44,0.0,5.88,10.44,XGBoost
770117,ELTROMBOPAG TABLETA 50MG (ONCOLOGICO),MEDICAMENTOS,2022-09,3,1.35,0.0,1.27,1.35,XGBoost
770143,"RASBURICASA SOLUCIÓN INYECTABLE 1,5MG/1ML (ONCOLOGICO)",MEDICAMENTOS,2022-09,3,0.59,0.0,0.51,0.59,XGBoost
770152,RIOCIGUAT 0.5 MG,MEDICAMENTOS,2022-09,3,0.96,0.0,0.32,0.96,XGBoost
A0000001,ABACAVIR/LAMIVUDINA/ZIDOVUDINA TABLETA 300MG/150MG/300MG,MEDICAMENTOS,2022-09,3,0.5,34.64,25.33,25.33,Media móvil
A0000034,ALPROSTADIL SOLUCIÓN INYECTABLE 20MCG/1ML,MEDICAMENTOS,2022-09,3,0.66,48.98,28.81,28.81,Media móvil
A0000039,AMLODIPINO 10 MG TABLETA ,MEDICAMENTOS,2022-09,3,389.12,299.32,352.19,299.32,Regresión Lineal
A0000051,ATORVASTATINA 20 MG TABLETA,MEDICAMENTOS,2022-09,3,129.64,65.47,61.0,61.0,Media móvil
A001011,ACETAMINOFEN TABLETA 500MG,MEDICAMENTOS,2022-09,3,9277.57,7910.98,9108.4,7910.98,Regresión Lineal
A001201,ACETAMINOFEN SOL. ORAL 100MG/28 GOTAS ,MEDICAMENTOS,2022-09,3,0.32,0.0,0.0,0.0,Regresión Lineal
A001221,"ACETAMINOFEN JARABE 2,5MG/1ML FRASCO x 60ML",MEDICAMENTOS,2022-09,3,0.57,0.0,0.85,0.57,XGBoost
A002011,ACETAZOLAMIDA 250MG TABLETA ,MEDICAMENTOS,2022-09,3,12.95,46.19,25.13,12.95,XGBoost
A002451,BECLOMETASONA 50MCG/ PUFF SOL. PARA INHALACIÓN,MEDICAMENTOS,2022-09,3,39.82,7.28,17.63,39.82,XGBoost
A003011,ACETILSALICILICO ÁCIDO TABLETA 100MG,MEDICAMENTOS,2022-09,3,599.96,596.69,627.1,599.96,XGBoost
A006011,ACICLOVIR TABLETA 200MG,MEDICAMENTOS,2022-09,3,213.82,64.92,176.27,176.27,Media móvil
A006721,ACICLOVIR POLVO LIOFILIZADO 250MG,MEDICAMENTOS,2022-09,3,62.48,170.97,95.43,170.97,Regresión Lineal
A008011,ALBENDAZOL TABLETA 200 MG,MEDICAMENTOS,2022-09,3,44.95,92.63,77.96,77.96,Media móvil
A008231,ALBENDAZOL 100MG/20ML SOLUCION ORAL x 20 ML,MEDICAMENTOS,2022-09,3,0.24,0.0,0.0,0.0,Media móvil
A009701,ALBUMINA HUMANA SOL. INYECTABLE 20% x 50 ML ,MEDICAMENTOS,2022-09,3,169.87,154.36,137.0,137.0,Media móvil
A013011,ALOPURINOL TABLETA 100MG,MEDICAMENTOS,2022-09,3,4.84,0.0,5.16,4.84,XGBoost
A013012,ALOPURINOL TABLETA 300MG,MEDICAMENTOS,2022-09,3,39.26,52.41,58.26,58.26,Media móvil
A017231,ALUMINIO HIDROXIDO SUSPENSIÓN ORAL 6G/100ML ,MEDICAMENTOS,2022-09,3,5.34,9.36,8.24,9.36,Regresión Lineal
A018232,"ALUMINIO HIDROXIDO/MAGNESIO/SIMETICONA SUSPENSIÓN ORAL 4%/4%/0,4%",MEDICAMENTOS,2022-09,3,1.97,0.0,1.23,1.97,XGBoost
A019101,AMANTADINA 100MG CAPSULA ,MEDICAMENTOS,2022-09,3,5.58,0.0,3.72,5.58,XGBoost
A020701,AMIKACINA 100MG/2ML SOL. INYECTABLE ,MEDICAMENTOS,2022-09,3,0.96,38.0,22.04,22.04,Media móvil
A020702,AMIKACINA 500MG/2ML SOL. INYECTABLE ,MEDICAMENTOS,2022-09,3,42.03,37.52,40.87,42.03,XGBoost
A022701,AMINOFILINA 240MG/10ML SOL. INYECTABLE ,MEDICAMENTOS,2022-09,3,0.24,0.0,0.0,0.0,Media móvil
A023011,AMIODARONA TABLETA 200MG,MEDICAMENTOS,2022-09,3,134.84,175.23,164.0,175.23,Regresión Lineal
A023721,AMIODARONA 150MG/3ML SOL. INYECTABLE ,MEDICAMENTOS,2022-09,3,134.36,107.76,112.63,112.63,Media móvil
A024011,AMITRIPTILINA 25MG TABLETA ,MEDICAMENTOS,2022-09,3,22.64,29.69,37.67,37.67,Media móvil
A025142,AMOXICILINA 500MG CAPSULA ,MEDICAMENTOS,2022-09,3,4.65,53.16,31.85,31.85,Media móvil
A026721,AMPICILINA 500MG POLVO LIOFILIZADO ,MEDICAMENTOS,2022-09,3,203.43,210.17,225.39,203.43,XGBoost
A026722,AMPICILINA 1 G POLVO LIOFILIZADO ,MEDICAMENTOS,2022-09,3,100.2,72.47,82.86,100.2,XGBoost
A027142,AMPICILINA TABLETA 500MG,MEDICAMENTOS,2022-09,3,0.92,0.0,0.51,0.92,XGBoost
A033701,ATROPINA 1MG/1ML SOL. INYECTABLE ,MEDICAMENTOS,2022-09,3,4.54,12.08,13.19,13.19,Media móvil
A034011,AZATIOPRINA 50MG TABLETA,MEDICAMENTOS,2022-09,3,36.05,17.48,39.16,36.05,XGBoost
A035722,AZTREONAM 1G POLVO LIOFILIZADO,MEDICAMENTOS,2022-09,3,79.32,65.03,72.3,72.3,Media móvil
A036701,AZUL DE METILENO SOLUCIÓN INYECTABLE 10MG/1ML,MEDICAMENTOS,2022-09,3,1.1,0.0,2.44,2.44,Media móvil
A037011,AMLODIPINO 5 MG TABLETA ,MEDICAMENTOS,2022-09,3,160.39,183.29,194.16,160.39,XGBoost
A037101,ABACAVIR TABLETA 300MG,MEDICAMENTOS,2022-09,3,0.63,0.0,0.0,0.0,Media móvil
B00000010,BECLOMETASONA NASAL 50 MCG/PUFF,MEDICAMENTOS,2022-09,3,0.96,0.07,1.46,0.96,XGBoost
B004311,"BETAMETASONA CREMA TÓPICA 0,05%",MEDICAMENTOS,2022-09,3,2.69,0.98,2.91,2.69,XGBoost
B004332,"BETAMETASONA UNGÜENTO TÓPICO 0,05% x 40G",MEDICAMENTOS,2022-09,3,0.76,1.19,3.48,3.48,Media móvil
B005701,BETAMETASONA 4MG/1ML SOL. INYECTABLE,MEDICAMENTOS,2022-09,3,25.3,23.33,28.52,28.52,Media móvil
B008011,BIPERIDENO 2MG TABLETA,MEDICAMENTOS,2022-09,3,5.78,32.54,22.63,22.63,Media móvil
B010021,BISACODILO 5MG TABLETA,MEDICAMENTOS,2022-09,3,418.23,379.93,425.65,379.93,Regresión Lineal
B012011,"BROMOCRIPTINA 2,5MG TABLETA",MEDICAMENTOS,2022-09,3,1.82,2.42,2.87,1.82,XGBoost
BISAPRO,BISOPROLOL TABLETA 10MG,MEDICAMENTOS,2022-09,3,0.89,0.0,0.78,0.89,XGBoost
C0000005,CARVEDILOL TABLETA 25MG,MEDICAMENTOS,2022-09,3,2.92,0.0,1.58,2.92,XGBoost
C0000008,CASPOFUNGINA 70MG POLVO LIOFILIZADO ,MEDICAMENTOS,2022-09,3,4.18,9.85,8.88,8.88,Media móvil
C0000019,CETIRIZINA 10MG TABLETA ,MEDICAMENTOS,2022-09,3,0.48,0.0,4.15,4.15,Media móvil
C0000028,CLARITROMICINA TABLETA 500MG,MEDICAMENTOS,2022-09,3,101.12,247.23,180.53,101.12,XGBoost
C0000030,CLINDAMICINA CÁPSULA 300MG,MEDICAMENTOS,2022-09,3,3.3,0.0,1.37,3.3,XGBoost
C0000035,CLOPIDOGREL TABLETA 75MG,MEDICAMENTOS,2022-09,3,193.18,202.78,197.7,202.78,Regresión Lineal
C0000047,"CARVEDILOL TABLETA 12,5MG",MEDICAMENTOS,2022-09,3,77.6,101.74,78.77,101.74,Regresión Lineal
C001011,CALCIO CARBONATO 600MG TABLETA ,MEDICAMENTOS,2022-09,3,168.95,198.25,188.59,168.95,XGBoost
C002701,CALCIO GLUCONATO SOL. INYECTABLE 10%/10ML,MEDICAMENTOS,2022-09,3,215.26,476.63,289.61,215.26,XGBoost
C003101,"CALCITRIOL 0,25MCG CÁPSULA ",MEDICAMENTOS,2022-09,3,34.58,59.34,40.63,34.58,XGBoost
C003102,"CALCITRIOL 0,50MCG CÁPSULA ",MEDICAMENTOS,2022-09,3,23.94,154.3,97.5,97.5,Media móvil
C004011,CAPTOPRIL 25MG TABLETA ,MEDICAMENTOS,2022-09,3,1.33,12.12,18.44,18.44,Media móvil
C004012,CAPTOPRIL 50MG TABLETA ,MEDICAMENTOS,2022-09,3,0.14,0.0,4.15,4.15,Media móvil
C005011,CARBAMAZEPINA 200MG TABLETA ,MEDICAMENTOS,2022-09,3,147.8,158.4,154.35,147.8,XGBoost
C008142,CEFALEXINA 500MG CAPSULA ,MEDICAMENTOS,2022-09,3,40.63,8.4,24.48,24.48,Media móvil
C008232,CEFALEXINA 250MG/5ML POLVO PARA SOLUCION ORAL,MEDICAMENTOS,2022-09,3,0.93,0.0,0.53,0.93,XGBoost
C009141,CEFRADINA 500MG CÁPSULA ,MEDICAMENTOS,2022-09,3,1.17,0.0,0.0,0.0,Media móvil
C011723,CEFTRIAXONA 1G POLVO LIOFILIZADO,MEDICAMENTOS,2022-09,3,334.3,343.75,342.84,334.3,XGBoost
C014103,CICLOSPORINA 100MG CAPSULA,MEDICAMENTOS,2022-09,3,0.23,0.0,0.0,0.0,Media móvil
C015701,CIPROFLOXACINO 100MG/10ML SOL. INYECTABLE ,MEDICAMENTOS,2022-09,3,695.18,627.82,661.72,695.18,XGBoost
C019701,CLINDAMICINA 600MG SOL. INYECTABLE ,MEDICAMENTOS,2022-09,3,526.37,597.67,622.16,526.37,XGBoost
C022011,CLORAMBUCILO 2MG TABLETA,MEDICAMENTOS,2022-09,3,0.43,0.0,0.0,0.43,XGBoost
C031321,CLOTRIMAZOL CREMA TÓPICA 1% ,MEDICAMENTOS,2022-09,3,30.92,20.18,32.99,30.92,XGBoost
C031511,CLOTRIMAZOL CREMA VAGINAL 1%,MEDICAMENTOS,2022-09,3,3.6,1.88,4.0,3.6,XGBoost
C032013,CLOZAPINA TABLETA 100MG ,CONTROLADOS,2022-09,3,2.32,0.76,8.81,8.81,Media móvil
C034011,"COLCHICINA 0,5MG TABLETA",MEDICAMENTOS,2022-09,3,20.7,1.95,14.69,20.7,XGBoost
C035251,COLESTIRAMINA 4G POLVO PARA SOLUCIÓN ORAL,MEDICAMENTOS,2022-09,3,31.02,55.83,44.52,44.52,Media móvil
C041602,SODIO CROMOGLICATO SOLUCIÓN OFTÁLMICA 40MG/1ML (400MG/10ML),MEDICAMENTOS,2022-09,3,0.16,0.31,1.19,1.19,Media móvil
C044721,CEFAZOLINA 1G SOL. INYECTABLE ,MEDICAMENTOS,2022-09,3,117.72,370.82,282.8,370.82,Regresión Lineal
C044723,CEFALOTINA 1G SOL. INYECTABLE ,MEDICAMENTOS,2022-09,3,856.35,474.31,698.42,856.35,XGBoost
C046101,CALCIO CARBONATO/VITAMINA D TABLETA 600MG/200UI,MEDICAMENTOS,2022-09,3,0.15,190.79,111.94,190.79,Regresión Lineal
C047011,CLONIDINA 150MCG TABLETA ,MEDICAMENTOS,2022-09,3,712.03,1064.07,933.44,933.44,Media móvil
D0000002,DEFLAZACORT 6 MG TABLETA,MEDICAMENTOS,2022-09,3,0.25,0.0,0.0,0.0,Media móvil
D0000005,"DESMOPRESINA SOLUCIÓN NASAL 10MCG/0,1ML (500MCG/5ML)",MEDICAMENTOS,2022-09,3,0.12,0.0,0.15,0.12,XGBoost
D0000011,DILTIAZEM 60MG TABLETA ,MEDICAMENTOS,2022-09,3,9.04,124.79,79.44,79.44,Media móvil
D0000020,"DIPIRONA 2,5G/5ML SOL. INYECTABLE ",MEDICAMENTOS,2022-09,3,0.03,125.0,85.31,125.0,Regresión Lineal
D0000030,DIPIRONA 1G/2ML SOL. INYECTABLE ,MEDICAMENTOS,2022-09,3,6394.05,5375.24,6135.29,6394.05,XGBoost
D0000031,DAPTOMICINA POLVO LIOFILIZADO 500MG,MEDICAMENTOS,2022-09,3,1.61,0.76,8.35,8.35,Media móvil
D0000038,"LEVOSIMENDAN SOLUCIÓN INYECTABLE 12,5MG/1ML",MEDICAMENTOS,2022-09,3,1.51,0.05,1.89,1.89,Media móvil
D002101,DANAZOL 200MG TABLETA},MEDICAMENTOS,2022-09,3,0.0,12.67,13.74,13.74,Media móvil
D005711,DEXAMETASONA 8MG/2ML SOL. INYECTABLE,MEDICAMENTOS,2022-09,3,363.06,595.85,429.6,363.06,XGBoost
D006701,DEXAMETASONA 4MG/1ML SOL. INYECTABLE ,MEDICAMENTOS,2022-09,3,165.97,230.93,178.42,165.97,XGBoost
D009701,DEXTROSA AL 5% AGUA DESTILADA 500 ML,MEDICAMENTOS,2022-09,3,174.38,226.4,200.24,174.38,XGBoost
D009702,DEXTROSA AL 10% AGUA DESTILADA 500 ML,MEDICAMENTOS,2022-09,3,214.64,276.24,273.0,273.0,Media móvil
D009705,DEXTROSA AL 10% AGUA DESTILADA 250 ML,MEDICAMENTOS,2022-09,3,72.75,84.15,79.82,72.75,XGBoost
D009706,DEXTROSA AL 5% AGUA DESTILADA 250 ML,MEDICAMENTOS,2022-09,3,519.78,946.99,790.93,790.93,Media móvil
D010701,DEXTROSA 5% EN SOL. SALINA 0.9% 500 ML,MEDICAMENTOS,2022-09,3,34.51,45.56,40.26,34.51,XGBoost
D015021,DICLOFENACO 50MG TABLETA ,MEDICAMENTOS,2022-09,3,3.94,10.24,6.89,3.94,XGBoost
D015701,DICLOFENACO 75MG/3ML SOL. INYECTABLE ,MEDICAMENTOS,2022-09,3,154.25,83.43,106.85,106.85,Media móvil
D018101,DIFENHIDRAMINA 50MG CAPSULA ,MEDICAMENTOS,2022-09,3,0.81,0.0,0.0,0.0,Media móvil
D018221,"DIFENHIDRAMINA JARABE 12,5MG/5ML (300MG/120ML)",MEDICAMENTOS,2022-09,3,4.87,1.03,3.84,4.87,XGBoost
D020201,"DIHIDROCODEINA JARABE 12,1MG/ML (294,4MG/120ML)",MEDICAMENTOS,2022-09,3,5.16,3.79,5.06,5.16,XGBoost
D020221,"DIFENHIDRAMINA JARABE 2,42MG/1ML (290,4MG/120ML)",MEDICAMENTOS,2022-09,3,4.95,1.27,4.63,4.63,Media móvil
D023011,DIMENHIDRINATO 50MG TABLETA,MEDICAMENTOS,2022-09,3,4.27,6.73,24.8,24.8,Media móvil
D029701,DOPAMINA 200MG/5ML SOL. INYECTABLE ,MEDICAMENTOS,2022-09,3,2.62,40.88,45.34,40.88,Regresión Lineal
D031141,DOXICICLINA 100MG TABLETA ,MEDICAMENTOS,2022-09,3,11.43,35.53,22.23,35.53,Regresión Lineal
D035701,DESMOPRESINA 15MCG/1ML SOL. INYECTABLE,MEDICAMENTOS,2022-09,3,1.47,0.13,1.52,1.47,XGBoost
E0000003,SODIO FOSFATO MONOBASICO SOLUCIÓN ORAL 133ML,MEDICAMENTOS,2022-09,3,0.29,1.26,2.67,2.67,Media móvil
E0000017,ERTAPENEM POLVO LIOFILIZADO 1G ,MEDICAMENTOS,2022-09,3,15.66,13.74,20.49,13.74,Regresión Lineal
E0000021,SODIO FOSFATO MONOBASICO/DIBASICO ENEMA RECTAL 16G/6G/133ML,MEDICAMENTOS,2022-09,3,5.21,3.82,8.64,8.64,Media móvil
E0000034,ENTEROGERMINA SUSPENSIÓN ORAL 2000000000UI/5ML,MEDICAMENTOS,2022-09,3,0.85,0.0,0.15,0.15,Media móvil
E002011,ENALAPRIL 5MG TABLETA ,MEDICAMENTOS,2022-09,3,178.4,160.92,175.22,178.4,XGBoost
E002012,ENALAPRIL 20MG TABLETA ,MEDICAMENTOS,2022-09,3,151.57,168.6,175.16,151.57,XGBoost
E007141,ERITROMICINA 500MG TABLETA ,MEDICAMENTOS,2022-09,3,13.79,39.79,27.62,39.79,Regresión Lineal
E007231,ERITROMICINA 250MG/5ML SUSPENSION ORAL,MEDICAMENTOS,2022-09,3,0.39,0.0,2.31,2.31,Media móvil
E008011,ESPIRONOLACTONA 25MG TABLETA ,MEDICAMENTOS,2022-09,3,424.67,322.88,401.98,424.67,XGBoost
E008012,ESPIRONOLACTONA 100MG TABLETA ,MEDICAMENTOS,2022-09,3,77.08,38.82,61.59,77.08,XGBoost
E010721,ESTREPTOQUINASA 750.000UI POLVO LIOFILIZADO,MEDICAMENTOS,2022-09,3,0.22,0.0,0.86,0.86,Media móvil
E020722,ERITROPOYETINA 2.000UI/ML SOL. INYECTABLE,MEDICAMENTOS,2022-09,3,126.02,92.94,111.92,126.02,XGBoost
E038162,EFAVIRENZ 600MG TABLETA,MEDICAMENTOS,2022-09,3,7.3,3.48,6.63,6.63,Media móvil
F0000005,"FLUMAZENIL 0,5MG/5ML  SOL. INYECTABLE",MEDICAMENTOS,2022-09,3,0.16,0.0,0.41,0.41,Media móvil
F002141,FENITOINA 100MG TABLETA ,MEDICAMENTOS,2022-09,3,142.04,140.57,155.78,142.04,XGBoost
F002231,FENITOINA 125MG/5ML SUSPENSION ORAL,MEDICAMENTOS,2022-09,3,3.32,0.0,1.44,3.32,XGBoost
F008701,FITOMENADIONA 10MG/1ML SOL. INYECTABLE (VITAMINA K),MEDICAMENTOS,2022-09,3,61.16,63.41,71.04,71.04,Media móvil
F009101,FLUCONAZOL 200MG CAPSULA ,MEDICAMENTOS,2022-09,3,91.71,99.83,130.28,99.83,Regresión Lineal
F009701,FLUCONAZOL 200MG/100ML SOL. INYECTABLE,MEDICAMENTOS,2022-09,3,270.64,360.05,299.31,360.05,Regresión Lineal
F013141,FLUOXETINA 20M GCAPSULA ,MEDICAMENTOS,2022-09,3,8.65,23.25,28.44,28.44,Media móvil
F013201,FLUOXETINA 20MG/5ML JARABE,MEDICAMENTOS,2022-09,3,0.32,0.0,0.0,0.0,Media móvil
F014011,FOLICO ÁCIDO 1MG TABLETA,MEDICAMENTOS,2022-09,3,377.56,435.93,409.03,377.56,XGBoost
F015011,FOLINICO ÁCIDO 15MG TABLETA ,MEDICAMENTOS,2022-09,3,1.07,0.0,2.85,2.85,Media móvil
F015701,CALCIO FOLINATO 50MG/5ML SOL. INYECTABLE,MEDICAMENTOS,2022-09,3,2.33,18.62,18.75,18.62,Regresión Lineal
F017011,FUROSEMIDA 40MG TABLETA ,MEDICAMENTOS,2022-09,3,312.84,400.04,309.47,400.04,Regresión Lineal
F017701,FUROSEMIDA 20MG/2ML SOL. INYECTABLE,MEDICAMENTOS,2022-09,3,934.16,1175.08,1062.19,934.16,XGBoost
G0000001,GABAPENTIN CÁPSULA 300MG,MEDICAMENTOS,2022-09,3,13.24,0.0,0.0,0.0,Media móvil
G002011,GEMFIBROZIL 600MG TABLETA ,MEDICAMENTOS,2022-09,3,0.44,0.0,1.04,1.04,Media móvil
G003601,GENTAMICINA SOL. OFTÁLMICA 0.3% GOTAS,MEDICAMENTOS,2022-09,3,3.26,0.23,2.81,3.26,XGBoost
G003703,GENTAMICINA 80MG/2ML SOL. INYECTABLE ,MEDICAMENTOS,2022-09,3,108.27,92.83,113.63,92.83,Regresión Lineal
G003704,GENTAMICINA 160MG/2ML SOL. INYECTABLE ,MEDICAMENTOS,2022-09,3,29.23,40.46,28.79,29.23,XGBoost
G006702,GONADOTROPINA CRIONICA 5000 UI/ML SOL. INYECTABLE,MEDICAMENTOS,2022-09,3,0.09,0.0,0.59,0.59,Media móvil
H0000002,HIDROXICINA TABLETA 25MG,MEDICAMENTOS,2022-09,3,240.96,99.97,149.38,240.96,XGBoost
H0000004,L-ASPARTATO/L-ORNITINA SOLUCIÓN INYECTABLE 5G/10ML,MEDICAMENTOS,2022-09,3,22.56,0.0,11.4,22.56,XGBoost
H0000005,L-ASPARTATO/L-ORNITINA GRANULOS PARA SUSPENCIÓN ORAL 3G,MEDICAMENTOS,2022-09,3,7.44,0.0,4.89,7.44,XGBoost
H001201,HALOPERIDOL 2MG/20 GOTAS SOL. ORAL,MEDICAMENTOS,2022-09,3,12.93,16.88,16.23,16.88,Regresión Lineal
H001701,HALOPERIDOL 5MG/1ML SOL. INYECTABLE ,MEDICAMENTOS,2022-09,3,144.25,218.25,180.01,218.25,Regresión Lineal
H004701,HEPARINA SODICA 5.000 UI/ML SOL. INYECTABLE,MEDICAMENTOS,2022-09,3,93.6,155.57,139.78,139.78,Media móvil
H006011,HIDROCLOROTIAZIDA TABLETA 25MG,MEDICAMENTOS,2022-09,3,146.85,98.93,129.94,146.85,XGBoost
H007321,HIDROCORTISONA ACETATO CREMA TÓPICA 1%,MEDICAMENTOS,2022-09,3,4.54,0.0,1.37,4.54,XGBoost
H008721,HIDROCORTISONA POLVO LIOFILIZADO 100MG,MEDICAMENTOS,2022-09,3,320.78,286.35,315.11,320.78,XGBoost
H011161,FERROSO SULFATO 300MG TABLETA ,MEDICAMENTOS,2022-09,3,29.1,168.19,120.13,168.19,Regresión Lineal
H011201,FERROSO SULFATO SOLUCIÓN ORAL 25MG/1ML GOTAS,MEDICAMENTOS,2022-09,3,1.18,0.0,0.74,0.74,Media móvil
H013021,N-BUTILBROMURO HIOSCINA TABLETA 10MG,MEDICAMENTOS,2022-09,3,8.67,0.62,11.94,8.67,XGBoost
H013701,N-BUTILBROMURO HIOSCINA SOL. INYECTABLE 20MG/1ML,MEDICAMENTOS,2022-09,3,335.5,263.21,303.56,335.5,XGBoost
H014701,HIDROXICINA CLORHIDRATO SOL. 100MG/1ML,MEDICAMENTOS,2022-09,3,20.59,16.03,19.46,20.59,XGBoost
H019701,"N-BUTILBROMURO HIOSCINA/DIPIRONA SOL. INYECTABLE 2,5G/5ML",MEDICAMENTOS,2022-09,3,468.63,308.87,475.37,308.87,Regresión Lineal
I00000006,INSULINA LISPRO SOL. INYECTABLE 100UI/ML x 10ML (1000UI),MEDICAMENTOS,2022-09,3,3.38,0.0,2.36,3.38,XGBoost
I00000007,"IVERMECTINA SOL. ORAL 0,6% GOTAS x 5ML",MEDICAMENTOS,2022-09,3,0.58,9.92,8.0,8.0,Media móvil
I0000012,CLOSTRIDIOPEPTIDASA UNGÜENTO TÓPICO 120UI/40G,MEDICAMENTOS,2022-09,3,0.24,0.0,0.0,0.0,Media móvil
I002011,IBUPROFENO TABLETA 400MG,MEDICAMENTOS,2022-09,3,4.7,1.29,10.74,10.74,Media móvil
I004721,IMIPENEM/CILASTATINA 500MG/500MG POLVO LIOFILIZADO ,MEDICAMENTOS,2022-09,3,0.59,10.92,34.56,34.56,Media móvil
I005022,IMIPRAMINA TABLETA 25MG,MEDICAMENTOS,2022-09,3,11.14,0.0,0.0,0.0,Media móvil
I007701,INMUNOGLOBULINA ANTI-D SOLUCIÓN INYECTABLE 300MCG/2ML,MEDICAMENTOS,2022-09,3,2.26,1.0,2.4,2.26,XGBoost
I008701,INSULINA ZINC CRISTALINA SOL. INYECTABLE 100UI/ML x 10ML (1000UI),MEDICAMENTOS,2022-09,3,19.58,13.52,16.21,19.58,XGBoost
I009711,INSULINA ZINC NPH SOL. INYECTABLE 100UI/ML x 10ML (1000UI),MEDICAMENTOS,2022-09,3,0.85,0.0,0.89,0.89,Media móvil
I017471,IPRATROPIO BROMURO SUSPENSIÓN PARA INHALACIÓN 20MCG//1PUFF/200PUFF,MEDICAMENTOS,2022-09,3,37.81,26.07,37.51,37.81,XGBoost
I020011,ISOSORBIDE DINITRATO 10MG TABLETA,MEDICAMENTOS,2022-09,3,9.39,0.0,6.55,9.39,XGBoost
I020061,ISOSORBIDE DINITRATO TABLETA 5MG,MEDICAMENTOS,2022-09,3,5.53,2.24,3.42,5.53,XGBoost
I021701,IBANDRONICO ÁCIDO SOLUCIÓN INYECTABLE 6MG,MEDICAMENTOS,2022-09,3,0.07,0.0,0.26,0.26,Media móvil
J000006,METFORMINA/SITAGLIPTINA TABLETA 1000MG/50MG,MEDICAMENTOS,2022-09,3,2.3,0.0,0.0,0.0,Media móvil
K0000008,POLIETILENGLICOL/SODIO SULFATO/SODIO BICARBONATO/SODIO CLORURO/POTASIO CLORURO P,MEDICAMENTOS,2022-09,3,61.55,61.42,74.18,61.42,Regresión Lineal
K002101,KETOCONAZOL TABLETA 200MG,MEDICAMENTOS,2022-09,3,1.01,0.29,7.26,7.26,Media móvil
L0000005,LAMOTRIGINA TABLETA 100MG,MEDICAMENTOS,2022-09,3,1.03,0.0,2.67,2.67,Media móvil
L0000006,LEVOFLOXACINA TABLETA 500MG,MEDICAMENTOS,2022-09,3,1.48,0.0,0.86,0.86,Media móvil
L0000009,LABETALOL SOLUCIÓN INYECTABLE 100MG/20ML,MEDICAMENTOS,2022-09,3,1.88,13.95,24.23,13.95,Regresión Lineal
L000001,BACLOFENO TABLETA 10MG,MEDICAMENTOS,2022-09,3,0.7,0.0,0.47,0.7,XGBoost
L0000017,INSULINA GLARGINA 100UI/ML x 10 ML (1000UI) SOL. INYECTABLE ,MEDICAMENTOS,2022-09,3,36.47,26.76,30.26,30.26,Media móvil
L00006,NEVIRAPINA SUSPENSIÓN ORAL 10MG/1ML (2400MG/240ML),MEDICAMENTOS,2022-09,3,0.22,0.0,0.0,0.0,Regresión Lineal
L001141,LAMIVUDINA 150 MG TABLETA,MEDICAMENTOS,2022-09,3,0.65,0.0,0.0,0.0,Media móvil
L003011,LEVODOPA/CARBIDOPA TABLETA 250MG/25MG,MEDICAMENTOS,2022-09,3,48.01,0.0,11.16,48.01,XGBoost
L004011,LEVOMEPROMAZINA TABLETA 25MG,MEDICAMENTOS,2022-09,3,4.68,0.0,4.9,4.68,XGBoost
L004201,LEVOMEPROMAZINA 4MG/ML SOLUCION ORAL,MEDICAMENTOS,2022-09,3,2.35,0.08,2.11,2.35,XGBoost
L006011,LEVOTIROXINA TABLETA 50MCG,MEDICAMENTOS,2022-09,3,290.18,181.81,247.06,290.18,XGBoost
L006012,LEVOTIROXINA TABLETA 100MCG,MEDICAMENTOS,2022-09,3,88.84,59.2,77.87,88.84,XGBoost
L015141,LOPERAMIDA TABLETA 2MG,MEDICAMENTOS,2022-09,3,493.79,521.73,490.24,493.79,XGBoost
L016011,LORATADINA TABLETA 10MG,MEDICAMENTOS,2022-09,3,154.87,177.02,173.88,177.02,Regresión Lineal
L018011,LOVASTATINA TABLETA 20MG,MEDICAMENTOS,2022-09,3,1.21,0.0,0.0,0.0,Media móvil
L021161,LOSARTAN TABLETA 50MG,MEDICAMENTOS,2022-09,3,1801.94,1865.2,1817.53,1865.2,Regresión Lineal
M0000005,METOPROLOL SOL. INYECTABLE 5MG/5ML,MEDICAMENTOS,2022-09,3,3.47,4.25,3.96,4.25,Regresión Lineal
M0000009,MOXIFLOXACINA TABLETA 400MG,MEDICAMENTOS,2022-09,3,0.44,3.44,5.81,5.81,Media móvil
M0000015,MEMANTINA TBL. 10 MG,MEDICAMENTOS,2022-09,3,0.51,0.0,0.36,0.51,XGBoost
M001701,MAGNESIO SULFATO SOLUCIÓN INYECTABLE 20%/10ML,MEDICAMENTOS,2022-09,3,373.99,394.27,381.52,373.99,XGBoost
M002702,MANITOL AL 20 % SOL. INYECTABLE x 500 ML,MEDICAMENTOS,2022-09,3,2.18,17.11,12.93,12.93,Media móvil
M009011,MERCAPTOPURINA TBL. 50 MG,MEDICAMENTOS,2022-09,3,0.73,0.32,9.11,9.11,Media móvil
M011011,METFORMINA TABLETA 850MG,MEDICAMENTOS,2022-09,3,52.41,12.07,31.58,52.41,XGBoost
M013721,METILPREDNISOLONA SUCCINATO 500MG POLVO LIOFILIZADO ,MEDICAMENTOS,2022-09,3,37.5,31.7,37.07,37.5,XGBoost
M015011,METOCARBAMOL TABLETA 750MG,MEDICAMENTOS,2022-09,3,4.07,0.0,1.96,4.07,XGBoost
M016011,METOCLOPRAMIDA TABLETA 10MG,MEDICAMENTOS,2022-09,3,34.79,41.06,43.13,34.79,XGBoost
M016701,METOCLOPRAMIDA SOLUCIÓN INYECTABLE 10MG/2ML,MEDICAMENTOS,2022-09,3,913.03,566.0,782.97,913.03,XGBoost
M017161,METOPROLOL TABLETA 50MG,MEDICAMENTOS,2022-09,3,618.76,590.08,558.41,558.41,Media móvil
M017162,METOPROLOL TARTRATO TABLETA 100MG,MEDICAMENTOS,2022-09,3,5.27,0.0,4.48,5.27,XGBoost
M020012,METRONIDAZOL 500MG TABLETA ,MEDICAMENTOS,2022-09,3,136.31,51.87,134.99,134.99,Media móvil
M020501,METRONIDAZOL OVULO VAGINAL 500MG,MEDICAMENTOS,2022-09,3,5.58,7.89,11.71,7.89,Regresión Lineal
M021701,METRONIDAZOL 500MG/100ML SOL. INYECTABLE,MEDICAMENTOS,2022-09,3,203.9,151.21,195.44,195.44,Media móvil
M022232,METRONIDAZOL SUSPENSIÓN ORAL 250MG/5ML X 120ML),MEDICAMENTOS,2022-09,3,1.69,2.53,2.4,1.69,XGBoost
M026161,MINOXIDIL TABLETA 10MG,MEDICAMENTOS,2022-09,3,90.18,224.07,180.22,180.22,Media móvil
M026541,MESALAZINA ENEMA RECTAL 4G/60ML,MEDICAMENTOS,2022-09,3,0.31,0.0,0.08,0.31,XGBoost
M026721,MEROPENEM POLVO LIOFILIZADO 500MG,MEDICAMENTOS,2022-09,3,30.87,51.23,47.14,30.87,XGBoost
MAT527,INTRODUCTOR 8.5FR/S109880,DISPOSITIVOS MEDICO,2022-09,3,0.21,0.0,0.41,0.21,XGBoost
N0000002,"NITROFURAZONA POMADA 0,2%/40G",MEDICAMENTOS,2022-09,3,0.16,0.0,0.0,0.0,Regresión Lineal
N0000003,NOREPINEFRINA SOL. INYECTABLE 4MG/4ML,MEDICAMENTOS,2022-09,3,977.15,1284.89,1083.96,1284.89,Regresión Lineal
N0000018,NITAZOXANIDA TABLETA 500MG,MEDICAMENTOS,2022-09,3,0.76,480.04,274.78,274.78,Media móvil
N0000019,ESOMEPRAZOL 20MG TABLETA ,MEDICAMENTOS,2022-09,3,203.78,126.65,156.93,203.78,XGBoost
N0000020,ESOMEPRAZOL 40MG TABLETA ,MEDICAMENTOS,2022-09,3,166.31,134.92,156.1,166.31,XGBoost
N0000030,ESOMEPRAZOL 40MG SOL. INYECTABLE ,MEDICAMENTOS,2022-09,3,185.77,164.68,188.95,185.77,XGBoost
N001701,"NALOXONA 0,4MG/1ML SOL. INYECTABLE",MEDICAMENTOS,2022-09,3,0.48,0.0,0.52,0.52,Media móvil
N002141,NAPROXENO TABLETA 250MG,MEDICAMENTOS,2022-09,3,46.91,3.59,17.26,17.26,Media móvil
N008141,NIMODIPINO TABLETA 30MG,MEDICAMENTOS,2022-09,3,203.91,95.8,220.78,203.91,XGBoost
N009231,NISTATINA SUSPENSIÓN ORAL 100000UI/1ML (6000000UI/60ML),MEDICAMENTOS,2022-09,3,19.08,11.59,16.63,16.63,Media móvil
N009321,NISTATINA CREMA 100.000 UI/GR ,MEDICAMENTOS,2022-09,3,1.99,0.0,1.49,1.99,XGBoost
N010142,NITROFURANTOINA TABLETA 100MG,MEDICAMENTOS,2022-09,3,0.46,0.0,0.0,0.0,Media móvil
N011701,NITROGLICERINA SOLUCIÓN INYECTABLE 50MG/10ML,MEDICAMENTOS,2022-09,3,0.33,0.29,1.14,1.14,Media móvil
P0000002,"PEGFILGRASTIM SOL. INYECTABLE 6MG/0,6ML",MEDICAMENTOS,2022-09,3,1.87,0.0,1.69,1.69,Media móvil
P0000003,PENTOXIFILINA TABLETA 400MG,MEDICAMENTOS,2022-09,3,1.08,0.0,0.21,0.21,Media móvil
P0000013,PREGABALINA CÁPSULA 150MG,MEDICAMENTOS,2022-09,3,9.23,13.98,11.7,11.7,Media móvil
P0000020,PRALIDOXIMA POLVO LIOFILIZADO 200MG,MEDICAMENTOS,2022-09,3,0.0,76.2,41.48,41.48,Media móvil
P0000025,POLIMIXINA B SOLUCIÓN INYECTABLE 500000UI,MEDICAMENTOS,2022-09,3,1.48,38.57,51.81,51.81,Media móvil
P001701,PANCURONIO SOL. INYECTABLE 4MG/2ML,MEDICAMENTOS,2022-09,3,0.21,0.0,0.41,0.21,XGBoost
P005721,PENICILINA G BENZATINICA POLVO LIOFILIZADO 1200000UI,MEDICAMENTOS,2022-09,3,0.08,0.0,0.15,0.15,Media móvil
P005722,PENICILINA G BENZATINICA POLVO LIOFILIZADO 2400000UI,MEDICAMENTOS,2022-09,3,1.08,0.74,4.26,4.26,Media móvil
P007721,PENICILINA G CRISTALINA POLVO LIOFILIZADO 1000000UI,MEDICAMENTOS,2022-09,3,317.51,913.08,489.32,317.51,XGBoost
P012141,PIRANTEL PAMOATO TABLETA 250MG,MEDICAMENTOS,2022-09,3,0.3,0.0,0.16,0.3,XGBoost
P012231,PIRANTEL PAMOATO SUSPENSIÓN ORAL 250MG/5ML (750MG/15ML),MEDICAMENTOS,2022-09,3,0.18,0.0,0.17,0.18,XGBoost
P022701,POTASIO CLORURO 20MEQ/10ML SOL. INYECTABLE,MEDICAMENTOS,2022-09,3,2233.31,1719.14,2014.56,2233.31,XGBoost
P026011,PRAZOSINA TABLETA 1MG,MEDICAMENTOS,2022-09,3,1000.52,1335.52,1078.72,1335.52,Regresión Lineal
P027011,PREDNISOLONA TABLETA 5MG,MEDICAMENTOS,2022-09,3,614.66,348.24,512.04,348.24,Regresión Lineal
P035011,PROPRANOLOL TABLETA 40MG,MEDICAMENTOS,2022-09,3,115.87,144.71,117.27,144.71,Regresión Lineal
P036701,PROTAMINA SOLUCIÓN INYECTABLE 5000UI,MEDICAMENTOS,2022-09,3,0.33,0.0,0.89,0.89,Media móvil
P039701,"POTASIO FOSFATO DIBASICO/MONOBASICO SOLUCIÓN INYECTABLE 3,8MEQ/2,6MM/1ML (38MEQ",MEDICAMENTOS,2022-09,3,28.92,26.66,37.05,28.92,XGBoost
R0000009,ROCIVERINA SOLUCIÓN INYECTABLE 20MG/2ML,MEDICAMENTOS,2022-09,3,4.23,0.0,1.16,4.23,XGBoost
R0000014,ROSUVASTATINA TABLETA 20MG,MEDICAMENTOS,2022-09,3,6.7,0.0,5.09,6.7,XGBoost
R001011,RANITIDINA TABLETA 150MG,MEDICAMENTOS,2022-09,3,426.31,255.85,309.26,309.26,Media móvil
R001701,RANITIDINA SOL. INYECTABLE 50MG/2ML,MEDICAMENTOS,2022-09,3,1640.11,1283.4,1360.59,1360.59,Media móvil
R002251,POLIESTIRENO SULFONATO CÁLCICO POLVO PARA SUSPENSIÓN ORAL 15G,MEDICAMENTOS,2022-09,3,20.19,323.58,168.98,168.98,Media móvil
R005101,RIFAMPICINA CÁPSULA 300MG,MEDICAMENTOS,2022-09,3,17.94,32.82,29.72,17.94,XGBoost
R008703,AGUA ESTERIL PARA IRRIGACION 3000 ML ,MEDICAMENTOS,2022-09,3,55.66,29.13,31.87,55.66,XGBoost
R009141,RITONAVIR TABLETA 100MG,MEDICAMENTOS,2022-09,3,0.72,0.0,0.0,0.0,Media móvil
S0000002,SECNIDAZOL TABLETA 500MG,MEDICAMENTOS,2022-09,3,0.29,0.0,0.0,0.0,Media móvil
S0000012,"BUDESONIDA/FORMOTEROL SUSPENSIÓN PARA INHALACIÓN 160MCG/4,5MCG/1PUFF/120PUFF",MEDICAMENTOS,2022-09,3,2.73,0.0,1.43,2.73,XGBoost
S003701,SODIO BICARBONATO SOLUCIÓN INYECTABLE 1MEQ/1ML (10MEQ/10ML),MEDICAMENTOS,2022-09,3,534.66,868.01,719.96,719.96,Media móvil
S004702,SODIO CLORURO SOL. INYECTABLE 20MEQ/10ML,MEDICAMENTOS,2022-09,3,1446.84,1346.44,1426.3,1426.3,Media móvil
S010721,NITROPRUSIATO POLVO LIOFILIZADO 50MG,MEDICAMENTOS,2022-09,3,12.54,45.51,50.85,50.85,Media móvil
S013701,SUCCINILCOLINA SOLUCIÓN INYECTABLE 10%/10ML,MEDICAMENTOS,2022-09,3,0.11,1.36,2.04,2.04,Media móvil
S014011,SUCRALFATO TABLETA 1G,MEDICAMENTOS,2022-09,3,533.06,720.2,694.39,720.2,Regresión Lineal
S020011,SULFASALAZINA TABLETA 500MG,MEDICAMENTOS,2022-09,3,0.38,22.63,13.04,13.04,Media móvil
T0000001,TIGECICLINA 50MG POLVO PARA RECONSTITUCION,MEDICAMENTOS,2022-09,3,19.58,33.39,23.69,33.39,Regresión Lineal
T0000003,TIZANIDINA TABLETA 2MG,MEDICAMENTOS,2022-09,3,0.38,0.0,0.0,0.0,Media móvil
T0000006,TRIMEBUTINA SOL. INYECTABLE 50MG/5ML,MEDICAMENTOS,2022-09,3,0.32,0.0,0.0,0.0,Media móvil
T0000007,TRIMEBUTINA MALEATO TABLETA 200MG,MEDICAMENTOS,2022-09,3,0.22,0.0,0.0,0.0,Media móvil
T001011,TALIDOMIDA TABLETA 100MG,MEDICAMENTOS,2022-09,3,0.87,0.0,0.57,0.87,XGBoost
T002012,TAMOXIFENO TABLETA 20MG,MEDICAMENTOS,2022-09,3,0.03,0.0,3.7,3.7,Media móvil
T004151,TEOFILINA CAPSULA 125MG,MEDICAMENTOS,2022-09,3,0.36,0.0,2.52,2.52,Media móvil
T005461,TERBUTALINA SUSPENSIÓN PARA INHALACIÓN 10MG//1ML/10ML,MEDICAMENTOS,2022-09,3,0.0,0.0,0.59,0.59,Media móvil
T005701,"TERBUTALINA SOLUCIÓN INYECTABLE 0,5MG/1ML",MEDICAMENTOS,2022-09,3,0.0,0.0,0.59,0.59,Media móvil
T008101,TETRACICLINA TABLETA 500MG,MEDICAMENTOS,2022-09,3,0.16,0.0,0.0,0.0,Media móvil
T009141,TIAMINA 300MG TABLETA ,MEDICAMENTOS,2022-09,3,9.74,30.94,23.33,23.33,Media móvil
T009701,TIAMINA 1000MG/10ML SOL. INYECTABLE,MEDICAMENTOS,2022-09,3,6.84,4.2,6.67,6.84,XGBoost
T011602,TIMOLOL SOLUCIÓN OFTÁLMICA 5MG/1ML,MEDICAMENTOS,2022-09,3,0.16,0.0,0.0,0.0,Media móvil
T012011,TINIDAZOL TABLETA 500MG,MEDICAMENTOS,2022-09,3,13.17,76.55,56.93,56.93,Media móvil
T019701,"TOXOIDE TETANICO SOL. INYECTABLE 40UI/0,5ML",MEDICAMENTOS,2022-09,3,0.2,0.0,0.15,0.15,Media móvil
T020201,TRAMADOL SOL. ORAL 100MG/1ML,MEDICAMENTOS,2022-09,3,4.74,0.0,2.4,2.4,Media móvil
T020701,TRAMADOL SOL. INYECTABLE 50MG/1ML,MEDICAMENTOS,2022-09,3,1098.95,997.21,1082.04,1098.95,XGBoost
T020702,TRAMADOL SOL. INYECTABLE 100MG/2ML,MEDICAMENTOS,2022-09,3,47.59,27.87,38.87,47.59,XGBoost
T023011,TRAZODONA TABLETA 50MG,MEDICAMENTOS,2022-09,3,356.92,321.68,352.98,356.92,XGBoost
T025011,TRIMETOPRIM/SULFAMETOXAZOL TABLETA 80MG/400MG,MEDICAMENTOS,2022-09,3,1.06,0.0,0.55,1.06,XGBoost
V000000013,VORICONAZOL TABLETA 200MG,MEDICAMENTOS,2022-09,3,2.09,54.25,52.37,52.37,Media móvil
V0000002,VALGANCICLOVIR TBL. 450 MG,MEDICAMENTOS,2022-09,3,0.25,0.0,0.0,0.0,Media móvil
V0000004,VALSARTAN TABLETA 160MG,MEDICAMENTOS,2022-09,3,16.69,16.41,17.47,16.41,Regresión Lineal
V0000005,VALSARTAN TABLETA 80MG,MEDICAMENTOS,2022-09,3,3.3,30.45,17.19,17.19,Media móvil
V0000011,VORICONAZOL POLVO LIOFILIZADO 200MG,MEDICAMENTOS,2022-09,3,1.42,24.55,72.91,72.91,Media móvil
V0000012,VASOPRESINA 20UI/ML SOL. INYECTABLE ,MEDICAMENTOS,2022-09,3,52.72,80.52,62.15,52.72,XGBoost
V0000013,TRIMETAZIDINA TABLETA 35MG,MEDICAMENTOS,2022-09,3,3.22,0.0,1.27,1.27,Media móvil
V011141,VALPROICO ÁCIDO CÁPSULA 250MG,MEDICAMENTOS,2022-09,3,375.26,586.91,494.67,586.91,Regresión Lineal
V012221,VALPROICO ÁCIDO JARABE 250MG/5ML X 120ML,MEDICAMENTOS,2022-09,3,3.13,16.89,17.66,16.89,Regresión Lineal
V013721,VANCOMICINA 500MG POLVO LIOFILIZADO ,MEDICAMENTOS,2022-09,3,1733.24,1380.85,1661.84,1380.85,Regresión Lineal
V015721,VECURONIO BROMURO POLVO LIOFILIZADO 10MG,MEDICAMENTOS,2022-09,3,128.43,446.08,250.44,128.43,XGBoost
V016011,VERAPAMILO TABLETA 120MG,MEDICAMENTOS,2022-09,3,7.7,39.37,21.93,21.93,Media móvil
V016141,VERAPAMILO TABLETA 80MG,MEDICAMENTOS,2022-09,3,4.7,14.93,20.0,20.0,Media móvil
Z001201,ZIDOVUDINA SOLUCIÓN ORAL 10MG/1ML X 240ML,MEDICAMENTOS,2022-09,3,0.21,0.0,0.0,0.0,Regresión Lineal
Z002721,ZOLEDRONICO ÁCIDO POLVO LIOFILIZADO 4MG/5ML ,MEDICAMENTOS,2022-09,3,0.56,0.35,1.06,0.56,XGBoost
