producto_id,nombre_producto,categoria,proveedor_principal,proveedor_alterno,categoria_abc,variabilidad,metodo_pronostico,demanda_promedio_mensual_pronosticada,lead_time_semanas,lead_time_meses,stock_seguridad,punto_reorden,inventario_actual,eoq,limite_presupuesto_unidades,cantidad_sugerida_pedido,costo_unitario,costo_estimado_pedido,valor_inventario_actual,fecha_estimada_pedido,dias_para_pedido,ordenar
0002101,OMEPRAZOL CÁPSULA 20MG,MEDICAMENTOS,,,A,Baja,XGBoost,1718.11,1.0,0.23,18.51,413.93,481.0,,15.0,0.0,37.0,0.0,17797.0,2022-06-02,1.0,NO
0004721,OXACILINA POLVO LIOFILIZADO 1G,MEDICAMENTOS,,,C,Alta,XGBoost,9.68,1.0,0.23,3.77,6.0,21.0,,0.0,0.0,1077.0,0.0,22617.0,2022-07-18,47.0,NO
0006422,"OXIMETAZOLINA SOLUCIÓN NASAL 0,05% ",MEDICAMENTOS,,,C,Alta,XGBoost,1.14,1.0,0.23,0.28,0.54,2.0,,0.0,0.0,2065.0,0.0,4130.0,2022-07-10,39.0,NO
100317,"LACTULOSA SOLUCIÓN ORAL 66,7%/15ML",MEDICAMENTOS,,,B,Baja,XGBoost,180.56,1.0,0.23,4.59,46.15,43.0,,0.0,0.0,1059.0,0.0,45537.0,2022-06-01,0.0,SI
103662,PALIVIZUMAB POLVO LIOFILIZADO 50 MG,MEDICAMENTOS,COBO MEDICAL,EVEDISA,C,Alta,XGBoost,1.92,0.7,0.16,0.2,0.52,2.0,,0.0,0.0,1405270.0,0.0,2810540.0,2022-06-24,23.0,NO
105719,CLARITROMICINA 250MG/5ML GRANULOS PARA RECONSTITUIR A SUSPENSION ORAL,MEDICAMENTOS,,,C,Alta,Regresión Lineal,0.2,1.0,0.23,0.08,0.12,1.0,,0.0,0.0,63667.0,0.0,63667.0,2022-10-15,136.0,NO
110028,"EPOPROSTENOL POLVO LIOFILIZADO 1,5MG",MEDICAMENTOS,,,C,Alta,Media móvil,0.0,1.0,0.23,0.0,0.0,,,,,,,,,,NO
118494,DEXAMETASONA SOLUCIÓN OFTÁLMICA 5ML,MEDICAMENTOS,,,C,Media,XGBoost,1.28,1.0,0.23,0.24,0.54,3.0,,0.0,0.0,14795.0,0.0,44385.0,2022-07-29,59.0,NO
119580,N-ACETILCISTEINA GRANULOS PARA SUSPENCIÓN ORAL 200MG,MEDICAMENTOS,,,C,Alta,Media móvil,0.0,1.0,0.23,0.0,0.0,2.0,,2.0,0.0,209.0,0.0,418.0,,,NO
120804,CARBOXIMETILCELULOSA 0.5 % SOL. OFTALMICA ,MEDICAMENTOS,,,C,Alta,XGBoost,0.32,1.0,0.23,0.2,0.27,1.0,,0.0,0.0,4706.0,0.0,4706.0,2022-08-10,70.0,NO
120898,"FRESUBIN HP ENERGY SOLUCIÓN ORAL 1,5KCAL/1ML (1500KCAL/1000ML) ALIMENTO LÍQUIDO ",NUTRICION,FRESENIUS,CURZ VERDE,C,Media,Media móvil,131.36,0.6,0.13,4.03,21.31,7.0,,0.0,0.0,30994.0,0.0,216958.0,2022-06-01,0.0,SI
120900,"(FRESUBIN HP ENERGY SOLUCIÓN ORAL 1,5KCAL/1ML (750KCAL/500ML)) ALIMENTO LÍQUIDO ",NUTRICION,FRESENIUS,CURZ VERDE,C,Media,Regresión Lineal,168.64,0.6,0.13,30.67,52.85,24.0,,0.0,0.0,19504.0,0.0,468096.0,2022-06-01,0.0,SI
125690,FINASTERIDE 5MG TABLETA ,MEDICAMENTOS,,,C,Alta,XGBoost,0.29,1.0,0.23,0.1,0.16,26.0,,0.0,0.0,8127.0,0.0,211302.0,2029-11-02,2712.0,NO
129788,POSACONAZOL 100MG TABLETA,MEDICAMENTOS,SOLINSA,CRUZ VERDE,C,Alta,XGBoost,0.13,1.7,0.39,0.2,0.25,38.0,,0.0,0.0,63469.0,0.0,2411822.0,2046-01-04,8619.0,NO
131059,HIDROXICLOROQUINA SULFATO TABLETA 200MG,MEDICAMENTOS,,,C,Alta,XGBoost,90.14,1.0,0.23,13.3,34.04,35.0,,1.0,0.0,500.0,0.0,17500.0,2022-06-01,0.0,NO
131589,"TIOTROPIO BROMURO SUSPENSIÓN PARA INHALACIÓN 2,5MCG/1PUFF/60PUFF",MEDICAMENTOS,EVEDISA,CRUZ VERDE,C,Alta,XGBoost,1.32,0.7,0.16,0.32,0.54,2.0,,0.0,0.0,199306.0,0.0,398612.0,2022-07-04,34.0,NO
134746,LEVETIRACETAM SOL. INYECTABLE 500MG/5ML,MEDICAMENTOS,COBO MEDICAL,CRUZ VERDE,B,Media,Regresión Lineal,165.52,0.7,0.16,39.26,66.47,95.0,,0.0,0.0,22129.0,0.0,2102255.0,2022-06-06,5.0,NO
136905,CICLOSERINA 250MG TABLETA ,MEDICAMENTOS,,,C,Alta,XGBoost,6.22,1.0,0.23,1.08,2.52,17.0,,,0.0,0.0,0.0,0.0,2022-08-10,71.0,NO
145329,DEXMEDETOMIDINA 200MCG/2ML SOL. INYECTABLE,MEDICAMENTOS,JC,DAGO,B,Baja,XGBoost,383.96,0.6,0.13,10.0,60.49,136.0,,0.0,0.0,4550.0,0.0,618800.0,2022-06-06,6.0,NO
145537,CISATRACURIO 10MG/5ML SOL. INYECTABLE,MEDICAMENTOS,,,C,Alta,XGBoost,52.55,1.0,0.23,9.16,21.25,0.0,,,21.25,0.0,0.0,0.0,2022-06-01,0.0,SI
145933,LEVOTIROXINA SODICA TABLETA 25MCG,MEDICAMENTOS,SOLINSA,COMFANDI,B,Baja,Media móvil,59.04,1.7,0.39,1.0,24.3,37.0,,13.0,0.0,43.0,0.0,1591.0,2022-06-07,7.0,NO
151766,CLOBAZAM TABLETA 10 MG ,CONTROLADOS,,,C,Alta,XGBoost,29.7,1.0,0.23,15.39,22.22,149.0,,0.0,0.0,2004.0,0.0,298596.0,2022-10-08,130.0,NO
152912,PARACETAMOL SOLUCIÓN INYECTABLE 1G/100ML,MEDICAMENTOS,FRESENIUS,CRUZ VERDE,C,Media,XGBoost,24.46,0.6,0.13,2.14,5.36,21.0,,0.0,0.0,10449.0,0.0,219429.0,2022-06-20,19.0,NO
153257,ANFOTERICINA B LIPOSOMAL 50MG POLVO LIOFILIZADO 50MG,MEDICAMENTOS,JC,SOLINSA,C,Media,Media móvil,49.45,0.6,0.13,3.19,9.69,42.0,,0.0,0.0,526667.0,0.0,22120014.0,2022-06-20,20.0,NO
157471,OCTEOTRIDE ACETATO SOLUCIÓN INYECTABLE 20MG,MEDICAMENTOS,,,C,Alta,XGBoost,12.18,1.0,0.23,4.41,7.21,27.0,,0.0,0.0,8154.0,0.0,220158.0,2022-07-20,49.0,NO
160729,LEVETIRACETAM 1000MG TABLETA,MEDICAMENTOS,,,C,Alta,XGBoost,5.73,1.0,0.23,2.23,3.55,,,,,,,,,,NO
162236,INSULINA DEGLUDEC SOL. INYECTABLE 100UI/ML x 3 ML,MEDICAMENTOS,SOLINSA,CRUZ VERDE,C,Media,XGBoost,2.91,1.7,0.39,0.15,1.29,1.0,,0.0,0.0,52861.0,0.0,52861.0,2022-06-01,0.0,SI
162378,ACETAMINOFEN/HIDROCODONA TABLETA 325MG/5MG,MEDICAMENTOS,SOLINSA,EVEDISA,C,Alta,Media móvil,0.0,1.7,0.39,0.0,0.0,0.0,,,0.0,0.0,0.0,0.0,2022-06-01,0.0,SI
162558,LEVOFLOXACINA SOLUCIÓN INYECTABLE 500MG/100ML,MEDICAMENTOS,JC,SOLINSA,C,Alta,Media móvil,14.58,0.6,0.13,1.04,2.96,14.0,,0.0,0.0,14742.0,0.0,206388.0,2022-06-24,23.0,NO
162958,INDACATEROL/GLICOPIRRONIO POLVO PARA INHALACIÓN EN CÁPSULA 110MCG/50MCG,MEDICAMENTOS,JC,DAGO,C,Alta,Regresión Lineal,19.31,0.6,0.13,5.69,8.23,26.0,,0.0,0.0,1405.0,0.0,36530.0,2022-06-29,28.0,NO
164333,FOSFOMICINA DISODICA 4G POLVO LIOFILIZADO ,MEDICAMENTOS,GPC PHARMA,SOLINSA,C,Alta,XGBoost,5.99,0.3,0.07,0.17,0.56,21.0,,0.0,0.0,269619.0,0.0,5661999.0,2022-09-12,104.0,NO
171762,"NEPRO BP SOLUCIÓN ORAL 1,8KCAL/1ML (426,6KCAL/237ML)) ALIMENTO PARA PROPÓSITOS",NUTRICION,COBO MEDICAL,ALLERS,C,Media,XGBoost,14.52,0.7,0.16,3.45,5.84,48.0,,0.0,0.0,12544.0,0.0,602112.0,2022-08-28,88.0,NO
19973360,DOBUTAMINA 250MG/20ML SOL. INYECTABLE,MEDICAMENTOS,,,C,Baja,Media móvil,36.81,1.0,0.23,1.87,10.35,21.0,,0.0,0.0,2365.0,0.0,49665.0,2022-06-09,9.0,NO
200061,SENSOR NEONATAL ADHESIVO M-LNCS PARA EQUIPOS  MARCA MASIMO,DISPOSITIVOS MEDICO,,,C,Alta,Regresión Lineal,2.39,1.0,0.23,0.93,1.48,0.0,,,1.48,0.0,0.0,0.0,2022-06-01,0.0,SI
200072,SENSOR SPO2 NEONATAL EM0602,DISPOSITIVOS MEDICO,,,C,Alta,XGBoost,0.13,1.0,0.23,0.02,0.05,,,,,,,,,,NO
2001990802,SACCHAROMYCES BOULARDII POLVO PARA SUSPENSIÓN ORAL 250MG,MEDICAMENTOS,,,C,Alta,Media móvil,0.0,1.0,0.23,0.0,0.0,20.0,,0.0,0.0,3820.0,0.0,76400.0,,,NO
20039341,TICAGRELOR TABLETA 90MG,MEDICAMENTOS,,,C,Alta,Regresión Lineal,0.93,1.0,0.23,0.36,0.58,23.0,,0.0,0.0,3722.0,0.0,85606.0,2024-06-03,734.0,NO
6421,"OXIMETAZOLINA SOLUCIÓN NASAL 0, 025% ",MEDICAMENTOS,,,C,Alta,Regresión Lineal,0.27,1.0,0.23,0.11,0.17,3.0,,0.0,0.0,2754.0,0.0,8262.0,2023-04-12,315.0,NO
700010,NIFEDIPINO CÁPSULA 10MG,MEDICAMENTOS,,,B,Media,XGBoost,156.52,1.0,0.23,15.91,51.93,106.0,,3.0,0.0,171.0,0.0,18126.0,2022-06-11,11.0,NO
700021,ALFAMETILDOPA TABLETA 250MG,MEDICAMENTOS,SOLINSA,EVEDISA,C,Media,Media móvil,14.19,1.7,0.39,2.2,7.79,31.0,,3.0,0.0,166.0,0.0,5146.0,2022-07-20,50.0,NO
700067,TRIMETOPRIM/SULFAMETOXAZOL TABLETA 160MG/800MG,MEDICAMENTOS,SOLINSA,EVEDISA,C,Baja,XGBoost,65.34,1.7,0.39,1.33,27.1,43.0,,10.0,0.0,56.5,0.0,2429.5,2022-06-08,7.0,NO
700131,CLOTRIMAZOL 100MG TABLETA VAGINAL,MEDICAMENTOS,SOLINSA,EVEDISA,C,Alta,XGBoost,1.77,1.7,0.39,0.08,0.78,11.0,,5.0,0.0,103.0,0.0,1133.0,2022-11-23,175.0,NO
700142,WARFARINA SODICA TABLETA 5MG,MEDICAMENTOS,,,C,Baja,XGBoost,58.5,1.0,0.23,12.01,25.48,39.0,,27.0,0.0,21.33,0.0,832.0,2022-06-08,7.0,NO
700145,DIOSMINA TABLETA 500MG,MEDICAMENTOS,SOLINSA,EVEDISA,C,Alta,XGBoost,6.92,1.7,0.39,1.58,4.3,10.0,,1.0,0.0,382.0,0.0,3820.0,2022-06-26,25.0,NO
700203,MUPIROCINA UNGÜENTO TÓPICO 2%/15G,MEDICAMENTOS,,,C,Alta,Regresión Lineal,0.34,1.0,0.23,0.06,0.14,1.0,,0.0,0.0,68963.0,0.0,68963.0,2022-08-16,76.0,NO
700245,SULFADIAZINA DE PLATA CREMA TOPICA 1% ,MEDICAMENTOS,JC,DAGO,C,Alta,Regresión Lineal,0.2,0.6,0.13,0.06,0.08,0.0,,,0.08,0.0,0.0,0.0,2022-06-01,0.0,SI
700290,"BETAMETILDIGOXINA 0,6MG/ML/45 GOTAS SOLUCIÓN ORAL ",MEDICAMENTOS,SOLINSA,EVEDISA,C,Alta,XGBoost,1.29,1.7,0.39,0.08,0.59,6.0,,0.0,0.0,16751.0,0.0,100506.0,2022-10-06,128.0,NO
700302,GLUTAPAK 10 ENTEREX ALIMENTO 15g,NUTRICION,AMAREY,CRUZ VERDE,C,Alta,XGBoost,1.28,0.3,0.07,0.12,0.21,33.0,,0.0,0.0,17711.0,0.0,584463.0,2024-07-17,778.0,NO
700307,PREPARADO MAGISTRAL DE OMEPRAZOL ENTERAL 20 MG/10 ML,MEDICAMENTOS,SAN JORGE,,C,Media,Regresión Lineal,91.57,0.7,0.16,16.09,31.15,31.0,,0.0,0.0,888.0,0.0,27528.0,2022-06-01,0.0,SI
700308,PREPARADO MAGISTRAL DE NIFEDIPINO ENTERAL 30 MG/ 10 ML,MEDICAMENTOS,SAN JORGE,,C,Alta,XGBoost,6.22,0.7,0.16,0.92,1.94,,,,,,,,,,NO
700310,TROPICAMIDA 1% 15ML SOLUCION OFTALMICA,MEDICAMENTOS,SOLINSA,EVEDISA,C,Alta,Regresión Lineal,0.2,1.7,0.39,0.1,0.18,,,,,,,,,,NO
700319,circuito neonatal REFERENCIA MP02650,DISPOSITIVOS MEDICO,,,C,Media,Media móvil,3.48,1.0,0.23,0.3,1.1,3.0,,0.0,0.0,198981.0,0.0,596943.0,2022-06-17,17.0,NO
700320,LEVETIRACETAM 100 MG/ML SOLUCION ORAL x 300 ML,MEDICAMENTOS,COBO MEDICAL,CRUZ VERDE,C,Alta,Regresión Lineal,1.81,0.7,0.16,0.44,0.74,2.0,,0.0,0.0,92800.0,0.0,185600.0,2022-06-22,21.0,NO
700326,IPRATROPIO BROMURO SOL. PARA INHALACIÓN 250MCG/1ML x 20ML,MEDICAMENTOS,CRUZ VERDE,SOLINSA,C,Media,Media móvil,1.08,1.4,0.33,0.2,0.56,1.0,,0.0,0.0,37749.0,0.0,37749.0,2022-06-13,12.0,NO
700401,SUCRALFATO SUSPENSIÓN ORAL 20%/200ML,MEDICAMENTOS,SOLINSA,EVEDISA,C,Alta,XGBoost,1.28,1.7,0.39,0.15,0.65,2.0,,0.0,0.0,37689.0,0.0,75378.0,2022-07-03,32.0,NO
700410,EQUIPO PERFUSOR 50CC,DISPOSITIVOS MEDICO,,,C,Alta,XGBoost,1.56,1.0,0.23,0.05,0.41,5.0,,0.0,0.0,24987.0,0.0,124935.0,2022-08-29,90.0,NO
700422,FENOBARBITAL SOLUCIÓN ORAL 4MG/1ML ,CONTROLADOS,SECRETARIA DE SALUD,WORLD MEDICAL,C,Media,XGBoost,0.75,1.1,0.26,0.03,0.23,10.0,,0.0,0.0,36883.0,0.0,368830.0,2023-06-30,395.0,NO
700441,POTASIO GLUCONATO ELIXIR 20MEQ/15ML ,MEDICAMENTOS,SOLINSA,CRUZ VERDE,C,Baja,Regresión Lineal,29.96,1.7,0.39,6.89,18.71,7.0,,0.0,0.0,7518.0,0.0,52626.0,2022-06-01,0.0,SI
700525,PROPOFOL EMULSIÓN INYECTABLE 1%/20ML,MEDICAMENTOS,FRESENIUS,CURZ VERDE,C,Alta,XGBoost,1.73,0.6,0.13,0.09,0.32,7.0,,0.0,0.0,5100.0,0.0,35700.0,2022-09-26,117.0,NO
700543,MIDAZOLAM 5MG/5ML SOL. INYECTABLE,CONTROLADOS,AMAREY,CRUZ VERDE,A,Baja,XGBoost,9179.62,0.4,0.1,71.79,977.22,2137.0,,0.0,0.0,5135.0,0.0,10973495.0,2022-06-04,4.0,NO
700544,SOMATOSTATINA POLVO LIOFILIZADO 3MG,MEDICAMENTOS,JC,DELTA,C,Alta,XGBoost,37.27,0.6,0.13,2.62,7.53,18.0,,0.0,0.0,56258.0,0.0,1012644.0,2022-06-09,9.0,NO
700550,ROCURONIO BROMURO SOLUCIÓN INYECTABLE 50MG/5ML,MEDICAMENTOS,COBO MEDICAL,CRUZ VERDE,C,Alta,Media móvil,16.49,0.7,0.16,1.51,4.22,69.0,,0.0,0.0,8333.0,0.0,574977.0,2022-09-28,120.0,NO
700554,ASCORBICO ACIDO 500MG/5ML SOL. INYECTABLE (VITAMINA C),MEDICAMENTOS,JC,DAGO,B,Media,XGBoost,272.7,0.6,0.13,18.29,54.15,118.0,,0.0,0.0,2781.5,0.0,328217.0,2022-06-08,7.0,NO
700567,ALIZAPRIDA SOL. INYECTABLE 50MG,MEDICAMENTOS,,,C,Alta,Media móvil,0.0,1.0,0.23,0.0,0.0,3.0,,0.0,0.0,3627.0,0.0,10881.0,,,NO
700572,"METILERGOMETRINA SOL. INYECTABLE 0,2MG ",CONTROLADOS,COBO MEDICAL,SOLINSA,C,Alta,XGBoost,0.4,1.1,0.26,0.06,0.16,48.0,,0.0,0.0,4295.0,0.0,206160.0,2032-04-19,3610.0,NO
700575,"ENOXAPARINA 20MG/0,2ML SOL. INYECTABLE ",MEDICAMENTOS,JC,CRUZ VERDE,B,Baja,XGBoost,122.77,0.6,0.13,3.75,19.9,66.0,,0.0,0.0,11730.0,0.0,774180.0,2022-06-12,11.0,NO
700577,"ENOXAPARINA 60MG/0,6ML SOL. INYECTABLE ",MEDICAMENTOS,,,B,Baja,XGBoost,382.04,1.0,0.23,7.14,95.07,89.0,,0.0,0.0,17991.0,0.0,1601199.0,2022-06-01,0.0,SI
700578,"ENOXAPARINA 80MG/0,8ML SOL. INYECTABLE ",MEDICAMENTOS,JC,CRUZ VERDE,B,Baja,XGBoost,162.14,0.6,0.13,4.53,25.85,50.0,,0.0,0.0,21992.0,0.0,1099600.0,2022-06-05,5.0,NO
700587,MEPERIDINA 100MG/2ML SOL. INYECTABLE,CONTROLADOS,SECRETARIA DE SALUD,WORLD MEDICAL,C,Baja,XGBoost,48.3,1.1,0.26,7.83,20.54,463.0,,0.0,0.0,2726.0,0.0,1262138.0,2023-03-06,279.0,NO
700605,INMUNOGLOBULINA HUMANA NORMAL  6 GR/200ML SOL. INYECTABLE,MEDICAMENTOS,,,C,Alta,XGBoost,7.69,1.0,0.23,2.08,3.85,0.0,,,3.85,0.0,0.0,0.0,2022-06-01,0.0,SI
700628,CLARITROMICINA 500MG POLVO LIOFILIZADO ,MEDICAMENTOS,JC,CRUZ VERDE,B,Media,XGBoost,212.91,0.6,0.13,10.55,38.55,58.0,,0.0,0.0,17072.67,0.0,990214.67,2022-06-03,3.0,NO
700629,FOSFOLIPIDOS NATURALES 200MG/8ML SUSPENSION INYECTABLE (SURFACTANTE PULMONAR),MEDICAMENTOS,CRUZ VERDE,SOLINSA,C,Baja,Regresión Lineal,4.7,1.4,0.33,0.53,2.08,3.0,,0.0,0.0,1206829.0,0.0,3620487.0,2022-06-06,6.0,NO
700630,ALPROSTADIL SOLUCIÓN INYECTABLE 500MCG/1ML,MEDICAMENTOS,,,C,Alta,Regresión Lineal,0.34,1.0,0.23,0.06,0.14,5.0,,0.0,0.0,194680.0,0.0,973400.0,2023-08-06,431.0,NO
700631,"OCTREOTIDE SOLUCIÓN INYECTABLE 0,1MG/1ML",MEDICAMENTOS,JC,SOLINSA,C,Alta,XGBoost,14.96,0.6,0.13,3.97,5.93,,,,,,,,,,NO
700634,MEROPENEM POLVO LIOFILIZADO 1000 MG,MEDICAMENTOS,,,A,Baja,XGBoost,1615.82,1.0,0.23,10.77,382.65,136.0,,0.0,0.0,22663.67,0.0,3082258.67,2022-06-01,0.0,SI
700639,ANFOTERICINA B 50MG POLVO LIOFILIZADO ,MEDICAMENTOS,,,C,Media,Regresión Lineal,41.85,1.0,0.23,12.15,21.78,22.0,,0.0,0.0,27335.0,0.0,601370.0,2022-06-01,0.0,NO
700640,TRIMETOPRIM/SULFAMETOXAZOL  80MG/400MG/5ML SOL. INYECTABLE,MEDICAMENTOS,COBO MEDICAL,AMAREY,A,Baja,Media móvil,810.62,0.7,0.16,23.07,156.32,186.0,,0.0,0.0,9215.0,0.0,1713990.0,2022-06-02,1.0,NO
700644,ADENOSINA 6MG/2ML SOL. INYECTABLE ,MEDICAMENTOS,,,C,Alta,XGBoost,0.35,1.0,0.23,0.05,0.13,2.0,,0.0,0.0,17180.0,0.0,34360.0,2022-11-10,163.0,NO
700645,CEFEPIME 1G POLVO LIOFILIZADO,MEDICAMENTOS,,,A,Baja,Media móvil,942.69,1.0,0.23,12.78,229.74,209.0,,0.0,0.0,1555.5,0.0,325099.5,2022-06-01,0.0,SI
700646,MILRINONA SOL. INYECTABLE 10MG/10ML,MEDICAMENTOS,SANOFI,SOLINSA,C,Baja,Media móvil,53.19,1.1,0.26,3.91,17.9,36.0,,0.0,0.0,79478.0,0.0,2861208.0,2022-06-11,10.0,NO
700651,KETOPROFENO SOLUCIÓN INYECTABLE 100MG/2ML,MEDICAMENTOS,,,C,Alta,Media móvil,0.0,1.0,0.23,0.0,0.0,,,,,,,,,,NO
700694,LIDOCAINA CLORHIDRATO 2% JALEA 30G,MEDICAMENTOS,JC,DAGO,B,Baja,XGBoost,135.15,0.6,0.13,6.14,23.92,64.0,,0.0,0.0,5575.0,0.0,356800.0,2022-06-10,9.0,NO
700741,SACUBITRIL/ VALSARTAN 50 MG TABLETA,MEDICAMENTOS,CRUZ VERDE,EVEDISA,C,Media,Media móvil,27.23,1.4,0.33,0.97,9.93,18.0,,0.0,0.0,3702.0,0.0,66636.0,2022-06-10,9.0,NO
700749,"BUDESONIDA SUSPENSIÓN PARA INHALACIÓN 0,5MG/1ML (1MG/2ML)",MEDICAMENTOS,COBO MEDICAL,CRUZ VERDE,C,Alta,XGBoost,2.27,0.7,0.16,0.04,0.41,0.0,,,0.41,0.0,0.0,0.0,2022-06-01,0.0,SI
700757,SALBUTAMOL 5 MG SOL. PARA NEBULIZACIÓN X 10 ML,MEDICAMENTOS,COBO MEDICAL,CRUZ VERDE,C,Alta,Regresión Lineal,1.69,0.7,0.16,0.56,0.83,0.0,,,0.83,0.0,0.0,0.0,2022-06-01,0.0,SI
700762,LIDOCAINA CLORHIDRATO SOLUCIÓN TÓPICA 10%/80G,MEDICAMENTOS,JC,DAGO,C,Alta,Regresión Lineal,0.2,0.6,0.13,0.06,0.08,3.0,,0.0,0.0,39660.0,0.0,118980.0,2023-08-26,451.0,NO
700779,FENOBARBITAL TABLETA 100MG ,CONTROLADOS,,,C,Alta,Media móvil,0.0,1.0,0.23,0.0,0.0,34.0,,3.0,0.0,164.0,0.0,5576.0,,,NO
700786,GASA VASELINADA,DISPOSITIVOS MEDICO,,,C,Alta,Regresión Lineal,0.34,1.0,0.23,0.06,0.14,3.0,,2.0,0.0,257.0,0.0,771.0,2023-02-09,254.0,NO
700791,DEGARELIX 80 MG POLVO PARA RECONSTITUCION,MEDICAMENTOS,JC,SOLINSA,C,Alta,XGBoost,0.59,0.9,0.2,0.21,0.33,,,,,,,,,,NO
700800,HALOPERIDOL 5MG TABLETA  ,MEDICAMENTOS,SOLINSA,EVEDISA,C,Alta,Regresión Lineal,46.15,1.7,0.39,32.74,50.95,36.0,,11.0,11.0,53.0,583.0,1908.0,2022-06-01,0.0,SI
700809,"PIPERACILINA/TAZOBACTAM POLVO LIOFILIZADO 4,5G",MEDICAMENTOS,,,A,Baja,Media móvil,3064.49,1.0,0.23,34.76,740.05,572.0,,0.0,0.0,11289.0,0.0,6457308.0,2022-06-01,0.0,SI
700813,FOSFOLIPIDOS NATURALES 100MG/4ML SUSPENSION INYECTABLE (SURFACTANTE PULMONAR),MEDICAMENTOS,CRUZ VERDE,SOLINSA,C,Baja,Media móvil,2.8,1.4,0.33,0.09,1.01,4.0,,0.0,0.0,869249.0,0.0,3476996.0,2022-07-03,32.0,NO
700815,"FOSFOLIPIDOS NATURALES 120MG/1,5ML SUSPENSION INYECTABLE SURFACTANTE PULMONAR)",MEDICAMENTOS,AMAREY,CRUZ VERDE,C,Alta,XGBoost,2.05,0.3,0.07,0.11,0.24,0.0,,,0.24,0.0,0.0,0.0,2022-06-01,0.0,SI
700817,"BUPIVACAINA 0,5% x 10ML SOL. INYECTABLE",MEDICAMENTOS,JC,DAGO,C,Alta,Regresión Lineal,0.0,0.6,0.13,0.0,0.0,0.0,,,0.0,0.0,0.0,0.0,2022-06-01,0.0,SI
700820,DALTEPARINA SODICA 2.500 UI (ANTIFACTOR XA)  SOL. INYECTABLE,MEDICAMENTOS,COBO MEDICAL,SOLINSA,B,Media,XGBoost,76.1,0.7,0.16,2.44,14.96,31.0,,0.0,0.0,6484.0,0.0,201004.0,2022-06-07,6.0,NO
700821,DALTEPARINA SODICA 5.000 UI (ANTIFACTOR XA) SOL. INYECTABLE,MEDICAMENTOS,COBO MEDICAL,SOLINSA,C,Media,Regresión Lineal,38.47,0.7,0.16,4.77,11.1,27.0,,0.0,0.0,9565.0,0.0,258255.0,2022-06-13,13.0,NO
700850,TRANEXAMICO ACIDO 500MG  SOL. INYECTABLE,MEDICAMENTOS,,,B,Baja,Media móvil,105.81,1.0,0.23,2.55,26.91,63.0,,0.0,0.0,1185.67,0.0,74697.0,2022-06-11,10.0,NO
700851,AGUA ESTERIL PARA INYECCION 5ML,MEDICAMENTOS,JC,DAGO,A,Baja,Regresión Lineal,3009.88,0.6,0.13,396.65,792.5,0.0,,,792.5,0.0,0.0,0.0,2022-06-01,0.0,SI
700860,EPINEFRINA 1MG/ML SOL. INYECTABLE ,MEDICAMENTOS,FRESENIUS,CRUZ VERDE,C,Baja,XGBoost,81.56,0.6,0.13,3.64,14.37,70.0,,1.0,0.0,333.0,0.0,23310.0,2022-06-21,21.0,NO
700873,URSODEOXICOLICO ACIDO TABLETA 600MG,MEDICAMENTOS,SOLINSA,EVEDISA,C,Alta,XGBoost,2.93,1.7,0.39,0.61,1.77,24.0,,0.0,0.0,2398.0,0.0,57552.0,2023-01-17,231.0,NO
700883,"FENTANYL 0,5MG/10ML SOL. INYECTABLE",CONTROLADOS,FRESENIUS,CRUZ VERDE,A,Baja,XGBoost,1324.08,1.1,0.26,22.44,370.71,1168.0,,0.0,0.0,1387.0,0.0,1620016.0,2022-06-19,18.0,NO
700887,"BETAMETILDIGOXINA 0,2MG/2ML SOL. INYECTABLE",MEDICAMENTOS,JC,DAGO,C,Baja,XGBoost,35.67,0.6,0.13,0.96,5.65,20.0,,0.0,0.0,1413.5,0.0,28270.0,2022-06-13,12.0,NO
700893,FENITOINA 250MG/5ML SOL. INYECTABLE ,MEDICAMENTOS,JC,DAGO,B,Baja,XGBoost,176.35,0.6,0.13,8.39,31.58,59.0,,0.0,0.0,701.0,0.0,41359.0,2022-06-05,5.0,NO
700895,"AMPICILINA/SULBACTAM 1,5G POLVO LIOFILIZADO ",MEDICAMENTOS,COBO MEDICAL,CRUZ VERDE,A,Baja,Media móvil,3188.14,0.7,0.16,34.43,558.54,278.0,,0.0,0.0,3884.33,0.0,1079844.67,2022-06-01,0.0,SI
700901,COMPLEJO B SOLUCIÓN INYECTABLE 10ML,MEDICAMENTOS,,,C,Alta,Regresión Lineal,0.0,1.0,0.23,0.0,0.0,1.0,,0.0,0.0,2303.0,0.0,2303.0,,,NO
700907,"FITOMENADIONA 2MG/0,2ML SOL. INYECTABLE (VITAMINA K)",MEDICAMENTOS,,,C,Media,Regresión Lineal,5.43,1.0,0.23,1.73,2.98,5.0,,0.0,0.0,9414.0,0.0,47070.0,2022-06-12,11.0,NO
700917,CLEMASTINA SOLUCIÓN INYECTABLE 2MG,MEDICAMENTOS,JC,SOLINSA,C,Alta,Regresión Lineal,0.0,0.6,0.13,0.0,0.0,3.0,,0.0,0.0,14148.0,0.0,42444.0,,,NO
700944,METILPREDNISOLONA SUCCINATO 40MG/ML SOL. INYECTABLE,MEDICAMENTOS,SOLINSA,CRUZ VERDE,C,Alta,XGBoost,0.8,1.7,0.39,0.2,0.52,12.0,,0.0,0.0,4448.0,0.0,53376.0,2023-08-13,439.0,NO
700948,MEDROXIPROGESTERONA ACETATO SUSPENSIÓN INYECTABLE 50MG/ML (150MG/3ML),MEDICAMENTOS,COBO MEDICAL,SOLINSA,C,Media,Regresión Lineal,36.23,0.7,0.16,16.41,22.36,0.0,,,22.36,0.0,0.0,0.0,2022-06-01,0.0,SI
700949,METILPREDNISOLONA ACETATO 40MG/ML SUSPENSION INYECTABLE,MEDICAMENTOS,COBO MEDICAL,SOLINSA,C,Alta,Regresión Lineal,0.0,0.7,0.16,0.0,0.0,5.0,,0.0,0.0,8904.5,0.0,44522.5,,,NO
700964,"ENSURE PLUS HN SOLUCIÓN ORAL 1,5KCAL/1ML (355,5KCAL/237ML) ALIMENTO DE USO ESPEC",NUTRICION,,,B,Media,XGBoost,68.22,1.0,0.23,6.21,21.91,16.0,,0.0,0.0,6918.0,0.0,110688.0,2022-06-01,0.0,SI
700966,JEVITY SOLUCIÓN ORAL 1KCAL/1ML (1500KCAL/1500ML)) ALIMENTO PARA PROPÓSITOS MÉD,NUTRICION,ABBOTT,COBO,C,Media,Regresión Lineal,31.65,0.7,0.16,4.12,9.32,10.0,,0.0,0.0,36939.0,0.0,369390.0,2022-06-01,1.0,NO
700967,"ENSURE PLUS HN SOLUCIÓN ORAL 1,5KCAL/1ML (1500KCAL/1000ML) ALIMENTO DE USO ESPEC",NUTRICION,ABBOTT,COBO,C,Alta,XGBoost,16.01,0.7,0.16,3.52,6.15,5.0,,0.0,0.0,24829.0,0.0,124145.0,2022-06-01,0.0,SI
700968,"ENSURE SOLUCIÓN ORAL 1,05KCAL/1ML (248,9KCAL/237ML) ALIMENTO LIQUIDO CON PROTEÍN",NUTRICION,ABBOTT,COBO,C,Media,Regresión Lineal,155.1,0.7,0.16,26.59,52.09,29.0,,0.0,0.0,6844.0,0.0,198476.0,2022-06-01,0.0,SI
700971,"(OSMOLITE HN PLUS SOLUCIÓN ORAL 1,2KCAL/1ML (1800KCAL/1500ML)) ALIMENTO PARA PR",NUTRICION,ABBOTT,COBO,C,Media,Media móvil,20.78,0.7,0.16,2.0,5.42,5.0,,0.0,0.0,41134.0,0.0,205670.0,2022-06-01,0.0,SI
700974,GLUCERNA SOLUCIÓN ORAL 1KCAL/1ML (1500KCAL/1500ML)) ALIMENTO LÍQUIDO PARA PROP,NUTRICION,ABBOTT,COBO,C,Media,XGBoost,23.77,0.7,0.16,2.8,6.71,14.0,,0.0,0.0,47523.0,0.0,665322.0,2022-06-10,9.0,NO
700975,(NUTREN SOLUCIÓN ORAL 1KCAL/1ML (250KCAL/250ML)) ALIMENTO LÍQUIDO PARA USOS NUT,NUTRICION,BAXTER,ALLERS,B,Media,Regresión Lineal,273.32,0.7,0.16,109.88,154.81,65.0,,0.0,0.0,8071.0,0.0,524615.0,2022-06-01,0.0,SI
700980,(PEPTAMEN PREBIO SOL. ORAL 1KCAL/1ML (250KCAL/250ML)) ALIMENTO LIQUIDO CON PROTE,NUTRICION,BAXTER,ALLERS,C,Alta,XGBoost,53.92,0.7,0.16,7.94,16.81,49.0,,0.0,0.0,31146.0,0.0,1526154.0,2022-06-19,18.0,NO
700997,SODIO BICARBONATO POLVO SOL. ORAL x 2.8 GRAMOS,MEDICAMENTOS,,,C,Alta,Regresión Lineal,0.34,1.0,0.23,0.06,0.14,1.0,,0.0,0.0,1619.0,0.0,1619.0,2022-08-16,76.0,NO
701003,BUDESONIDA 100 MCG/PUFF x 200 PUFF,MEDICAMENTOS,CRUZ VERDE,SOLINSA,C,Alta,XGBoost,0.19,1.4,0.33,0.09,0.16,,,,,,,,,,NO
701035,"BETAMETILDIGOXINA TABLETA 0,1MG",MEDICAMENTOS,,,C,Alta,XGBoost,8.4,1.0,0.23,1.28,3.21,19.0,,1.0,0.0,331.0,0.0,6289.0,2022-07-28,57.0,NO
701079,PREDNISONA TABLETA 50MG,MEDICAMENTOS,,,B,Baja,Regresión Lineal,182.97,1.0,0.23,45.41,87.52,162.0,,1.0,0.0,543.0,0.0,87966.0,2022-06-13,12.0,NO
701175,PROPAFENONA TABLETA 150MG,MEDICAMENTOS,,,C,Alta,Media móvil,10.96,1.0,0.23,2.02,4.54,14.0,,2.0,0.0,207.0,0.0,2898.0,2022-06-27,26.0,NO
701210,METIMAZOL TABLETA 5MG,MEDICAMENTOS,,,B,Media,Regresión Lineal,146.21,1.0,0.23,40.49,74.14,33.0,,14.0,14.0,40.0,560.0,1320.0,2022-06-01,0.0,SI
701277,BOLSA NUTRICION ENTERAL 1500 ML,DISPOSITIVOS MEDICO,,,C,Baja,Regresión Lineal,107.52,1.0,0.23,10.71,35.45,34.0,,0.0,0.0,25797.0,0.0,877098.0,2022-06-01,0.0,SI
701278,SET ENTERAL TAPA ROSCA Y PUNZON,DISPOSITIVOS MEDICO,,,C,Alta,Media móvil,18.68,1.0,0.23,1.57,5.87,5.0,,0.0,0.0,20984.0,0.0,104920.0,2022-06-01,0.0,SI
701279,EQUIPO CON PUNZON EN CRUZ AMIKA ,DISPOSITIVOS MEDICO,,,A,Baja,Media móvil,530.34,1.0,0.23,8.4,130.46,50.0,,0.0,0.0,19078.0,0.0,953900.0,2022-06-01,0.0,SI
701289,TRANEXAMICO ÁCIDO TABLETA 500MG,MEDICAMENTOS,JC,DAGO,C,Media,Media móvil,1.78,0.6,0.13,0.19,0.42,15.0,,0.0,0.0,2079.0,0.0,31185.0,2023-02-05,250.0,NO
701399,AGUA ESTERIL PARA INYECCION 500ML,MEDICAMENTOS,BAXTER,CRUZ VERDE,B,Baja,Media móvil,305.64,0.7,0.16,7.5,57.75,33.0,,0.0,0.0,1731.0,0.0,57123.0,2022-06-01,0.0,SI
701405,PROLENE 2 0 8423T (CT1)75CM,DISPOSITIVOS MEDICO,,,C,Alta,Regresión Lineal,0.2,1.0,0.23,0.08,0.12,,,,,,,,,,NO
701428,SEDA 2-0 185T (SC26)45CM ,DISPOSITIVOS MEDICO,,,C,Media,Regresión Lineal,13.39,1.0,0.23,5.72,8.8,31.0,,0.0,0.0,2850.33,0.0,88360.33,2022-07-21,50.0,NO
701429,SEDA 2-0 623H (KS)75CM  ,DISPOSITIVOS MEDICO,,,C,Media,Media móvil,49.94,1.0,0.23,3.45,14.94,0.0,,,14.94,0.0,0.0,0.0,2022-06-01,0.0,SI
701442,DEXTROSA 50% EN AGUA DESTILADA 500 ML,MEDICAMENTOS,FRESENIUS,BAXTER,C,Alta,XGBoost,0.87,0.6,0.13,0.02,0.13,0.0,,,0.13,0.0,0.0,0.0,2022-06-01,0.0,SI
701452,NITROGLICERINA SOLUCIÓN INYECTABLE 50MG/250ML,MEDICAMENTOS,JC,DAGO,C,Baja,XGBoost,33.71,0.6,0.13,1.59,6.02,22.0,,0.0,0.0,16982.0,0.0,373604.0,2022-06-15,14.0,NO
701479,"SODIO CLORURO ENEMA RECTAL 2,5G/1000ML",MEDICAMENTOS,,,C,Baja,XGBoost,24.98,1.0,0.23,0.66,6.41,12.0,,0.0,0.0,16344.0,0.0,196128.0,2022-06-07,7.0,NO
701694,DUODERM CGF 20 X 20 CM/8X8,MEDICAMENTOS,,,C,Media,Media móvil,7.75,1.0,0.23,0.89,2.67,5.0,,0.0,0.0,55714.0,0.0,278570.0,2022-06-10,9.0,NO
701715,DUODERM ET 10X10/4X4   ,DISPOSITIVOS MEDICO,,,C,Media,XGBoost,3.17,1.0,0.23,0.27,1.0,8.0,,0.0,0.0,12085.0,0.0,96680.0,2022-08-07,67.0,NO
701725,DUODERM GEL TBX30GR,MEDICAMENTOS,,,C,Media,Media móvil,2.57,1.0,0.23,0.21,0.8,1.0,,0.0,0.0,38721.0,0.0,38721.0,2022-06-03,2.0,NO
701727,DUODERM PASTA TBX30GR ,MEDICAMENTOS,,,C,Alta,Regresión Lineal,0.0,1.0,0.23,0.0,0.0,,,,,,,,,,NO
701829,SURGICEL 4X8 REF 1952 (10.2CMX20.3CM) ,DISPOSITIVOS MEDICO,,,C,Alta,Media móvil,0.0,1.0,0.23,0.0,0.0,0.0,,,0.0,0.0,0.0,0.0,2022-06-01,0.0,SI
701833,TEGADERM 10CMX12CM REF 1626W ,MEDICAMENTOS,,,C,Alta,XGBoost,3.85,1.0,0.23,0.69,1.58,0.0,,,1.58,0.0,0.0,0.0,2022-06-01,0.0,SI
701835,TEGADERM 6CMX7CM REF 1624W X100 ,DISPOSITIVOS MEDICO,,,C,Alta,XGBoost,7.57,1.0,0.23,1.14,2.88,0.0,,,2.88,0.0,0.0,0.0,2022-06-01,0.0,SI
701841,ALGODON LAMINADO 4X5,DISPOSITIVOS MEDICO,,,C,Alta,XGBoost,1.0,1.0,0.23,0.38,0.61,1.0,,1.0,0.0,482.0,0.0,482.0,2022-06-12,12.0,NO
701842,ALGODON LAMINADO 5X5,DISPOSITIVOS MEDICO,,,C,Alta,Regresión Lineal,0.69,1.0,0.23,0.12,0.28,12.0,,0.0,0.0,1010.0,0.0,12120.0,2023-10-28,515.0,NO
701843,ALGODON LAMINADO 6X5,DISPOSITIVOS MEDICO,,,C,Media,XGBoost,10.57,1.0,0.23,1.35,3.79,4.0,,0.0,0.0,892.0,0.0,3568.0,2022-06-01,1.0,NO
701847,BACTIGRAS 10X10 ,DISPOSITIVOS MEDICO,,,C,Media,XGBoost,24.71,1.0,0.23,2.12,7.81,8.0,,0.0,0.0,5945.0,0.0,47560.0,2022-06-01,0.0,NO
701848,BACTIGRAS 15X20 ,DISPOSITIVOS MEDICO,,,C,Baja,Media móvil,63.49,1.0,0.23,1.43,16.04,9.0,,0.0,0.0,9824.0,0.0,88416.0,2022-06-01,0.0,SI
701849,BACTIGRAS 5X5 ,DISPOSITIVOS MEDICO,,,C,Alta,XGBoost,2.24,1.0,0.23,1.17,1.69,0.0,,,1.69,0.0,0.0,0.0,2022-06-01,0.0,SI
701853,VENDA SEMIELASTICA 3X4.1,DISPOSITIVOS MEDICO,,,C,Alta,Media móvil,12.79,1.0,0.23,2.35,5.3,0.0,,,5.3,0.0,0.0,0.0,2022-06-01,0.0,SI
701854,VENDA SEMIELASTICA 4X4.1    ,DISPOSITIVOS MEDICO,,,C,Media,Regresión Lineal,15.41,1.0,0.23,2.74,6.29,0.0,,,6.29,0.0,0.0,0.0,2022-06-01,0.0,SI
701855,VENDA SEMIELASTICA 6X4.1  ,DISPOSITIVOS MEDICO,,,B,Baja,XGBoost,49.9,1.0,0.23,11.21,22.7,0.0,,,22.7,0.0,0.0,0.0,2022-06-01,0.0,SI
701863,VENDA ELASTICA 4X5  ,DISPOSITIVOS MEDICO,,,C,Media,XGBoost,2.04,1.0,0.23,0.07,0.54,19.0,,0.0,0.0,2290.0,0.0,43510.0,2023-03-03,275.0,NO
701864,VENDA ELASTICA 5X5 ,DISPOSITIVOS MEDICO,,,C,Media,XGBoost,7.91,1.0,0.23,1.85,3.67,20.0,,0.0,0.0,1470.0,0.0,29400.0,2022-08-02,63.0,NO
701865,VENDA ELASTICA 6X5,DISPOSITIVOS MEDICO,,,B,Baja,XGBoost,84.08,1.0,0.23,5.79,25.14,19.0,,0.0,0.0,2845.0,0.0,54055.0,2022-06-01,0.0,SI
701866,VENDA ELASTICA 3X5 ,DISPOSITIVOS MEDICO,,,C,Alta,Media móvil,0.0,1.0,0.23,0.0,0.0,0.0,,,0.0,0.0,0.0,0.0,2022-06-01,0.0,SI
701930,PRESTOBARBA    ,DISPOSITIVOS MEDICO,,,C,Baja,XGBoost,52.14,1.0,0.23,0.9,12.9,29.0,,0.0,0.0,2941.0,0.0,85289.0,2022-06-10,9.0,NO
701942,BATA T/XL (BATA PACIENTE),DISPOSITIVOS MEDICO,,,C,Media,XGBoost,22.14,1.0,0.23,3.72,8.81,0.0,,,8.81,0.0,0.0,0.0,2022-06-01,0.0,SI
701943,BATON QUIRURGICO,DISPOSITIVOS MEDICO,,,B,Media,XGBoost,104.08,1.0,0.23,25.95,49.91,16.0,,0.0,0.0,1276.5,0.0,20424.0,2022-06-01,0.0,SI
701954,BARRERA STOMAHESIVE 45 50MM,DISPOSITIVOS MEDICO,,,C,Alta,XGBoost,0.83,1.0,0.23,0.04,0.23,3.0,,0.0,0.0,13979.0,0.0,41937.0,2022-09-10,102.0,NO
701961,CATETER TROCAR RECTO 10FR (TUBO TORAX),DISPOSITIVOS MEDICO,,,C,Media,XGBoost,11.44,1.0,0.23,1.24,3.87,4.0,,0.0,0.0,19515.0,0.0,78060.0,2022-06-01,0.0,NO
701962,CATETER TROCAR RECTO 20FR,DISPOSITIVOS MEDICO,,,C,Alta,Regresión Lineal,0.0,1.0,0.23,0.0,0.0,2.0,,0.0,0.0,5800.0,0.0,11600.0,,,NO
701964,CATETER TROCAR RECTO 28FR ,DISPOSITIVOS MEDICO,,,C,Alta,XGBoost,1.11,1.0,0.23,0.12,0.38,1.0,,0.0,0.0,5672.0,0.0,5672.0,2022-06-18,17.0,NO
701965,CATETER TROCAR RECTO 32FR,DISPOSITIVOS MEDICO,,,C,Alta,XGBoost,0.53,1.0,0.23,0.05,0.17,1.0,,0.0,0.0,8933.0,0.0,8933.0,2022-07-18,47.0,NO
701966,CATETER TROCAR RECTO 36FR,DISPOSITIVOS MEDICO,,,C,Alta,XGBoost,0.2,1.0,0.23,0.07,0.12,1.0,,0.0,0.0,6759.0,0.0,6759.0,2022-10-11,132.0,NO
701977,VENDA YESO 4X5  ,DISPOSITIVOS MEDICO,,,C,Alta,XGBoost,0.15,1.0,0.23,0.02,0.06,0.0,,,0.06,0.0,0.0,0.0,2022-06-01,0.0,SI
701978,VENDA YESO 5X5    ,DISPOSITIVOS MEDICO,,,C,Alta,Media móvil,0.92,1.0,0.23,0.17,0.38,2.0,,0.0,0.0,5807.0,0.0,11614.0,2022-07-24,54.0,NO
701979,VENDA YESO 6X5 ,DISPOSITIVOS MEDICO,,,C,Alta,XGBoost,0.24,1.0,0.23,0.09,0.15,0.0,,,0.15,0.0,0.0,0.0,2022-06-01,0.0,SI
701996,SUNITINIB 50 MG CAPSULA,MEDICAMENTOS,,,C,Alta,XGBoost,4.55,1.0,0.23,1.77,2.82,1.0,,0.0,0.0,253095.0,0.0,253095.0,2022-06-01,0.0,SI
702017,SONDA ENTERAL 6FR (ALIMENTACION)  ,DISPOSITIVOS MEDICO,,,C,Alta,Media móvil,0.0,1.0,0.23,0.0,0.0,1.0,,0.0,0.0,75000.0,0.0,75000.0,,,NO
702019,SONDA ENTERAL 12FR X 43 (ALIMENTACION)   ,DISPOSITIVOS MEDICO,,,C,Baja,Media móvil,77.43,1.0,0.23,3.42,21.24,11.0,,0.0,0.0,75000.0,0.0,825000.0,2022-06-01,0.0,SI
702020,SONDA FOLEY 2 VÍAS 16FRX5CM    ,DISPOSITIVOS MEDICO,,,C,Alta,XGBoost,5.14,1.0,0.23,2.0,3.18,0.0,,,3.18,0.0,0.0,0.0,2022-06-01,0.0,SI
702021,SONDA FOLEY 2 VIAS 16FRX30CM   ,DISPOSITIVOS MEDICO,,,C,Baja,XGBoost,24.55,1.0,0.23,3.91,9.57,13.0,,0.0,0.0,1781.0,0.0,23153.0,2022-06-05,4.0,NO
702022,SONDA FOLEY 2 VÍAS 18FRX5CM ,DISPOSITIVOS MEDICO,,,C,Media,XGBoost,9.09,1.0,0.23,0.58,2.67,16.0,,0.0,0.0,1869.0,0.0,29904.0,2022-07-15,45.0,NO
702023,SONDA FOLEY 2 VÍAS 18FRX30CM    ,DISPOSITIVOS MEDICO,,,C,Media,Regresión Lineal,22.63,1.0,0.23,3.08,8.28,0.0,,,8.28,0.0,0.0,0.0,2022-06-01,0.0,SI
702024,SONDA FOLEY 2 VIAS 14FRX5CM,DISPOSITIVOS MEDICO,,,C,Media,XGBoost,1.53,1.0,0.23,0.22,0.57,1.0,,0.0,0.0,1623.0,0.0,1623.0,2022-06-09,9.0,NO
702025,SONDA FOLEY 2 VÍAS 12FRX5CM,DISPOSITIVOS MEDICO,,,C,Alta,Regresión Lineal,0.69,1.0,0.23,0.12,0.28,3.0,,0.0,0.0,1178.0,0.0,3534.0,2022-09-28,119.0,NO
702028,SONDA FOLEY 2 VÍAS 24FRX5CM    ,DISPOSITIVOS MEDICO,,,C,Alta,Regresión Lineal,0.0,1.0,0.23,0.0,0.0,0.0,,,0.0,0.0,0.0,0.0,2022-06-01,0.0,SI
702029,SONDA FOLEY 2 VÍAS 24FRX5CM-30CM    ,DISPOSITIVOS MEDICO,,,C,Alta,Media móvil,0.85,1.0,0.23,0.11,0.3,0.0,,,0.3,0.0,0.0,0.0,2022-06-01,0.0,SI
702031,SONDA FOLEY 2 VÍAS 22FRX30CM    ,DISPOSITIVOS MEDICO,,,C,Alta,XGBoost,2.09,1.0,0.23,0.68,1.16,2.0,,0.0,0.0,2535.0,0.0,5070.0,2022-06-13,12.0,NO
702032,SONDA FOLEY 2 VÍAS 20FRX15CM    ,DISPOSITIVOS MEDICO,,,C,Alta,XGBoost,2.03,1.0,0.23,1.1,1.57,0.0,,,1.57,0.0,0.0,0.0,2022-06-01,0.0,SI
702033,SONDA FOLEY 2 VÍAS 20FRX30CM   ,DISPOSITIVOS MEDICO,,,C,Alta,XGBoost,2.97,1.0,0.23,0.38,1.06,7.0,,0.0,0.0,1998.0,0.0,13986.0,2022-07-31,61.0,NO
702035,SONDA FOLEY 3 VÍAS 20FRX30CM       ,DISPOSITIVOS MEDICO,,,C,Media,Regresión Lineal,0.89,1.0,0.23,0.12,0.33,0.0,,,0.33,0.0,0.0,0.0,2022-06-01,0.0,SI
702037,SONDA FOLEY 3 VÍAS 22FRX30CM     ,DISPOSITIVOS MEDICO,,,C,Media,Regresión Lineal,1.15,1.0,0.23,0.11,0.37,0.0,,,0.37,0.0,0.0,0.0,2022-06-01,0.0,SI
702039,SONDA FOLEY 3 VÍAS 24FRX30CM    ,DISPOSITIVOS MEDICO,,,C,Alta,XGBoost,1.92,1.0,0.23,0.29,0.73,,,,,,,,,,NO
702040,SONDA NASOGASTRICA # 6 ,DISPOSITIVOS MEDICO,,,C,Alta,XGBoost,0.81,1.0,0.23,0.1,0.28,8.0,,1.0,0.0,423.0,0.0,3384.0,2023-03-19,291.0,NO
702041,SONDA NASOGASTRICA # 8,DISPOSITIVOS MEDICO,,,C,Alta,Media móvil,1.55,1.0,0.23,0.08,0.44,1.0,,1.0,0.0,458.0,0.0,458.0,2022-06-12,11.0,NO
702043,SONDA NASOGASTRICA # 12,DISPOSITIVOS MEDICO,,,C,Alta,Regresión Lineal,0.0,1.0,0.23,0.0,0.0,0.0,,,0.0,0.0,0.0,0.0,2022-06-01,0.0,SI
702044,SONDA NASOGASTRICA # 14,DISPOSITIVOS MEDICO,,,C,Baja,XGBoost,3.39,1.0,0.23,0.17,0.95,2.0,,0.0,0.0,773.0,0.0,1546.0,2022-06-10,9.0,NO
702045,SONDA NASOGASTRICA # 16   ,DISPOSITIVOS MEDICO,,,C,Baja,XGBoost,21.65,1.0,0.23,1.68,6.66,7.0,,0.0,0.0,795.0,0.0,5565.0,2022-06-01,0.0,NO
702046,SONDA NASOGASTRICA # 18 ,DISPOSITIVOS MEDICO,,,C,Baja,XGBoost,5.5,1.0,0.23,0.23,1.5,5.0,,0.0,0.0,1050.0,0.0,5250.0,2022-06-20,19.0,NO
702047,SONDA NASOGASTRICA # 20,DISPOSITIVOS MEDICO,,,C,Media,Regresión Lineal,0.45,1.0,0.23,0.08,0.19,2.0,,0.0,0.0,855.0,0.0,1710.0,2022-09-30,122.0,NO
702050,SONDA NELATON # 6 ,DISPOSITIVOS MEDICO,,,B,Baja,XGBoost,166.31,1.0,0.23,14.07,52.35,55.0,,1.0,0.0,388.0,0.0,21340.0,2022-06-01,0.0,NO
702051,SONDA NELATON # 8,DISPOSITIVOS MEDICO,,,B,Media,XGBoost,77.04,1.0,0.23,2.94,20.67,76.0,,1.0,0.0,350.0,0.0,26600.0,2022-06-22,22.0,NO
702052,SONDA NELATON # 10   ,DISPOSITIVOS MEDICO,,,C,Baja,XGBoost,21.36,1.0,0.23,3.12,8.04,3.0,,1.0,1.0,382.0,382.0,1146.0,2022-06-01,0.0,SI
702054,SONDA NELATON # 12 ,DISPOSITIVOS MEDICO,,,C,Baja,Regresión Lineal,45.86,1.0,0.23,17.12,27.67,6.0,,1.0,1.0,357.0,357.0,2142.0,2022-06-01,0.0,SI
702055,SONDA NELATON # 14   ,DISPOSITIVOS MEDICO,,,B,Baja,Regresión Lineal,97.9,1.0,0.23,23.31,45.85,40.0,,1.0,1.0,372.0,372.0,14880.0,2022-06-01,0.0,SI
702056,SONDA NELATON # 16 ,DISPOSITIVOS MEDICO,,,C,Media,Regresión Lineal,15.23,1.0,0.23,2.18,5.68,1.0,,1.0,1.0,413.0,413.0,413.0,2022-06-01,0.0,SI
702057,SONDA NELATON # 18,DISPOSITIVOS MEDICO,,,C,Alta,XGBoost,4.1,1.0,0.23,1.44,2.38,0.0,,,2.38,0.0,0.0,0.0,2022-06-01,0.0,SI
702058,SONDA NELATON # 20 ,DISPOSITIVOS MEDICO,,,C,Alta,Regresión Lineal,0.34,1.0,0.23,0.06,0.14,10.0,,1.0,0.0,355.0,0.0,3550.0,2024-10-22,874.0,NO
702060,S/SUCCION  6 1129,DISPOSITIVOS MEDICO,,,C,Media,Media móvil,26.7,1.0,0.23,0.91,7.06,7.0,,0.0,0.0,955.0,0.0,6685.0,2022-06-01,0.0,SI
702061,SONDA SUCCION # 8   ,DISPOSITIVOS MEDICO,,,C,Media,Regresión Lineal,44.65,1.0,0.23,13.24,23.51,35.0,,0.0,0.0,630.0,0.0,22050.0,2022-06-08,8.0,NO
702062,S/SUCCION 10  ,DISPOSITIVOS MEDICO,,,C,Alta,XGBoost,1.05,1.0,0.23,0.15,0.39,17.0,,0.0,0.0,686.0,0.0,11662.0,2023-09-25,482.0,NO
702063,SONDA SUCCION # 12,DISPOSITIVOS MEDICO,,,C,Media,XGBoost,26.3,1.0,0.23,4.61,10.67,12.0,,0.0,0.0,650.0,0.0,7800.0,2022-06-02,2.0,NO
702064,SONDA SUCCION # 14  ,DISPOSITIVOS MEDICO,,,A,Baja,Media móvil,1320.92,1.0,0.23,22.12,326.13,206.0,,0.0,0.0,629.0,0.0,129574.0,2022-06-01,0.0,SI
702065,SONDA SUCCION # 16,DISPOSITIVOS MEDICO,,,B,Baja,XGBoost,426.28,1.0,0.23,29.21,127.31,84.0,,0.0,0.0,651.0,0.0,54684.0,2022-06-01,0.0,SI
702069,S/TRACH-CARE 6FR S/CERRADO -196-4,DISPOSITIVOS MEDICO,,,C,Media,XGBoost,4.63,1.0,0.23,0.55,1.61,3.0,,0.0,0.0,58181.0,0.0,174543.0,2022-06-10,9.0,NO
702070,S/TRACH-CARE 8FR S/CERRADO- 198-4,DISPOSITIVOS MEDICO,,,C,Media,XGBoost,5.7,1.0,0.23,0.78,2.09,4.0,,0.0,0.0,59333.0,0.0,237332.0,2022-06-11,10.0,NO
702074,S/TRACH-CARE 14FR S/CERRADO/LARGA 22106,DISPOSITIVOS MEDICO,,,C,Baja,XGBoost,88.94,1.0,0.23,0.29,20.76,18.0,,0.0,0.0,59131.0,0.0,1064358.0,2022-06-01,0.0,SI
702075,S/TRACH-CARE 16FR S/CERRADO/22606,DISPOSITIVOS MEDICO,,,C,Baja,Media móvil,84.08,1.0,0.23,3.44,22.79,28.0,,0.0,0.0,59853.0,0.0,1675884.0,2022-06-02,2.0,NO
702077,BRAZALETE NEO/1,DISPOSITIVOS MEDICO,,,C,Alta,XGBoost,1.07,1.0,0.23,0.29,0.54,7.0,,0.0,0.0,19811.0,0.0,138677.0,2022-12-01,184.0,NO
702078,BRAZALETE NEO/2,DISPOSITIVOS MEDICO,,,C,Media,XGBoost,4.9,1.0,0.23,0.04,1.17,5.0,,0.0,0.0,20900.0,0.0,104500.0,2022-06-24,24.0,NO
702079,BRAZALETE NEO/3,DISPOSITIVOS MEDICO,,,C,Baja,XGBoost,19.47,1.0,0.23,0.77,5.25,10.0,,0.0,0.0,21089.0,0.0,210890.0,2022-06-08,7.0,NO
702080,BRAZALETE NEO/4,DISPOSITIVOS MEDICO,,,C,Baja,Media móvil,4.74,1.0,0.23,0.15,1.24,6.0,,0.0,0.0,19983.0,0.0,119898.0,2022-07-01,31.0,NO
702085,CANULA NASAL OXIGENO NEONATAL,DISPOSITIVOS MEDICO,,,C,Alta,XGBoost,2.54,1.0,0.23,0.11,0.69,2.0,,0.0,0.0,2086.0,0.0,4172.0,2022-06-16,16.0,NO
702088,CANULA NASAL OXIGENO PEDIATRICA,DISPOSITIVOS MEDICO,,,C,Media,Regresión Lineal,1.15,1.0,0.23,0.11,0.37,3.0,,0.0,0.0,783.0,0.0,2349.0,2022-08-09,70.0,NO
702089,CATETER UMBILICAL 3.5 FR,DISPOSITIVOS MEDICO,,,C,Media,XGBoost,6.71,1.0,0.23,0.74,2.28,11.0,,0.0,0.0,4715.0,0.0,51865.0,2022-07-10,40.0,NO
702090,CATETER UMBILICAL 5.0FR,DISPOSITIVOS MEDICO,,,C,Baja,XGBoost,10.26,1.0,0.23,0.4,2.77,14.0,,0.0,0.0,4740.0,0.0,66360.0,2022-07-04,33.0,NO
702145,AGUJA 18X1.5,DISPOSITIVOS MEDICO,,,A,Baja,Media móvil,4169.34,1.0,0.23,41.71,1001.29,329.01,,9.0,9.0,62.0,558.0,20398.62,2022-06-01,0.0,SI
702148,AGUJA 21GA X1 ,DISPOSITIVOS MEDICO,,,C,Alta,Regresión Lineal,0.98,1.0,0.23,0.38,0.61,0.0,,,0.61,0.0,0.0,0.0,2022-06-01,0.0,SI
702151,AGUJA 23X1,DISPOSITIVOS MEDICO,,,C,Media,Media móvil,5.74,1.0,0.23,0.15,1.47,23.0,,7.0,0.0,76.0,0.0,1748.0,2022-09-23,114.0,NO
702153,AGUJA 25GA X1,DISPOSITIVOS MEDICO,,,C,Alta,Regresión Lineal,0.92,1.0,0.23,0.17,0.38,,,,,,,,,,NO
702154,AGUJA 26GA X1/2 0,DISPOSITIVOS MEDICO,,,C,Alta,XGBoost,8.0,1.0,0.23,1.29,3.13,0.0,,,3.13,0.0,0.0,0.0,2022-06-01,0.0,SI
702197,CATETER V/CT 16GX20CM/CV-04301-01CV50016,DISPOSITIVOS MEDICO,,,C,Media,Regresión Lineal,0.2,1.0,0.23,0.08,0.12,3.0,,0.0,0.0,65340.0,0.0,196020.0,2023-08-20,446.0,NO
702204,INTRODUCTOR 7.0FR/SI-09700 ARROW,DISPOSITIVOS MEDICO,,,C,Media,Media móvil,1.08,1.0,0.23,0.17,0.42,1.0,,0.0,0.0,111994.0,0.0,111994.0,2022-06-17,16.0,NO
702207,JELCO 14G X 2-1/4 ,DISPOSITIVOS MEDICO,,,C,Alta,Media móvil,0.0,1.0,0.23,0.0,0.0,,,,,,,,,,NO
702208,JELCO 16G X 2-1/4 LARGO,DISPOSITIVOS MEDICO,,,C,Alta,XGBoost,1.95,1.0,0.23,0.18,0.63,0.0,,,0.63,0.0,0.0,0.0,2022-06-01,0.0,SI
702209,JELCO 18G X 1-1/4 ,DISPOSITIVOS MEDICO,,,B,Baja,Media móvil,395.4,1.0,0.23,3.26,94.26,102.0,,0.0,0.0,677.0,0.0,69054.0,2022-06-01,1.0,NO
702210,JELCO 20G X 1-1/4,DISPOSITIVOS MEDICO,,,A,Baja,Regresión Lineal,750.8,1.0,0.23,88.86,261.66,136.0,,0.0,0.0,625.5,0.0,85068.0,2022-06-01,0.0,SI
702211,CATETER INTRAVENOSO 22G X 1 ,DISPOSITIVOS MEDICO,,,A,Baja,Media móvil,1427.08,1.0,0.23,9.5,337.94,261.0,,1.0,1.0,433.67,433.67,113187.0,2022-06-01,0.0,SI
702212,JELCO 24G X 3/4,DISPOSITIVOS MEDICO,,,B,Baja,XGBoost,182.52,1.0,0.23,3.05,45.05,111.0,,0.0,0.0,1180.0,0.0,130980.0,2022-06-11,11.0,NO
702216,CATETER EPICUTANEO CAVA 24 G 2FR REF 218400,DISPOSITIVOS MEDICO,,,C,Baja,Media móvil,7.16,1.0,0.23,0.21,1.86,6.0,,0.0,0.0,218186.0,0.0,1309116.0,2022-06-18,18.0,NO
702222,PERICRANEAL 23     ,DISPOSITIVOS MEDICO,,,B,Baja,XGBoost,236.78,1.0,0.23,3.2,57.7,1.0,,1.0,1.0,400.0,400.0,400.0,2022-06-01,0.0,SI
702226,PERIFIX 18GA C/A 4514017 ,DISPOSITIVOS MEDICO,,,C,Alta,XGBoost,0.66,1.0,0.23,0.06,0.21,,,,,,,,,,NO
702228,SPINOCAN 18G 3/2   ,DISPOSITIVOS MEDICO,,,C,Media,XGBoost,3.5,1.0,0.23,0.61,1.42,0.0,,,1.42,0.0,0.0,0.0,2022-06-01,0.0,SI
702229,SPINOCAN 20G X31/2 ,DISPOSITIVOS MEDICO,,,C,Media,XGBoost,4.3,1.0,0.23,0.08,1.07,2.0,,0.0,0.0,6317.0,0.0,12634.0,2022-06-07,7.0,NO
702230,SPINOCAN 22G X31/2  ,DISPOSITIVOS MEDICO,,,C,Media,Media móvil,4.55,1.0,0.23,0.08,1.13,2.0,,0.0,0.0,7705.0,0.0,15410.0,2022-06-06,6.0,NO
702231,SPINOCAN 25X3.1/2,DISPOSITIVOS MEDICO,,,C,Alta,Media móvil,0.0,1.0,0.23,0.0,0.0,4.0,,0.0,0.0,7669.0,0.0,30676.0,,,NO
702233,SPINOCAN 27G ,DISPOSITIVOS MEDICO,,,C,Alta,Media móvil,0.0,1.0,0.23,0.0,0.0,,,,,,,,,,NO
702235,AGUJA SURECAN GRIPPER PLUS SEGURIDAD 20 GA  X19 MM REF-0821276724,DISPOSITIVOS MEDICO,,,C,Alta,XGBoost,0.22,1.0,0.23,0.07,0.12,3.0,,0.0,0.0,19500.0,0.0,58500.0,2023-07-09,404.0,NO
702240,GUANTE ESTERIL 6.5 (PAR),DISPOSITIVOS MEDICO,,,B,Alta,Media móvil,152.38,1.0,0.23,14.37,49.44,50.0,,0.0,0.0,726.0,0.0,36300.0,2022-06-01,0.0,NO
702241,GUANTE ESTERIL 7.0 (PAR),DISPOSITIVOS MEDICO,,,B,Alta,Regresión Lineal,692.0,1.0,0.23,112.03,271.3,93.0,,0.0,0.0,642.0,0.0,59706.0,2022-06-01,0.0,SI
702242,GUANTE ESTERIL 7.5 (PAR),DISPOSITIVOS MEDICO,,,B,Alta,Regresión Lineal,808.7,1.0,0.23,127.3,313.42,119.0,,0.0,0.0,668.0,0.0,79492.0,2022-06-01,0.0,SI
702243,GUANTE ESTERIL 8.0 (PAR),DISPOSITIVOS MEDICO,,,C,Alta,XGBoost,16.48,1.0,0.23,2.03,5.82,156.0,,0.0,0.0,781.0,0.0,121836.0,2023-03-05,277.0,NO
702249,BISTURI # 11 ,DISPOSITIVOS MEDICO,,,B,Baja,Regresión Lineal,136.01,1.0,0.23,22.4,53.71,35.0,,2.0,2.0,208.0,416.0,7280.0,2022-06-01,0.0,SI
702251,BISTURI # 15 ,DISPOSITIVOS MEDICO,,,C,Baja,Media móvil,8.73,1.0,0.23,0.53,2.54,105.0,,2.0,0.0,216.0,0.0,22680.0,2023-05-24,357.0,NO
702256,HEMINA 350 MG PANHEMATIN,MEDICAMENTOS,,,C,Alta,Media móvil,0.0,1.0,0.23,0.0,0.0,,,,,,,,,,NO
702257,JERINGA 3ML,DISPOSITIVOS MEDICO,,,A,Baja,Regresión Lineal,4152.75,1.0,0.23,284.54,1240.29,272.0,,2.0,2.0,256.0,512.0,69632.0,2022-06-01,0.0,SI
702258,JERINGA 5ML,DISPOSITIVOS MEDICO,,,A,Baja,Regresión Lineal,6743.64,1.0,0.23,243.77,1795.81,,,,,,,,,,NO
702259,JERINGA 10ML ,DISPOSITIVOS MEDICO,,,A,Baja,Regresión Lineal,13105.84,1.0,0.23,551.73,3568.03,701.0,,1.0,1.0,294.0,294.0,206094.0,2022-06-01,0.0,SI
702261,JERINGA 50ML ROSCA,DISPOSITIVOS MEDICO,,,B,Media,XGBoost,143.55,1.0,0.23,8.54,41.58,75.0,,0.0,0.0,654.0,0.0,49050.0,2022-06-08,7.0,NO
702262,JERINGA 50ML PUNTA CATETER,DISPOSITIVOS MEDICO,,,B,Baja,Regresión Lineal,106.82,1.0,0.23,15.16,39.75,21.0,,0.0,0.0,836.0,0.0,17556.0,2022-06-01,0.0,SI
702263,JERINGA 1ML INSULINA,DISPOSITIVOS MEDICO,,,A,Baja,Media móvil,2802.89,1.0,0.23,43.58,688.66,263.0,,2.0,2.0,217.0,434.0,57071.0,2022-06-01,0.0,SI
702264,JERINGA DE GASES (JERINGA HEPARINIZADA),DISPOSITIVOS MEDICO,,,A,Baja,Media móvil,1516.86,1.0,0.23,35.46,384.56,151.0,,0.0,0.0,3570.0,0.0,539070.0,2022-06-01,0.0,SI
702298,BARRERA STOMAHESIVE 38 MM ,DISPOSITIVOS MEDICO,,,C,Alta,Regresión Lineal,0.2,1.0,0.23,0.08,0.12,6.0,,0.0,0.0,15881.0,0.0,95286.0,2024-11-26,910.0,NO
702302,BARRERA STOMAHESIVE 57 - 60 MM ,DISPOSITIVOS MEDICO,,,C,Baja,Media móvil,16.62,1.0,0.23,0.24,4.07,2.0,,0.0,0.0,20267.0,0.0,40534.0,2022-06-01,0.0,SI
702303,BARRERA STOMAHESIVE 70MM ,DISPOSITIVOS MEDICO,,,C,Media,XGBoost,10.71,1.0,0.23,2.78,5.24,9.0,,0.0,0.0,18520.0,0.0,166680.0,2022-06-11,11.0,NO
702307,BARRERA STOMAHESIVE 32MM NINOS ,DISPOSITIVOS MEDICO,,,C,Alta,XGBoost,0.61,1.0,0.23,0.08,0.22,5.0,,0.0,0.0,13287.0,0.0,66435.0,2023-01-26,240.0,NO
702310,BARRERA STOMAHESIVE 20MMX20MM LISA ,DISPOSITIVOS MEDICO,,,C,Media,XGBoost,15.5,1.0,0.23,0.35,3.92,5.0,,0.0,0.0,44673.0,0.0,223365.0,2022-06-03,2.0,NO
702321,BOLSA OSTOMIA 32MM NINOS ,DISPOSITIVOS MEDICO,,,C,Alta,XGBoost,0.39,1.0,0.23,0.04,0.13,6.0,,0.0,0.0,7591.0,0.0,45546.0,2023-09-02,458.0,NO
702323,BOLSA OSTOMIA OP/57 - 60 MM ,DISPOSITIVOS MEDICO,,,C,Media,XGBoost,13.7,1.0,0.23,0.9,4.05,9.0,,0.0,0.0,9498.0,0.0,85482.0,2022-06-12,11.0,NO
702324,BOLSA OSTOMIA OP /70MM ,DISPOSITIVOS MEDICO,,,C,Media,XGBoost,12.59,1.0,0.23,2.7,5.6,15.0,,0.0,0.0,9375.0,0.0,140625.0,2022-06-23,23.0,NO
702326,BOLSA OSTOMIA  OP45MM ,DISPOSITIVOS MEDICO,,,C,Alta,XGBoost,1.77,1.0,0.23,0.17,0.58,10.0,,0.0,0.0,8517.0,0.0,85170.0,2022-11-10,162.0,NO
702358,CYSTOFLOW 2000 ML ADULTO,DISPOSITIVOS MEDICO,,,C,Baja,Regresión Lineal,70.89,1.0,0.23,6.48,22.8,34.0,,0.0,0.0,3499.0,0.0,118966.0,2022-06-05,5.0,NO
702368,LLAVE DE 3 VIAS,DISPOSITIVOS MEDICO,,,B,Baja,XGBoost,268.58,1.0,0.23,11.67,73.48,16.0,,0.0,0.0,1198.0,0.0,19168.0,2022-06-01,0.0,SI
702377,BURETROL,DISPOSITIVOS MEDICO,,,A,Baja,Regresión Lineal,983.6,1.0,0.23,210.54,436.91,120.0,,0.0,0.0,2313.0,0.0,277560.0,2022-06-01,0.0,SI
702381,EQUIPO MACROGOTEO S/A (SOLO CX E IMAGENES),DISPOSITIVOS MEDICO,,,B,Baja,Regresión Lineal,255.09,1.0,0.23,40.36,99.07,46.0,,0.0,0.0,710.0,0.0,32660.0,2022-06-01,0.0,SI
702382,EXTENSION DE ANESTESIA ADULTO ,DISPOSITIVOS MEDICO,,,A,Baja,Regresión Lineal,1158.64,1.0,0.23,87.34,354.0,195.0,,0.0,0.0,639.0,0.0,124605.0,2022-06-01,0.0,SI
702383,EXTENSION DE ANESTESIA PEDIATRICO,DISPOSITIVOS MEDICO,,,B,Baja,Media móvil,159.57,1.0,0.23,6.63,43.36,37.0,,0.0,0.0,646.0,0.0,23902.0,2022-06-01,0.0,SI
702417,HUMIDIFICADOR 3PSI,DISPOSITIVOS MEDICO,,,C,Baja,XGBoost,37.59,1.0,0.23,1.6,10.25,17.0,,0.0,0.0,3849.0,0.0,65433.0,2022-06-06,5.0,NO
702435,NARIZ DE CAMELLO ADULTO,MEDICAMENTOS,,,B,Baja,XGBoost,199.26,1.0,0.23,10.47,56.33,58.0,,0.0,0.0,5611.0,0.0,325438.0,2022-06-01,0.0,NO
702437,NIPLE CONECTOR MAG 02 HUDSON ,DISPOSITIVOS MEDICO,,,C,Media,XGBoost,1.27,1.0,0.23,0.13,0.43,12.0,,0.0,0.0,1108.0,0.0,13296.0,2023-03-06,278.0,NO
702445,BUPRENORFINA PARCHE TRANSDERMICO 20MG ,CONTROLADOS,SOLINSA,EVEDISA,C,Alta,Media móvil,0.0,1.1,0.26,0.0,0.0,7.0,,0.0,0.0,44709.0,0.0,312963.0,,,NO
702452,STOMAHESIVE PASTA TBX2 ONZ.,DISPOSITIVOS MEDICO,,,C,Media,XGBoost,12.17,1.0,0.23,2.16,4.97,6.0,,0.0,0.0,39672.0,0.0,238032.0,2022-06-03,3.0,NO
702460,PINZA P/BOLSA DE OSTOMIA ,DISPOSITIVOS MEDICO,,,C,Baja,Media móvil,10.66,1.0,0.23,0.06,2.51,7.0,,0.0,0.0,2275.0,0.0,15925.0,2022-06-13,13.0,NO
702473,FENOBARBITAL SOLUCIÓN INYECTABLE 40 MG/1ML ,CONTROLADOS,SECRETARIA DE SALUD,WORLD MEDICAL,C,Media,XGBoost,15.85,1.1,0.26,3.23,7.4,47.0,,0.0,0.0,1418.0,0.0,66646.0,2022-08-16,76.0,NO
702484,KIT MICRONEBULIZADOR ADULTO,DISPOSITIVOS MEDICO,,,C,Baja,XGBoost,4.63,1.0,0.23,0.11,1.17,9.0,,0.0,0.0,2683.0,0.0,24147.0,2022-07-22,51.0,NO
702486,STOMAHESIVE POLVO X 1 ONZA,DISPOSITIVOS MEDICO,,,C,Baja,XGBoost,8.64,1.0,0.23,0.3,2.29,3.0,,0.0,0.0,34363.0,0.0,103089.0,2022-06-03,3.0,NO
702487,TAPON HEPARINIZADO,DISPOSITIVOS MEDICO,,,A,Baja,XGBoost,402.95,1.0,0.23,9.87,102.61,110.0,,3.0,0.0,189.0,0.0,20790.0,2022-06-01,1.0,NO
702490,TAPON HEPARINA ROJO,DISPOSITIVOS MEDICO,,,B,Baja,Media móvil,234.37,1.0,0.23,4.63,58.57,111.0,,0.0,0.0,883.0,0.0,98013.0,2022-06-07,7.0,NO
702531,EXTENSION DE MONITOREO MACHO MACHO,MEDICAMENTOS,,,C,Baja,Media móvil,5.03,1.0,0.23,0.38,1.54,12.0,,0.0,0.0,2088.0,0.0,25056.0,2022-08-03,63.0,NO
702558,TIOPENTAL POLVO LIOFILIZADO 1G ,MEDICAMENTOS,DAGO,SOLINSA,C,Alta,XGBoost,6.57,1.1,0.26,1.68,3.41,53.0,,0.0,0.0,16493.0,0.0,874129.0,2023-01-16,230.0,NO
702585,CANULA NASAL OXIGENO ADULTO,DISPOSITIVOS MEDICO,,,B,Baja,XGBoost,162.72,1.0,0.23,2.1,39.55,43.0,,0.0,0.0,981.0,0.0,42183.0,2022-06-01,1.0,NO
702609,CANULA GUEDEL 3 (ISO 9.0),DISPOSITIVOS MEDICO,,,C,Alta,Regresión Lineal,16.28,1.0,0.23,5.27,9.02,18.0,,0.0,0.0,1275.0,0.0,22950.0,2022-06-17,17.0,NO
702619,CANULA GUEDEL 2 (ISO 8.0),DISPOSITIVOS MEDICO,,,C,Alta,Regresión Lineal,0.0,1.0,0.23,0.0,0.0,,,,,,,,,,NO
702620,INCENTIVO RESPIRATORIO HUDSON,DISPOSITIVOS MEDICO,,,C,Alta,Regresión Lineal,0.0,1.0,0.23,0.0,0.0,1.0,,0.0,0.0,10307.0,0.0,10307.0,,,NO
702626,LINER FLEX 1500CC TAPA AZUL - GEL SOLIDIFICANTE,DISPOSITIVOS MEDICO,,,C,Baja,XGBoost,86.41,1.0,0.23,0.5,20.38,9.0,,0.0,0.0,11835.0,0.0,106515.0,2022-06-01,0.0,SI
702627,LINER FLEX 1000CC TAPA AZUL-GEL SOLIDIFICANTE,DISPOSITIVOS MEDICO,,,C,Baja,XGBoost,82.9,1.0,0.23,2.12,21.2,13.0,,0.0,0.0,9667.0,0.0,125671.0,2022-06-01,0.0,SI
702635,MASCARA C/RESERVORIO ADULTO,DISPOSITIVOS MEDICO,,,C,Baja,XGBoost,8.23,1.0,0.23,1.24,3.13,13.0,,0.0,0.0,2900.0,0.0,37700.0,2022-07-07,36.0,NO
702636,MASCARA NO REINHALACION C/RESERVORIO  PEDIATRICA,DISPOSITIVOS MEDICO,,,C,Alta,Regresión Lineal,0.2,1.0,0.23,0.08,0.12,4.0,,0.0,0.0,5991.0,0.0,23964.0,2024-01-22,600.0,NO
702641,MASCARA VENTURY ADULTO,DISPOSITIVOS MEDICO,,,C,Baja,XGBoost,49.23,1.0,0.23,0.23,11.56,12.0,,0.0,0.0,3238.0,0.0,38856.0,2022-06-01,0.0,NO
702642,CANULA YANKAWER DESECHABLE ,DISPOSITIVOS MEDICO,,,C,Alta,XGBoost,0.18,1.0,0.23,0.04,0.08,5.0,,0.0,0.0,1785.0,0.0,8925.0,2024-09-25,847.0,NO
702673,RECOLECTOR/ORINA PED/BLX40  ,DISPOSITIVOS MEDICO,,,B,Baja,XGBoost,97.89,1.0,0.23,5.07,27.59,0.0,,,27.59,0.0,0.0,0.0,2022-06-01,0.0,SI
702694,TUBO ENDOTRAQUEAL 8.5 C/BL,DISPOSITIVOS MEDICO,,,C,Alta,Media móvil,1.0,1.0,0.23,0.0,0.23,10.0,,0.0,0.0,6139.0,0.0,61390.0,2023-03-25,297.0,NO
702695,TUBO ENDOTRAQUEAL 8.0 C/BL,DISPOSITIVOS MEDICO,,,C,Baja,XGBoost,12.1,1.0,0.23,0.82,3.6,8.0,,0.0,0.0,5834.0,0.0,46672.0,2022-06-12,11.0,NO
702696,TUBO ENDOTRAQUEAL 7.5 C/BL,DISPOSITIVOS MEDICO,,,C,Baja,XGBoost,20.9,1.0,0.23,1.73,6.54,10.0,,0.0,0.0,5402.0,0.0,54020.0,2022-06-06,5.0,NO
702697,TUBO ENDOTRAQUEAL 7.0 C/BL ,DISPOSITIVOS MEDICO,,,C,Media,XGBoost,3.32,1.0,0.23,0.3,1.06,7.0,,0.0,0.0,6156.0,0.0,43092.0,2022-07-25,54.0,NO
702698,TUBO ENDOTRAQUEAL 6.5 C/BL,DISPOSITIVOS MEDICO,,,C,Alta,Regresión Lineal,0.92,1.0,0.23,0.17,0.38,3.0,,0.0,0.0,4586.0,0.0,13758.0,2022-08-27,87.0,NO
702703,TUBO ENDOTRAQUEAL 4.0 S/BL,DISPOSITIVOS MEDICO,,,C,Media,Media móvil,2.8,1.0,0.23,0.08,0.72,4.0,,0.0,0.0,6270.0,0.0,25080.0,2022-07-06,36.0,NO
702704,TUBO ENDOTRAQUEAL 3.5 S/BL    ,DISPOSITIVOS MEDICO,,,C,Media,XGBoost,4.05,1.0,0.23,0.41,1.34,1.0,,0.0,0.0,7008.0,0.0,7008.0,2022-06-01,0.0,SI
702705,TUBO ENDOTRAQUEAL 3.0 S/BL,DISPOSITIVOS MEDICO,,,C,Media,XGBoost,2.75,1.0,0.23,0.52,1.15,2.0,,0.0,0.0,6939.0,0.0,13878.0,2022-06-10,9.0,NO
702706,TUBO ENDOTRAQUEAL 2.5 S/BL ,DISPOSITIVOS MEDICO,,,C,Alta,XGBoost,0.55,1.0,0.23,0.07,0.2,12.0,,0.0,0.0,8188.0,0.0,98256.0,2024-03-15,653.0,NO
702707,TUBO ENDOTRAQUEAL 2.0 S/BL,DISPOSITIVOS MEDICO,,,C,Alta,Media móvil,0.0,1.0,0.23,0.0,0.0,4.0,,0.0,0.0,4875.0,0.0,19500.0,,,NO
702713,TUBO ENDOTRAQUEAL 5.5 C/BL,DISPOSITIVOS MEDICO,,,C,Alta,Media móvil,0.92,1.0,0.23,0.17,0.38,,,,,,,,,,NO
702715,"ENOXAPARINA 40MG/0,4ML SOL. INYECTABLE ",MEDICAMENTOS,JC,CRUZ VERDE,A,Baja,Media móvil,2284.45,0.6,0.13,7.35,307.79,100.0,,0.0,0.0,15796.0,0.0,1579600.0,2022-06-01,0.0,SI
702869,MASCARA P/TRAQUEOSTOMIA ADULTO - 1075,DISPOSITIVOS MEDICO,,,C,Baja,Media móvil,9.33,1.0,0.23,0.37,2.52,8.0,,0.0,0.0,6042.0,0.0,48336.0,2022-06-18,18.0,NO
703178,CLORURO DE SODIO 9% SOL. INYECTABLE x 250ML,MEDICAMENTOS,FRESENIUS,BAXTER,A,Baja,Media móvil,1051.15,0.6,0.13,5.55,143.79,259.0,,0.0,0.0,1360.0,0.0,352240.0,2022-06-04,3.0,NO
703179,HARTMAN SOLUCION INYECTABLE 500 ML,MEDICAMENTOS,FRESENIUS,CURZ VERDE,A,Baja,Regresión Lineal,798.42,0.6,0.13,93.94,198.94,28.0,,0.0,0.0,1460.0,0.0,40880.0,2022-06-01,0.0,SI
703180,CLORURO DE SODIO 9% SOL. INYECTABLE x 500ML,MEDICAMENTOS,FRESENIUS,BAXTER,A,Baja,Media móvil,2440.37,0.6,0.13,3.5,324.44,94.0,,0.0,0.0,1459.0,0.0,137146.0,2022-06-01,0.0,SI
703187,CANISTER 1100ML,DISPOSITIVOS MEDICO,,,C,Baja,Regresión Lineal,14.57,1.0,0.23,2.37,5.72,10.0,,0.0,0.0,816535.0,0.0,8165350.0,2022-06-09,9.0,NO
703366,URGOTUL AG 10X12CM,DISPOSITIVOS MEDICO,,,C,Alta,Regresión Lineal,0.2,1.0,0.23,0.08,0.12,,,,,,,,,,NO
703609,BRAZALETE NEO/5,DISPOSITIVOS MEDICO,,,C,Alta,Regresión Lineal,0.2,1.0,0.23,0.08,0.12,4.0,,0.0,0.0,16927.0,0.0,67708.0,2024-01-22,600.0,NO
703645,NIFEDIPINO CÁPSULA 30MG,MEDICAMENTOS,,,A,Baja,XGBoost,1538.82,1.0,0.23,58.29,412.45,268.0,,9.0,9.0,63.5,571.5,17018.0,2022-06-01,0.0,SI
703652,URSODEOXICOLICO ACIDO TABLETA 300MG,MEDICAMENTOS,SOLINSA,EVEDISA,C,Alta,XGBoost,15.94,1.7,0.39,3.62,9.91,25.0,,0.0,0.0,1215.0,0.0,30375.0,2022-06-29,29.0,NO
703654,OXIDO DE ZINC  5G/CALAMINA 5G /CREMA TÓPICA 5%/60G,MEDICAMENTOS,SOLINSA,CRUZ VERDE,C,Media,Regresión Lineal,9.91,1.7,0.39,1.34,5.25,10.0,,0.0,0.0,15033.0,0.0,150330.0,2022-06-15,15.0,NO
703665,KIT MICRONEBULIZADOR PEDIATRICO,DISPOSITIVOS MEDICO,,,C,Media,XGBoost,2.79,1.0,0.23,0.16,0.8,3.0,,0.0,0.0,3473.0,0.0,10419.0,2022-06-25,24.0,NO
703668,VALPROICO ÁCIDO 500MG/5 ML SOL. INYECTABLE,MEDICAMENTOS,,,B,Media,Media móvil,251.36,1.0,0.23,7.84,65.69,49.0,,0.0,0.0,6134.5,0.0,300590.5,2022-06-01,0.0,SI
703672,ASCORBICO ACIDO 500MG TABLETA  (VITAMINA C),MEDICAMENTOS,SOLINSA,EVEDISA,A,Media,Media móvil,1034.22,1.7,0.39,73.44,481.49,579.0,,7.0,0.0,78.0,0.0,45162.0,2022-06-03,3.0,NO
703686,CARBONATO DE LITIO 300MG TABLETA ,MEDICAMENTOS,,,C,Alta,XGBoost,0.14,1.0,0.23,0.01,0.05,13.0,,3.0,0.0,170.0,0.0,2210.0,2029-12-11,2751.0,NO
703694,DOMPERIDONA 10MG TABLETA ,MEDICAMENTOS,,,C,Alta,Media móvil,0.0,1.0,0.23,0.0,0.0,0.0,,,0.0,0.0,0.0,0.0,2022-06-01,0.0,SI
703708,REMIFENTANIL POLVO LIOFILIZADO 2MG ,CONTROLADOS,COBO MEDICAL,SOLINSA,C,Alta,XGBoost,0.2,1.1,0.26,0.08,0.13,224.0,,0.0,0.0,4817.0,0.0,1079008.0,2115-09-14,34073.0,NO
703723,CLORURO DE SODIO 9% SOL. INYECTABLE x 100ML,MEDICAMENTOS,FRESENIUS,BAXTER,A,Baja,XGBoost,7845.11,0.6,0.13,81.48,1113.22,909.0,,0.0,0.0,1156.0,0.0,1050804.0,2022-06-01,0.0,SI
703730,S/TRACH-CARE 14FR/ 4445P02514  CORTA ,DISPOSITIVOS MEDICO,,,C,Baja,XGBoost,29.23,1.0,0.23,1.18,7.91,7.0,,0.0,0.0,59743.0,0.0,418201.0,2022-06-01,0.0,SI
703735,CLORURO DE SODIO 9% SOL. INYECTABLE x 1000ML,MEDICAMENTOS,FRESENIUS,BAXTER,A,Baja,Media móvil,1073.04,0.6,0.13,9.39,150.51,62.0,,0.0,0.0,2265.0,0.0,140430.0,2022-06-01,0.0,SI
703754,MORFINA 10MG/1ML SOL. INYECTABLE,CONTROLADOS,SECRETARIA DE SALUD,WORLD MEDICAL,B,Baja,Regresión Lineal,194.46,1.1,0.26,44.66,95.81,455.0,,0.0,0.0,2395.0,0.0,1089725.0,2022-07-27,56.0,NO
703755,MORFINA SOLUCION ORAL 30MG/ML x 30ML,CONTROLADOS,SECRETARIA DE SALUD,WORLD MEDICAL,C,Alta,Regresión Lineal,0.0,1.1,0.26,0.0,0.0,5.0,,0.0,0.0,35845.0,0.0,179225.0,,,NO
703775,HARTMAN SOLUCION INYECTABLE 1000 ML,MEDICAMENTOS,FRESENIUS,BAXTER,A,Baja,Regresión Lineal,1684.4,0.6,0.13,164.06,385.58,35.0,,0.0,0.0,2262.0,0.0,79170.0,2022-06-01,0.0,SI
703782,HIDROMORFONA 2MG/1ML SOL. INYECTABLE,MEDICAMENTOS,SECRETARIA DE SALUD,WORLD MEDICAL,B,Media,XGBoost,164.16,1.1,0.26,2.73,45.91,478.0,,0.0,0.0,2192.0,0.0,1047776.0,2022-08-20,80.0,NO
703789,RISPERIDONA 1 MG TABLETA ,MEDICAMENTOS,,,C,Media,Media móvil,25.14,1.0,0.23,1.29,7.07,28.0,,2.0,0.0,260.0,0.0,7280.0,2022-06-26,25.0,NO
704102,HIERRO SACAROSA SOL. INYECTABLE 100MG/5ML,MEDICAMENTOS,,,C,Baja,XGBoost,30.21,1.0,0.23,0.77,7.73,7.0,,0.0,0.0,4075.0,0.0,28525.0,2022-06-01,0.0,SI
704205,"METOTREXATE TABLETA 2,5MG",MEDICAMENTOS,JC,SOLINSA,C,Media,Regresión Lineal,17.29,1.4,0.33,8.05,13.74,21.0,,2.0,0.0,227.0,0.0,4767.0,2022-06-13,13.0,NO
704252,CASPOFUNGINA 50MG POLVO LIOFILIZADO ,MEDICAMENTOS,COBO MEDICAL,EVEDISA,C,Baja,Media móvil,43.75,0.7,0.16,0.33,7.53,22.0,,0.0,0.0,327909.0,0.0,7213998.0,2022-06-11,10.0,NO
704256,CLORURO DE SODIO 9% SOL. INYECTABLE x 50ML,MEDICAMENTOS,FRESENIUS,BAXTER,A,Baja,Media móvil,983.1,0.6,0.13,10.8,140.09,57.0,,0.0,0.0,1377.0,0.0,78489.0,2022-06-01,0.0,SI
704292,FOSFOMICINA GRANULOS PARA SUSPENCIÓN ORAL 3G,MEDICAMENTOS,,,C,Alta,XGBoost,1.69,1.0,0.23,0.12,0.51,5.0,,0.0,0.0,27522.0,0.0,137610.0,2022-08-20,81.0,NO
704298,CONDON  S/LUBRICAR X 3 ,DISPOSITIVOS MEDICO,,,C,Alta,Media móvil,2.81,1.0,0.23,0.27,0.92,5.0,,3.0,0.0,184.0,0.0,920.0,2022-07-15,44.0,NO
704308,ALGODON LAMINADO 3X5 ,DISPOSITIVOS MEDICO,,,C,Alta,Regresión Lineal,0.27,1.0,0.23,0.11,0.17,0.0,,,0.17,0.0,0.0,0.0,2022-06-01,0.0,SI
704336,CIPROFLOXACINO SOLUCIÓN OFTÁLMICA 0.3% x 10 ML ,MEDICAMENTOS,,,C,Alta,Regresión Lineal,0.2,1.0,0.23,0.08,0.12,,,,,,,,,,NO
704346,ACICLOVIR UNGÜENTO TOPICO 5% x 15 GRAMOS,MEDICAMENTOS,,,C,Alta,XGBoost,0.6,1.0,0.23,0.07,0.21,0.0,,,0.21,0.0,0.0,0.0,2022-06-01,0.0,SI
704381,BOLSA OSTOMIA OP/38MM ,DISPOSITIVOS MEDICO,,,C,Alta,Regresión Lineal,0.2,1.0,0.23,0.08,0.12,2.0,,0.0,0.0,8765.0,0.0,17530.0,2023-03-18,291.0,NO
704417,"EPOPROSTENOL TERMOESTABLE 1.5 MG POLVO LIOFILIZADO 1,5MG",MEDICAMENTOS,,,C,Alta,Media móvil,0.0,1.0,0.23,0.0,0.0,,,,,,,,,,NO
704444,"PULMOCARE SOLUCIÓN ORAL 1,5KCAL/1ML (355,5KCAL/237ML)) ALIMENTO PARA PROPÓSITO",NUTRICION,ABBOTT,ALLERS,B,Media,Media móvil,434.06,0.7,0.16,3.51,74.87,88.0,,0.0,0.0,10138.0,0.0,892144.0,2022-06-01,1.0,NO
705183,AGUJA BIOPSIA MEDULA OSEA  DBMNJ1104TL RP-M,DISPOSITIVOS MEDICO,,,C,Media,Media móvil,1.66,1.0,0.23,0.06,0.44,3.0,,0.0,0.0,147059.0,0.0,441177.0,2022-07-18,47.0,NO
705294,ELECTRODO BIPOLAR  6FRX110X10 AI-06210,MEDICAMENTOS,,,C,Media,Media móvil,0.89,1.0,0.23,0.12,0.33,2.0,,0.0,0.0,362908.0,0.0,725816.0,2022-07-28,57.0,NO
705297,PIRIDOXINA CÁPSULA 50MG (VITAMINA B6),MEDICAMENTOS,,,C,Baja,Regresión Lineal,104.19,1.0,0.23,18.83,42.81,38.0,,10.0,4.81,55.0,264.54,2090.0,2022-06-01,0.0,SI
705353,FLUCONAZOL 50 MG/5ML SUSPENSION ,MEDICAMENTOS,SOLINSA,CRUZ VERDE,C,Alta,XGBoost,2.92,1.7,0.39,0.38,1.53,2.0,,0.0,0.0,7156.0,0.0,14312.0,2022-06-05,5.0,NO
705431,CATETER SWAN GANZ 5L 831HF75P,DISPOSITIVOS MEDICO,,,C,Media,XGBoost,1.01,1.0,0.23,0.19,0.42,1.0,,0.0,0.0,209546.0,0.0,209546.0,2022-06-18,17.0,NO
705488,PROPANOLOL TABLETA 40MG,MEDICAMENTOS,SOLINSA,EVEDISA,B,Baja,Regresión Lineal,117.51,1.7,0.39,23.18,69.54,42.0,,11.0,11.0,53.0,583.0,2226.0,2022-06-01,0.0,SI
705498,MULTIVITAMINAS Y MINERALES CON LUTEINA TABLETA -,MEDICAMENTOS,,,C,Alta,XGBoost,5.92,1.0,0.23,2.31,3.67,,,,,,,,,,NO
705505,GASA ESTERIL 7.5 X 7.5 ,DISPOSITIVOS MEDICO,,,C,Media,XGBoost,1.62,1.0,0.23,0.93,1.3,48.0,,2.0,0.0,211.0,0.0,10128.0,2024-10-23,876.0,NO
705561,PREGABALINA CAPSULA 25MG,MEDICAMENTOS,SOLINSA,EVEDISA,C,Alta,Media móvil,0.0,1.7,0.39,0.0,0.0,30.0,,1.0,0.0,474.0,0.0,14220.0,,,NO
705570,AMBRISENTAN 10 MG TABLETA,MEDICAMENTOS,,,C,Alta,Media móvil,7.77,1.0,0.23,1.43,3.21,12.0,,0.0,0.0,270675.0,0.0,3248100.0,2022-07-05,34.0,NO
705579,COLAGENASA UNGUENTO 40 G ,MEDICAMENTOS,,,C,Alta,Media móvil,0.0,1.0,0.23,0.0,0.0,,,,,,,,,,NO
705632,SALBUTAMOL SUSP. PARA INHALACIÓN 100MCG//1PUFF/200PUFF,MEDICAMENTOS,SOLINSA,JC,C,Baja,Media móvil,17.68,1.7,0.39,1.26,8.23,17.0,,0.0,0.0,2815.0,0.0,47855.0,2022-06-16,15.0,NO
705740,MOXIFLOXACINO SOLUCION INFUSION FCO. 400 MG/250 ML  (AVELOX ),MEDICAMENTOS,COBO MEDICAL,CRUZ VERDE,C,Alta,Media móvil,0.0,0.7,0.16,0.0,0.0,3.0,,0.0,0.0,113739.0,0.0,341217.0,,,NO
705846,MEDROXIPROGESTERONA TABLETA 5MG,MEDICAMENTOS,,,C,Alta,Regresión Lineal,0.2,1.0,0.23,0.08,0.12,19.0,,1.0,0.0,295.0,0.0,5605.0,2030-06-01,2922.0,NO
705888,IOBAN REF/6650    ,DISPOSITIVOS MEDICO,,,C,Alta,Regresión Lineal,0.69,1.0,0.23,0.12,0.28,0.0,,,0.28,0.0,0.0,0.0,2022-06-01,0.0,SI
705891,PARCHE OCULAR AD,DISPOSITIVOS MEDICO,,,C,Alta,Regresión Lineal,0.34,1.0,0.23,0.06,0.14,0.0,,,0.14,0.0,0.0,0.0,2022-06-01,0.0,SI
705958,MEMANTINA TABLETA 10MG,MEDICAMENTOS,SOLINSA,EVEDISA,C,Alta,XGBoost,0.54,1.7,0.39,0.15,0.36,0.0,,,0.36,0.0,0.0,0.0,2022-06-01,0.0,SI
705961,MESALAZINA TABLETA 500MG,MEDICAMENTOS,,,C,Alta,XGBoost,9.8,1.0,0.23,1.15,3.4,33.0,,2.0,0.0,218.0,0.0,7194.0,2022-08-31,92.0,NO
706053,ALTEPLASA 50 MG POLVO LIOFILIZADO 50MG,MEDICAMENTOS,EVEDISA,CRUZ VERDE,C,Alta,XGBoost,0.5,0.7,0.16,0.13,0.21,2.0,,0.0,0.0,1358084.0,0.0,2716168.0,2022-09-17,108.0,NO
706122,"FONDAPARINA 2,5MG/0,5ML SOL. INYECTABLE ",MEDICAMENTOS,COBO MEDICAL,CRUZ VERDE,C,Alta,XGBoost,0.74,0.7,0.16,0.04,0.17,0.0,,,0.17,0.0,0.0,0.0,2022-06-01,0.0,SI
706123,CATETER GASTROSTOMIA FLOW-20PUSH/ COOK,DISPOSITIVOS MEDICO,,,C,Baja,Media móvil,9.38,1.0,0.23,0.41,2.57,4.0,,0.0,0.0,531938.0,0.0,2127752.0,2022-06-05,5.0,NO
706175,CATETER YUGULAR CURVO (MAHURKAR CURVO) 5FR,DISPOSITIVOS MEDICO,,,C,Baja,Media móvil,13.36,1.0,0.23,0.4,3.48,8.0,,0.0,0.0,213451.0,0.0,1707608.0,2022-06-11,10.0,NO
706196,"BUDESONIDA/FORMOTEROL POLVO PARA INHALACIÓN 160MCG/4,5MCG/1PUFF x 120PUFF",MEDICAMENTOS,,,C,Alta,Regresión Lineal,0.2,1.0,0.23,0.08,0.12,3.0,,0.0,0.0,101171.0,0.0,303513.0,2023-08-20,446.0,NO
706261,GELATINA FLUIDA MODIFICADA EN SOLUCIÓN IÓNICA SOLUCIÓN INYECTABLE 20G/500ML,MEDICAMENTOS,SOLINSA,CRUZ VERDE,C,Alta,Media móvil,0.0,1.7,0.39,0.0,0.0,1.0,,0.0,0.0,27722.0,0.0,27722.0,,,NO
706577,APLICADOR NITRATO DE PLATA,DISPOSITIVOS MEDICO,,,C,Alta,XGBoost,0.16,1.0,0.23,0.07,0.11,3.0,,0.0,0.0,2509.0,0.0,7527.0,2023-12-15,562.0,NO
706670,ACICLOVIR TABLETA 800MG,MEDICAMENTOS,,,C,Alta,XGBoost,45.6,1.0,0.23,13.93,24.43,20.0,,4.0,4.0,145.0,580.0,2900.0,2022-06-01,0.0,SI
706682,QUETIAPINA TABLETA 100MG,MEDICAMENTOS,,,C,Alta,XGBoost,57.12,1.0,0.23,5.27,18.42,30.0,,5.0,0.0,114.0,0.0,3420.0,2022-06-07,6.0,NO
706722,CALCIO CARBONATO/VITAMINA D TABLETA 600MG/125UI,MEDICAMENTOS,,,C,Alta,Regresión Lineal,53.65,1.0,0.23,20.9,33.25,0.0,,,33.25,0.0,0.0,0.0,2022-06-01,0.0,SI
707118,AZITROMICINA TABLETA 500MG,MEDICAMENTOS,,,C,Alta,XGBoost,34.67,1.0,0.23,3.9,11.87,82.0,,0.0,0.0,781.5,0.0,64083.0,2022-08-01,62.0,NO
707121,CIPROFLOXACINO 500MG TABLETA,MEDICAMENTOS,,,C,Media,XGBoost,27.44,1.0,0.23,2.12,8.44,45.0,,10.0,0.0,54.5,0.0,2452.5,2022-07-11,41.0,NO
707126,ACETAMINOFEN JARABE 150 MG/5 ML FRASCO x 60 ML,MEDICAMENTOS,SOLINSA,CRUZ VERDE,C,Alta,XGBoost,0.73,1.7,0.39,0.14,0.43,4.0,,0.0,0.0,788.0,0.0,3152.0,2022-10-28,149.0,NO
707137,LORATADINA JARABE 1MG/1ML (100MG/100ML),MEDICAMENTOS,SOLINSA,EVEDISA,C,Alta,XGBoost,0.8,1.7,0.39,0.1,0.42,0.0,,,0.42,0.0,0.0,0.0,2022-06-01,0.0,SI
707251,SILDENAFIL TABLETA 50MG,MEDICAMENTOS,SOLINSA,EVEDISA,C,Alta,Media móvil,18.22,1.7,0.39,2.83,10.02,22.0,,8.0,0.0,71.0,0.0,1562.0,2022-06-21,20.0,NO
707258,TRANSDUCTOR PLASTICO,DISPOSITIVOS MEDICO,,,B,Baja,XGBoost,186.33,1.0,0.23,6.54,49.43,23.0,,0.0,0.0,63067.0,0.0,1450541.0,2022-06-01,0.0,SI
707300,SURFACTANTE PULMONAR PORCINO SUSPENSIÓN INYECTABLE 240MG/3ML,MEDICAMENTOS,AMAREY,CRUZ VERDE,C,Alta,XGBoost,0.66,0.3,0.07,0.05,0.09,0.0,,,0.09,0.0,0.0,0.0,2022-06-01,0.0,SI
707547,AGUJA COAXIAL MCXS 14X10,DISPOSITIVOS MEDICO,,,C,Alta,Media móvil,0.0,1.0,0.23,0.0,0.0,0.0,,,0.0,0.0,0.0,0.0,2022-06-01,0.0,SI
707596,ONDANSETRON SOL. INYECTABLE 4MG/2ML,MEDICAMENTOS,JC,DAGO,B,Media,XGBoost,181.9,0.6,0.13,6.64,30.57,55.0,,0.0,0.0,1900.5,0.0,104527.5,2022-06-05,4.0,NO
707597,ONDANSETRON SOL. INYECTABLE 8MG/4ML,MEDICAMENTOS,,,B,Baja,Media móvil,401.59,1.0,0.23,12.75,105.17,115.0,,1.0,0.0,509.0,0.0,58535.0,2022-06-01,1.0,NO
707610,COLECALCIFEROL 25.000 UI,MEDICAMENTOS,,,C,Alta,Media móvil,0.0,1.0,0.23,0.0,0.0,,,,,,,,,,NO
707621,CEFTOLOZANO/TAZOBACTAM 1.5G (1+0.5G) POLVO PARA RECONSTITUCION,MEDICAMENTOS,,,C,Alta,XGBoost,1.69,1.0,0.23,0.18,0.57,20.0,,0.0,0.0,263755.0,0.0,5275100.0,2023-05-17,351.0,NO
707755,METOPROLOL SUCCINATO TABLETA 50MG,MEDICAMENTOS,SOLINSA,EVEDISA,B,Baja,XGBoost,80.9,1.7,0.39,4.08,35.99,32.0,,1.0,1.0,450.0,450.0,14400.0,2022-06-01,0.0,SI
707781,DREN BALKE 19FR REDONDO S/U REF 2232,DISPOSITIVOS MEDICO,,,C,Alta,XGBoost,0.09,1.0,0.23,0.04,0.06,0.0,,,0.06,0.0,0.0,0.0,2022-06-01,0.0,SI
707878,CATETER PREMICATH 28GX1FRX20CM    ,DISPOSITIVOS MEDICO,,,C,Media,XGBoost,1.67,1.0,0.23,0.25,0.63,5.0,,0.0,0.0,258391.0,0.0,1291955.0,2022-08-19,80.0,NO
708178,AGUJA P/ASPIRACION DE MEDULA OSEA DBMNI 1501 RP.M,DISPOSITIVOS MEDICO,,,C,Baja,Media móvil,3.85,1.0,0.23,0.11,1.0,4.0,,0.0,0.0,90214.0,0.0,360856.0,2022-06-24,24.0,NO
708344,JERINGA  5ML LIBRE DE LATEX,DISPOSITIVOS MEDICO,,,A,Baja,Regresión Lineal,6743.64,1.0,0.23,243.77,1795.81,540.0,,2.0,2.0,214.0,428.0,115560.0,2022-06-01,0.0,SI
708346,JERINGA 20ML ,DISPOSITIVOS MEDICO,,,A,Baja,XGBoost,635.69,1.0,0.23,2.63,148.94,73.0,,1.0,1.0,322.0,322.0,23506.0,2022-06-01,0.0,SI
708363,CIANOCOBALAMINA 1MG/1ML (VITAMINA B12) SOL. INYECTABLE,MEDICAMENTOS,SOLINSA,EVEDISA,C,Media,XGBoost,30.61,1.7,0.39,6.81,18.88,16.0,,0.0,0.0,912.0,0.0,14592.0,2022-06-01,0.0,SI
708677,DOMPERIDONA 1MG/1ML SUSPENSION,MEDICAMENTOS,SOLINSA,CRUZ VERDE,C,Media,XGBoost,3.73,1.7,0.39,0.51,1.98,3.0,,0.0,0.0,31188.0,0.0,93564.0,2022-06-09,8.0,NO
708756,CATETER RECTO COAXIAL 2L 11FR X 20CM (MAHURKAR RECTO),DISPOSITIVOS MEDICO,,,C,Baja,XGBoost,9.46,1.0,0.23,0.64,2.82,7.0,,0.0,0.0,170692.0,0.0,1194844.0,2022-06-14,13.0,NO
708771,HARTMAN SOLUCION INYECTABLE 3000 ML,MEDICAMENTOS,FRESENIUS,BAXTER,C,Alta,XGBoost,1.38,0.6,0.13,0.41,0.59,,,,,,,,,,NO
708786,SENSOR NEONATAL PULSOXIMETRO,DISPOSITIVOS MEDICO,,,C,Baja,XGBoost,37.72,1.0,0.23,4.57,13.25,14.0,,0.0,0.0,45106.0,0.0,631484.0,2022-06-01,1.0,NO
708833,QUETIAPINA TABLETA 25MG,MEDICAMENTOS,,,B,Media,Media móvil,302.75,1.0,0.23,23.37,93.05,0.0,,,93.05,0.0,0.0,0.0,2022-06-01,0.0,SI
708836,TOPIRAMATO TABLETA 100MG,MEDICAMENTOS,,,C,Alta,Media móvil,0.0,1.0,0.23,0.0,0.0,17.0,,1.0,0.0,534.0,0.0,9078.0,,,NO
708852,TRAMPA DE LUKEN    ,DISPOSITIVOS MEDICO,,,C,Media,XGBoost,72.35,1.0,0.23,10.26,26.91,17.0,,0.0,0.0,5500.0,0.0,93500.0,2022-06-01,0.0,SI
708883,AQUACEL AG+ APOSITO 20 X 30 ,DISPOSITIVOS MEDICO,,,C,Baja,XGBoost,3.25,1.0,0.23,0.18,0.93,4.0,,0.0,0.0,130401.0,0.0,521604.0,2022-06-29,29.0,NO
708919,ZIDOVUDINA SOLUCIÓN INYECTABLE 10MG/1ML,MEDICAMENTOS,COBO MEDICAL,CRUZ VERDE,C,Alta,XGBoost,0.14,0.7,0.16,0.06,0.08,0.0,,,0.08,0.0,0.0,0.0,2022-06-01,0.0,SI
709134,LEVETIRACETAM TABLETA 500MG,MEDICAMENTOS,COBO MEDICAL,CRUZ VERDE,B,Media,XGBoost,184.68,0.7,0.16,11.94,42.3,17.0,,0.0,0.0,607.0,0.0,10319.0,2022-06-01,0.0,SI
709707,CATETER VENOSO CENTRAL (CVC) BILUMEN 7FRX20CM ,DISPOSITIVOS MEDICO,,,C,Media,XGBoost,5.63,1.0,0.23,1.16,2.45,11.0,,0.0,0.0,84003.0,0.0,924033.0,2022-07-17,46.0,NO
709736,"ALPRAZOLAM TABLETA 0,25 MG ",CONTROLADOS,,,B,Media,XGBoost,128.31,1.0,0.23,3.05,32.58,401.0,,11.0,0.0,53.0,0.0,21253.0,2022-08-27,87.0,NO
709757,DIAZEPAM SOLUCIÓN INYECTABLE 10MG/2ML ,CONTROLADOS,JC,DAGO,C,Media,Media móvil,1.69,1.1,0.26,0.13,0.57,76.0,,0.0,0.0,1108.0,0.0,84208.0,2026-02-15,1356.0,NO
710039,SEDA  0 CS424 (GS-21)SOFSILK  TYCO,DISPOSITIVOS MEDICO,,,C,Alta,Regresión Lineal,1.87,1.0,0.23,0.38,0.82,26.0,,0.0,0.0,5100.0,0.0,132600.0,2023-07-15,409.0,NO
710045,SEDA 3-0 SS684( C-14)SOFSILK,DISPOSITIVOS MEDICO,,,C,Baja,Media móvil,11.21,1.0,0.23,0.76,3.34,7.0,,0.0,0.0,4936.0,0.0,34552.0,2022-06-10,10.0,NO
710108,SURGIPRO 4-0 SP5682 (P-12) TYCO,DISPOSITIVOS MEDICO,,,C,Alta,Media móvil,0.0,1.0,0.23,0.0,0.0,0.0,,,0.0,0.0,0.0,0.0,2022-06-01,0.0,SI
710110,SEDA 2-0 SS685 (C-15) SOFSILK CURVA,DISPOSITIVOS MEDICO,,,C,Media,Media móvil,0.0,1.0,0.23,0.0,0.0,,,,,,,,,,NO
710111,SEDA 2-0 SS623 (SC-2) SOFSILK RECTA,DISPOSITIVOS MEDICO,,,C,Baja,Media móvil,82.2,1.0,0.23,2.84,21.75,,,,,,,,,,NO
710176,PROPOFOL SOLUCIÓN INYECTABLE 10MG/1ML (500MG/50ML),MEDICAMENTOS,,,C,Alta,Media móvil,2.74,1.0,0.23,0.51,1.14,9.0,,0.0,0.0,12909.0,0.0,116181.0,2022-08-27,87.0,NO
710356,"CARVEDILOL TABLETA 6,25MG",MEDICAMENTOS,SOLINSA,EVEDISA,B,Baja,XGBoost,457.64,1.7,0.39,18.2,198.76,1.0,,42.0,42.0,13.67,574.0,13.67,2022-06-01,0.0,SI
710703,HIDROXICARBAMIDA CÁPSULA 500MG,MEDICAMENTOS,SOLINSA,EVEDISA,C,Media,Regresión Lineal,23.49,1.7,0.39,8.57,17.84,24.0,,0.0,0.0,1215.0,0.0,29160.0,2022-06-08,8.0,NO
710768,CYSTOFLOW 500 ML,DISPOSITIVOS MEDICO,,,C,Baja,Regresión Lineal,15.8,1.0,0.23,6.48,10.12,6.0,,0.0,0.0,4137.0,0.0,24822.0,2022-06-01,0.0,SI
711321,ADAPTADOR P/CO-SET REF-93505,DISPOSITIVOS MEDICO,,,C,Alta,XGBoost,0.82,1.0,0.23,0.29,0.48,3.0,,0.0,0.0,37479.0,0.0,112437.0,2022-09-02,94.0,NO
711417,AZUL DE METILENO 1% x 5ML,MEDICAMENTOS,,,C,Media,Media móvil,3.26,1.0,0.23,0.51,1.26,5.0,,0.0,0.0,8897.0,0.0,44485.0,2022-07-06,35.0,NO
711979,"FLUDROCORTISONA TABLETA 0,1MG",MEDICAMENTOS,SOLINSA,EVEDISA,C,Alta,XGBoost,4.24,1.7,0.39,1.24,2.91,52.0,,0.0,0.0,1739.0,0.0,90428.0,2023-05-19,352.0,NO
712599,ARTEMETER/LUMEFANTRINA TABLETA 20/120MG,MEDICAMENTOS,,,C,Alta,XGBoost,22.44,1.0,0.23,2.52,7.69,,,,,,,,,,NO
712920,SONDA FOLEY 2 VIAS 8X3 SILICONADA PEDIATRICA ,DISPOSITIVOS MEDICO,,,C,Alta,Regresión Lineal,0.0,1.0,0.23,0.0,0.0,1.0,,0.0,0.0,24400.0,0.0,24400.0,,,NO
712991,CANULA NASAL OXIGENO PEDIATRICA NO ESTERIL ,DISPOSITIVOS MEDICO,,,C,Alta,Media móvil,0.0,1.0,0.23,0.0,0.0,,,,,,,,,,NO
713099,CATETER VENOSO CENTRAL TRILUMEN (CVC) 7FRX20CM ,DISPOSITIVOS MEDICO,,,C,Baja,Media móvil,33.0,1.0,0.23,0.65,8.24,18.0,,0.0,0.0,94418.0,0.0,1699524.0,2022-06-10,9.0,NO
713258,"ALPRAZOLAM TABLETA 0,50 MG ",CONTROLADOS,,,C,Media,XGBoost,34.2,1.0,0.23,7.59,15.46,307.0,,11.0,0.0,49.0,0.0,15043.0,2023-02-15,260.0,NO
713549,LOPINAVIR/RITONAVIR TABLETA 200MG/50MG,MEDICAMENTOS,,,C,Alta,XGBoost,0.46,1.0,0.23,0.12,0.23,0.0,,,0.23,0.0,0.0,0.0,2022-06-01,0.0,SI
713679,APOSITO ESTERIL 1685 IV (TEGADERM 8.5 X 11.5),DISPOSITIVOS MEDICO,,,B,Baja,Media móvil,250.43,1.0,0.23,2.04,59.67,51.0,,0.0,0.0,5702.0,0.0,290802.0,2022-06-01,0.0,SI
713842,ESTILETE GUIA ENDOTRAQUEAL 14MM,DISPOSITIVOS MEDICO,,,C,Alta,Regresión Lineal,25.07,1.0,0.23,3.27,9.04,7.0,,0.0,0.0,3099.0,0.0,21693.0,2022-06-01,0.0,SI
713863,INMUNOGLOBULINA HUMANA ANTIHEPATITIS B SOLUCIÓN INYECTABLE 50UI/1ML (100UI/2ML),MEDICAMENTOS,AMAREY,CRUZ VERDE,C,Alta,Media móvil,0.45,0.3,0.07,0.05,0.07,,,,,,,,,,NO
713981,PIRIDOSTIGMINA TABLETA 60MG,MEDICAMENTOS,,,C,Alta,Regresión Lineal,4.48,1.0,0.23,1.66,2.69,10.0,,0.0,0.0,924.5,0.0,9245.0,2022-07-20,50.0,NO
714048,LAGRIMAS ARTIFICIALES SOLUCIÓN OFTÁLMICA 5MG/1ML (75MG/15ML),MEDICAMENTOS,,,C,Alta,Media móvil,0.0,1.0,0.23,0.0,0.0,,,,,,,,,,NO
714463,RIVAROXABAN TABLETA 20MG,MEDICAMENTOS,,,C,Alta,Regresión Lineal,0.0,1.0,0.23,0.0,0.0,13.0,,0.0,0.0,6071.0,0.0,78923.0,,,NO
714819,MOSAPRIDA TABLETA 5MG,MEDICAMENTOS,,,C,Alta,Media móvil,0.0,1.0,0.23,0.0,0.0,9.0,,0.0,0.0,2333.0,0.0,20997.0,,,NO
714878,"GLUCERNA SOLUCIÓN ORAL 0,93KCAL/1ML (220,4KCAL/237ML)) ALIMENTO LIQUIDO CON CA",NUTRICION,ABBOTT,COBO,C,Alta,XGBoost,1.27,0.7,0.16,0.64,0.85,0.0,,,0.85,0.0,0.0,0.0,2022-06-01,0.0,SI
714955,CLOZAPINA TABLETA 25 MG,CONTROLADOS,SOLINSA,EVEDISA,B,Baja,Regresión Lineal,258.33,1.1,0.26,44.06,112.01,389.0,,14.0,0.0,39.0,0.0,15171.0,2022-07-03,33.0,NO
715020,DULOXETINA TABLETA 30MG,MEDICAMENTOS,,,C,Alta,Regresión Lineal,0.98,1.0,0.23,0.38,0.61,12.0,,0.0,0.0,3024.0,0.0,36288.0,2023-05-19,353.0,NO
715068,SET DE LINEA (CATETER ARTERIAL CATH 20X8),DISPOSITIVOS MEDICO,,,B,Baja,Media móvil,116.95,1.0,0.23,2.46,29.38,27.0,,0.0,0.0,30168.0,0.0,814536.0,2022-06-01,0.0,SI
715131,CEFOTAXIMA SOLUCIÓN INYECTABLE 1G,MEDICAMENTOS,JC,DAGO,C,Alta,XGBoost,1.34,0.6,0.13,0.02,0.19,19.0,,0.0,0.0,1768.0,0.0,33592.0,2023-08-01,426.0,NO
715385,CAFEINA CITRATO 20MG/ML SOL. INYECTABLE (10MG/ML CAFEINA BASE),MEDICAMENTOS,,,B,Media,XGBoost,140.23,1.0,0.23,15.61,47.88,105.0,,0.0,0.0,7112.0,0.0,746760.0,2022-06-13,12.0,NO
715460,BOLSA ACTIVE LIFE ADULTO-22771 ,DISPOSITIVOS MEDICO,,,C,Media,XGBoost,18.86,1.0,0.23,1.07,5.41,13.0,,0.0,0.0,19820.0,0.0,257660.0,2022-06-13,12.0,NO
715545,LORAZEPAM TABLETA 2MG,CONTROLADOS,SOLINSA,EVEDISA,B,Media,Regresión Lineal,513.31,1.1,0.26,178.4,313.42,63.0,,17.0,17.0,34.0,578.0,2142.0,2022-06-01,0.0,SI
715571,ACIDO POLIACRILICO 0.2% GEL OFTALMICO ESTERIL,MEDICAMENTOS,,,C,Alta,Media móvil,0.0,1.0,0.23,0.0,0.0,4.0,,0.0,0.0,22200.0,0.0,88800.0,,,NO
715576,DORIPENEM POLVO LIOFILIZADO 500MG,MEDICAMENTOS,,,C,Alta,Media móvil,103.58,1.0,0.23,10.31,34.15,48.0,,0.0,0.0,27539.0,0.0,1321872.0,2022-06-05,4.0,NO
715623,OXICODONA TABLETA DE LIBERACIÓN CONTROLADA 10MG ,CONTROLADOS,SOLINSA,CRUZ VERDE,C,Media,XGBoost,60.9,1.1,0.26,13.55,29.57,431.0,,1.0,0.0,307.0,0.0,132317.0,2022-12-18,201.0,NO
715706,CAUCHO TUBO P/SUCCION 3MT ESTERIL  ,DISPOSITIVOS MEDICO,,,B,Baja,XGBoost,145.66,1.0,0.23,0.91,34.43,19.0,,0.0,0.0,2473.0,0.0,46987.0,2022-06-01,0.0,SI
715794,GLUTAPAK R POLVO PARA SOLUCIÓN ORAL 15G) ALIMENTO A BASE DE GLUTAMINA Y LACTOB,NUTRICION,AMAREY,CRUZ VERDE,C,Baja,Media móvil,80.21,0.3,0.07,3.31,8.58,22.0,,0.0,0.0,30098.0,0.0,662156.0,2022-06-06,5.0,NO
715826,PLEUR-EVAC 2500CC -A8000106 (PLEUROVAC),DISPOSITIVOS MEDICO,,,C,Baja,XGBoost,7.12,1.0,0.23,0.92,2.56,3.0,,0.0,0.0,117850.0,0.0,353550.0,2022-06-02,2.0,NO
716204,KETAMINA SOL. INYECTABLE 500MG,CONTROLADOS,WORDL MEDICAL,,C,Alta,Media móvil,1.34,1.1,0.26,0.06,0.42,12.0,,0.0,0.0,13075.0,0.0,156900.0,2023-02-18,262.0,NO
716715,CLONAZEPAM TABLETA 2 MG ,CONTROLADOS,SOLINSA,CRUZ VERDE,C,Alta,Media móvil,54.62,1.1,0.26,4.84,19.2,124.0,,8.0,0.0,65.0,0.0,8060.0,2022-07-29,58.0,NO
716732,IBUPROFENO 10MG/2ML SOL. INYECTABLE,MEDICAMENTOS,,,C,Alta,XGBoost,0.19,1.0,0.23,0.06,0.1,,,,,,,,,,NO
716753,BOLSA RECOLECTORA 1000 CC REF: Z-01000,DISPOSITIVOS MEDICO,,,C,Alta,XGBoost,1.71,1.0,0.23,0.09,0.49,0.0,,,0.49,0.0,0.0,0.0,2022-06-01,0.0,SI
716754,CONECTOR EN Y -SUPLESALUD,DISPOSITIVOS MEDICO,,,C,Alta,Regresión Lineal,0.0,1.0,0.23,0.0,0.0,,,,,,,,,,NO
716842,TERLIPRESINA ACETATO 1MG,MEDICAMENTOS,JC,SOLINSA,C,Alta,XGBoost,13.8,0.6,0.13,0.07,1.88,35.0,,0.0,0.0,102704.0,0.0,3594640.0,2022-08-13,73.0,NO
716958,CATETER  UMBILICAL 2.5 FR,DISPOSITIVOS MEDICO,,,C,Alta,XGBoost,0.75,1.0,0.23,0.1,0.27,11.0,,0.0,0.0,30741.0,0.0,338151.0,2023-08-12,437.0,NO
717140,NUTRICION ENTERAL CETOGENICA 300 G LATA,NUTRICION,,,C,Alta,Media móvil,0.0,1.0,0.23,0.0,0.0,,,,,,,,,,NO
717160,PROGESTERONA CÁPSULA 200MG,MEDICAMENTOS,,,C,Alta,XGBoost,0.17,1.0,0.23,0.04,0.08,18.0,,0.0,0.0,3264.0,0.0,58752.0,2031-05-17,3273.0,NO
717191,MOXIFLOXACINO TABLETA 400MG,MEDICAMENTOS,,,C,Alta,Media móvil,6.08,1.0,0.23,0.6,2.0,,,,,,,,,,NO
717218,"CLONAZEPAM SOL. ORAL 2,5MG/1ML x 20ML",CONTROLADOS,,,C,Media,Regresión Lineal,1.93,1.0,0.23,0.23,0.67,29.0,,0.0,0.0,4271.0,0.0,123859.0,2023-08-22,448.0,NO
717219,"CLONAZEPAM TABLETA 0,5 MG ",CONTROLADOS,,,B,Media,Regresión Lineal,148.07,1.0,0.23,35.49,69.57,345.0,,8.0,0.0,66.0,0.0,22770.0,2022-07-27,57.0,NO
717248,N-ACETILCISTEINA GRANULOS PARA SUSPENCIÓN ORAL 600MG,MEDICAMENTOS,SOLINSA,CRUZ VERDE,C,Alta,XGBoost,0.55,1.7,0.39,0.13,0.34,34.0,,2.0,0.0,232.0,0.0,7888.0,2027-07-07,1863.0,NO
717262,OXITOCINA 10UI SOL. INYECTABLE,CONTROLADOS,FRESENIUS,CRUZ VERDE,C,Alta,XGBoost,1.38,1.1,0.26,0.26,0.62,635.0,,0.0,0.0,1070.0,0.0,679450.0,2060-08-19,13959.0,NO
717274,PREGABALINA TABLETA 75MG,MEDICAMENTOS,,,B,Media,XGBoost,139.7,1.0,0.23,8.36,40.51,97.0,,7.0,0.0,74.0,0.0,7178.0,2022-06-13,12.0,NO
717280,SACUBITRIL/ VALSARTAN 100 MG TABLETA,MEDICAMENTOS,EVEDISA,CRUZ VERDE,C,Alta,XGBoost,0.21,0.7,0.16,0.08,0.11,10.0,,0.0,0.0,4912.0,0.0,49120.0,2026-05-04,1434.0,NO
717389,VASO DESECHABLE 7 ONZ,DISPOSITIVOS MEDICO,,,A,Alta,XGBoost,201.03,1.0,0.23,45.41,91.68,0.0,,,91.68,0.0,0.0,0.0,2022-06-01,0.0,SI
717421,NUTRAMIGEN PREMIUM CON LGG 357G LATA,MEDICAMENTOS,,,C,Alta,Media móvil,0.0,1.0,0.23,0.0,0.0,,,,,,,,,,NO
717432,FLUTICASONA/SALMETEROL SUSPENSIÓN PARA INHALACIÓN 250MCG/25MCG/1PUFF/120PUFF,MEDICAMENTOS,,,C,Media,Regresión Lineal,1.83,1.0,0.23,0.48,0.9,3.0,,0.0,0.0,78130.0,0.0,234390.0,2022-07-05,35.0,NO
717442,BUDESONIDA/FORMOTEROL SUSPENSIÓN PARA INHALACIÓN 320MCG/9MCG/1PUFF/60PUFF,MEDICAMENTOS,,,C,Alta,Media móvil,0.45,1.0,0.23,0.08,0.19,0.0,,,0.19,0.0,0.0,0.0,2022-06-01,0.0,SI
717450,N-ACETILCISTEINA SOLUCIÓN INYECTABLE 300MG/3ML,MEDICAMENTOS,SOLINSA,CRUZ VERDE,C,Alta,Regresión Lineal,16.41,1.7,0.39,7.85,14.32,12.0,,0.0,0.0,3374.0,0.0,40488.0,2022-06-01,0.0,SI
717455,IVABRADINE TABLETA 5MG,MEDICAMENTOS,SOLINSA,EVEDISA,C,Alta,Media móvil,0.0,1.7,0.39,0.0,0.0,6.0,,0.0,0.0,1322.0,0.0,7932.0,,,NO
717519,OMEPRAZOL POLVO LIOFILIZADO 40MG,MEDICAMENTOS,JC,DAGO,A,Baja,XGBoost,1616.21,0.6,0.13,11.49,224.04,217.0,,0.0,0.0,744.5,0.0,161556.5,2022-06-01,0.0,SI
717705,DABIGATRAN CÁPSULA 150MG,MEDICAMENTOS,,,C,Alta,XGBoost,0.34,1.0,0.23,0.19,0.26,,,,,,,,,,NO
717716,TERMOMETRO,DISPOSITIVOS MEDICO,,,B,Baja,XGBoost,288.28,1.0,0.23,7.69,74.04,61.0,,0.0,0.0,5945.0,0.0,362645.0,2022-06-01,0.0,SI
717763,LACOSAMIDA TABLETA 100MG,MEDICAMENTOS,SOLINSA,EVEDISA,C,Alta,Media móvil,115.78,1.7,0.39,14.85,60.53,55.0,,0.0,0.0,4561.0,0.0,250855.0,2022-06-01,0.0,SI
717813,BOLSA OSTOMIA OP/100MM,DISPOSITIVOS MEDICO,,,C,Alta,XGBoost,4.25,1.0,0.23,0.61,1.59,8.0,,0.0,0.0,9584.0,0.0,76672.0,2022-07-16,46.0,NO
717814,BARRERA STOMAHESIVE 100MM ,DISPOSITIVOS MEDICO,,,C,Media,XGBoost,4.1,1.0,0.23,0.21,1.16,6.0,,0.0,0.0,23298.0,0.0,139788.0,2022-07-06,36.0,NO
717825,TENOFOVIR/EMTRICITABINA 300MG/200MG TABLETA,MEDICAMENTOS,SOLINSA,EVEDISA,C,Alta,XGBoost,8.04,1.7,0.39,1.39,4.56,31.0,,1.0,0.0,303.0,0.0,9393.0,2022-09-09,100.0,NO
717838,MECHAS NASALES REF 2248 ,DISPOSITIVOS MEDICO,,,C,Alta,Media móvil,1.43,1.0,0.23,0.21,0.54,,,,,,,,,,NO
717864,"TAMSULOSINA CÁPSULA DE LIBERACIÓN CONTROLADA 0,4MG",MEDICAMENTOS,SOLINSA,EVEDISA,C,Media,XGBoost,24.21,1.7,0.39,4.45,14.0,48.0,,1.0,0.0,498.0,0.0,23904.0,2022-07-13,43.0,NO
717923,INSULINA GLULISINA SOL. INYECTABLE 100UI/ML x 10ML (1000UI),MEDICAMENTOS,,,C,Baja,XGBoost,18.57,1.0,0.23,1.69,5.96,7.0,,0.0,0.0,66404.0,0.0,464828.0,2022-06-02,2.0,NO
718001,ESCITALOPRAN 10MG TABLETA ,MEDICAMENTOS,,,C,Media,XGBoost,60.21,1.0,0.23,8.44,22.3,42.0,,2.0,0.0,281.0,0.0,11802.0,2022-06-10,10.0,NO
718005,ABACAVIR/LAMIVUDINA TABLETA 600MG/300MG,MEDICAMENTOS,JC,SOLINSA,C,Alta,XGBoost,1.72,0.6,0.13,0.18,0.4,23.0,,0.0,0.0,2168.0,0.0,49864.0,2023-07-06,401.0,NO
718072,ENTEREX POLVO PARA SOLUCIÓN ORAL 110G ALIMENTO PARA USOS NUTRICIONALES ESPECIALE,NUTRICION,AMAREY,CRUZ VERDE,C,Alta,XGBoost,7.12,0.3,0.07,1.67,2.14,16.0,,0.0,0.0,50684.0,0.0,810944.0,2022-07-30,59.0,NO
718218,ELECTRODO PEDIATRICO,MEDICAMENTOS,,,B,Baja,Media móvil,262.88,1.0,0.23,5.52,66.02,72.0,,1.0,0.0,333.0,0.0,23976.0,2022-06-01,1.0,NO
718219,ELECTRODO ADULTO,MEDICAMENTOS,,,A,Baja,Regresión Lineal,2114.35,1.0,0.23,157.91,644.53,918.0,,2.0,0.0,292.0,0.0,268056.0,2022-06-04,4.0,NO
718228,GABAPENTIN 400MG CAPSULA ,MEDICAMENTOS,,,C,Alta,Media móvil,0.0,1.0,0.23,0.0,0.0,32.0,,2.0,0.0,250.0,0.0,8000.0,,,NO
718292,LORAZEPAM TABLETA 1MG,MEDICAMENTOS,,,B,Alta,Regresión Lineal,339.49,1.0,0.23,134.41,212.55,78.0,,2.0,2.0,221.0,442.0,17238.0,2022-06-01,0.0,SI
718376,ATAZANAVIR 300MG CAPSULA,MEDICAMENTOS,SOLINSA,EVEDISA,C,Alta,Media móvil,0.0,1.7,0.39,0.0,0.0,24.0,,0.0,0.0,5132.0,0.0,123168.0,,,NO
718747,RIFAXIMINA CÁPSULA 200MG,MEDICAMENTOS,SOLINSA,EVEDISA,C,Media,Regresión Lineal,89.34,1.7,0.39,39.68,74.93,65.0,,1.0,1.0,554.0,554.0,36010.0,2022-06-01,0.0,SI
718798,SERTRALINA TABLETA 50MG,MEDICAMENTOS,SOLINSA,EVEDISA,B,Baja,XGBoost,75.95,1.7,0.39,0.66,30.63,,,,,,,,,,NO
718800,MIRTAZAPINA TABLETA 30MG,MEDICAMENTOS,,,C,Alta,XGBoost,1.19,1.0,0.23,0.46,0.73,,,,,,,,,,NO
718999,INMUNOGLOBULINA HUMANA NORMAL  5G/100ML (50MG/ML) SOL. INYECTABLE ,MEDICAMENTOS,AMAREY,CRUZ VERDE,C,Alta,XGBoost,0.36,0.3,0.07,0.04,0.06,16.0,,0.0,0.0,736552.0,0.0,11784832.0,2026-02-20,1360.0,NO
719016,ACETAMINOFEN/CODEINA TABLETA 325MG/8MG,MEDICAMENTOS,SOLINSA,EVEDISA,C,Alta,XGBoost,0.59,1.7,0.39,0.02,0.26,,,,,,,,,,NO
719059,METADONA TABLETA 10MG ,CONTROLADOS,SECRETARIA DE SALUD,WORLD MEDICAL,C,Media,Regresión Lineal,171.0,1.1,0.26,29.3,74.28,,,,,,,,,,NO
719158,RIVAROXABAN TABLETA 15MG,MEDICAMENTOS,SOLINSA,EVEDISA,C,Alta,Regresión Lineal,0.0,1.7,0.39,0.0,0.0,,,,,,,,,,NO
719225,"DUTASTERIDA/TAMSULOSINA CÁPSULA 0,5MG/0,4MG (0,9MG)",MEDICAMENTOS,COBO MEDICAL,CRUZ VERDE,C,Media,Media móvil,20.52,0.7,0.16,1.68,5.05,,,,,,,,,,NO
719246,"BISOPROLOL TABLETA 2,5MG",MEDICAMENTOS,SOLINSA,EVEDISA,C,Alta,XGBoost,2.18,1.7,0.39,0.14,1.0,,,,,,,,,,NO
719247,INSULINA DETERMIR SOL. INYECTABLE 100UI/ML x 3ML (300UI),MEDICAMENTOS,SOLINSA,CRUZ VERDE,C,Media,XGBoost,2.03,1.7,0.39,0.01,0.81,,,,,,,,,,NO
719274,MASCARA VENTURY PEDIATRICA,DISPOSITIVOS MEDICO,,,C,Media,XGBoost,2.62,1.0,0.23,0.82,1.43,,,,,,,,,,NO
719275,AGUJA P/INSULINA TIPO LAPICERO,DISPOSITIVOS MEDICO,,,C,Media,Media móvil,64.72,1.0,0.23,1.57,16.46,,,,,,,,,,NO
719419,INSULINA ASPARTATO SOL. INYECTABLE 100UI/ML x 10ML (1000UI),MEDICAMENTOS,SOLINSA,CRUZ VERDE,C,Media,XGBoost,3.5,1.7,0.39,0.53,1.91,6.0,,0.0,0.0,19828.0,0.0,118968.0,2022-07-06,36.0,NO
719423,LOPINAVIR/RITONAVIR 80MG/20MG/ML SUSPENSION ORAL  ,MEDICAMENTOS,,,B,Alta,XGBoost,695.02,1.0,0.23,90.97,250.92,47.0,,0.0,0.0,870.0,0.0,40890.0,2022-06-01,0.0,SI
719455,S/FOLEY 3V  20FR SILICONA,DISPOSITIVOS MEDICO,,,C,Alta,Regresión Lineal,0.0,1.0,0.23,0.0,0.0,0.0,,,0.0,0.0,0.0,0.0,2022-06-01,0.0,SI
719533,CAOLIN/PECTINA SUSPENSIÓN ORAL 20G/1G/120ML,MEDICAMENTOS,,,C,Alta,Regresión Lineal,0.0,1.0,0.23,0.0,0.0,3.0,,0.0,0.0,8747.0,0.0,26241.0,,,NO
719540,"GLUCERNA SOLUCIÓN ORAL 1,5KCAL/1ML (1500KCAL/1000ML)) ALIMENTO LÍQUIDO PARA PR",NUTRICION,ABBOTT,COBO,C,Media,XGBoost,9.5,0.7,0.16,1.54,3.11,5.0,,0.0,0.0,49181.0,0.0,245905.0,2022-06-07,6.0,NO
719561,OXIBUTININA TABLETA 5MG,MEDICAMENTOS,SOLINSA,EVEDISA,C,Alta,Regresión Lineal,0.0,1.7,0.39,0.0,0.0,2.0,,0.0,0.0,659.0,0.0,1318.0,,,NO
719612,CATETER 2L 4FRX5CM 22G PEDIAT. REF- CS12402,DISPOSITIVOS MEDICO,,,C,Alta,XGBoost,0.89,1.0,0.23,0.12,0.33,0.0,,,0.33,0.0,0.0,0.0,2022-06-01,0.0,SI
719618,BOLSA RECOLECTORA 200CC -SUPLESALUD,DISPOSITIVOS MEDICO,,,C,Alta,Media móvil,0.0,1.0,0.23,0.0,0.0,1.0,,0.0,0.0,178735.0,0.0,178735.0,,,NO
719619,"APIXABAN TABLETA 2,5MG",MEDICAMENTOS,SOLINSA,EVEDISA,C,Alta,Regresión Lineal,5.21,1.7,0.39,2.66,4.72,18.0,,0.0,0.0,3458.0,0.0,62244.0,2022-08-17,78.0,NO
719669,CANULA FENESTRADA  8 C/BALON ,DISPOSITIVOS MEDICO,,,C,Alta,Media móvil,0.0,1.0,0.23,0.0,0.0,0.0,,,0.0,0.0,0.0,0.0,2022-06-01,0.0,SI
719743,"FONDAPARINA 7,5MG/0,6ML SOL. INYECTABLE ",MEDICAMENTOS,COBO MEDICAL,CRUZ VERDE,C,Alta,XGBoost,1.17,0.7,0.16,0.26,0.46,3.0,,0.0,0.0,59908.0,0.0,179724.0,2022-08-05,66.0,NO
719747,BROMURO DE GLICOPIRRONIO 50 MCG POLVO PARA INHALACION EN CAPSULAS,MEDICAMENTOS,,,C,Alta,Media móvil,13.7,1.0,0.23,2.52,5.68,,,,,,,,,,NO
719766,LIDOCAINA SOL. INYECTABLE 2% x 10ML,CONTROLADOS,PISA,DAGO,B,Baja,XGBoost,162.9,1.1,0.26,14.08,56.93,35.0,,0.0,0.0,906.0,0.0,31710.0,2022-06-01,0.0,SI
719773,ACETAMINOFEN/CODEINA TABLETA 325MG/30MG,MEDICAMENTOS,,,C,Alta,XGBoost,0.73,1.0,0.23,0.3,0.47,13.0,,3.0,0.0,147.0,0.0,1911.0,2023-11-02,520.0,NO
719819,LINEZOLID 600MG SOL. INYECTABLE ,MEDICAMENTOS,,,C,Baja,Regresión Lineal,119.67,1.0,0.23,35.16,62.71,57.0,,0.0,0.0,50003.0,0.0,2850171.0,2022-06-01,0.0,SI
719841,LIDOCAINA/EPINEFRINA SOLUCIÓN INYECTABLE 2%/50ML,MEDICAMENTOS,,,C,Alta,XGBoost,1.16,1.0,0.23,0.27,0.54,3.0,,0.0,0.0,7744.0,0.0,23232.0,2022-08-04,64.0,NO
719849,CANULA 7.0 C/B  FENESTRADA TRACOE REF- T 302-07,DISPOSITIVOS MEDICO,,,C,Alta,Media móvil,0.45,1.0,0.23,0.08,0.19,0.0,,,0.19,0.0,0.0,0.0,2022-06-01,0.0,SI
719877,BARRERA  57 MM REF 411451 CONVEX  SUR-FIT PLUS ,DISPOSITIVOS MEDICO,,,C,Alta,XGBoost,2.93,1.0,0.23,0.28,0.95,6.0,,0.0,0.0,28124.0,0.0,168744.0,2022-07-23,52.0,NO
719878,UNNA BOTA,DISPOSITIVOS MEDICO,,,C,Alta,XGBoost,0.82,1.0,0.23,0.02,0.21,2.0,,0.0,0.0,52309.0,0.0,104618.0,2022-08-06,67.0,NO
719888,APIXABAN 5 MG TABLETA,MEDICAMENTOS,SOLINSA,EVEDISA,C,Alta,Regresión Lineal,5.17,1.7,0.39,2.63,4.67,27.0,,0.0,0.0,3492.0,0.0,94284.0,2022-10-10,131.0,NO
719930,SONDA DE RECAMBIO PARA GASTROSTOMIA  REF-PEG-18-BRT-S,DISPOSITIVOS MEDICO,,,C,Alta,Media móvil,0.0,1.0,0.23,0.0,0.0,,,,,,,,,,NO
719935,ATORVASTATINA 40 MG TABLETA,MEDICAMENTOS,,,A,Baja,XGBoost,952.9,1.0,0.23,14.0,233.31,663.0,,6.0,0.0,96.0,0.0,63648.0,2022-06-14,14.0,NO
719944,ROMIPLOSTIN POLVO LIOFILIZADO 250MCG (NPLATE),MEDICAMENTOS,SOLINSA,CRUZ VERDE,C,Alta,Media móvil,0.0,1.7,0.39,0.0,0.0,,,,,,,,,,NO
719945,TELMISARTAN/AMLODIPINO TABLETA 80MG/10MG,MEDICAMENTOS,,,C,Alta,XGBoost,1.38,1.0,0.23,0.54,0.85,,,,,,,,,,NO
720012,CIRCUITO DE VENTILADOR REF-5513000 ALMA LISA PEDIATRICO,DISPOSITIVOS MEDICO,,,C,Baja,XGBoost,7.07,1.0,0.23,0.62,2.25,,,,,,,,,,NO
720013,CIRCUITO DE VENTILACION REF-5068850 ALMA LISA NEONATAL - INTERSURGICAL,DISPOSITIVOS MEDICO,,,C,Baja,XGBoost,7.67,1.0,0.23,1.06,2.83,6.0,,0.0,0.0,185215.0,0.0,1111290.0,2022-06-13,13.0,NO
720068,TEGADERM 1683 IV 6.5X7CM ADVANCED,DISPOSITIVOS MEDICO,,,A,Baja,XGBoost,1587.01,1.0,0.23,28.04,393.29,73.0,,0.0,0.0,2238.0,0.0,163374.0,2022-06-01,0.0,SI
720104,PARCHES DE ELECTRODO PARA DESFIBRILADOR,DISPOSITIVOS MEDICO,,,C,Alta,Regresión Lineal,0.0,1.0,0.23,0.0,0.0,1.0,,0.0,0.0,269432.0,0.0,269432.0,,,NO
720151,CATETER VENOSO CENTRAL BILUMEN 22G (3FR)X6CM-157064-VYGON,DISPOSITIVOS MEDICO,,,C,Alta,Regresión Lineal,0.0,1.0,0.23,0.0,0.0,,,,,,,,,,NO
720207,DIBEN 1.5 KCAL HP 1000 ML ALIMENTO LIQUIDO PARA USOS NUTRICIONALES ESPECIALES AL,NUTRICION,FRESENIUS,CURZ VERDE,B,Baja,XGBoost,102.55,0.6,0.13,4.34,17.83,23.0,,0.0,0.0,44291.0,0.0,1018693.0,2022-06-02,2.0,NO
720208,APOSITO ESTERIL DE ALGINATO DE CALCIO CON PLATA ALGISITE,DISPOSITIVOS MEDICO,,,C,Alta,XGBoost,0.78,1.0,0.23,0.08,0.26,5.0,,0.0,0.0,88600.0,0.0,443000.0,2022-12-02,184.0,NO
720209,MINOCICLINA 100 MG TAB,MEDICAMENTOS,,,C,Alta,Regresión Lineal,0.98,1.0,0.23,0.38,0.61,40.0,,0.0,0.0,3368.0,0.0,134720.0,2025-10-02,1219.0,NO
720211,ESOMEPRAZOL 10 MG GRANULOS SOBRE (NEDOX),MEDICAMENTOS,,,C,Alta,XGBoost,0.12,1.0,0.23,0.02,0.04,,,,,,,,,,NO
720281,FENTANILO 25 MCG/HORA PARCHE,CONTROLADOS,,,C,Alta,XGBoost,0.13,1.0,0.23,0.02,0.05,,,,,,,,,,NO
730033,"CARBONATO DE CALCIO/VITAMINA D3/ZINC SUSPENSIÓN ORAL 300MG/100UI/7,5MG/5ML (108",MEDICAMENTOS,SOLINSA,EVEDISA,C,Media,XGBoost,0.58,1.7,0.39,0.03,0.26,1.0,,0.0,0.0,38845.0,0.0,38845.0,2022-07-09,39.0,NO
730034,(FRESUBIN ORIGINAL SOLUCIÓN ORAL 1KCAL/1ML (1000KCAL/1000ML)) ALIMENTO LÍQUIDO ,NUTRICION,FRESENIUS,CURZ VERDE,C,Baja,Media móvil,37.31,0.6,0.13,0.09,5.0,14.0,,0.0,0.0,15343.0,0.0,214802.0,2022-06-08,7.0,NO
730035,FRESUBIN DRINK SOLUCIÓN ORAL 2KCAL/1ML (400KCAL/200ML) ALIMENTO LÍQUIDO NUTRICIO,NUTRICION,FRESENIUS,CURZ VERDE,B,Baja,XGBoost,169.51,0.6,0.13,4.98,27.27,68.0,,0.0,0.0,6923.0,0.0,470764.0,2022-06-08,7.0,NO
730036,"DIBEN DRINK SOLUCIÓN ORAL 1,5KCAL/1ML (300KCAL/200ML) ALIMENTO LÍQUIDO PARA ADMI",NUTRICION,FRESENIUS,CURZ VERDE,B,Baja,XGBoost,163.26,0.6,0.13,2.02,23.49,65.0,,0.0,0.0,8299.0,0.0,539435.0,2022-06-08,8.0,NO
730037,"DIBEN SOLUCIÓN ORAL 1,05KCAL/1ML (525KCAL/500ML) ALIMENTO LÍQUIDO PARA ADMINISTR",NUTRICION,FRESENIUS,CURZ VERDE,B,Baja,XGBoost,66.36,0.6,0.13,4.17,12.9,13.0,,0.0,0.0,16699.0,0.0,217087.0,2022-06-01,0.0,NO
730038,"SURVIMED OPD SOLUCIÓN ORAL 1,33KCAL/1ML (665KCAL/500ML)) ALIMENTO LIQUIDO OLIG",NUTRICION,FRESENIUS,CURZ VERDE,C,Media,Media móvil,40.53,0.6,0.13,3.04,8.37,23.0,,0.0,0.0,34911.0,0.0,802953.0,2022-06-11,11.0,NO
730039,"RECONVAN SOLUCIÓN ORAL 1,0KCAL/1ML (500KCAL/500ML)) ALIMENTO LÍQUIDO PARA ADMI",NUTRICION,FRESENIUS,CRUZ VERDE,C,Media,XGBoost,72.55,0.6,0.13,4.41,13.95,12.0,,0.0,0.0,28270.0,0.0,339240.0,2022-06-01,0.0,SI
730040,"SUPPORTAN DRINK SOLUCIÓN ORAL 1,5KCAL/1ML (300KCAL/200ML)) ALIMENTO LIQUIDO RI",NUTRICION,FRESENIUS,CRUZ VERDE,B,Media,XGBoost,123.7,0.6,0.13,18.97,35.24,31.0,,0.0,0.0,11051.0,0.0,342581.0,2022-06-01,0.0,SI
730041,(FRESUBIN HP SOLUCIÓN ORAL 2KCAL/1ML (1000KCAL/500ML)) ALIMENTO LÍQUIDO PARA AD,NUTRICION,FRESENIUS,CURZ VERDE,C,Media,XGBoost,61.57,0.6,0.13,7.9,16.0,34.0,,0.0,0.0,22577.0,0.0,767618.0,2022-06-09,9.0,NO
730053,SISTEMA DRENAJE TORAXICO PEDIATRICO THORAMETRIX X1500-LM INSTRUMENT,DISPOSITIVOS MEDICO,,,C,Alta,Media móvil,0.45,1.0,0.23,0.08,0.19,2.0,,0.0,0.0,79114.0,0.0,158228.0,2022-09-30,122.0,NO
730058,EQUIPO BOMBA SIN AGUJA,DISPOSITIVOS MEDICO,,,A,Baja,Regresión Lineal,1877.35,1.0,0.23,136.52,568.59,98.0,,0.0,0.0,16509.0,0.0,1617882.0,2022-06-01,0.0,SI
730063,SURVIMED OPD SOLUCIÓN ORAL 1KCAL/1ML (1000KCAL/1000ML)) ALIMENTO LIQUIDO OLIGO,NUTRICION,,,C,Media,Regresión Lineal,54.59,1.0,0.23,18.1,30.66,0.0,,,30.66,0.0,0.0,0.0,2022-06-01,0.0,SI
730066,EQUIPO DE INFUSION DE LIQUIDOS FOTOSENSIBLES,DISPOSITIVOS MEDICO,,,C,Baja,Media móvil,35.28,1.0,0.23,0.42,8.54,32.0,,0.0,0.0,28446.0,0.0,910272.0,2022-06-21,20.0,NO
730082,VECURONIO BROMURO SOLUCIÓN INYECTABLE 4MG,MEDICAMENTOS,,,C,Alta,XGBoost,18.67,1.0,0.23,3.25,7.55,,,,,,,,,,NO
730083,EQUIPO PERFUSOR 20CC REF C0020C FRESENIUS,DISPOSITIVOS MEDICO,,,B,Baja,XGBoost,112.08,1.0,0.23,0.9,26.7,65.0,,0.0,0.0,21258.0,0.0,1381770.0,2022-06-11,10.0,NO
730084,DALTEPARINA SODICA 7.500 UI (ANTIFACTOR XA) SOL. INYECTABLE,MEDICAMENTOS,COBO MEDICAL,SOLINSA,C,Alta,Media móvil,1.37,0.7,0.16,0.21,0.44,12.0,,0.0,0.0,15978.0,0.0,191736.0,2023-02-12,257.0,NO
730096,HIALURONATO DE SODIO GOTAS OFTALMICAS,MEDICAMENTOS,,,C,Alta,Regresión Lineal,0.96,1.0,0.23,0.37,0.59,,,,,,,,,,NO
730113,APOSITO URGOSORB SILVER ALGINATO Y PLATA10X20CM-REF 503136-SUPLESA,DISPOSITIVOS MEDICO,,,C,Alta,XGBoost,0.21,1.0,0.23,0.04,0.09,6.0,,0.0,0.0,36710.0,0.0,220260.0,2024-10-04,856.0,NO
730116,TEGADERM REF 1682 IV 5X5.7CM AVANCED-NIÑOS,DISPOSITIVOS MEDICO,,,B,Baja,XGBoost,128.79,1.0,0.23,11.41,41.05,38.0,,0.0,0.0,3515.0,0.0,133570.0,2022-06-01,0.0,SI
730122,CATETER PICC ALTA PRESION 4.5FR X 50CM REF 01PR45041-HP,DISPOSITIVOS MEDICO,,,C,Alta,XGBoost,1.38,1.0,0.23,0.54,0.85,,,,,,,,,,NO
730123,CATETER PICC ALTA PRESION 5FR X 50 CM REF 01PR05052,DISPOSITIVOS MEDICO,,,C,Media,Media móvil,7.25,1.0,0.23,0.4,2.06,5.0,,0.0,0.0,449625.0,0.0,2248125.0,2022-06-13,12.0,NO
730124,CATETER PICC ALTA PRESION 5.5FR X 50 CM REF PR45052-HP,DISPOSITIVOS MEDICO,,,C,Alta,XGBoost,0.79,1.0,0.23,0.31,0.49,,,,,,,,,,NO
730125,CATETER PICC BILUMEN INSERCION PERIFERICA 4FR X 50CM REF PR05042,DISPOSITIVOS MEDICO,,,C,Alta,XGBoost,1.0,1.0,0.23,0.25,0.48,0.0,,,0.48,0.0,0.0,0.0,2022-06-01,0.0,SI
730126,CATETER PICC MONOLUMEN INSERCION PERIFERICA 4FR X 50CM REF 01PR05041 ,DISPOSITIVOS MEDICO,,,C,Alta,Media móvil,1.26,1.0,0.23,0.15,0.44,1.0,,0.0,0.0,186887.0,0.0,186887.0,2022-06-14,14.0,NO
730134,CLOROQUINA 150MG TABLETA ,MEDICAMENTOS,,,C,Media,XGBoost,35.1,1.0,0.23,4.8,12.88,1.0,,3.0,3.0,155.0,465.0,155.0,2022-06-01,0.0,SI
730136,ISONIAZIDA TABLETA 100MG,MEDICAMENTOS,SOLINSA,EVEDISA,C,Alta,Media móvil,7.31,1.7,0.39,1.76,4.64,10.0,,,0.0,0.0,0.0,0.0,2022-06-23,22.0,NO
730138,OSELTAMIVIR CAPSULA 75MG,MEDICAMENTOS,,,C,Alta,XGBoost,10.91,1.0,0.23,2.99,5.5,10.0,,,0.0,0.0,0.0,0.0,2022-06-13,13.0,NO
730139,PIRAZINAMIDA TABLETA 400MG,MEDICAMENTOS,SOLINSA,EVEDISA,C,Alta,Media móvil,5.94,1.7,0.39,1.43,3.77,7.0,,,0.0,0.0,0.0,0.0,2022-06-17,17.0,NO
730141,PRIMAQUINA TABLETA 15MG,MEDICAMENTOS,SOLINSA,EVEDISA,C,Alta,XGBoost,0.42,1.7,0.39,0.13,0.29,25.0,,,0.0,0.0,0.0,0.0,2027-04-12,1776.0,NO
730143,RIFAMPICINA/ISONIACIDA TABLETA 150/150MG,MEDICAMENTOS,SOLINSA,EVEDISA,C,Alta,Media móvil,0.0,1.7,0.39,0.0,0.0,192.0,,,0.0,0.0,0.0,0.0,,,NO
730144,RIFAMPICINA/ISONIAZIDA/PIRAZINAMIDA/ETAMBUTOL TABLETA 150/75/400/275MG,MEDICAMENTOS,SOLINSA,EVEDISA,B,Baja,XGBoost,284.57,1.7,0.39,5.24,117.51,94.0,,,23.51,0.0,0.0,0.0,2022-06-01,0.0,SI
730167,CANISTER 250 ML,DISPOSITIVOS MEDICO,,,C,Alta,Regresión Lineal,1.81,1.0,0.23,0.52,0.94,,,,,,,,,,NO
730176,FRESUBIN RENAL 2KCAL/ML (400KCAL/200ML) ALIMENTO PARA PROPÓSITOS MÉDICOS ESPECIA,NUTRICION,FRESENIUS,CURZ VERDE,C,Alta,Media móvil,14.62,0.6,0.13,2.03,3.95,43.0,,0.0,0.0,11638.0,0.0,500434.0,2022-08-21,81.0,NO
730189,APOSITO PERIFERICO IV3000 7X9CM (TEGADERM PERIFERICO),DISPOSITIVOS MEDICO,,,C,Alta,XGBoost,84.74,1.0,0.23,33.01,52.51,,,,,,,,,,NO
730194,APOSITO TRANSPARENTE OPSITE 15X20CM REF: 4631 CX10,DISPOSITIVOS MEDICO,,,C,Media,XGBoost,2.46,1.0,0.23,0.25,0.81,11.0,,0.0,0.0,12001.0,0.0,132011.0,2022-10-04,126.0,NO
730200,FIXO ROLL 10 X 10 CINTA ADHESIVA HIPOALERGENICA ,DISPOSITIVOS MEDICO,,,C,Alta,Regresión Lineal,0.2,1.0,0.23,0.08,0.12,3.0,,0.0,0.0,19645.0,0.0,58935.0,2023-08-20,446.0,NO
730205,ACETATO DE LEUPROLIDE 45MG SOL. INYECTABLE,MEDICAMENTOS,JC,SOLINSA,C,Alta,Regresión Lineal,0.0,0.7,0.16,0.0,0.0,,,,,,,,,,NO
730230,ALIMENTO DE USO ESPECIAL CON HMB ARGININA Y GLUTAMINA SOBRE x 24 GRAMOS,NUTRICION,ABBOTT,COBO,B,Baja,Regresión Lineal,119.35,0.7,0.16,32.93,52.56,22.0,,0.0,0.0,16307.0,0.0,358754.0,2022-06-01,0.0,SI
730237,ETAMBUTOL 400 MG TABLETA,MEDICAMENTOS,SECRETARIA DE SALUD,,C,Alta,Media móvil,12.49,1.0,0.23,1.22,4.09,10.0,,,0.0,0.0,0.0,0.0,2022-06-15,14.0,NO
730242,COLISTIMETATO 150 MG - EQUIVALENTE A 150 MG DE COLISTINA BASE,MEDICAMENTOS,JC,SOLINSA,C,Media,Media móvil,79.34,0.6,0.13,3.82,14.26,37.0,,0.0,0.0,62782.0,0.0,2322934.0,2022-06-09,9.0,NO
770020,ONDANSETRON 8MG TABLETA,MEDICAMENTOS,SOLINSA,CRUZ VERDE,C,Alta,Media móvil,0.0,1.7,0.39,0.0,0.0,16.0,,1.0,0.0,348.0,0.0,5568.0,,,NO
770054,"ERITROPOYETINA 30.000UI/0,6ML SOL. INYECTABLE ",MEDICAMENTOS,SOLINSA,CRUZ VERDE,C,Alta,XGBoost,0.15,1.7,0.39,0.1,0.16,2.0,,0.0,0.0,209507.0,0.0,419014.0,2023-06-01,366.0,NO
770065,TRETINOINA TABLETA 10MG (ONCOLOGICO),MEDICAMENTOS,CRUZ VERDE,SOLINSA,C,Alta,XGBoost,17.58,1.4,0.33,8.19,13.97,21.0,,0.0,0.0,12524.0,0.0,263004.0,2022-06-13,12.0,NO
770066,ELTROMBOPAG 25 MG TAB ORAL,MEDICAMENTOS,CRUZ VERDE,SOLINSA,C,Alta,Regresión Lineal,45.42,1.4,0.33,20.69,35.63,39.0,,0.0,0.0,94594.0,0.0,3689166.0,2022-06-03,2.0,NO
770074,IMATINIB 400MG TABLETA ,MEDICAMENTOS,,,C,Alta,Regresión Lineal,0.2,1.0,0.23,0.08,0.12,15.0,,0.0,0.0,77247.0,0.0,1158705.0,2028-09-19,2303.0,NO
770075,FILGRASTIM SOLUCIÓN INYECTABLE 300MCG (ONCOLOGICO),MEDICAMENTOS,,,C,Media,XGBoost,9.37,1.0,0.23,2.04,4.19,5.0,,0.0,0.0,22922.0,0.0,114610.0,2022-06-03,3.0,NO
770117,ELTROMBOPAG TABLETA 50MG (ONCOLOGICO),MEDICAMENTOS,CRUZ VERDE,SOLINSA,C,Alta,XGBoost,1.72,1.4,0.33,0.64,1.21,37.0,,0.0,0.0,172886.0,0.0,6396782.0,2024-02-24,633.0,NO
770143,"RASBURICASA SOLUCIÓN INYECTABLE 1,5MG/1ML (ONCOLOGICO)",MEDICAMENTOS,SANOFI,CRUZ VERDE,C,Alta,XGBoost,0.71,0.3,0.07,0.03,0.08,6.0,,0.0,0.0,263605.0,0.0,1581630.0,2023-02-10,255.0,NO
770152,RIOCIGUAT 0.5 MG,MEDICAMENTOS,,,C,Alta,XGBoost,0.64,1.0,0.23,0.36,0.51,15.0,,0.0,0.0,107889.0,0.0,1618335.0,2024-04-20,689.0,NO
A0000001,ABACAVIR/LAMIVUDINA/ZIDOVUDINA TABLETA 300MG/150MG/300MG,MEDICAMENTOS,,,C,Alta,XGBoost,22.44,1.0,0.23,2.52,7.69,20.0,,,0.0,0.0,0.0,0.0,2022-06-17,17.0,NO
A0000034,ALPROSTADIL SOLUCIÓN INYECTABLE 20MCG/1ML,MEDICAMENTOS,,,C,Alta,XGBoost,23.08,1.0,0.23,3.71,9.02,26.0,,0.0,0.0,179440.0,0.0,4665440.0,2022-06-23,22.0,NO
A0000039,AMLODIPINO 10 MG TABLETA ,MEDICAMENTOS,,,B,Baja,Regresión Lineal,355.63,1.0,0.23,50.69,132.54,169.0,,43.0,0.0,13.5,0.0,2281.5,2022-06-04,3.0,NO
A0000051,ATORVASTATINA 20 MG TABLETA,MEDICAMENTOS,,,B,Alta,Media móvil,58.67,1.0,0.23,2.08,15.58,180.0,,30.0,0.0,19.0,0.0,3420.0,2022-08-25,85.0,NO
A001011,ACETAMINOFEN TABLETA 500MG,MEDICAMENTOS,,,A,Baja,Regresión Lineal,9097.73,1.0,0.23,710.5,2804.34,2211.0,,48.0,48.0,12.0,576.0,26532.0,2022-06-01,0.0,SI
A001201,ACETAMINOFEN SOL. ORAL 100MG/28 GOTAS ,MEDICAMENTOS,,,C,Alta,Regresión Lineal,0.0,1.0,0.23,0.0,0.0,3.0,,0.0,0.0,1229.0,0.0,3687.0,,,NO
A001221,"ACETAMINOFEN JARABE 2,5MG/1ML FRASCO x 60ML",MEDICAMENTOS,,,C,Alta,XGBoost,0.71,1.0,0.23,0.11,0.27,3.0,,0.0,0.0,723.0,0.0,2169.0,2022-09-26,117.0,NO
A002011,ACETAZOLAMIDA 250MG TABLETA ,MEDICAMENTOS,,,C,Alta,XGBoost,15.11,1.0,0.23,2.1,5.57,32.0,,2.0,0.0,237.0,0.0,7584.0,2022-07-24,53.0,NO
A002451,BECLOMETASONA 50MCG/ PUFF SOL. PARA INHALACIÓN,MEDICAMENTOS,,,C,Baja,XGBoost,28.9,1.0,0.23,8.15,14.8,15.0,,0.0,0.0,3572.0,0.0,53580.0,2022-06-01,0.0,NO
A003011,ACETILSALICILICO ÁCIDO TABLETA 100MG,MEDICAMENTOS,,,A,Baja,XGBoost,621.08,1.0,0.23,11.92,154.86,177.0,,83.0,0.0,7.0,0.0,1239.0,2022-06-02,1.0,NO
A006011,ACICLOVIR TABLETA 200MG,MEDICAMENTOS,,,B,Media,Regresión Lineal,226.02,1.0,0.23,38.57,90.59,144.0,,15.0,0.0,37.0,0.0,5328.0,2022-06-08,7.0,NO
A006721,ACICLOVIR POLVO LIOFILIZADO 250MG,MEDICAMENTOS,,,B,Media,Regresión Lineal,99.08,1.0,0.23,40.91,63.71,149.0,,0.0,0.0,4416.0,0.0,657984.0,2022-06-27,26.0,NO
A008011,ALBENDAZOL TABLETA 200 MG,MEDICAMENTOS,,,C,Baja,Media móvil,73.28,1.0,0.23,2.62,19.49,22.0,,15.0,0.0,36.67,0.0,806.67,2022-06-02,1.0,NO
A008231,ALBENDAZOL 100MG/20ML SOLUCION ORAL x 20 ML,MEDICAMENTOS,,,C,Alta,Media móvil,0.0,1.0,0.23,0.0,0.0,2.0,,1.0,0.0,362.0,0.0,724.0,,,NO
A009701,ALBUMINA HUMANA SOL. INYECTABLE 20% x 50 ML ,MEDICAMENTOS,,,B,Media,Media móvil,130.67,1.0,0.23,5.02,35.09,51.0,,0.0,0.0,94726.0,0.0,4831026.0,2022-06-04,4.0,NO
A013011,ALOPURINOL TABLETA 100MG,MEDICAMENTOS,,,C,Media,XGBoost,6.78,1.0,0.23,1.65,3.2,0.0,,,3.2,0.0,0.0,0.0,2022-06-01,0.0,SI
A013012,ALOPURINOL TABLETA 300MG,MEDICAMENTOS,,,C,Media,Media móvil,60.01,1.0,0.23,3.04,16.85,47.0,,8.0,0.0,66.0,0.0,3102.0,2022-06-16,15.0,NO
A017231,ALUMINIO HIDROXIDO SUSPENSIÓN ORAL 6G/100ML ,MEDICAMENTOS,,,C,Baja,Regresión Lineal,7.69,1.0,0.23,0.99,2.76,2.0,,0.0,0.0,3418.0,0.0,6836.0,2022-06-01,0.0,SI
A018232,"ALUMINIO HIDROXIDO/MAGNESIO/SIMETICONA SUSPENSIÓN ORAL 4%/4%/0,4%",MEDICAMENTOS,,,C,Media,XGBoost,1.89,1.0,0.23,0.1,0.53,4.0,,0.0,0.0,1484.0,0.0,5936.0,2022-07-26,56.0,NO
A019101,AMANTADINA 100MG CAPSULA ,MEDICAMENTOS,,,C,Alta,XGBoost,5.58,1.0,0.23,1.64,2.93,39.0,,1.0,0.0,355.0,0.0,13845.0,2022-12-14,197.0,NO
A020701,AMIKACINA 100MG/2ML SOL. INYECTABLE ,MEDICAMENTOS,,,C,Alta,XGBoost,17.38,1.0,0.23,2.83,6.84,14.0,,1.0,0.0,486.0,0.0,6804.0,2022-06-13,13.0,NO
A020702,AMIKACINA 500MG/2ML SOL. INYECTABLE ,MEDICAMENTOS,,,C,Media,XGBoost,41.21,1.0,0.23,1.74,11.22,47.0,,0.0,0.0,855.0,0.0,40185.0,2022-06-27,26.0,NO
A022701,AMINOFILINA 240MG/10ML SOL. INYECTABLE ,MEDICAMENTOS,,,C,Alta,Media móvil,0.0,1.0,0.23,0.0,0.0,0.0,,,0.0,0.0,0.0,0.0,2022-06-01,0.0,SI
A023011,AMIODARONA TABLETA 200MG,MEDICAMENTOS,,,B,Baja,Regresión Lineal,165.08,1.0,0.23,22.46,60.45,97.0,,3.0,0.0,148.5,0.0,14404.5,2022-06-07,7.0,NO
A023721,AMIODARONA 150MG/3ML SOL. INYECTABLE ,MEDICAMENTOS,,,B,Baja,Media móvil,112.17,1.0,0.23,1.49,27.31,100.0,,0.0,0.0,1029.5,0.0,102950.0,2022-06-20,20.0,NO
A024011,AMITRIPTILINA 25MG TABLETA ,MEDICAMENTOS,,,C,Media,Media móvil,39.22,1.0,0.23,1.56,10.59,23.0,,27.0,0.0,21.0,0.0,483.0,2022-06-10,10.0,NO
A025142,AMOXICILINA 500MG CAPSULA ,MEDICAMENTOS,,,C,Alta,Media móvil,25.8,1.0,0.23,3.46,9.4,27.0,,4.0,0.0,123.0,0.0,3321.0,2022-06-21,21.0,NO
A026721,AMPICILINA 500MG POLVO LIOFILIZADO ,MEDICAMENTOS,,,B,Baja,XGBoost,220.86,1.0,0.23,11.67,62.5,81.0,,0.0,0.0,736.0,0.0,59616.0,2022-06-03,3.0,NO
A026722,AMPICILINA 1 G POLVO LIOFILIZADO ,MEDICAMENTOS,,,B,Baja,XGBoost,91.92,1.0,0.23,8.5,29.66,52.0,,1.0,0.0,546.5,0.0,28418.0,2022-06-08,7.0,NO
A027142,AMPICILINA TABLETA 500MG,MEDICAMENTOS,,,C,Alta,XGBoost,0.81,1.0,0.23,0.07,0.26,10.0,,4.0,0.0,133.0,0.0,1330.0,2023-05-31,365.0,NO
A033701,ATROPINA 1MG/1ML SOL. INYECTABLE ,MEDICAMENTOS,,,C,Baja,Media móvil,12.92,1.0,0.23,0.17,3.14,101.0,,2.0,0.0,292.0,0.0,29492.0,2023-01-17,231.0,NO
A034011,AZATIOPRINA 50MG TABLETA,MEDICAMENTOS,,,C,Media,XGBoost,48.51,1.0,0.23,17.22,28.38,37.0,,0.0,0.0,788.0,0.0,29156.0,2022-06-06,5.0,NO
A035722,AZTREONAM 1G POLVO LIOFILIZADO,MEDICAMENTOS,,,B,Baja,Media móvil,72.73,1.0,0.23,2.77,19.51,65.0,,0.0,0.0,8904.0,0.0,578760.0,2022-06-20,19.0,NO
A036701,AZUL DE METILENO SOLUCIÓN INYECTABLE 10MG/1ML,MEDICAMENTOS,,,C,Media,Media móvil,3.26,1.0,0.23,0.51,1.26,,,,,,,,,,NO
A037011,AMLODIPINO 5 MG TABLETA ,MEDICAMENTOS,,,B,Baja,XGBoost,179.62,1.0,0.23,11.72,53.06,76.0,,48.0,0.0,12.0,0.0,912.0,2022-06-04,4.0,NO
A037101,ABACAVIR TABLETA 300MG,MEDICAMENTOS,,,C,Alta,Media móvil,0.0,1.0,0.23,0.0,0.0,39.0,,0.0,0.0,954.0,0.0,37206.0,,,NO
B00000010,BECLOMETASONA NASAL 50 MCG/PUFF,MEDICAMENTOS,,,C,Alta,XGBoost,1.11,1.0,0.23,0.09,0.35,1.0,,0.0,0.0,5935.0,0.0,5935.0,2022-06-18,18.0,NO
B004311,"BETAMETASONA CREMA TÓPICA 0,05%",MEDICAMENTOS,,,C,Media,XGBoost,2.81,1.0,0.23,0.09,0.74,2.0,,0.0,0.0,937.0,0.0,1874.0,2022-06-14,14.0,NO
B004332,"BETAMETASONA UNGÜENTO TÓPICO 0,05% x 40G",MEDICAMENTOS,,,C,Media,XGBoost,3.64,1.0,0.23,0.4,1.24,,,,,,,,,,NO
B005701,BETAMETASONA 4MG/1ML SOL. INYECTABLE,MEDICAMENTOS,,,C,Baja,Media móvil,29.69,1.0,0.23,1.81,8.64,33.0,,3.0,0.0,173.5,0.0,5725.5,2022-06-25,25.0,NO
B008011,BIPERIDENO 2MG TABLETA,MEDICAMENTOS,,,C,Media,Media móvil,19.51,1.0,0.23,1.76,6.25,29.0,,4.0,0.0,125.0,0.0,3625.0,2022-07-06,36.0,NO
B010021,BISACODILO 5MG TABLETA,MEDICAMENTOS,,,A,Baja,Regresión Lineal,427.96,1.0,0.23,53.84,152.34,179.0,,55.0,0.0,10.5,0.0,1879.5,2022-06-02,2.0,NO
B012011,"BROMOCRIPTINA 2,5MG TABLETA",MEDICAMENTOS,,,C,Alta,XGBoost,2.14,1.0,0.23,0.3,0.79,11.0,,1.0,0.0,394.0,0.0,4334.0,2022-10-23,145.0,NO
BISAPRO,BISOPROLOL TABLETA 10MG,MEDICAMENTOS,,,C,Alta,XGBoost,1.07,1.0,0.23,0.12,0.37,30.0,,0.0,0.0,1328.0,0.0,39840.0,2024-09-18,840.0,NO
C0000005,CARVEDILOL TABLETA 25MG,MEDICAMENTOS,,,C,Alta,XGBoost,2.55,1.0,0.23,0.34,0.93,8.0,,6.0,0.0,85.0,0.0,680.0,2022-08-24,84.0,NO
C0000008,CASPOFUNGINA 70MG POLVO LIOFILIZADO ,MEDICAMENTOS,,,C,Media,XGBoost,8.17,1.0,0.23,1.41,3.29,4.0,,0.0,0.0,629546.0,0.0,2518184.0,2022-06-03,3.0,NO
C0000019,CETIRIZINA 10MG TABLETA ,MEDICAMENTOS,,,C,Alta,XGBoost,5.53,1.0,0.23,2.15,3.43,12.0,,22.0,0.0,26.0,0.0,312.0,2022-07-18,47.0,NO
C0000028,CLARITROMICINA TABLETA 500MG,MEDICAMENTOS,,,B,Baja,XGBoost,135.24,1.0,0.23,21.67,52.8,105.0,,1.0,0.0,535.0,0.0,56175.0,2022-06-12,12.0,NO
C0000030,CLINDAMICINA CÁPSULA 300MG,MEDICAMENTOS,,,C,Alta,XGBoost,2.47,1.0,0.23,0.51,1.08,8.0,,0.0,0.0,814.0,0.0,6512.0,2022-08-25,85.0,NO
C0000035,CLOPIDOGREL TABLETA 75MG,MEDICAMENTOS,,,B,Baja,Regresión Lineal,198.3,1.0,0.23,21.29,66.92,65.0,,11.0,1.92,50.5,97.16,3282.5,2022-06-01,0.0,SI
C0000047,"CARVEDILOL TABLETA 12,5MG",MEDICAMENTOS,,,B,Baja,Regresión Lineal,80.02,1.0,0.23,17.69,36.11,31.0,,11.0,5.11,50.0,255.26,1550.0,2022-06-01,0.0,SI
C001011,CALCIO CARBONATO 600MG TABLETA ,MEDICAMENTOS,,,B,Baja,XGBoost,177.91,1.0,0.23,7.6,48.55,73.0,,16.0,0.0,34.5,0.0,2518.5,2022-06-05,4.0,NO
C002701,CALCIO GLUCONATO SOL. INYECTABLE 10%/10ML,MEDICAMENTOS,,,B,Baja,XGBoost,214.36,1.0,0.23,8.57,57.91,62.0,,1.0,0.0,368.0,0.0,22816.0,2022-06-01,1.0,NO
C003101,"CALCITRIOL 0,25MCG CÁPSULA ",MEDICAMENTOS,,,C,Media,XGBoost,33.16,1.0,0.23,0.87,8.5,40.0,,8.0,0.0,72.0,0.0,2880.0,2022-06-29,29.0,NO
C003102,"CALCITRIOL 0,50MCG CÁPSULA ",MEDICAMENTOS,,,C,Media,XGBoost,82.0,1.0,0.23,9.21,28.08,50.0,,6.0,0.0,95.0,0.0,4750.0,2022-06-09,8.0,NO
C004011,CAPTOPRIL 25MG TABLETA ,MEDICAMENTOS,,,C,Alta,Media móvil,20.59,1.0,0.23,2.1,6.84,24.0,,11.0,0.0,49.0,0.0,1176.0,2022-06-26,25.0,NO
C004012,CAPTOPRIL 50MG TABLETA ,MEDICAMENTOS,,,C,Alta,XGBoost,5.53,1.0,0.23,2.15,3.43,66.0,,25.0,0.0,22.5,0.0,1485.0,2023-05-11,344.0,NO
C005011,CARBAMAZEPINA 200MG TABLETA ,MEDICAMENTOS,,,B,Baja,XGBoost,147.61,1.0,0.23,1.59,35.57,55.0,,3.0,0.0,152.0,0.0,8360.0,2022-06-05,4.0,NO
C008142,CEFALEXINA 500MG CAPSULA ,MEDICAMENTOS,,,C,Alta,Media móvil,30.97,1.0,0.23,3.68,10.81,50.0,,10.0,0.0,54.0,0.0,2700.0,2022-07-09,39.0,NO
C008232,CEFALEXINA 250MG/5ML POLVO PARA SOLUCION ORAL,MEDICAMENTOS,,,C,Alta,XGBoost,0.84,1.0,0.23,0.05,0.24,2.0,,0.0,0.0,2562.0,0.0,5124.0,2022-08-03,64.0,NO
C009141,CEFRADINA 500MG CÁPSULA ,MEDICAMENTOS,,,C,Alta,Media móvil,0.0,1.0,0.23,0.0,0.0,0.0,,,0.0,0.0,0.0,0.0,2022-06-01,0.0,SI
C011723,CEFTRIAXONA 1G POLVO LIOFILIZADO,MEDICAMENTOS,,,B,Baja,XGBoost,334.93,1.0,0.23,0.47,77.56,105.0,,0.0,0.0,782.0,0.0,82110.0,2022-06-03,2.0,NO
C014103,CICLOSPORINA 100MG CAPSULA,MEDICAMENTOS,,,C,Alta,Media móvil,0.0,1.0,0.23,0.0,0.0,0.0,,,0.0,0.0,0.0,0.0,2022-06-01,0.0,SI
C015701,CIPROFLOXACINO 100MG/10ML SOL. INYECTABLE ,MEDICAMENTOS,,,A,Baja,XGBoost,666.11,1.0,0.23,16.41,169.72,222.0,,0.0,0.0,1159.0,0.0,257298.0,2022-06-03,2.0,NO
C019701,CLINDAMICINA 600MG SOL. INYECTABLE ,MEDICAMENTOS,,,A,Baja,XGBoost,589.62,1.0,0.23,35.41,171.11,151.0,,0.0,0.0,650.0,0.0,98150.0,2022-06-01,0.0,SI
C022011,CLORAMBUCILO 2MG TABLETA,MEDICAMENTOS,,,C,Alta,XGBoost,0.14,1.0,0.23,0.16,0.19,,,,,,,,,,NO
C031321,CLOTRIMAZOL CREMA TÓPICA 1% ,MEDICAMENTOS,,,C,Baja,XGBoost,36.63,1.0,0.23,3.25,11.68,12.0,,0.0,0.0,885.0,0.0,10620.0,2022-06-01,0.0,NO
C031511,CLOTRIMAZOL CREMA VAGINAL 1%,MEDICAMENTOS,,,C,Media,XGBoost,3.87,1.0,0.23,0.32,1.21,5.0,,0.0,0.0,992.5,0.0,4962.5,2022-06-30,30.0,NO
C032013,CLOZAPINA TABLETA 100MG ,CONTROLADOS,,,C,Alta,XGBoost,11.75,1.0,0.23,2.05,4.75,171.0,,15.0,0.0,38.0,0.0,6498.0,2023-08-05,431.0,NO
C034011,"COLCHICINA 0,5MG TABLETA",MEDICAMENTOS,,,C,Media,XGBoost,21.58,1.0,0.23,3.97,8.94,48.0,,25.0,0.0,23.0,0.0,1104.0,2022-07-26,55.0,NO
C035251,COLESTIRAMINA 4G POLVO PARA SOLUCIÓN ORAL,MEDICAMENTOS,,,C,Media,Media móvil,40.36,1.0,0.23,2.79,12.08,28.0,,0.0,0.0,796.0,0.0,22288.0,2022-06-13,12.0,NO
C041602,SODIO CROMOGLICATO SOLUCIÓN OFTÁLMICA 40MG/1ML (400MG/10ML),MEDICAMENTOS,,,C,Alta,Regresión Lineal,0.92,1.0,0.23,0.17,0.38,0.0,,,0.38,0.0,0.0,0.0,2022-06-01,0.0,SI
C044721,CEFAZOLINA 1G SOL. INYECTABLE ,MEDICAMENTOS,,,B,Alta,Regresión Lineal,286.4,1.0,0.23,52.53,118.45,56.0,,0.0,0.0,1248.5,0.0,69916.0,2022-06-01,0.0,SI
C044723,CEFALOTINA 1G SOL. INYECTABLE ,MEDICAMENTOS,,,A,Baja,XGBoost,836.53,1.0,0.23,13.75,206.28,178.0,,0.0,0.0,1016.0,0.0,180848.0,2022-06-01,0.0,SI
C046101,CALCIO CARBONATO/VITAMINA D TABLETA 600MG/200UI,MEDICAMENTOS,,,C,Alta,Regresión Lineal,116.87,1.0,0.23,41.38,68.27,59.0,,8.0,8.0,68.0,544.0,4012.0,2022-06-01,0.0,SI
C047011,CLONIDINA 150MCG TABLETA ,MEDICAMENTOS,,,A,Baja,Media móvil,889.59,1.0,0.23,24.82,229.55,317.0,,18.0,0.0,32.0,0.0,10144.0,2022-06-03,3.0,NO
D0000002,DEFLAZACORT 6 MG TABLETA,MEDICAMENTOS,,,C,Alta,Media móvil,0.0,1.0,0.23,0.0,0.0,,,,,,,,,,NO
D0000005,"DESMOPRESINA SOLUCIÓN NASAL 10MCG/0,1ML (500MCG/5ML)",MEDICAMENTOS,,,C,Alta,XGBoost,0.19,1.0,0.23,0.08,0.12,,,,,,,,,,NO
D0000011,DILTIAZEM 60MG TABLETA ,MEDICAMENTOS,,,C,Media,XGBoost,66.59,1.0,0.23,7.93,23.26,39.0,,8.0,0.0,68.0,0.0,2652.0,2022-06-08,7.0,NO
D0000020,"DIPIRONA 2,5G/5ML SOL. INYECTABLE ",MEDICAMENTOS,,,C,Alta,Regresión Lineal,86.64,1.0,0.23,21.76,41.7,118.0,,2.0,0.0,225.0,0.0,26550.0,2022-06-27,27.0,NO
D0000030,DIPIRONA 1G/2ML SOL. INYECTABLE ,MEDICAMENTOS,,,A,Baja,XGBoost,6430.3,1.0,0.23,40.58,1520.52,1003.0,,4.0,4.0,119.5,478.0,119858.5,2022-06-01,0.0,SI
D0000031,DAPTOMICINA POLVO LIOFILIZADO 500MG,MEDICAMENTOS,,,C,Alta,Regresión Lineal,11.14,1.0,0.23,2.51,5.07,6.0,,0.0,0.0,231336.0,0.0,1388016.0,2022-06-03,3.0,NO
D0000038,"LEVOSIMENDAN SOLUCIÓN INYECTABLE 12,5MG/1ML",MEDICAMENTOS,,,C,Alta,Media móvil,1.85,1.0,0.23,0.11,0.54,2.0,,0.0,0.0,1716869.0,0.0,3433738.0,2022-06-25,24.0,NO
D002101,DANAZOL 200MG TABLETA},MEDICAMENTOS,,,C,Alta,Media móvil,13.66,1.0,0.23,1.26,4.4,25.0,,0.0,0.0,969.0,0.0,24225.0,2022-07-16,46.0,NO
D005711,DEXAMETASONA 8MG/2ML SOL. INYECTABLE,MEDICAMENTOS,,,B,Baja,XGBoost,361.62,1.0,0.23,10.1,93.32,104.0,,2.0,0.0,287.0,0.0,29848.0,2022-06-01,1.0,NO
D006701,DEXAMETASONA 4MG/1ML SOL. INYECTABLE ,MEDICAMENTOS,,,B,Baja,XGBoost,158.75,1.0,0.23,6.82,43.36,40.0,,2.0,2.0,289.0,578.0,11560.0,2022-06-01,0.0,SI
D009701,DEXTROSA AL 5% AGUA DESTILADA 500 ML,MEDICAMENTOS,,,B,Baja,XGBoost,182.03,1.0,0.23,8.85,50.75,37.0,,0.0,0.0,1477.0,0.0,54649.0,2022-06-01,0.0,SI
D009702,DEXTROSA AL 10% AGUA DESTILADA 500 ML,MEDICAMENTOS,,,B,Baja,Media móvil,269.33,1.0,0.23,5.26,67.25,34.0,,0.0,0.0,1445.0,0.0,49130.0,2022-06-01,0.0,SI
D009705,DEXTROSA AL 10% AGUA DESTILADA 250 ML,MEDICAMENTOS,,,C,Baja,XGBoost,75.07,1.0,0.23,1.66,18.93,51.0,,0.0,0.0,1846.0,0.0,94146.0,2022-06-14,13.0,NO
D009706,DEXTROSA AL 5% AGUA DESTILADA 250 ML,MEDICAMENTOS,,,A,Baja,Media móvil,743.57,1.0,0.23,31.58,202.71,0.0,,,202.71,0.0,0.0,0.0,2022-06-01,0.0,SI
D010701,DEXTROSA 5% EN SOL. SALINA 0.9% 500 ML,MEDICAMENTOS,,,C,Media,XGBoost,36.1,1.0,0.23,1.32,9.63,16.0,,0.0,0.0,1501.0,0.0,24016.0,2022-06-06,5.0,NO
D015021,DICLOFENACO 50MG TABLETA ,MEDICAMENTOS,,,C,Media,XGBoost,4.54,1.0,0.23,0.45,1.49,47.0,,43.0,0.0,13.5,0.0,634.5,2023-04-02,305.0,NO
D015701,DICLOFENACO 75MG/3ML SOL. INYECTABLE ,MEDICAMENTOS,,,B,Baja,Media móvil,113.14,1.0,0.23,5.93,31.97,99.0,,2.0,0.0,217.0,0.0,21483.0,2022-06-19,18.0,NO
D018101,DIFENHIDRAMINA 50MG CAPSULA ,MEDICAMENTOS,,,C,Alta,Media móvil,0.0,1.0,0.23,0.0,0.0,23.0,,5.0,0.0,109.0,0.0,2507.0,,,NO
D018221,"DIFENHIDRAMINA JARABE 12,5MG/5ML (300MG/120ML)",MEDICAMENTOS,,,C,Media,XGBoost,4.46,1.0,0.23,0.23,1.26,3.0,,0.0,0.0,867.0,0.0,2601.0,2022-06-12,12.0,NO
D020201,"DIHIDROCODEINA JARABE 12,1MG/ML (294,4MG/120ML)",MEDICAMENTOS,,,C,Media,XGBoost,4.78,1.0,0.23,0.35,1.45,2.0,,0.0,0.0,2062.0,0.0,4124.0,2022-06-04,3.0,NO
D020221,"DIFENHIDRAMINA JARABE 2,42MG/1ML (290,4MG/120ML)",MEDICAMENTOS,,,C,Baja,Media móvil,5.17,1.0,0.23,0.34,1.53,0.0,,,1.53,0.0,0.0,0.0,2022-06-01,0.0,SI
D023011,DIMENHIDRINATO 50MG TABLETA,MEDICAMENTOS,,,C,Alta,Regresión Lineal,32.4,1.0,0.23,4.55,12.0,17.0,,18.0,0.0,32.0,0.0,544.0,2022-06-05,5.0,NO
D029701,DOPAMINA 200MG/5ML SOL. INYECTABLE ,MEDICAMENTOS,,,C,Alta,Regresión Lineal,46.3,1.0,0.23,9.34,20.0,162.0,,0.0,0.0,774.0,0.0,125388.0,2022-09-02,93.0,NO
D031141,DOXICICLINA 100MG TABLETA ,MEDICAMENTOS,,,C,Media,Regresión Lineal,22.41,1.0,0.23,7.55,12.71,30.0,,7.0,0.0,74.0,0.0,2220.0,2022-06-24,23.0,NO
D035701,DESMOPRESINA 15MCG/1ML SOL. INYECTABLE,MEDICAMENTOS,,,C,Media,XGBoost,1.35,1.0,0.23,0.07,0.38,,,,,,,,,,NO
E0000003,SODIO FOSFATO MONOBASICO SOLUCIÓN ORAL 133ML,MEDICAMENTOS,,,C,Alta,XGBoost,2.56,1.0,0.23,0.33,0.92,12.0,,0.0,0.0,5903.0,0.0,70836.0,2022-10-10,132.0,NO
E0000017,ERTAPENEM POLVO LIOFILIZADO 1G ,MEDICAMENTOS,,,C,Media,Regresión Lineal,21.07,1.0,0.23,7.31,12.16,28.0,,0.0,0.0,34510.5,0.0,966294.0,2022-06-23,23.0,NO
E0000021,SODIO FOSFATO MONOBASICO/DIBASICO ENEMA RECTAL 16G/6G/133ML,MEDICAMENTOS,,,C,Media,Regresión Lineal,10.18,1.0,0.23,2.71,5.05,12.0,,0.0,0.0,5272.0,0.0,63264.0,2022-06-21,21.0,NO
E0000034,ENTEROGERMINA SUSPENSIÓN ORAL 2000000000UI/5ML,MEDICAMENTOS,,,C,Alta,Regresión Lineal,0.2,1.0,0.23,0.08,0.12,9.0,,0.0,0.0,3723.0,0.0,33507.0,2026-03-06,1374.0,NO
E002011,ENALAPRIL 5MG TABLETA ,MEDICAMENTOS,,,B,Baja,XGBoost,179.35,1.0,0.23,3.04,44.32,69.0,,48.0,0.0,12.0,0.0,828.0,2022-06-05,4.0,NO
E002012,ENALAPRIL 20MG TABLETA ,MEDICAMENTOS,,,B,Baja,XGBoost,166.68,1.0,0.23,8.68,47.04,161.0,,43.0,0.0,13.5,0.0,2173.5,2022-06-21,21.0,NO
E007141,ERITROMICINA 500MG TABLETA ,MEDICAMENTOS,,,C,Media,Regresión Lineal,27.89,1.0,0.23,6.71,13.13,18.0,,2.0,0.0,280.0,0.0,5040.0,2022-06-06,5.0,NO
E007231,ERITROMICINA 250MG/5ML SUSPENSION ORAL,MEDICAMENTOS,,,C,Alta,Regresión Lineal,3.08,1.0,0.23,1.2,1.91,0.0,,,1.91,0.0,0.0,0.0,2022-06-01,0.0,SI
E008011,ESPIRONOLACTONA 25MG TABLETA ,MEDICAMENTOS,,,A,Baja,XGBoost,434.87,1.0,0.23,11.44,111.53,194.0,,9.0,0.0,63.0,0.0,12222.0,2022-06-06,6.0,NO
E008012,ESPIRONOLACTONA 100MG TABLETA ,MEDICAMENTOS,,,C,Baja,XGBoost,75.29,1.0,0.23,1.92,19.25,84.0,,2.0,0.0,202.0,0.0,16968.0,2022-06-27,26.0,NO
E010721,ESTREPTOQUINASA 750.000UI POLVO LIOFILIZADO,MEDICAMENTOS,,,C,Alta,Regresión Lineal,1.15,1.0,0.23,0.25,0.52,2.0,,0.0,0.0,205643.0,0.0,411286.0,2022-07-10,39.0,NO
E020722,ERITROPOYETINA 2.000UI/ML SOL. INYECTABLE,MEDICAMENTOS,,,B,Baja,XGBoost,122.93,1.0,0.23,4.83,33.12,34.0,,0.0,0.0,4640.0,0.0,157760.0,2022-06-01,0.0,NO
E038162,EFAVIRENZ 600MG TABLETA,MEDICAMENTOS,,,C,Alta,Media móvil,7.17,1.0,0.23,0.59,2.24,29.0,,1.0,0.0,375.0,0.0,10875.0,2022-09-22,114.0,NO
F0000005,"FLUMAZENIL 0,5MG/5ML  SOL. INYECTABLE",MEDICAMENTOS,,,C,Alta,Media móvil,0.55,1.0,0.23,0.08,0.21,5.0,,0.0,0.0,57514.0,0.0,287570.0,2023-02-22,267.0,NO
F002141,FENITOINA 100MG TABLETA ,MEDICAMENTOS,,,B,Media,XGBoost,157.79,1.0,0.23,16.68,53.0,46.0,,4.0,4.0,133.0,532.0,6118.0,2022-06-01,0.0,SI
F002231,FENITOINA 125MG/5ML SUSPENSION ORAL,MEDICAMENTOS,,,C,Media,XGBoost,2.55,1.0,0.23,0.6,1.18,1.0,,0.0,0.0,32774.0,0.0,32774.0,2022-06-01,0.0,SI
F008701,FITOMENADIONA 10MG/1ML SOL. INYECTABLE (VITAMINA K),MEDICAMENTOS,,,C,Baja,Media móvil,72.05,1.0,0.23,0.97,17.56,45.0,,0.0,0.0,885.0,0.0,39825.0,2022-06-12,12.0,NO
F009101,FLUCONAZOL 200MG CAPSULA ,MEDICAMENTOS,,,B,Baja,Regresión Lineal,131.89,1.0,0.23,19.37,49.72,76.0,,3.0,0.0,163.0,0.0,12388.0,2022-06-07,6.0,NO
F009701,FLUCONAZOL 200MG/100ML SOL. INYECTABLE,MEDICAMENTOS,,,B,Baja,Regresión Lineal,306.33,1.0,0.23,71.05,141.55,31.0,,0.0,0.0,1958.67,0.0,60718.67,2022-06-01,0.0,SI
F013141,FLUOXETINA 20M GCAPSULA ,MEDICAMENTOS,,,C,Media,Media móvil,30.26,1.0,0.23,3.29,10.25,32.0,,23.0,0.0,25.0,0.0,800.0,2022-06-22,22.0,NO
F013201,FLUOXETINA 20MG/5ML JARABE,MEDICAMENTOS,,,C,Alta,Media móvil,0.0,1.0,0.23,0.0,0.0,3.0,,0.0,0.0,2238.0,0.0,6714.0,,,NO
F014011,FOLICO ÁCIDO 1MG TABLETA,MEDICAMENTOS,,,B,Baja,XGBoost,386.88,1.0,0.23,5.37,94.41,161.0,,64.0,0.0,9.0,0.0,1449.0,2022-06-06,5.0,NO
F015011,FOLINICO ÁCIDO 15MG TABLETA ,MEDICAMENTOS,,,C,Alta,Regresión Lineal,3.8,1.0,0.23,1.48,2.36,0.0,,,2.36,0.0,0.0,0.0,2022-06-01,0.0,SI
F015701,CALCIO FOLINATO 50MG/5ML SOL. INYECTABLE,MEDICAMENTOS,,,C,Alta,Regresión Lineal,18.29,1.0,0.23,2.46,6.67,0.0,,,6.67,0.0,0.0,0.0,2022-06-01,0.0,SI
F017011,FUROSEMIDA 40MG TABLETA ,MEDICAMENTOS,,,B,Baja,Regresión Lineal,311.82,1.0,0.23,49.41,121.18,152.0,,27.0,0.0,21.0,0.0,3192.0,2022-06-04,3.0,NO
F017701,FUROSEMIDA 20MG/2ML SOL. INYECTABLE,MEDICAMENTOS,,,A,Baja,XGBoost,980.25,1.0,0.23,35.14,260.74,246.0,,2.0,2.0,232.0,464.0,57072.0,2022-06-01,0.0,SI
G0000001,GABAPENTIN CÁPSULA 300MG,MEDICAMENTOS,,,C,Alta,Media móvil,0.0,1.0,0.23,0.0,0.0,5.0,,1.0,0.0,387.0,0.0,1935.0,,,NO
G002011,GEMFIBROZIL 600MG TABLETA ,MEDICAMENTOS,,,C,Alta,XGBoost,1.38,1.0,0.23,0.24,0.56,5.0,,3.0,0.0,170.0,0.0,850.0,2022-09-06,98.0,NO
G003601,GENTAMICINA SOL. OFTÁLMICA 0.3% GOTAS,MEDICAMENTOS,,,C,Media,XGBoost,3.23,1.0,0.23,0.07,0.81,4.0,,0.0,0.0,928.0,0.0,3712.0,2022-07-01,30.0,NO
G003703,GENTAMICINA 80MG/2ML SOL. INYECTABLE ,MEDICAMENTOS,,,B,Baja,Regresión Lineal,114.91,1.0,0.23,16.6,43.05,112.0,,3.0,0.0,176.5,0.0,19768.0,2022-06-19,18.0,NO
G003704,GENTAMICINA 160MG/2ML SOL. INYECTABLE ,MEDICAMENTOS,,,C,Baja,XGBoost,25.2,1.0,0.23,2.8,8.6,28.0,,1.0,0.0,414.0,0.0,11592.0,2022-06-24,23.0,NO
G006702,GONADOTROPINA CRIONICA 5000 UI/ML SOL. INYECTABLE,MEDICAMENTOS,,,C,Alta,Media móvil,0.45,1.0,0.23,0.08,0.19,2.0,,0.0,0.0,67027.0,0.0,134054.0,2022-09-30,122.0,NO
H0000002,HIDROXICINA TABLETA 25MG,MEDICAMENTOS,,,B,Baja,XGBoost,199.7,1.0,0.23,28.86,74.82,75.0,,15.0,0.0,37.0,0.0,2775.0,2022-06-01,0.0,NO
H0000004,L-ASPARTATO/L-ORNITINA SOLUCIÓN INYECTABLE 5G/10ML,MEDICAMENTOS,,,C,Alta,XGBoost,18.92,1.0,0.23,2.04,6.39,39.0,,0.0,0.0,26712.0,0.0,1041768.0,2022-07-23,52.0,NO
H0000005,L-ASPARTATO/L-ORNITINA GRANULOS PARA SUSPENCIÓN ORAL 3G,MEDICAMENTOS,,,C,Alta,XGBoost,7.37,1.0,0.23,0.22,1.92,14.0,,0.0,0.0,9967.0,0.0,139538.0,2022-07-20,50.0,NO
H001201,HALOPERIDOL 2MG/20 GOTAS SOL. ORAL,MEDICAMENTOS,,,C,Baja,Regresión Lineal,16.19,1.0,0.23,4.37,8.09,7.0,,0.0,0.0,1057.5,0.0,7402.5,2022-06-01,0.0,SI
H001701,HALOPERIDOL 5MG/1ML SOL. INYECTABLE ,MEDICAMENTOS,,,B,Baja,Regresión Lineal,182.09,1.0,0.23,34.02,75.92,68.0,,0.0,0.0,625.0,0.0,42500.0,2022-06-01,0.0,SI
H004701,HEPARINA SODICA 5.000 UI/ML SOL. INYECTABLE,MEDICAMENTOS,,,B,Baja,Media móvil,134.04,1.0,0.23,3.81,34.66,45.0,,0.0,0.0,8244.5,0.0,371002.5,2022-06-03,2.0,NO
H006011,HIDROCLOROTIAZIDA TABLETA 25MG,MEDICAMENTOS,,,B,Baja,XGBoost,146.23,1.0,0.23,6.53,40.18,97.0,,89.0,0.0,6.5,0.0,630.5,2022-06-12,12.0,NO
H007321,HIDROCORTISONA ACETATO CREMA TÓPICA 1%,MEDICAMENTOS,,,C,Alta,XGBoost,2.88,1.0,0.23,0.94,1.6,4.0,,0.0,0.0,1510.0,0.0,6040.0,2022-06-26,25.0,NO
H008721,HIDROCORTISONA POLVO LIOFILIZADO 100MG,MEDICAMENTOS,,,B,Baja,XGBoost,320.71,1.0,0.23,3.93,77.74,75.0,,0.0,0.0,1225.0,0.0,91875.0,2022-06-01,0.0,SI
H011161,FERROSO SULFATO 300MG TABLETA ,MEDICAMENTOS,,,C,Media,Regresión Lineal,122.53,1.0,0.23,25.79,53.99,49.0,,14.0,4.99,40.0,199.7,1960.0,2022-06-01,0.0,SI
H011201,FERROSO SULFATO SOLUCIÓN ORAL 25MG/1ML GOTAS,MEDICAMENTOS,,,C,Alta,Media móvil,0.66,1.0,0.23,0.06,0.21,3.0,,0.0,0.0,1929.0,0.0,5787.0,2022-10-08,129.0,NO
H013021,N-BUTILBROMURO HIOSCINA TABLETA 10MG,MEDICAMENTOS,,,C,Media,XGBoost,14.83,1.0,0.23,4.27,7.68,45.0,,2.0,0.0,219.0,0.0,9855.0,2022-08-16,77.0,NO
H013701,N-BUTILBROMURO HIOSCINA SOL. INYECTABLE 20MG/1ML,MEDICAMENTOS,,,B,Baja,XGBoost,327.06,1.0,0.23,8.38,83.65,59.0,,0.0,0.0,775.0,0.0,45725.0,2022-06-01,0.0,SI
H014701,HIDROXICINA CLORHIDRATO SOL. 100MG/1ML,MEDICAMENTOS,,,C,Baja,XGBoost,20.33,1.0,0.23,0.32,5.0,9.0,,0.0,0.0,7776.0,0.0,69984.0,2022-06-06,6.0,NO
H019701,"N-BUTILBROMURO HIOSCINA/DIPIRONA SOL. INYECTABLE 2,5G/5ML",MEDICAMENTOS,,,A,Baja,Regresión Lineal,489.66,1.0,0.23,101.5,214.2,110.0,,0.0,0.0,1578.0,0.0,173580.0,2022-06-01,0.0,SI
I00000006,INSULINA LISPRO SOL. INYECTABLE 100UI/ML x 10ML (1000UI),MEDICAMENTOS,,,C,Media,XGBoost,3.16,1.0,0.23,0.36,1.08,5.0,,0.0,0.0,49960.0,0.0,249800.0,2022-07-08,38.0,NO
I00000007,"IVERMECTINA SOL. ORAL 0,6% GOTAS x 5ML",MEDICAMENTOS,,,C,Alta,XGBoost,7.0,1.0,0.23,0.65,2.26,8.0,,0.0,0.0,1127.5,0.0,9020.0,2022-06-25,25.0,NO
I0000012,CLOSTRIDIOPEPTIDASA UNGÜENTO TÓPICO 120UI/40G,MEDICAMENTOS,,,C,Alta,Media móvil,0.0,1.0,0.23,0.0,0.0,2.0,,0.0,0.0,95410.0,0.0,190820.0,,,NO
I002011,IBUPROFENO TABLETA 400MG,MEDICAMENTOS,,,C,Alta,XGBoost,14.32,1.0,0.23,2.21,5.51,21.0,,19.0,0.0,30.0,0.0,630.0,2022-07-03,33.0,NO
I004721,IMIPENEM/CILASTATINA 500MG/500MG POLVO LIOFILIZADO ,MEDICAMENTOS,,,C,Alta,XGBoost,46.08,1.0,0.23,17.5,28.1,30.0,,0.0,0.0,20624.0,0.0,618720.0,2022-06-02,1.0,NO
I005022,IMIPRAMINA TABLETA 25MG,MEDICAMENTOS,,,C,Alta,Media móvil,0.0,1.0,0.23,0.0,0.0,20.0,,12.0,0.0,45.0,0.0,900.0,,,NO
I007701,INMUNOGLOBULINA ANTI-D SOLUCIÓN INYECTABLE 300MCG/2ML,MEDICAMENTOS,,,C,Baja,XGBoost,2.15,1.0,0.23,0.06,0.56,3.0,,0.0,0.0,79000.0,0.0,237000.0,2022-07-05,35.0,NO
I008701,INSULINA ZINC CRISTALINA SOL. INYECTABLE 100UI/ML x 10ML (1000UI),MEDICAMENTOS,,,C,Baja,XGBoost,17.41,1.0,0.23,1.28,5.29,5.0,,0.0,0.0,2924.0,0.0,14620.0,2022-06-01,0.0,SI
I009711,INSULINA ZINC NPH SOL. INYECTABLE 100UI/ML x 10ML (1000UI),MEDICAMENTOS,,,C,Alta,Media móvil,0.85,1.0,0.23,0.11,0.3,1.0,,0.0,0.0,6671.0,0.0,6671.0,2022-06-25,25.0,NO
I017471,IPRATROPIO BROMURO SUSPENSIÓN PARA INHALACIÓN 20MCG//1PUFF/200PUFF,MEDICAMENTOS,,,C,Baja,XGBoost,41.12,1.0,0.23,1.86,11.32,13.0,,0.0,0.0,4932.0,0.0,64116.0,2022-06-02,1.0,NO
I020011,ISOSORBIDE DINITRATO 10MG TABLETA,MEDICAMENTOS,,,C,Media,XGBoost,9.68,1.0,0.23,0.4,2.63,29.0,,23.0,0.0,25.0,0.0,725.0,2022-08-22,83.0,NO
I020061,ISOSORBIDE DINITRATO TABLETA 5MG,MEDICAMENTOS,,,C,Media,XGBoost,3.93,1.0,0.23,0.9,1.81,6.0,,0.0,0.0,1092.0,0.0,6552.0,2022-07-03,32.0,NO
I021701,IBANDRONICO ÁCIDO SOLUCIÓN INYECTABLE 6MG,MEDICAMENTOS,,,C,Alta,Regresión Lineal,0.34,1.0,0.23,0.06,0.14,0.0,,,0.14,0.0,0.0,0.0,2022-06-01,0.0,SI
J000006,METFORMINA/SITAGLIPTINA TABLETA 1000MG/50MG,MEDICAMENTOS,,,C,Alta,Media móvil,0.0,1.0,0.23,0.0,0.0,34.0,,0.0,0.0,1663.0,0.0,56542.0,,,NO
K0000008,POLIETILENGLICOL/SODIO SULFATO/SODIO BICARBONATO/SODIO CLORURO/POTASIO CLORURO P,MEDICAMENTOS,,,C,Baja,Regresión Lineal,74.32,1.0,0.23,8.05,25.16,24.0,,0.0,0.0,8308.0,0.0,199392.0,2022-06-01,0.0,SI
K002101,KETOCONAZOL TABLETA 200MG,MEDICAMENTOS,,,C,Alta,XGBoost,9.68,1.0,0.23,1.69,3.91,12.0,,3.0,0.0,171.0,0.0,2052.0,2022-06-26,25.0,NO
L0000005,LAMOTRIGINA TABLETA 100MG,MEDICAMENTOS,,,C,Alta,XGBoost,3.56,1.0,0.23,1.38,2.2,31.0,,3.0,0.0,173.0,0.0,5363.0,2023-02-02,246.0,NO
L0000006,LEVOFLOXACINA TABLETA 500MG,MEDICAMENTOS,,,C,Alta,Regresión Lineal,1.15,1.0,0.23,0.25,0.52,10.0,,1.0,0.0,538.0,0.0,5380.0,2023-02-07,251.0,NO
L0000009,LABETALOL SOLUCIÓN INYECTABLE 100MG/20ML,MEDICAMENTOS,,,C,Alta,Regresión Lineal,25.21,1.0,0.23,8.76,14.56,21.0,,0.0,0.0,26373.5,0.0,553843.5,2022-06-08,8.0,NO
L000001,BACLOFENO TABLETA 10MG,MEDICAMENTOS,,,C,Alta,XGBoost,0.71,1.0,0.23,0.04,0.2,4.0,,0.0,0.0,1224.0,0.0,4896.0,2022-11-11,164.0,NO
L0000017,INSULINA GLARGINA 100UI/ML x 10 ML (1000UI) SOL. INYECTABLE ,MEDICAMENTOS,,,C,Baja,Media móvil,30.34,1.0,0.23,0.06,7.04,11.0,,0.0,0.0,120068.0,0.0,1320748.0,2022-06-04,4.0,NO
L00006,NEVIRAPINA SUSPENSIÓN ORAL 10MG/1ML (2400MG/240ML),MEDICAMENTOS,,,C,Alta,Regresión Lineal,0.0,1.0,0.23,0.0,0.0,,,,,,,,,,NO
L001141,LAMIVUDINA 150 MG TABLETA,MEDICAMENTOS,,,C,Alta,Media móvil,0.0,1.0,0.23,0.0,0.0,20.0,,3.0,0.0,159.0,0.0,3180.0,,,NO
L003011,LEVODOPA/CARBIDOPA TABLETA 250MG/25MG,MEDICAMENTOS,,,C,Media,XGBoost,27.16,1.0,0.23,11.67,17.93,34.0,,3.0,0.0,153.0,0.0,5202.0,2022-06-19,18.0,NO
L004011,LEVOMEPROMAZINA TABLETA 25MG,MEDICAMENTOS,,,C,Alta,XGBoost,6.46,1.0,0.23,1.18,2.67,31.0,,4.0,0.0,132.0,0.0,4092.0,2022-10-12,133.0,NO
L004201,LEVOMEPROMAZINA 4MG/ML SOLUCION ORAL,MEDICAMENTOS,,,C,Media,XGBoost,2.23,1.0,0.23,0.1,0.61,3.0,,0.0,0.0,2836.0,0.0,8508.0,2022-07-03,33.0,NO
L006011,LEVOTIROXINA TABLETA 50MCG,MEDICAMENTOS,,,B,Baja,XGBoost,284.45,1.0,0.23,10.84,76.3,113.0,,46.0,0.0,12.5,0.0,1412.5,2022-06-04,4.0,NO
L006012,LEVOTIROXINA TABLETA 100MCG,MEDICAMENTOS,,,B,Baja,XGBoost,88.48,1.0,0.23,0.5,20.86,23.0,,19.0,0.0,30.0,0.0,690.0,2022-06-01,1.0,NO
L015141,LOPERAMIDA TABLETA 2MG,MEDICAMENTOS,,,A,Baja,XGBoost,474.83,1.0,0.23,14.28,123.57,305.0,,32.0,0.0,18.0,0.0,5490.0,2022-06-12,12.0,NO
L016011,LORATADINA TABLETA 10MG,MEDICAMENTOS,,,B,Baja,Regresión Lineal,175.88,1.0,0.23,26.96,67.44,135.0,,30.0,0.0,19.0,0.0,2565.0,2022-06-12,12.0,NO
L018011,LOVASTATINA TABLETA 20MG,MEDICAMENTOS,,,C,Alta,Media móvil,0.0,1.0,0.23,0.0,0.0,13.0,,77.0,0.0,7.5,0.0,97.5,,,NO
L021161,LOSARTAN TABLETA 50MG,MEDICAMENTOS,,,A,Baja,Regresión Lineal,1797.6,1.0,0.23,44.95,458.66,555.0,,21.0,0.0,27.0,0.0,14985.0,2022-06-02,2.0,NO
M0000005,METOPROLOL SOL. INYECTABLE 5MG/5ML,MEDICAMENTOS,,,C,Alta,Regresión Lineal,3.38,1.0,0.23,0.52,1.3,11.0,,0.0,0.0,9928.0,0.0,109208.0,2022-08-27,87.0,NO
M0000009,MOXIFLOXACINA TABLETA 400MG,MEDICAMENTOS,,,C,Alta,Media móvil,6.08,1.0,0.23,0.6,2.0,0.0,,,2.0,0.0,0.0,0.0,2022-06-01,0.0,SI
M0000015,MEMANTINA TBL. 10 MG,MEDICAMENTOS,,,C,Alta,XGBoost,0.53,1.0,0.23,0.14,0.26,,,,,,,,,,NO
M001701,MAGNESIO SULFATO SOLUCIÓN INYECTABLE 20%/10ML,MEDICAMENTOS,,,B,Baja,XGBoost,368.51,1.0,0.23,3.24,88.05,158.0,,0.0,0.0,800.0,0.0,126400.0,2022-06-06,6.0,NO
M002702,MANITOL AL 20 % SOL. INYECTABLE x 500 ML,MEDICAMENTOS,,,C,Media,Media móvil,11.23,1.0,0.23,1.17,3.75,39.0,,0.0,0.0,10854.0,0.0,423306.0,2022-09-04,96.0,NO
M009011,MERCAPTOPURINA TBL. 50 MG,MEDICAMENTOS,,,C,Alta,XGBoost,12.15,1.0,0.23,1.71,4.51,22.0,,0.0,0.0,7241.0,0.0,159302.0,2022-07-14,44.0,NO
M011011,METFORMINA TABLETA 850MG,MEDICAMENTOS,,,C,Media,XGBoost,47.71,1.0,0.23,14.93,25.91,50.0,,12.0,0.0,46.0,0.0,2300.0,2022-06-16,15.0,NO
M013721,METILPREDNISOLONA SUCCINATO 500MG POLVO LIOFILIZADO ,MEDICAMENTOS,,,C,Baja,XGBoost,38.57,1.0,0.23,2.06,10.94,31.0,,0.0,0.0,8659.0,0.0,268429.0,2022-06-16,16.0,NO
M015011,METOCARBAMOL TABLETA 750MG,MEDICAMENTOS,,,C,Alta,XGBoost,3.32,1.0,0.23,0.46,1.22,21.0,,5.0,0.0,101.0,0.0,2121.0,2022-11-29,182.0,NO
M016011,METOCLOPRAMIDA TABLETA 10MG,MEDICAMENTOS,,,C,Media,XGBoost,40.06,1.0,0.23,3.74,12.95,26.0,,22.0,0.0,26.0,0.0,676.0,2022-06-10,10.0,NO
M016701,METOCLOPRAMIDA SOLUCIÓN INYECTABLE 10MG/2ML,MEDICAMENTOS,,,A,Baja,XGBoost,905.31,1.0,0.23,8.64,217.0,0.0,,,217.0,0.0,0.0,0.0,2022-06-01,0.0,SI
M017161,METOPROLOL TABLETA 50MG,MEDICAMENTOS,,,A,Baja,Media móvil,541.88,1.0,0.23,9.45,134.16,390.0,,53.0,0.0,11.0,0.0,4290.0,2022-06-15,14.0,NO
M017162,METOPROLOL TARTRATO TABLETA 100MG,MEDICAMENTOS,,,C,Alta,XGBoost,6.24,1.0,0.23,1.7,3.13,20.0,,10.0,0.0,55.0,0.0,1100.0,2022-08-22,82.0,NO
M020012,METRONIDAZOL 500MG TABLETA ,MEDICAMENTOS,,,B,Baja,Regresión Lineal,172.32,1.0,0.23,30.06,69.72,56.0,,9.0,9.0,62.0,558.0,3472.0,2022-06-01,0.0,SI
M020501,METRONIDAZOL OVULO VAGINAL 500MG,MEDICAMENTOS,,,C,Media,Regresión Lineal,12.01,1.0,0.23,5.25,8.02,17.0,,4.0,0.0,131.0,0.0,2227.0,2022-06-23,23.0,NO
M021701,METRONIDAZOL 500MG/100ML SOL. INYECTABLE,MEDICAMENTOS,,,B,Baja,Media móvil,210.26,1.0,0.23,9.25,57.64,58.0,,0.0,0.0,664.0,0.0,38512.0,2022-06-01,0.0,NO
M022232,METRONIDAZOL SUSPENSIÓN ORAL 250MG/5ML X 120ML),MEDICAMENTOS,,,C,Media,XGBoost,1.63,1.0,0.23,0.07,0.45,2.0,,0.0,0.0,1494.0,0.0,2988.0,2022-06-30,29.0,NO
M026161,MINOXIDIL TABLETA 10MG,MEDICAMENTOS,,,B,Baja,Media móvil,166.96,1.0,0.23,9.56,47.99,33.0,,5.0,5.0,114.0,570.0,3762.0,2022-06-01,0.0,SI
M026541,MESALAZINA ENEMA RECTAL 4G/60ML,MEDICAMENTOS,,,C,Alta,XGBoost,0.18,1.0,0.23,0.08,0.12,2.0,,0.0,0.0,27563.0,0.0,55126.0,2023-04-14,318.0,NO
M026721,MEROPENEM POLVO LIOFILIZADO 500MG,MEDICAMENTOS,,,C,Media,XGBoost,39.43,1.0,0.23,5.64,14.72,51.0,,0.0,0.0,18785.0,0.0,958035.0,2022-06-29,28.0,NO
MAT527,INTRODUCTOR 8.5FR/S109880,DISPOSITIVOS MEDICO,,,C,Alta,XGBoost,0.48,1.0,0.23,0.16,0.27,2.0,,0.0,0.0,109171.0,0.0,218342.0,2022-09-18,110.0,NO
N0000002,"NITROFURAZONA POMADA 0,2%/40G",MEDICAMENTOS,,,C,Alta,Regresión Lineal,0.0,1.0,0.23,0.0,0.0,1.0,,0.0,0.0,1912.0,0.0,1912.0,,,NO
N0000003,NOREPINEFRINA SOL. INYECTABLE 4MG/4ML,MEDICAMENTOS,,,A,Baja,Regresión Lineal,1103.59,1.0,0.23,224.93,478.92,31.0,,0.0,0.0,1316.5,0.0,40811.5,2022-06-01,0.0,SI
N0000018,NITAZOXANIDA TABLETA 500MG,MEDICAMENTOS,,,C,Alta,XGBoost,221.04,1.0,0.23,34.83,85.7,112.0,,0.0,0.0,664.0,0.0,74368.0,2022-06-04,4.0,NO
N0000019,ESOMEPRAZOL 20MG TABLETA ,MEDICAMENTOS,,,B,Baja,XGBoost,182.86,1.0,0.23,19.22,61.3,134.0,,,0.0,-38.67,-0.0,-5181.33,2022-06-13,12.0,NO
N0000020,ESOMEPRAZOL 40MG TABLETA ,MEDICAMENTOS,,,B,Baja,XGBoost,167.2,1.0,0.23,6.52,45.0,120.0,,24.0,0.0,23.5,0.0,2820.0,2022-06-14,14.0,NO
N0000030,ESOMEPRAZOL 40MG SOL. INYECTABLE ,MEDICAMENTOS,,,B,Baja,XGBoost,192.54,1.0,0.23,3.98,48.29,74.0,,0.0,0.0,1819.5,0.0,134643.0,2022-06-05,4.0,NO
N001701,"NALOXONA 0,4MG/1ML SOL. INYECTABLE",MEDICAMENTOS,,,C,Alta,Regresión Lineal,0.69,1.0,0.23,0.12,0.28,7.0,,0.0,0.0,10115.5,0.0,70808.5,2023-03-23,295.0,NO
N002141,NAPROXENO TABLETA 250MG,MEDICAMENTOS,,,C,Media,Media móvil,22.68,1.0,0.23,4.41,9.62,60.0,,11.0,0.0,49.0,0.0,2940.0,2022-08-07,68.0,NO
N008141,NIMODIPINO TABLETA 30MG,MEDICAMENTOS,,,B,Media,XGBoost,254.75,1.0,0.23,29.26,87.89,244.0,,9.0,0.0,61.0,0.0,14884.0,2022-06-19,19.0,NO
N009231,NISTATINA SUSPENSIÓN ORAL 100000UI/1ML (6000000UI/60ML),MEDICAMENTOS,,,C,Baja,Media móvil,17.84,1.0,0.23,0.69,4.8,5.0,,0.0,0.0,2257.0,0.0,11285.0,2022-06-01,0.0,NO
N009321,NISTATINA CREMA 100.000 UI/GR ,MEDICAMENTOS,,,C,Media,XGBoost,1.82,1.0,0.23,0.11,0.53,3.0,,0.0,0.0,3178.5,0.0,9535.5,2022-07-12,41.0,NO
N010142,NITROFURANTOINA TABLETA 100MG,MEDICAMENTOS,,,C,Alta,Media móvil,0.0,1.0,0.23,0.0,0.0,8.0,,38.0,0.0,15.0,0.0,120.0,,,NO
N011701,NITROGLICERINA SOLUCIÓN INYECTABLE 50MG/10ML,MEDICAMENTOS,,,C,Alta,XGBoost,0.86,1.0,0.23,0.18,0.38,10.0,,0.0,0.0,8842.0,0.0,88420.0,2023-05-08,342.0,NO
P0000002,"PEGFILGRASTIM SOL. INYECTABLE 6MG/0,6ML",MEDICAMENTOS,,,C,Media,Regresión Lineal,1.92,1.0,0.23,0.27,0.71,4.0,,0.0,0.0,889680.0,0.0,3558720.0,2022-07-23,52.0,NO
P0000003,PENTOXIFILINA TABLETA 400MG,MEDICAMENTOS,,,C,Alta,Regresión Lineal,0.27,1.0,0.23,0.11,0.17,20.0,,1.0,0.0,336.0,0.0,6720.0,2028-06-17,2208.0,NO
P0000013,PREGABALINA CÁPSULA 150MG,MEDICAMENTOS,,,C,Media,Media móvil,10.6,1.0,0.23,1.03,3.47,39.0,,2.0,0.0,285.0,0.0,11115.0,2022-09-11,102.0,NO
P0000020,PRALIDOXIMA POLVO LIOFILIZADO 200MG,MEDICAMENTOS,,,C,Alta,Media móvil,31.97,1.0,0.23,5.89,13.24,10.0,,0.0,0.0,304498.0,0.0,3044980.0,2022-06-01,0.0,SI
P0000025,POLIMIXINA B SOLUCIÓN INYECTABLE 500000UI,MEDICAMENTOS,,,C,Alta,Media móvil,56.75,1.0,0.23,3.34,16.4,21.0,,0.0,0.0,31241.0,0.0,656061.0,2022-06-03,2.0,NO
P001701,PANCURONIO SOL. INYECTABLE 4MG/2ML,MEDICAMENTOS,,,C,Alta,XGBoost,0.48,1.0,0.23,0.16,0.27,,,,,,,,,,NO
P005721,PENICILINA G BENZATINICA POLVO LIOFILIZADO 1200000UI,MEDICAMENTOS,,,C,Alta,Regresión Lineal,0.2,1.0,0.23,0.08,0.12,25.0,,0.0,0.0,1203.0,0.0,30075.0,2032-12-15,3851.0,NO
P005722,PENICILINA G BENZATINICA POLVO LIOFILIZADO 2400000UI,MEDICAMENTOS,,,C,Alta,XGBoost,5.01,1.0,0.23,0.42,1.57,13.0,,0.0,0.0,1695.0,0.0,22035.0,2022-08-09,69.0,NO
P007721,PENICILINA G CRISTALINA POLVO LIOFILIZADO 1000000UI,MEDICAMENTOS,,,B,Media,XGBoost,321.16,1.0,0.23,18.65,92.57,196.0,,0.0,0.0,1073.0,0.0,210308.0,2022-06-10,10.0,NO
P012141,PIRANTEL PAMOATO TABLETA 250MG,MEDICAMENTOS,,,C,Alta,XGBoost,0.26,1.0,0.23,0.05,0.11,5.0,,2.0,0.0,265.0,0.0,1325.0,2024-01-02,580.0,NO
P012231,PIRANTEL PAMOATO SUSPENSIÓN ORAL 250MG/5ML (750MG/15ML),MEDICAMENTOS,,,C,Alta,XGBoost,0.23,1.0,0.23,0.06,0.11,,,,,,,,,,NO
P022701,POTASIO CLORURO 20MEQ/10ML SOL. INYECTABLE,MEDICAMENTOS,,,A,Baja,XGBoost,2172.66,1.0,0.23,57.29,557.33,460.0,,2.0,2.0,234.0,468.0,107640.0,2022-06-01,0.0,SI
P026011,PRAZOSINA TABLETA 1MG,MEDICAMENTOS,,,A,Baja,Regresión Lineal,1092.56,1.0,0.23,194.96,446.41,355.0,,33.0,33.0,17.5,577.5,6212.5,2022-06-01,0.0,SI
P027011,PREDNISOLONA TABLETA 5MG,MEDICAMENTOS,,,A,Baja,Regresión Lineal,528.12,1.0,0.23,128.66,250.21,191.0,,25.0,25.0,23.0,575.0,4393.0,2022-06-01,0.0,SI
P035011,PROPRANOLOL TABLETA 40MG,MEDICAMENTOS,,,B,Baja,Regresión Lineal,117.51,1.0,0.23,17.7,44.75,,,,,,,,,,NO
P036701,PROTAMINA SOLUCIÓN INYECTABLE 5000UI,MEDICAMENTOS,,,C,Media,Media móvil,0.85,1.0,0.23,0.11,0.3,3.0,,0.0,0.0,13875.0,0.0,41625.0,2022-09-05,96.0,NO
P039701,"POTASIO FOSFATO DIBASICO/MONOBASICO SOLUCIÓN INYECTABLE 3,8MEQ/2,6MM/1ML (38MEQ",MEDICAMENTOS,,,C,Baja,XGBoost,37.03,1.0,0.23,5.82,14.34,58.0,,0.0,0.0,4092.0,0.0,237336.0,2022-07-06,36.0,NO
R0000009,ROCIVERINA SOLUCIÓN INYECTABLE 20MG/2ML,MEDICAMENTOS,,,C,Alta,XGBoost,2.57,1.0,0.23,1.01,1.6,9.0,,0.0,0.0,5602.0,0.0,50418.0,2022-08-27,88.0,NO
R0000014,ROSUVASTATINA TABLETA 20MG,MEDICAMENTOS,,,C,Media,XGBoost,7.33,1.0,0.23,1.89,3.57,24.0,,5.0,0.0,101.0,0.0,2424.0,2022-08-24,85.0,NO
R001011,RANITIDINA TABLETA 150MG,MEDICAMENTOS,,,A,Baja,Media móvil,319.34,1.0,0.23,5.68,79.17,443.0,,16.0,0.0,36.5,0.0,16169.5,2022-07-05,35.0,NO
R001701,RANITIDINA SOL. INYECTABLE 50MG/2ML,MEDICAMENTOS,,,A,Baja,Media móvil,1366.79,1.0,0.23,21.25,335.82,378.0,,2.0,0.0,232.0,0.0,87696.0,2022-06-01,1.0,NO
R002251,POLIESTIRENO SULFONATO CÁLCICO POLVO PARA SUSPENSIÓN ORAL 15G,MEDICAMENTOS,,,B,Media,XGBoost,127.97,1.0,0.23,23.94,53.39,42.0,,0.0,0.0,3009.5,0.0,126399.0,2022-06-01,0.0,SI
R005101,RIFAMPICINA CÁPSULA 300MG,MEDICAMENTOS,,,C,Alta,XGBoost,25.03,1.0,0.23,6.69,12.45,32.0,,1.0,0.0,467.0,0.0,14944.0,2022-06-24,24.0,NO
R008703,AGUA ESTERIL PARA IRRIGACION 3000 ML ,MEDICAMENTOS,,,C,Baja,XGBoost,40.09,1.0,0.23,9.92,19.15,6.0,,0.0,0.0,22370.0,0.0,134220.0,2022-06-01,0.0,SI
R009141,RITONAVIR TABLETA 100MG,MEDICAMENTOS,,,C,Alta,Media móvil,0.0,1.0,0.23,0.0,0.0,22.0,,0.0,0.0,974.0,0.0,21428.0,,,NO
S0000002,SECNIDAZOL TABLETA 500MG,MEDICAMENTOS,,,C,Alta,Media móvil,0.0,1.0,0.23,0.0,0.0,,,,,,,,,,NO
S0000012,"BUDESONIDA/FORMOTEROL SUSPENSIÓN PARA INHALACIÓN 160MCG/4,5MCG/1PUFF/120PUFF",MEDICAMENTOS,,,C,Media,XGBoost,2.34,1.0,0.23,0.26,0.79,3.0,,0.0,0.0,185309.0,0.0,555927.0,2022-06-29,29.0,NO
S003701,SODIO BICARBONATO SOLUCIÓN INYECTABLE 1MEQ/1ML (10MEQ/10ML),MEDICAMENTOS,,,A,Baja,Media móvil,675.95,1.0,0.23,28.21,183.78,361.0,,1.0,0.0,524.0,0.0,189164.0,2022-06-08,8.0,NO
S004702,SODIO CLORURO SOL. INYECTABLE 20MEQ/10ML,MEDICAMENTOS,,,A,Baja,Media móvil,1433.4,1.0,0.23,4.64,334.54,398.0,,2.0,0.0,232.0,0.0,92336.0,2022-06-02,1.0,NO
S010721,NITROPRUSIATO POLVO LIOFILIZADO 50MG,MEDICAMENTOS,,,C,Media,Media móvil,51.14,1.0,0.23,0.43,12.19,1.0,,0.0,0.0,31800.0,0.0,31800.0,2022-06-01,0.0,SI
S013701,SUCCINILCOLINA SOLUCIÓN INYECTABLE 10%/10ML,MEDICAMENTOS,,,C,Alta,Media móvil,1.72,1.0,0.23,0.23,0.63,0.0,,,0.63,0.0,0.0,0.0,2022-06-01,0.0,SI
S014011,SUCRALFATO TABLETA 1G,MEDICAMENTOS,,,A,Baja,Regresión Lineal,698.46,1.0,0.23,80.8,241.55,118.0,,3.0,3.0,178.0,534.0,21004.0,2022-06-01,0.0,SI
S020011,SULFASALAZINA TABLETA 500MG,MEDICAMENTOS,,,C,Alta,XGBoost,10.05,1.0,0.23,1.85,4.16,13.0,,1.0,0.0,313.0,0.0,4069.0,2022-06-27,27.0,NO
T0000001,TIGECICLINA 50MG POLVO PARA RECONSTITUCION,MEDICAMENTOS,,,C,Media,Regresión Lineal,23.82,1.0,0.23,5.43,10.91,27.0,,0.0,0.0,59089.5,0.0,1595416.5,2022-06-21,21.0,NO
T0000003,TIZANIDINA TABLETA 2MG,MEDICAMENTOS,,,C,Alta,Media móvil,0.0,1.0,0.23,0.0,0.0,12.0,,1.0,0.0,423.0,0.0,5076.0,,,NO
T0000006,TRIMEBUTINA SOL. INYECTABLE 50MG/5ML,MEDICAMENTOS,,,C,Alta,Media móvil,0.0,1.0,0.23,0.0,0.0,10.0,,0.0,0.0,14053.0,0.0,140530.0,,,NO
T0000007,TRIMEBUTINA MALEATO TABLETA 200MG,MEDICAMENTOS,,,C,Alta,Media móvil,0.0,1.0,0.23,0.0,0.0,,,,,,,,,,NO
T001011,TALIDOMIDA TABLETA 100MG,MEDICAMENTOS,,,C,Alta,XGBoost,0.86,1.0,0.23,0.07,0.27,11.0,,0.0,0.0,13734.0,0.0,151074.0,2023-06-14,378.0,NO
T002012,TAMOXIFENO TABLETA 20MG,MEDICAMENTOS,,,C,Alta,XGBoost,4.94,1.0,0.23,1.92,3.06,14.0,,0.0,0.0,692.0,0.0,9688.0,2022-08-07,67.0,NO
T004151,TEOFILINA CAPSULA 125MG,MEDICAMENTOS,,,C,Alta,XGBoost,3.36,1.0,0.23,1.31,2.08,0.0,,,2.08,0.0,0.0,0.0,2022-06-01,0.0,SI
T005461,TERBUTALINA SUSPENSIÓN PARA INHALACIÓN 10MG//1ML/10ML,MEDICAMENTOS,,,C,Alta,Regresión Lineal,0.45,1.0,0.23,0.08,0.19,,,,,,,,,,NO
T005701,"TERBUTALINA SOLUCIÓN INYECTABLE 0,5MG/1ML",MEDICAMENTOS,,,C,Alta,Regresión Lineal,0.45,1.0,0.23,0.08,0.19,,,,,,,,,,NO
T008101,TETRACICLINA TABLETA 500MG,MEDICAMENTOS,,,C,Alta,Media móvil,0.0,1.0,0.23,0.0,0.0,,,,,,,,,,NO
T009141,TIAMINA 300MG TABLETA ,MEDICAMENTOS,,,C,Alta,XGBoost,20.78,1.0,0.23,1.73,6.51,10.0,,6.0,0.0,91.0,0.0,910.0,2022-06-06,5.0,NO
T009701,TIAMINA 1000MG/10ML SOL. INYECTABLE,MEDICAMENTOS,,,C,Media,XGBoost,6.95,1.0,0.23,0.06,1.66,1.0,,,0.66,-1932.0,-1274.85,-1932.0,2022-06-01,0.0,SI
T011602,TIMOLOL SOLUCIÓN OFTÁLMICA 5MG/1ML,MEDICAMENTOS,,,C,Alta,Media móvil,0.0,1.0,0.23,0.0,0.0,,,,,,,,,,NO
T012011,TINIDAZOL TABLETA 500MG,MEDICAMENTOS,,,C,Media,Media móvil,51.23,1.0,0.23,4.13,15.92,41.0,,6.0,0.0,90.0,0.0,3690.0,2022-06-15,15.0,NO
T019701,"TOXOIDE TETANICO SOL. INYECTABLE 40UI/0,5ML",MEDICAMENTOS,,,C,Alta,Regresión Lineal,0.2,1.0,0.23,0.08,0.12,0.0,,,0.12,0.0,0.0,0.0,2022-06-01,0.0,SI
T020201,TRAMADOL SOL. ORAL 100MG/1ML,MEDICAMENTOS,,,C,Media,Regresión Lineal,2.87,1.0,0.23,0.38,1.04,4.0,,1.0,0.0,550.0,0.0,2200.0,2022-07-02,31.0,NO
T020701,TRAMADOL SOL. INYECTABLE 50MG/1ML,MEDICAMENTOS,,,A,Baja,XGBoost,1104.35,1.0,0.23,5.41,259.58,208.0,,2.0,2.0,251.0,502.0,52208.0,2022-06-01,0.0,SI
T020702,TRAMADOL SOL. INYECTABLE 100MG/2ML,MEDICAMENTOS,,,C,Media,XGBoost,44.4,1.0,0.23,4.98,15.2,13.0,,1.0,1.0,312.0,312.0,4056.0,2022-06-01,0.0,SI
T023011,TRAZODONA TABLETA 50MG,MEDICAMENTOS,,,B,Baja,XGBoost,362.62,1.0,0.23,8.71,92.17,179.0,,20.0,0.0,28.5,0.0,5101.5,2022-06-08,7.0,NO
T025011,TRIMETOPRIM/SULFAMETOXAZOL TABLETA 80MG/400MG,MEDICAMENTOS,,,C,Alta,XGBoost,0.9,1.0,0.23,0.11,0.31,10.0,,6.0,0.0,91.0,0.0,910.0,2023-04-23,326.0,NO
V000000013,VORICONAZOL TABLETA 200MG,MEDICAMENTOS,,,C,Alta,Media móvil,50.83,1.0,0.23,2.56,14.26,13.0,,0.0,0.0,62347.0,0.0,810511.0,2022-06-01,0.0,SI
V0000002,VALGANCICLOVIR TBL. 450 MG,MEDICAMENTOS,,,C,Alta,Media móvil,0.0,1.0,0.23,0.0,0.0,,,,,,,,,,NO
V0000004,VALSARTAN TABLETA 160MG,MEDICAMENTOS,,,C,Media,Regresión Lineal,16.94,1.0,0.23,2.52,6.42,29.0,,,0.0,-1187.0,-0.0,-34423.0,2022-07-11,41.0,NO
V0000005,VALSARTAN TABLETA 80MG,MEDICAMENTOS,,,C,Alta,XGBoost,13.25,1.0,0.23,2.44,5.49,14.0,,3.0,0.0,169.0,0.0,2366.0,2022-06-20,20.0,NO
V0000011,VORICONAZOL POLVO LIOFILIZADO 200MG,MEDICAMENTOS,,,C,Alta,Regresión Lineal,97.21,1.0,0.23,34.14,56.51,17.0,,0.0,0.0,40195.0,0.0,683315.0,2022-06-01,0.0,SI
V0000012,VASOPRESINA 20UI/ML SOL. INYECTABLE ,MEDICAMENTOS,,,C,Baja,XGBoost,53.06,1.0,0.23,0.48,12.7,39.0,,0.0,0.0,11297.0,0.0,440583.0,2022-06-16,15.0,NO
V0000013,TRIMETAZIDINA TABLETA 35MG,MEDICAMENTOS,,,C,Alta,Regresión Lineal,1.69,1.0,0.23,0.66,1.05,6.0,,,0.0,-3261.0,-0.0,-19566.0,2022-08-29,89.0,NO
V011141,VALPROICO ÁCIDO CÁPSULA 250MG,MEDICAMENTOS,,,B,Media,Regresión Lineal,506.31,1.0,0.23,117.81,234.33,220.0,,5.0,5.0,114.0,570.0,25080.0,2022-06-01,0.0,SI
V012221,VALPROICO ÁCIDO JARABE 250MG/5ML X 120ML,MEDICAMENTOS,,,C,Media,Regresión Lineal,17.29,1.0,0.23,2.27,6.25,5.0,,0.0,0.0,1440.0,0.0,7200.0,2022-06-01,0.0,SI
V013721,VANCOMICINA 500MG POLVO LIOFILIZADO ,MEDICAMENTOS,,,A,Baja,Regresión Lineal,1664.79,1.0,0.23,166.79,549.94,282.0,,0.0,0.0,11427.5,0.0,3222555.0,2022-06-01,0.0,SI
V015721,VECURONIO BROMURO POLVO LIOFILIZADO 10MG,MEDICAMENTOS,,,B,Media,XGBoost,155.58,1.0,0.23,19.51,55.32,230.0,,0.0,0.0,10536.0,0.0,2423280.0,2022-07-05,34.0,NO
V016011,VERAPAMILO TABLETA 120MG,MEDICAMENTOS,,,C,Alta,XGBoost,16.9,1.0,0.23,3.11,7.0,10.0,,5.0,0.0,99.0,0.0,990.0,2022-06-06,5.0,NO
V016141,VERAPAMILO TABLETA 80MG,MEDICAMENTOS,,,C,Media,Media móvil,21.33,1.0,0.23,0.75,5.66,36.0,,10.0,0.0,55.0,0.0,1980.0,2022-07-14,43.0,NO
Z001201,ZIDOVUDINA SOLUCIÓN ORAL 10MG/1ML X 240ML,MEDICAMENTOS,,,C,Alta,Regresión Lineal,0.0,1.0,0.23,0.0,0.0,,,,,,,,,,NO
Z002721,ZOLEDRONICO ÁCIDO POLVO LIOFILIZADO 4MG/5ML ,MEDICAMENTOS,,,C,Alta,XGBoost,0.58,1.0,0.23,0.02,0.16,1.0,,0.0,0.0,31150.0,0.0,31150.0,2022-07-15,44.0,NO
