producto_id,demanda_total,media,desviacion,cv,variabilidad,demanda_acumulada_pct,categoria_abc,categoria,nombre_producto,proveedor_principal,proveedor_alterno,metodo_campeon
702259,158777,13231.416666666666,735.3117407335517,0.05557316795759223,Baja,0.07884752711645401,A,DISPOSITIVOS MEDICO,JERINGA 10ML ,,,Regresión Lineal
A001011,111311,9275.916666666666,904.3265156842949,0.09749187580932289,Baja,0.1341237767675975,A,MEDICAMENTOS,ACETAMINOFEN TABLETA 500MG,,,Regresión Lineal
700543,94841,7903.416666666667,3459.090197208544,0.43767023087591367,Baja,0.1812211417464774,A,CONTROLADOS,MIDAZOLAM 5MG/5ML SOL. INYECTABLE,AMAREY,CRUZ VERDE,XGBoost
708344,86802,7233.5,508.6628638803007,0.07032043462781512,Baja,0.2243263965929756,A,DISPOSITIVOS MEDICO,JERINGA  5ML LIBRE DE LATEX,,,Regresión Lineal
702258,86802,7233.5,508.6628638803007,0.07032043462781512,Baja,0.2674316514394738,A,DISPOSITIVOS MEDICO,JERINGA 5ML,,,Regresión Lineal
D0000030,80022,6668.5,574.5821406584411,0.08616362610158822,Baja,0.3071700065848215,A,MEDICAMENTOS,DIPIRONA 1G/2ML SOL. INYECTABLE ,,,XGBoost
703723,74104,6175.333333333333,857.8675817856671,0.13891842520549505,Baja,0.3439695250883687,A,MEDICAMENTOS,CLORURO DE SODIO 9% SOL. INYECTABLE x 100ML,FRESENIUS,BAXTER,XGBoost
702257,55290,4607.5,415.90481865664657,0.09026691669162161,Baja,0.3714261452176616,A,DISPOSITIVOS MEDICO,JERINGA 3ML,,,Regresión Lineal
702145,48010,4000.8333333333335,603.2719623901484,0.15078657672738555,Baja,0.3952675692076662,A,DISPOSITIVOS MEDICO,AGUJA 18X1.5,,,Media móvil
700809,35400,2950.0,279.03144169527826,0.09458692938822992,Baja,0.41284695702783203,A,MEDICAMENTOS,"PIPERACILINA/TAZOBACTAM POLVO LIOFILIZADO 4,5G",,,Media móvil
700895,34621,2885.0833333333335,441.7254306247333,0.153106645316334,Baja,0.430039498997379,A,MEDICAMENTOS,"AMPICILINA/SULBACTAM 1,5G POLVO LIOFILIZADO ",COBO MEDICAL,CRUZ VERDE,Media móvil
700851,32238,2686.5,565.232132522881,0.2103972203695816,Baja,0.4460486601427605,A,MEDICAMENTOS,AGUA ESTERIL PARA INYECCION 5ML,JC,DAGO,Regresión Lineal
702263,31066,2588.8333333333335,236.0862066485397,0.09119405394265358,Baja,0.46147581443714675,A,DISPOSITIVOS MEDICO,JERINGA 1ML INSULINA,,,Media móvil
703180,29843,2486.9166666666665,123.80663687110369,0.04978318675914769,Baja,0.4762956356438476,A,MEDICAMENTOS,CLORURO DE SODIO 9% SOL. INYECTABLE x 500ML,FRESENIUS,BAXTER,Media móvil
702715,27264,2272.0,141.6641354497576,0.06235217229302711,Baja,0.4898347438226329,A,MEDICAMENTOS,"ENOXAPARINA 40MG/0,4ML SOL. INYECTABLE ",JC,CRUZ VERDE,Media móvil
718219,26493,2207.75,267.7947399171101,0.12129758347508102,Baja,0.5029909788938096,A,MEDICAMENTOS,ELECTRODO ADULTO,,,Regresión Lineal
P022701,23668,1972.3333333333333,307.2441532348007,0.15577699166881903,Baja,0.5147443390895069,A,MEDICAMENTOS,POTASIO CLORURO 20MEQ/10ML SOL. INYECTABLE,,,XGBoost
730058,22909,1909.0833333333333,181.42088600485852,0.09503036501192991,Baja,0.5261207852921108,A,DISPOSITIVOS MEDICO,EQUIPO BOMBA SIN AGUJA,,,Regresión Lineal
L021161,22637,1886.4166666666667,126.75564060128619,0.06719387229824775,Baja,0.5373621582323678,A,MEDICAMENTOS,LOSARTAN TABLETA 50MG,,,Regresión Lineal
0002101,21989,1832.4166666666667,326.75385741155884,0.17831853603796016,Baja,0.5482817389887978,A,MEDICAMENTOS,OMEPRAZOL CÁPSULA 20MG,,,XGBoost
R001701,20545,1712.0833333333333,283.40060253138404,0.16552967779881278,Baja,0.5584842396318856,A,MEDICAMENTOS,RANITIDINA SOL. INYECTABLE 50MG/2ML,,,Media móvil
703775,19217,1601.4166666666667,166.86491996567617,0.10419831605287579,Baja,0.568027264935279,A,MEDICAMENTOS,HARTMAN SOLUCION INYECTABLE 1000 ML,FRESENIUS,BAXTER,Regresión Lineal
V013721,18881,1573.4166666666667,213.88036517188905,0.13593371018816103,Baja,0.5774034350322438,A,MEDICAMENTOS,VANCOMICINA 500MG POLVO LIOFILIZADO ,,,Regresión Lineal
720068,18720,1560.0,341.407248152275,0.21885080009761215,Baja,0.5866996536761281,A,DISPOSITIVOS MEDICO,TEGADERM 1683 IV 6.5X7CM ADVANCED,,,XGBoost
700634,18491,1540.9166666666667,335.55529508652677,0.21776342766958634,Baja,0.5958821525513452,A,MEDICAMENTOS,MEROPENEM POLVO LIOFILIZADO 1000 MG,,,XGBoost
702211,17622,1468.5,135.72465442277544,0.09242400709756585,Baja,0.6046331122170786,A,DISPOSITIVOS MEDICO,CATETER INTRAVENOSO 22G X 1 ,,,Media móvil
717519,16827,1402.25,231.07028643407895,0.16478537096386447,Baja,0.6129892805461727,A,MEDICAMENTOS,OMEPRAZOL POLVO LIOFILIZADO 40MG,JC,DAGO,XGBoost
702264,16219,1351.5833333333333,190.93571423308157,0.14126817749534368,Baja,0.621043520406491,A,DISPOSITIVOS MEDICO,JERINGA DE GASES (JERINGA HEPARINIZADA),,,Media móvil
S004702,16171,1347.5833333333333,267.58395737118514,0.19856579608275443,Baja,0.6290739238087482,A,MEDICAMENTOS,SODIO CLORURO SOL. INYECTABLE 20MEQ/10ML,,,Media móvil
702382,14681,1223.4166666666667,130.6086857290846,0.10675732094196684,Baja,0.6363644038253542,A,DISPOSITIVOS MEDICO,EXTENSION DE ANESTESIA ADULTO ,,,Regresión Lineal
703735,13090,1090.8333333333333,122.85899777115772,0.11262856938532412,Baja,0.6428648045758054,A,MEDICAMENTOS,CLORURO DE SODIO 9% SOL. INYECTABLE x 1000ML,FRESENIUS,BAXTER,Media móvil
703645,13056,1088.0,409.2001066382159,0.3761030391895367,Baja,0.6493483211684632,A,MEDICAMENTOS,NIFEDIPINO CÁPSULA 30MG,,,XGBoost
703178,12979,1081.5833333333333,138.19515735057982,0.1277711601977778,Baja,0.6557936001096477,A,MEDICAMENTOS,CLORURO DE SODIO 9% SOL. INYECTABLE x 250ML,FRESENIUS,BAXTER,Media móvil
T020701,12826,1068.8333333333333,134.81895829278426,0.12613655851500166,Baja,0.6621629003407621,A,MEDICAMENTOS,TRAMADOL SOL. INYECTABLE 50MG/1ML,,,XGBoost
700883,12609,1050.75,362.2869593417501,0.3447889215719725,Baja,0.6684244399177245,A,CONTROLADOS,"FENTANYL 0,5MG/10ML SOL. INYECTABLE",FRESENIUS,CRUZ VERDE,XGBoost
M016701,12474,1039.5,221.04812310280477,0.21264850707340527,Baja,0.6746189394563897,A,MEDICAMENTOS,METOCLOPRAMIDA SOLUCIÓN INYECTABLE 10MG/2ML,,,XGBoost
702377,12293,1024.4166666666667,247.04377909163946,0.24115556406895577,Baja,0.680723555684449,A,DISPOSITIVOS MEDICO,BURETROL,,,Regresión Lineal
F017701,11855,987.9166666666666,143.38534116361424,0.14513910535329996,Baja,0.6866106642326995,A,MEDICAMENTOS,FUROSEMIDA 20MG/2ML SOL. INYECTABLE,,,XGBoost
702064,11685,973.75,331.60851096655307,0.3405478931620571,Baja,0.692413351991983,A,DISPOSITIVOS MEDICO,SONDA SUCCION # 14  ,,,Media móvil
719935,11486,957.1666666666666,183.5482762026647,0.19176208553299465,Baja,0.6981172177688877,A,MEDICAMENTOS,ATORVASTATINA 40 MG TABLETA,,,XGBoost
C044723,10976,914.6666666666666,247.94329752562135,0.27107503373792424,Baja,0.7035678211788916,A,MEDICAMENTOS,CEFALOTINA 1G SOL. INYECTABLE ,,,XGBoost
N0000003,10740,895.0,216.77051124508276,0.24220168854199192,Baja,0.7089012286700945,A,MEDICAMENTOS,NOREPINEFRINA SOL. INYECTABLE 4MG/4ML,,,Regresión Lineal
704256,10363,863.5833333333334,104.50703180633202,0.12101557287233275,Baja,0.7140474206469414,A,MEDICAMENTOS,CLORURO DE SODIO 9% SOL. INYECTABLE x 50ML,FRESENIUS,BAXTER,Media móvil
P026011,10060,838.3333333333334,256.54747330777997,0.30602084291186477,Baja,0.7190431449822766,A,MEDICAMENTOS,PRAZOSINA TABLETA 1MG,,,Regresión Lineal
703179,9432,786.0,158.42807372891505,0.20156243476961203,Baja,0.7237270089913106,A,MEDICAMENTOS,HARTMAN SOLUCION INYECTABLE 500 ML,FRESENIUS,CURZ VERDE,Regresión Lineal
700645,9000,750.0,152.3005402007969,0.20306738693439585,Baja,0.7281963448777935,A,MEDICAMENTOS,CEFEPIME 1G POLVO LIOFILIZADO,,,Media móvil
C047011,8789,732.4166666666666,215.04014776667904,0.2936035695983785,Baja,0.7325608996673821,A,MEDICAMENTOS,CLONIDINA 150MCG TABLETA ,,,Media móvil
702210,8586,715.5,82.29161008820456,0.11501273247827333,Baja,0.7368246461030867,A,DISPOSITIVOS MEDICO,JELCO 20G X 1-1/4,,,Regresión Lineal
C015701,8355,696.25,235.40337720602054,0.3381017985005681,Baja,0.7409736795843717,A,MEDICAMENTOS,CIPROFLOXACINO 100MG/10ML SOL. INYECTABLE ,,,XGBoost
P027011,7715,642.9166666666666,181.37127081979628,0.2821069669264492,Baja,0.7448048936248399,A,MEDICAMENTOS,PREDNISOLONA TABLETA 5MG,,,Regresión Lineal
700640,7697,641.4166666666666,286.30005186337235,0.4463558038665023,Baja,0.7486271689935353,A,MEDICAMENTOS,TRIMETOPRIM/SULFAMETOXAZOL  80MG/400MG/5ML SOL. INYECTABLE,COBO MEDICAL,AMAREY,Media móvil
C019701,7316,609.6666666666666,93.5932528000655,0.15351545019146884,Baja,0.7522602424763696,A,MEDICAMENTOS,CLINDAMICINA 600MG SOL. INYECTABLE ,,,XGBoost
A003011,7315,609.5833333333334,131.49521825618763,0.2157132767018799,Baja,0.7558928193663276,A,MEDICAMENTOS,ACETILSALICILICO ÁCIDO TABLETA 100MG,,,XGBoost
M017161,7302,608.5,155.83236914302262,0.25609263622518097,Baja,0.759518940548894,A,MEDICAMENTOS,METOPROLOL TABLETA 50MG,,,Media móvil
708346,7282,606.8333333333334,129.23680402714822,0.21296919092636343,Baja,0.763135129873935,A,DISPOSITIVOS MEDICO,JERINGA 20ML ,,,XGBoost
703672,7091,590.9166666666666,307.9511349470099,0.521141393225796,Media,0.7666564699596071,A,MEDICAMENTOS,ASCORBICO ACIDO 500MG TABLETA  (VITAMINA C),SOLINSA,EVEDISA,Media móvil
R001011,6829,569.0833333333334,187.92960884008644,0.3302321432246357,Baja,0.7700477027116951,A,MEDICAMENTOS,RANITIDINA TABLETA 150MG,,,Media móvil
D009706,6791,565.9166666666666,140.38353848933954,0.24806397612606018,Baja,0.7734200649344845,A,MEDICAMENTOS,DEXTROSA AL 5% AGUA DESTILADA 250 ML,,,Media móvil
717389,6346,528.8333333333334,563.1786142203481,1.0649453782924956,Alta,0.7765714433273312,A,DISPOSITIVOS MEDICO,VASO DESECHABLE 7 ONZ,,,XGBoost
702487,5956,496.3333333333333,78.0609707313146,0.15727529361581183,Baja,0.7795291504984303,A,DISPOSITIVOS MEDICO,TAPON HEPARINIZADO,,,XGBoost
701279,5920,493.3333333333333,58.10074844351808,0.11777178738550963,Baja,0.7824689803259834,A,DISPOSITIVOS MEDICO,EQUIPO CON PUNZON EN CRUZ AMIKA ,,,Media móvil
B010021,5793,482.75,77.36116596846247,0.16025099113094246,Baja,0.7853457428582495,A,MEDICAMENTOS,BISACODILO 5MG TABLETA,,,Regresión Lineal
S014011,5784,482.0,183.05885789697658,0.3797901616119846,Baja,0.7882180360546291,A,MEDICAMENTOS,SUCRALFATO TABLETA 1G,,,Regresión Lineal
E008011,5678,473.1666666666667,79.4387509438256,0.167887462368071,Baja,0.7910376904061236,A,MEDICAMENTOS,ESPIRONOLACTONA 25MG TABLETA ,,,XGBoost
L015141,5668,472.3333333333333,128.50138544236034,0.27205656762673325,Baja,0.7938523788288552,A,MEDICAMENTOS,LOPERAMIDA TABLETA 2MG,,,XGBoost
H019701,5506,458.8333333333333,86.64539365958379,0.18883848963222039,Baja,0.7965866192056301,A,MEDICAMENTOS,"N-BUTILBROMURO HIOSCINA/DIPIRONA SOL. INYECTABLE 2,5G/5ML",,,Regresión Lineal
S003701,5321,443.4166666666667,186.85018711321226,0.4213873793194037,Baja,0.7992289899002941,A,MEDICAMENTOS,SODIO BICARBONATO SOLUCIÓN INYECTABLE 1MEQ/1ML (10MEQ/10ML),,,Media móvil
702065,5311,442.5833333333333,110.70391167707696,0.2501312257813827,Baja,0.8018663946661952,B,DISPOSITIVOS MEDICO,SONDA SUCCION # 16,,,XGBoost
700577,5084,423.6666666666667,76.43813105242617,0.18042045094986509,Baja,0.8043910728491818,B,MEDICAMENTOS,"ENOXAPARINA 60MG/0,6ML SOL. INYECTABLE ",,,XGBoost
702209,4852,404.3333333333333,43.14106529921944,0.10669678144901759,Baja,0.8068005414848723,B,DISPOSITIVOS MEDICO,JELCO 18G X 1-1/4 ,,,Media móvil
A0000039,4850,404.1666666666667,56.752786608930386,0.14041926583652878,Baja,0.8092090169348103,B,MEDICAMENTOS,AMLODIPINO 10 MG TABLETA ,,,Regresión Lineal
M001701,4669,389.0833333333333,102.74280185654531,0.26406374433037993,Baja,0.8115276090741423,B,MEDICAMENTOS,MAGNESIO SULFATO SOLUCIÓN INYECTABLE 20%/10ML,,,XGBoost
F014011,4619,384.9166666666667,84.0891932666881,0.2184607748863947,Baja,0.8138213715696606,B,MEDICAMENTOS,FOLICO ÁCIDO 1MG TABLETA,,,XGBoost
710356,4458,371.5,95.40678458817563,0.25681503253883076,Baja,0.8160351826120984,B,MEDICAMENTOS,"CARVEDILOL TABLETA 6,25MG",SOLINSA,EVEDISA,XGBoost
717716,4268,355.6666666666667,51.963856903067,0.14610269044911056,Baja,0.8181546410080438,B,DISPOSITIVOS MEDICO,TERMOMETRO,,,XGBoost
T023011,4237,353.0833333333333,105.96265065263955,0.3001066338993804,Baja,0.8202587050248247,B,MEDICAMENTOS,TRAZODONA TABLETA 50MG,,,XGBoost
701399,4096,341.3333333333333,90.80982459196936,0.26604440798428525,Baja,0.8222927494460507,B,MEDICAMENTOS,AGUA ESTERIL PARA INYECCION 500ML,BAXTER,CRUZ VERDE,Media móvil
F017011,3988,332.3333333333333,44.268464731645814,0.13320500922260525,Baja,0.8242731618366388,B,MEDICAMENTOS,FUROSEMIDA 40MG TABLETA ,,,Regresión Lineal
C011723,3914,326.1666666666667,53.57718872351508,0.1642632255192082,Baja,0.8262168263543825,B,MEDICAMENTOS,CEFTRIAXONA 1G POLVO LIOFILIZADO,,,XGBoost
145329,3875,322.9166666666667,115.68016906605693,0.35823536226907954,Baja,0.8281411237499516,B,MEDICAMENTOS,DEXMEDETOMIDINA 200MCG/2ML SOL. INYECTABLE,JC,DAGO,XGBoost
N008141,3866,322.1666666666667,252.60995205808473,0.7840971093370451,Media,0.8300609518096341,B,MEDICAMENTOS,NIMODIPINO TABLETA 30MG,,,XGBoost
H013701,3822,318.5,75.7741860578342,0.23790953236368664,Baja,0.8319589297827604,B,MEDICAMENTOS,N-BUTILBROMURO HIOSCINA SOL. INYECTABLE 20MG/1ML,,,XGBoost
H008721,3800,316.6666666666667,60.39165103846322,0.19071047696356805,Baja,0.8338459827126088,B,MEDICAMENTOS,HIDROCORTISONA POLVO LIOFILIZADO 100MG,,,XGBoost
L006011,3643,303.5833333333333,63.233274228818566,0.20828967629586134,Baja,0.8356550705608818,B,MEDICAMENTOS,LEVOTIROXINA TABLETA 50MCG,,,XGBoost
702490,3568,297.3333333333333,66.11880949999758,0.22237267769057484,Baja,0.837426913943434,B,DISPOSITIVOS MEDICO,TAPON HEPARINA ROJO,,,Media móvil
V011141,3485,290.4166666666667,166.43178145651112,0.5730793048717743,Media,0.8391575401172555,B,MEDICAMENTOS,VALPROICO ÁCIDO CÁPSULA 250MG,,,Regresión Lineal
702381,3473,289.4166666666667,65.41400785949767,0.22602018264151225,Baja,0.8408822071765616,B,DISPOSITIVOS MEDICO,EQUIPO MACROGOTEO S/A (SOLO CX E IMAGENES),,,Regresión Lineal
730144,3407,283.9166666666667,91.93422385135753,0.3238070696261492,Baja,0.8425740991060335,B,MEDICAMENTOS,RIFAMPICINA/ISONIAZIDA/PIRAZINAMIDA/ETAMBUTOL TABLETA 150/75/400/275MG,SOLINSA,EVEDISA,XGBoost
702368,3383,281.9166666666667,54.58680881833721,0.19362746255395993,Baja,0.8442540728064748,B,DISPOSITIVOS MEDICO,LLAVE DE 3 VIAS,,,XGBoost
D005711,3346,278.8333333333333,118.51032431690062,0.4250220836230746,Baja,0.8459156725704938,B,MEDICAMENTOS,DEXAMETASONA 8MG/2ML SOL. INYECTABLE,,,XGBoost
718218,3207,267.25,61.67528604790504,0.23077749690516386,Baja,0.8475082459247105,B,MEDICAMENTOS,ELECTRODO PEDIATRICO,,,Media móvil
C002701,3194,266.1666666666667,101.99004704857086,0.38318114107165,Baja,0.8490943635715357,B,MEDICAMENTOS,CALCIO GLUCONATO SOL. INYECTABLE 10%/10ML,,,XGBoost
707597,3093,257.75,113.76061389042901,0.4413602866747973,Baja,0.850630325337857,B,MEDICAMENTOS,ONDANSETRON SOL. INYECTABLE 8MG/4ML,,,Media móvil
700554,3046,253.83333333333334,196.7822208032078,0.7752418416410024,Media,0.8521429472389933,B,MEDICAMENTOS,ASCORBICO ACIDO 500MG/5ML SOL. INYECTABLE (VITAMINA C),JC,DAGO,XGBoost
H0000002,3032,252.66666666666666,107.37473321658747,0.4249659625986312,Baja,0.8536486168398617,B,MEDICAMENTOS,HIDROXICINA TABLETA 25MG,,,XGBoost
702241,3006,250.5,330.9148476022742,1.3210173556977014,Alta,0.855141375025947,B,DISPOSITIVOS MEDICO,GUANTE ESTERIL 7.0 (PAR),,,Regresión Lineal
A037011,2940,245.0,120.38121266890596,0.4913518884445141,Baja,0.8566013580821981,B,MEDICAMENTOS,AMLODIPINO 5 MG TABLETA ,,,XGBoost
P007721,2921,243.41666666666666,226.69100248148496,0.9312879252919615,Media,0.8580519058737999,B,MEDICAMENTOS,PENICILINA G CRISTALINA POLVO LIOFILIZADO 1000000UI,,,XGBoost
F009701,2913,242.75,67.43228927126556,0.27778491975804553,Baja,0.8594984809223915,B,MEDICAMENTOS,FLUCONAZOL 200MG/100ML SOL. INYECTABLE,,,Regresión Lineal
704444,2895,241.25,159.29967471290192,0.6603095324887126,Media,0.8609361172992102,B,NUTRICION,"PULMOCARE SOLUCIÓN ORAL 1,5KCAL/1ML (355,5KCAL/237ML)) ALIMENTO PARA PROPÓSITO",ABBOTT,ALLERS,Media móvil
A026721,2869,239.08333333333334,118.70012509247702,0.4964801328371294,Baja,0.8623608422612455,B,MEDICAMENTOS,AMPICILINA 500MG POLVO LIOFILIZADO ,,,XGBoost
N0000019,2863,238.58333333333334,117.44976360000462,0.49227983346142345,Baja,0.8637825876660234,B,MEDICAMENTOS,ESOMEPRAZOL 20MG TABLETA ,,,XGBoost
700975,2863,238.58333333333334,145.18731370407698,0.6085392121721703,Media,0.8652043330708012,B,NUTRICION,(NUTREN SOLUCIÓN ORAL 1KCAL/1ML (250KCAL/250ML)) ALIMENTO LÍQUIDO PARA USOS NUT,BAXTER,ALLERS,Regresión Lineal
715545,2839,236.58333333333334,202.96146447196836,0.8578857251368863,Media,0.8666141602465485,B,CONTROLADOS,LORAZEPAM TABLETA 2MG,SOLINSA,EVEDISA,Regresión Lineal
702242,2761,230.08333333333334,371.2603737964976,1.6135909038601852,Alta,0.8679852531779461,B,DISPOSITIVOS MEDICO,GUANTE ESTERIL 7.5 (PAR),,,Regresión Lineal
702222,2736,228.0,29.40315381970877,0.12896120096363495,Baja,0.8693439312874369,B,DISPOSITIVOS MEDICO,PERICRANEAL 23     ,,,XGBoost
713679,2733,227.75,18.611457858973957,0.08171880508879893,Baja,0.8707011196182989,B,DISPOSITIVOS MEDICO,APOSITO ESTERIL 1685 IV (TEGADERM 8.5 X 11.5),,,Media móvil
N0000030,2709,225.75,91.07052711547742,0.4034131876654592,Baja,0.8720463897201302,B,MEDICAMENTOS,ESOMEPRAZOL 40MG SOL. INYECTABLE ,,,XGBoost
D009702,2650,220.83333333333334,57.05313844181235,0.25835383445348986,Baja,0.8733623608422613,B,MEDICAMENTOS,DEXTROSA AL 10% AGUA DESTILADA 500 ML,,,Media móvil
702050,2574,214.5,101.4436699938354,0.47293086244212307,Baja,0.8746405909057954,B,DISPOSITIVOS MEDICO,SONDA NELATON # 6 ,,,XGBoost
M021701,2525,210.41666666666666,66.08459913190245,0.31406542161696216,Baja,0.8758944879183919,B,MEDICAMENTOS,METRONIDAZOL 500MG/100ML SOL. INYECTABLE,,,Media móvil
E002011,2460,205.0,75.10840650202032,0.3663824707415625,Baja,0.8771161063940306,B,MEDICAMENTOS,ENALAPRIL 5MG TABLETA ,,,XGBoost
709134,2368,197.33333333333334,104.01427640939342,0.5270993736962504,Media,0.8782920383250519,B,MEDICAMENTOS,LEVETIRACETAM TABLETA 500MG,COBO MEDICAL,CRUZ VERDE,XGBoost
C0000035,2361,196.75,37.945235657337925,0.19286015581874422,Baja,0.8794644941059392,B,MEDICAMENTOS,CLOPIDOGREL TABLETA 75MG,,,Regresión Lineal
134746,2360,196.66666666666666,123.52425844441416,0.6280894497173601,Media,0.8806364532939502,B,MEDICAMENTOS,LEVETIRACETAM SOL. INYECTABLE 500MG/5ML,COBO MEDICAL,CRUZ VERDE,Regresión Lineal
702212,2357,196.41666666666666,25.776868888539777,0.13123564983558647,Baja,0.8818069227033324,B,DISPOSITIVOS MEDICO,JELCO 24G X 3/4,,,XGBoost
702435,2354,196.16666666666666,49.506350985290645,0.25236882405415795,Baja,0.8829759023340858,B,MEDICAMENTOS,NARIZ DE CAMELLO ADULTO,,,XGBoost
700628,2346,195.5,113.0185021055483,0.5780997550155923,Media,0.8841409092218291,B,MEDICAMENTOS,CLARITROMICINA 500MG POLVO LIOFILIZADO ,JC,CRUZ VERDE,XGBoost
714955,2298,191.5,67.00135683836423,0.3498765370149568,Baja,0.885282079651511,B,CONTROLADOS,CLOZAPINA TABLETA 25 MG,SOLINSA,EVEDISA,Regresión Lineal
707596,2297,191.41666666666666,175.4275081224738,0.9164693502262454,Media,0.8864227534883167,B,MEDICAMENTOS,ONDANSETRON SOL. INYECTABLE 4MG/2ML,JC,DAGO,XGBoost
D009701,2292,191.0,49.47543008219516,0.2590336653518071,Baja,0.887560944360741,B,MEDICAMENTOS,DEXTROSA AL 5% AGUA DESTILADA 500 ML,,,XGBoost
707258,2283,190.25,30.739743300519237,0.16157552326159913,Baja,0.8886946658972787,B,DISPOSITIVOS MEDICO,TRANSDUCTOR PLASTICO,,,XGBoost
100317,2264,188.66666666666666,85.29982770240866,0.45211922810463956,Baja,0.8898189521691673,B,MEDICAMENTOS,"LACTULOSA SOLUCIÓN ORAL 66,7%/15ML",,,XGBoost
703754,2261,188.41666666666666,89.8336425473961,0.4767818268769364,Baja,0.890941748662427,B,CONTROLADOS,MORFINA 10MG/1ML SOL. INYECTABLE,SECRETARIA DE SALUD,WORLD MEDICAL,Regresión Lineal
A009701,2207,183.91666666666666,94.73451740458061,0.5150947933189703,Media,0.8920377291403679,B,MEDICAMENTOS,ALBUMINA HUMANA SOL. INYECTABLE 20% x 50 ML ,,,Media móvil
730035,2152,179.33333333333334,62.52320781239167,0.3486424227456784,Baja,0.8931063970101136,B,NUTRICION,FRESUBIN DRINK SOLUCIÓN ORAL 2KCAL/1ML (400KCAL/200ML) ALIMENTO LÍQUIDO NUTRICIO,FRESENIUS,CURZ VERDE,XGBoost
703782,2129,177.41666666666666,102.60644879018732,0.5783360194843813,Media,0.8941636432437049,B,MEDICAMENTOS,HIDROMORFONA 2MG/1ML SOL. INYECTABLE,SECRETARIA DE SALUD,WORLD MEDICAL,XGBoost
708833,2096,174.66666666666666,133.9696935425277,0.76700206226638,Media,0.8952045019123792,B,MEDICAMENTOS,QUETIAPINA TABLETA 25MG,,,Media móvil
V015721,2082,173.5,125.26299605956335,0.7219769225335063,Media,0.8962384082807855,B,MEDICAMENTOS,VECURONIO BROMURO POLVO LIOFILIZADO 10MG,,,XGBoost
700893,2064,172.0,44.591071262794706,0.2592504143185739,Baja,0.8972633759774189,B,MEDICAMENTOS,FENITOINA 250MG/5ML SOL. INYECTABLE ,JC,DAGO,XGBoost
E002012,2052,171.0,40.13839694221618,0.23472746749834025,Baja,0.898282384559537,B,MEDICAMENTOS,ENALAPRIL 20MG TABLETA ,,,XGBoost
700010,2046,170.5,92.11208587170505,0.5402468379572144,Media,0.8992984135843974,B,MEDICAMENTOS,NIFEDIPINO CÁPSULA 10MG,,,XGBoost
700578,1981,165.08333333333334,52.56417434186923,0.31840994048583077,Baja,0.9002821640723,B,MEDICAMENTOS,"ENOXAPARINA 80MG/0,8ML SOL. INYECTABLE ",JC,CRUZ VERDE,XGBoost
A0000051,1965,163.75,188.20159645733852,1.1493227264570292,Alta,0.901257969074182,B,MEDICAMENTOS,ATORVASTATINA 20 MG TABLETA,,,Media móvil
D006701,1954,162.83333333333334,71.26497716057284,0.43765594980904504,Baja,0.9022283115544251,B,MEDICAMENTOS,DEXAMETASONA 4MG/1ML SOL. INYECTABLE ,,,XGBoost
N0000020,1933,161.08333333333334,60.81336326429538,0.37752734566556884,Baja,0.9031882255842664,B,MEDICAMENTOS,ESOMEPRAZOL 40MG TABLETA ,,,XGBoost
701210,1920,160.0,155.62600857650543,0.9726625536031589,Media,0.904141683906716,B,MEDICAMENTOS,METIMAZOL TABLETA 5MG,,,Regresión Lineal
A006011,1914,159.5,89.5346555555699,0.5613458028562376,Media,0.9050921626719081,B,MEDICAMENTOS,ACICLOVIR TABLETA 200MG,,,Regresión Lineal
702383,1897,158.08333333333334,51.06227629675415,0.32300860071747484,Baja,0.9060341993582034,B,DISPOSITIVOS MEDICO,EXTENSION DE ANESTESIA PEDIATRICO,,,Media móvil
D015701,1894,157.83333333333334,36.858040527341544,0.23352507197893269,Baja,0.9069747462658698,B,MEDICAMENTOS,DICLOFENACO 75MG/3ML SOL. INYECTABLE ,,,Media móvil
719766,1874,156.16666666666666,25.816954729695592,0.1653166791656068,Baja,0.9079053613160109,B,CONTROLADOS,LIDOCAINA SOL. INYECTABLE 2% x 10ML,PISA,DAGO,XGBoost
730036,1847,153.91666666666666,68.13283594078067,0.4426605475307894,Baja,0.9088225683584924,B,NUTRICION,"DIBEN DRINK SOLUCIÓN ORAL 1,5KCAL/1ML (300KCAL/200ML) ALIMENTO LÍQUIDO PARA ADMI",FRESENIUS,CURZ VERDE,XGBoost
C001011,1834,152.83333333333334,65.26426466623403,0.42702899454460647,Baja,0.9097333196935823,B,MEDICAMENTOS,CALCIO CARBONATO 600MG TABLETA ,,,XGBoost
701943,1823,151.91666666666666,95.9862284945401,0.6318347459870989,Media,0.9106386085070333,B,DISPOSITIVOS MEDICO,BATON QUIRURGICO,,,XGBoost
730040,1815,151.25,97.04275065426296,0.6416049630033914,Media,0.9115399245774739,B,NUTRICION,"SUPPORTAN DRINK SOLUCIÓN ORAL 1,5KCAL/1ML (300KCAL/200ML)) ALIMENTO LIQUIDO RI",FRESENIUS,CRUZ VERDE,XGBoost
715706,1810,150.83333333333334,27.8627588966587,0.18472547334801348,Baja,0.9124387576835333,B,DISPOSITIVOS MEDICO,CAUCHO TUBO P/SUCCION 3MT ESTERIL  ,,,XGBoost
703668,1804,150.33333333333334,88.34985551599375,0.5876930522128188,Media,0.913334611232335,B,MEDICAMENTOS,VALPROICO ÁCIDO 500MG/5 ML SOL. INYECTABLE,,,Media móvil
719423,1768,147.33333333333334,351.82571442879686,2.387957337752015,Alta,0.9142125874375907,B,MEDICAMENTOS,LOPINAVIR/RITONAVIR 80MG/20MG/ML SUSPENSION ORAL  ,,,XGBoost
L016011,1766,147.16666666666666,44.47845920592723,0.30223188588399025,Baja,0.9150895704570938,B,MEDICAMENTOS,LORATADINA TABLETA 10MG,,,Regresión Lineal
715385,1752,146.0,101.99108695460511,0.698569088730172,Media,0.9159596011763292,B,MEDICAMENTOS,CAFEINA CITRATO 20MG/ML SOL. INYECTABLE (10MG/ML CAFEINA BASE),,,XGBoost
702585,1742,145.16666666666666,15.584568902564735,0.10735638738850564,Baja,0.9168246659668018,B,DISPOSITIVOS MEDICO,CANULA NASAL OXIGENO ADULTO,,,XGBoost
H001701,1724,143.66666666666666,45.173067867990326,0.3144297067377517,Baja,0.9176807920855014,B,MEDICAMENTOS,HALOPERIDOL 5MG/1ML SOL. INYECTABLE ,,,Regresión Lineal
718292,1693,141.08333333333334,145.11466208317873,1.028574096277699,Alta,0.9185215238250364,B,MEDICAMENTOS,LORAZEPAM TABLETA 1MG,,,Regresión Lineal
717274,1669,139.08333333333334,74.88956515895235,0.5384510376916886,Media,0.9193503373355408,B,MEDICAMENTOS,PREGABALINA TABLETA 75MG,,,XGBoost
700850,1650,137.5,36.18010503025108,0.2631280365836442,Baja,0.920169715581396,B,MEDICAMENTOS,TRANEXAMICO ACIDO 500MG  SOL. INYECTABLE,,,Media móvil
A023721,1599,133.25,40.62047177560506,0.30484406585819934,Baja,0.9209637675905612,B,MEDICAMENTOS,AMIODARONA 150MG/3ML SOL. INYECTABLE ,,,Media móvil
702261,1597,133.08333333333334,74.52084312865804,0.5599562414175933,Media,0.9217568264139737,B,DISPOSITIVOS MEDICO,JERINGA 50ML ROSCA,,,XGBoost
700575,1588,132.33333333333334,65.54434076303313,0.49529728536297074,Baja,0.9225454159014999,B,MEDICAMENTOS,"ENOXAPARINA 20MG/0,2ML SOL. INYECTABLE ",JC,CRUZ VERDE,XGBoost
H006011,1580,131.66666666666666,27.628487713469465,0.20983661554533772,Baja,0.9233300326460157,B,MEDICAMENTOS,HIDROCLOROTIAZIDA TABLETA 25MG,,,XGBoost
C005011,1567,130.58333333333334,57.62805240716039,0.44131246259471896,Baja,0.92410819368314,B,MEDICAMENTOS,CARBAMAZEPINA 200MG TABLETA ,,,XGBoost
C044721,1551,129.25,134.9296954983325,1.043943485480329,Alta,0.9248784092342438,B,MEDICAMENTOS,CEFAZOLINA 1G SOL. INYECTABLE ,,,Regresión Lineal
A023011,1536,128.0,40.1881936529985,0.3139702629140508,Baja,0.9256411758922036,B,MEDICAMENTOS,AMIODARONA TABLETA 200MG,,,Regresión Lineal
702249,1523,126.91666666666667,20.790987266485246,0.16381605200119695,Baja,0.9263974868427718,B,DISPOSITIVOS MEDICO,BISTURI # 11 ,,,Regresión Lineal
F002141,1494,124.5,66.35647532970553,0.5329837375879962,Media,0.927139396599928,B,MEDICAMENTOS,FENITOINA 100MG TABLETA ,,,XGBoost
M020012,1489,124.08333333333333,57.3021629503449,0.46180386528149014,Baja,0.9278788233927027,B,MEDICAMENTOS,METRONIDAZOL 500MG TABLETA ,,,Regresión Lineal
700694,1486,123.83333333333333,28.60970379985,0.2310339472397039,Baja,0.9286167604068486,B,MEDICAMENTOS,LIDOCAINA CLORHIDRATO 2% JALEA 30G,JC,DAGO,XGBoost
705488,1457,121.41666666666667,59.43745120764017,0.48953288571838166,Baja,0.9293402962275825,B,MEDICAMENTOS,PROPANOLOL TABLETA 40MG,SOLINSA,EVEDISA,Regresión Lineal
P035011,1457,121.41666666666667,59.43745120764017,0.48953288571838166,Baja,0.9300638320483166,B,MEDICAMENTOS,PROPRANOLOL TABLETA 40MG,,,Regresión Lineal
A035722,1452,121.0,40.51711198538666,0.3348521651684848,Baja,0.930784884904669,B,MEDICAMENTOS,AZTREONAM 1G POLVO LIOFILIZADO,,,Media móvil
C0000028,1430,119.16666666666667,58.32640651514284,0.489452362364835,Baja,0.9314950127177436,B,MEDICAMENTOS,CLARITROMICINA TABLETA 500MG,,,XGBoost
730116,1425,118.75,29.839342546985907,0.2512786740798813,Baja,0.9322026575664367,B,DISPOSITIVOS MEDICO,TEGADERM REF 1682 IV 5X5.7CM AVANCED-NIÑOS,,,XGBoost
M026161,1422,118.5,48.48336171962876,0.40914229299264776,Baja,0.9329088126365009,B,MEDICAMENTOS,MINOXIDIL TABLETA 10MG,,,Media móvil
E020722,1417,118.08333333333333,23.492584258687145,0.1989491962626999,Baja,0.9336124847421838,B,MEDICAMENTOS,ERITROPOYETINA 2.000UI/ML SOL. INYECTABLE,,,XGBoost
709736,1343,111.91666666666667,61.22604664584174,0.5470681755399113,Media,0.9342794089750224,B,CONTROLADOS,"ALPRAZOLAM TABLETA 0,25 MG ",,,XGBoost
A026722,1342,111.83333333333333,50.157630314717586,0.44850340072772804,Baja,0.9349458366149845,B,MEDICAMENTOS,AMPICILINA 1 G POLVO LIOFILIZADO ,,,XGBoost
730083,1318,109.83333333333333,41.22186827695252,0.3753129129919805,Baja,0.9356003460259162,B,DISPOSITIVOS MEDICO,EQUIPO PERFUSOR 20CC REF C0020C FRESENIUS,,,XGBoost
730230,1310,109.16666666666667,37.89898855290644,0.34716630735486814,Baja,0.9362508826938376,B,NUTRICION,ALIMENTO DE USO ESPECIAL CON HMB ARGININA Y GLUTAMINA SOBRE x 24 GRAMOS,ABBOTT,COBO,Regresión Lineal
720207,1291,107.58333333333333,46.67383602937485,0.43383890964562216,Baja,0.9368919840971097,B,NUTRICION,DIBEN 1.5 KCAL HP 1000 ML ALIMENTO LIQUIDO PARA USOS NUTRICIONALES ESPECIALES AL,FRESENIUS,CURZ VERDE,XGBoost
701079,1271,105.91666666666667,51.26838177373038,0.48404451713986196,Baja,0.9375231536428563,B,MEDICAMENTOS,PREDNISONA TABLETA 50MG,,,Regresión Lineal
700964,1243,103.58333333333333,82.44497706000192,0.795928982075642,Media,0.9381404185880673,B,NUTRICION,"ENSURE PLUS HN SOLUCIÓN ORAL 1,5KCAL/1ML (355,5KCAL/237ML) ALIMENTO DE USO ESPEC",,,XGBoost
R002251,1232,102.66666666666667,78.31211833929586,0.7627803734347,Media,0.9387522210116391,B,MEDICAMENTOS,POLIESTIRENO SULFONATO CÁLCICO POLVO PARA SUSPENSIÓN ORAL 15G,,,XGBoost
730037,1223,101.91666666666667,50.537939543805436,0.4958751222613779,Baja,0.9393595540993246,B,NUTRICION,"DIBEN SOLUCIÓN ORAL 1,05KCAL/1ML (525KCAL/500ML) ALIMENTO LÍQUIDO PARA ADMINISTR",FRESENIUS,CURZ VERDE,XGBoost
L006012,1223,101.91666666666667,48.95537547480142,0.4803471019604391,Baja,0.9399668871870099,B,MEDICAMENTOS,LEVOTIROXINA TABLETA 100MCG,,,XGBoost
A006721,1215,101.25,76.52584233743883,0.7558107885179144,Media,0.940570247531685,B,MEDICAMENTOS,ACICLOVIR POLVO LIOFILIZADO 250MG,,,Regresión Lineal
702673,1194,99.5,44.47164571642557,0.44695121323040776,Baja,0.9411631794259585,B,DISPOSITIVOS MEDICO,RECOLECTOR/ORINA PED/BLX40  ,,,XGBoost
700820,1172,97.66666666666667,53.283689015978574,0.545566781733569,Media,0.9417451862769538,B,MEDICAMENTOS,DALTEPARINA SODICA 2.500 UI (ANTIFACTOR XA)  SOL. INYECTABLE,COBO MEDICAL,SOLINSA,XGBoost
702262,1171,97.58333333333333,17.99221211996171,0.1843779209560551,Baja,0.9423266965350728,B,DISPOSITIVOS MEDICO,JERINGA 50ML PUNTA CATETER,,,Regresión Lineal
145933,1168,97.33333333333333,38.7493890469921,0.3981101614416997,Baja,0.9429067170145631,B,MEDICAMENTOS,LEVOTIROXINA SODICA TABLETA 25MCG,SOLINSA,COMFANDI,Media móvil
G003703,1161,96.75,21.83460556089805,0.2256806776320212,Baja,0.9434832613439194,B,MEDICAMENTOS,GENTAMICINA 80MG/2ML SOL. INYECTABLE ,,,Regresión Lineal
707755,1153,96.08333333333333,38.41509725315943,0.3998102055836194,Baja,0.9440558329302654,B,MEDICAMENTOS,METOPROLOL SUCCINATO TABLETA 50MG,SOLINSA,EVEDISA,XGBoost
702055,1150,95.83333333333333,37.68972209389652,0.3932840566319637,Baja,0.9446269147379827,B,DISPOSITIVOS MEDICO,SONDA NELATON # 14   ,,,Regresión Lineal
715068,1134,94.5,18.593742838042928,0.19675918347135374,Baja,0.9451900510596796,B,DISPOSITIVOS MEDICO,SET DE LINEA (CATETER ARTERIAL CATH 20X8),,,Media móvil
701855,1132,94.33333333333333,42.121757136216715,0.4465203936701419,Baja,0.9457521941956238,B,DISPOSITIVOS MEDICO,VENDA SEMIELASTICA 6X4.1  ,,,XGBoost
F009101,1123,93.58333333333333,31.137403212019443,0.3327238099236272,Baja,0.9463098679956816,B,MEDICAMENTOS,FLUCONAZOL 200MG CAPSULA ,,,Regresión Lineal
H004701,1114,92.83333333333333,33.964776763671814,0.3658683313860519,Baja,0.9468630724598529,B,MEDICAMENTOS,HEPARINA SODICA 5.000 UI/ML SOL. INYECTABLE,,,Media móvil
718798,1091,90.91666666666667,37.671929104098744,0.4143566904208844,Baja,0.9474048552878699,B,MEDICAMENTOS,SERTRALINA TABLETA 50MG,SOLINSA,EVEDISA,XGBoost
717219,1059,88.25,47.25390796729746,0.5354550477880732,Media,0.9479307471438461,B,CONTROLADOS,"CLONAZEPAM TABLETA 0,5 MG ",,,Regresión Lineal
C0000047,1053,87.75,33.56980515555338,0.3825618821145685,Baja,0.9484536594425645,B,MEDICAMENTOS,"CARVEDILOL TABLETA 12,5MG",,,Regresión Lineal
702240,1030,85.83333333333333,128.6374986565195,1.4986893047361498,Alta,0.9489651501051287,B,DISPOSITIVOS MEDICO,GUANTE ESTERIL 6.5 (PAR),,,Media móvil
701865,1026,85.5,21.873603851550055,0.25583162399473747,Baja,0.9494746543961877,B,DISPOSITIVOS MEDICO,VENDA ELASTICA 6X5,,,XGBoost
702051,1015,84.58333333333333,46.036464466833905,0.5442734715290708,Media,0.9499786961656078,B,DISPOSITIVOS MEDICO,SONDA NELATON # 8,,,XGBoost
719819,1009,84.08333333333333,35.617815596675605,0.4236013747870241,Baja,0.9504797583777701,C,MEDICAMENTOS,LINEZOLID 600MG SOL. INYECTABLE ,,,Regresión Lineal
715794,989,82.41666666666667,35.68156726412452,0.43294115992871,Baja,0.950970888732407,C,NUTRICION,GLUTAPAK R POLVO PARA SOLUCIÓN ORAL 15G) ALIMENTO A BASE DE GLUTAMINA Y LACTOB,AMAREY,CRUZ VERDE,Media móvil
730039,988,82.33333333333333,71.19414344316576,0.864706195665981,Media,0.9514615224941675,C,NUTRICION,"RECONVAN SOLUCIÓN ORAL 1,0KCAL/1ML (500KCAL/500ML)) ALIMENTO LÍQUIDO PARA ADMI",FRESENIUS,CRUZ VERDE,XGBoost
700968,978,81.5,55.77144919629169,0.6843122600771987,Media,0.9519471903271653,C,NUTRICION,"ENSURE SOLUCIÓN ORAL 1,05KCAL/1ML (248,9KCAL/237ML) ALIMENTO LIQUIDO CON PROTEÍN",ABBOTT,COBO,Regresión Lineal
120900,969,80.75,67.94533230339066,0.8414282638190793,Media,0.9524283888242766,C,NUTRICION,"(FRESUBIN HP ENERGY SOLUCIÓN ORAL 1,5KCAL/1ML (750KCAL/500ML)) ALIMENTO LÍQUIDO ",FRESENIUS,CURZ VERDE,Regresión Lineal
701277,962,80.16666666666667,37.65835252837696,0.46975075918973336,Baja,0.952906111171254,C,DISPOSITIVOS MEDICO,BOLSA NUTRICION ENTERAL 1500 ML,,,Regresión Lineal
710111,952,79.33333333333333,12.20531429213099,0.15384849948064272,Baja,0.9533788675894687,C,DISPOSITIVOS MEDICO,SEDA 2-0 SS623 (SC-2) SOFSILK RECTA,,,Media móvil
705297,940,78.33333333333333,32.63108761270269,0.4165670759068429,Baja,0.953845664893168,C,MEDICAMENTOS,PIRIDOXINA CÁPSULA 50MG (VITAMINA B6),,,Regresión Lineal
700860,932,77.66666666666667,25.92413173204854,0.33378710384611854,Baja,0.954308489453857,C,MEDICAMENTOS,EPINEFRINA 1MG/ML SOL. INYECTABLE ,FRESENIUS,CRUZ VERDE,XGBoost
702627,923,76.91666666666667,11.602964615941389,0.15085111093314915,Baja,0.9547668446786597,C,DISPOSITIVOS MEDICO,LINER FLEX 1000CC TAPA AZUL-GEL SOLIDIFICANTE,,,XGBoost
702074,918,76.5,13.38588130015421,0.17497884052489163,Baja,0.955222716939081,C,DISPOSITIVOS MEDICO,S/TRACH-CARE 14FR S/CERRADO/LARGA 22106,,,XGBoost
702358,910,75.83333333333333,6.293334617359911,0.0829890279212296,Baja,0.955674616456492,C,DISPOSITIVOS MEDICO,CYSTOFLOW 2000 ML ADULTO,,,Regresión Lineal
701942,894,74.5,39.89417820366093,0.5354923248813548,Media,0.9561185704878826,C,DISPOSITIVOS MEDICO,BATA T/XL (BATA PACIENTE),,,XGBoost
718001,889,74.08333333333333,37.502626170669295,0.506222175532094,Media,0.9565600415548919,C,MEDICAMENTOS,ESCITALOPRAN 10MG TABLETA ,,,XGBoost
702626,887,73.91666666666667,17.010469147147607,0.2301303605025606,Baja,0.9570005194361486,C,DISPOSITIVOS MEDICO,LINER FLEX 1500CC TAPA AZUL - GEL SOLIDIFICANTE,,,XGBoost
701848,884,73.66666666666667,17.644640357154735,0.2395200048482543,Baja,0.9574395075387765,C,DISPOSITIVOS MEDICO,BACTIGRAS 15X20 ,,,Media móvil
715623,868,72.33333333333333,53.45743137952824,0.7390428301317269,Media,0.9578705501553839,C,CONTROLADOS,OXICODONA TABLETA DE LIBERACIÓN CONTROLADA 10MG ,SOLINSA,CRUZ VERDE,XGBoost
708852,867,72.25,38.5159353090026,0.5330925302284097,Media,0.9583010961791151,C,DISPOSITIVOS MEDICO,TRAMPA DE LUKEN    ,,,XGBoost
F008701,857,71.41666666666667,16.56095261496607,0.23189198527373725,Baja,0.9587266762740835,C,MEDICAMENTOS,FITOMENADIONA 10MG/1ML SOL. INYECTABLE (VITAMINA K),,,Media móvil
E008012,857,71.41666666666667,29.5710495197071,0.4140637038932149,Baja,0.9591522563690519,C,MEDICAMENTOS,ESPIRONOLACTONA 100MG TABLETA ,,,XGBoost
700646,839,69.91666666666667,28.059865655524092,0.4013330010325257,Baja,0.9595688977922474,C,MEDICAMENTOS,MILRINONA SOL. INYECTABLE 10MG/10ML,SANOFI,SOLINSA,Media móvil
D009705,837,69.75,16.949792168208276,0.24300777302090718,Baja,0.9599845460296903,C,MEDICAMENTOS,DEXTROSA AL 10% AGUA DESTILADA 250 ML,,,XGBoost
719059,833,69.41666666666667,59.24288731121819,0.853438952862687,Media,0.9603982078956281,C,CONTROLADOS,METADONA TABLETA 10MG ,SECRETARIA DE SALUD,WORLD MEDICAL,Regresión Lineal
L003011,818,68.16666666666667,44.5886926826916,0.6541128510908303,Media,0.9608044208684218,C,MEDICAMENTOS,LEVODOPA/CARBIDOPA TABLETA 250MG/25MG,,,XGBoost
N002141,817,68.08333333333333,51.35342483636552,0.7542730698119783,Media,0.9612101372483391,C,MEDICAMENTOS,NAPROXENO TABLETA 250MG,,,Media móvil
T020702,796,66.33333333333333,44.526464721624386,0.6712532370094129,Media,0.9616054251778547,C,MEDICAMENTOS,TRAMADOL SOL. INYECTABLE 100MG/2ML,,,XGBoost
700067,770,64.16666666666667,29.30663385444988,0.45672676136805007,Baja,0.9619878016925871,C,MEDICAMENTOS,TRIMETOPRIM/SULFAMETOXAZOL TABLETA 160MG/800MG,SOLINSA,EVEDISA,XGBoost
K0000008,761,63.416666666666664,14.387231291753958,0.2268682989501281,Baja,0.9623657088714331,C,MEDICAMENTOS,POLIETILENGLICOL/SODIO SULFATO/SODIO BICARBONATO/SODIO CLORURO/POTASIO CLORURO P,,,Regresión Lineal
A008011,753,62.75,24.587968232820334,0.39184013120032407,Baja,0.9627396433072688,C,MEDICAMENTOS,ALBENDAZOL TABLETA 200 MG,,,Media móvil
718747,747,62.25,53.49277776230426,0.8593217311213536,Media,0.9631105981858469,C,MEDICAMENTOS,RIFAXIMINA CÁPSULA 200MG,SOLINSA,EVEDISA,Regresión Lineal
719275,740,61.666666666666664,42.99541906536161,0.6972230118707289,Media,0.9634780769142911,C,DISPOSITIVOS MEDICO,AGUJA P/INSULINA TIPO LAPICERO,,,Media móvil
C003102,739,61.583333333333336,40.43728777284948,0.6566271356890307,Media,0.963845059049859,C,MEDICAMENTOS,"CALCITRIOL 0,50MCG CÁPSULA ",,,XGBoost
717763,729,60.75,73.87597099807955,1.2160653662235317,Alta,0.964207075256664,C,MEDICAMENTOS,LACOSAMIDA TABLETA 100MG,SOLINSA,EVEDISA,Media móvil
702019,712,59.333333333333336,17.17997424769651,0.28955012777016587,Baja,0.9645606493845724,C,DISPOSITIVOS MEDICO,SONDA ENTERAL 12FR X 43 (ALIMENTACION)   ,,,Media móvil
700587,709,59.083333333333336,28.34995056379635,0.4798299108117859,Baja,0.964912733733852,C,CONTROLADOS,MEPERIDINA 100MG/2ML SOL. INYECTABLE,SECRETARIA DE SALUD,WORLD MEDICAL,XGBoost
702075,692,57.666666666666664,21.651509850074632,0.3754597083827971,Baja,0.965256376004235,C,DISPOSITIVOS MEDICO,S/TRACH-CARE 16FR S/CERRADO/22606,,,Media móvil
R008703,685,57.083333333333336,25.571498101431505,0.4479678499520847,Baja,0.9655965421244839,C,MEDICAMENTOS,AGUA ESTERIL PARA IRRIGACION 3000 ML ,,,XGBoost
706722,677,56.416666666666664,62.23629215020815,1.1031543660302774,Alta,0.9659327355017227,C,MEDICAMENTOS,CALCIO CARBONATO/VITAMINA D TABLETA 600MG/125UI,,,Regresión Lineal
120898,667,55.583333333333336,50.231207853527096,0.9037098864202775,Media,0.9662639629501987,C,NUTRICION,"FRESUBIN HP ENERGY SOLUCIÓN ORAL 1,5KCAL/1ML (1500KCAL/1000ML) ALIMENTO LÍQUIDO ",FRESENIUS,CURZ VERDE,Media móvil
M011011,650,54.166666666666664,40.747188042039575,0.7522557792376537,Media,0.966586748319778,C,MEDICAMENTOS,METFORMINA TABLETA 850MG,,,XGBoost
H011161,627,52.25,41.32383199691301,0.790886736783024,Media,0.966898112053203,C,MEDICAMENTOS,FERROSO SULFATO 300MG TABLETA ,,,Regresión Lineal
700142,627,52.25,20.679919992811644,0.3957879424461559,Baja,0.967209475786628,C,MEDICAMENTOS,WARFARINA SODICA TABLETA 5MG,,,XGBoost
730041,625,52.083333333333336,51.690439301204584,0.9924564345831279,Media,0.9675198463343003,C,NUTRICION,(FRESUBIN HP SOLUCIÓN ORAL 2KCAL/1ML (1000KCAL/500ML)) ALIMENTO LÍQUIDO PARA AD,FRESENIUS,CURZ VERDE,XGBoost
V0000012,625,52.083333333333336,17.609183210283586,0.33809631763744485,Baja,0.9678302168819728,C,MEDICAMENTOS,VASOPRESINA 20UI/ML SOL. INYECTABLE ,,,XGBoost
730242,623,51.916666666666664,45.92574705352372,0.8846050796826399,Media,0.9681395942438926,C,MEDICAMENTOS,COLISTIMETATO 150 MG - EQUIVALENTE A 150 MG DE COLISTINA BASE,JC,SOLINSA,Media móvil
701930,614,51.166666666666664,9.80568789792512,0.19164210875423687,Baja,0.9684445022699261,C,DISPOSITIVOS MEDICO,PRESTOBARBA    ,,,XGBoost
153257,608,50.666666666666664,37.51444166362247,0.7404166117820224,Media,0.9687464307387018,C,MEDICAMENTOS,ANFOTERICINA B LIPOSOMAL 50MG POLVO LIOFILIZADO 50MG,JC,SOLINSA,Media móvil
702641,606,50.5,8.479922812684732,0.16791926361751944,Baja,0.9690473660217249,C,DISPOSITIVOS MEDICO,MASCARA VENTURY ADULTO,,,XGBoost
730063,604,50.333333333333336,30.772872744833183,0.6113815777119175,Media,0.9693473081189956,C,NUTRICION,SURVIMED OPD SOLUCIÓN ORAL 1KCAL/1ML (1000KCAL/1000ML)) ALIMENTO LIQUIDO OLIGO,,,Regresión Lineal
730134,593,49.416666666666664,34.42900028473177,0.6967082688309971,Media,0.9696417876946272,C,MEDICAMENTOS,CLOROQUINA 150MG TABLETA ,,,XGBoost
A013012,577,48.083333333333336,32.05806758009123,0.6667189098112561,Media,0.9699283217842384,C,MEDICAMENTOS,ALOPURINOL TABLETA 300MG,,,Media móvil
M016011,565,47.083333333333336,29.601776154736925,0.6287102900121116,Media,0.9702088967593342,C,MEDICAMENTOS,METOCLOPRAMIDA TABLETA 10MG,,,XGBoost
A020702,552,46.0,24.15103987973866,0.5250226060812753,Media,0.9704830160270385,C,MEDICAMENTOS,AMIKACINA 500MG/2ML SOL. INYECTABLE ,,,XGBoost
730034,541,45.083333333333336,22.19524246046409,0.49231591409532177,Baja,0.9707516727731037,C,NUTRICION,(FRESUBIN ORIGINAL SOLUCIÓN ORAL 1KCAL/1ML (1000KCAL/1000ML)) ALIMENTO LÍQUIDO ,FRESENIUS,CURZ VERDE,Media móvil
707121,541,45.083333333333336,27.516799276519105,0.6103541429172444,Media,0.971020329519169,C,MEDICAMENTOS,CIPROFLOXACINO 500MG TABLETA,,,XGBoost
P039701,537,44.75,18.096333129318566,0.4043873324987389,Baja,0.9712869998937291,C,MEDICAMENTOS,"POTASIO FOSFATO DIBASICO/MONOBASICO SOLUCIÓN INYECTABLE 3,8MEQ/2,6MM/1ML (38MEQ",,,XGBoost
701429,536,44.666666666666664,37.34685902171532,0.8361237094413878,Media,0.9715531736754129,C,DISPOSITIVOS MEDICO,SEDA 2-0 623H (KS)75CM  ,,,Media móvil
A034011,533,44.416666666666664,23.952446575865626,0.5392670898881567,Media,0.9718178576784681,C,MEDICAMENTOS,AZATIOPRINA 50MG TABLETA,,,XGBoost
705505,529,44.083333333333336,35.23288322868369,0.7992336460192897,Media,0.9720805553100179,C,DISPOSITIVOS MEDICO,GASA ESTERIL 7.5 X 7.5 ,,,XGBoost
19973360,523,43.583333333333336,17.037169703772733,0.39091020352824624,Baja,0.9723402733843103,C,MEDICAMENTOS,DOBUTAMINA 250MG/20ML SOL. INYECTABLE,,,Media móvil
702417,516,43.0,9.175065023301915,0.2133736051930678,Baja,0.9725965153084686,C,DISPOSITIVOS MEDICO,HUMIDIFICADOR 3PSI,,,XGBoost
700307,510,42.5,41.07531884455455,0.9664780904601071,Media,0.9728497776753693,C,MEDICAMENTOS,PREPARADO MAGISTRAL DE OMEPRAZOL ENTERAL 20 MG/10 ML,SAN JORGE,,Regresión Lineal
N0000018,502,41.833333333333336,125.348121306829,2.9963694336293782,Alta,0.9730990672992598,C,MEDICAMENTOS,NITAZOXANIDA TABLETA 500MG,,,XGBoost
M026721,501,41.75,24.011834203537678,0.575133753378148,Media,0.973347860330274,C,MEDICAMENTOS,MEROPENEM POLVO LIOFILIZADO 500MG,,,XGBoost
700980,496,41.333333333333336,58.5511949002104,1.416561166940574,Alta,0.9735941703969069,C,NUTRICION,(PEPTAMEN PREBIO SOL. ORAL 1KCAL/1ML (250KCAL/250ML)) ALIMENTO LIQUIDO CON PROTE,BAXTER,ALLERS,XGBoost
C008142,496,41.333333333333336,44.072942293704905,1.0662808619444735,Alta,0.9738404804635397,C,MEDICAMENTOS,CEFALEXINA 500MG CAPSULA ,,,Media móvil
I017471,493,41.083333333333336,8.68078686560502,0.2112970433818666,Baja,0.9740853007515436,C,MEDICAMENTOS,IPRATROPIO BROMURO SUSPENSIÓN PARA INHALACIÓN 20MCG//1PUFF/200PUFF,,,XGBoost
M013721,491,40.916666666666664,14.761487565672883,0.36076955353986684,Baja,0.9743291278537951,C,MEDICAMENTOS,METILPREDNISOLONA SUCCINATO 500MG POLVO LIOFILIZADO ,,,XGBoost
713258,487,40.583333333333336,24.201646575588548,0.5963444741418122,Media,0.9745709685845415,C,CONTROLADOS,"ALPRAZOLAM TABLETA 0,50 MG ",,,XGBoost
703789,482,40.166666666666664,33.854859550019036,0.8428595738593951,Media,0.9748103263509065,C,MEDICAMENTOS,RISPERIDONA 1 MG TABLETA ,,,Media móvil
704252,481,40.083333333333336,18.352400553077683,0.45785614685432885,Baja,0.9750491875243952,C,MEDICAMENTOS,CASPOFUNGINA 50MG POLVO LIOFILIZADO ,COBO MEDICAL,EVEDISA,Media móvil
710703,481,40.083333333333336,39.227676531507775,0.9786530527611087,Media,0.9752880486978838,C,MEDICAMENTOS,HIDROXICARBAMIDA CÁPSULA 500MG,SOLINSA,EVEDISA,Regresión Lineal
700948,480,40.0,35.74149612781404,0.8935374031953509,Media,0.9755264132784962,C,MEDICAMENTOS,MEDROXIPROGESTERONA ACETATO SUSPENSIÓN INYECTABLE 50MG/ML (150MG/3ML),COBO MEDICAL,SOLINSA,Regresión Lineal
D010701,469,39.083333333333336,21.99362855396301,0.5627367647069427,Media,0.9757593153374696,C,MEDICAMENTOS,DEXTROSA 5% EN SOL. SALINA 0.9% 500 ML,,,XGBoost
C035251,467,38.916666666666664,28.84585469930356,0.7412211057636889,Media,0.9759912242106904,C,MEDICAMENTOS,COLESTIRAMINA 4G POLVO PARA SOLUCIÓN ORAL,,,Media móvil
708786,463,38.583333333333336,11.90460822411628,0.30854276174815415,Baja,0.9762211467124062,C,DISPOSITIVOS MEDICO,SENSOR NEONATAL PULSOXIMETRO,,,XGBoost
730038,458,38.166666666666664,24.078784827891102,0.6308851919971468,Media,0.9764485862497405,C,NUTRICION,"SURVIMED OPD SOLUCIÓN ORAL 1,33KCAL/1ML (665KCAL/500ML)) ALIMENTO LIQUIDO OLIG",FRESENIUS,CURZ VERDE,Media móvil
706682,453,37.75,38.69960065567978,1.025154984256418,Alta,0.9766735428226935,C,MEDICAMENTOS,QUETIAPINA TABLETA 100MG,,,XGBoost
702054,451,37.583333333333336,16.881718640068144,0.44918098377121446,Baja,0.9768975062098939,C,DISPOSITIVOS MEDICO,SONDA NELATON # 12 ,,,Regresión Lineal
716842,448,37.333333333333336,48.29141337816285,1.2935200012007906,Alta,0.9771199798184655,C,MEDICAMENTOS,TERLIPRESINA ACETATO 1MG,JC,SOLINSA,XGBoost
C031321,439,36.583333333333336,17.665880485651805,0.48289422739822696,Baja,0.9773379840911506,C,MEDICAMENTOS,CLOTRIMAZOL CREMA TÓPICA 1% ,,,XGBoost
C003101,437,36.416666666666664,26.88513727062977,0.7382646390104285,Media,0.9775549951780832,C,MEDICAMENTOS,"CALCITRIOL 0,25MCG CÁPSULA ",,,XGBoost
700631,430,35.833333333333336,52.67021468678019,1.469866456375261,Alta,0.9777685301148819,C,MEDICAMENTOS,"OCTREOTIDE SOLUCIÓN INYECTABLE 0,1MG/1ML",JC,SOLINSA,XGBoost
157471,430,35.833333333333336,52.67021468678019,1.469866456375261,Alta,0.9779820650516804,C,MEDICAMENTOS,OCTEOTRIDE ACETATO SOLUCIÓN INYECTABLE 20MG,,,XGBoost
730189,429,35.75,123.84163274117473,3.464101615137755,Alta,0.9781951033956028,C,DISPOSITIVOS MEDICO,APOSITO PERIFERICO IV3000 7X9CM (TEGADERM PERIFERICO),,,XGBoost
701452,427,35.583333333333336,14.323904580254728,0.40254532778233426,Baja,0.9784071485537725,C,MEDICAMENTOS,NITROGLICERINA SOLUCIÓN INYECTABLE 50MG/250ML,JC,DAGO,XGBoost
D0000011,425,35.416666666666664,31.213220780867065,0.8813144691068349,Media,0.9786182005261899,C,MEDICAMENTOS,DILTIAZEM 60MG TABLETA ,,,XGBoost
A024011,423,35.25,22.0994652341717,0.6269351839481333,Media,0.9788282593128546,C,MEDICAMENTOS,AMITRIPTILINA 25MG TABLETA ,,,Media móvil
700021,418,34.833333333333336,31.817186131607134,0.9134120420557071,Media,0.9790358351351378,C,MEDICAMENTOS,ALFAMETILDOPA TABLETA 250MG,SOLINSA,EVEDISA,Media móvil
700974,416,34.666666666666664,27.727024340665892,0.7998180098269008,Media,0.9792424177716685,C,NUTRICION,GLUCERNA SOLUCIÓN ORAL 1KCAL/1ML (1500KCAL/1500ML)) ALIMENTO LÍQUIDO PARA PROP,ABBOTT,COBO,XGBoost
S010721,414,34.5,19.984084576573338,0.5792488283064735,Media,0.9794480072224467,C,MEDICAMENTOS,NITROPRUSIATO POLVO LIOFILIZADO 50MG,,,Media móvil
700887,412,34.333333333333336,14.008655333129738,0.4080190873727108,Baja,0.9796526034874724,C,MEDICAMENTOS,"BETAMETILDIGOXINA 0,2MG/2ML SOL. INYECTABLE",JC,DAGO,XGBoost
152912,411,34.25,31.1685301662955,0.9100300778480438,Media,0.9798567031596218,C,MEDICAMENTOS,PARACETAMOL SOLUCIÓN INYECTABLE 1G/100ML,FRESENIUS,CRUZ VERDE,XGBoost
713099,404,33.666666666666664,5.262791055796315,0.15632052640979155,Baja,0.9800573266816373,C,DISPOSITIVOS MEDICO,CATETER VENOSO CENTRAL TRILUMEN (CVC) 7FRX20CM ,,,Media móvil
700441,401,33.416666666666664,7.292067088572515,0.21821647147847928,Baja,0.9802564604250239,C,MEDICAMENTOS,POTASIO GLUCONATO ELIXIR 20MEQ/15ML ,SOLINSA,CRUZ VERDE,Regresión Lineal
730066,399,33.25,7.072674690152748,0.21271202075647364,Baja,0.980454600982658,C,DISPOSITIVOS MEDICO,EQUIPO DE INFUSION DE LIQUIDOS FOTOSENSIBLES,,,Media móvil
C034011,399,33.25,31.513705532095653,0.9477806175066362,Media,0.980652741540292,C,MEDICAMENTOS,"COLCHICINA 0,5MG TABLETA",,,XGBoost
704102,395,32.916666666666664,13.385598321488748,0.4066510882477595,Baja,0.980848895726421,C,MEDICAMENTOS,HIERRO SACAROSA SOL. INYECTABLE 100MG/5ML,,,XGBoost
H0000004,395,32.916666666666664,33.25783115798944,1.0103644908756286,Alta,0.98104504991255,C,MEDICAMENTOS,L-ASPARTATO/L-ORNITINA SOLUCIÓN INYECTABLE 5G/10ML,,,XGBoost
R005101,393,32.75,35.304197535652385,1.0779907644474012,Alta,0.9812402109129265,C,MEDICAMENTOS,RIFAMPICINA CÁPSULA 300MG,,,XGBoost
151766,386,32.166666666666664,54.801846905395664,1.7036843597532332,Alta,0.9814318957631689,C,CONTROLADOS,CLOBAZAM TABLETA 10 MG ,,,XGBoost
705632,374,31.166666666666668,10.894813889964789,0.3495662210683889,Baja,0.9816176214988961,C,MEDICAMENTOS,SALBUTAMOL SUSP. PARA INHALACIÓN 100MCG//1PUFF/200PUFF,SOLINSA,JC,Media móvil
L0000017,367,30.583333333333332,8.240237566448867,0.26943556075582126,Baja,0.9817998710844893,C,MEDICAMENTOS,INSULINA GLARGINA 100UI/ML x 10 ML (1000UI) SOL. INYECTABLE ,,,Media móvil
708363,364,30.333333333333332,19.671545363028727,0.6485124844954526,Media,0.9819806308914537,C,MEDICAMENTOS,CIANOCOBALAMINA 1MG/1ML (VITAMINA B12) SOL. INYECTABLE,SOLINSA,EVEDISA,XGBoost
706670,357,29.75,54.559600438419636,1.833936149190576,Alta,0.9821579145482843,C,MEDICAMENTOS,ACICLOVIR TABLETA 800MG,,,XGBoost
D0000020,355,29.583333333333332,42.433816560365955,1.434382531618004,Alta,0.9823342050193622,C,MEDICAMENTOS,"DIPIRONA 2,5G/5ML SOL. INYECTABLE ",,,Regresión Lineal
G003704,354,29.5,14.260562273754719,0.48340889063575315,Baja,0.9825099988975639,C,MEDICAMENTOS,GENTAMICINA 160MG/2ML SOL. INYECTABLE ,,,XGBoost
702063,343,28.583333333333332,26.455651856484565,0.9255621640752618,Media,0.9826803302541265,C,DISPOSITIVOS MEDICO,SONDA SUCCION # 12,,,XGBoost
V0000004,342,28.5,25.994754715658942,0.9120966566897875,Media,0.9828501650178127,C,MEDICAMENTOS,VALSARTAN TABLETA 160MG,,,Regresión Lineal
700821,342,28.5,24.013253916043187,0.8425703128436206,Media,0.9830199997814991,C,MEDICAMENTOS,DALTEPARINA SODICA 5.000 UI (ANTIFACTOR XA) SOL. INYECTABLE,COBO MEDICAL,SOLINSA,Regresión Lineal
C046101,338,28.166666666666668,49.724391916997355,1.7653630266389593,Alta,0.9831878481736804,C,MEDICAMENTOS,CALCIO CARBONATO/VITAMINA D TABLETA 600MG/200UI,,,Regresión Lineal
A002451,335,27.916666666666668,12.21369077814902,0.43750534130683055,Baja,0.9833542067872328,C,MEDICAMENTOS,BECLOMETASONA 50MCG/ PUFF SOL. PARA INHALACIÓN,,,XGBoost
162958,330,27.5,29.886147596868657,1.0867690035224966,Alta,0.9835180824364038,C,MEDICAMENTOS,INDACATEROL/GLICOPIRRONIO POLVO PARA INHALACIÓN EN CÁPSULA 110MCG/50MCG,JC,DAGO,Regresión Lineal
702061,329,27.416666666666668,15.802521854745116,0.5763837758569647,Media,0.9836814614926986,C,DISPOSITIVOS MEDICO,SONDA SUCCION # 8   ,,,Regresión Lineal
715576,328,27.333333333333332,58.98279153252834,2.1579070072876223,Alta,0.9838443439561171,C,MEDICAMENTOS,DORIPENEM POLVO LIOFILIZADO 500MG,,,Media móvil
717864,325,27.083333333333332,15.962788166877553,0.589395255392402,Media,0.9840057366409067,C,MEDICAMENTOS,"TAMSULOSINA CÁPSULA DE LIBERACIÓN CONTROLADA 0,4MG",SOLINSA,EVEDISA,XGBoost
703730,321,26.75,12.920209680257447,0.4829984927199045,Baja,0.9841651429541913,C,DISPOSITIVOS MEDICO,S/TRACH-CARE 14FR/ 4445P02514  CORTA ,,,XGBoost
702021,313,26.083333333333332,9.53899492831526,0.3657122656223103,Baja,0.9843205765244657,C,DISPOSITIVOS MEDICO,SONDA FOLEY 2 VIAS 16FRX30CM   ,,,XGBoost
B005701,307,25.583333333333332,10.317314073777618,0.4032826348056398,Baja,0.9844730305374824,C,MEDICAMENTOS,BETAMETASONA 4MG/1ML SOL. INYECTABLE,,,Media móvil
T012011,292,24.333333333333332,21.81047843805747,0.896321031700992,Media,0.9846180356573548,C,MEDICAMENTOS,TINIDAZOL TABLETA 500MG,,,Media móvil
701479,292,24.333333333333332,5.851702678915278,0.24048093201021692,Baja,0.9847630407772274,C,MEDICAMENTOS,"SODIO CLORURO ENEMA RECTAL 2,5G/1000ML",,,XGBoost
H013021,292,24.333333333333332,22.499831649201827,0.924650615720623,Media,0.9849080458971,C,MEDICAMENTOS,N-BUTILBROMURO HIOSCINA TABLETA 10MG,,,XGBoost
A013011,291,24.25,22.393688234126884,0.9234510612011086,Media,0.9850525544240962,C,MEDICAMENTOS,ALOPURINOL TABLETA 100MG,,,XGBoost
700967,286,23.833333333333332,27.215748560290777,1.1419195200122005,Alta,0.9851945799867112,C,NUTRICION,"ENSURE PLUS HN SOLUCIÓN ORAL 1,5KCAL/1ML (1500KCAL/1000ML) ALIMENTO DE USO ESPEC",ABBOTT,COBO,XGBoost
F013141,281,23.416666666666668,21.38163329645896,0.9130946603470018,Media,0.9853341225849447,C,MEDICAMENTOS,FLUOXETINA 20M GCAPSULA ,,,Media móvil
I004721,281,23.416666666666668,64.86273384944734,2.7699388120760426,Alta,0.9854736651831782,C,MEDICAMENTOS,IMIPENEM/CILASTATINA 500MG/500MG POLVO LIOFILIZADO ,,,XGBoost
V0000011,280,23.333333333333332,39.56429366655411,1.6956125857094617,Alta,0.9856127111885354,C,MEDICAMENTOS,VORICONAZOL POLVO LIOFILIZADO 200MG,,,Regresión Lineal
T0000001,280,23.333333333333332,17.67038268522853,0.7573021150812228,Media,0.9857517571938927,C,MEDICAMENTOS,TIGECICLINA 50MG POLVO PARA RECONSTITUCION,,,Regresión Lineal
702060,277,23.083333333333332,16.881718640068144,0.7313379916275008,Media,0.9858893134206211,C,DISPOSITIVOS MEDICO,S/SUCCION  6 1129,,,Media móvil
702052,276,23.0,11.257320850329918,0.48944873262303995,Baja,0.9860263730544733,C,DISPOSITIVOS MEDICO,SONDA NELATON # 10   ,,,XGBoost
719225,268,22.333333333333332,13.323481208571263,0.5965737854584148,Media,0.9861594599453152,C,MEDICAMENTOS,"DUTASTERIDA/TAMSULOSINA CÁPSULA 0,5MG/0,4MG (0,9MG)",COBO MEDICAL,CRUZ VERDE,Media móvil
717923,266,22.166666666666668,6.422026490324082,0.2897154807664999,Baja,0.9862915536504046,C,MEDICAMENTOS,INSULINA GLULISINA SOL. INYECTABLE 100UI/ML x 10ML (1000UI),,,XGBoost
700966,265,22.083333333333332,11.66547612973141,0.5282479756859506,Media,0.9864231507626177,C,NUTRICION,JEVITY SOLUCIÓN ORAL 1KCAL/1ML (1500KCAL/1500ML)) ALIMENTO PARA PROPÓSITOS MÉD,ABBOTT,COBO,Regresión Lineal
145537,264,22.0,48.13805903100713,2.188093592318506,Alta,0.9865542512819545,C,MEDICAMENTOS,CISATRACURIO 10MG/5ML SOL. INYECTABLE,,,XGBoost
131059,261,21.75,66.79565173653965,3.0710644476569957,Alta,0.9866838620226626,C,MEDICAMENTOS,HIDROXICLOROQUINA SULFATO TABLETA 200MG,,,XGBoost
P0000025,259,21.583333333333332,27.916949342757,1.2934493903980078,Alta,0.986812479577618,C,MEDICAMENTOS,POLIMIXINA B SOLUCIÓN INYECTABLE 500000UI,,,Media móvil
700971,256,21.333333333333332,15.67472391134752,0.734752683344415,Media,0.9869396073539446,C,NUTRICION,"(OSMOLITE HN PLUS SOLUCIÓN ORAL 1,2KCAL/1ML (1800KCAL/1500ML)) ALIMENTO PARA PR",ABBOTT,COBO,Media móvil
P0000013,253,21.083333333333332,20.839029524312103,0.9884124675563053,Media,0.9870652453516424,C,MEDICAMENTOS,PREGABALINA CÁPSULA 150MG,,,Media móvil
D031141,247,20.583333333333332,20.165038752226284,0.9796779960595766,Media,0.9871879037920825,C,MEDICAMENTOS,DOXICICLINA 100MG TABLETA ,,,Regresión Lineal
E0000017,242,20.166666666666668,13.360956235058609,0.6625267554574517,Media,0.9873080792681412,C,MEDICAMENTOS,ERTAPENEM POLVO LIOFILIZADO 1G ,,,Regresión Lineal
716715,242,20.166666666666668,29.17294304763587,1.4465922172381422,Alta,0.9874282547442,C,CONTROLADOS,CLONAZEPAM TABLETA 2 MG ,SOLINSA,CRUZ VERDE,Media móvil
701847,238,19.833333333333332,11.853908701991571,0.5976760690079784,Media,0.9875464438487537,C,DISPOSITIVOS MEDICO,BACTIGRAS 10X10 ,,,XGBoost
702696,236,19.666666666666668,7.969639359164975,0.40523589961855805,Baja,0.9876636397675548,C,DISPOSITIVOS MEDICO,TUBO ENDOTRAQUEAL 7.5 C/BL,,,XGBoost
700741,234,19.5,13.152946437965907,0.6745100737418414,Media,0.9877798425006034,C,MEDICAMENTOS,SACUBITRIL/ VALSARTAN 50 MG TABLETA,CRUZ VERDE,EVEDISA,Media móvil
V000000013,232,19.333333333333332,24.57024561735128,1.270874773311273,Alta,0.9878950520478994,C,MEDICAMENTOS,VORICONAZOL TABLETA 200MG,,,Media móvil
702045,231,19.25,7.021072179194183,0.36473102229580173,Baja,0.9880097650023191,C,DISPOSITIVOS MEDICO,SONDA NASOGASTRICA # 16   ,,,XGBoost
700639,225,18.75,18.718610088261457,0.9983258713739444,Media,0.9881214983994812,C,MEDICAMENTOS,ANFOTERICINA B 50MG POLVO LIOFILIZADO ,,,Regresión Lineal
H014701,224,18.666666666666668,6.080271126331208,0.32572881033917184,Baja,0.988232735203767,C,MEDICAMENTOS,HIDROXICINA CLORHIDRATO SOL. 100MG/1ML,,,XGBoost
703187,223,18.583333333333332,8.564815269815258,0.46088692034880313,Baja,0.9883434754151764,C,DISPOSITIVOS MEDICO,CANISTER 1100ML,,,Regresión Lineal
D023011,220,18.333333333333332,18.936896805075023,1.0329216439131832,Alta,0.9884527258479572,C,MEDICAMENTOS,DIMENHIDRINATO 50MG TABLETA,,,Regresión Lineal
701278,220,18.333333333333332,21.33428028201362,1.163688015382561,Alta,0.9885619762807378,C,DISPOSITIVOS MEDICO,SET ENTERAL TAPA ROSCA Y PUNZON,,,Media móvil
E007141,219,18.25,15.656105402162964,0.8578687891596145,Media,0.9886707301206423,C,MEDICAMENTOS,ERITROMICINA 500MG TABLETA ,,,Regresión Lineal
L004011,215,17.916666666666668,34.10000888651799,1.90325630994519,Alta,0.9887774975890415,C,MEDICAMENTOS,LEVOMEPROMAZINA TABLETA 25MG,,,XGBoost
700605,208,17.333333333333332,27.72374542889291,1.599446851666899,Alta,0.988880788907307,C,MEDICAMENTOS,INMUNOGLOBULINA HUMANA NORMAL  6 GR/200ML SOL. INYECTABLE,,,XGBoost
A002011,206,17.166666666666668,19.68771344280642,1.1468570937557137,Alta,0.9889830870398197,C,MEDICAMENTOS,ACETAZOLAMIDA 250MG TABLETA ,,,XGBoost
702079,199,16.583333333333332,4.7760450228830615,0.28800271494772234,Baja,0.9890819090221987,C,DISPOSITIVOS MEDICO,BRAZALETE NEO/3,,,XGBoost
N009231,198,16.5,5.5677643628300215,0.3374402644139407,Baja,0.9891802344117013,C,MEDICAMENTOS,NISTATINA SUSPENSIÓN ORAL 100000UI/1ML (6000000UI/60ML),,,Media móvil
700800,195,16.25,22.058290546145724,1.3574332643781983,Alta,0.9892770700225751,C,MEDICAMENTOS,HALOPERIDOL 5MG TABLETA  ,SOLINSA,EVEDISA,Regresión Lineal
D029701,193,16.083333333333332,18.55438361991989,1.1536404323266254,Alta,0.9893729124476963,C,MEDICAMENTOS,DOPAMINA 200MG/5ML SOL. INYECTABLE ,,,Regresión Lineal
715460,192,16.0,10.117491604327446,0.6323432252704654,Media,0.9894682582799413,C,DISPOSITIVOS MEDICO,BOLSA ACTIVE LIFE ADULTO-22771 ,,,XGBoost
730138,189,15.75,16.17025889487465,1.0266831044364857,Alta,0.9895621143335575,C,MEDICAMENTOS,OSELTAMIVIR CAPSULA 75MG,,,XGBoost
700544,188,15.666666666666666,23.654072620061676,1.5098344225571283,Alta,0.9896554737942973,C,MEDICAMENTOS,SOMATOSTATINA POLVO LIOFILIZADO 3MG,JC,DELTA,XGBoost
L0000009,187,15.583333333333334,17.085125552699786,1.0963716932213765,Alta,0.9897483366621609,C,MEDICAMENTOS,LABETALOL SOLUCIÓN INYECTABLE 100MG/20ML,,,Regresión Lineal
710768,187,15.583333333333334,7.476731582149727,0.47979026195613217,Baja,0.9898411995300245,C,DISPOSITIVOS MEDICO,CYSTOFLOW 500 ML,,,Regresión Lineal
H001201,187,15.583333333333334,6.2734408904572145,0.4025737469812116,Baja,0.9899340623978881,C,MEDICAMENTOS,HALOPERIDOL 2MG/20 GOTAS SOL. ORAL,,,Regresión Lineal
717825,185,15.416666666666666,17.96693090265018,1.1654225450367686,Alta,0.9900259320799991,C,MEDICAMENTOS,TENOFOVIR/EMTRICITABINA 300MG/200MG TABLETA,SOLINSA,EVEDISA,XGBoost
V016011,181,15.083333333333334,20.38920540309742,1.35177052396226,Alta,0.9901158153906051,C,MEDICAMENTOS,VERAPAMILO TABLETA 120MG,,,XGBoost
I008701,181,15.083333333333334,2.8109633849474367,0.18636221336668088,Baja,0.990205698701211,C,MEDICAMENTOS,INSULINA ZINC CRISTALINA SOL. INYECTABLE 100UI/ML x 10ML (1000UI),,,XGBoost
G0000001,181,15.083333333333334,41.511133957340206,2.752119378387196,Alta,0.9902955820118169,C,MEDICAMENTOS,GABAPENTIN CÁPSULA 300MG,,,Media móvil
702452,180,15.0,10.617310051386497,0.7078206700924331,Media,0.9903849687295466,C,DISPOSITIVOS MEDICO,STOMAHESIVE PASTA TBX2 ONZ.,,,XGBoost
T009141,175,14.583333333333334,15.234281516807194,1.044636446866779,Alta,0.9904718724828948,C,MEDICAMENTOS,TIAMINA 300MG TABLETA ,,,XGBoost
702310,170,14.166666666666666,9.777835169712189,0.6902001296267428,Media,0.9905562932718618,C,DISPOSITIVOS MEDICO,BARRERA STOMAHESIVE 20MMX20MM LISA ,,,XGBoost
705961,169,14.083333333333334,19.411610084189462,1.378339177575583,Alta,0.9906402174679524,C,MEDICAMENTOS,MESALAZINA TABLETA 500MG,,,XGBoost
A025142,167,13.916666666666666,16.615755575156168,1.1939465083944552,Alta,0.9907231484782905,C,MEDICAMENTOS,AMOXICILINA 500MG CAPSULA ,,,Media móvil
171762,167,13.916666666666666,13.82000087707755,0.9930539552391054,Media,0.9908060794886285,C,NUTRICION,"NEPRO BP SOLUCIÓN ORAL 1,8KCAL/1ML (426,6KCAL/237ML)) ALIMENTO PARA PROPÓSITOS",COBO MEDICAL,ALLERS,XGBoost
702022,167,13.916666666666666,11.429295161066927,0.8212667181604978,Media,0.9908890104989666,C,DISPOSITIVOS MEDICO,SONDA FOLEY 2 VÍAS 18FRX5CM ,,,XGBoost
702323,164,13.666666666666666,6.997835163084151,0.5120367192500599,Media,0.9909704517306759,C,DISPOSITIVOS MEDICO,BOLSA OSTOMIA OP/57 - 60 MM ,,,XGBoost
716204,163,13.583333333333334,26.854687531681364,1.9770322109213274,Alta,0.9910513963695088,C,CONTROLADOS,KETAMINA SOL. INYECTABLE 500MG,WORDL MEDICAL,,Media móvil
702473,163,13.583333333333334,12.086493839543929,0.8898032274510868,Media,0.9911323410083418,C,CONTROLADOS,FENOBARBITAL SOLUCIÓN INYECTABLE 40 MG/1ML ,SECRETARIA DE SALUD,WORLD MEDICAL,XGBoost
770066,156,13.0,25.00545395054301,1.9234964577340778,Alta,0.9912098094970409,C,MEDICAMENTOS,ELTROMBOPAG 25 MG TAB ORAL,CRUZ VERDE,SOLINSA,Regresión Lineal
I002011,156,13.0,19.53086135976971,1.5023739507515161,Alta,0.9912872779857398,C,MEDICAMENTOS,IBUPROFENO TABLETA 400MG,,,XGBoost
A019101,156,13.0,17.419946769566934,1.3399959053513026,Alta,0.9913647464744388,C,MEDICAMENTOS,AMANTADINA 100MG CAPSULA ,,,XGBoost
702251,155,12.916666666666666,5.36755121639338,0.4155523522369069,Baja,0.9914417183702616,C,DISPOSITIVOS MEDICO,BISTURI # 15 ,,,Media móvil
702302,154,12.833333333333334,5.686240703077327,0.4430836911488826,Baja,0.9915181936732081,C,DISPOSITIVOS MEDICO,BARRERA STOMAHESIVE 57 - 60 MM ,,,Media móvil
710045,154,12.833333333333334,5.201980974648606,0.4053491668557355,Baja,0.9915946689761546,C,DISPOSITIVOS MEDICO,SEDA 3-0 SS684( C-14)SOFSILK,,,Media móvil
I020011,153,12.75,9.955583175466737,0.7808300529777833,Media,0.9916706476862248,C,MEDICAMENTOS,ISOSORBIDE DINITRATO 10MG TABLETA,,,XGBoost
707118,148,12.333333333333334,21.14595741865369,1.7145370879989479,Alta,0.9917441434319136,C,MEDICAMENTOS,AZITROMICINA TABLETA 500MG,,,XGBoost
770075,147,12.25,11.169153951844338,0.9117676695383133,Media,0.9918171425847262,C,MEDICAMENTOS,FILGRASTIM SOLUCIÓN INYECTABLE 300MCG (ONCOLOGICO),,,XGBoost
719540,147,12.25,9.789837030865687,0.7991703698665867,Media,0.9918901417375388,C,NUTRICION,"GLUCERNA SOLUCIÓN ORAL 1,5KCAL/1ML (1500KCAL/1000ML)) ALIMENTO LÍQUIDO PARA PR",ABBOTT,COBO,XGBoost
702023,146,12.166666666666666,11.280178378129676,0.9271379488873707,Media,0.991962644297475,C,DISPOSITIVOS MEDICO,SONDA FOLEY 2 VÍAS 18FRX30CM    ,,,Regresión Lineal
702695,145,12.083333333333334,5.434876152027642,0.4497828539609083,Baja,0.9920346502645351,C,DISPOSITIVOS MEDICO,TUBO ENDOTRAQUEAL 8.0 C/BL,,,XGBoost
701843,145,12.083333333333334,6.185883244545723,0.5119351650658529,Media,0.992106656231595,C,DISPOSITIVOS MEDICO,ALGODON LAMINADO 6X5,,,XGBoost
V016141,144,12.0,10.929526314280299,0.9107938595233582,Media,0.9921781656057788,C,MEDICAMENTOS,VERAPAMILO TABLETA 80MG,,,Media móvil
702303,144,12.0,7.410066862659939,0.6175055718883282,Media,0.9922496749799625,C,DISPOSITIVOS MEDICO,BARRERA STOMAHESIVE 70MM ,,,XGBoost
718072,142,11.833333333333334,21.678784490134518,1.8320099569127761,Alta,0.9923201911683937,C,NUTRICION,ENTEREX POLVO PARA SOLUCIÓN ORAL 110G ALIMENTO PARA USOS NUTRICIONALES ESPECIALE,AMAREY,CRUZ VERDE,XGBoost
162558,140,11.666666666666666,15.836283616678466,1.35739573857244,Alta,0.9923897141710722,C,MEDICAMENTOS,LEVOFLOXACINA SOLUCIÓN INYECTABLE 500MG/100ML,JC,SOLINSA,Media móvil
702090,138,11.5,4.757768766592554,0.41371902318196124,Baja,0.9924582439879983,C,DISPOSITIVOS MEDICO,CATETER UMBILICAL 5.0FR,,,XGBoost
702531,136,11.333333333333334,5.140451577852127,0.45356925686930527,Baja,0.9925257806191718,C,MEDICAMENTOS,EXTENSION DE MONITOREO MACHO MACHO,,,Media móvil
E038162,136,11.333333333333334,15.41152657964653,1.3598405805570468,Alta,0.9925933172503454,C,MEDICAMENTOS,EFAVIRENZ 600MG TABLETA,,,Media móvil
I005022,136,11.333333333333334,19.72231469604156,1.74020423788602,Alta,0.9926608538815189,C,MEDICAMENTOS,IMIPRAMINA TABLETA 25MG,,,Media móvil
R0000014,135,11.25,10.82190539432111,0.9619471461618765,Media,0.9927278939198162,C,MEDICAMENTOS,ROSUVASTATINA TABLETA 20MG,,,XGBoost
701694,132,11.0,9.92700632343178,0.9024551203119799,Media,0.9927934441794846,C,MEDICAMENTOS,DUODERM CGF 20 X 20 CM/8X8,,,Media móvil
T009701,131,10.916666666666666,7.3169583016359185,0.6702557222872597,Media,0.9928584978462767,C,MEDICAMENTOS,TIAMINA 1000MG/10ML SOL. INYECTABLE,,,XGBoost
704205,131,10.916666666666666,10.73192631470429,0.9830772196675687,Media,0.9929235515130689,C,MEDICAMENTOS,"METOTREXATE TABLETA 2,5MG",JC,SOLINSA,Regresión Lineal
702324,128,10.666666666666666,7.164728420068226,0.6716932893813962,Media,0.9929871154012322,C,DISPOSITIVOS MEDICO,BOLSA OSTOMIA OP /70MM ,,,XGBoost
702056,127,10.583333333333334,7.867751594421061,0.7434095994728561,Media,0.9930501826965192,C,DISPOSITIVOS MEDICO,SONDA NELATON # 16 ,,,Regresión Lineal
H0000005,127,10.583333333333334,16.03665309296932,1.5152743079971012,Alta,0.9931132499918062,C,MEDICAMENTOS,L-ASPARTATO/L-ORNITINA GRANULOS PARA SUSPENCIÓN ORAL 3G,,,XGBoost
702243,127,10.583333333333334,16.233849783334783,1.5339070661418692,Alta,0.9931763172870932,C,DISPOSITIVOS MEDICO,GUANTE ESTERIL 8.0 (PAR),,,XGBoost
702089,126,10.5,5.791843794980537,0.5516041709505273,Media,0.993238887989504,C,DISPOSITIVOS MEDICO,CATETER UMBILICAL 3.5 FR,,,XGBoost
B008011,123,10.25,9.352928564213068,0.9124808355329822,Media,0.993299968913286,C,MEDICAMENTOS,BIPERIDENO 2MG TABLETA,,,Media móvil
701864,119,9.916666666666666,9.100033299972372,0.9176504168039368,Media,0.9933590634655628,C,DISPOSITIVOS MEDICO,VENDA ELASTICA 5X5 ,,,XGBoost
720012,117,9.75,4.494946657586211,0.46102017000884216,Baja,0.9934171648320871,C,DISPOSITIVOS MEDICO,CIRCUITO DE VENTILADOR REF-5513000 ALMA LISA PEDIATRICO,,,XGBoost
701961,117,9.75,5.658862719021134,0.58039617630986,Media,0.9934752661986114,C,DISPOSITIVOS MEDICO,CATETER TROCAR RECTO 10FR (TUBO TORAX),,,XGBoost
720013,117,9.75,4.494946657586211,0.46102017000884216,Baja,0.9935333675651356,C,DISPOSITIVOS MEDICO,CIRCUITO DE VENTILACION REF-5068850 ALMA LISA NEONATAL - INTERSURGICAL,,,XGBoost
706175,117,9.75,4.673425840955336,0.4793257272774704,Baja,0.9935914689316598,C,DISPOSITIVOS MEDICO,CATETER YUGULAR CURVO (MAHURKAR CURVO) 5FR,,,Media móvil
703652,114,9.5,14.241424852105979,1.499097352853261,Alta,0.9936480805195553,C,MEDICAMENTOS,URSODEOXICOLICO ACIDO TABLETA 300MG,SOLINSA,EVEDISA,XGBoost
702216,114,9.5,2.5045413298101655,0.2636359294537016,Baja,0.9937046921074508,C,DISPOSITIVOS MEDICO,CATETER EPICUTANEO CAVA 24 G 2FR REF 218400,,,Media móvil
702486,111,9.25,4.1587804156332355,0.4495978827711606,Baja,0.9937598139167174,C,DISPOSITIVOS MEDICO,STOMAHESIVE POLVO X 1 ONZA,,,XGBoost
C032013,111,9.25,15.80635660393973,1.7087953085340248,Alta,0.993814935725984,C,CONTROLADOS,CLOZAPINA TABLETA 100MG ,,,XGBoost
706123,111,9.25,2.927145677649443,0.31644818136750735,Baja,0.9938700575352506,C,DISPOSITIVOS MEDICO,CATETER GASTROSTOMIA FLOW-20PUSH/ COOK,,,Media móvil
M017162,110,9.166666666666666,9.446820853727683,1.0305622749521108,Alta,0.993924682751641,C,MEDICAMENTOS,METOPROLOL TARTRATO TABLETA 100MG,,,XGBoost
708756,109,9.083333333333334,3.629633924274241,0.39959272560817327,Baja,0.9939788113751551,C,DISPOSITIVOS MEDICO,CATETER RECTO COAXIAL 2L 11FR X 20CM (MAHURKAR RECTO),,,XGBoost
L0000005,109,9.083333333333334,21.27934693689179,2.3426803967220318,Alta,0.9940329399986692,C,MEDICAMENTOS,LAMOTRIGINA TABLETA 100MG,,,XGBoost
D015021,108,9.0,8.872839045495683,0.9858710050550759,Media,0.994086572029307,C,MEDICAMENTOS,DICLOFENACO 50MG TABLETA ,,,XGBoost
702460,107,8.916666666666666,4.010403138505322,0.4497648379632137,Baja,0.9941397074670685,C,DISPOSITIVOS MEDICO,PINZA P/BOLSA DE OSTOMIA ,,,Media móvil
713981,107,8.916666666666666,19.29417403039455,2.163832601539576,Alta,0.99419284290483,C,MEDICAMENTOS,PIRIDOSTIGMINA TABLETA 60MG,,,Regresión Lineal
M020501,106,8.833333333333334,7.209001107622121,0.8161133329383532,Media,0.9942454817497152,C,MEDICAMENTOS,METRONIDAZOL OVULO VAGINAL 500MG,,,Regresión Lineal
702635,105,8.75,4.371914496377572,0.4996473710145797,Baja,0.9942976240017242,C,DISPOSITIVOS MEDICO,MASCARA C/RESERVORIO ADULTO,,,XGBoost
701428,105,8.75,6.092096220812371,0.6962395680928424,Media,0.9943497662537332,C,DISPOSITIVOS MEDICO,SEDA 2-0 185T (SC26)45CM ,,,Regresión Lineal
713549,104,8.666666666666666,19.415707480534852,2.240273940061714,Alta,0.9944014119128658,C,MEDICAMENTOS,LOPINAVIR/RITONAVIR TABLETA 200MG/50MG,,,XGBoost
713842,102,8.5,12.602308590817074,1.4826245400961264,Alta,0.994452064386246,C,DISPOSITIVOS MEDICO,ESTILETE GUIA ENDOTRAQUEAL 14MM,,,Regresión Lineal
717450,102,8.5,11.5088898445743,1.3539870405381529,Alta,0.9945027168596261,C,MEDICAMENTOS,N-ACETILCISTEINA SOLUCIÓN INYECTABLE 300MG/3ML,SOLINSA,CRUZ VERDE,Regresión Lineal
A033701,102,8.5,3.9657625656704063,0.4665603018435772,Baja,0.9945533693330062,C,MEDICAMENTOS,ATROPINA 1MG/1ML SOL. INYECTABLE ,,,Media móvil
164333,101,8.416666666666666,14.431394648998811,1.7146211464157004,Alta,0.9946035252135101,C,MEDICAMENTOS,FOSFOMICINA DISODICA 4G POLVO LIOFILIZADO ,GPC PHARMA,SOLINSA,XGBoost
110028,100,8.333333333333334,28.867513459481287,3.4641016151377544,Alta,0.9946531845011377,C,MEDICAMENTOS,"EPOPROSTENOL POLVO LIOFILIZADO 1,5MG",,,Media móvil
730143,99,8.25,17.56093288058364,2.128597924919229,Alta,0.994702347195889,C,MEDICAMENTOS,RIFAMPICINA/ISONIACIDA TABLETA 150/150MG,SOLINSA,EVEDISA,Media móvil
702046,98,8.166666666666666,3.128558579902059,0.383088805702293,Baja,0.994751013297764,C,DISPOSITIVOS MEDICO,SONDA NASOGASTRICA # 18 ,,,XGBoost
770065,98,8.166666666666666,25.587046912392406,3.1331077851909073,Alta,0.9947996793996391,C,MEDICAMENTOS,TRETINOINA TABLETA 10MG (ONCOLOGICO),CRUZ VERDE,SOLINSA,XGBoost
770020,97,8.083333333333334,16.328771781085923,2.020054240959083,Alta,0.9948478489086379,C,MEDICAMENTOS,ONDANSETRON 8MG TABLETA,SOLINSA,CRUZ VERDE,Media móvil
707251,97,8.083333333333334,9.765042785674858,1.2080465301865804,Alta,0.9948960184176366,C,MEDICAMENTOS,SILDENAFIL TABLETA 50MG,SOLINSA,EVEDISA,Media móvil
702070,96,8.0,4.842989309769892,0.6053736637212365,Media,0.994943691333759,C,DISPOSITIVOS MEDICO,S/TRACH-CARE 8FR S/CERRADO- 198-4,,,XGBoost
704417,93,7.75,21.80127185614304,2.813067336276521,Alta,0.9949898744712528,C,MEDICAMENTOS,"EPOPROSTENOL TERMOESTABLE 1.5 MG POLVO LIOFILIZADO 1,5MG",,,Media móvil
702869,91,7.583333333333333,2.8109633849474367,0.3706764903227389,Baja,0.9950350644229938,C,DISPOSITIVOS MEDICO,MASCARA P/TRAQUEOSTOMIA ADULTO - 1075,,,Media móvil
A017231,90,7.5,2.8762349126466136,0.3834979883528818,Baja,0.9950797577818586,C,MEDICAMENTOS,ALUMINIO HIDROXIDO SUSPENSIÓN ORAL 6G/100ML ,,,Regresión Lineal
702069,90,7.5,5.018148879997303,0.6690865173329736,Media,0.9951244511407235,C,DISPOSITIVOS MEDICO,S/TRACH-CARE 6FR S/CERRADO -196-4,,,XGBoost
V0000005,89,7.416666666666667,10.748854766340402,1.4492837887200543,Alta,0.995168647906712,C,MEDICAMENTOS,VALSARTAN TABLETA 80MG,,,XGBoost
R0000009,88,7.333333333333333,15.382004440451205,2.097546060061528,Alta,0.9952123480798243,C,MEDICAMENTOS,ROCIVERINA SOLUCIÓN INYECTABLE 20MG/2ML,,,XGBoost
0004721,88,7.333333333333333,14.537308324904352,1.9823602261233209,Alta,0.9952560482529366,C,MEDICAMENTOS,OXACILINA POLVO LIOFILIZADO 1G,,,XGBoost
715826,87,7.25,3.3063300170760606,0.45604551959669803,Baja,0.9952992518331726,C,DISPOSITIVOS MEDICO,PLEUR-EVAC 2500CC -A8000106 (PLEUROVAC),,,XGBoost
V012221,87,7.25,6.468454923002022,0.8922006790347616,Media,0.9953424554134086,C,MEDICAMENTOS,VALPROICO ÁCIDO JARABE 250MG/5ML X 120ML,,,Regresión Lineal
701854,85,7.083333333333333,6.501165396692466,0.917811585415407,Media,0.9953846658078921,C,DISPOSITIVOS MEDICO,VENDA SEMIELASTICA 4X4.1    ,,,Regresión Lineal
C004011,84,7.0,13.341664064126334,1.9059520091609048,Alta,0.9954263796094992,C,MEDICAMENTOS,CAPTOPRIL 25MG TABLETA ,,,Media móvil
F015701,83,6.916666666666667,8.836477427874376,1.2775630016203916,Alta,0.9954675968182302,C,MEDICAMENTOS,CALCIO FOLINATO 50MG/5ML SOL. INYECTABLE,,,Regresión Lineal
C0000030,82,6.833333333333333,13.408500243796052,1.962219547872593,Alta,0.9955083174340847,C,MEDICAMENTOS,CLINDAMICINA CÁPSULA 300MG,,,XGBoost
702080,82,6.833333333333333,3.1574826950748234,0.4620706383036327,Baja,0.9955490380499393,C,DISPOSITIVOS MEDICO,BRAZALETE NEO/4,,,Media móvil
D020221,82,6.833333333333333,2.8230651727682394,0.41313148869779115,Baja,0.995589758665794,C,MEDICAMENTOS,"DIFENHIDRAMINA JARABE 2,42MG/1ML (290,4MG/120ML)",,,Media móvil
714878,81,6.75,18.979055441579423,2.8117119172710257,Alta,0.9956299826887723,C,NUTRICION,"GLUCERNA SOLUCIÓN ORAL 0,93KCAL/1ML (220,4KCAL/237ML)) ALIMENTO LIQUIDO CON CA",ABBOTT,COBO,XGBoost
E0000021,81,6.75,5.136765873228372,0.7610023515893884,Media,0.9956702067117507,C,MEDICAMENTOS,SODIO FOSFATO MONOBASICO/DIBASICO ENEMA RECTAL 16G/6G/133ML,,,Regresión Lineal
A0000034,80,6.666666666666667,14.176378132996346,2.1264567199494517,Alta,0.9957099341418527,C,MEDICAMENTOS,ALPROSTADIL SOLUCIÓN INYECTABLE 20MCG/1ML,,,XGBoost
717814,79,6.583333333333333,6.4731379679036,0.983261463479028,Media,0.9957491649790785,C,DISPOSITIVOS MEDICO,BARRERA STOMAHESIVE 100MM ,,,XGBoost
A0000001,78,6.5,12.154310870109944,1.8698939800169145,Alta,0.995787899223428,C,MEDICAMENTOS,ABACAVIR/LAMIVUDINA/ZIDOVUDINA TABLETA 300MG/150MG/300MG,,,XGBoost
712599,78,6.5,12.154310870109944,1.8698939800169145,Alta,0.9958266334677776,C,MEDICAMENTOS,ARTEMETER/LUMEFANTRINA TABLETA 20/120MG,,,XGBoost
719246,76,6.333333333333333,9.267080871492807,1.4632232954988642,Alta,0.9958643745263746,C,MEDICAMENTOS,"BISOPROLOL TABLETA 2,5MG",SOLINSA,EVEDISA,XGBoost
K002101,76,6.333333333333333,13.37115846843043,2.1112355476469102,Alta,0.9959021155849715,C,MEDICAMENTOS,KETOCONAZOL TABLETA 200MG,,,XGBoost
719619,75,6.25,8.863869460804453,1.4182191137287126,Alta,0.9959393600506922,C,MEDICAMENTOS,"APIXABAN TABLETA 2,5MG",SOLINSA,EVEDISA,Regresión Lineal
703654,74,6.166666666666667,4.130448651249167,0.6698024839863513,Media,0.9959761079235366,C,MEDICAMENTOS,OXIDO DE ZINC  5G/CALAMINA 5G /CREMA TÓPICA 5%/60G,SOLINSA,CRUZ VERDE,Regresión Lineal
702558,73,6.083333333333333,9.857699651756612,1.62044377837095,Alta,0.9960123592035047,C,MEDICAMENTOS,TIOPENTAL POLVO LIOFILIZADO 1G ,DAGO,SOLINSA,XGBoost
702078,73,6.083333333333333,3.8720051965905524,0.636494004918995,Media,0.9960486104834729,C,DISPOSITIVOS MEDICO,BRAZALETE NEO/2,,,XGBoost
M0000005,72,6.0,6.4807406984078595,1.0801234497346432,Alta,0.9960843651705648,C,MEDICAMENTOS,METOPROLOL SOL. INYECTABLE 5MG/5ML,,,Regresión Lineal
M009011,72,6.0,8.74902591980699,1.4581709866344983,Alta,0.9961201198576566,C,MEDICAMENTOS,MERCAPTOPURINA TBL. 50 MG,,,XGBoost
717813,72,6.0,6.164414002968977,1.0274023338281628,Alta,0.9961558745447485,C,DISPOSITIVOS MEDICO,BOLSA OSTOMIA OP/100MM,,,XGBoost
M002702,72,6.0,4.935953440181174,0.8226589066968623,Media,0.9961916292318403,C,MEDICAMENTOS,MANITOL AL 20 % SOL. INYECTABLE x 500 ML,,,Media móvil
702484,72,6.0,2.256304299271065,0.37605071654517747,Baja,0.9962273839189322,C,DISPOSITIVOS MEDICO,KIT MICRONEBULIZADOR ADULTO,,,XGBoost
D0000031,71,5.916666666666667,11.131105747027794,1.8813136473849792,Alta,0.9962626420131478,C,MEDICAMENTOS,DAPTOMICINA POLVO LIOFILIZADO 500MG,,,Regresión Lineal
P0000020,70,5.833333333333333,20.207259421636902,3.464101615137755,Alta,0.9962974035144871,C,MEDICAMENTOS,PRALIDOXIMA POLVO LIOFILIZADO 200MG,,,Media móvil
C0000008,70,5.833333333333333,3.927370930309795,0.6732635880531077,Media,0.9963321650158264,C,MEDICAMENTOS,CASPOFUNGINA 70MG POLVO LIOFILIZADO ,,,XGBoost
H007321,70,5.833333333333333,7.505553499465135,1.286666314194023,Alta,0.9963669265171657,C,MEDICAMENTOS,HIDROCORTISONA ACETATO CREMA TÓPICA 1%,,,XGBoost
A020701,69,5.75,9.799118698777317,1.7041945563090986,Alta,0.9964011914256288,C,MEDICAMENTOS,AMIKACINA 100MG/2ML SOL. INYECTABLE ,,,XGBoost
D020201,67,5.583333333333333,3.679385653594739,0.6589944454199533,Media,0.9964344631483393,C,MEDICAMENTOS,"DIHIDROCODEINA JARABE 12,1MG/ML (294,4MG/120ML)",,,XGBoost
709707,67,5.583333333333333,3.36987545853858,0.6035597836188502,Media,0.9964677348710498,C,DISPOSITIVOS MEDICO,CATETER VENOSO CENTRAL (CVC) BILUMEN 7FRX20CM ,,,XGBoost
V0000013,66,5.5,10.52702150744368,1.9140039104443054,Alta,0.9965005100008839,C,MEDICAMENTOS,TRIMETAZIDINA TABLETA 35MG,,,Regresión Lineal
718376,64,5.333333333333333,11.460075625114056,2.148764179708886,Alta,0.9965322919449656,C,MEDICAMENTOS,ATAZANAVIR 300MG CAPSULA,SOLINSA,EVEDISA,Media móvil
M015011,63,5.25,8.411301920630361,1.6021527467867354,Alta,0.996563577296171,C,MEDICAMENTOS,METOCARBAMOL TABLETA 750MG,,,XGBoost
730123,62,5.166666666666667,3.3799766898963113,0.6541890367541248,Media,0.9965943660545,C,DISPOSITIVOS MEDICO,CATETER PICC ALTA PRESION 5FR X 50 CM REF 01PR05052,,,Media móvil
J000006,61,5.083333333333333,13.013687433086005,2.560069658967739,Alta,0.9966246582199529,C,MEDICAMENTOS,METFORMINA/SITAGLIPTINA TABLETA 1000MG/50MG,,,Media móvil
717218,61,5.083333333333333,2.906367096044424,0.5717443467628375,Media,0.9966549503854057,C,CONTROLADOS,"CLONAZEPAM SOL. ORAL 2,5MG/1ML x 20ML",,,Regresión Lineal
711979,61,5.083333333333333,8.16264588713659,1.6057664040268702,Alta,0.9966852425508586,C,MEDICAMENTOS,"FLUDROCORTISONA TABLETA 0,1MG",SOLINSA,EVEDISA,XGBoost
D018221,60,5.0,2.891995221924885,0.5783990443849769,Media,0.9967150381234351,C,MEDICAMENTOS,"DIFENHIDRAMINA JARABE 12,5MG/5ML (300MG/120ML)",,,XGBoost
701289,60,5.0,3.2473765635439547,0.6494753127087909,Media,0.9967448336960116,C,MEDICAMENTOS,TRANEXAMICO ÁCIDO TABLETA 500MG,JC,DAGO,Media móvil
710110,60,5.0,4.898979485566356,0.9797958971132712,Media,0.9967746292685882,C,DISPOSITIVOS MEDICO,SEDA 2-0 SS685 (C-15) SOFSILK CURVA,,,Media móvil
702229,59,4.916666666666667,2.574643252722186,0.523656254790953,Media,0.9968039282482885,C,DISPOSITIVOS MEDICO,SPINOCAN 20G X31/2 ,,,XGBoost
715131,58,4.833333333333333,15.526126563332083,3.2123020475859483,Alta,0.9968327306351125,C,MEDICAMENTOS,CEFOTAXIMA SOLUCIÓN INYECTABLE 1G,JC,DAGO,XGBoost
C009141,57,4.75,11.810049649653159,2.486326242032244,Alta,0.9968610364290602,C,MEDICAMENTOS,CEFRADINA 500MG CÁPSULA ,,,Media móvil
700629,56,4.666666666666667,1.4354811251305468,0.30760309824226,Baja,0.9968888456301317,C,MEDICAMENTOS,FOSFOLIPIDOS NATURALES 200MG/8ML SUSPENSION INYECTABLE (SURFACTANTE PULMONAR),CRUZ VERDE,SOLINSA,Regresión Lineal
701175,56,4.666666666666667,11.031634951219592,2.3639217752613413,Alta,0.9969166548312031,C,MEDICAMENTOS,PROPAFENONA TABLETA 150MG,,,Media móvil
715020,56,4.666666666666667,12.808614525412422,2.744703112588376,Alta,0.9969444640322745,C,MEDICAMENTOS,DULOXETINA TABLETA 30MG,,,Regresión Lineal
702704,55,4.583333333333333,3.579190699111471,0.7809143343515937,Media,0.9969717766404698,C,DISPOSITIVOS MEDICO,TUBO ENDOTRAQUEAL 3.5 S/BL    ,,,XGBoost
708178,55,4.583333333333333,2.151461800448216,0.4694098473705199,Baja,0.9969990892486649,C,DISPOSITIVOS MEDICO,AGUJA P/ASPIRACION DE MEDULA OSEA DBMNI 1501 RP.M,,,Media móvil
702044,54,4.5,2.0225995873897262,0.4494665749754947,Baja,0.9970259052639838,C,DISPOSITIVOS MEDICO,SONDA NASOGASTRICA # 14,,,XGBoost
730082,54,4.5,15.588457268119896,3.464101615137755,Alta,0.9970527212793027,C,MEDICAMENTOS,VECURONIO BROMURO SOLUCIÓN INYECTABLE 4MG,,,XGBoost
C031511,53,4.416666666666667,3.1176428547376895,0.7058814010726844,Media,0.9970790407017454,C,MEDICAMENTOS,CLOTRIMAZOL CREMA VAGINAL 1%,,,XGBoost
730084,53,4.416666666666667,9.110017795944431,2.0626455387043996,Alta,0.9971053601241879,C,MEDICAMENTOS,DALTEPARINA SODICA 7.500 UI (ANTIFACTOR XA) SOL. INYECTABLE,COBO MEDICAL,SOLINSA,Media móvil
701035,53,4.416666666666667,7.890827048868293,1.7866023506871607,Alta,0.9971316795466306,C,MEDICAMENTOS,"BETAMETILDIGOXINA TABLETA 0,1MG",,,XGBoost
702057,52,4.333333333333333,4.867953337591651,1.1233738471365349,Alta,0.9971575023761969,C,DISPOSITIVOS MEDICO,SONDA NELATON # 18,,,XGBoost
A027142,52,4.333333333333333,8.804268937007292,2.031754370078606,Alta,0.9971833252057632,C,MEDICAMENTOS,AMPICILINA TABLETA 500MG,,,XGBoost
700873,50,4.166666666666667,6.3077633744362025,1.5138632098646885,Alta,0.997208154849577,C,MEDICAMENTOS,URSODEOXICOLICO ACIDO TABLETA 600MG,SOLINSA,EVEDISA,XGBoost
A037101,50,4.166666666666667,14.433756729740644,3.4641016151377544,Alta,0.9972329844933908,C,MEDICAMENTOS,ABACAVIR TABLETA 300MG,,,Media móvil
2001990802,49,4.083333333333333,5.976595767633693,1.463656106359272,Alta,0.9972573175443283,C,MEDICAMENTOS,SACCHAROMYCES BOULARDII POLVO PARA SUSPENSIÓN ORAL 250MG,,,Media móvil
I020061,49,4.083333333333333,3.579190699111471,0.8765364977415848,Media,0.9972816505952659,C,MEDICAMENTOS,ISOSORBIDE DINITRATO TABLETA 5MG,,,XGBoost
719274,49,4.083333333333333,3.8009169547583777,0.9308368052469497,Media,0.9973059836462034,C,DISPOSITIVOS MEDICO,MASCARA VENTURY PEDIATRICA,,,XGBoost
719888,48,4.0,7.62770071396474,1.906925178491185,Alta,0.9973298201042646,C,MEDICAMENTOS,APIXABAN 5 MG TABLETA,SOLINSA,EVEDISA,Regresión Lineal
T020201,47,3.9166666666666665,2.5746432527221863,0.6573557240992817,Media,0.9973531599694496,C,MEDICAMENTOS,TRAMADOL SOL. ORAL 100MG/1ML,,,Regresión Lineal
708883,47,3.9166666666666665,1.7816403745544227,0.45488690414155475,Baja,0.9973764998346346,C,DISPOSITIVOS MEDICO,AQUACEL AG+ APOSITO 20 X 30 ,,,XGBoost
700907,47,3.9166666666666665,3.3698754585385804,0.8603937340949567,Media,0.9973998396998195,C,MEDICAMENTOS,"FITOMENADIONA 2MG/0,2ML SOL. INYECTABLE (VITAMINA K)",,,Regresión Lineal
702020,46,3.8333333333333335,8.850612031567836,2.3088553125829137,Alta,0.9974226829721282,C,DISPOSITIVOS MEDICO,SONDA FOLEY 2 VÍAS 16FRX5CM    ,,,XGBoost
700550,45,3.75,7.8175211137314085,2.084672296995042,Alta,0.9974450296515607,C,MEDICAMENTOS,ROCURONIO BROMURO SOLUCIÓN INYECTABLE 50MG/5ML,COBO MEDICAL,CRUZ VERDE,Media móvil
I00000006,45,3.75,2.0056737702645644,0.5348463387372172,Media,0.997467376330993,C,MEDICAMENTOS,INSULINA LISPRO SOL. INYECTABLE 100UI/ML x 10ML (1000UI),,,XGBoost
717432,45,3.75,2.179449471770337,0.5811865258054232,Media,0.9974897230104255,C,MEDICAMENTOS,FLUTICASONA/SALMETEROL SUSPENSIÓN PARA INHALACIÓN 250MCG/25MCG/1PUFF/120PUFF,,,Regresión Lineal
770117,45,3.75,7.521182208814105,2.0056485890170945,Alta,0.9975120696898578,C,MEDICAMENTOS,ELTROMBOPAG TABLETA 50MG (ONCOLOGICO),CRUZ VERDE,SOLINSA,XGBoost
719773,45,3.75,9.323723407620916,2.486326242032244,Alta,0.9975344163692903,C,MEDICAMENTOS,ACETAMINOFEN/CODEINA TABLETA 325MG/30MG,,,XGBoost
S020011,44,3.6666666666666665,6.541244437251889,1.7839757556141516,Alta,0.9975562664558464,C,MEDICAMENTOS,SULFASALAZINA TABLETA 500MG,,,XGBoost
719419,44,3.6666666666666665,2.3094010767585034,0.6298366572977737,Media,0.9975781165424026,C,MEDICAMENTOS,INSULINA ASPARTATO SOL. INYECTABLE 100UI/ML x 10ML (1000UI),SOLINSA,CRUZ VERDE,XGBoost
702228,44,3.6666666666666665,2.9644356609443876,0.808482452984833,Media,0.9975999666289587,C,DISPOSITIVOS MEDICO,SPINOCAN 18G 3/2   ,,,XGBoost
702705,44,3.6666666666666665,3.3120532860594154,0.9032872598343861,Media,0.9976218167155149,C,DISPOSITIVOS MEDICO,TUBO ENDOTRAQUEAL 3.0 S/BL,,,XGBoost
711417,43,3.5833333333333335,2.7122058561364044,0.7568946575264384,Media,0.9976431702091947,C,MEDICAMENTOS,AZUL DE METILENO 1% x 5ML,,,Media móvil
A036701,43,3.5833333333333335,2.7122058561364044,0.7568946575264384,Media,0.9976645237028746,C,MEDICAMENTOS,AZUL DE METILENO SOLUCIÓN INYECTABLE 10MG/1ML,,,Media móvil
702230,43,3.5833333333333335,2.2343733444579583,0.6235460496161744,Media,0.9976858771965544,C,DISPOSITIVOS MEDICO,SPINOCAN 22G X31/2  ,,,Media móvil
C0000019,43,3.5833333333333335,8.050503466281226,2.246652130124993,Alta,0.9977072306902343,C,MEDICAMENTOS,CETIRIZINA 10MG TABLETA ,,,XGBoost
E0000034,43,3.5833333333333335,10.004165798972611,2.7918602229691007,Alta,0.9977285841839142,C,MEDICAMENTOS,ENTEROGERMINA SUSPENSIÓN ORAL 2000000000UI/5ML,,,Regresión Lineal
708677,43,3.5833333333333335,2.8749176536296677,0.8023026010129305,Media,0.997749937677594,C,MEDICAMENTOS,DOMPERIDONA 1MG/1ML SUSPENSION,SOLINSA,CRUZ VERDE,XGBoost
700749,43,3.5833333333333335,4.541892543729748,1.267504895924581,Alta,0.9977712911712739,C,MEDICAMENTOS,"BUDESONIDA SUSPENSIÓN PARA INHALACIÓN 0,5MG/1ML (1MG/2ML)",COBO MEDICAL,CRUZ VERDE,XGBoost
770152,42,3.5,12.124355652982139,3.464101615137754,Alta,0.9977921480720775,C,MEDICAMENTOS,RIOCIGUAT 0.5 MG,,,XGBoost
702609,42,3.5,6.960929927426755,1.98883712212193,Alta,0.9978130049728811,C,DISPOSITIVOS MEDICO,CANULA GUEDEL 3 (ISO 9.0),,,Regresión Lineal
702151,42,3.5,2.2763607319179844,0.6503887805479955,Media,0.9978338618736846,C,DISPOSITIVOS MEDICO,AGUJA 23X1,,,Media móvil
C004012,42,3.5,8.702141847112854,2.486326242032244,Alta,0.9978547187744883,C,MEDICAMENTOS,CAPTOPRIL 50MG TABLETA ,,,XGBoost
I007701,41,3.4166666666666665,1.4433756729740643,0.42245141648021395,Baja,0.9978750790824156,C,MEDICAMENTOS,INMUNOGLOBULINA ANTI-D SOLUCIÓN INYECTABLE 300MCG/2ML,,,XGBoost
719247,41,3.4166666666666665,2.4664414311581235,0.7218852969243289,Media,0.9978954393903429,C,MEDICAMENTOS,INSULINA DETERMIR SOL. INYECTABLE 100UI/ML x 3ML (300UI),SOLINSA,CRUZ VERDE,XGBoost
700326,41,3.4166666666666665,2.391588796113782,0.699977208618668,Media,0.9979157996982702,C,MEDICAMENTOS,IPRATROPIO BROMURO SOL. PARA INHALACIÓN 250MCG/1ML x 20ML,CRUZ VERDE,SOLINSA,Media móvil
702062,40,3.3333333333333335,8.40274125545114,2.520822376635342,Alta,0.9979356634133212,C,DISPOSITIVOS MEDICO,S/SUCCION 10  ,,,XGBoost
719877,40,3.3333333333333335,3.3933982252531925,1.0180194675759577,Alta,0.9979555271283722,C,DISPOSITIVOS MEDICO,BARRERA  57 MM REF 411451 CONVEX  SUR-FIT PLUS ,,,XGBoost
L001141,40,3.3333333333333335,11.547005383792513,3.4641016151377535,Alta,0.9979753908434232,C,MEDICAMENTOS,LAMIVUDINA 150 MG TABLETA,,,Media móvil
G003601,39,3.25,1.712255291076124,0.5268477818695766,Media,0.997994757965598,C,MEDICAMENTOS,GENTAMICINA SOL. OFTÁLMICA 0.3% GOTAS,,,XGBoost
705183,39,3.25,1.9598237397554634,0.6030226891555273,Media,0.9980141250877728,C,DISPOSITIVOS MEDICO,AGUJA BIOPSIA MEDULA OSEA  DBMNJ1104TL RP-M,,,Media móvil
P005722,38,3.1666666666666665,4.152399817265222,1.3112841528205963,Alta,0.9980329956170713,C,MEDICAMENTOS,PENICILINA G BENZATINICA POLVO LIOFILIZADO 2400000UI,,,XGBoost
B004332,38,3.1666666666666665,2.8230651727682394,0.8914942650847072,Media,0.9980518661463698,C,MEDICAMENTOS,"BETAMETASONA UNGÜENTO TÓPICO 0,05% x 40G",,,XGBoost
T004151,37,3.0833333333333335,5.316498049952761,1.724269637822517,Alta,0.998070240082792,C,MEDICAMENTOS,TEOFILINA CAPSULA 125MG,,,XGBoost
700815,37,3.0833333333333335,3.4761089357690356,1.1273866818710385,Alta,0.9980886140192142,C,MEDICAMENTOS,"FOSFOLIPIDOS NATURALES 120MG/1,5ML SUSPENSION INYECTABLE SURFACTANTE PULMONAR)",AMAREY,CRUZ VERDE,XGBoost
B012011,37,3.0833333333333335,5.107184482014854,1.6563841563291417,Alta,0.9981069879556363,C,MEDICAMENTOS,"BROMOCRIPTINA 2,5MG TABLETA",,,XGBoost
701715,37,3.0833333333333335,2.8431203515386634,0.9220930869855124,Media,0.9981253618920586,C,DISPOSITIVOS MEDICO,DUODERM ET 10X10/4X4   ,,,XGBoost
T001011,36,3.0,5.9237580209617855,1.9745860069872618,Alta,0.9981432392356046,C,MEDICAMENTOS,TALIDOMIDA TABLETA 100MG,,,XGBoost
162236,36,3.0,1.8586407545691703,0.6195469181897234,Media,0.9981611165791504,C,MEDICAMENTOS,INSULINA DEGLUDEC SOL. INYECTABLE 100UI/ML x 3 ML,SOLINSA,CRUZ VERDE,XGBoost
718999,36,3.0,7.458978726096732,2.486326242032244,Alta,0.9981789939226964,C,MEDICAMENTOS,INMUNOGLOBULINA HUMANA NORMAL  5G/100ML (50MG/ML) SOL. INYECTABLE ,AMAREY,CRUZ VERDE,XGBoost
702697,36,3.0,2.76339711883103,0.9211323729436766,Media,0.9981968712662423,C,DISPOSITIVOS MEDICO,TUBO ENDOTRAQUEAL 7.0 C/BL ,,,XGBoost
F002231,36,3.0,2.5226248955475654,0.8408749651825218,Media,0.9982147486097882,C,MEDICAMENTOS,FENITOINA 125MG/5ML SUSPENSION ORAL,,,XGBoost
B004311,36,3.0,2.6628760937957834,0.8876253645985944,Media,0.9982326259533342,C,MEDICAMENTOS,"BETAMETASONA CREMA TÓPICA 0,05%",,,XGBoost
C0000005,36,3.0,4.880387465988926,1.6267958219963088,Alta,0.9982505032968801,C,MEDICAMENTOS,CARVEDILOL TABLETA 25MG,,,XGBoost
706122,36,3.0,7.603826787755086,2.534608929251695,Alta,0.998268380640426,C,MEDICAMENTOS,"FONDAPARINA 2,5MG/0,5ML SOL. INYECTABLE ",COBO MEDICAL,CRUZ VERDE,XGBoost
700410,35,2.9166666666666665,5.517877281796841,1.8918436394732028,Alta,0.9982857613910957,C,DISPOSITIVOS MEDICO,EQUIPO PERFUSOR 50CC,,,XGBoost
D002101,35,2.9166666666666665,6.973434439269353,2.3908918077494925,Alta,0.9983031421417653,C,MEDICAMENTOS,DANAZOL 200MG TABLETA},,,Media móvil
730194,35,2.9166666666666665,2.7455197664338145,0.9413210627773079,Media,0.998320522892435,C,DISPOSITIVOS MEDICO,APOSITO TRANSPARENTE OPSITE 15X20CM REF: 4631 CX10,,,XGBoost
703665,34,2.8333333333333335,1.6966991126265962,0.5988349809270339,Media,0.9983374070502283,C,DISPOSITIVOS MEDICO,KIT MICRONEBULIZADOR PEDIATRICO,,,XGBoost
700319,34,2.8333333333333335,1.9462473604038073,0.6869108330836967,Media,0.9983542912080218,C,DISPOSITIVOS MEDICO,circuito neonatal REFERENCIA MP02650,,,Media móvil
L000001,34,2.8333333333333335,8.110972739929457,2.862696261151573,Alta,0.9983711753658151,C,MEDICAMENTOS,BACLOFENO TABLETA 10MG,,,XGBoost
707878,34,2.8333333333333335,2.32900030576263,0.8220001079162224,Media,0.9983880595236085,C,DISPOSITIVOS MEDICO,CATETER PREMICATH 28GX1FRX20CM    ,,,XGBoost
730237,34,2.8333333333333335,5.98229711631567,2.1113989822290598,Alta,0.9984049436814019,C,MEDICAMENTOS,ETAMBUTOL 400 MG TABLETA,SECRETARIA DE SALUD,,Media móvil
701853,33,2.75,8.01277389263827,2.913735960959371,Alta,0.998421331246319,C,DISPOSITIVOS MEDICO,VENDA SEMIELASTICA 3X4.1,,,Media móvil
I00000007,33,2.75,2.958039891549808,1.0756508696544758,Alta,0.9984377188112361,C,MEDICAMENTOS,"IVERMECTINA SOL. ORAL 0,6% GOTAS x 5ML",,,XGBoost
730176,32,2.6666666666666665,9.237604307034012,3.4641016151377544,Alta,0.9984536097832769,C,NUTRICION,FRESUBIN RENAL 2KCAL/ML (400KCAL/200ML) ALIMENTO PARA PROPÓSITOS MÉDICOS ESPECIA,FRESENIUS,CURZ VERDE,Media móvil
S0000012,32,2.6666666666666665,2.424621182533032,0.909232943449887,Media,0.9984695007553178,C,MEDICAMENTOS,"BUDESONIDA/FORMOTEROL SUSPENSIÓN PARA INHALACIÓN 160MCG/4,5MCG/1PUFF/120PUFF",,,XGBoost
702058,32,2.6666666666666665,2.7743413086658424,1.040377990749691,Alta,0.9984853917273586,C,DISPOSITIVOS MEDICO,SONDA NELATON # 20 ,,,Regresión Lineal
702085,32,2.6666666666666665,2.7080128015453204,1.0155048005794953,Alta,0.9985012826993994,C,DISPOSITIVOS MEDICO,CANULA NASAL OXIGENO NEONATAL,,,XGBoost
N010142,32,2.6666666666666665,7.726381410270251,2.897393028851344,Alta,0.9985171736714402,C,MEDICAMENTOS,NITROFURANTOINA TABLETA 100MG,,,Media móvil
700525,31,2.5833333333333335,4.077841080619484,1.5785191279817357,Alta,0.9985325680506048,C,MEDICAMENTOS,PROPOFOL EMULSIÓN INYECTABLE 1%/20ML,FRESENIUS,CURZ VERDE,XGBoost
700786,31,2.5833333333333335,5.24765459875922,2.031350167261633,Alta,0.9985479624297694,C,DISPOSITIVOS MEDICO,GASA VASELINADA,,,Regresión Lineal
707621,30,2.5,4.776838056516237,1.9107352226064946,Alta,0.9985628602160577,C,MEDICAMENTOS,CEFTOLOZANO/TAZOBACTAM 1.5G (1+0.5G) POLVO PARA RECONSTITUCION,,,XGBoost
719747,30,2.5,8.660254037844387,3.464101615137755,Alta,0.9985777580023459,C,MEDICAMENTOS,BROMURO DE GLICOPIRRONIO 50 MCG POLVO PARA INHALACION EN CAPSULAS,,,Media móvil
705561,30,2.5,6.98700091728789,2.794800366915156,Alta,0.9985926557886342,C,MEDICAMENTOS,PREGABALINA CAPSULA 25MG,SOLINSA,EVEDISA,Media móvil
701863,30,2.5,2.1105794120443453,0.8442317648177381,Media,0.9986075535749225,C,DISPOSITIVOS MEDICO,VENDA ELASTICA 4X5  ,,,XGBoost
705498,30,2.5,8.660254037844387,3.464101615137755,Alta,0.9986224513612108,C,MEDICAMENTOS,MULTIVITAMINAS Y MINERALES CON LUTEINA TABLETA -,,,XGBoost
F015011,30,2.5,4.379705261980329,1.7518821047921318,Alta,0.998637349147499,C,MEDICAMENTOS,FOLINICO ÁCIDO 15MG TABLETA ,,,Regresión Lineal
C014103,29,2.4166666666666665,8.371578903249572,3.4641016151377544,Alta,0.998651750340911,C,MEDICAMENTOS,CICLOSPORINA 100MG CAPSULA,,,Media móvil
P0000003,29,2.4166666666666665,5.212891944424172,2.1570587356237954,Alta,0.998666151534323,C,MEDICAMENTOS,PENTOXIFILINA TABLETA 400MG,,,Regresión Lineal
701849,29,2.4166666666666665,3.579190699111471,1.48104442721854,Alta,0.998680552727735,C,DISPOSITIVOS MEDICO,BACTIGRAS 5X5 ,,,XGBoost
701725,29,2.4166666666666665,1.5050420310248864,0.6227760128378841,Media,0.998694953921147,C,MEDICAMENTOS,DUODERM GEL TBX30GR,,,Media móvil
160729,29,2.4166666666666665,8.371578903249574,3.4641016151377553,Alta,0.998709355114559,C,MEDICAMENTOS,LEVETIRACETAM 1000MG TABLETA,,,XGBoost
717191,28,2.3333333333333335,3.446561747421317,1.4770978917519928,Alta,0.9987232597150947,C,MEDICAMENTOS,MOXIFLOXACINO TABLETA 400MG,,,Media móvil
A018232,28,2.3333333333333335,2.188122205883115,0.937766659664192,Media,0.9987371643156304,C,MEDICAMENTOS,"ALUMINIO HIDROXIDO/MAGNESIO/SIMETICONA SUSPENSIÓN ORAL 4%/4%/0,4%",,,XGBoost
M022232,28,2.3333333333333335,2.309401076758503,0.9897433186107869,Media,0.9987510689161662,C,MEDICAMENTOS,METRONIDAZOL SUSPENSIÓN ORAL 250MG/5ML X 120ML),,,XGBoost
702032,28,2.3333333333333335,3.2566947363946475,1.395726315597706,Alta,0.9987649735167019,C,DISPOSITIVOS MEDICO,SONDA FOLEY 2 VÍAS 20FRX15CM    ,,,XGBoost
702154,28,2.3333333333333335,4.638442789897437,1.987904052813187,Alta,0.9987788781172376,C,DISPOSITIVOS MEDICO,AGUJA 26GA X1/2 0,,,XGBoost
M0000009,28,2.3333333333333335,3.446561747421317,1.4770978917519928,Alta,0.9987927827177734,C,MEDICAMENTOS,MOXIFLOXACINA TABLETA 400MG,,,Media móvil
L018011,28,2.3333333333333335,4.141438777950865,1.7749023334075134,Alta,0.9988066873183091,C,MEDICAMENTOS,LOVASTATINA TABLETA 20MG,,,Media móvil
T025011,28,2.3333333333333335,4.228331571528879,1.8121421020838053,Alta,0.9988205919188448,C,MEDICAMENTOS,TRIMETOPRIM/SULFAMETOXAZOL TABLETA 80MG/400MG,,,XGBoost
D018101,28,2.3333333333333335,5.033222956847166,2.1570955529344995,Alta,0.9988344965193805,C,MEDICAMENTOS,DIFENHIDRAMINA 50MG CAPSULA ,,,Media móvil
L0000006,27,2.25,6.017021310793693,2.6742316936860857,Alta,0.99884790452704,C,MEDICAMENTOS,LEVOFLOXACINA TABLETA 500MG,,,Regresión Lineal
700813,27,2.25,1.0552897060221726,0.4690176471209656,Baja,0.9988613125346995,C,MEDICAMENTOS,FOSFOLIPIDOS NATURALES 100MG/4ML SUSPENSION INYECTABLE (SURFACTANTE PULMONAR),CRUZ VERDE,SOLINSA,Media móvil
719016,26,2.1666666666666665,6.102657146065495,2.816610990491767,Alta,0.9988742239494826,C,MEDICAMENTOS,ACETAMINOFEN/CODEINA TABLETA 325MG/8MG,SOLINSA,EVEDISA,XGBoost
D035701,26,2.1666666666666665,1.5859229221975182,0.7319644256296238,Media,0.9988871353642658,C,MEDICAMENTOS,DESMOPRESINA 15MCG/1ML SOL. INYECTABLE,,,XGBoost
719561,26,2.1666666666666665,5.131601439446884,2.3684314335908696,Alta,0.998900046779049,C,MEDICAMENTOS,OXIBUTININA TABLETA 5MG,SOLINSA,EVEDISA,Regresión Lineal
700131,26,2.1666666666666665,2.8230651727682394,1.3029531566622645,Alta,0.9989129581938321,C,MEDICAMENTOS,CLOTRIMAZOL 100MG TABLETA VAGINAL,SOLINSA,EVEDISA,XGBoost
716753,25,2.0833333333333335,2.7122058561364044,1.301858810945474,Alta,0.998925373015739,C,DISPOSITIVOS MEDICO,BOLSA RECOLECTORA 1000 CC REF: Z-01000,,,XGBoost
702703,25,2.0833333333333335,1.621353717973928,0.7782497846274854,Media,0.9989377878376459,C,DISPOSITIVOS MEDICO,TUBO ENDOTRAQUEAL 4.0 S/BL,,,Media móvil
103662,25,2.0833333333333335,2.391588796113782,1.1479626221346153,Alta,0.9989502026595528,C,MEDICAMENTOS,PALIVIZUMAB POLVO LIOFILIZADO 50 MG,COBO MEDICAL,EVEDISA,XGBoost
N009321,25,2.0833333333333335,1.9286515936521478,0.9257527649530308,Media,0.9989626174814598,C,MEDICAMENTOS,NISTATINA CREMA 100.000 UI/GR ,,,XGBoost
R009141,25,2.0833333333333335,5.418123347254158,2.6006992066819956,Alta,0.9989750323033666,C,MEDICAMENTOS,RITONAVIR TABLETA 100MG,,,Media móvil
T002012,25,2.0833333333333335,7.216878364870322,3.4641016151377544,Alta,0.9989874471252735,C,MEDICAMENTOS,TAMOXIFENO TABLETA 20MG,,,XGBoost
C022011,25,2.0833333333333335,6.067174470921869,2.912243746042497,Alta,0.9989998619471804,C,MEDICAMENTOS,CLORAMBUCILO 2MG TABLETA,,,XGBoost
700944,24,2.0,4.748205402618399,2.3741027013091993,Alta,0.9990117801762111,C,MEDICAMENTOS,METILPREDNISOLONA SUCCINATO 40MG/ML SOL. INYECTABLE,SOLINSA,CRUZ VERDE,XGBoost
129788,24,2.0,6.928203230275509,3.4641016151377544,Alta,0.9990236984052416,C,MEDICAMENTOS,POSACONAZOL 100MG TABLETA,SOLINSA,CRUZ VERDE,XGBoost
704298,24,2.0,2.76339711883103,1.381698559415515,Alta,0.9990356166342722,C,DISPOSITIVOS MEDICO,CONDON  S/LUBRICAR X 3 ,,,Media móvil
702024,24,2.0,1.5374122295716148,0.7687061147858074,Media,0.9990475348633029,C,DISPOSITIVOS MEDICO,SONDA FOLEY 2 VIAS 14FRX5CM,,,XGBoost
L004201,24,2.0,1.3483997249264843,0.6741998624632421,Media,0.9990594530923335,C,MEDICAMENTOS,LEVOMEPROMAZINA 4MG/ML SOLUCION ORAL,,,XGBoost
T0000003,24,2.0,6.928203230275509,3.4641016151377544,Alta,0.9990713713213641,C,MEDICAMENTOS,TIZANIDINA TABLETA 2MG,,,Media móvil
700290,23,1.9166666666666667,2.539088359425425,1.3247417527437,Alta,0.9990827929575185,C,MEDICAMENTOS,"BETAMETILDIGOXINA 0,6MG/ML/45 GOTAS SOLUCIÓN ORAL ",SOLINSA,EVEDISA,XGBoost
BISAPRO,23,1.9166666666666667,4.252450274057691,2.2186697082040125,Alta,0.9990942145936728,C,MEDICAMENTOS,BISOPROLOL TABLETA 10MG,,,XGBoost
701996,23,1.9166666666666667,6.639528095680696,3.464101615137754,Alta,0.9991056362298272,C,MEDICAMENTOS,SUNITINIB 50 MG CAPSULA,,,XGBoost
701835,23,1.9166666666666667,5.712161401675191,2.980258122613143,Alta,0.9991170578659815,C,DISPOSITIVOS MEDICO,TEGADERM 6CMX7CM REF 1624W X100 ,,,XGBoost
P0000002,22,1.8333333333333333,1.5275252316519468,0.8331955809010619,Media,0.9991279829092595,C,MEDICAMENTOS,"PEGFILGRASTIM SOL. INYECTABLE 6MG/0,6ML",,,Regresión Lineal
200061,21,1.75,2.667140109487382,1.5240800625642184,Alta,0.9991384113596614,C,DISPOSITIVOS MEDICO,SENSOR NEONATAL ADHESIVO M-LNCS PARA EQUIPOS  MARCA MASIMO,,,Regresión Lineal
705353,21,1.75,2.3011854652449344,1.3149631229971053,Alta,0.9991488398100632,C,MEDICAMENTOS,FLUCONAZOL 50 MG/5ML SUSPENSION ,SOLINSA,CRUZ VERDE,XGBoost
700145,20,1.6666666666666667,5.773502691896258,3.464101615137755,Alta,0.9991587716675887,C,MEDICAMENTOS,DIOSMINA TABLETA 500MG,SOLINSA,EVEDISA,XGBoost
700757,20,1.6666666666666667,2.059714602177749,1.2358287613066494,Alta,0.9991687035251142,C,MEDICAMENTOS,SALBUTAMOL 5 MG SOL. PARA NEBULIZACIÓN X 10 ML,COBO MEDICAL,CRUZ VERDE,Regresión Lineal
702204,20,1.6666666666666667,1.2309149097933274,0.7385489458759964,Media,0.9991786353826397,C,DISPOSITIVOS MEDICO,INTRODUCTOR 7.0FR/SI-09700 ARROW,,,Media móvil
702088,20,1.6666666666666667,1.2309149097933272,0.7385489458759963,Media,0.9991885672401652,C,DISPOSITIVOS MEDICO,CANULA NASAL OXIGENO PEDIATRICA,,,Regresión Lineal
131589,20,1.6666666666666667,2.015094553763188,1.2090567322579129,Alta,0.9991984990976908,C,MEDICAMENTOS,"TIOTROPIO BROMURO SUSPENSIÓN PARA INHALACIÓN 2,5MCG/1PUFF/60PUFF",EVEDISA,CRUZ VERDE,XGBoost
719158,20,1.6666666666666667,3.420083288016492,2.052049972809895,Alta,0.9992084309552163,C,MEDICAMENTOS,RIVAROXABAN TABLETA 15MG,SOLINSA,EVEDISA,Regresión Lineal
702197,20,1.6666666666666667,1.3706888336846839,0.8224133002108103,Media,0.9992183628127418,C,DISPOSITIVOS MEDICO,CATETER V/CT 16GX20CM/CV-04301-01CV50016,,,Regresión Lineal
705846,19,1.5833333333333333,3.964807305493795,2.504088824522397,Alta,0.999227798077391,C,MEDICAMENTOS,MEDROXIPROGESTERONA TABLETA 5MG,,,Regresión Lineal
719743,19,1.5833333333333333,4.621261798043972,2.9186916619225087,Alta,0.9992372333420403,C,MEDICAMENTOS,"FONDAPARINA 7,5MG/0,6ML SOL. INYECTABLE ",COBO MEDICAL,CRUZ VERDE,XGBoost
730136,19,1.5833333333333333,4.621261798043972,2.9186916619225087,Alta,0.9992466686066895,C,MEDICAMENTOS,ISONIAZIDA TABLETA 100MG,SOLINSA,EVEDISA,Media móvil
136905,18,1.5,5.196152422706632,3.464101615137755,Alta,0.9992556072784625,C,MEDICAMENTOS,CICLOSERINA 250MG TABLETA ,,,XGBoost
D0000038,18,1.5,1.507556722888818,1.005037815259212,Alta,0.9992645459502354,C,MEDICAMENTOS,"LEVOSIMENDAN SOLUCIÓN INYECTABLE 12,5MG/1ML",,,Media móvil
718228,18,1.5,3.729489363048366,2.486326242032244,Alta,0.9992734846220084,C,MEDICAMENTOS,GABAPENTIN 400MG CAPSULA ,,,Media móvil
700308,18,1.5,5.196152422706632,3.464101615137755,Alta,0.9992824232937814,C,MEDICAMENTOS,PREPARADO MAGISTRAL DE NIFEDIPINO ENTERAL 30 MG/ 10 ML,SAN JORGE,,XGBoost
B00000010,18,1.5,1.6236882817719773,1.0824588545146516,Alta,0.9992913619655543,C,MEDICAMENTOS,BECLOMETASONA NASAL 50 MCG/PUFF,,,XGBoost
717248,18,1.5,3.729489363048366,2.486326242032244,Alta,0.9993003006373273,C,MEDICAMENTOS,N-ACETILCISTEINA GRANULOS PARA SUSPENCIÓN ORAL 600MG,SOLINSA,CRUZ VERDE,XGBoost
705570,18,1.5,4.8896923123128015,3.259794874875201,Alta,0.9993092393091003,C,MEDICAMENTOS,AMBRISENTAN 10 MG TABLETA,,,Media móvil
702035,17,1.4166666666666667,1.0836246694508316,0.7649115313770576,Media,0.9993176813879969,C,DISPOSITIVOS MEDICO,SONDA FOLEY 3 VÍAS 20FRX30CM       ,,,Regresión Lineal
701442,17,1.4166666666666667,1.5642792899510296,1.1041971458477855,Alta,0.9993261234668936,C,MEDICAMENTOS,DEXTROSA 50% EN AGUA DESTILADA 500 ML,FRESENIUS,BAXTER,XGBoost
702077,17,1.4166666666666667,1.729862492345632,1.2210794063616226,Alta,0.9993345655457904,C,DISPOSITIVOS MEDICO,BRAZALETE NEO/1,,,XGBoost
701833,17,1.4166666666666667,2.937479851639476,2.0735151893925714,Alta,0.999343007624687,C,MEDICAMENTOS,TEGADERM 10CMX12CM REF 1626W ,,,XGBoost
702031,17,1.4166666666666667,1.6764862244009227,1.1834020407535923,Alta,0.9993514497035837,C,DISPOSITIVOS MEDICO,SONDA FOLEY 2 VÍAS 22FRX30CM    ,,,XGBoost
730139,16,1.3333333333333333,3.773913650631694,2.830435237973771,Alta,0.9993593951896041,C,MEDICAMENTOS,PIRAZINAMIDA TABLETA 400MG,SOLINSA,EVEDISA,Media móvil
700401,16,1.3333333333333333,1.556997888323046,1.1677484162422846,Alta,0.9993673406756245,C,MEDICAMENTOS,SUCRALFATO SUSPENSIÓN ORAL 20%/200ML,SOLINSA,EVEDISA,XGBoost
118494,16,1.3333333333333333,1.3026778945578592,0.9770084209183945,Media,0.999375286161645,C,MEDICAMENTOS,DEXAMETASONA SOLUCIÓN OFTÁLMICA 5ML,,,XGBoost
A001221,16,1.3333333333333333,1.9694638556693238,1.477097891751993,Alta,0.9993832316476654,C,MEDICAMENTOS,"ACETAMINOFEN JARABE 2,5MG/1ML FRASCO x 60ML",,,XGBoost
H011201,16,1.3333333333333333,1.3706888336846839,1.028016625263513,Alta,0.9993911771336857,C,MEDICAMENTOS,FERROSO SULFATO SOLUCIÓN ORAL 25MG/1ML GOTAS,,,Media móvil
705294,16,1.3333333333333333,0.9847319278346618,0.7385489458759964,Media,0.9993991226197062,C,MEDICAMENTOS,ELECTRODO BIPOLAR  6FRX110X10 AI-06210,,,Media móvil
707126,16,1.3333333333333333,1.9694638556693238,1.477097891751993,Alta,0.9994070681057267,C,MEDICAMENTOS,ACETAMINOFEN JARABE 150 MG/5 ML FRASCO x 60 ML,SOLINSA,CRUZ VERDE,XGBoost
720209,16,1.3333333333333333,2.9644356609443876,2.223326745708291,Alta,0.999415013591747,C,MEDICAMENTOS,MINOCICLINA 100 MG TAB,,,Regresión Lineal
707300,15,1.25,1.4222261679238195,1.1377809343390557,Alta,0.9994224624848912,C,MEDICAMENTOS,SURFACTANTE PULMONAR PORCINO SUSPENSIÓN INYECTABLE 240MG/3ML,AMAREY,CRUZ VERDE,XGBoost
770143,15,1.25,2.527125567985025,2.02170045438802,Alta,0.9994299113780353,C,MEDICAMENTOS,"RASBURICASA SOLUCIÓN INYECTABLE 1,5MG/1ML (ONCOLOGICO)",SANOFI,CRUZ VERDE,XGBoost
E007231,15,1.25,2.261335084333227,1.8090680674665816,Alta,0.9994373602711795,C,MEDICAMENTOS,ERITROMICINA 250MG/5ML SUSPENSION ORAL,,,Regresión Lineal
702437,15,1.25,1.2154310870109941,0.9723448696087953,Media,0.9994448091643235,C,DISPOSITIVOS MEDICO,NIPLE CONECTOR MAG 02 HUDSON ,,,XGBoost
717262,15,1.25,1.864744681524183,1.4917957452193464,Alta,0.9994522580574677,C,CONTROLADOS,OXITOCINA 10UI SOL. INYECTABLE,FRESENIUS,CRUZ VERDE,XGBoost
702047,14,1.1666666666666667,0.9374368665610922,0.8035173141952218,Media,0.9994592103577356,C,DISPOSITIVOS MEDICO,SONDA NASOGASTRICA # 20,,,Regresión Lineal
702307,13,1.0833333333333333,2.151461800448216,1.9859647388752764,Alta,0.9994656660651272,C,DISPOSITIVOS MEDICO,BARRERA STOMAHESIVE 32MM NINOS ,,,XGBoost
719841,13,1.0833333333333333,1.3113721705515065,1.2104973882013907,Alta,0.9994721217725188,C,MEDICAMENTOS,LIDOCAINA/EPINEFRINA SOLUCIÓN INYECTABLE 2%/50ML,,,XGBoost
719878,13,1.0833333333333333,1.0836246694508318,1.0002689256469217,Alta,0.9994785774799103,C,DISPOSITIVOS MEDICO,UNNA BOTA,,,XGBoost
20039341,13,1.0833333333333333,2.391588796113782,2.207620427181953,Alta,0.999485033187302,C,MEDICAMENTOS,TICAGRELOR TABLETA 90MG,,,Regresión Lineal
702033,13,1.0833333333333333,1.5050420310248864,1.3892695670998954,Alta,0.9994914888946935,C,DISPOSITIVOS MEDICO,SONDA FOLEY 2 VÍAS 20FRX30CM   ,,,XGBoost
717838,13,1.0833333333333333,2.391588796113782,2.207620427181953,Alta,0.9994979446020851,C,DISPOSITIVOS MEDICO,MECHAS NASALES REF 2248 ,,,Media móvil
716958,13,1.0833333333333333,1.3113721705515067,1.210497388201391,Alta,0.9995044003094766,C,DISPOSITIVOS MEDICO,CATETER  UMBILICAL 2.5 FR,,,XGBoost
702208,13,1.0833333333333333,1.6213537179739277,1.4966342012067027,Alta,0.9995108560168683,C,DISPOSITIVOS MEDICO,JELCO 16G X 2-1/4 LARGO,,,XGBoost
714463,12,1.0,1.7056057308448835,1.7056057308448835,Alta,0.9995168151313836,C,MEDICAMENTOS,RIVAROXABAN TABLETA 20MG,,,Regresión Lineal
718005,12,1.0,2.088931871468374,2.088931871468374,Alta,0.9995227742458989,C,MEDICAMENTOS,ABACAVIR/LAMIVUDINA TABLETA 600MG/300MG,JC,SOLINSA,XGBoost
710039,12,1.0,1.4770978917519928,1.4770978917519928,Alta,0.9995287333604141,C,DISPOSITIVOS MEDICO,SEDA  0 CS424 (GS-21)SOFSILK  TYCO,,,Regresión Lineal
702037,12,1.0,0.9534625892455924,0.9534625892455924,Media,0.9995346924749295,C,DISPOSITIVOS MEDICO,SONDA FOLEY 3 VÍAS 22FRX30CM     ,,,Regresión Lineal
720208,12,1.0,1.651445647689541,1.651445647689541,Alta,0.9995406515894448,C,DISPOSITIVOS MEDICO,APOSITO ESTERIL DE ALGINATO DE CALCIO CON PLATA ALGISITE,,,XGBoost
709757,11,0.9166666666666666,0.90033663737852,0.9821854225947492,Media,0.9995461141110838,C,CONTROLADOS,DIAZEPAM SOLUCIÓN INYECTABLE 10MG/2ML ,JC,DAGO,Media móvil
705958,11,0.9166666666666666,2.6097137890209456,2.846960497113759,Alta,0.9995515766327229,C,MEDICAMENTOS,MEMANTINA TABLETA 10MG,SOLINSA,EVEDISA,XGBoost
704346,11,0.9166666666666666,1.6213537179739277,1.7687495105170121,Alta,0.9995570391543619,C,MEDICAMENTOS,ACICLOVIR UNGÜENTO TOPICO 5% x 15 GRAMOS,,,XGBoost
700422,11,0.9166666666666666,0.6685579234215214,0.7293359164598416,Media,0.9995625016760009,C,CONTROLADOS,FENOBARBITAL SOLUCIÓN ORAL 4MG/1ML ,SECRETARIA DE SALUD,WORLD MEDICAL,XGBoost
701954,11,0.9166666666666666,0.9962049198956219,1.0867690035224966,Alta,0.99956796419764,C,DISPOSITIVOS MEDICO,BARRERA STOMAHESIVE 45 50MM,,,XGBoost
162378,11,0.9166666666666666,2.2343733444579583,2.4374981939541365,Alta,0.9995734267192791,C,MEDICAMENTOS,ACETAMINOFEN/HIDROCODONA TABLETA 325MG/5MG,SOLINSA,EVEDISA,Media móvil
T0000006,11,0.9166666666666666,3.1754264805429417,3.464101615137755,Alta,0.9995788892409181,C,MEDICAMENTOS,TRIMEBUTINA SOL. INYECTABLE 50MG/5ML,,,Media móvil
M0000015,11,0.9166666666666666,2.6097137890209456,2.846960497113759,Alta,0.9995843517625571,C,MEDICAMENTOS,MEMANTINA TBL. 10 MG,,,XGBoost
C008232,11,0.9166666666666666,1.164500152881315,1.270363803143253,Alta,0.9995898142841961,C,MEDICAMENTOS,CEFALEXINA 250MG/5ML POLVO PARA SOLUCION ORAL,,,XGBoost
702040,11,0.9166666666666666,1.2401124093721456,1.3528499011332498,Alta,0.9995952768058352,C,DISPOSITIVOS MEDICO,SONDA NASOGASTRICA # 6 ,,,XGBoost
I009711,11,0.9166666666666666,1.2401124093721456,1.3528499011332498,Alta,0.9996007393274742,C,MEDICAMENTOS,INSULINA ZINC NPH SOL. INYECTABLE 100UI/ML x 10ML (1000UI),,,Media móvil
705431,11,0.9166666666666666,0.90033663737852,0.9821854225947492,Media,0.9996062018491132,C,DISPOSITIVOS MEDICO,CATETER SWAN GANZ 5L 831HF75P,,,XGBoost
Z002721,10,0.8333333333333334,0.8348471099367218,1.0018165319240662,Alta,0.999611167777876,C,MEDICAMENTOS,ZOLEDRONICO ÁCIDO POLVO LIOFILIZADO 4MG/5ML ,,,XGBoost
700320,10,0.8333333333333334,1.3371158468430429,1.6045390162116513,Alta,0.9996161337066387,C,MEDICAMENTOS,LEVETIRACETAM 100 MG/ML SOLUCION ORAL x 300 ML,COBO MEDICAL,CRUZ VERDE,Regresión Lineal
711321,10,0.8333333333333334,0.8348471099367218,1.0018165319240662,Alta,0.9996210996354015,C,DISPOSITIVOS MEDICO,ADAPTADOR P/CO-SET REF-93505,,,XGBoost
700779,10,0.8333333333333334,2.886751345948128,3.4641016151377535,Alta,0.9996260655641642,C,CONTROLADOS,FENOBARBITAL TABLETA 100MG ,,,Media móvil
730033,10,0.8333333333333334,0.5773502691896257,0.6928203230275508,Media,0.999631031492927,C,MEDICAMENTOS,"CARBONATO DE CALCIO/VITAMINA D3/ZINC SUSPENSIÓN ORAL 300MG/100UI/7,5MG/5ML (108",SOLINSA,EVEDISA,XGBoost
720211,10,0.8333333333333334,2.8867513459481287,3.4641016151377544,Alta,0.9996359974216897,C,MEDICAMENTOS,ESOMEPRAZOL 10 MG GRANULOS SOBRE (NEDOX),,,XGBoost
702326,10,0.8333333333333334,1.0298573010888745,1.2358287613066494,Alta,0.9996409633504525,C,DISPOSITIVOS MEDICO,BOLSA OSTOMIA  OP45MM ,,,XGBoost
702706,10,0.8333333333333334,1.1146408580454255,1.3375690296545104,Alta,0.9996459292792153,C,DISPOSITIVOS MEDICO,TUBO ENDOTRAQUEAL 2.5 S/BL ,,,XGBoost
702445,10,0.8333333333333334,2.1248885888797826,2.549866306655739,Alta,0.999650895207978,C,CONTROLADOS,BUPRENORFINA PARCHE TRANSDERMICO 20MG ,SOLINSA,EVEDISA,Media móvil
701841,10,0.8333333333333334,1.4668044012461756,1.7601652814954107,Alta,0.9996558611367409,C,DISPOSITIVOS MEDICO,ALGODON LAMINADO 4X5,,,XGBoost
701965,10,0.8333333333333334,0.8348471099367218,1.0018165319240662,Alta,0.9996608270655036,C,DISPOSITIVOS MEDICO,CATETER TROCAR RECTO 32FR,,,XGBoost
E0000003,10,0.8333333333333334,1.8504708655481241,2.2205650386577487,Alta,0.9996657929942664,C,MEDICAMENTOS,SODIO FOSFATO MONOBASICO SOLUCIÓN ORAL 133ML,,,XGBoost
0006422,10,0.8333333333333334,1.0298573010888745,1.2358287613066494,Alta,0.9996707589230291,C,MEDICAMENTOS,"OXIMETAZOLINA SOLUCIÓN NASAL 0,05% ",,,XGBoost
702039,9,0.75,1.4847711791873706,1.9796949055831607,Alta,0.9996752282589155,C,DISPOSITIVOS MEDICO,SONDA FOLEY 3 VÍAS 24FRX30CM    ,,,XGBoost
N001701,9,0.75,1.2154310870109943,1.6205747826813257,Alta,0.999679697594802,C,MEDICAMENTOS,"NALOXONA 0,4MG/1ML SOL. INYECTABLE",,,Regresión Lineal
730126,9,0.75,0.9653072991634227,1.2870763988845637,Alta,0.9996841669306885,C,DISPOSITIVOS MEDICO,CATETER PICC MONOLUMEN INSERCION PERIFERICA 4FR X 50CM REF 01PR05041 ,,,Media móvil
702321,9,0.75,1.7645499039801518,2.352733205306869,Alta,0.999688636266575,C,DISPOSITIVOS MEDICO,BOLSA OSTOMIA 32MM NINOS ,,,XGBoost
730200,9,0.75,0.9653072991634227,1.2870763988845637,Alta,0.9996931056024615,C,DISPOSITIVOS MEDICO,FIXO ROLL 10 X 10 CINTA ADHESIVA HIPOALERGENICA ,,,Regresión Lineal
700572,9,0.75,1.7645499039801522,2.3527332053068695,Alta,0.999697574938348,C,CONTROLADOS,"METILERGOMETRINA SOL. INYECTABLE 0,2MG ",COBO MEDICAL,SOLINSA,XGBoost
N011701,9,0.75,0.8660254037844386,1.1547005383792515,Alta,0.9997020442742345,C,MEDICAMENTOS,NITROGLICERINA SOLUCIÓN INYECTABLE 50MG/10ML,,,XGBoost
717455,9,0.75,1.864744681524183,2.486326242032244,Alta,0.999706513610121,C,MEDICAMENTOS,IVABRADINE TABLETA 5MG,SOLINSA,EVEDISA,Media móvil
700949,9,0.75,1.764549903980152,2.3527332053068695,Alta,0.9997109829460075,C,MEDICAMENTOS,METILPREDNISOLONA ACETATO 40MG/ML SUSPENSION INYECTABLE,COBO MEDICAL,SOLINSA,Regresión Lineal
704292,9,0.75,1.0552897060221726,1.407052941362897,Alta,0.999715452281894,C,MEDICAMENTOS,FOSFOMICINA GRANULOS PARA SUSPENCIÓN ORAL 3G,,,XGBoost
P036701,8,0.6666666666666666,0.6513389472789296,0.9770084209183945,Media,0.9997194250249042,C,MEDICAMENTOS,PROTAMINA SOLUCIÓN INYECTABLE 5000UI,,,Media móvil
700644,8,0.6666666666666666,1.3706888336846839,2.056033250527026,Alta,0.9997233977679143,C,MEDICAMENTOS,ADENOSINA 6MG/2ML SOL. INYECTABLE ,,,XGBoost
A008231,8,0.6666666666666666,2.3094010767585034,3.4641016151377553,Alta,0.9997273705109245,C,MEDICAMENTOS,ALBENDAZOL 100MG/20ML SOLUCION ORAL x 20 ML,,,Media móvil
714819,8,0.6666666666666666,1.7752507291971888,2.6628760937957834,Alta,0.9997313432539348,C,MEDICAMENTOS,MOSAPRIDA TABLETA 5MG,,,Media móvil
700630,8,0.6666666666666666,1.435481125130547,2.1532216876958206,Alta,0.999735315996945,C,MEDICAMENTOS,ALPROSTADIL SOLUCIÓN INYECTABLE 500MCG/1ML,,,Regresión Lineal
700651,8,0.6666666666666666,2.3094010767585034,3.4641016151377553,Alta,0.9997392887399552,C,MEDICAMENTOS,KETOPROFENO SOLUCIÓN INYECTABLE 100MG/2ML,,,Media móvil
706053,8,0.6666666666666666,0.9847319278346618,1.4770978917519928,Alta,0.9997432614829653,C,MEDICAMENTOS,ALTEPLASA 50 MG POLVO LIOFILIZADO 50MG,EVEDISA,CRUZ VERDE,XGBoost
702148,8,0.6666666666666666,1.3706888336846839,2.056033250527026,Alta,0.9997472342259756,C,DISPOSITIVOS MEDICO,AGUJA 21GA X1 ,,,Regresión Lineal
705579,8,0.6666666666666666,1.7752507291971888,2.6628760937957834,Alta,0.9997512069689858,C,MEDICAMENTOS,COLAGENASA UNGUENTO 40 G ,,,Media móvil
705740,8,0.6666666666666666,2.3094010767585034,3.4641016151377553,Alta,0.999755179711996,C,MEDICAMENTOS,MOXIFLOXACINO SOLUCION INFUSION FCO. 400 MG/250 ML  (AVELOX ),COBO MEDICAL,CRUZ VERDE,Media móvil
702043,8,0.6666666666666666,0.778498944161523,1.1677484162422846,Alta,0.9997591524550062,C,DISPOSITIVOS MEDICO,SONDA NASOGASTRICA # 12,,,Regresión Lineal
I0000012,8,0.6666666666666666,1.7752507291971888,2.6628760937957834,Alta,0.9997631251980164,C,MEDICAMENTOS,CLOSTRIDIOPEPTIDASA UNGÜENTO TÓPICO 120UI/40G,,,Media móvil
G002011,8,0.6666666666666666,1.556997888323046,2.3354968324845693,Alta,0.9997670979410266,C,MEDICAMENTOS,GEMFIBROZIL 600MG TABLETA ,,,XGBoost
702041,8,0.6666666666666666,0.778498944161523,1.1677484162422846,Alta,0.9997710706840368,C,DISPOSITIVOS MEDICO,SONDA NASOGASTRICA # 8,,,Media móvil
708771,7,0.5833333333333334,2.0207259421636903,3.4641016151377544,Alta,0.9997745468341708,C,MEDICAMENTOS,HARTMAN SOLUCION INYECTABLE 3000 ML,FRESENIUS,BAXTER,XGBoost
717160,7,0.5833333333333334,2.0207259421636903,3.4641016151377544,Alta,0.9997780229843047,C,MEDICAMENTOS,PROGESTERONA CÁPSULA 200MG,,,XGBoost
730122,7,0.5833333333333334,2.0207259421636903,3.4641016151377544,Alta,0.9997814991344386,C,DISPOSITIVOS MEDICO,CATETER PICC ALTA PRESION 4.5FR X 50CM REF 01PR45041-HP,,,XGBoost
730125,7,0.5833333333333334,0.9962049198956219,1.7077798626782088,Alta,0.9997849752845726,C,DISPOSITIVOS MEDICO,CATETER PICC BILUMEN INSERCION PERIFERICA 4FR X 50CM REF PR05042,,,XGBoost
704308,7,0.5833333333333334,1.0836246694508316,1.8576422904871397,Alta,0.9997884514347065,C,DISPOSITIVOS MEDICO,ALGODON LAMINADO 3X5 ,,,Regresión Lineal
700997,7,0.5833333333333334,1.4433756729740643,2.4743582965269675,Alta,0.9997919275848404,C,MEDICAMENTOS,SODIO BICARBONATO POLVO SOL. ORAL x 2.8 GRAMOS,,,Regresión Lineal
706196,7,0.5833333333333334,0.90033663737852,1.5434342355060342,Alta,0.9997954037349743,C,MEDICAMENTOS,"BUDESONIDA/FORMOTEROL POLVO PARA INHALACIÓN 160MCG/4,5MCG/1PUFF x 120PUFF",,,Regresión Lineal
719945,7,0.5833333333333334,2.0207259421636903,3.4641016151377544,Alta,0.9997988798851083,C,MEDICAMENTOS,TELMISARTAN/AMLODIPINO TABLETA 80MG/10MG,,,XGBoost
701979,7,0.5833333333333334,1.0836246694508316,1.8576422904871397,Alta,0.9998023560352423,C,DISPOSITIVOS MEDICO,VENDA YESO 6X5 ,,,XGBoost
P001701,7,0.5833333333333334,0.9003366373785199,1.543434235506034,Alta,0.9998058321853761,C,MEDICAMENTOS,PANCURONIO SOL. INYECTABLE 4MG/2ML,,,XGBoost
P012141,7,0.5833333333333334,2.0207259421636903,3.4641016151377544,Alta,0.9998093083355101,C,MEDICAMENTOS,PIRANTEL PAMOATO TABLETA 250MG,,,XGBoost
702298,6,0.5,0.9045340337332909,1.8090680674665818,Alta,0.9998122878927678,C,DISPOSITIVOS MEDICO,BARRERA STOMAHESIVE 38 MM ,,,Regresión Lineal
M026541,6,0.5,1.243163121016122,2.486326242032244,Alta,0.9998152674500254,C,MEDICAMENTOS,MESALAZINA ENEMA RECTAL 4G/60ML,,,XGBoost
710176,6,0.5,1.7320508075688772,3.4641016151377544,Alta,0.9998182470072831,C,MEDICAMENTOS,PROPOFOL SOLUCIÓN INYECTABLE 10MG/1ML (500MG/50ML),,,Media móvil
119580,6,0.5,1.7320508075688772,3.4641016151377544,Alta,0.9998212265645406,C,MEDICAMENTOS,N-ACETILCISTEINA GRANULOS PARA SUSPENCIÓN ORAL 200MG,,,Media móvil
701964,6,0.5,0.7977240352174656,1.5954480704349312,Alta,0.9998242061217983,C,DISPOSITIVOS MEDICO,CATETER TROCAR RECTO 28FR ,,,XGBoost
T0000007,6,0.5,1.7320508075688772,3.4641016151377544,Alta,0.999827185679056,C,MEDICAMENTOS,TRIMEBUTINA MALEATO TABLETA 200MG,,,Media móvil
703686,6,0.5,1.7320508075688772,3.4641016151377544,Alta,0.9998301652363136,C,MEDICAMENTOS,CARBONATO DE LITIO 300MG TABLETA ,,,XGBoost
700791,6,0.5,1.1677484162422844,2.335496832484569,Alta,0.9998331447935713,C,MEDICAMENTOS,DEGARELIX 80 MG POLVO PARA RECONSTITUCION,JC,SOLINSA,XGBoost
702694,6,0.5,0.5222329678670935,1.044465935734187,Alta,0.9998361243508289,C,DISPOSITIVOS MEDICO,TUBO ENDOTRAQUEAL 8.5 C/BL,,,Media móvil
701842,6,0.5,0.7977240352174657,1.5954480704349314,Alta,0.9998391039080866,C,DISPOSITIVOS MEDICO,ALGODON LAMINADO 5X5,,,Regresión Lineal
718800,6,0.5,1.7320508075688774,3.464101615137755,Alta,0.9998420834653443,C,MEDICAMENTOS,MIRTAZAPINA TABLETA 30MG,,,XGBoost
702025,6,0.5,0.7977240352174657,1.5954480704349314,Alta,0.9998450630226019,C,DISPOSITIVOS MEDICO,SONDA FOLEY 2 VÍAS 12FRX5CM,,,Regresión Lineal
719533,6,0.5,1.4459976109624422,2.8919952219248843,Alta,0.9998480425798596,C,MEDICAMENTOS,CAOLIN/PECTINA SUSPENSIÓN ORAL 20G/1G/120ML,,,Regresión Lineal
700245,5,0.4166666666666667,0.90033663737852,2.1608079297084477,Alta,0.9998505255442409,C,MEDICAMENTOS,SULFADIAZINA DE PLATA CREMA TOPICA 1% ,JC,DAGO,Regresión Lineal
730096,5,0.4166666666666667,0.90033663737852,2.1608079297084477,Alta,0.9998530085086224,C,MEDICAMENTOS,HIALURONATO DE SODIO GOTAS OFTALMICAS,,,Regresión Lineal
700762,5,0.4166666666666667,0.6685579234215215,1.6045390162116515,Alta,0.9998554914730037,C,MEDICAMENTOS,LIDOCAINA CLORHIDRATO SOLUCIÓN TÓPICA 10%/80G,JC,DAGO,Regresión Lineal
MAT527,5,0.4166666666666667,0.5149286505444373,1.2358287613066494,Alta,0.9998579744373851,C,DISPOSITIVOS MEDICO,INTRODUCTOR 8.5FR/S109880,,,XGBoost
702231,5,0.4166666666666667,1.164500152881315,2.794800366915156,Alta,0.9998604574017664,C,DISPOSITIVOS MEDICO,SPINOCAN 25X3.1/2,,,Media móvil
702235,5,0.4166666666666667,0.6685579234215215,1.6045390162116515,Alta,0.9998629403661479,C,DISPOSITIVOS MEDICO,AGUJA SURECAN GRIPPER PLUS SEGURIDAD 20 GA  X19 MM REF-0821276724,,,XGBoost
700302,5,0.4166666666666667,0.996204919895622,2.3908918077494925,Alta,0.9998654233305292,C,NUTRICION,GLUTAPAK 10 ENTEREX ALIMENTO 15g,AMAREY,CRUZ VERDE,XGBoost
702698,5,0.4166666666666667,0.7929614610987591,1.9031075066370218,Alta,0.9998679062949106,C,DISPOSITIVOS MEDICO,TUBO ENDOTRAQUEAL 6.5 C/BL,,,Regresión Lineal
730124,5,0.4166666666666667,1.164500152881315,2.794800366915156,Alta,0.999870389259292,C,DISPOSITIVOS MEDICO,CATETER PICC ALTA PRESION 5.5FR X 50 CM REF PR45052-HP,,,XGBoost
702207,5,0.4166666666666667,0.90033663737852,2.1608079297084477,Alta,0.9998728722236734,C,DISPOSITIVOS MEDICO,JELCO 14G X 2-1/4 ,,,Media móvil
704381,5,0.4166666666666667,0.90033663737852,2.1608079297084477,Alta,0.9998753551880547,C,DISPOSITIVOS MEDICO,BOLSA OSTOMIA OP/38MM ,,,Regresión Lineal
719618,5,0.4166666666666667,1.164500152881315,2.794800366915156,Alta,0.9998778381524361,C,DISPOSITIVOS MEDICO,BOLSA RECOLECTORA 200CC -SUPLESALUD,,,Media móvil
F013201,5,0.4166666666666667,0.5149286505444373,1.2358287613066494,Alta,0.9998803211168175,C,MEDICAMENTOS,FLUOXETINA 20MG/5ML JARABE,,,Media móvil
701966,5,0.4166666666666667,0.6685579234215215,1.6045390162116515,Alta,0.9998828040811989,C,DISPOSITIVOS MEDICO,CATETER TROCAR RECTO 36FR,,,XGBoost
105719,5,0.4166666666666667,0.6685579234215215,1.6045390162116515,Alta,0.9998852870455803,C,MEDICAMENTOS,CLARITROMICINA 250MG/5ML GRANULOS PARA RECONSTITUIR A SUSPENSION ORAL,,,Regresión Lineal
E010721,5,0.4166666666666667,0.9962049198956219,2.3908918077494925,Alta,0.9998877700099617,C,MEDICAMENTOS,ESTREPTOQUINASA 750.000UI POLVO LIOFILIZADO,,,Regresión Lineal
F0000005,5,0.4166666666666667,0.5149286505444373,1.2358287613066494,Alta,0.9998902529743431,C,MEDICAMENTOS,"FLUMAZENIL 0,5MG/5ML  SOL. INYECTABLE",,,Media móvil
702153,4,0.3333333333333333,0.7784989441615229,2.335496832484569,Alta,0.9998922393458481,C,DISPOSITIVOS MEDICO,AGUJA 25GA X1,,,Regresión Lineal
705888,4,0.3333333333333333,0.6513389472789296,1.954016841836789,Alta,0.9998942257173532,C,DISPOSITIVOS MEDICO,IOBAN REF/6650    ,,,Regresión Lineal
S013701,4,0.3333333333333333,0.8876253645985945,2.662876093795784,Alta,0.9998962120888584,C,MEDICAMENTOS,SUCCINILCOLINA SOLUCIÓN INYECTABLE 10%/10ML,,,Media móvil
719612,4,0.3333333333333333,0.6513389472789296,1.954016841836789,Alta,0.9998981984603634,C,DISPOSITIVOS MEDICO,CATETER 2L 4FRX5CM 22G PEDIAT. REF- CS12402,,,XGBoost
125690,4,0.3333333333333333,1.1547005383792515,3.4641016151377544,Alta,0.9999001848318686,C,MEDICAMENTOS,FINASTERIDE 5MG TABLETA ,,,XGBoost
714048,4,0.3333333333333333,0.6513389472789296,1.954016841836789,Alta,0.9999021712033737,C,MEDICAMENTOS,LAGRIMAS ARTIFICIALES SOLUCIÓN OFTÁLMICA 5MG/1ML (75MG/15ML),,,Media móvil
703755,4,0.3333333333333333,0.6513389472789296,1.954016841836789,Alta,0.9999041575748787,C,CONTROLADOS,MORFINA SOLUCION ORAL 30MG/ML x 30ML,SECRETARIA DE SALUD,WORLD MEDICAL,Regresión Lineal
A022701,4,0.3333333333333333,1.1547005383792517,3.4641016151377553,Alta,0.9999061439463839,C,MEDICAMENTOS,AMINOFILINA 240MG/10ML SOL. INYECTABLE ,,,Media móvil
A001201,4,0.3333333333333333,0.4923659639173309,1.4770978917519928,Alta,0.9999081303178889,C,MEDICAMENTOS,ACETAMINOFEN SOL. ORAL 100MG/28 GOTAS ,,,Regresión Lineal
702256,4,0.3333333333333333,1.1547005383792517,3.4641016151377553,Alta,0.9999101166893941,C,MEDICAMENTOS,HEMINA 350 MG PANHEMATIN,,,Media móvil
730167,4,0.3333333333333333,1.1547005383792515,3.4641016151377544,Alta,0.9999121030608992,C,DISPOSITIVOS MEDICO,CANISTER 250 ML,,,Regresión Lineal
702642,4,0.3333333333333333,0.778498944161523,2.3354968324845693,Alta,0.9999140894324042,C,DISPOSITIVOS MEDICO,CANULA YANKAWER DESECHABLE ,,,XGBoost
707610,4,0.3333333333333333,1.1547005383792515,3.4641016151377544,Alta,0.9999160758039094,C,MEDICAMENTOS,COLECALCIFEROL 25.000 UI,,,Media móvil
730113,4,0.3333333333333333,1.1547005383792515,3.4641016151377544,Alta,0.9999180621754145,C,DISPOSITIVOS MEDICO,APOSITO URGOSORB SILVER ALGINATO Y PLATA10X20CM-REF 503136-SUPLESA,,,XGBoost
716732,4,0.3333333333333333,1.1547005383792515,3.4641016151377544,Alta,0.9999200485469196,C,MEDICAMENTOS,IBUPROFENO 10MG/2ML SOL. INYECTABLE,,,XGBoost
730141,4,0.3333333333333333,0.8876253645985945,2.662876093795784,Alta,0.9999220349184247,C,MEDICAMENTOS,PRIMAQUINA TABLETA 15MG,SOLINSA,EVEDISA,XGBoost
702029,4,0.3333333333333333,0.6513389472789296,1.954016841836789,Alta,0.9999240212899297,C,DISPOSITIVOS MEDICO,SONDA FOLEY 2 VÍAS 24FRX5CM-30CM    ,,,Media móvil
S0000002,4,0.3333333333333333,1.1547005383792517,3.4641016151377553,Alta,0.9999260076614349,C,MEDICAMENTOS,SECNIDAZOL TABLETA 500MG,,,Media móvil
701866,4,0.3333333333333333,0.8876253645985944,2.6628760937957834,Alta,0.99992799403294,C,DISPOSITIVOS MEDICO,VENDA ELASTICA 3X5 ,,,Media móvil
707137,4,0.3333333333333333,0.49236596391733095,1.477097891751993,Alta,0.9999299804044451,C,MEDICAMENTOS,LORATADINA JARABE 1MG/1ML (100MG/100ML),SOLINSA,EVEDISA,XGBoost
720104,4,0.3333333333333333,0.6513389472789296,1.954016841836789,Alta,0.9999319667759502,C,DISPOSITIVOS MEDICO,PARCHES DE ELECTRODO PARA DESFIBRILADOR,,,Regresión Lineal
704336,4,0.3333333333333333,0.6513389472789296,1.954016841836789,Alta,0.9999339531474553,C,MEDICAMENTOS,CIPROFLOXACINO SOLUCIÓN OFTÁLMICA 0.3% x 10 ML ,,,Regresión Lineal
717280,4,0.3333333333333333,1.1547005383792515,3.4641016151377544,Alta,0.9999359395189604,C,MEDICAMENTOS,SACUBITRIL/ VALSARTAN 100 MG TABLETA,EVEDISA,CRUZ VERDE,XGBoost
703708,3,0.25,0.621581560508061,2.486326242032244,Alta,0.9999374292975892,C,CONTROLADOS,REMIFENTANIL POLVO LIOFILIZADO 2MG ,COBO MEDICAL,SOLINSA,XGBoost
702619,3,0.25,0.4522670168666455,1.809068067466582,Alta,0.999938919076218,C,DISPOSITIVOS MEDICO,CANULA GUEDEL 2 (ISO 8.0),,,Regresión Lineal
708836,3,0.25,0.8660254037844386,3.4641016151377544,Alta,0.9999404088548469,C,MEDICAMENTOS,TOPIRAMATO TABLETA 100MG,,,Media móvil
730053,3,0.25,0.45226701686664544,1.8090680674665818,Alta,0.9999418986334757,C,DISPOSITIVOS MEDICO,SISTEMA DRENAJE TORAXICO PEDIATRICO THORAMETRIX X1500-LM INSTRUMENT,,,Media móvil
Z001201,3,0.25,0.4522670168666455,1.809068067466582,Alta,0.9999433884121045,C,MEDICAMENTOS,ZIDOVUDINA SOLUCIÓN ORAL 10MG/1ML X 240ML,,,Regresión Lineal
C041602,3,0.25,0.621581560508061,2.486326242032244,Alta,0.9999448781907334,C,MEDICAMENTOS,SODIO CROMOGLICATO SOLUCIÓN OFTÁLMICA 40MG/1ML (400MG/10ML),,,Regresión Lineal
700917,3,0.25,0.621581560508061,2.486326242032244,Alta,0.9999463679693622,C,MEDICAMENTOS,CLEMASTINA SOLUCIÓN INYECTABLE 2MG,JC,SOLINSA,Regresión Lineal
701977,3,0.25,0.621581560508061,2.486326242032244,Alta,0.999947857747991,C,DISPOSITIVOS MEDICO,VENDA YESO 4X5  ,,,XGBoost
T019701,3,0.25,0.4522670168666455,1.809068067466582,Alta,0.9999493475266199,C,MEDICAMENTOS,"TOXOIDE TETANICO SOL. INYECTABLE 40UI/0,5ML",,,Regresión Lineal
703609,3,0.25,0.4522670168666455,1.809068067466582,Alta,0.9999508373052487,C,DISPOSITIVOS MEDICO,BRAZALETE NEO/5,,,Regresión Lineal
6421,3,0.25,0.621581560508061,2.486326242032244,Alta,0.9999523270838775,C,MEDICAMENTOS,"OXIMETAZOLINA SOLUCIÓN NASAL 0, 025% ",,,Regresión Lineal
717140,3,0.25,0.8660254037844386,3.4641016151377544,Alta,0.9999538168625064,C,NUTRICION,NUTRICION ENTERAL CETOGENICA 300 G LATA,,,Media móvil
713863,3,0.25,0.45226701686664544,1.8090680674665818,Alta,0.9999553066411352,C,MEDICAMENTOS,INMUNOGLOBULINA HUMANA ANTIHEPATITIS B SOLUCIÓN INYECTABLE 50UI/1ML (100UI/2ML),AMAREY,CRUZ VERDE,Media móvil
708919,3,0.25,0.8660254037844386,3.4641016151377544,Alta,0.999956796419764,C,MEDICAMENTOS,ZIDOVUDINA SOLUCIÓN INYECTABLE 10MG/1ML,COBO MEDICAL,CRUZ VERDE,XGBoost
200072,2,0.16666666666666666,0.5773502691896257,3.4641016151377544,Alta,0.9999577896055165,C,DISPOSITIVOS MEDICO,SENSOR SPO2 NEONATAL EM0602,,,XGBoost
V0000002,2,0.16666666666666666,0.5773502691896258,3.4641016151377553,Alta,0.9999587827912692,C,MEDICAMENTOS,VALGANCICLOVIR TBL. 450 MG,,,Media móvil
120804,2,0.16666666666666666,0.5773502691896257,3.4641016151377544,Alta,0.9999597759770217,C,MEDICAMENTOS,CARBOXIMETILCELULOSA 0.5 % SOL. OFTALMICA ,,,XGBoost
700203,2,0.16666666666666666,0.3892494720807615,2.3354968324845693,Alta,0.9999607691627742,C,MEDICAMENTOS,MUPIROCINA UNGÜENTO TÓPICO 2%/15G,,,Regresión Lineal
703366,2,0.16666666666666666,0.3892494720807615,2.3354968324845693,Alta,0.9999617623485267,C,DISPOSITIVOS MEDICO,URGOTUL AG 10X12CM,,,Regresión Lineal
P012231,2,0.16666666666666666,0.3892494720807615,2.3354968324845693,Alta,0.9999627555342793,C,MEDICAMENTOS,PIRANTEL PAMOATO SUSPENSIÓN ORAL 250MG/5ML (750MG/15ML),,,XGBoost
770054,2,0.16666666666666666,0.5773502691896257,3.4641016151377544,Alta,0.9999637487200319,C,MEDICAMENTOS,"ERITROPOYETINA 30.000UI/0,6ML SOL. INYECTABLE ",SOLINSA,CRUZ VERDE,XGBoost
T005461,2,0.16666666666666666,0.38924947208076144,2.335496832484569,Alta,0.9999647419057844,C,MEDICAMENTOS,TERBUTALINA SUSPENSIÓN PARA INHALACIÓN 10MG//1ML/10ML,,,Regresión Lineal
720281,2,0.16666666666666666,0.5773502691896257,3.4641016151377544,Alta,0.999965735091537,C,CONTROLADOS,FENTANILO 25 MCG/HORA PARCHE,,,XGBoost
702707,2,0.16666666666666666,0.38924947208076155,2.3354968324845693,Alta,0.9999667282772895,C,DISPOSITIVOS MEDICO,TUBO ENDOTRAQUEAL 2.0 S/BL,,,Media móvil
702636,2,0.16666666666666666,0.3892494720807615,2.3354968324845693,Alta,0.999967721463042,C,DISPOSITIVOS MEDICO,MASCARA NO REINHALACION C/RESERVORIO  PEDIATRICA,,,Regresión Lineal
P005721,2,0.16666666666666666,0.3892494720807615,2.3354968324845693,Alta,0.9999687146487947,C,MEDICAMENTOS,PENICILINA G BENZATINICA POLVO LIOFILIZADO 1200000UI,,,Regresión Lineal
D0000002,2,0.16666666666666666,0.5773502691896258,3.4641016151377553,Alta,0.9999697078345472,C,MEDICAMENTOS,DEFLAZACORT 6 MG TABLETA,,,Media móvil
706577,2,0.16666666666666666,0.5773502691896257,3.4641016151377544,Alta,0.9999707010202997,C,DISPOSITIVOS MEDICO,APLICADOR NITRATO DE PLATA,,,XGBoost
L00006,2,0.16666666666666666,0.3892494720807615,2.3354968324845693,Alta,0.9999716942060523,C,MEDICAMENTOS,NEVIRAPINA SUSPENSIÓN ORAL 10MG/1ML (2400MG/240ML),,,Regresión Lineal
717442,2,0.16666666666666666,0.38924947208076144,2.335496832484569,Alta,0.9999726873918048,C,MEDICAMENTOS,BUDESONIDA/FORMOTEROL SUSPENSIÓN PARA INHALACIÓN 320MCG/9MCG/1PUFF/60PUFF,,,Media móvil
700310,2,0.16666666666666666,0.3892494720807615,2.3354968324845693,Alta,0.9999736805775574,C,MEDICAMENTOS,TROPICAMIDA 1% 15ML SOLUCION OFTALMICA,SOLINSA,EVEDISA,Regresión Lineal
702028,2,0.16666666666666666,0.3892494720807615,2.3354968324845693,Alta,0.99997467376331,C,DISPOSITIVOS MEDICO,SONDA FOLEY 2 VÍAS 24FRX5CM    ,,,Regresión Lineal
701962,2,0.16666666666666666,0.38924947208076155,2.3354968324845693,Alta,0.9999756669490625,C,DISPOSITIVOS MEDICO,CATETER TROCAR RECTO 20FR,,,Regresión Lineal
701978,2,0.16666666666666666,0.5773502691896257,3.4641016151377544,Alta,0.999976660134815,C,DISPOSITIVOS MEDICO,VENDA YESO 5X5    ,,,Media móvil
701829,2,0.16666666666666666,0.5773502691896257,3.4641016151377544,Alta,0.9999776533205675,C,DISPOSITIVOS MEDICO,SURGICEL 4X8 REF 1952 (10.2CMX20.3CM) ,,,Media móvil
701405,2,0.16666666666666666,0.3892494720807615,2.3354968324845693,Alta,0.9999786465063202,C,DISPOSITIVOS MEDICO,PROLENE 2 0 8423T (CT1)75CM,,,Regresión Lineal
706261,2,0.16666666666666666,0.5773502691896258,3.4641016151377553,Alta,0.9999796396920727,C,MEDICAMENTOS,GELATINA FLUIDA MODIFICADA EN SOLUCIÓN IÓNICA SOLUCIÓN INYECTABLE 20G/500ML,SOLINSA,CRUZ VERDE,Media móvil
717705,2,0.16666666666666666,0.5773502691896257,3.4641016151377544,Alta,0.9999806328778252,C,MEDICAMENTOS,DABIGATRAN CÁPSULA 150MG,,,XGBoost
T005701,2,0.16666666666666666,0.38924947208076144,2.335496832484569,Alta,0.9999816260635778,C,MEDICAMENTOS,"TERBUTALINA SOLUCIÓN INYECTABLE 0,5MG/1ML",,,Regresión Lineal
702226,2,0.16666666666666666,0.38924947208076144,2.335496832484569,Alta,0.9999826192493303,C,DISPOSITIVOS MEDICO,PERIFIX 18GA C/A 4514017 ,,,XGBoost
707781,2,0.16666666666666666,0.5773502691896257,3.4641016151377544,Alta,0.9999836124350829,C,DISPOSITIVOS MEDICO,DREN BALKE 19FR REDONDO S/U REF 2232,,,XGBoost
702713,2,0.16666666666666666,0.5773502691896257,3.4641016151377544,Alta,0.9999846056208355,C,DISPOSITIVOS MEDICO,TUBO ENDOTRAQUEAL 5.5 C/BL,,,Media móvil
720151,1,0.08333333333333333,0.28867513459481287,3.4641016151377544,Alta,0.9999851022137117,C,DISPOSITIVOS MEDICO,CATETER VENOSO CENTRAL BILUMEN 22G (3FR)X6CM-157064-VYGON,,,Regresión Lineal
717421,1,0.08333333333333333,0.28867513459481287,3.4641016151377544,Alta,0.999985598806588,C,MEDICAMENTOS,NUTRAMIGEN PREMIUM CON LGG 357G LATA,,,Media móvil
701727,1,0.08333333333333333,0.28867513459481287,3.4641016151377544,Alta,0.9999860953994643,C,MEDICAMENTOS,DUODERM PASTA TBX30GR ,,,Regresión Lineal
701003,1,0.08333333333333333,0.28867513459481287,3.4641016151377544,Alta,0.9999865919923405,C,MEDICAMENTOS,BUDESONIDA 100 MCG/PUFF x 200 PUFF,CRUZ VERDE,SOLINSA,XGBoost
719849,1,0.08333333333333333,0.28867513459481287,3.4641016151377544,Alta,0.9999870885852168,C,DISPOSITIVOS MEDICO,CANULA 7.0 C/B  FENESTRADA TRACOE REF- T 302-07,,,Media móvil
719930,1,0.08333333333333333,0.28867513459481287,3.4641016151377544,Alta,0.999987585178093,C,DISPOSITIVOS MEDICO,SONDA DE RECAMBIO PARA GASTROSTOMIA  REF-PEG-18-BRT-S,,,Media móvil
719944,1,0.08333333333333333,0.2886751345948129,3.4641016151377553,Alta,0.9999880817709694,C,MEDICAMENTOS,ROMIPLOSTIN POLVO LIOFILIZADO 250MCG (NPLATE),SOLINSA,CRUZ VERDE,Media móvil
D0000005,1,0.08333333333333333,0.28867513459481287,3.4641016151377544,Alta,0.9999885783638457,C,MEDICAMENTOS,"DESMOPRESINA SOLUCIÓN NASAL 10MCG/0,1ML (500MCG/5ML)",,,XGBoost
I021701,1,0.08333333333333333,0.28867513459481287,3.4641016151377544,Alta,0.999989074956722,C,MEDICAMENTOS,IBANDRONICO ÁCIDO SOLUCIÓN INYECTABLE 6MG,,,Regresión Lineal
T008101,1,0.08333333333333333,0.2886751345948129,3.4641016151377553,Alta,0.9999895715495982,C,MEDICAMENTOS,TETRACICLINA TABLETA 500MG,,,Media móvil
T011602,1,0.08333333333333333,0.2886751345948129,3.4641016151377553,Alta,0.9999900681424745,C,MEDICAMENTOS,TIMOLOL SOLUCIÓN OFTÁLMICA 5MG/1ML,,,Media móvil
719669,1,0.08333333333333333,0.2886751345948129,3.4641016151377553,Alta,0.9999905647353508,C,DISPOSITIVOS MEDICO,CANULA FENESTRADA  8 C/BALON ,,,Media móvil
719455,1,0.08333333333333333,0.28867513459481287,3.4641016151377544,Alta,0.999991061328227,C,DISPOSITIVOS MEDICO,S/FOLEY 3V  20FR SILICONA,,,Regresión Lineal
705891,1,0.08333333333333333,0.28867513459481287,3.4641016151377544,Alta,0.9999915579211033,C,DISPOSITIVOS MEDICO,PARCHE OCULAR AD,,,Regresión Lineal
G006702,1,0.08333333333333333,0.28867513459481287,3.4641016151377544,Alta,0.9999920545139795,C,MEDICAMENTOS,GONADOTROPINA CRIONICA 5000 UI/ML SOL. INYECTABLE,,,Media móvil
702017,1,0.08333333333333333,0.2886751345948129,3.4641016151377553,Alta,0.9999925511068558,C,DISPOSITIVOS MEDICO,SONDA ENTERAL 6FR (ALIMENTACION)  ,,,Media móvil
700901,1,0.08333333333333333,0.28867513459481287,3.4641016151377544,Alta,0.9999930476997322,C,MEDICAMENTOS,COMPLEJO B SOLUCIÓN INYECTABLE 10ML,,,Regresión Lineal
700817,1,0.08333333333333333,0.28867513459481287,3.4641016151377544,Alta,0.9999935442926084,C,MEDICAMENTOS,"BUPIVACAINA 0,5% x 10ML SOL. INYECTABLE",JC,DAGO,Regresión Lineal
707547,1,0.08333333333333333,0.2886751345948129,3.4641016151377553,Alta,0.9999940408854847,C,DISPOSITIVOS MEDICO,AGUJA COAXIAL MCXS 14X10,,,Media móvil
716754,1,0.08333333333333333,0.28867513459481287,3.4641016151377544,Alta,0.999994537478361,C,DISPOSITIVOS MEDICO,CONECTOR EN Y -SUPLESALUD,,,Regresión Lineal
715571,1,0.08333333333333333,0.2886751345948129,3.4641016151377553,Alta,0.9999950340712372,C,MEDICAMENTOS,ACIDO POLIACRILICO 0.2% GEL OFTALMICO ESTERIL,,,Media móvil
702233,1,0.08333333333333333,0.2886751345948129,3.4641016151377553,Alta,0.9999955306641135,C,DISPOSITIVOS MEDICO,SPINOCAN 27G ,,,Media móvil
703694,1,0.08333333333333333,0.2886751345948129,3.4641016151377553,Alta,0.9999960272569898,C,MEDICAMENTOS,DOMPERIDONA 10MG TABLETA ,,,Media móvil
730205,1,0.08333333333333333,0.28867513459481287,3.4641016151377544,Alta,0.999996523849866,C,MEDICAMENTOS,ACETATO DE LEUPROLIDE 45MG SOL. INYECTABLE,JC,SOLINSA,Regresión Lineal
N0000002,1,0.08333333333333333,0.28867513459481287,3.4641016151377544,Alta,0.9999970204427423,C,MEDICAMENTOS,"NITROFURAZONA POMADA 0,2%/40G",,,Regresión Lineal
700567,1,0.08333333333333333,0.28867513459481287,3.4641016151377544,Alta,0.9999975170356186,C,MEDICAMENTOS,ALIZAPRIDA SOL. INYECTABLE 50MG,,,Media móvil
702620,1,0.08333333333333333,0.28867513459481287,3.4641016151377544,Alta,0.9999980136284949,C,DISPOSITIVOS MEDICO,INCENTIVO RESPIRATORIO HUDSON,,,Regresión Lineal
770074,1,0.08333333333333333,0.28867513459481287,3.4641016151377544,Alta,0.9999985102213712,C,MEDICAMENTOS,IMATINIB 400MG TABLETA ,,,Regresión Lineal
710108,1,0.08333333333333333,0.2886751345948129,3.4641016151377553,Alta,0.9999990068142475,C,DISPOSITIVOS MEDICO,SURGIPRO 4-0 SP5682 (P-12) TYCO,,,Media móvil
712991,1,0.08333333333333333,0.2886751345948129,3.4641016151377553,Alta,0.9999995034071237,C,DISPOSITIVOS MEDICO,CANULA NASAL OXIGENO PEDIATRICA NO ESTERIL ,,,Media móvil
712920,1,0.08333333333333333,0.28867513459481287,3.4641016151377544,Alta,1.0,C,DISPOSITIVOS MEDICO,SONDA FOLEY 2 VIAS 8X3 SILICONADA PEDIATRICA ,,,Regresión Lineal
