,,1,2,3,4,5,6,7,8,9,10,11,12,,,,,,,,,,,,,,
CODIGO ACT.,ACTIVIDAD,JUL,AGO,SEP,OCT,NOV,DIC,ENE,FEB,MAR,ABR,MAY,JUN,PROM,PROM_ATIP,R2,REGR DIA,PROM DIA,MIN DIA,MAX DIA,CV,SUAV_EXP,MOD,%,% ACUM,ABC,GRAFICA
702259,JERINGA 10ML ,13655,13436,12323,12839,13426,13212,14570,12278,12668,14456,12815,13099,13232,0,"0,00",442,442,410,486,"0,0532",441,PROM,"7,9%","7,9%",A,
A001011,ACETAMINOFEN TABLETA 500MG,7787,8210,9695,10554,9789,9712,9608,9833,8641,10152,9387,7943,9276,0,"0,01",314,310,260,352,"0,0933",308,PROM,"5,5%","13,4%",A,
700543,MIDAZOLAM 5MG/5ML SOL. INYECTABLE,8089,4770,4243,6617,5629,9094,10918,6803,5446,5115,13713,14404,7904,0,"0,32",382,264,264,481,"0,4190",264,SUAV,"4,7%","18,1%",A,
702258,JERINGA 5ML,6291,7087,7166,7500,7609,8076,7897,7294,6934,7336,7030,6582,7234,0,"0,00",242,242,210,270,"0,0673",241,PROM,"4,3%","22,4%",A,
708344,JERINGA  5ML LIBRE DE LATEX,6291,7087,7166,7500,7609,8076,7897,7294,6934,7336,7030,6582,7234,0,"0,00",242,242,210,270,"0,0673",241,PROM,"4,3%","26,7%",A,
D0000030,DIPIRONA 1G/2ML SOL. INYECTABLE ,6144,6957,6825,6310,7029,6822,7367,7002,6996,7193,5868,5509,6669,0,"0,05",215,223,184,246,"0,0825",222,PROM,"4,0%","30,7%",A,
703723,CLORURO DE SODIO 9% SOL. INYECTABLE x 100ML,6240,6164,5994,6023,6257,6502,5765,4928,5789,5037,7493,7912,6176,0,"0,07",220,206,165,264,"0,1330",208,PROM,"3,7%","34,4%",A,
702257,JERINGA 3ML,4916,5089,4718,4974,4793,4858,4859,4440,4002,4734,3990,3917,4608,0,"0,66",134,154,131,170,"0,0864",155,PROM,"2,7%","37,1%",A,
702145,AGUJA 18X1.5,3694,3060,3911,4805,4889,4470,3757,3102,3757,4461,3723,4381,4001,0,"0,02",138,134,102,163,"0,1444",135,PROM,"2,4%","39,5%",A,
700809,"PIPERACILINA/TAZOBACTAM POLVO LIOFILIZADO 4,5G",2913,2933,2846,2969,2836,3296,3440,2773,2384,2756,3030,3224,2950,0,"0,00",99,99,80,115,"0,0906",99,PROM,"1,8%","41,3%",A,
700895,"AMPICILINA/SULBACTAM 1,5G POLVO LIOFILIZADO ",3381,3291,2653,2201,3062,2928,2684,2444,2258,3338,3474,2907,2886,0,"0,00",96,97,74,116,"0,1465",97,PROM,"1,7%","43,0%",A,
702263,JERINGA 1ML INSULINA,2593,2619,2359,2528,2913,2383,2609,2423,2356,2743,2426,3114,2589,0,"0,06",90,87,79,104,"0,0873",87,PROM,"1,5%","44,5%",A,
703180,CLORURO DE SODIO 9% SOL. INYECTABLE x 500ML,2452,2488,2176,2614,2581,2476,2669,2479,2564,2474,2456,2414,2487,0,"0,01",84,83,73,89,"0,0477",83,PROM,"1,5%","46,0%",A,
700851,AGUA ESTERIL PARA INYECCION 5ML,2479,2600,1807,2075,2630,2741,3407,3229,2702,3791,2611,2166,2687,0,"0,13",102,90,90,127,"0,2014",88,SUAV,"1,6%","47,6%",A,
702715,"ENOXAPARINA 40MG/0,4ML SOL. INYECTABLE ",2541,2072,2117,2361,2284,2279,2428,2270,2077,2293,2189,2353,2272,0,"0,01",75,76,70,85,"0,0597",76,PROM,"1,4%","49,0%",A,
718219,ELECTRODO ADULTO,2160,2571,2650,2484,2101,1878,2199,1862,2196,2400,1906,2086,2208,0,"0,24",66,74,63,89,"0,1161",74,PROM,"1,3%","50,3%",A,
P022701,POTASIO CLORURO 20MEQ/10ML SOL. INYECTABLE,2023,1694,1689,1707,1844,2038,2478,1897,2620,1786,2133,1759,1973,0,"0,08",71,66,57,88,"0,1491",65,PROM,"1,2%","51,5%",A,
730058,EQUIPO BOMBA SIN AGUJA,2016,2082,2074,2127,1803,1799,2003,1657,1676,2119,1685,1868,1910,0,"0,26",59,64,56,71,"0,0909",64,PROM,"1,1%","52,6%",A,
L021161,LOSARTAN TABLETA 50MG,1878,2084,1843,1692,1671,2047,1965,1896,1982,1797,1857,1925,1887,0,"0,00",64,63,56,70,"0,0643",63,PROM,"1,1%","53,7%",A,
0002101,OMEPRAZOL CÁPSULA 20MG,1991,1911,1750,1834,1663,1509,1747,1843,1766,2746,1790,1439,1833,0,"0,00",62,62,48,92,"0,1707",61,SUAV,"1,1%","54,8%",A,
R001701,RANITIDINA SOL. INYECTABLE 50MG/2ML,2175,1951,1546,1769,1634,2081,1923,1759,1500,1597,1268,1342,1713,0,"0,51",45,58,43,73,"0,1584",58,SUAV,"1,0%","55,8%",A,
703775,HARTMAN SOLUCION INYECTABLE 1000 ML,1384,1638,1664,1552,1521,1657,1657,1613,1603,2037,1436,1455,1602,0,"0,03",55,54,47,68,"0,0997",54,PROM,"1,0%","56,8%",A,
V013721,VANCOMICINA 500MG POLVO LIOFILIZADO ,1336,1228,1477,1519,1492,1609,1922,1587,1736,1887,1716,1372,1574,0,"0,30",60,53,41,65,"0,1301",52,PROM,"0,9%","57,7%",A,
720068,TEGADERM 1683 IV 6.5X7CM ADVANCED,1232,1558,1830,1771,1563,1626,1913,1676,1680,616,1633,1622,1560,0,"0,02",50,52,52,64,"0,2095",53,SUAV,"0,9%","58,7%",A,
700634,MEROPENEM POLVO LIOFILIZADO 1000 MG,1456,1319,1304,1149,1155,1230,1771,1808,2256,1538,1724,1781,1541,0,"0,40",65,52,39,76,"0,2085",51,SUAV,"0,9%","59,6%",A,
702211,CATETER INTRAVENOSO 22G X 1 ,1423,1508,1724,1670,1412,1341,1568,1250,1394,1517,1426,1389,1469,0,"0,15",46,49,42,58,"0,0885",50,PROM,"0,9%","60,5%",A,
717519,OMEPRAZOL POLVO LIOFILIZADO 40MG,1080,1182,1417,1263,1291,1269,1448,1306,1410,1555,1682,1924,1403,0,"0,74",59,47,36,65,"0,1577",47,SUAV,"0,8%","61,3%",A,
702264,JERINGA DE GASES (JERINGA HEPARINIZADA),1209,1247,1221,1129,1323,1312,1697,1290,1374,1389,1266,1762,1352,0,"0,35",52,46,38,59,"0,1352",46,PROM,"0,8%","62,1%",A,
S004702,SODIO CLORURO SOL. INYECTABLE 20MEQ/10ML,612,1259,1228,1204,1574,1503,1627,1497,1345,1463,1454,1405,1348,0,"0,36",55,45,45,55,"0,1901",45,SUAV,"0,8%","62,9%",A,
702382,EXTENSION DE ANESTESIA ADULTO ,1490,1315,1317,1329,1187,1103,1199,1079,1156,1326,1077,1103,1224,0,"0,52",36,41,36,50,"0,1022",41,PROM,"0,7%","63,6%",A,
703735,CLORURO DE SODIO 9% SOL. INYECTABLE x 1000ML,1040,1123,985,941,1114,1370,1154,1005,1187,945,1174,1052,1091,0,"0,01",38,37,32,46,"0,1078",37,PROM,"0,7%","64,3%",A,
703645,NIFEDIPINO CÁPSULA 30MG,867,755,678,798,919,923,1410,852,1258,952,1610,2034,1088,0,"0,60",56,37,37,68,"0,3601",37,SUAV,"0,6%","64,9%",A,
703178,CLORURO DE SODIO 9% SOL. INYECTABLE x 250ML,998,1027,964,952,1141,1087,1307,942,1375,1130,1001,1055,1082,0,"0,09",39,37,32,46,"0,1223",36,PROM,"0,6%","65,6%",A,
T020701,TRAMADOL SOL. INYECTABLE 50MG/1ML,1020,1030,938,1124,1334,1288,1110,1105,1025,930,890,1032,1069,0,"0,06",34,36,30,45,"0,1207",36,PROM,"0,6%","66,2%",A,
700883,"FENTANYL 0,5MG/10ML SOL. INYECTABLE",1136,842,657,863,750,1187,1331,932,696,832,1636,1747,1051,0,"0,27",47,36,36,59,"0,3300",36,SUAV,"0,6%","66,8%",A,
M016701,METOCLOPRAMIDA SOLUCIÓN INYECTABLE 10MG/2ML,943,1201,1133,1193,1262,1000,992,1071,1101,1305,727,546,1040,0,"0,23",29,35,35,44,"0,2035",35,SUAV,"0,6%","67,5%",A,
702377,BURETROL,1222,1337,1247,1314,1060,846,921,847,783,1291,681,744,1025,0,"0,52",24,35,23,45,"0,2308",35,SUAV,"0,6%","68,1%",A,
F017701,FUROSEMIDA 20MG/2ML SOL. INYECTABLE,1018,1057,1092,925,1047,940,936,672,812,1019,1157,1180,988,0,"0,00",34,33,23,40,"0,1389",34,PROM,"0,6%","68,7%",A,
702064,SONDA SUCCION # 14  ,635,727,830,583,728,1258,1319,532,1227,1089,1382,1375,974,0,"0,50",47,33,33,47,"0,3260",33,SUAV,"0,6%","69,2%",A,
719935,ATORVASTATINA 40 MG TABLETA,978,773,918,1009,1362,1103,1135,766,715,870,855,1002,958,0,"0,03",30,32,24,46,"0,1834",33,SUAV,"0,6%","69,8%",A,
C044723,CEFALOTINA 1G SOL. INYECTABLE ,1197,1118,907,810,1167,1035,997,1098,955,753,497,442,915,0,"0,54",20,31,31,40,"0,2594",31,SUAV,"0,5%","70,4%",A,
N0000003,NOREPINEFRINA SOL. INYECTABLE 4MG/4ML,785,909,855,604,797,928,938,693,1125,625,1255,1226,895,0,"0,25",37,30,30,42,"0,2319",30,SUAV,"0,5%","70,9%",A,
704256,CLORURO DE SODIO 9% SOL. INYECTABLE x 50ML,758,778,738,897,901,918,908,839,738,831,1086,971,864,0,"0,33",33,29,25,37,"0,1158",29,PROM,"0,5%","71,4%",A,
P026011,PRAZOSINA TABLETA 1MG,706,655,555,475,741,736,1001,927,1135,696,1139,1294,839,0,"0,61",41,28,28,44,"0,2928",28,SUAV,"0,5%","71,9%",A,
703179,HARTMAN SOLUCION INYECTABLE 500 ML,654,851,954,730,707,651,1113,766,696,1001,620,689,786,0,"0,01",26,27,21,38,"0,1930",26,SUAV,"0,5%","72,4%",A,
700645,CEFEPIME 1G POLVO LIOFILIZADO,485,799,568,763,619,811,740,662,758,934,827,1034,750,0,"0,54",32,25,25,35,"0,1944",25,SUAV,"0,4%","72,8%",A,
C047011,CLONIDINA 150MCG TABLETA ,483,485,430,719,794,661,1134,720,777,828,693,1065,733,0,"0,46",34,25,25,38,"0,2809",25,SUAV,"0,4%","73,3%",A,
702210,JELCO 20G X 1-1/4,724,762,766,810,651,622,715,636,691,885,605,719,716,0,"0,03",23,24,21,30,"0,1100",24,PROM,"0,4%","73,7%",A,
C015701,CIPROFLOXACINO 100MG/10ML SOL. INYECTABLE ,743,849,593,564,795,607,641,664,1332,464,421,682,697,0,"0,01",22,24,24,45,"0,3234",24,SUAV,"0,4%","74,1%",A,
P027011,PREDNISOLONA TABLETA 5MG,851,577,869,752,844,751,576,474,578,702,441,300,643,0,"0,54",14,22,22,29,"0,2701",22,SUAV,"0,4%","74,5%",A,
700640,TRIMETOPRIM/SULFAMETOXAZOL  80MG/400MG/5ML SOL. INYECTABLE,644,310,410,383,592,406,478,1224,692,1106,640,812,642,0,"0,34",32,22,22,41,"0,4270",21,SUAV,"0,4%","74,9%",A,
C019701,CLINDAMICINA 600MG SOL. INYECTABLE ,558,766,528,514,676,773,616,645,524,598,494,624,610,0,"0,04",20,21,17,26,"0,1469",21,PROM,"0,4%","75,2%",B,
A003011,ACETILSALICILICO ÁCIDO TABLETA 100MG,626,551,681,788,745,733,708,347,456,557,505,618,610,0,"0,17",18,21,21,27,"0,2064",21,SUAV,"0,4%","75,6%",B,
M017161,METOPROLOL TABLETA 50MG,666,584,509,477,921,871,604,413,665,513,471,608,609,0,"0,04",19,21,21,31,"0,2450",21,SUAV,"0,4%","76,0%",B,
708346,JERINGA 20ML ,415,576,430,643,711,774,565,512,600,516,736,804,607,0,"0,27",25,21,14,27,"0,2038",21,SUAV,"0,4%","76,3%",B,
703672,ASCORBICO ACIDO 500MG TABLETA  (VITAMINA C),468,468,504,288,360,370,343,602,829,740,719,1400,591,0,"0,52",34,20,20,47,"0,4989",20,SUAV,"0,4%","76,7%",B,
R001011,RANITIDINA TABLETA 150MG,522,775,856,809,589,558,513,532,699,331,366,279,570,0,"0,53",11,19,19,29,"0,3157",20,SUAV,"0,3%","77,0%",B,
D009706,DEXTROSA AL 5% AGUA DESTILADA 250 ML,589,402,498,434,461,634,659,505,529,534,613,933,566,0,"0,35",24,19,19,32,"0,2375",19,SUAV,"0,3%","77,3%",B,
717389,VASO DESECHABLE 7 ONZ,877,1243,1239,1148,1020,21,0,0,0,798,0,0,529,5,"0,54",-8,18,18,42,"1,0193",19,SUAV,"0,3%","77,7%",B,
702487,TAPON HEPARINIZADO,496,587,573,655,440,442,522,517,447,464,428,385,497,0,"0,45",14,17,13,22,"0,1504",17,SUAV,"0,3%","78,0%",B,
701279,EQUIPO CON PUNZON EN CRUZ AMIKA ,430,450,535,507,415,528,565,487,430,533,450,590,494,0,"0,12",18,17,14,20,"0,1126",17,PROM,"0,3%","78,2%",B,
B010021,BISACODILO 5MG TABLETA,509,488,661,492,542,495,459,440,443,519,372,373,483,0,"0,45",13,17,13,23,"0,1533",17,SUAV,"0,3%","78,5%",B,
S014011,SUCRALFATO TABLETA 1G,286,291,382,450,592,410,504,587,590,183,801,708,482,0,"0,35",23,17,17,27,"0,3636",16,SUAV,"0,3%","78,8%",B,
E008011,ESPIRONOLACTONA 25MG TABLETA ,504,471,558,388,414,437,441,470,547,614,508,326,474,0,"0,00",16,16,11,21,"0,1605",16,SUAV,"0,3%","79,1%",B,
L015141,LOPERAMIDA TABLETA 2MG,488,375,414,468,353,604,646,298,704,343,435,540,473,0,"0,03",18,16,16,24,"0,2601",16,SUAV,"0,3%","79,4%",B,
H019701,"N-BUTILBROMURO HIOSCINA/DIPIRONA SOL. INYECTABLE 2,5G/5ML",500,401,454,561,421,512,413,503,382,559,534,266,459,0,"0,04",15,16,16,19,"0,1807",16,SUAV,"0,3%","79,7%",B,
S003701,SODIO BICARBONATO SOLUCIÓN INYECTABLE 1MEQ/1ML (10MEQ/10ML),325,478,326,549,197,186,605,346,411,505,541,852,444,0,"0,28",21,15,15,29,"0,4029",15,SUAV,"0,3%","79,9%",B,
702065,SONDA SUCCION # 16,421,479,354,527,525,539,382,643,281,371,289,500,443,0,"0,04",14,15,15,22,"0,2393",15,SUAV,"0,3%","80,2%",B,
700577,"ENOXAPARINA 60MG/0,6ML SOL. INYECTABLE ",355,494,464,511,323,544,513,379,386,387,343,385,424,0,"0,12",13,15,11,19,"0,1726",15,SUAV,"0,3%","80,4%",B,
702209,JELCO 18G X 1-1/4 ,366,457,365,327,394,452,439,420,454,367,428,383,405,0,"0,04",14,14,11,16,"0,1020",14,PROM,"0,2%","80,7%",B,
A0000039,AMLODIPINO 10 MG TABLETA ,405,411,436,432,471,420,429,454,346,316,441,289,405,0,"0,27",12,14,10,16,"0,1342",14,PROM,"0,2%","80,9%",B,
M001701,MAGNESIO SULFATO SOLUCIÓN INYECTABLE 20%/10ML,277,376,405,258,380,334,586,391,581,317,351,413,390,0,"0,10",15,13,13,20,"0,2522",13,SUAV,"0,2%","81,2%",B,
F014011,FOLICO ÁCIDO 1MG TABLETA,334,380,493,326,427,525,305,244,341,343,457,444,385,0,"0,00",13,13,13,18,"0,2091",14,SUAV,"0,2%","81,4%",B,
710356,"CARVEDILOL TABLETA 6,25MG",384,396,435,300,225,331,461,313,295,288,544,486,372,0,"0,06",14,13,13,19,"0,2456",13,SUAV,"0,2%","81,6%",B,
717716,TERMOMETRO,281,389,397,353,390,389,439,389,355,300,292,294,356,0,"0,11",11,12,10,15,"0,1398",12,PROM,"0,2%","81,8%",B,
T023011,TRAZODONA TABLETA 50MG,276,203,401,466,514,244,292,428,270,506,309,328,354,0,"0,02",13,12,12,18,"0,2866",12,SUAV,"0,2%","82,0%",B,
701399,AGUA ESTERIL PARA INYECCION 500ML,236,523,255,288,305,368,490,326,344,402,262,297,342,0,"0,00",12,12,12,18,"0,2542",12,SUAV,"0,2%","82,2%",B,
F017011,FUROSEMIDA 40MG TABLETA ,386,312,328,364,353,372,322,313,329,255,261,393,333,0,"0,13",11,12,9,14,"0,1273",12,PROM,"0,2%","82,4%",B,
C011723,CEFTRIAXONA 1G POLVO LIOFILIZADO,247,405,265,385,342,318,259,269,361,362,343,358,327,0,"0,05",12,11,9,14,"0,1569",11,SUAV,"0,2%","82,6%",B,
145329,DEXMEDETOMIDINA 200MCG/2ML SOL. INYECTABLE,407,435,316,234,230,273,242,335,137,267,529,470,323,0,"0,01",12,11,11,18,"0,3429",11,SUAV,"0,2%","82,8%",B,
N008141,NIMODIPINO TABLETA 30MG,268,115,212,113,237,499,424,236,953,572,135,102,323,0,"0,06",15,11,11,32,"0,7488",11,SUAV,"0,2%","83,0%",B,
H013701,N-BUTILBROMURO HIOSCINA SOL. INYECTABLE 20MG/1ML,280,383,469,284,357,290,223,259,252,424,336,265,319,0,"0,06",10,11,11,16,"0,2274",11,SUAV,"0,2%","83,2%",B,
H008721,HIDROCORTISONA POLVO LIOFILIZADO 100MG,229,280,314,373,296,244,394,332,437,280,317,304,317,0,"0,10",12,11,8,15,"0,1824",11,SUAV,"0,2%","83,4%",B,
L006011,LEVOTIROXINA TABLETA 50MCG,354,271,322,297,371,362,268,327,351,342,200,178,304,0,"0,23",9,11,11,13,"0,1991",11,SUAV,"0,2%","83,6%",B,
702490,TAPON HEPARINA ROJO,297,384,324,438,256,262,345,300,236,268,250,208,298,0,"0,41",8,10,10,15,"0,2124",10,SUAV,"0,2%","83,7%",B,
V011141,VALPROICO ÁCIDO CÁPSULA 250MG,85,367,193,213,221,126,237,185,485,584,237,552,291,0,"0,37",16,10,10,20,"0,5476",10,SUAV,"0,2%","83,9%",B,
702381,EQUIPO MACROGOTEO S/A (SOLO CX E IMAGENES),365,366,308,399,301,232,268,279,216,320,214,205,290,0,"0,59",7,10,7,14,"0,2160",10,SUAV,"0,2%","84,1%",B,
730144,RIFAMPICINA/ISONIAZIDA/PIRAZINAMIDA/ETAMBUTOL TABLETA 150/75/400/275MG,412,258,128,283,187,157,415,352,336,265,315,299,284,0,"0,03",11,10,10,14,"0,3099",10,SUAV,"0,2%","84,3%",B,
702368,LLAVE DE 3 VIAS,230,319,287,246,254,224,322,393,356,231,248,273,282,0,"0,01",10,10,8,14,"0,1853",10,SUAV,"0,2%","84,4%",B,
D005711,DEXAMETASONA 8MG/2ML SOL. INYECTABLE,270,229,128,195,305,268,239,289,168,255,433,567,279,0,"0,38",14,10,10,19,"0,4067",10,SUAV,"0,2%","84,6%",B,
718218,ELECTRODO PEDIATRICO,287,305,238,280,273,131,349,222,343,221,321,237,268,0,"0,00",9,9,9,12,"0,2203",9,SUAV,"0,2%","84,8%",B,
C002701,CALCIO GLUCONATO SOL. INYECTABLE 10%/10ML,227,312,358,265,190,116,347,359,118,187,274,441,267,0,"0,01",10,9,9,15,"0,3657",9,SUAV,"0,2%","84,9%",B,
707597,ONDANSETRON SOL. INYECTABLE 8MG/4ML,323,211,97,211,48,229,295,280,253,324,341,481,258,0,"0,37",13,9,9,17,"0,4222",9,SUAV,"0,2%","85,1%",B,
700554,ASCORBICO ACIDO 500MG/5ML SOL. INYECTABLE (VITAMINA C),154,466,148,686,366,302,382,66,64,0,180,232,254,1,"0,18",4,9,9,23,"0,7418",9,SUAV,"0,2%","85,2%",B,
H0000002,HIDROXICINA TABLETA 25MG,307,180,289,328,222,170,296,346,180,477,147,90,253,0,"0,04",8,9,9,16,"0,4063",9,SUAV,"0,2%","85,4%",B,
702241,GUANTE ESTERIL 7.0 (PAR),1,12,9,12,11,6,215,571,650,0,825,694,251,1,"0,58",24,9,9,28,"1,2623",8,SUAV,"0,1%","85,5%",B,
A037011,AMLODIPINO 5 MG TABLETA ,207,128,178,219,163,202,268,442,524,266,139,204,245,0,"0,11",11,9,9,18,"0,4704",8,SUAV,"0,1%","85,7%",B,
P007721,PENICILINA G CRISTALINA POLVO LIOFILIZADO 1000000UI,387,222,100,243,344,269,20,9,23,130,352,822,244,0,"0,05",12,9,9,28,"0,8895",9,SUAV,"0,1%","85,8%",B,
F009701,FLUCONAZOL 200MG/100ML SOL. INYECTABLE,222,185,230,208,184,179,322,257,269,158,360,339,243,0,"0,32",11,9,9,12,"0,2657",9,SUAV,"0,1%","85,9%",B,
704444,"PULMOCARE SOLUCIÓN ORAL 1,5KCAL/1ML (355,5KCAL/237ML)) ALIMENTO PARA PROPÓSITO",25,26,118,65,137,256,325,349,314,395,434,451,242,0,"0,94",18,9,9,16,"0,6302",8,REGR,"0,1%","86,1%",B,
A026721,AMPICILINA 500MG POLVO LIOFILIZADO ,161,229,228,155,327,166,263,167,192,183,581,217,240,0,"0,12",11,8,8,20,"0,4735",8,SUAV,"0,1%","86,2%",B,
N0000019,ESOMEPRAZOL 20MG TABLETA ,200,376,226,282,355,350,414,42,217,124,151,126,239,0,"0,26",5,8,8,14,"0,4705",9,SUAV,"0,1%","86,4%",B,
700975,(NUTREN SOLUCIÓN ORAL 1KCAL/1ML (250KCAL/250ML)) ALIMENTO LÍQUIDO PARA USOS NUT,240,409,470,201,305,217,241,118,49,447,101,65,239,0,"0,29",4,8,8,16,"0,5816",9,SUAV,"0,1%","86,5%",B,
715545,LORAZEPAM TABLETA 2MG,141,84,40,58,159,418,118,142,350,167,452,710,237,0,"0,52",17,8,8,24,"0,8199",8,SUAV,"0,1%","86,7%",B,
702242,GUANTE ESTERIL 7.5 (PAR),0,0,0,0,0,0,30,239,726,0,824,942,231,7,"0,57",25,8,8,32,"1,5388",8,SUAV,"0,1%","86,8%",B,
713679,APOSITO ESTERIL 1685 IV (TEGADERM 8.5 X 11.5),225,245,204,213,207,216,239,222,216,249,232,265,228,0,"0,24",9,8,7,9,"0,0782",8,PROM,"0,1%","86,9%",B,
702222,PERICRANEAL 23     ,218,253,200,241,252,189,284,230,215,215,187,252,228,0,"0,01",8,8,7,10,"0,1235",8,PROM,"0,1%","87,1%",B,
N0000030,ESOMEPRAZOL 40MG SOL. INYECTABLE ,80,146,287,234,317,231,308,242,283,66,340,175,226,0,"0,04",9,8,8,12,"0,3858",8,SUAV,"0,1%","87,2%",B,
D009702,DEXTROSA AL 10% AGUA DESTILADA 500 ML,154,243,261,193,204,154,317,140,204,215,281,284,221,0,"0,11",9,8,8,11,"0,2472",8,SUAV,"0,1%","87,3%",B,
702050,SONDA NELATON # 6 ,242,162,203,204,95,42,331,270,415,171,277,162,215,0,"0,05",9,8,8,14,"0,4517",7,SUAV,"0,1%","87,5%",B,
M021701,METRONIDAZOL 500MG/100ML SOL. INYECTABLE,166,218,155,198,78,205,323,258,252,262,259,151,211,0,"0,13",9,8,8,11,"0,2999",7,SUAV,"0,1%","87,6%",B,
E002011,ENALAPRIL 5MG TABLETA ,151,170,347,291,204,198,313,133,131,128,228,166,205,0,"0,09",6,7,7,12,"0,3508",7,SUAV,"0,1%","87,7%",B,
709134,LEVETIRACETAM TABLETA 500MG,345,194,131,258,104,167,98,54,108,237,313,359,198,0,"0,02",8,7,7,12,"0,5030",7,SUAV,"0,1%","87,8%",B,
702435,NARIZ DE CAMELLO ADULTO,164,141,151,176,168,229,253,221,197,136,219,299,197,0,"0,37",9,7,7,10,"0,2406",7,SUAV,"0,1%","87,9%",B,
134746,LEVETIRACETAM SOL. INYECTABLE 500MG/5ML,156,58,270,306,457,185,41,126,312,109,99,241,197,0,"0,01",6,7,7,16,"0,6003",7,SUAV,"0,1%","88,1%",B,
C0000035,CLOPIDOGREL TABLETA 75MG,175,246,254,216,164,208,216,137,155,229,160,201,197,0,"0,12",6,7,5,9,"0,1844",7,SUAV,"0,1%","88,2%",B,
702212,JELCO 24G X 3/4,211,215,216,219,176,132,213,181,212,176,207,199,197,0,"0,04",7,7,5,8,"0,1253",7,PROM,"0,1%","88,3%",B,
700628,CLARITROMICINA 500MG POLVO LIOFILIZADO ,240,107,88,121,130,227,268,119,124,132,330,460,196,0,"0,28",11,7,7,16,"0,5521",7,SUAV,"0,1%","88,4%",B,
714955,CLOZAPINA TABLETA 25 MG,125,224,175,144,56,192,192,264,185,314,243,184,192,0,"0,24",9,7,7,11,"0,3341",7,SUAV,"0,1%","88,5%",B,
707596,ONDANSETRON SOL. INYECTABLE 4MG/2ML,187,46,94,392,594,273,138,338,80,3,74,78,192,0,"0,09",4,7,7,20,"0,8748",7,SUAV,"0,1%","88,6%",B,
707258,TRANSDUCTOR PLASTICO,156,161,161,166,195,215,221,176,196,166,219,251,191,0,"0,49",8,7,6,9,"0,1541",7,SUAV,"0,1%","88,8%",B,
D009701,DEXTROSA AL 5% AGUA DESTILADA 500 ML,145,178,256,120,181,176,212,159,215,137,284,229,191,0,"0,15",8,7,7,10,"0,2480",7,SUAV,"0,1%","88,9%",B,
100317,"LACTULOSA SOLUCIÓN ORAL 66,7%/15ML",75,298,251,179,336,82,220,79,232,182,197,133,189,0,"0,03",6,7,7,12,"0,4321",7,SUAV,"0,1%","89,0%",B,
703754,MORFINA 10MG/1ML SOL. INYECTABLE,92,173,142,437,207,113,179,173,201,255,160,129,189,0,"0,00",7,7,7,15,"0,4551",7,SUAV,"0,1%","89,1%",B,
A009701,ALBUMINA HUMANA SOL. INYECTABLE 20% x 50 ML ,168,151,254,387,113,252,294,73,116,166,77,156,184,0,"0,14",4,7,7,13,"0,4929",7,SUAV,"0,1%","89,2%",B,
730035,FRESUBIN DRINK SOLUCIÓN ORAL 2KCAL/1ML (400KCAL/200ML) ALIMENTO LÍQUIDO NUTRICIO,170,134,290,158,117,163,160,144,89,209,241,277,180,0,"0,07",7,6,6,10,"0,3326",7,SUAV,"0,1%","89,3%",B,
703782,HIDROMORFONA 2MG/1ML SOL. INYECTABLE,161,145,132,188,437,174,182,18,55,192,233,212,178,0,"0,00",6,6,6,15,"0,5519",7,SUAV,"0,1%","89,4%",B,
708833,QUETIAPINA TABLETA 25MG,35,60,87,85,165,279,106,130,356,49,421,323,175,0,"0,46",12,6,6,15,"0,7329",6,SUAV,"0,1%","89,5%",B,
V015721,VECURONIO BROMURO POLVO LIOFILIZADO 10MG,144,28,30,149,111,117,391,120,270,106,203,413,174,0,"0,36",11,6,6,14,"0,6893",6,SUAV,"0,1%","89,6%",B,
700893,FENITOINA 250MG/5ML SOL. INYECTABLE ,154,171,118,146,176,188,204,228,132,217,95,235,172,0,"0,08",7,6,6,8,"0,2482",6,SUAV,"0,1%","89,7%",B,
700010,NIFEDIPINO CÁPSULA 10MG,96,116,143,33,139,182,348,231,206,59,204,289,171,0,"0,25",9,6,6,12,"0,5157",6,SUAV,"0,1%","89,8%",B,
E002012,ENALAPRIL 20MG TABLETA ,191,189,192,139,243,92,170,161,162,124,212,177,171,0,"0,02",6,6,6,9,"0,2247",6,SUAV,"0,1%","89,9%",B,
700578,"ENOXAPARINA 80MG/0,8ML SOL. INYECTABLE ",178,151,121,154,225,105,179,130,264,237,123,114,166,0,"0,00",6,6,6,9,"0,3032",6,SUAV,"0,1%","90,0%",B,
A0000051,ATORVASTATINA 20 MG TABLETA,143,652,175,441,101,82,67,64,60,75,37,68,164,0,"0,37",-2,6,6,22,"1,0987",6,SUAV,"0,1%","90,1%",B,
D006701,DEXAMETASONA 4MG/1ML SOL. INYECTABLE ,209,30,71,175,135,186,124,232,120,282,165,225,163,0,"0,25",8,6,6,10,"0,4186",6,SUAV,"0,1%","90,2%",B,
N0000020,ESOMEPRAZOL 40MG TABLETA ,149,197,161,218,194,110,208,271,74,63,155,133,162,0,"0,12",5,6,6,10,"0,3594",6,SUAV,"0,1%","90,3%",B,
701210,METIMAZOL TABLETA 5MG,43,26,94,452,499,111,110,42,148,107,81,207,160,0,"0,00",5,6,6,17,"0,9313",6,SUAV,"0,1%","90,4%",B,
A006011,ACICLOVIR TABLETA 200MG,157,136,0,119,110,277,254,239,153,265,177,27,160,1,"0,04",7,6,6,10,"0,5358",6,SUAV,"0,1%","90,5%",B,
702383,EXTENSION DE ANESTESIA PEDIATRICO,126,146,144,117,143,110,169,230,267,88,188,169,159,0,"0,14",7,6,6,9,"0,3075",6,SUAV,"0,1%","90,6%",B,
D015701,DICLOFENACO 75MG/3ML SOL. INYECTABLE ,123,173,153,164,212,188,174,134,202,168,115,88,158,0,"0,09",5,6,6,8,"0,2233",6,SUAV,"0,1%","90,7%",B,
719766,LIDOCAINA SOL. INYECTABLE 2% x 10ML,131,141,124,156,185,191,149,137,127,160,198,175,157,0,"0,20",6,6,5,7,"0,1574",6,SUAV,"0,1%","90,8%",B,
730036,"DIBEN DRINK SOLUCIÓN ORAL 1,5KCAL/1ML (300KCAL/200ML) ALIMENTO LÍQUIDO PARA ADMI",196,173,96,139,146,18,128,160,120,284,144,243,154,0,"0,09",7,6,6,10,"0,4236",6,SUAV,"0,1%","90,9%",B,
C001011,CALCIO CARBONATO 600MG TABLETA ,187,143,115,282,238,102,109,183,108,64,102,201,153,0,"0,10",4,6,6,10,"0,4084",6,SUAV,"0,1%","91,0%",B,
730040,"SUPPORTAN DRINK SOLUCIÓN ORAL 1,5KCAL/1ML (300KCAL/200ML)) ALIMENTO LIQUIDO RI",78,123,138,98,149,352,336,186,65,104,127,59,152,0,"0,00",5,6,6,12,"0,6113",5,SUAV,"0,1%","91,1%",B,
701943,BATON QUIRURGICO,204,138,121,118,143,170,166,214,363,186,0,0,152,2,"0,04",4,6,6,13,"0,6046",5,SUAV,"0,1%","91,2%",B,
703668,VALPROICO ÁCIDO 500MG/5 ML SOL. INYECTABLE,43,74,62,224,115,198,30,130,209,167,304,248,151,0,"0,48",9,6,6,11,"0,5602",5,SUAV,"0,1%","91,2%",B,
715706,CAUCHO TUBO P/SUCCION 3MT ESTERIL  ,122,135,121,127,122,152,166,170,152,146,198,199,151,0,"0,72",7,6,5,7,"0,1767",5,SUAV,"0,1%","91,3%",B,
719423,LOPINAVIR/RITONAVIR 80MG/20MG/ML SUSPENSION ORAL  ,0,0,0,0,0,0,0,0,0,0,712,1056,148,10,"0,42",19,5,5,36,"2,2760",6,SUAV,"0,1%","91,4%",B,
L016011,LORATADINA TABLETA 10MG,63,212,101,140,148,112,179,169,130,213,128,171,148,0,"0,14",6,5,5,8,"0,2877",5,SUAV,"0,1%","91,5%",B,
702585,CANULA NASAL OXIGENO ADULTO,124,163,139,160,140,138,156,129,120,165,156,152,146,0,"0,03",5,5,4,6,"0,1022",5,PROM,"0,1%","91,6%",B,
715385,CAFEINA CITRATO 20MG/ML SOL. INYECTABLE (10MG/ML CAFEINA BASE),98,95,91,72,67,56,253,262,355,39,227,137,146,0,"0,18",8,5,5,12,"0,6688",5,SUAV,"0,1%","91,7%",B,
H001701,HALOPERIDOL 5MG/1ML SOL. INYECTABLE ,90,106,72,137,141,154,183,129,192,198,110,212,144,0,"0,50",7,5,5,8,"0,3003",5,SUAV,"0,1%","91,8%",B,
718292,LORAZEPAM TABLETA 1MG,72,34,15,36,133,275,23,93,171,76,255,510,142,0,"0,43",11,5,5,17,"0,9784",5,SUAV,"0,1%","91,9%",B,
717274,PREGABALINA TABLETA 75MG,163,106,158,198,151,240,263,41,49,37,165,98,140,0,"0,12",4,5,5,9,"0,5122",5,SUAV,"0,1%","91,9%",B,
700850,TRANEXAMICO ACIDO 500MG  SOL. INYECTABLE,165,179,211,125,141,147,110,113,150,81,129,99,138,0,"0,53",4,5,5,8,"0,2510",5,SUAV,"0,1%","92,0%",B,
702261,JERINGA 50ML ROSCA,197,47,56,82,200,84,96,191,291,70,128,155,134,0,"0,06",6,5,5,10,"0,5324",5,SUAV,"0,1%","92,1%",B,
A023721,AMIODARONA 150MG/3ML SOL. INYECTABLE ,131,80,123,184,134,137,234,136,111,96,119,114,134,0,"0,01",5,5,5,8,"0,2902",5,SUAV,"0,1%","92,2%",B,
700575,"ENOXAPARINA 20MG/0,2ML SOL. INYECTABLE ",90,109,105,127,245,85,86,174,107,278,96,86,133,0,"0,02",5,5,5,10,"0,4718",5,SUAV,"0,1%","92,3%",B,
H006011,HIDROCLOROTIAZIDA TABLETA 25MG,159,105,157,131,128,143,148,114,162,78,157,98,132,0,"0,09",4,5,5,6,"0,2004",5,SUAV,"0,1%","92,3%",B,
C005011,CARBAMAZEPINA 200MG TABLETA ,109,49,74,148,128,186,102,142,265,86,110,168,131,0,"0,16",6,5,5,9,"0,4212",5,SUAV,"0,1%","92,4%",B,
C044721,CEFAZOLINA 1G SOL. INYECTABLE ,0,0,0,27,39,119,254,217,269,0,266,360,130,4,"0,59",11,5,5,12,"0,9937",5,SUAV,"0,1%","92,5%",B,
A023011,AMIODARONA TABLETA 200MG,133,44,123,132,133,72,164,115,136,191,121,172,128,0,"0,27",6,5,5,7,"0,3006",5,SUAV,"0,1%","92,6%",B,
702249,BISTURI # 11 ,86,129,130,121,130,118,142,129,140,95,164,139,127,0,"0,22",5,5,3,6,"0,1567",5,SUAV,"0,1%","92,6%",B,
F002141,FENITOINA 100MG TABLETA ,84,182,100,104,80,177,158,68,54,68,283,136,125,0,"0,03",5,5,5,10,"0,5083",5,SUAV,"0,1%","92,7%",B,
M020012,METRONIDAZOL 500MG TABLETA ,246,88,90,127,151,134,99,101,99,201,130,23,125,0,"0,13",3,5,5,9,"0,4389",5,SUAV,"0,1%","92,8%",B,
700694,LIDOCAINA CLORHIDRATO 2% JALEA 30G,100,130,103,105,103,148,140,118,138,112,195,94,124,0,"0,12",5,5,5,7,"0,2209",5,SUAV,"0,1%","92,9%",B,
705488,PROPANOLOL TABLETA 40MG,64,80,148,198,257,71,88,67,141,114,85,144,122,0,"0,00",4,5,5,9,"0,4665",5,SUAV,"0,1%","92,9%",B,
P035011,PROPRANOLOL TABLETA 40MG,64,80,148,198,257,71,88,67,141,114,85,144,122,0,"0,00",4,5,5,9,"0,4665",5,SUAV,"0,1%","93,0%",B,
A035722,AZTREONAM 1G POLVO LIOFILIZADO,87,138,162,116,173,129,154,161,126,43,92,71,121,0,"0,19",3,5,5,6,"0,3206",5,SUAV,"0,1%","93,1%",B,
C0000028,CLARITROMICINA TABLETA 500MG,77,105,185,118,117,160,162,69,98,24,78,237,120,0,"0,00",5,4,4,8,"0,4654",5,SUAV,"0,1%","93,1%",B,
M026161,MINOXIDIL TABLETA 10MG,153,99,48,66,167,140,70,106,120,95,138,220,119,0,"0,14",6,4,4,8,"0,3901",5,SUAV,"0,1%","93,2%",B,
730116,TEGADERM REF 1682 IV 5X5.7CM AVANCED-NIÑOS,123,133,113,138,116,83,120,145,148,44,116,146,119,0,"0,01",4,4,4,5,"0,2401",4,SUAV,"0,1%","93,3%",B,
E020722,ERITROPOYETINA 2.000UI/ML SOL. INYECTABLE,121,153,106,145,127,130,135,132,90,76,109,93,119,0,"0,39",4,4,4,6,"0,1890",4,SUAV,"0,1%","93,4%",B,
A026722,AMPICILINA 1 G POLVO LIOFILIZADO ,158,198,126,157,164,123,61,64,72,105,41,73,112,0,"0,68",2,4,4,7,"0,4288",4,SUAV,"0,1%","93,4%",B,
709736,"ALPRAZOLAM TABLETA 0,25 MG ",101,89,116,215,107,78,77,68,94,258,85,55,112,0,"0,00",4,4,4,9,"0,5234",4,SUAV,"0,1%","93,5%",B,
730083,EQUIPO PERFUSOR 20CC REF C0020C FRESENIUS,85,134,121,87,82,54,82,188,176,98,78,133,110,0,"0,04",5,4,4,7,"0,3588",4,SUAV,"0,1%","93,6%",B,
730230,ALIMENTO DE USO ESPECIAL CON HMB ARGININA Y GLUTAMINA SOBRE x 24 GRAMOS,170,130,96,93,62,121,134,98,95,175,78,58,110,0,"0,12",3,4,4,6,"0,3299",4,SUAV,"0,1%","93,6%",B,
720207,DIBEN 1.5 KCAL HP 1000 ML ALIMENTO LIQUIDO PARA USOS NUTRICIONALES ESPECIALES AL,53,126,154,61,38,118,178,103,109,68,106,177,108,0,"0,09",5,4,4,6,"0,4138",4,SUAV,"0,1%","93,7%",B,
701079,PREDNISONA TABLETA 50MG,69,111,71,115,85,131,88,58,56,179,225,83,106,0,"0,14",5,4,4,8,"0,4631",4,SUAV,"0,1%","93,8%",B,
700964,"ENSURE PLUS HN SOLUCIÓN ORAL 1,5KCAL/1ML (355,5KCAL/237ML) ALIMENTO DE USO ESPEC",198,243,163,45,18,12,125,59,199,126,35,20,104,0,"0,22",2,4,4,9,"0,7590",4,SUAV,"0,1%","93,8%",B,
R002251,POLIESTIRENO SULFONATO CÁLCICO POLVO PARA SUSPENSIÓN ORAL 15G,70,97,215,80,138,35,101,43,32,58,71,292,103,0,"0,01",4,4,4,10,"0,7279",4,SUAV,"0,1%","93,9%",B,
A006721,ACICLOVIR POLVO LIOFILIZADO 250MG,285,129,104,0,47,64,143,51,138,60,34,160,102,1,"0,08",3,4,4,10,"0,7183",4,SUAV,"0,1%","93,9%",B,
730037,"DIBEN SOLUCIÓN ORAL 1,05KCAL/1ML (525KCAL/500ML) ALIMENTO LÍQUIDO PARA ADMINISTR",219,60,80,80,61,82,48,95,115,155,155,73,102,0,"0,00",4,4,4,8,"0,4744",4,SUAV,"0,1%","94,0%",B,
L006012,LEVOTIROXINA TABLETA 100MCG,195,132,91,109,94,95,169,131,42,76,32,57,102,0,"0,47",2,4,4,7,"0,4595",4,SUAV,"0,1%","94,1%",B,
702673,RECOLECTOR/ORINA PED/BLX40  ,87,75,69,64,156,50,115,174,154,127,42,81,100,0,"0,03",4,4,4,6,"0,4258",4,SUAV,"0,1%","94,1%",B,
702262,JERINGA 50ML PUNTA CATETER,69,94,95,78,89,91,122,100,115,83,105,130,98,0,"0,43",4,4,3,5,"0,1758",4,SUAV,"0,1%","94,2%",B,
700820,DALTEPARINA SODICA 2.500 UI (ANTIFACTOR XA)  SOL. INYECTABLE,67,55,90,141,147,186,180,33,33,75,92,73,98,0,"0,02",3,4,4,7,"0,5206",4,SUAV,"0,1%","94,2%",B,
145933,LEVOTIROXINA SODICA TABLETA 25MCG,99,179,140,108,115,128,89,60,76,51,65,58,98,0,"0,64",2,4,4,6,"0,3786",4,SUAV,"0,1%","94,3%",B,
G003703,GENTAMICINA 80MG/2ML SOL. INYECTABLE ,79,108,64,117,101,99,110,72,75,107,140,89,97,0,"0,06",4,4,4,5,"0,2155",4,SUAV,"0,1%","94,3%",B,
707755,METOPROLOL SUCCINATO TABLETA 50MG,85,88,82,92,174,68,41,83,69,148,142,81,97,0,"0,03",4,4,4,6,"0,3792",4,SUAV,"0,1%","94,4%",B,
702055,SONDA NELATON # 14   ,79,109,72,55,126,146,43,156,90,71,136,67,96,0,"0,01",4,4,4,6,"0,3759",4,SUAV,"0,1%","94,5%",B,
715068,SET DE LINEA (CATETER ARTERIAL CATH 20X8),66,81,79,91,90,97,96,76,120,96,113,129,95,0,"0,67",5,4,3,5,"0,1874",4,SUAV,"0,1%","94,5%",B,
701855,VENDA SEMIELASTICA 6X4.1  ,130,110,81,105,103,127,102,165,92,63,54,0,95,1,"0,35",2,4,4,6,"0,4245",4,SUAV,"0,1%","94,6%",B,
F009101,FLUCONAZOL 200MG CAPSULA ,94,78,39,81,60,105,77,113,93,132,156,95,94,0,"0,40",5,4,4,6,"0,3171",4,SUAV,"0,1%","94,6%",B,
H004701,HEPARINA SODICA 5.000 UI/ML SOL. INYECTABLE,69,92,85,116,114,23,74,64,93,109,118,157,93,0,"0,19",4,4,4,6,"0,3497",4,SUAV,"0,1%","94,7%",B,
718798,SERTRALINA TABLETA 50MG,138,118,38,40,105,87,115,114,93,142,56,45,91,0,"0,03",3,4,4,5,"0,3964",3,SUAV,"0,1%","94,7%",B,
717219,"CLONAZEPAM TABLETA 0,5 MG ",72,115,101,85,81,96,84,31,0,153,175,66,89,1,"0,01",4,3,3,6,"0,5083",3,SUAV,"0,1%","94,8%",B,
C0000047,"CARVEDILOL TABLETA 12,5MG",142,100,146,69,97,45,103,59,64,86,44,98,88,0,"0,31",2,3,3,5,"0,3652",3,SUAV,"0,1%","94,8%",B,
702240,GUANTE ESTERIL 6.5 (PAR),0,0,0,0,0,0,34,245,369,0,199,183,86,7,"0,40",8,3,3,13,"1,4321",3,SUAV,"0,1%","94,9%",B,
701865,VENDA ELASTICA 6X5,73,106,80,83,105,89,124,105,86,68,58,49,86,0,"0,18",3,3,3,5,"0,2435",3,SUAV,"0,1%","94,9%",B,
719819,LINEZOLID 600MG SOL. INYECTABLE ,71,104,61,81,52,54,77,56,129,43,141,140,85,0,"0,19",4,3,3,5,"0,4012",3,SUAV,"0,1%","95,0%",B,
702051,SONDA NELATON # 8,55,70,63,183,53,27,95,142,134,75,75,43,85,0,"0,00",3,3,3,7,"0,5185",3,SUAV,"0,1%","95,0%",B,
730039,"RECONVAN SOLUCIÓN ORAL 1,0KCAL/1ML (500KCAL/500ML)) ALIMENTO LÍQUIDO PARA ADMI",0,45,52,60,32,94,250,189,88,69,21,88,83,1,"0,09",4,3,3,9,"0,8212",3,SUAV,"0,0%","95,1%",B,
715794,GLUTAPAK R POLVO PARA SOLUCIÓN ORAL 15G) ALIMENTO A BASE DE GLUTAMINA Y LACTOB,77,133,51,124,30,49,75,82,105,100,126,37,83,0,"0,00",3,3,3,5,"0,4116",3,SUAV,"0,0%","95,1%",B,
700968,"ENSURE SOLUCIÓN ORAL 1,05KCAL/1ML (248,9KCAL/237ML) ALIMENTO LIQUIDO CON PROTEÍN",107,70,71,138,140,75,38,25,3,187,104,20,82,0,"0,04",3,3,3,7,"0,6512",3,SUAV,"0,0%","95,2%",B,
120900,"(FRESUBIN HP ENERGY SOLUCIÓN ORAL 1,5KCAL/1ML (750KCAL/500ML)) ALIMENTO LÍQUIDO ",24,20,105,92,60,189,42,48,46,107,9,227,81,0,"0,10",5,3,3,8,"0,8031",3,SUAV,"0,0%","95,2%",B,
701277,BOLSA NUTRICION ENTERAL 1500 ML,22,47,42,28,69,81,110,116,120,91,124,112,81,0,"0,79",5,3,3,5,"0,4451",3,SUAV,"0,0%","95,3%",B,
710111,SEDA 2-0 SS623 (SC-2) SOFSILK RECTA,64,80,85,85,78,74,69,82,82,82,109,62,80,0,"0,05",3,3,3,4,"0,1461",3,PROM,"0,0%","95,3%",B,
705297,PIRIDOXINA CÁPSULA 50MG (VITAMINA B6),98,95,30,46,41,35,102,96,94,67,117,119,79,0,"0,20",4,3,3,4,"0,3955",3,SUAV,"0,0%","95,4%",B,
700860,EPINEFRINA 1MG/ML SOL. INYECTABLE ,50,67,117,110,77,84,101,53,102,74,63,34,78,0,"0,09",3,3,3,4,"0,3182",3,SUAV,"0,0%","95,4%",B,
702074,S/TRACH-CARE 14FR S/CERRADO/LARGA 22106,66,66,83,76,78,94,85,72,89,45,75,89,77,0,"0,01",3,3,3,4,"0,1664",3,SUAV,"0,0%","95,5%",C,
702627,LINER FLEX 1000CC TAPA AZUL-GEL SOLIDIFICANTE,64,60,64,74,77,104,78,85,78,78,84,77,77,0,"0,27",3,3,2,4,"0,1443",3,PROM,"0,0%","95,5%",C,
702358,CYSTOFLOW 2000 ML ADULTO,74,74,70,71,83,78,84,81,75,84,72,64,76,0,"0,00",3,3,3,3,"0,0793",3,PROM,"0,0%","95,6%",C,
718001,ESCITALOPRAN 10MG TABLETA ,87,106,60,44,64,84,124,72,146,31,51,20,75,0,"0,08",2,3,3,5,"0,4787",3,SUAV,"0,0%","95,6%",C,
701942,BATA T/XL (BATA PACIENTE),59,121,130,87,85,97,84,73,76,82,0,0,75,2,"0,47",1,3,3,5,"0,5093",3,SUAV,"0,0%","95,7%",C,
702626,LINER FLEX 1500CC TAPA AZUL - GEL SOLIDIFICANTE,32,72,72,79,63,67,88,69,79,74,95,97,74,0,"0,52",4,3,3,4,"0,2201",3,SUAV,"0,0%","95,7%",C,
701848,BACTIGRAS 15X20 ,91,90,54,76,96,98,77,61,51,56,79,55,74,0,"0,27",2,3,2,4,"0,2283",3,SUAV,"0,0%","95,7%",C,
708852,TRAMPA DE LUKEN    ,51,56,39,52,47,70,67,56,70,59,129,171,73,0,"0,53",5,3,3,6,"0,5052",3,SUAV,"0,0%","95,8%",C,
715623,OXICODONA TABLETA DE LIBERACIÓN CONTROLADA 10MG ,41,63,94,78,30,179,83,167,49,0,41,43,73,1,"0,03",2,3,3,6,"0,7011",3,SUAV,"0,0%","95,8%",C,
F008701,FITOMENADIONA 10MG/1ML SOL. INYECTABLE (VITAMINA K),64,53,77,111,81,71,54,52,80,64,82,68,72,0,"0,00",3,3,3,4,"0,2202",3,SUAV,"0,0%","95,9%",C,
E008012,ESPIRONOLACTONA 100MG TABLETA ,52,143,61,93,95,67,34,58,65,81,72,36,72,0,"0,17",2,3,3,5,"0,3932",3,SUAV,"0,0%","95,9%",C,
719059,METADONA TABLETA 10MG ,51,80,0,41,65,41,61,55,60,8,168,203,70,1,"0,31",5,3,3,7,"0,8103",3,SUAV,"0,0%","96,0%",C,
D009705,DEXTROSA AL 10% AGUA DESTILADA 250 ML,76,60,70,75,86,47,52,44,64,77,99,87,70,0,"0,07",3,3,3,4,"0,2318",3,SUAV,"0,0%","96,0%",C,
700646,MILRINONA SOL. INYECTABLE 10MG/10ML,84,72,69,133,71,61,60,83,38,84,16,68,70,0,"0,21",2,3,3,5,"0,3838",3,SUAV,"0,0%","96,0%",C,
N002141,NAPROXENO TABLETA 250MG,61,46,183,100,106,37,121,58,14,60,30,1,69,0,"0,28",1,3,3,7,"0,7126",3,SUAV,"0,0%","96,1%",C,
L003011,LEVODOPA/CARBIDOPA TABLETA 250MG/25MG,98,101,125,116,14,43,107,95,55,56,8,0,69,1,"0,46",1,3,3,5,"0,6187",3,SUAV,"0,0%","96,1%",C,
T020702,TRAMADOL SOL. INYECTABLE 100MG/2ML,17,38,155,74,46,87,113,86,108,15,26,31,67,0,"0,03",2,3,3,6,"0,6363",3,SUAV,"0,0%","96,2%",C,
700067,TRIMETOPRIM/SULFAMETOXAZOL TABLETA 160MG/800MG,74,27,64,131,61,41,56,46,52,38,76,104,65,0,"0,01",3,3,3,5,"0,4317",3,SUAV,"0,0%","96,2%",C,
K0000008,POLIETILENGLICOL/SODIO SULFATO/SODIO BICARBONATO/SODIO CLORURO/POTASIO CLORURO P,43,68,78,56,48,68,69,67,40,76,87,61,64,0,"0,09",3,3,3,3,"0,2152",3,SUAV,"0,0%","96,2%",C,
A008011,ALBENDAZOL TABLETA 200 MG,50,62,37,103,81,92,46,44,26,69,51,92,63,0,"0,00",3,3,3,4,"0,3737",3,SUAV,"0,0%","96,3%",C,
718747,RIFAXIMINA CÁPSULA 200MG,25,109,166,55,98,0,68,49,4,127,0,46,63,2,"0,10",2,3,3,6,"0,8129",3,SUAV,"0,0%","96,3%",C,
C003102,"CALCITRIOL 0,50MCG CÁPSULA ",106,72,58,79,84,37,23,82,19,24,11,144,62,0,"0,05",2,3,3,5,"0,6244",3,SUAV,"0,0%","96,3%",C,
719275,AGUJA P/INSULINA TIPO LAPICERO,95,21,20,163,99,38,11,60,37,61,81,54,62,0,"0,01",2,3,3,6,"0,6640",3,SUAV,"0,0%","96,4%",C,
717763,LACOSAMIDA TABLETA 100MG,0,32,0,135,91,69,0,0,0,239,53,110,61,5,"0,12",4,3,3,8,"1,1595",3,SUAV,"0,0%","96,4%",C,
702019,SONDA ENTERAL 12FR X 43 (ALIMENTACION)   ,44,50,45,52,38,85,67,58,58,51,68,96,60,0,"0,39",3,2,2,4,"0,2741",2,SUAV,"0,0%","96,5%",C,
700587,MEPERIDINA 100MG/2ML SOL. INYECTABLE,26,48,61,54,31,34,88,105,78,104,48,32,60,0,"0,12",3,2,2,4,"0,4524",2,SUAV,"0,0%","96,5%",C,
702075,S/TRACH-CARE 16FR S/CERRADO/22606,62,41,27,49,33,55,82,66,42,58,74,103,58,0,"0,38",3,2,2,4,"0,3574",2,SUAV,"0,0%","96,5%",C,
R008703,AGUA ESTERIL PARA IRRIGACION 3000 ML ,115,49,48,64,27,58,85,77,56,30,45,31,58,0,"0,22",2,2,2,4,"0,4221",2,SUAV,"0,0%","96,6%",C,
706722,CALCIO CARBONATO/VITAMINA D TABLETA 600MG/125UI,98,45,220,85,39,17,69,24,0,80,0,0,57,3,"0,34",-1,2,2,8,"1,0454",2,SUAV,"0,0%","96,6%",C,
120898,"FRESUBIN HP ENERGY SOLUCIÓN ORAL 1,5KCAL/1ML (1500KCAL/1000ML) ALIMENTO LÍQUIDO ",25,21,31,41,37,32,4,30,66,84,184,112,56,0,"0,52",5,2,2,7,"0,8588",2,SUAV,"0,0%","96,6%",C,
M011011,METFORMINA TABLETA 850MG,66,12,90,65,92,97,124,21,30,45,4,4,55,0,"0,20",1,2,2,5,"0,7093",2,SUAV,"0,0%","96,7%",C,
H011161,FERROSO SULFATO 300MG TABLETA ,12,25,24,47,28,35,63,57,53,25,97,161,53,0,"0,55",4,2,2,6,"0,7465",2,SUAV,"0,0%","96,7%",C,
730041,(FRESUBIN HP SOLUCIÓN ORAL 2KCAL/1ML (1000KCAL/500ML)) ALIMENTO LÍQUIDO PARA AD,108,0,52,126,18,1,13,56,136,10,8,97,53,1,"0,00",2,2,2,5,"0,9338",2,SUAV,"0,0%","96,7%",C,
V0000012,VASOPRESINA 20UI/ML SOL. INYECTABLE ,50,56,55,35,65,25,61,21,58,49,70,80,53,0,"0,10",3,2,2,3,"0,3181",2,SUAV,"0,0%","96,8%",C,
700142,WARFARINA SODICA TABLETA 5MG,42,71,77,69,53,69,60,70,33,43,29,11,53,0,"0,45",1,2,2,3,"0,3736",2,SUAV,"0,0%","96,8%",C,
730242,COLISTIMETATO 150 MG - EQUIVALENTE A 150 MG DE COLISTINA BASE,36,18,65,17,13,10,8,95,150,28,88,95,52,0,"0,28",4,2,2,5,"0,8456",2,SUAV,"0,0%","96,8%",C,
701930,PRESTOBARBA    ,36,52,45,66,65,64,53,45,46,41,46,55,52,0,"0,00",2,2,2,3,"0,1805",2,SUAV,"0,0%","96,8%",C,
153257,ANFOTERICINA B LIPOSOMAL 50MG POLVO LIOFILIZADO 50MG,26,0,0,90,66,50,113,72,25,94,18,54,51,2,"0,09",3,2,2,4,"0,7043",2,SUAV,"0,0%","96,9%",C,
702641,MASCARA VENTURY ADULTO,47,36,41,52,48,63,62,55,40,53,57,52,51,0,"0,18",2,2,2,3,"0,1592",2,SUAV,"0,0%","96,9%",C,
730063,SURVIMED OPD SOLUCIÓN ORAL 1KCAL/1ML (1000KCAL/1000ML)) ALIMENTO LIQUIDO OLIGO,67,102,63,38,23,89,60,29,31,78,24,0,51,1,"0,32",1,2,2,4,"0,5777",2,SUAV,"0,0%","96,9%",C,
730134,CLOROQUINA 150MG TABLETA ,49,40,89,91,99,47,25,13,74,62,4,0,50,1,"0,27",1,2,2,4,"0,6593",2,SUAV,"0,0%","97,0%",C,
A013012,ALOPURINOL TABLETA 300MG,28,24,0,74,52,93,16,81,13,92,51,53,49,1,"0,12",3,2,2,4,"0,6264",2,SUAV,"0,0%","97,0%",C,
M016011,METOCLOPRAMIDA TABLETA 10MG,20,25,104,55,30,83,23,24,49,20,88,44,48,0,"0,00",2,2,2,4,"0,5904",2,SUAV,"0,0%","97,0%",C,
A020702,AMIKACINA 500MG/2ML SOL. INYECTABLE ,23,58,40,41,100,8,50,74,54,34,29,41,46,0,"0,00",2,2,2,4,"0,5027",2,SUAV,"0,0%","97,0%",C,
730034,(FRESUBIN ORIGINAL SOLUCIÓN ORAL 1KCAL/1ML (1000KCAL/1000ML)) ALIMENTO LÍQUIDO ,94,43,58,49,55,64,42,13,11,38,36,38,46,0,"0,43",1,2,2,4,"0,4620",2,SUAV,"0,0%","97,1%",C,
707121,CIPROFLOXACINO 500MG TABLETA,41,64,3,51,30,13,83,41,78,85,30,22,46,0,"0,02",2,2,2,3,"0,5727",2,SUAV,"0,0%","97,1%",C,
701429,SEDA 2-0 623H (KS)75CM  ,64,80,85,85,60,2,0,0,0,82,17,61,45,3,"0,17",1,2,2,3,"0,7946",2,SUAV,"0,0%","97,1%",C,
P039701,"POTASIO FOSFATO DIBASICO/MONOBASICO SOLUCIÓN INYECTABLE 3,8MEQ/2,6MM/1ML (38MEQ",64,29,44,36,30,37,68,44,81,52,23,29,45,0,"0,00",2,2,2,3,"0,3850",2,SUAV,"0,0%","97,2%",C,
A034011,AZATIOPRINA 50MG TABLETA,55,60,71,36,77,64,25,8,23,46,60,8,45,0,"0,28",1,2,2,3,"0,5096",2,SUAV,"0,0%","97,2%",C,
705505,GASA ESTERIL 7.5 X 7.5 ,10,52,61,76,57,28,102,69,74,0,0,0,45,3,"0,11",1,2,2,4,"0,7496",2,SUAV,"0,0%","97,2%",C,
19973360,DOBUTAMINA 250MG/20ML SOL. INYECTABLE,71,42,55,58,42,62,25,33,15,57,29,34,44,0,"0,34",1,2,2,3,"0,3707",2,SUAV,"0,0%","97,2%",C,
700307,PREPARADO MAGISTRAL DE OMEPRAZOL ENTERAL 20 MG/10 ML,0,0,1,0,3,47,81,48,71,84,117,58,43,3,"0,74",4,2,2,4,"0,9146",2,SUAV,"0,0%","97,3%",C,
702417,HUMIDIFICADOR 3PSI,21,35,42,37,43,50,54,52,50,41,49,42,43,0,"0,38",2,2,2,2,"0,2043",2,SUAV,"0,0%","97,3%",C,
N0000018,NITAZOXANIDA TABLETA 500MG,0,0,0,0,0,0,1,0,0,4,61,436,42,8,"0,29",6,2,2,15,"2,8574",2,SUAV,"0,0%","97,3%",C,
M026721,MEROPENEM POLVO LIOFILIZADO 500MG,54,45,39,17,52,11,23,86,76,29,15,54,42,0,"0,00",2,2,2,3,"0,5474",2,SUAV,"0,0%","97,3%",C,
I017471,IPRATROPIO BROMURO SUSPENSIÓN PARA INHALACIÓN 20MCG//1PUFF/200PUFF,37,37,40,47,52,48,49,45,48,38,25,27,42,0,"0,13",2,2,2,2,"0,1979",2,SUAV,"0,0%","97,4%",C,
C008142,CEFALEXINA 500MG CAPSULA ,80,15,89,58,8,0,0,136,10,28,67,5,42,2,"0,03",1,2,2,5,"1,0047",2,SUAV,"0,0%","97,4%",C,
700980,(PEPTAMEN PREBIO SOL. ORAL 1KCAL/1ML (250KCAL/250ML)) ALIMENTO LIQUIDO CON PROTE,0,17,0,0,35,2,38,133,115,0,156,0,42,5,"0,22",4,2,2,6,"1,3347",2,SUAV,"0,0%","97,4%",C,
704252,CASPOFUNGINA 50MG POLVO LIOFILIZADO ,29,71,54,6,8,47,39,50,44,48,41,44,41,0,"0,01",2,2,2,3,"0,4286",2,SUAV,"0,0%","97,4%",C,
M013721,METILPREDNISOLONA SUCCINATO 500MG POLVO LIOFILIZADO ,49,52,39,46,33,21,38,38,19,49,74,33,41,0,"0,00",2,2,2,3,"0,3447",2,SUAV,"0,0%","97,5%",C,
713258,"ALPRAZOLAM TABLETA 0,50 MG ",59,75,10,18,28,67,81,26,39,15,39,30,41,0,"0,07",1,2,2,3,"0,5652",2,SUAV,"0,0%","97,5%",C,
703789,RISPERIDONA 1 MG TABLETA ,58,77,0,46,39,110,67,5,0,38,14,28,41,2,"0,14",1,2,2,4,"0,7906",2,SUAV,"0,0%","97,5%",C,
710703,HIDROXICARBAMIDA CÁPSULA 500MG,61,113,103,53,0,62,33,9,0,33,14,0,41,3,"0,56",-1,2,2,4,"0,9160",2,SUAV,"0,0%","97,5%",C,
D010701,DEXTROSA 5% EN SOL. SALINA 0.9% 500 ML,53,49,57,13,45,58,3,2,32,42,68,47,40,0,"0,00",2,2,2,3,"0,5264",2,SUAV,"0,0%","97,6%",C,
700948,MEDROXIPROGESTERONA ACETATO SUSPENSIÓN INYECTABLE 50MG/ML (150MG/3ML),52,84,94,85,42,37,24,1,0,61,0,0,40,3,"0,56",-1,2,2,4,"0,8555",2,SUAV,"0,0%","97,6%",C,
C035251,COLESTIRAMINA 4G POLVO PARA SOLUCIÓN ORAL,9,20,62,69,7,27,82,3,66,55,10,57,39,0,"0,03",2,2,2,3,"0,7081",2,SUAV,"0,0%","97,6%",C,
708786,SENSOR NEONATAL PULSOXIMETRO,16,44,37,31,39,50,64,39,41,33,42,27,39,0,"0,02",2,2,2,3,"0,2923",2,SUAV,"0,0%","97,6%",C,
730038,"SURVIMED OPD SOLUCIÓN ORAL 1,33KCAL/1ML (665KCAL/500ML)) ALIMENTO LIQUIDO OLIG",14,9,20,38,57,22,19,76,61,72,51,19,39,0,"0,26",3,2,2,3,"0,5911",2,SUAV,"0,0%","97,6%",C,
706682,QUETIAPINA TABLETA 100MG,0,24,21,16,10,0,103,36,98,0,82,63,38,3,"0,29",3,2,2,4,"0,9751",2,SUAV,"0,0%","97,7%",C,
702054,SONDA NELATON # 12 ,15,41,46,18,58,38,47,42,26,69,15,36,38,0,"0,02",2,2,2,3,"0,4253",2,SUAV,"0,0%","97,7%",C,
716842,TERLIPRESINA ACETATO 1MG,1,6,167,32,27,25,72,5,72,41,0,0,38,2,"0,04",1,2,2,6,"1,2167",2,SUAV,"0,0%","97,7%",C,
C003101,"CALCITRIOL 0,25MCG CÁPSULA ",24,39,97,23,28,31,2,18,6,46,66,57,37,0,"0,00",2,2,2,4,"0,6957",2,SUAV,"0,0%","97,7%",C,
C031321,CLOTRIMAZOL CREMA TÓPICA 1% ,74,52,41,53,30,23,28,12,40,45,21,20,37,0,"0,47",1,2,2,3,"0,4571",2,SUAV,"0,0%","97,8%",C,
D0000011,DILTIAZEM 60MG TABLETA ,17,16,0,37,54,9,50,25,52,24,23,118,36,1,"0,31",3,2,2,4,"0,8301",2,SUAV,"0,0%","97,8%",C,
701452,NITROGLICERINA SOLUCIÓN INYECTABLE 50MG/250ML,16,25,31,31,49,61,36,27,58,24,25,44,36,0,"0,07",2,2,2,3,"0,3809",2,SUAV,"0,0%","97,8%",C,
A024011,AMITRIPTILINA 25MG TABLETA ,5,36,17,11,53,16,72,32,67,26,55,33,36,0,"0,22",2,2,2,3,"0,5877",2,SUAV,"0,0%","97,8%",C,
157471,OCTEOTRIDE ACETATO SOLUCIÓN INYECTABLE 20MG,21,13,0,44,84,108,3,157,0,0,0,0,36,5,"0,01",1,2,2,6,"1,4008",2,SUAV,"0,0%","97,8%",C,
700631,"OCTREOTIDE SOLUCIÓN INYECTABLE 0,1MG/1ML",21,13,0,44,84,108,3,157,0,0,0,0,36,5,"0,01",1,2,2,6,"1,4008",2,SUAV,"0,0%","97,9%",C,
730189,APOSITO PERIFERICO IV3000 7X9CM (TEGADERM PERIFERICO),0,0,0,0,0,0,0,0,0,429,0,0,36,11,"0,09",4,2,2,15,"3,2936",2,SUAV,"0,0%","97,9%",C,
S010721,NITROPRUSIATO POLVO LIOFILIZADO 50MG,0,33,30,2,38,48,23,24,64,47,55,50,35,1,"0,49",2,2,2,3,"0,5467",2,SUAV,"0,0%","97,9%",C,
700887,"BETAMETILDIGOXINA 0,2MG/2ML SOL. INYECTABLE",41,23,48,13,51,29,60,33,16,29,32,37,35,0,"0,01",2,2,2,2,"0,3832",2,SUAV,"0,0%","97,9%",C,
700974,GLUCERNA SOLUCIÓN ORAL 1KCAL/1ML (1500KCAL/1500ML)) ALIMENTO LÍQUIDO PARA PROP,30,24,0,15,89,55,69,63,5,20,26,20,35,1,"0,00",2,2,2,3,"0,7585",2,SUAV,"0,0%","97,9%",C,
700021,ALFAMETILDOPA TABLETA 250MG,52,61,21,8,31,110,15,3,66,27,19,5,35,0,"0,09",1,2,2,4,"0,8704",2,SUAV,"0,0%","98,0%",C,
152912,PARACETAMOL SOLUCIÓN INYECTABLE 1G/100ML,93,40,51,2,4,57,57,7,67,29,4,0,35,1,"0,22",1,2,2,4,"0,8526",2,SUAV,"0,0%","98,0%",C,
730066,EQUIPO DE INFUSION DE LIQUIDOS FOTOSENSIBLES,25,31,28,24,32,40,35,30,50,33,33,38,34,0,"0,32",2,2,2,2,"0,1992",2,SUAV,"0,0%","98,0%",C,
713099,CATETER VENOSO CENTRAL TRILUMEN (CVC) 7FRX20CM ,25,38,31,33,32,44,38,32,35,26,37,33,34,0,"0,01",2,2,1,2,"0,1482",2,PROM,"0,0%","98,0%",C,
700441,POTASIO GLUCONATO ELIXIR 20MEQ/15ML ,47,23,31,34,30,39,28,39,38,24,40,28,34,0,"0,02",2,2,2,2,"0,2053",2,SUAV,"0,0%","98,0%",C,
C034011,"COLCHICINA 0,5MG TABLETA",9,35,42,17,32,110,28,77,23,21,5,0,34,1,"0,03",1,2,2,4,"0,8874",2,SUAV,"0,0%","98,1%",C,
R005101,RIFAMPICINA CÁPSULA 300MG,92,2,18,79,88,6,0,36,0,38,2,32,33,2,"0,15",1,2,2,4,"1,0243",2,SUAV,"0,0%","98,1%",C,
704102,HIERRO SACAROSA SOL. INYECTABLE 100MG/5ML,27,43,22,51,28,8,25,32,29,44,56,30,33,0,"0,05",2,2,2,2,"0,3884",2,SUAV,"0,0%","98,1%",C,
151766,CLOBAZAM TABLETA 10 MG ,0,0,0,99,67,51,0,0,0,169,0,0,33,8,"0,01",2,2,2,6,"1,5900",2,SUAV,"0,0%","98,1%",C,
H0000004,L-ASPARTATO/L-ORNITINA SOLUCIÓN INYECTABLE 5G/10ML,0,66,43,59,101,0,59,0,36,19,12,0,33,4,"0,15",1,2,2,4,"0,9649",2,SUAV,"0,0%","98,1%",C,
705632,SALBUTAMOL SUSP. PARA INHALACIÓN 100MCG//1PUFF/200PUFF,34,16,32,43,39,36,48,32,36,28,14,16,32,0,"0,11",1,2,2,2,"0,3260",2,SUAV,"0,0%","98,2%",C,
L0000017,INSULINA GLARGINA 100UI/ML x 10 ML (1000UI) SOL. INYECTABLE ,35,29,31,19,42,42,35,13,30,30,31,30,31,0,"0,02",1,2,2,2,"0,2545",2,SUAV,"0,0%","98,2%",C,
708363,CIANOCOBALAMINA 1MG/1ML (VITAMINA B12) SOL. INYECTABLE,3,45,20,16,66,32,42,13,18,31,61,17,31,0,"0,02",2,2,2,3,"0,6076",1,SUAV,"0,0%","98,2%",C,
D0000020,"DIPIRONA 2,5G/5ML SOL. INYECTABLE ",23,0,0,0,0,11,8,27,100,0,65,121,30,5,"0,44",3,1,1,5,"1,3542",1,SUAV,"0,0%","98,2%",C,
G003704,GENTAMICINA 160MG/2ML SOL. INYECTABLE ,11,33,45,25,8,19,47,48,20,19,39,40,30,0,"0,08",2,1,1,2,"0,4551",1,SUAV,"0,0%","98,2%",C,
706670,ACICLOVIR TABLETA 800MG,22,13,73,0,37,1,0,0,0,189,16,6,30,4,"0,02",2,1,1,7,"1,7412",1,SUAV,"0,0%","98,3%",C,
C046101,CALCIO CARBONATO/VITAMINA D TABLETA 600MG/200UI,7,4,9,12,3,4,2,27,29,3,62,176,29,0,"0,40",3,1,1,6,"1,6416",1,SUAV,"0,0%","98,3%",C,
700821,DALTEPARINA SODICA 5.000 UI (ANTIFACTOR XA) SOL. INYECTABLE,42,79,26,25,0,34,47,3,4,37,0,45,29,2,"0,13",1,1,1,3,"0,7928",1,SUAV,"0,0%","98,3%",C,
702063,SONDA SUCCION # 12,20,15,9,33,84,3,2,75,33,15,16,38,29,0,"0,01",2,1,1,3,"0,8734",1,SUAV,"0,0%","98,3%",C,
V0000004,VALSARTAN TABLETA 160MG,7,61,37,70,74,16,6,9,22,0,22,18,29,1,"0,21",1,1,1,3,"0,8582",2,SUAV,"0,0%","98,3%",C,
715576,DORIPENEM POLVO LIOFILIZADO 500MG,4,0,0,0,0,46,0,0,0,5,199,74,28,7,"0,30",3,1,1,7,"2,0168",1,SUAV,"0,0%","98,3%",C,
702061,SONDA SUCCION # 8   ,15,28,19,26,9,4,32,36,36,20,62,42,28,0,"0,38",2,1,1,3,"0,5403",1,SUAV,"0,0%","98,4%",C,
717864,"TAMSULOSINA CÁPSULA DE LIBERACIÓN CONTROLADA 0,4MG",25,20,16,41,56,53,26,26,25,24,1,12,28,0,"0,13",1,1,1,2,"0,5458",1,SUAV,"0,0%","98,4%",C,
A002451,BECLOMETASONA 50MCG/ PUFF SOL. PARA INHALACIÓN,28,28,36,46,30,27,46,28,30,22,8,6,28,0,"0,37",1,1,1,2,"0,4176",1,SUAV,"0,0%","98,4%",C,
162958,INDACATEROL/GLICOPIRRONIO POLVO PARA INHALACIÓN EN CÁPSULA 110MCG/50MCG,0,90,30,60,60,0,30,0,30,30,0,0,28,5,"0,22",1,1,1,3,"1,0219",1,SUAV,"0,0%","98,4%",C,
703730,S/TRACH-CARE 14FR/ 4445P02514  CORTA ,7,15,22,20,27,46,40,33,23,9,40,39,27,0,"0,25",2,1,1,2,"0,4582",1,SUAV,"0,0%","98,4%",C,
702021,SONDA FOLEY 2 VIAS 16FRX30CM   ,27,27,29,35,33,21,34,35,24,0,25,23,27,1,"0,16",1,1,1,2,"0,3383",1,SUAV,"0,0%","98,4%",C,
B005701,BETAMETASONA 4MG/1ML SOL. INYECTABLE,18,42,15,24,31,27,27,16,24,12,46,25,26,0,"0,00",1,1,1,2,"0,3799",1,SUAV,"0,0%","98,4%",C,
T012011,TINIDAZOL TABLETA 500MG,0,4,16,8,54,25,18,26,8,20,39,74,25,1,"0,38",2,1,1,3,"0,8353",1,SUAV,"0,0%","98,5%",C,
701479,"SODIO CLORURO ENEMA RECTAL 2,5G/1000ML",17,15,30,27,21,29,28,22,17,32,30,24,25,0,"0,15",1,1,1,2,"0,2241",1,SUAV,"0,0%","98,5%",C,
A013011,ALOPURINOL TABLETA 100MG,4,24,41,17,37,17,0,63,60,28,0,0,25,3,"0,00",1,1,1,3,"0,8576",1,SUAV,"0,0%","98,5%",C,
T0000001,TIGECICLINA 50MG POLVO PARA RECONSTITUCION,7,47,30,46,25,49,7,9,7,0,20,33,24,1,"0,10",1,1,1,2,"0,7049",1,SUAV,"0,0%","98,5%",C,
702060,S/SUCCION  6 1129,28,6,8,5,6,12,43,57,34,19,36,23,24,0,"0,22",2,1,1,2,"0,6735",1,SUAV,"0,0%","98,5%",C,
F013141,FLUOXETINA 20M GCAPSULA ,57,35,36,22,8,0,4,11,0,65,20,23,24,2,"0,06",1,1,1,3,"0,8530",1,SUAV,"0,0%","98,5%",C,
700967,"ENSURE PLUS HN SOLUCIÓN ORAL 1,5KCAL/1ML (1500KCAL/1000ML) ALIMENTO DE USO ESPEC",2,47,29,7,9,60,87,12,0,5,19,9,24,1,"0,03",1,1,1,3,"1,0857",1,SUAV,"0,0%","98,5%",C,
H013021,N-BUTILBROMURO HIOSCINA TABLETA 10MG,33,49,1,0,33,72,0,16,30,23,35,0,25,3,"0,03",1,1,1,3,"0,8617",1,SUAV,"0,0%","98,6%",C,
I004721,IMIPENEM/CILASTATINA 500MG/500MG POLVO LIOFILIZADO ,0,0,19,0,19,0,0,0,12,228,3,0,24,7,"0,09",2,1,1,8,"2,5876",1,SUAV,"0,0%","98,6%",C,
V0000011,VORICONAZOL POLVO LIOFILIZADO 200MG,0,0,16,0,0,0,46,28,16,138,36,0,24,6,"0,20",2,1,1,5,"1,5783",1,SUAV,"0,0%","98,6%",C,
702052,SONDA NELATON # 10   ,16,30,13,26,43,8,9,25,24,24,17,41,23,0,"0,04",1,1,1,2,"0,4686",1,SUAV,"0,0%","98,6%",C,
717923,INSULINA GLULISINA SOL. INYECTABLE 100UI/ML x 10ML (1000UI),22,18,27,13,23,27,18,15,24,17,26,36,23,0,"0,12",1,1,1,2,"0,2673",1,SUAV,"0,0%","98,6%",C,
700966,JEVITY SOLUCIÓN ORAL 1KCAL/1ML (1500KCAL/1500ML)) ALIMENTO PARA PROPÓSITOS MÉD,3,21,18,9,33,4,28,25,27,41,27,29,23,0,"0,41",2,1,1,2,"0,4856",1,SUAV,"0,0%","98,6%",C,
719225,"DUTASTERIDA/TAMSULOSINA CÁPSULA 0,5MG/0,4MG (0,9MG)",19,21,12,42,39,8,17,17,42,0,25,26,23,1,"0,00",1,1,1,2,"0,5546",1,SUAV,"0,0%","98,6%",C,
P0000025,POLIMIXINA B SOLUCIÓN INYECTABLE 500000UI,0,13,0,7,4,45,2,0,19,39,93,37,22,3,"0,40",2,1,1,4,"1,2149",1,SUAV,"0,0%","98,7%",C,
700971,"(OSMOLITE HN PLUS SOLUCIÓN ORAL 1,2KCAL/1ML (1800KCAL/1500ML)) ALIMENTO PARA PR",32,39,30,45,29,21,5,4,0,5,11,35,22,1,"0,33",1,1,1,2,"0,6822",1,SUAV,"0,0%","98,7%",C,
131059,HIDROXICLOROQUINA SULFATO TABLETA 200MG,0,0,0,3,4,0,0,0,0,0,233,21,22,8,"0,19",3,1,1,8,"2,9069",1,SUAV,"0,0%","98,7%",C,
P0000013,PREGABALINA CÁPSULA 150MG,76,12,14,36,28,22,29,0,2,19,0,15,22,2,"0,36",-1,1,1,3,"0,9069",1,SUAV,"0,0%","98,7%",C,
145537,CISATRACURIO 10MG/5ML SOL. INYECTABLE,0,0,25,0,0,87,0,0,0,0,152,0,22,9,"0,08",2,1,1,6,"2,0949",1,SUAV,"0,0%","98,7%",C,
716715,CLONAZEPAM TABLETA 2 MG ,1,7,10,0,12,12,1,8,3,97,55,36,21,1,"0,38",2,1,1,4,"1,3300",1,SUAV,"0,0%","98,7%",C,
D031141,DOXICICLINA 100MG TABLETA ,0,52,18,62,5,4,3,10,30,11,17,35,21,1,"0,01",1,1,1,3,"0,9194",1,SUAV,"0,0%","98,7%",C,
E0000017,ERTAPENEM POLVO LIOFILIZADO 1G ,39,13,20,40,21,21,32,4,8,32,0,12,21,1,"0,25",1,1,1,2,"0,6091",1,SUAV,"0,0%","98,7%",C,
V000000013,VORICONAZOL TABLETA 200MG,13,0,0,20,0,0,0,2,58,24,58,57,20,5,"0,50",2,1,1,2,"1,1762",1,SUAV,"0,0%","98,8%",C,
700741,SACUBITRIL/ VALSARTAN 50 MG TABLETA,1,9,40,15,5,23,34,22,3,24,36,22,20,0,"0,12",1,1,1,2,"0,6296",1,SUAV,"0,0%","98,8%",C,
702045,SONDA NASOGASTRICA # 16   ,20,18,7,23,26,14,22,29,29,12,12,19,20,0,"0,00",1,1,1,1,"0,3361",1,SUAV,"0,0%","98,8%",C,
702696,TUBO ENDOTRAQUEAL 7.5 C/BL,10,12,10,19,19,26,32,13,33,22,24,16,20,0,"0,25",1,1,1,2,"0,3815",1,SUAV,"0,0%","98,8%",C,
701847,BACTIGRAS 10X10 ,20,12,21,28,15,14,16,53,25,11,12,11,20,0,"0,01",1,1,1,2,"0,5675",1,SUAV,"0,0%","98,8%",C,
E007141,ERITROMICINA 500MG TABLETA ,0,37,42,0,13,20,6,28,11,0,23,39,19,3,"0,01",1,1,1,2,"0,7889",1,SUAV,"0,0%","98,8%",C,
701278,SET ENTERAL TAPA ROSCA Y PUNZON,80,22,13,17,11,9,7,5,1,24,2,29,19,0,"0,20",1,1,1,3,"1,0751",1,SUAV,"0,0%","98,8%",C,
700639,ANFOTERICINA B 50MG POLVO LIOFILIZADO ,0,2,26,19,14,2,2,35,33,3,61,28,19,1,"0,30",2,1,1,3,"0,9432",1,SUAV,"0,0%","98,8%",C,
H014701,HIDROXICINA CLORHIDRATO SOL. 100MG/1ML,12,16,24,16,19,14,19,18,10,31,27,18,19,0,"0,15",1,1,1,2,"0,3064",1,SUAV,"0,0%","98,8%",C,
D023011,DIMENHIDRINATO 50MG TABLETA,5,0,1,4,43,46,9,41,3,30,36,2,19,1,"0,09",1,1,1,2,"0,9542",1,SUAV,"0,0%","98,9%",C,
703187,CANISTER 1100ML,21,14,20,26,27,32,17,24,10,14,18,0,19,1,"0,25",1,1,1,2,"0,4316",1,SUAV,"0,0%","98,9%",C,
A002011,ACETAZOLAMIDA 250MG TABLETA ,17,0,4,17,6,64,10,30,0,15,0,43,18,3,"0,04",1,1,1,3,"1,0472",1,SUAV,"0,0%","98,9%",C,
700605,INMUNOGLOBULINA HUMANA NORMAL  6 GR/200ML SOL. INYECTABLE,0,93,28,0,9,11,43,0,24,0,0,0,18,6,"0,17",-1,1,1,4,"1,4746",1,SUAV,"0,0%","98,9%",C,
L004011,LEVOMEPROMAZINA TABLETA 25MG,72,103,15,0,0,0,0,0,0,25,0,0,18,8,"0,37",-1,1,1,4,"1,8138",1,SUAV,"0,0%","98,9%",C,
D029701,DOPAMINA 200MG/5ML SOL. INYECTABLE ,4,32,9,4,5,1,8,21,3,7,61,38,17,0,"0,21",2,1,1,3,"1,0450",1,SUAV,"0,0%","98,9%",C,
700800,HALOPERIDOL 5MG TABLETA  ,24,0,11,16,18,0,23,1,0,80,5,17,17,3,"0,04",1,1,1,3,"1,2423",1,SUAV,"0,0%","98,9%",C,
702079,BRAZALETE NEO/3,12,17,10,12,17,17,27,22,17,19,12,17,17,0,"0,11",1,1,1,1,"0,2690",1,SUAV,"0,0%","98,9%",C,
N009231,NISTATINA SUSPENSIÓN ORAL 100000UI/1ML (6000000UI/60ML),9,14,18,10,14,19,28,18,12,20,23,13,17,0,"0,15",1,1,1,1,"0,3136",1,SUAV,"0,0%","98,9%",C,
700544,SOMATOSTATINA POLVO LIOFILIZADO 3MG,0,0,3,64,0,4,23,0,0,0,51,43,16,6,"0,11",1,1,1,3,"1,4154",1,SUAV,"0,0%","98,9%",C,
V016011,VERAPAMILO TABLETA 120MG,15,59,44,4,0,4,2,16,0,0,0,37,16,4,"0,13",1,1,1,2,"1,2201",1,SUAV,"0,0%","99,0%",C,
715460,BOLSA ACTIVE LIFE ADULTO-22771 ,23,5,1,7,14,19,39,19,17,8,19,21,16,0,"0,09",1,1,1,2,"0,6054",1,SUAV,"0,0%","99,0%",C,
H001201,HALOPERIDOL 2MG/20 GOTAS SOL. ORAL,17,15,9,22,26,14,19,6,10,23,9,17,16,0,"0,02",1,1,1,1,"0,3754",1,SUAV,"0,0%","99,0%",C,
I008701,INSULINA ZINC CRISTALINA SOL. INYECTABLE 100UI/ML x 10ML (1000UI),15,15,15,11,19,15,20,11,17,15,12,16,16,0,"0,00",1,1,1,1,"0,1682",1,SUAV,"0,0%","99,0%",C,
717825,TENOFOVIR/EMTRICITABINA 300MG/200MG TABLETA,36,13,50,45,0,1,3,3,3,4,12,15,16,1,"0,29",-1,1,1,2,"1,0751",1,SUAV,"0,0%","99,0%",C,
L0000009,LABETALOL SOLUCIÓN INYECTABLE 100MG/20ML,60,8,6,6,10,1,8,17,3,38,19,11,16,0,"0,02",1,1,1,2,"1,0224",1,SUAV,"0,0%","99,0%",C,
710768,CYSTOFLOW 500 ML,20,25,27,15,17,10,5,11,13,26,11,7,16,0,"0,27",1,1,1,1,"0,4474",1,SUAV,"0,0%","99,0%",C,
730138,OSELTAMIVIR CAPSULA 75MG,40,18,8,12,10,38,44,0,15,4,0,0,16,3,"0,25",1,1,1,2,"0,9676",1,SUAV,"0,0%","99,0%",C,
702452,STOMAHESIVE PASTA TBX2 ONZ.,20,5,4,4,9,12,22,18,36,12,7,31,15,0,"0,22",1,1,1,2,"0,6777",1,SUAV,"0,0%","99,0%",C,
T009141,TIAMINA 300MG TABLETA ,23,0,10,3,0,2,50,26,7,9,14,31,15,2,"0,09",1,1,1,2,"0,9724",1,SUAV,"0,0%","99,0%",C,
702310,BARRERA STOMAHESIVE 20MMX20MM LISA ,19,2,7,0,5,20,31,13,24,11,13,25,15,1,"0,20",1,1,1,2,"0,6241",1,SUAV,"0,0%","99,0%",C,
705961,MESALAZINA TABLETA 500MG,12,0,0,0,54,31,0,46,0,8,0,18,15,6,"0,00",1,1,1,2,"1,2390",1,SUAV,"0,0%","99,1%",C,
G0000001,GABAPENTIN CÁPSULA 300MG,0,0,0,142,39,0,0,0,0,0,0,0,16,10,"0,06",-1,1,1,5,"2,4840",1,SUAV,"0,0%","99,1%",C,
A025142,AMOXICILINA 500MG CAPSULA ,30,26,24,0,0,0,22,0,0,15,0,50,14,6,"0,00",1,1,1,2,"1,1363",1,SUAV,"0,0%","99,1%",C,
702323,BOLSA OSTOMIA OP/57 - 60 MM ,5,15,19,13,22,3,7,8,21,24,11,16,14,0,"0,05",1,1,1,1,"0,4786",1,SUAV,"0,0%","99,1%",C,
171762,"NEPRO BP SOLUCIÓN ORAL 1,8KCAL/1ML (426,6KCAL/237ML)) ALIMENTO PARA PROPÓSITOS",22,19,0,0,25,41,0,6,0,17,30,7,14,4,"0,00",1,1,1,2,"0,9451",1,SUAV,"0,0%","99,1%",C,
716204,KETAMINA SOL. INYECTABLE 500MG,1,3,3,72,70,2,0,3,5,1,2,1,14,1,"0,07",1,1,1,3,"1,8365",1,SUAV,"0,0%","99,1%",C,
702022,SONDA FOLEY 2 VÍAS 18FRX5CM ,0,0,13,17,26,18,26,27,13,27,0,0,14,4,"0,01",1,1,1,1,"0,7816",1,SUAV,"0,0%","99,1%",C,
702473,FENOBARBITAL SOLUCIÓN INYECTABLE 40 MG/1ML ,19,7,28,12,12,5,4,0,13,40,23,0,14,2,"0,00",1,1,1,2,"0,8266",1,SUAV,"0,0%","99,1%",C,
702023,SONDA FOLEY 2 VÍAS 18FRX30CM    ,29,23,12,7,5,0,0,3,15,0,27,25,13,3,"0,01",1,1,1,1,"0,8308",1,SUAV,"0,0%","99,1%",C,
702302,BARRERA STOMAHESIVE 57 - 60 MM ,4,12,17,17,14,3,9,8,20,18,14,18,13,0,"0,16",1,1,1,1,"0,4188",1,SUAV,"0,0%","99,1%",C,
702695,TUBO ENDOTRAQUEAL 8.0 C/BL,26,9,12,12,7,15,14,4,9,13,10,14,13,0,"0,11",1,1,1,1,"0,4003",1,SUAV,"0,0%","99,1%",C,
701843,ALGODON LAMINADO 6X5,11,8,8,15,8,19,24,19,10,8,2,13,13,0,"0,00",1,1,1,1,"0,4556",1,SUAV,"0,0%","99,1%",C,
707118,AZITROMICINA TABLETA 500MG,8,0,13,8,0,0,3,0,14,13,77,12,13,4,"0,21",1,1,1,3,"1,5574",1,SUAV,"0,0%","99,1%",C,
710045,SEDA 3-0 SS684( C-14)SOFSILK,6,12,16,13,13,10,23,14,15,5,19,8,13,0,"0,01",1,1,1,1,"0,3831",1,SUAV,"0,0%","99,2%",C,
702251,BISTURI # 15 ,19,15,15,25,8,11,12,14,7,14,8,7,13,0,"0,41",1,1,1,1,"0,3953",1,SUAV,"0,0%","99,2%",C,
719540,"GLUCERNA SOLUCIÓN ORAL 1,5KCAL/1ML (1500KCAL/1000ML)) ALIMENTO LÍQUIDO PARA PR",11,0,26,11,30,18,2,19,5,17,3,5,13,1,"0,06",1,1,1,1,"0,7210",1,SUAV,"0,0%","99,2%",C,
770066,ELTROMBOPAG 25 MG TAB ORAL,0,0,0,0,0,0,3,62,6,16,69,0,13,7,"0,23",2,1,1,3,"1,8416",1,SUAV,"0,0%","99,2%",C,
770075,FILGRASTIM SOLUCIÓN INYECTABLE 300MCG (ONCOLOGICO),15,6,9,12,0,12,41,20,13,17,2,0,13,2,"0,00",1,1,1,2,"0,8226",1,SUAV,"0,0%","99,2%",C,
A019101,AMANTADINA 100MG CAPSULA ,8,48,28,43,3,0,0,10,0,16,0,0,13,5,"0,33",-1,1,1,2,"1,2829",1,SUAV,"0,0%","99,2%",C,
I002011,IBUPROFENO TABLETA 400MG,0,6,3,4,1,15,64,19,0,6,38,0,13,3,"0,07",1,1,1,3,"1,4384",1,SUAV,"0,0%","99,2%",C,
I020011,ISOSORBIDE DINITRATO 10MG TABLETA,17,12,4,16,26,5,15,20,31,0,7,0,13,2,"0,06",1,1,1,2,"0,7332",1,SUAV,"0,0%","99,2%",C,
V016141,VERAPAMILO TABLETA 80MG,4,4,11,5,0,2,34,12,6,22,28,16,12,1,"0,33",1,1,1,2,"0,8720",1,SUAV,"0,0%","99,2%",C,
162558,LEVOFLOXACINA SOLUCIÓN INYECTABLE 500MG/100ML,0,0,4,53,10,0,12,0,23,0,25,13,12,5,"0,02",1,1,1,2,"1,2635",1,SUAV,"0,0%","99,2%",C,
702090,CATETER UMBILICAL 5.0FR,6,11,16,12,9,9,19,11,17,3,16,9,12,0,"0,01",1,1,1,1,"0,3796",1,SUAV,"0,0%","99,2%",C,
702303,BARRERA STOMAHESIVE 70MM ,21,16,7,1,1,19,11,7,14,18,22,7,12,0,"0,01",1,1,1,1,"0,5912",1,SUAV,"0,0%","99,2%",C,
E038162,EFAVIRENZ 600MG TABLETA,40,0,40,27,0,0,3,3,3,2,13,5,12,3,"0,28",-1,1,1,2,"1,2296",1,SUAV,"0,0%","99,2%",C,
702531,EXTENSION DE MONITOREO MACHO MACHO,14,17,16,17,18,13,6,8,10,8,6,3,12,0,"0,73",1,1,1,1,"0,4101",1,SUAV,"0,0%","99,3%",C,
718072,ENTEREX POLVO PARA SOLUCIÓN ORAL 110G ALIMENTO PARA USOS NUTRICIONALES ESPECIALE,0,70,15,10,4,0,40,0,3,0,0,0,12,6,"0,19",-1,1,1,3,"1,7297",1,SUAV,"0,0%","99,3%",C,
I005022,IMIPRAMINA TABLETA 25MG,3,0,0,65,15,28,24,0,1,0,0,0,12,6,"0,07",1,1,1,3,"1,5736",1,SUAV,"0,0%","99,3%",C,
R0000014,ROSUVASTATINA TABLETA 20MG,7,5,27,0,11,14,19,2,31,19,0,0,12,3,"0,00",1,1,1,2,"0,8634",1,SUAV,"0,0%","99,3%",C,
B008011,BIPERIDENO 2MG TABLETA,3,6,3,23,10,1,12,9,3,16,5,32,11,0,"0,17",1,1,1,2,"0,8141",1,SUAV,"0,0%","99,3%",C,
702243,GUANTE ESTERIL 8.0 (PAR),0,0,0,0,0,0,12,51,25,0,12,27,11,7,"0,29",1,1,1,2,"1,4130",1,SUAV,"0,0%","99,3%",C,
702324,BOLSA OSTOMIA OP /70MM ,19,13,7,1,1,19,10,6,7,15,23,7,11,0,"0,01",1,1,1,1,"0,6236",1,SUAV,"0,0%","99,3%",C,
702089,CATETER UMBILICAL 3.5 FR,4,12,15,7,7,8,22,13,14,2,16,6,11,0,"0,01",1,1,1,1,"0,5041",1,SUAV,"0,0%","99,3%",C,
T009701,TIAMINA 1000MG/10ML SOL. INYECTABLE,16,9,12,21,4,10,20,0,1,12,20,6,11,1,"0,04",1,1,1,1,"0,6369",1,SUAV,"0,0%","99,3%",C,
701694,DUODERM CGF 20 X 20 CM/8X8,36,16,20,5,4,2,5,13,3,16,8,4,11,0,"0,30",1,1,1,2,"0,8640",1,SUAV,"0,0%","99,3%",C,
702056,SONDA NELATON # 16 ,3,5,2,13,12,23,10,22,4,17,16,0,11,1,"0,05",1,1,1,1,"0,6848",1,SUAV,"0,0%","99,3%",C,
704205,"METOTREXATE TABLETA 2,5MG",6,24,18,8,6,0,26,16,0,27,0,0,11,4,"0,06",1,1,1,1,"0,9341",1,SUAV,"0,0%","99,3%",C,
H0000005,L-ASPARTATO/L-ORNITINA GRANULOS PARA SUSPENCIÓN ORAL 3G,0,24,6,0,24,0,52,0,0,5,16,0,11,6,"0,01",1,1,1,2,"1,3958",1,SUAV,"0,0%","99,3%",C,
703652,URSODEOXICOLICO ACIDO TABLETA 300MG,6,26,0,15,0,6,0,0,0,46,0,15,10,6,"0,01",1,1,1,2,"1,3635",1,SUAV,"0,0%","99,3%",C,
706175,CATETER YUGULAR CURVO (MAHURKAR CURVO) 5FR,4,7,3,5,11,9,15,8,17,9,15,14,10,0,"0,58",1,1,1,1,"0,4474",1,SUAV,"0,0%","99,3%",C,
701961,CATETER TROCAR RECTO 10FR (TUBO TORAX),11,12,8,8,17,18,13,7,0,10,0,13,10,2,"0,11",1,1,1,1,"0,5418",1,SUAV,"0,0%","99,3%",C,
708756,CATETER RECTO COAXIAL 2L 11FR X 20CM (MAHURKAR RECTO),7,3,10,13,10,7,13,5,6,8,14,13,10,0,"0,14",1,1,1,1,"0,3475",1,SUAV,"0,0%","99,4%",C,
706123,CATETER GASTROSTOMIA FLOW-20PUSH/ COOK,10,9,10,4,9,11,14,10,6,11,5,12,10,0,"0,00",1,1,1,1,"0,2803",1,SUAV,"0,0%","99,4%",C,
702486,STOMAHESIVE POLVO X 1 ONZA,6,9,13,2,13,7,17,12,7,5,11,9,10,0,"0,01",1,1,1,1,"0,3982",1,SUAV,"0,0%","99,4%",C,
702216,CATETER EPICUTANEO CAVA 24 G 2FR REF 218400,9,13,8,9,10,10,15,9,9,9,5,8,10,0,"0,14",1,1,1,1,"0,2398",1,SUAV,"0,0%","99,4%",C,
720012,CIRCUITO DE VENTILADOR REF-5513000 ALMA LISA PEDIATRICO,6,10,8,9,9,8,14,14,15,0,16,8,10,1,"0,04",1,1,1,1,"0,4304",1,SUAV,"0,0%","99,4%",C,
720013,CIRCUITO DE VENTILACION REF-5068850 ALMA LISA NEONATAL - INTERSURGICAL,6,10,8,9,9,8,14,14,15,0,16,8,10,1,"0,04",1,1,1,1,"0,4304",1,SUAV,"0,0%","99,4%",C,
701864,VENDA ELASTICA 5X5 ,2,9,7,29,26,10,1,8,5,15,3,4,10,0,"0,05",1,1,1,1,"0,8713",1,SUAV,"0,0%","99,4%",C,
C032013,CLOZAPINA TABLETA 100MG ,0,19,2,0,0,3,6,47,0,0,34,0,10,6,"0,05",1,1,1,2,"1,5133",1,SUAV,"0,0%","99,4%",C,
L0000005,LAMOTRIGINA TABLETA 100MG,74,0,0,14,0,3,0,0,0,17,1,0,10,7,"0,20",-1,1,1,3,"2,0373",1,SUAV,"0,0%","99,4%",C,
M017162,METOPROLOL TARTRATO TABLETA 100MG,30,6,5,19,0,15,0,0,15,13,7,0,10,4,"0,16",1,1,1,1,"0,9045",1,SUAV,"0,0%","99,4%",C,
713842,ESTILETE GUIA ENDOTRAQUEAL 14MM,0,0,0,0,0,0,1,20,23,0,28,30,9,7,"0,58",1,1,1,1,"1,3406",1,SUAV,"0,0%","99,4%",C,
701428,SEDA 2-0 185T (SC26)45CM ,4,5,6,3,15,12,11,8,11,1,6,23,9,0,"0,17",1,1,1,1,"0,6481",1,SUAV,"0,0%","99,4%",C,
702635,MASCARA C/RESERVORIO ADULTO,7,7,4,9,10,16,10,7,2,5,12,16,9,0,"0,09",1,1,1,1,"0,4651",1,SUAV,"0,0%","99,4%",C,
A033701,ATROPINA 1MG/1ML SOL. INYECTABLE ,6,14,7,9,2,10,7,5,4,12,12,14,9,0,"0,08",1,1,1,1,"0,4219",1,SUAV,"0,0%","99,4%",C,
702460,PINZA P/BOLSA DE OSTOMIA ,17,10,2,5,5,8,7,8,13,11,10,11,9,0,"0,02",1,1,1,1,"0,4266",1,SUAV,"0,0%","99,4%",C,
D015021,DICLOFENACO 50MG TABLETA ,1,1,7,6,27,6,21,18,0,10,0,11,9,2,"0,01",1,1,1,1,"0,9439",1,SUAV,"0,0%","99,4%",C,
702046,SONDA NASOGASTRICA # 18 ,12,10,5,3,8,6,10,7,14,6,10,7,9,0,"0,00",1,1,1,1,"0,3328",1,SUAV,"0,0%","99,4%",C,
M020501,METRONIDAZOL OVULO VAGINAL 500MG,1,5,12,11,23,4,11,5,0,21,6,7,9,1,"0,00",1,1,1,1,"0,7669",1,SUAV,"0,0%","99,4%",C,
164333,FOSFOMICINA DISODICA 4G POLVO LIOFILIZADO ,0,0,16,0,0,0,5,12,51,3,9,5,9,5,"0,09",1,1,1,2,"1,5352",1,SUAV,"0,0%","99,4%",C,
717450,N-ACETILCISTEINA SOLUCIÓN INYECTABLE 300MG/3ML,8,0,2,20,34,0,5,0,0,25,7,1,9,4,"0,00",1,1,1,2,"1,2243",1,SUAV,"0,0%","99,5%",C,
110028,"EPOPROSTENOL POLVO LIOFILIZADO 1,5MG",100,0,0,0,0,0,0,0,0,0,0,0,9,11,"0,23",-1,1,1,4,"3,0709",1,SUAV,"0,0%","99,5%",C,
713549,LOPINAVIR/RITONAVIR TABLETA 200MG/50MG,0,54,0,0,0,4,0,0,46,0,0,0,9,9,"0,03",1,1,1,2,"2,0655",1,SUAV,"0,0%","99,5%",C,
713981,PIRIDOSTIGMINA TABLETA 60MG,0,56,0,0,43,0,0,0,0,0,8,0,9,9,"0,14",-1,1,1,2,"2,0525",1,SUAV,"0,0%","99,5%",C,
730143,RIFAMPICINA/ISONIACIDA TABLETA 150/150MG,44,47,8,0,0,0,0,0,0,0,0,0,9,9,"0,48",-1,1,1,2,"1,8681",1,SUAV,"0,0%","99,5%",C,
770020,ONDANSETRON 8MG TABLETA,26,54,10,3,0,0,4,0,0,0,0,0,9,7,"0,43",-1,1,1,2,"1,7371",1,SUAV,"0,0%","99,5%",C,
770065,TRETINOINA TABLETA 10MG (ONCOLOGICO),0,0,0,0,0,0,0,0,9,89,0,0,9,10,"0,11",1,1,1,3,"2,7220",1,SUAV,"0,0%","99,5%",C,
707251,SILDENAFIL TABLETA 50MG,0,0,7,20,5,0,0,15,5,6,7,32,9,4,"0,22",1,1,1,2,"1,0388",1,SUAV,"0,0%","99,5%",C,
V0000005,VALSARTAN TABLETA 80MG,0,0,0,15,4,13,26,2,0,0,0,29,8,6,"0,09",1,1,1,1,"1,2864",1,SUAV,"0,0%","99,5%",C,
V012221,VALPROICO ÁCIDO JARABE 250MG/5ML X 120ML,4,5,3,4,0,8,6,8,7,2,22,18,8,1,"0,43",1,1,1,1,"0,7741",1,SUAV,"0,0%","99,5%",C,
701854,VENDA SEMIELASTICA 4X4.1    ,3,4,11,10,3,1,0,9,8,0,21,15,8,2,"0,17",1,1,1,1,"0,7780",1,SUAV,"0,0%","99,5%",C,
702869,MASCARA P/TRAQUEOSTOMIA ADULTO - 1075,5,2,8,6,8,7,12,9,7,9,6,12,8,0,"0,36",1,1,1,1,"0,3364",1,SUAV,"0,0%","99,5%",C,
715826,PLEUR-EVAC 2500CC -A8000106 (PLEUROVAC),5,10,14,6,4,8,7,8,4,5,4,12,8,0,"0,02",1,1,1,1,"0,3957",1,SUAV,"0,0%","99,5%",C,
A017231,ALUMINIO HIDROXIDO SUSPENSIÓN ORAL 6G/100ML ,6,6,5,4,9,11,7,8,12,3,8,11,8,0,"0,16",1,1,1,1,"0,3442",1,SUAV,"0,0%","99,5%",C,
702069,S/TRACH-CARE 6FR S/CERRADO -196-4,5,8,5,3,0,2,14,15,15,7,7,9,8,1,"0,17",1,1,1,1,"0,6006",1,SUAV,"0,0%","99,5%",C,
702070,S/TRACH-CARE 8FR S/CERRADO- 198-4,2,7,8,9,9,4,6,16,18,3,9,5,8,0,"0,05",1,1,1,1,"0,5796",1,SUAV,"0,0%","99,5%",C,
704417,"EPOPROSTENOL TERMOESTABLE 1.5 MG POLVO LIOFILIZADO 1,5MG",18,75,0,0,0,0,0,0,0,0,0,0,8,10,"0,26",-1,1,1,3,"2,6091",1,SUAV,"0,0%","99,5%",C,
0004721,OXACILINA POLVO LIOFILIZADO 1G,0,12,0,8,0,0,0,0,19,49,0,0,8,8,"0,06",1,1,1,2,"1,7398",1,SUAV,"0,0%","99,5%",C,
R0000009,ROCIVERINA SOLUCIÓN INYECTABLE 20MG/2ML,38,0,2,0,0,0,42,6,0,0,0,0,8,8,"0,09",-1,1,1,2,"1,8409",1,SUAV,"0,0%","99,5%",C,
A0000034,ALPROSTADIL SOLUCIÓN INYECTABLE 20MCG/1ML,0,0,0,0,24,0,4,0,0,0,6,46,7,8,"0,19",1,1,1,2,"1,9390",1,SUAV,"0,0%","99,5%",C,
712599,ARTEMETER/LUMEFANTRINA TABLETA 20/120MG,0,0,0,0,0,0,24,0,0,0,20,34,7,9,"0,36",1,1,1,2,"1,6624",1,SUAV,"0,0%","99,5%",C,
A0000001,ABACAVIR/LAMIVUDINA/ZIDOVUDINA TABLETA 300MG/150MG/300MG,0,0,0,0,0,0,24,0,0,0,20,34,7,9,"0,36",1,1,1,2,"1,6624",1,SUAV,"0,0%","99,5%",C,
F015701,CALCIO FOLINATO 50MG/5ML SOL. INYECTABLE,1,0,0,0,6,0,3,13,17,0,23,20,7,5,"0,56",1,1,1,1,"1,2086",1,SUAV,"0,0%","99,6%",C,
C004011,CAPTOPRIL 25MG TABLETA ,0,0,0,25,0,2,0,0,0,3,42,12,7,7,"0,15",1,1,1,2,"1,8248",1,SUAV,"0,0%","99,6%",C,
717814,BARRERA STOMAHESIVE 100MM ,2,0,4,0,3,7,13,12,22,3,4,9,7,2,"0,24",1,1,1,1,"0,8854",1,SUAV,"0,0%","99,6%",C,
702078,BRAZALETE NEO/2,1,2,6,2,10,4,14,9,5,4,9,7,7,0,"0,20",1,1,1,1,"0,5296",1,SUAV,"0,0%","99,6%",C,
702080,BRAZALETE NEO/4,6,8,1,9,9,11,12,7,4,6,5,4,7,0,"0,03",1,1,1,1,"0,4319",1,SUAV,"0,0%","99,6%",C,
E0000021,SODIO FOSFATO MONOBASICO/DIBASICO ENEMA RECTAL 16G/6G/133ML,2,8,6,6,1,17,11,5,4,15,2,4,7,0,"0,01",1,1,1,1,"0,7026",1,SUAV,"0,0%","99,6%",C,
703654,OXIDO DE ZINC  5G/CALAMINA 5G /CREMA TÓPICA 5%/60G,7,10,2,2,0,4,10,9,4,12,11,3,7,1,"0,06",1,1,1,1,"0,5649",1,SUAV,"0,0%","99,6%",C,
D020221,"DIFENHIDRAMINA JARABE 2,42MG/1ML (290,4MG/120ML)",7,7,10,3,9,10,10,2,7,7,7,3,7,0,"0,09",1,1,1,1,"0,3861",1,SUAV,"0,0%","99,6%",C,
702558,TIOPENTAL POLVO LIOFILIZADO 1G ,0,0,0,30,10,16,0,16,1,0,0,0,7,7,"0,03",1,1,1,1,"1,3483",1,SUAV,"0,0%","99,6%",C,
714878,"GLUCERNA SOLUCIÓN ORAL 0,93KCAL/1ML (220,4KCAL/237ML)) ALIMENTO LIQUIDO CON CA",0,0,0,0,3,12,66,0,0,0,0,0,7,9,"0,00",1,1,1,3,"2,5959",1,SUAV,"0,0%","99,6%",C,
719246,"BISOPROLOL TABLETA 2,5MG",32,6,6,2,0,0,13,11,0,6,0,0,7,5,"0,25",-1,1,1,2,"1,2675",1,SUAV,"0,0%","99,6%",C,
719619,"APIXABAN TABLETA 2,5MG",3,18,25,17,1,2,0,0,0,9,0,0,7,5,"0,32",-1,1,1,1,"1,2124",1,SUAV,"0,0%","99,6%",C,
C0000030,CLINDAMICINA CÁPSULA 300MG,33,0,0,0,0,0,37,8,0,4,0,0,7,8,"0,07",1,1,1,2,"1,8340",1,SUAV,"0,0%","99,6%",C,
K002101,KETOCONAZOL TABLETA 200MG,40,8,0,0,0,0,0,0,0,0,28,0,7,9,"0,06",1,1,1,2,"1,8288",1,SUAV,"0,0%","99,6%",C,
P0000020,PRALIDOXIMA POLVO LIOFILIZADO 200MG,0,0,0,0,0,0,0,0,0,0,0,70,6,11,"0,23",1,1,1,3,"3,2245",1,SUAV,"0,0%","99,6%",C,
A020701,AMIKACINA 100MG/2ML SOL. INYECTABLE ,5,6,4,0,0,4,2,7,1,3,1,36,6,2,"0,16",1,1,1,2,"1,5637",1,SUAV,"0,0%","99,6%",C,
M002702,MANITOL AL 20 % SOL. INYECTABLE x 500 ML,8,3,7,4,8,0,0,4,10,3,7,18,6,2,"0,12",1,1,1,1,"0,7876",1,SUAV,"0,0%","99,6%",C,
711979,"FLUDROCORTISONA TABLETA 0,1MG",0,0,0,0,6,21,21,0,0,0,2,11,6,7,"0,04",1,1,1,1,"1,3025",1,SUAV,"0,0%","99,6%",C,
C0000008,CASPOFUNGINA 70MG POLVO LIOFILIZADO ,5,11,7,3,2,3,3,7,3,2,13,11,6,0,"0,04",1,1,1,1,"0,6267",1,SUAV,"0,0%","99,6%",C,
730123,CATETER PICC ALTA PRESION 5FR X 50 CM REF 01PR05052,4,4,12,3,2,8,1,5,3,3,10,7,6,0,"0,01",1,1,1,1,"0,5393",1,SUAV,"0,0%","99,6%",C,
D020201,"DIHIDROCODEINA JARABE 12,1MG/ML (294,4MG/120ML)",9,2,7,3,4,4,4,8,14,6,0,6,6,1,"0,00",1,1,1,1,"0,5871",1,SUAV,"0,0%","99,6%",C,
M0000005,METOPROLOL SOL. INYECTABLE 5MG/5ML,3,5,14,22,0,4,5,1,10,1,1,6,6,1,"0,09",1,1,1,1,"1,0341",1,SUAV,"0,0%","99,6%",C,
702484,KIT MICRONEBULIZADOR ADULTO,4,4,6,11,7,6,7,6,8,6,2,5,6,0,"0,02",1,1,1,1,"0,3600",1,SUAV,"0,0%","99,6%",C,
709707,CATETER VENOSO CENTRAL (CVC) BILUMEN 7FRX20CM ,3,5,8,4,7,3,4,4,6,15,3,5,6,0,"0,04",1,1,1,1,"0,5377",1,SUAV,"0,0%","99,6%",C,
717218,"CLONAZEPAM SOL. ORAL 2,5MG/1ML x 20ML",7,7,3,8,11,3,4,6,5,3,0,4,6,1,"0,29",1,1,1,1,"0,4638",1,SUAV,"0,0%","99,6%",C,
717813,BOLSA OSTOMIA OP/100MM,3,0,4,0,3,7,13,11,21,2,4,4,6,2,"0,12",1,1,1,1,"0,9837",1,SUAV,"0,0%","99,6%",C,
718376,ATAZANAVIR 300MG CAPSULA,21,7,36,0,0,0,0,0,0,0,0,0,6,9,"0,36",-1,1,1,2,"1,8287",1,SUAV,"0,0%","99,6%",C,
D0000031,DAPTOMICINA POLVO LIOFILIZADO 500MG,0,0,2,0,2,38,0,5,0,15,9,0,6,6,"0,03",1,1,1,2,"1,7762",1,SUAV,"0,0%","99,7%",C,
H007321,HIDROCORTISONA ACETATO CREMA TÓPICA 1%,3,1,6,7,3,3,0,19,23,5,0,0,6,3,"0,02",1,1,1,1,"1,1977",1,SUAV,"0,0%","99,7%",C,
J000006,METFORMINA/SITAGLIPTINA TABLETA 1000MG/50MG,0,0,0,0,43,18,0,0,0,0,0,0,6,10,"0,02",1,1,1,2,"2,0766",1,SUAV,"0,0%","99,7%",C,
M009011,MERCAPTOPURINA TBL. 50 MG,0,5,0,0,0,0,0,14,11,16,26,0,6,7,"0,33",1,1,1,1,"1,3961",1,SUAV,"0,0%","99,7%",C,
M015011,METOCARBAMOL TABLETA 750MG,4,5,0,0,1,16,27,1,0,0,9,0,6,5,"0,00",1,1,1,1,"1,3422",1,SUAV,"0,0%","99,7%",C,
V0000013,TRIMETAZIDINA TABLETA 35MG,0,0,0,24,31,5,0,2,0,4,0,0,6,7,"0,05",1,1,1,2,"1,6798",1,SUAV,"0,0%","99,7%",C,
701175,PROPAFENONA TABLETA 150MG,0,0,0,0,0,32,0,0,0,0,0,24,5,10,"0,07",1,1,1,2,"2,1124",1,SUAV,"0,0%","99,7%",C,
702229,SPINOCAN 20G X31/2 ,5,1,3,3,3,10,5,4,4,6,6,9,5,0,"0,31",1,1,1,1,"0,4930",1,SUAV,"0,0%","99,7%",C,
708178,AGUJA P/ASPIRACION DE MEDULA OSEA DBMNI 1501 RP.M,4,6,8,3,1,7,7,5,2,5,3,4,5,0,"0,06",1,1,1,1,"0,4120",1,SUAV,"0,0%","99,7%",C,
715131,CEFOTAXIMA SOLUCIÓN INYECTABLE 1G,0,0,0,0,0,0,54,0,0,0,0,4,5,10,"0,01",1,1,1,2,"2,9730",1,SUAV,"0,0%","99,7%",C,
C031511,CLOTRIMAZOL CREMA VAGINAL 1%,2,6,0,4,9,0,5,9,8,3,3,4,5,2,"0,03",1,1,1,1,"0,5970",1,SUAV,"0,0%","99,7%",C,
700629,FOSFOLIPIDOS NATURALES 200MG/8ML SUSPENSION INYECTABLE (SURFACTANTE PULMONAR),5,3,5,6,6,5,3,6,4,3,7,3,5,0,"0,01",1,1,1,1,"0,2749",1,SUAV,"0,0%","99,7%",C,
702057,SONDA NELATON # 18,1,0,4,9,7,4,3,4,0,17,0,3,5,3,"0,02",1,1,1,1,"0,9321",1,SUAV,"0,0%","99,7%",C,
719274,MASCARA VENTURY PEDIATRICA,0,1,1,4,0,8,11,7,7,0,7,3,5,3,"0,16",1,1,1,1,"0,7278",1,SUAV,"0,0%","99,7%",C,
730084,DALTEPARINA SODICA 7.500 UI (ANTIFACTOR XA) SOL. INYECTABLE,7,7,32,4,0,0,0,0,0,0,0,3,5,7,"0,24",-1,1,1,2,"1,7444",1,SUAV,"0,0%","99,7%",C,
D018221,"DIFENHIDRAMINA JARABE 12,5MG/5ML (300MG/120ML)",5,5,3,0,5,6,10,8,7,1,7,3,5,1,"0,02",1,1,1,1,"0,5538",1,SUAV,"0,0%","99,7%",C,
702044,SONDA NASOGASTRICA # 14,4,5,3,6,2,2,7,4,8,5,6,2,5,0,"0,02",1,1,1,1,"0,3873",1,SUAV,"0,0%","99,7%",C,
702704,TUBO ENDOTRAQUEAL 3.5 S/BL    ,3,2,5,6,9,4,3,6,13,0,2,2,5,1,"0,01",1,1,1,1,"0,6854",1,SUAV,"0,0%","99,7%",C,
700873,URSODEOXICOLICO ACIDO TABLETA 600MG,0,0,13,0,11,10,0,0,16,0,0,0,5,8,"0,01",1,1,1,1,"1,2078",1,SUAV,"0,0%","99,7%",C,
701035,"BETAMETILDIGOXINA TABLETA 0,1MG",1,3,0,0,0,0,20,3,0,4,22,0,5,6,"0,12",1,1,1,1,"1,5110",1,SUAV,"0,0%","99,7%",C,
701289,TRANEXAMICO ÁCIDO TABLETA 500MG,4,9,7,10,7,7,0,4,6,2,4,0,5,2,"0,39",1,1,1,1,"0,6218",1,SUAV,"0,0%","99,7%",C,
710110,SEDA 2-0 SS685 (C-15) SOFSILK CURVA,4,4,6,3,14,11,11,7,0,0,0,0,5,4,"0,17",1,1,1,1,"0,9381",1,SUAV,"0,0%","99,7%",C,
715020,DULOXETINA TABLETA 30MG,4,45,0,0,4,0,0,0,0,3,0,0,5,8,"0,19",-1,1,1,2,"2,4527",1,SUAV,"0,0%","99,7%",C,
730082,VECURONIO BROMURO SOLUCIÓN INYECTABLE 4MG,0,0,0,0,0,0,0,0,0,0,54,0,5,11,"0,16",1,1,1,2,"2,9850",1,SUAV,"0,0%","99,7%",C,
2001990802,SACCHAROMYCES BOULARDII POLVO PARA SUSPENSIÓN ORAL 250MG,14,0,10,0,14,1,10,0,0,0,0,0,5,7,"0,29",-1,1,1,1,"1,1444",1,SUAV,"0,0%","99,7%",C,
A027142,AMPICILINA TABLETA 500MG,23,0,0,0,0,0,2,23,0,4,0,0,5,8,"0,05",1,1,1,1,"1,6859",1,SUAV,"0,0%","99,7%",C,
A037101,ABACAVIR TABLETA 300MG,0,0,50,0,0,0,0,0,0,0,0,0,5,11,"0,09",-1,1,1,2,"2,7639",1,SUAV,"0,0%","99,7%",C,
C009141,CEFRADINA 500MG CÁPSULA ,38,0,0,0,19,0,0,0,0,0,0,0,5,10,"0,26",-1,1,1,2,"2,2615",1,SUAV,"0,0%","99,7%",C,
702609,CANULA GUEDEL 3 (ISO 9.0),0,0,2,0,0,2,2,3,3,0,5,25,4,5,"0,36",1,1,1,1,"1,6661",1,SUAV,"0,0%","99,7%",C,
700550,ROCURONIO BROMURO SOLUCIÓN INYECTABLE 50MG/5ML,2,2,1,0,0,0,0,0,0,0,16,24,4,7,"0,34",1,1,1,1,"1,8712",1,SUAV,"0,0%","99,7%",C,
S020011,SULFASALAZINA TABLETA 500MG,0,0,0,2,8,0,8,4,0,0,0,22,4,7,"0,19",1,1,1,1,"1,5657",1,SUAV,"0,0%","99,7%",C,
702151,AGUJA 23X1,3,0,2,1,1,3,3,6,5,7,6,5,4,1,"0,65",1,1,1,1,"0,5449",1,SUAV,"0,0%","99,7%",C,
700749,"BUDESONIDA SUSPENSIÓN PARA INHALACIÓN 0,5MG/1ML (1MG/2ML)",0,6,0,14,0,4,0,9,0,0,6,4,4,6,"0,00",1,1,1,1,"1,0871",1,SUAV,"0,0%","99,7%",C,
702230,SPINOCAN 22G X31/2  ,4,0,3,4,2,8,5,3,0,5,5,4,4,2,"0,05",1,1,1,1,"0,5348",1,SUAV,"0,0%","99,7%",C,
708883,AQUACEL AG+ APOSITO 20 X 30 ,4,3,7,3,1,4,2,7,5,4,3,4,4,0,"0,00",1,1,1,1,"0,4264",1,SUAV,"0,0%","99,7%",C,
719419,INSULINA ASPARTATO SOL. INYECTABLE 100UI/ML x 10ML (1000UI),6,2,2,7,6,4,0,5,0,3,5,4,4,2,"0,03",1,1,1,1,"0,5528",1,SUAV,"0,0%","99,7%",C,
B012011,"BROMOCRIPTINA 2,5MG TABLETA",0,0,5,0,0,2,18,4,0,0,4,4,4,6,"0,03",1,1,1,1,"1,2224",1,SUAV,"0,0%","99,7%",C,
I020061,ISOSORBIDE DINITRATO TABLETA 5MG,0,3,7,10,4,2,3,11,0,4,1,4,5,2,"0,01",1,1,1,1,"0,6854",1,SUAV,"0,0%","99,7%",C,
719877,BARRERA  57 MM REF 411451 CONVEX  SUR-FIT PLUS ,1,6,9,1,9,1,0,0,5,5,0,3,4,3,"0,06",1,1,1,1,"0,8122",1,SUAV,"0,0%","99,8%",C,
B004332,"BETAMETASONA UNGÜENTO TÓPICO 0,05% x 40G",8,0,4,0,6,1,1,2,3,8,2,3,4,2,"0,00",1,1,1,1,"0,6757",1,SUAV,"0,0%","99,8%",C,
I007701,INMUNOGLOBULINA ANTI-D SOLUCIÓN INYECTABLE 300MCG/2ML,2,3,4,2,4,2,4,2,6,3,6,3,4,0,"0,17",1,1,1,1,"0,3455",1,SUAV,"0,0%","99,8%",C,
702062,S/SUCCION 10  ,0,0,0,0,0,0,1,29,8,0,0,2,4,8,"0,05",1,1,1,1,"2,0113",1,SUAV,"0,0%","99,8%",C,
702228,SPINOCAN 18G 3/2   ,2,4,4,3,6,10,1,2,0,2,8,2,4,1,"0,00",1,1,1,1,"0,7096",1,SUAV,"0,0%","99,8%",C,
705183,AGUJA BIOPSIA MEDULA OSEA  DBMNJ1104TL RP-M,3,6,6,4,1,4,6,3,1,2,1,2,4,0,"0,34",1,1,1,1,"0,4691",1,SUAV,"0,0%","99,8%",C,
719247,INSULINA DETERMIR SOL. INYECTABLE 100UI/ML x 3ML (300UI),7,2,2,1,7,5,5,3,0,1,6,2,4,1,"0,05",1,1,1,1,"0,5904",1,SUAV,"0,0%","99,8%",C,
G003601,GENTAMICINA SOL. OFTÁLMICA 0.3% GOTAS,0,4,5,3,4,6,1,4,2,4,4,2,4,1,"0,00",1,1,1,1,"0,4098",1,SUAV,"0,0%","99,8%",C,
P005722,PENICILINA G BENZATINICA POLVO LIOFILIZADO 2400000UI,13,0,1,5,1,0,2,0,0,5,9,2,4,4,"0,01",1,1,1,1,"0,9939",1,SUAV,"0,0%","99,8%",C,
700815,"FOSFOLIPIDOS NATURALES 120MG/1,5ML SUSPENSION INYECTABLE SURFACTANTE PULMONAR)",0,4,6,1,0,0,12,2,5,2,4,1,4,3,"0,01",1,1,1,1,"0,8320",1,SUAV,"0,0%","99,8%",C,
700907,"FITOMENADIONA 2MG/0,2ML SOL. INYECTABLE (VITAMINA K)",9,9,3,0,5,4,3,2,1,9,1,1,4,1,"0,21",1,1,1,1,"0,8066",1,SUAV,"0,0%","99,8%",C,
701715,DUODERM ET 10X10/4X4   ,3,5,3,2,0,3,10,1,0,3,6,1,4,2,"0,00",1,1,1,1,"0,6805",1,SUAV,"0,0%","99,8%",C,
708677,DOMPERIDONA 1MG/1ML SUSPENSION,3,3,7,5,6,3,5,9,0,1,0,1,4,2,"0,21",1,1,1,1,"0,6881",1,SUAV,"0,0%","99,8%",C,
717432,FLUTICASONA/SALMETEROL SUSPENSIÓN PARA INHALACIÓN 250MCG/25MCG/1PUFF/120PUFF,7,4,4,4,6,7,3,2,3,4,0,1,4,1,"0,51",1,1,1,1,"0,5217",1,SUAV,"0,0%","99,8%",C,
I00000006,INSULINA LISPRO SOL. INYECTABLE 100UI/ML x 10ML (1000UI),5,5,3,6,1,2,5,5,6,5,1,1,4,0,"0,10",1,1,1,1,"0,4801",1,SUAV,"0,0%","99,8%",C,
T020201,TRAMADOL SOL. ORAL 100MG/1ML,4,2,10,6,4,5,1,5,2,2,5,1,4,0,"0,17",1,1,1,1,"0,6163",1,SUAV,"0,0%","99,8%",C,
700326,IPRATROPIO BROMURO SOL. PARA INHALACIÓN 250MCG/1ML x 20ML,5,6,6,6,6,3,4,1,0,2,2,0,4,2,"0,74",-1,1,1,1,"0,5724",1,SUAV,"0,0%","99,8%",C,
702020,SONDA FOLEY 2 VÍAS 16FRX5CM    ,0,0,0,0,0,19,1,0,0,26,0,0,4,9,"0,06",1,1,1,1,"2,1185",1,SUAV,"0,0%","99,8%",C,
711417,AZUL DE METILENO 1% x 5ML,4,3,2,6,0,3,8,0,5,6,6,0,4,3,"0,00",1,1,1,1,"0,6492",1,SUAV,"0,0%","99,8%",C,
719773,ACETAMINOFEN/CODEINA TABLETA 325MG/30MG,15,0,0,0,0,0,0,30,0,0,0,0,4,10,"0,01",1,1,1,1,"2,2317",1,SUAV,"0,0%","99,8%",C,
719888,APIXABAN 5 MG TABLETA,0,11,25,1,0,0,2,0,0,9,0,0,4,7,"0,13",-1,1,1,1,"1,8257",1,SUAV,"0,0%","99,8%",C,
770117,ELTROMBOPAG TABLETA 50MG (ONCOLOGICO),0,0,0,0,0,26,4,7,0,7,1,0,4,7,"0,01",1,1,1,1,"1,8002",1,SUAV,"0,0%","99,8%",C,
770152,RIOCIGUAT 0.5 MG,0,0,0,0,0,0,42,0,0,0,0,0,4,11,"0,00",1,1,1,2,"2,9020",1,SUAV,"0,0%","99,8%",C,
A036701,AZUL DE METILENO SOLUCIÓN INYECTABLE 10MG/1ML,4,3,2,6,0,3,8,0,5,6,6,0,4,3,"0,00",1,1,1,1,"0,6492",1,SUAV,"0,0%","99,8%",C,
C0000019,CETIRIZINA 10MG TABLETA ,0,0,0,0,0,7,0,5,3,28,0,0,4,8,"0,12",1,1,1,1,"1,9269",1,SUAV,"0,0%","99,8%",C,
C004012,CAPTOPRIL 50MG TABLETA ,0,0,0,0,0,14,0,0,0,28,0,0,4,10,"0,07",1,1,1,1,"2,0829",1,SUAV,"0,0%","99,8%",C,
E0000034,ENTEROGERMINA SUSPENSIÓN ORAL 2000000000UI/5ML,35,5,2,0,0,0,0,0,0,1,0,0,4,8,"0,30",-1,1,1,2,"2,3946",1,SUAV,"0,0%","99,8%",C,
L001141,LAMIVUDINA 150 MG TABLETA,0,0,40,0,0,0,0,0,0,0,0,0,4,11,"0,09",-1,1,1,2,"2,7639",1,SUAV,"0,0%","99,8%",C,
T004151,TEOFILINA CAPSULA 125MG,0,6,6,0,0,8,0,0,0,17,0,0,4,8,"0,00",1,1,1,1,"1,2725",1,SUAV,"0,0%","99,8%",C,
702705,TUBO ENDOTRAQUEAL 3.0 S/BL,4,3,0,0,1,1,7,9,8,5,6,0,4,3,"0,11",1,1,1,1,"0,7928",1,SUAV,"0,0%","99,8%",C,
730176,FRESUBIN RENAL 2KCAL/ML (400KCAL/200ML) ALIMENTO PARA PROPÓSITOS MÉDICOS ESPECIA,0,0,0,0,0,0,0,0,0,0,0,32,3,11,"0,23",1,1,1,2,"2,9481",1,SUAV,"0,0%","99,8%",C,
719747,BROMURO DE GLICOPIRRONIO 50 MCG POLVO PARA INHALACION EN CAPSULAS,0,0,0,0,0,0,0,0,0,0,0,30,3,11,"0,23",1,1,1,1,"2,7639",1,SUAV,"0,0%","99,8%",C,
701853,VENDA SEMIELASTICA 3X4.1,2,3,0,0,0,0,0,0,0,0,0,28,3,9,"0,17",1,1,1,1,"2,5572",1,SUAV,"0,0%","99,8%",C,
702154,AGUJA 26GA X1/2 0,5,4,0,0,0,0,0,0,1,0,2,16,3,7,"0,09",1,1,1,1,"1,4803",1,SUAV,"0,0%","99,8%",C,
730237,ETAMBUTOL 400 MG TABLETA,3,0,0,0,0,0,0,0,0,0,15,16,3,9,"0,34",1,1,1,1,"1,9092",1,SUAV,"0,0%","99,8%",C,
D002101,DANAZOL 200MG TABLETA},0,0,0,0,0,0,0,0,0,0,21,14,3,10,"0,39",1,1,1,1,"2,2255",1,SUAV,"0,0%","99,8%",C,
I00000007,"IVERMECTINA SOL. ORAL 0,6% GOTAS x 5ML",2,4,0,3,3,1,1,1,0,3,4,11,3,2,"0,18",1,1,1,1,"0,9440",1,SUAV,"0,0%","99,8%",C,
707878,CATETER PREMICATH 28GX1FRX20CM    ,2,3,4,1,1,1,3,5,8,1,0,5,3,1,"0,03",1,1,1,1,"0,7433",1,SUAV,"0,0%","99,8%",C,
717191,MOXIFLOXACINO TABLETA 400MG,4,0,0,3,5,0,0,0,0,0,11,5,3,7,"0,09",1,1,1,1,"1,0999",1,SUAV,"0,0%","99,8%",C,
M0000009,MOXIFLOXACINA TABLETA 400MG,4,0,0,3,5,0,0,0,0,0,11,5,3,7,"0,09",1,1,1,1,"1,0999",1,SUAV,"0,0%","99,8%",C,
162236,INSULINA DEGLUDEC SOL. INYECTABLE 100UI/ML x 3 ML,5,2,3,5,3,4,0,1,0,4,5,4,3,2,"0,01",1,1,1,1,"0,5932",1,SUAV,"0,0%","99,8%",C,
700410,EQUIPO PERFUSOR 50CC,0,18,0,4,0,0,0,0,9,0,0,4,3,8,"0,05",1,1,1,1,"1,7610",1,SUAV,"0,0%","99,8%",C,
701725,DUODERM GEL TBX30GR,0,3,3,5,1,3,4,1,2,2,1,4,3,1,"0,00",1,1,1,1,"0,4803",1,SUAV,"0,0%","99,8%",C,
703665,KIT MICRONEBULIZADOR PEDIATRICO,2,2,4,7,2,1,2,4,2,3,1,4,3,0,"0,01",1,1,1,1,"0,5415",1,SUAV,"0,0%","99,8%",C,
M022232,METRONIDAZOL SUSPENSIÓN ORAL 250MG/5ML X 120ML),3,0,4,0,3,6,1,6,0,1,0,4,3,4,"0,00",1,1,1,1,"0,7370",1,SUAV,"0,0%","99,8%",C,
700813,FOSFOLIPIDOS NATURALES 100MG/4ML SUSPENSION INYECTABLE (SURFACTANTE PULMONAR),1,1,3,2,1,3,1,3,4,2,3,3,3,0,"0,32",1,1,1,1,"0,3368",1,SUAV,"0,0%","99,8%",C,
701863,VENDA ELASTICA 4X5  ,2,6,5,4,2,1,0,0,2,5,0,3,3,3,"0,13",1,1,1,1,"0,6736",1,SUAV,"0,0%","99,8%",C,
702703,TUBO ENDOTRAQUEAL 4.0 S/BL,0,3,2,2,1,0,1,6,2,2,3,3,3,2,"0,15",1,1,1,1,"0,5174",1,SUAV,"0,0%","99,8%",C,
B004311,"BETAMETASONA CREMA TÓPICA 0,05%",8,0,3,0,6,1,1,2,3,7,2,3,3,2,"0,00",1,1,1,1,"0,8498",1,SUAV,"0,0%","99,8%",C,
700131,CLOTRIMAZOL 100MG TABLETA VAGINAL,0,1,0,0,7,0,1,2,6,7,0,2,3,5,"0,12",1,1,1,1,"0,9010",1,SUAV,"0,0%","99,8%",C,
700319,circuito neonatal REFERENCIA MP02650,2,1,4,1,0,1,5,3,5,6,4,2,3,1,"0,23",1,1,1,1,"0,6211",1,SUAV,"0,0%","99,8%",C,
700525,PROPOFOL EMULSIÓN INYECTABLE 1%/20ML,0,0,8,1,13,0,0,0,0,3,4,2,3,6,"0,01",1,1,1,1,"1,3014",1,SUAV,"0,0%","99,8%",C,
702085,CANULA NASAL OXIGENO NEONATAL,4,0,1,1,4,1,9,3,6,0,1,2,3,2,"0,00",1,1,1,1,"0,8642",1,SUAV,"0,0%","99,8%",C,
702697,TUBO ENDOTRAQUEAL 7.0 C/BL ,1,2,0,1,7,5,8,2,6,2,0,2,3,2,"0,01",1,1,1,1,"0,8819",1,SUAV,"0,0%","99,8%",C,
D035701,DESMOPRESINA 15MCG/1ML SOL. INYECTABLE,3,5,2,0,2,5,1,2,2,0,2,2,3,2,"0,13",1,1,1,1,"0,5061",1,SUAV,"0,0%","99,9%",C,
103662,PALIVIZUMAB POLVO LIOFILIZADO 50 MG,2,2,1,3,1,0,1,9,2,0,3,1,3,2,"0,00",1,1,1,1,"0,7633",1,SUAV,"0,0%","99,9%",C,
N009321,NISTATINA CREMA 100.000 UI/GR ,1,3,1,1,3,1,2,0,4,1,7,1,3,1,"0,08",1,1,1,1,"0,6155",1,SUAV,"0,0%","99,9%",C,
160729,LEVETIRACETAM 1000MG TABLETA,0,0,0,0,0,0,0,0,0,29,0,0,3,11,"0,09",1,1,1,1,"2,6717",1,SUAV,"0,0%","99,9%",C,
700786,GASA VASELINADA,0,0,1,16,11,0,0,2,0,0,1,0,3,7,"0,06",1,1,1,1,"1,6747",1,SUAV,"0,0%","99,9%",C,
701849,BACTIGRAS 5X5 ,3,1,3,1,1,2,1,4,0,13,0,0,3,3,"0,01",1,1,1,1,"1,1423",1,SUAV,"0,0%","99,9%",C,
702032,SONDA FOLEY 2 VÍAS 20FRX15CM    ,2,3,1,3,0,1,1,3,2,12,0,0,3,3,"0,02",1,1,1,1,"1,0393",1,SUAV,"0,0%","99,9%",C,
702058,SONDA NELATON # 20 ,6,3,9,3,1,0,2,5,2,0,1,0,3,3,"0,39",-1,1,1,1,"0,8854",1,SUAV,"0,0%","99,9%",C,
705498,MULTIVITAMINAS Y MINERALES CON LUTEINA TABLETA -,0,0,0,0,0,0,0,0,0,30,0,0,3,11,"0,09",1,1,1,1,"2,7639",1,SUAV,"0,0%","99,9%",C,
705561,PREGABALINA CAPSULA 25MG,0,6,0,0,24,0,0,0,0,0,0,0,3,10,"0,05",-1,1,1,1,"2,2298",1,SUAV,"0,0%","99,9%",C,
706122,"FONDAPARINA 2,5MG/0,5ML SOL. INYECTABLE ",0,26,2,0,0,0,8,0,0,0,0,0,3,9,"0,16",-1,1,1,1,"2,4267",1,SUAV,"0,0%","99,9%",C,
707621,CEFTOLOZANO/TAZOBACTAM 1.5G (1+0.5G) POLVO PARA RECONSTITUCION,0,0,7,14,0,0,0,0,9,0,0,0,3,9,"0,04",1,1,1,1,"1,5245",1,SUAV,"0,0%","99,9%",C,
718999,INMUNOGLOBULINA HUMANA NORMAL  5G/100ML (50MG/ML) SOL. INYECTABLE ,0,0,0,0,0,0,12,0,24,0,0,0,3,10,"0,05",1,1,1,1,"2,3805",1,SUAV,"0,0%","99,9%",C,
719016,ACETAMINOFEN/CODEINA TABLETA 325MG/8MG,0,0,0,0,21,0,0,5,0,0,0,0,3,10,"0,01",1,1,1,1,"1,9476",1,SUAV,"0,0%","99,9%",C,
719561,OXIBUTININA TABLETA 5MG,0,18,0,3,0,3,2,0,0,0,0,0,3,8,"0,19",-1,1,1,1,"1,6377",1,SUAV,"0,0%","99,9%",C,
730194,APOSITO TRANSPARENTE OPSITE 15X20CM REF: 4631 CX10,6,3,7,6,1,6,1,0,0,1,4,0,3,3,"0,40",-1,1,1,1,"0,8762",1,SUAV,"0,0%","99,9%",C,
A018232,"ALUMINIO HIDROXIDO/MAGNESIO/SIMETICONA SUSPENSIÓN ORAL 4%/4%/0,4%",1,5,0,1,4,1,4,7,2,2,1,0,3,2,"0,01",1,1,1,1,"0,6983",1,SUAV,"0,0%","99,9%",C,
C0000005,CARVEDILOL TABLETA 25MG,0,0,14,4,0,6,1,0,11,0,0,0,3,7,"0,03",1,1,1,1,"1,5575",1,SUAV,"0,0%","99,9%",C,
C014103,CICLOSPORINA 100MG CAPSULA,0,0,0,0,0,29,0,0,0,0,0,0,3,11,"0,00",1,1,1,1,"2,6717",1,SUAV,"0,0%","99,9%",C,
C022011,CLORAMBUCILO 2MG TABLETA,0,0,0,0,0,0,0,4,21,0,0,0,3,10,"0,06",1,1,1,1,"1,9363",1,SUAV,"0,0%","99,9%",C,
D018101,DIFENHIDRAMINA 50MG CAPSULA ,12,14,2,0,0,0,0,0,0,0,0,0,3,9,"0,47",-1,1,1,1,"1,6063",1,SUAV,"0,0%","99,9%",C,
F002231,FENITOINA 125MG/5ML SUSPENSION ORAL,3,2,3,3,2,7,3,6,0,7,0,0,3,3,"0,02",1,1,1,1,"0,8051",1,SUAV,"0,0%","99,9%",C,
F015011,FOLINICO ÁCIDO 15MG TABLETA ,14,0,2,6,1,0,0,0,0,7,0,0,3,7,"0,19",-1,1,1,1,"1,3977",1,SUAV,"0,0%","99,9%",C,
L0000006,LEVOFLOXACINA TABLETA 500MG,0,0,0,3,0,21,0,0,0,0,3,0,3,9,"0,00",1,1,1,1,"1,9203",1,SUAV,"0,0%","99,9%",C,
L000001,BACLOFENO TABLETA 10MG,0,0,0,0,28,0,6,0,0,0,0,0,3,10,"0,02",1,1,1,1,"2,5886",1,SUAV,"0,0%","99,9%",C,
L018011,LOVASTATINA TABLETA 20MG,5,9,0,2,12,0,0,0,0,0,0,0,3,8,"0,31",-1,1,1,1,"1,3217",1,SUAV,"0,0%","99,9%",C,
N010142,NITROFURANTOINA TABLETA 100MG,0,2,3,27,0,0,0,0,0,0,0,0,3,9,"0,08",-1,1,1,1,"2,4658",1,SUAV,"0,0%","99,9%",C,
P0000003,PENTOXIFILINA TABLETA 400MG,0,0,0,0,13,14,0,0,0,2,0,0,3,9,"0,01",1,1,1,1,"1,6637",1,SUAV,"0,0%","99,9%",C,
R009141,RITONAVIR TABLETA 100MG,2,3,19,0,1,0,0,0,0,0,0,0,3,8,"0,19",-1,1,1,1,"1,7292",1,SUAV,"0,0%","99,9%",C,
S0000012,"BUDESONIDA/FORMOTEROL SUSPENSIÓN PARA INHALACIÓN 160MCG/4,5MCG/1PUFF/120PUFF",4,5,8,0,3,3,1,3,1,4,0,0,3,3,"0,35",1,1,1,1,"0,7738",1,SUAV,"0,0%","99,9%",C,
T001011,TALIDOMIDA TABLETA 100MG,0,17,0,0,0,0,0,13,6,0,0,0,3,9,"0,03",1,1,1,1,"1,8905",1,SUAV,"0,0%","99,9%",C,
T002012,TAMOXIFENO TABLETA 20MG,0,0,0,0,0,0,0,0,0,25,0,0,3,11,"0,09",1,1,1,1,"2,3032",1,SUAV,"0,0%","99,9%",C,
T025011,TRIMETOPRIM/SULFAMETOXAZOL TABLETA 80MG/400MG,9,0,0,0,0,0,10,9,0,0,0,0,3,9,"0,04",1,1,1,1,"1,3494",1,SUAV,"0,0%","99,9%",C,
705570,AMBRISENTAN 10 MG TABLETA,0,0,1,0,0,0,0,0,0,0,0,17,2,10,"0,22",1,1,1,1,"2,3408",1,SUAV,"0,0%","99,9%",C,
730136,ISONIAZIDA TABLETA 100MG,3,0,0,0,0,0,0,0,0,0,0,16,2,10,"0,15",1,1,1,1,"2,2123",1,SUAV,"0,0%","99,9%",C,
730139,PIRAZINAMIDA TABLETA 400MG,3,0,0,0,0,0,0,0,0,0,0,13,2,10,"0,14",1,1,1,1,"1,8066",1,SUAV,"0,0%","99,9%",C,
702033,SONDA FOLEY 2 VÍAS 20FRX30CM   ,1,0,0,0,2,0,2,0,1,0,2,5,2,6,"0,28",1,1,1,1,"0,7205",1,SUAV,"0,0%","99,9%",C,
704298,CONDON  S/LUBRICAR X 3 ,2,0,1,1,2,0,9,0,0,5,0,4,2,5,"0,05",1,1,1,1,"1,3229",1,SUAV,"0,0%","99,9%",C,
118494,DEXAMETASONA SOLUCIÓN OFTÁLMICA 5ML,2,0,1,0,2,0,0,3,2,3,0,3,2,5,"0,14",1,1,1,1,"0,6236",1,SUAV,"0,0%","99,9%",C,
719743,"FONDAPARINA 7,5MG/0,6ML SOL. INYECTABLE ",0,0,0,0,0,0,16,0,0,0,0,3,2,10,"0,02",1,1,1,1,"2,2123",1,SUAV,"0,0%","99,9%",C,
700290,"BETAMETILDIGOXINA 0,6MG/ML/45 GOTAS SOLUCIÓN ORAL ",2,0,9,0,2,1,0,1,2,4,0,2,2,4,"0,02",1,1,1,1,"1,2155",1,SUAV,"0,0%","99,9%",C,
700944,METILPREDNISOLONA SUCCINATO 40MG/ML SOL. INYECTABLE,0,0,0,0,0,0,16,6,0,0,0,2,2,9,"0,02",1,1,1,1,"2,2730",1,SUAV,"0,0%","99,9%",C,
702208,JELCO 16G X 2-1/4 LARGO,0,5,0,0,1,0,2,0,0,0,3,2,2,7,"0,00",1,1,1,1,"0,7762",1,SUAV,"0,0%","99,9%",C,
B00000010,BECLOMETASONA NASAL 50 MCG/PUFF,0,3,3,4,1,0,0,0,4,0,1,2,2,5,"0,03",1,1,1,1,"0,7773",1,SUAV,"0,0%","99,9%",C,
D0000038,"LEVOSIMENDAN SOLUCIÓN INYECTABLE 12,5MG/1ML",0,0,0,1,2,5,2,0,2,3,1,2,2,4,"0,16",1,1,1,1,"0,7217",1,SUAV,"0,0%","99,9%",C,
L004201,LEVOMEPROMAZINA 4MG/ML SOLUCION ORAL,0,1,2,2,1,5,3,1,1,3,3,2,2,1,"0,14",1,1,1,1,"0,6455",1,SUAV,"0,0%","99,9%",C,
131589,"TIOTROPIO BROMURO SUSPENSIÓN PARA INHALACIÓN 2,5MCG/1PUFF/60PUFF",5,3,4,1,0,1,0,0,0,5,0,1,2,5,"0,19",1,1,1,1,"0,9647",1,SUAV,"0,0%","99,9%",C,
700401,SUCRALFATO SUSPENSIÓN ORAL 20%/200ML,0,2,1,3,0,4,4,1,0,0,0,1,2,5,"0,05",1,1,1,1,"0,7454",1,SUAV,"0,0%","99,9%",C,
701442,DEXTROSA 50% EN AGUA DESTILADA 500 ML,4,0,4,0,3,2,2,0,0,0,1,1,2,5,"0,24",1,1,1,1,"0,7488",1,SUAV,"0,0%","99,9%",C,
701835,TEGADERM 6CMX7CM REF 1624W X100 ,0,0,0,0,0,1,0,0,0,1,20,1,2,8,"0,19",1,1,1,1,"2,7345",1,SUAV,"0,0%","99,9%",C,
702047,SONDA NASOGASTRICA # 20,0,0,2,2,1,2,2,2,2,0,0,1,2,4,"0,00",1,1,1,1,"0,4488",1,SUAV,"0,0%","99,9%",C,
702077,BRAZALETE NEO/1,0,1,2,0,0,1,2,1,6,0,3,1,2,4,"0,13",1,1,1,1,"0,8281",1,SUAV,"0,0%","99,9%",C,
702088,CANULA NASAL OXIGENO PEDIATRICA,2,2,3,4,1,1,1,3,0,0,2,1,2,2,"0,22",1,1,1,1,"0,5893",1,SUAV,"0,0%","99,9%",C,
702437,NIPLE CONECTOR MAG 02 HUDSON ,0,0,0,1,1,2,2,2,4,0,2,1,2,4,"0,24",1,1,1,1,"0,5818",1,SUAV,"0,0%","99,9%",C,
705353,FLUCONAZOL 50 MG/5ML SUSPENSION ,0,3,0,3,0,0,0,0,6,2,6,1,2,6,"0,14",1,1,1,1,"1,1016",1,SUAV,"0,0%","99,9%",C,
707126,ACETAMINOFEN JARABE 150 MG/5 ML FRASCO x 60 ML,7,0,2,2,0,1,0,0,0,1,2,1,2,5,"0,18",-1,1,1,1,"0,9428",1,SUAV,"0,0%","99,9%",C,
A001221,"ACETAMINOFEN JARABE 2,5MG/1ML FRASCO x 60ML",7,0,2,2,0,1,0,0,0,1,2,1,2,5,"0,18",-1,1,1,1,"0,9428",1,SUAV,"0,0%","99,9%",C,
H011201,FERROSO SULFATO SOLUCIÓN ORAL 25MG/1ML GOTAS,2,0,5,1,1,2,1,2,0,1,0,1,2,3,"0,15",1,1,1,1,"0,6562",1,SUAV,"0,0%","99,9%",C,
P0000002,"PEGFILGRASTIM SOL. INYECTABLE 6MG/0,6ML",1,1,0,2,1,2,2,5,3,0,4,1,2,2,"0,13",1,1,1,1,"0,7312",1,SUAV,"0,0%","99,9%",C,
129788,POSACONAZOL 100MG TABLETA,0,0,0,0,0,0,0,24,0,0,0,0,2,11,"0,02",1,1,1,1,"3,3166",1,SUAV,"0,0%","99,9%",C,
136905,CICLOSERINA 250MG TABLETA ,0,0,0,0,0,0,0,0,0,0,18,0,2,11,"0,16",1,1,1,1,"2,4875",1,SUAV,"0,0%","99,9%",C,
200061,SENSOR NEONATAL ADHESIVO M-LNCS PARA EQUIPOS  MARCA MASIMO,6,1,2,7,0,0,0,0,0,5,0,0,2,7,"0,18",-1,1,1,1,"1,2768",1,SUAV,"0,0%","99,9%",C,
700145,DIOSMINA TABLETA 500MG,0,0,0,0,0,0,0,0,0,0,20,0,2,11,"0,16",1,1,1,1,"2,7639",1,SUAV,"0,0%","99,9%",C,
700308,PREPARADO MAGISTRAL DE NIFEDIPINO ENTERAL 30 MG/ 10 ML,0,0,0,0,0,0,0,0,0,0,18,0,2,11,"0,16",1,1,1,1,"2,4875",1,SUAV,"0,0%","99,9%",C,
700757,SALBUTAMOL 5 MG SOL. PARA NEBULIZACIÓN X 10 ML,2,5,1,5,3,0,0,0,0,4,0,0,2,6,"0,24",-1,1,1,1,"0,9860",1,SUAV,"0,0%","99,9%",C,
701833,TEGADERM 10CMX12CM REF 1626W ,1,0,0,0,0,1,0,0,0,9,6,0,2,8,"0,20",1,1,1,1,"1,4062",1,SUAV,"0,0%","99,9%",C,
701996,SUNITINIB 50 MG CAPSULA,0,0,0,0,0,0,0,0,0,23,0,0,2,11,"0,09",1,1,1,1,"3,1784",1,SUAV,"0,0%","99,9%",C,
702024,SONDA FOLEY 2 VIAS 14FRX5CM,2,5,2,1,3,0,3,0,2,3,3,0,2,3,"0,08",1,1,1,1,"0,7360",1,SUAV,"0,0%","99,9%",C,
702035,SONDA FOLEY 3 VÍAS 20FRX30CM       ,1,1,0,1,2,2,2,4,1,1,2,0,2,2,"0,02",1,1,1,1,"0,5187",1,SUAV,"0,0%","99,9%",C,
702197,CATETER V/CT 16GX20CM/CV-04301-01CV50016,3,3,0,3,3,3,2,0,2,1,0,0,2,4,"0,39",1,1,1,1,"0,6562",1,SUAV,"0,0%","99,9%",C,
702204,INTRODUCTOR 7.0FR/SI-09700 ARROW,4,2,2,3,2,0,2,1,0,2,2,0,2,3,"0,38",1,1,1,1,"0,5893",1,SUAV,"0,0%","99,9%",C,
702307,BARRERA STOMAHESIVE 32MM NINOS ,0,6,0,0,0,0,0,5,0,2,0,0,2,9,"0,02",1,1,1,1,"1,0299",1,SUAV,"0,0%","99,9%",C,
705294,ELECTRODO BIPOLAR  6FRX110X10 AI-06210,3,2,1,2,2,0,2,1,0,1,2,0,2,3,"0,32",1,1,1,1,"0,4714",1,SUAV,"0,0%","99,9%",C,
705846,MEDROXIPROGESTERONA TABLETA 5MG,1,14,2,0,0,0,0,0,1,1,0,0,2,7,"0,20",-1,1,1,1,"1,8980",1,SUAV,"0,0%","99,9%",C,
707300,SURFACTANTE PULMONAR PORCINO SUSPENSIÓN INYECTABLE 240MG/3ML,0,0,1,1,0,1,3,3,4,0,2,0,2,5,"0,11",1,1,1,1,"0,6808",1,SUAV,"0,0%","99,9%",C,
716753,BOLSA RECOLECTORA 1000 CC REF: Z-01000,1,2,0,0,9,5,0,4,2,1,1,0,3,4,"0,01",1,1,1,1,"0,8656",1,SUAV,"0,0%","99,9%",C,
716958,CATETER  UMBILICAL 2.5 FR,0,1,1,1,0,0,4,2,0,1,3,0,2,5,"0,05",1,1,1,1,"0,6278",1,SUAV,"0,0%","99,9%",C,
717248,N-ACETILCISTEINA GRANULOS PARA SUSPENCIÓN ORAL 600MG,12,0,0,0,0,0,0,0,6,0,0,0,2,10,"0,12",-1,1,1,1,"1,7854",1,SUAV,"0,0%","99,9%",C,
717262,OXITOCINA 10UI SOL. INYECTABLE,4,0,3,0,0,0,4,0,0,0,4,0,2,8,"0,03",1,1,1,1,"0,8927",1,SUAV,"0,0%","99,9%",C,
717838,MECHAS NASALES REF 2248 ,0,0,0,0,0,0,0,8,0,2,3,0,2,9,"0,12",1,1,1,1,"1,1449",1,SUAV,"0,0%","99,9%",C,
718228,GABAPENTIN 400MG CAPSULA ,0,0,0,0,6,12,0,0,0,0,0,0,2,10,"0,01",1,1,1,1,"1,7854",1,SUAV,"0,0%","99,9%",C,
719158,RIVAROXABAN TABLETA 15MG,12,1,0,0,3,2,2,0,0,0,0,0,2,7,"0,31",-1,1,1,1,"1,6372",1,SUAV,"0,0%","99,9%",C,
719878,UNNA BOTA,0,1,1,1,1,1,3,2,3,0,0,0,2,4,"0,00",1,1,1,1,"0,5187",1,SUAV,"0,0%","99,9%",C,
720209,MINOCICLINA 100 MG TAB,10,3,0,0,0,0,0,0,0,3,0,0,2,9,"0,24",-1,1,1,1,"1,4191",1,SUAV,"0,0%","99,9%",C,
770143,"RASBURICASA SOLUCIÓN INYECTABLE 1,5MG/1ML (ONCOLOGICO)",8,0,0,0,3,0,0,0,4,0,0,0,2,9,"0,15",-1,1,1,1,"1,2098",1,SUAV,"0,0%","99,9%",C,
20039341,TICAGRELOR TABLETA 90MG,0,0,0,0,8,0,2,0,0,3,0,0,2,9,"0,00",1,1,1,1,"1,1449",1,SUAV,"0,0%","99,9%",C,
BISAPRO,BISOPROLOL TABLETA 10MG,0,0,0,11,0,0,0,0,11,1,0,0,2,9,"0,00",1,1,1,1,"2,0357",1,SUAV,"0,0%","99,9%",C,
E007231,ERITROMICINA 250MG/5ML SUSPENSION ORAL,0,6,1,0,1,0,1,0,0,6,0,0,2,7,"0,01",1,1,1,1,"1,0825",1,SUAV,"0,0%","99,9%",C,
T0000003,TIZANIDINA TABLETA 2MG,0,24,0,0,0,0,0,0,0,0,0,0,2,11,"0,16",-1,1,1,1,"3,3166",1,SUAV,"0,0%","99,9%",C,
702031,SONDA FOLEY 2 VÍAS 22FRX30CM    ,2,0,0,0,1,2,1,2,0,5,4,0,2,5,"0,15",1,1,1,1,"0,8026",1,SUAV,"0,0%","99,9%",C,
710176,PROPOFOL SOLUCIÓN INYECTABLE 10MG/1ML (500MG/50ML),0,0,0,0,0,0,0,0,0,0,0,6,1,11,"0,23",1,1,1,1,"1,6583",1,SUAV,"0,0%","100,0%",C,
710039,SEDA  0 CS424 (GS-21)SOFSILK  TYCO,0,0,0,4,0,1,1,1,1,0,0,4,1,6,"0,08",1,1,1,1,"1,4142",1,SUAV,"0,0%","100,0%",C,
702326,BOLSA OSTOMIA  OP45MM ,1,2,0,0,0,1,0,0,1,2,0,3,1,6,"0,07",1,1,1,1,"0,9860",1,SUAV,"0,0%","100,0%",C,
718005,ABACAVIR/LAMIVUDINA TABLETA 600MG/300MG,0,7,1,0,0,0,0,0,0,0,1,3,1,8,"0,03",1,1,1,1,"2,0000",1,SUAV,"0,0%","100,0%",C,
719841,LIDOCAINA/EPINEFRINA SOLUCIÓN INYECTABLE 2%/50ML,0,3,1,0,0,1,0,3,2,0,0,3,2,6,"0,03",1,1,1,1,"0,6278",1,SUAV,"0,0%","100,0%",C,
E0000003,SODIO FOSFATO MONOBASICO SOLUCIÓN ORAL 133ML,0,1,0,0,0,0,0,0,0,6,0,3,1,9,"0,20",1,1,1,1,"1,7717",1,SUAV,"0,0%","100,0%",C,
S013701,SUCCINILCOLINA SOLUCIÓN INYECTABLE 10%/10ML,0,0,0,0,0,0,0,0,0,0,1,3,1,10,"0,36",1,1,1,1,"0,8498",1,SUAV,"0,0%","100,0%",C,
701964,CATETER TROCAR RECTO 28FR ,0,0,0,0,1,0,0,2,0,1,0,2,1,8,"0,26",1,1,1,1,"0,7638",1,SUAV,"0,0%","100,0%",C,
701978,VENDA YESO 5X5    ,0,0,0,0,0,0,0,0,0,0,0,2,1,11,"0,23",1,1,1,1,"0,5528",1,SUAV,"0,0%","100,0%",C,
702153,AGUJA 25GA X1,0,0,0,0,0,0,0,0,2,0,0,2,1,10,"0,27",1,1,1,1,"0,7454",1,SUAV,"0,0%","100,0%",C,
702698,TUBO ENDOTRAQUEAL 6.5 C/BL,0,2,0,0,0,0,1,0,0,0,0,2,1,9,"0,01",1,1,1,1,"0,7592",1,SUAV,"0,0%","100,0%",C,
702713,TUBO ENDOTRAQUEAL 5.5 C/BL,0,0,0,0,0,0,0,0,0,0,0,2,1,11,"0,23",1,1,1,1,"0,5528",1,SUAV,"0,0%","100,0%",C,
730125,CATETER PICC BILUMEN INSERCION PERIFERICA 4FR X 50CM REF PR05042,0,0,0,3,1,0,0,0,0,0,1,2,1,8,"0,03",1,1,1,1,"0,9538",1,SUAV,"0,0%","100,0%",C,
730126,CATETER PICC MONOLUMEN INSERCION PERIFERICA 4FR X 50CM REF 01PR05041 ,3,1,1,0,0,0,0,0,1,0,1,2,1,6,"0,03",1,1,1,1,"0,9242",1,SUAV,"0,0%","100,0%",C,
C041602,SODIO CROMOGLICATO SOLUCIÓN OFTÁLMICA 40MG/1ML (400MG/10ML),0,0,0,0,0,0,0,1,0,0,0,2,1,10,"0,26",1,1,1,1,"0,5951",1,SUAV,"0,0%","100,0%",C,
N011701,NITROGLICERINA SOLUCIÓN INYECTABLE 50MG/10ML,1,0,2,0,0,0,0,2,1,1,0,2,1,6,"0,05",1,1,1,1,"0,8292",1,SUAV,"0,0%","100,0%",C,
Z002721,ZOLEDRONICO ÁCIDO POLVO LIOFILIZADO 4MG/5ML ,1,0,1,2,1,0,2,0,0,0,1,2,1,5,"0,00",1,1,1,1,"0,7993",1,SUAV,"0,0%","100,0%",C,
Z002721,ZOLEDRONICO ÁCIDO POLVO LIOFILIZADO 4MG/5ML ,1,0,1,2,1,0,2,0,0,0,1,2,1,5,"0,00",1,1,1,1,"0,7993",1,SUAV,"0,0%","100,0%",C,
701954,BARRERA STOMAHESIVE 45 50MM,3,2,0,0,0,1,0,0,1,2,1,1,1,5,"0,03",1,1,1,1,"0,9538",1,SUAV,"0,0%","100,0%",C,
702029,SONDA FOLEY 2 VÍAS 24FRX5CM-30CM    ,0,0,0,0,0,0,0,0,1,2,0,1,1,9,"0,34",1,1,1,1,"0,6236",1,SUAV,"0,0%","100,0%",C,
702037,SONDA FOLEY 3 VÍAS 22FRX30CM     ,1,1,0,0,0,1,2,3,1,0,2,1,1,4,"0,10",1,1,1,1,"0,9129",1,SUAV,"0,0%","100,0%",C,
702041,SONDA NASOGASTRICA # 8,0,0,0,1,1,0,0,0,1,2,2,1,1,6,"0,42",1,1,1,1,"0,7454",1,SUAV,"0,0%","100,0%",C,
702226,PERIFIX 18GA C/A 4514017 ,0,0,0,0,0,0,0,0,0,1,0,1,1,10,"0,34",1,1,1,1,"0,3727",1,SUAV,"0,0%","100,0%",C,
702694,TUBO ENDOTRAQUEAL 8.5 C/BL,1,0,0,1,0,1,0,0,0,1,1,1,1,6,"0,06",1,1,1,1,"0,5000",1,SUAV,"0,0%","100,0%",C,
704292,FOSFOMICINA GRANULOS PARA SUSPENCIÓN ORAL 3G,0,0,2,0,2,0,0,0,0,1,3,1,1,7,"0,09",1,1,1,1,"1,0104",1,SUAV,"0,0%","100,0%",C,
707137,LORATADINA JARABE 1MG/1ML (100MG/100ML),0,1,0,0,0,0,1,0,0,0,1,1,1,8,"0,10",1,1,1,1,"0,4714",1,SUAV,"0,0%","100,0%",C,
709757,DIAZEPAM SOLUCIÓN INYECTABLE 10MG/2ML ,0,0,0,1,2,0,1,1,1,1,3,1,1,4,"0,36",1,1,1,1,"0,8620",1,SUAV,"0,0%","100,0%",C,
713863,INMUNOGLOBULINA HUMANA ANTIHEPATITIS B SOLUCIÓN INYECTABLE 50UI/1ML (100UI/2ML),0,0,0,1,0,1,0,0,0,0,0,1,1,9,"0,02",1,1,1,1,"0,4330",1,SUAV,"0,0%","100,0%",C,
717442,BUDESONIDA/FORMOTEROL SUSPENSIÓN PARA INHALACIÓN 320MCG/9MCG/1PUFF/60PUFF,1,0,0,0,0,0,0,0,0,0,0,1,1,10,"0,00",1,1,1,1,"0,3727",1,SUAV,"0,0%","100,0%",C,
719849,CANULA 7.0 C/B  FENESTRADA TRACOE REF- T 302-07,0,0,0,0,0,0,0,0,0,0,0,1,1,11,"0,23",1,1,1,1,"0,2764",1,SUAV,"0,0%","100,0%",C,
730033,"CARBONATO DE CALCIO/VITAMINA D3/ZINC SUSPENSIÓN ORAL 300MG/100UI/7,5MG/5ML (108",1,2,1,1,1,0,1,0,1,0,1,1,1,3,"0,16",1,1,1,1,"0,5528",1,SUAV,"0,0%","100,0%",C,
730053,SISTEMA DRENAJE TORAXICO PEDIATRICO THORAMETRIX X1500-LM INSTRUMENT,0,0,1,0,1,0,0,0,0,0,0,1,1,9,"0,00",1,1,1,1,"0,4330",1,SUAV,"0,0%","100,0%",C,
730141,PRIMAQUINA TABLETA 15MG,0,0,0,0,3,0,0,0,0,0,0,1,1,10,"0,00",1,1,1,1,"0,8498",1,SUAV,"0,0%","100,0%",C,
G006702,GONADOTROPINA CRIONICA 5000 UI/ML SOL. INYECTABLE,0,0,0,0,0,0,0,0,0,0,0,1,1,11,"0,23",1,1,1,1,"0,2764",1,SUAV,"0,0%","100,0%",C,
I009711,INSULINA ZINC NPH SOL. INYECTABLE 100UI/ML x 10ML (1000UI),0,2,0,1,0,0,4,0,1,2,0,1,1,6,"0,01",1,1,1,1,"1,1873",1,SUAV,"0,0%","100,0%",C,
P036701,PROTAMINA SOLUCIÓN INYECTABLE 5000UI,1,0,0,0,1,0,1,1,1,2,0,1,1,5,"0,15",1,1,1,1,"0,6236",1,SUAV,"0,0%","100,0%",C,
T005461,TERBUTALINA SUSPENSIÓN PARA INHALACIÓN 10MG//1ML/10ML,0,0,0,0,0,0,0,0,1,0,0,1,1,10,"0,27",1,1,1,1,"0,3727",1,SUAV,"0,0%","100,0%",C,
T005701,"TERBUTALINA SOLUCIÓN INYECTABLE 0,5MG/1ML",0,0,0,0,0,0,0,0,1,0,0,1,1,10,"0,27",1,1,1,1,"0,3727",1,SUAV,"0,0%","100,0%",C,
6421,"OXIMETAZOLINA SOLUCIÓN NASAL 0, 025% ",0,1,0,0,0,0,0,0,0,2,0,0,1,10,"0,01",1,1,1,1,"0,5951",1,SUAV,"0,0%","100,0%",C,
105719,CLARITROMICINA 250MG/5ML GRANULOS PARA RECONSTITUIR A SUSPENSION ORAL,0,1,2,1,0,0,0,0,0,1,0,0,1,8,"0,16",-1,1,1,1,"0,6401",1,SUAV,"0,0%","100,0%",C,
119580,N-ACETILCISTEINA GRANULOS PARA SUSPENCIÓN ORAL 200MG,6,0,0,0,0,0,0,0,0,0,0,0,1,11,"0,23",-1,1,1,1,"1,6583",1,SUAV,"0,0%","100,0%",C,
120804,CARBOXIMETILCELULOSA 0.5 % SOL. OFTALMICA ,0,0,0,0,0,0,0,0,0,2,0,0,1,11,"0,09",1,1,1,1,"0,5528",1,SUAV,"0,0%","100,0%",C,
125690,FINASTERIDE 5MG TABLETA ,0,0,0,0,0,0,0,4,0,0,0,0,1,11,"0,02",1,1,1,1,"1,1055",1,SUAV,"0,0%","100,0%",C,
162378,ACETAMINOFEN/HIDROCODONA TABLETA 325MG/5MG,7,0,0,0,4,0,0,0,0,0,0,0,1,10,"0,25",-1,1,1,1,"2,1392",1,SUAV,"0,0%","100,0%",C,
200072,SENSOR SPO2 NEONATAL EM0602,0,0,0,0,0,0,0,0,2,0,0,0,1,11,"0,05",1,1,1,1,"0,5528",1,SUAV,"0,0%","100,0%",C,
700203,MUPIROCINA UNGÜENTO TÓPICO 2%/15G,0,0,0,1,0,0,0,0,0,0,1,0,1,10,"0,02",1,1,1,1,"0,3727",1,SUAV,"0,0%","100,0%",C,
700245,SULFADIAZINA DE PLATA CREMA TOPICA 1% ,0,0,0,3,1,0,0,0,0,1,0,0,1,9,"0,02",1,1,1,1,"0,8620",1,SUAV,"0,0%","100,0%",C,
700302,GLUTAPAK 10 ENTEREX ALIMENTO 15g,0,0,0,0,0,0,0,0,0,3,2,0,1,10,"0,24",1,1,1,1,"0,9538",1,SUAV,"0,0%","100,0%",C,
700310,TROPICAMIDA 1% 15ML SOLUCION OFTALMICA,0,0,0,0,0,0,0,1,0,1,0,0,1,10,"0,11",1,1,1,1,"0,3727",1,SUAV,"0,0%","100,0%",C,
700422,FENOBARBITAL SOLUCIÓN ORAL 4MG/1ML ,1,0,2,1,2,1,1,0,1,1,1,0,1,3,"0,08",1,1,1,1,"0,6401",1,SUAV,"0,0%","100,0%",C,
700567,ALIZAPRIDA SOL. INYECTABLE 50MG,0,0,0,0,0,1,0,0,0,0,0,0,1,11,"0,00",1,1,1,1,"0,2764",1,SUAV,"0,0%","100,0%",C,
700572,"METILERGOMETRINA SOL. INYECTABLE 0,2MG ",0,0,4,0,0,0,0,5,0,0,0,0,1,10,"0,01",1,1,1,1,"1,6894",1,SUAV,"0,0%","100,0%",C,
700630,ALPROSTADIL SOLUCIÓN INYECTABLE 500MCG/1ML,0,1,0,5,0,0,1,0,0,0,1,0,1,8,"0,05",1,1,1,1,"1,3744",1,SUAV,"0,0%","100,0%",C,
700644,ADENOSINA 6MG/2ML SOL. INYECTABLE ,4,1,0,0,0,0,0,0,3,0,0,0,1,9,"0,12",-1,1,1,1,"1,3123",1,SUAV,"0,0%","100,0%",C,
700651,KETOPROFENO SOLUCIÓN INYECTABLE 100MG/2ML,8,0,0,0,0,0,0,0,0,0,0,0,1,11,"0,23",-1,1,1,1,"2,2111",1,SUAV,"0,0%","100,0%",C,
700762,LIDOCAINA CLORHIDRATO SOLUCIÓN TÓPICA 10%/80G,0,2,0,1,0,1,0,0,0,1,0,0,1,8,"0,10",1,1,1,1,"0,6401",1,SUAV,"0,0%","100,0%",C,
700779,FENOBARBITAL TABLETA 100MG ,0,0,10,0,0,0,0,0,0,0,0,0,1,11,"0,09",-1,1,1,1,"2,7639",1,SUAV,"0,0%","100,0%",C,
700791,DEGARELIX 80 MG POLVO PARA RECONSTITUCION,0,0,0,0,0,0,0,3,0,3,0,0,1,10,"0,11",1,1,1,1,"1,1180",1,SUAV,"0,0%","100,0%",C,
700817,"BUPIVACAINA 0,5% x 10ML SOL. INYECTABLE",0,0,0,0,0,0,0,0,1,0,0,0,1,11,"0,05",1,1,1,1,"0,2764",1,SUAV,"0,0%","100,0%",C,
700901,COMPLEJO B SOLUCIÓN INYECTABLE 10ML,0,0,0,0,0,0,0,0,1,0,0,0,1,11,"0,05",1,1,1,1,"0,2764",1,SUAV,"0,0%","100,0%",C,
700917,CLEMASTINA SOLUCIÓN INYECTABLE 2MG,1,0,0,0,0,0,2,0,0,0,0,0,1,10,"0,03",1,1,1,1,"0,5951",1,SUAV,"0,0%","100,0%",C,
700949,METILPREDNISOLONA ACETATO 40MG/ML SUSPENSION INYECTABLE,0,0,0,1,0,6,0,2,0,0,0,0,1,9,"0,00",1,1,1,1,"1,6894",1,SUAV,"0,0%","100,0%",C,
700997,SODIO BICARBONATO POLVO SOL. ORAL x 2.8 GRAMOS,0,0,0,0,5,1,0,0,0,0,1,0,1,9,"0,00",1,1,1,1,"1,3819",1,SUAV,"0,0%","100,0%",C,
701003,BUDESONIDA 100 MCG/PUFF x 200 PUFF,0,0,0,0,0,0,0,0,0,1,0,0,1,11,"0,09",1,1,1,1,"0,2764",1,SUAV,"0,0%","100,0%",C,
701405,PROLENE 2 0 8423T (CT1)75CM,0,0,0,0,0,0,0,0,1,1,0,0,1,10,"0,15",1,1,1,1,"0,3727",1,SUAV,"0,0%","100,0%",C,
701727,DUODERM PASTA TBX30GR ,0,0,0,0,0,0,0,0,1,0,0,0,1,11,"0,05",1,1,1,1,"0,2764",1,SUAV,"0,0%","100,0%",C,
701829,SURGICEL 4X8 REF 1952 (10.2CMX20.3CM) ,0,0,0,0,0,2,0,0,0,0,0,0,1,11,"0,00",1,1,1,1,"0,5528",1,SUAV,"0,0%","100,0%",C,
701841,ALGODON LAMINADO 4X5,0,0,1,0,1,1,0,0,2,5,0,0,1,7,"0,09",1,1,1,1,"1,4044",1,SUAV,"0,0%","100,0%",C,
701842,ALGODON LAMINADO 5X5,0,0,0,0,1,0,1,2,0,0,2,0,1,8,"0,12",1,1,1,1,"0,7638",1,SUAV,"0,0%","100,0%",C,
701866,VENDA ELASTICA 3X5 ,0,0,1,3,0,0,0,0,0,0,0,0,1,10,"0,10",-1,1,1,1,"0,8498",1,SUAV,"0,0%","100,0%",C,
701962,CATETER TROCAR RECTO 20FR,0,1,0,0,0,0,1,0,0,0,0,0,1,10,"0,07",-1,1,1,1,"0,3727",1,SUAV,"0,0%","100,0%",C,
701965,CATETER TROCAR RECTO 32FR,0,0,1,2,0,2,1,1,0,1,2,0,1,5,"0,02",1,1,1,1,"0,7993",1,SUAV,"0,0%","100,0%",C,
701966,CATETER TROCAR RECTO 36FR,0,0,0,1,0,1,1,2,0,0,0,0,1,8,"0,00",1,1,1,1,"0,6401",1,SUAV,"0,0%","100,0%",C,
701977,VENDA YESO 4X5  ,0,0,0,0,0,1,0,0,2,0,0,0,1,10,"0,03",1,1,1,1,"0,5951",1,SUAV,"0,0%","100,0%",C,
701979,VENDA YESO 6X5 ,0,0,0,0,0,2,2,3,0,0,0,0,1,9,"0,01",1,1,1,1,"1,0375",1,SUAV,"0,0%","100,0%",C,
702017,SONDA ENTERAL 6FR (ALIMENTACION)  ,0,0,0,1,0,0,0,0,0,0,0,0,1,11,"0,05",-1,1,1,1,"0,2764",1,SUAV,"0,0%","100,0%",C,
702025,SONDA FOLEY 2 VÍAS 12FRX5CM,0,2,0,0,0,0,1,0,1,0,2,0,1,8,"0,01",1,1,1,1,"0,7638",1,SUAV,"0,0%","100,0%",C,
702028,SONDA FOLEY 2 VÍAS 24FRX5CM    ,0,0,0,0,0,1,0,1,0,0,0,0,1,10,"0,01",1,1,1,1,"0,3727",1,SUAV,"0,0%","100,0%",C,
702039,SONDA FOLEY 3 VÍAS 24FRX30CM    ,0,0,2,0,0,0,0,0,1,1,5,0,1,8,"0,13",1,1,1,1,"1,4216",1,SUAV,"0,0%","100,0%",C,
702040,SONDA NASOGASTRICA # 6 ,0,0,1,2,2,0,3,0,3,0,0,0,1,7,"0,00",1,1,1,1,"1,1873",1,SUAV,"0,0%","100,0%",C,
702043,SONDA NASOGASTRICA # 12,1,0,2,1,2,0,1,1,0,0,0,0,1,6,"0,27",-1,1,1,1,"0,7454",1,SUAV,"0,0%","100,0%",C,
702148,AGUJA 21GA X1 ,0,4,0,0,1,0,0,0,0,3,0,0,1,9,"0,03",1,1,1,1,"1,3123",1,SUAV,"0,0%","100,0%",C,
702207,JELCO 14G X 2-1/4 ,1,3,0,0,0,1,0,0,0,0,0,0,1,9,"0,30",-1,1,1,1,"0,8620",1,SUAV,"0,0%","100,0%",C,
702231,SPINOCAN 25X3.1/2,0,0,4,0,0,1,0,0,0,0,0,0,1,10,"0,10",-1,1,1,1,"1,1149",1,SUAV,"0,0%","100,0%",C,
702233,SPINOCAN 27G ,1,0,0,0,0,0,0,0,0,0,0,0,1,11,"0,23",-1,1,1,1,"0,2764",1,SUAV,"0,0%","100,0%",C,
702235,AGUJA SURECAN GRIPPER PLUS SEGURIDAD 20 GA  X19 MM REF-0821276724,0,0,0,0,1,1,1,2,0,0,0,0,1,8,"0,00",1,1,1,1,"0,6401",1,SUAV,"0,0%","100,0%",C,
702256,HEMINA 350 MG PANHEMATIN,0,4,0,0,0,0,0,0,0,0,0,0,1,11,"0,16",-1,1,1,1,"1,1055",1,SUAV,"0,0%","100,0%",C,
702298,BARRERA STOMAHESIVE 38 MM ,3,1,1,0,0,0,0,0,0,1,0,0,1,8,"0,34",-1,1,1,1,"0,8660",1,SUAV,"0,0%","100,0%",C,
702321,BOLSA OSTOMIA 32MM NINOS ,0,5,0,0,0,0,0,4,0,0,0,0,1,10,"0,06",1,1,1,1,"1,6894",1,SUAV,"0,0%","100,0%",C,
702445,BUPRENORFINA PARCHE TRANSDERMICO 20MG ,0,3,0,0,7,0,0,0,0,0,0,0,1,10,"0,08",-1,1,1,1,"2,0344",1,SUAV,"0,0%","100,0%",C,
702619,CANULA GUEDEL 2 (ISO 8.0),0,0,0,1,0,0,0,1,1,0,0,0,1,9,"0,01",1,1,1,1,"0,4330",1,SUAV,"0,0%","100,0%",C,
702620,INCENTIVO RESPIRATORIO HUDSON,0,0,0,0,0,0,0,0,1,0,0,0,1,11,"0,05",1,1,1,1,"0,2764",1,SUAV,"0,0%","100,0%",C,
702636,MASCARA NO REINHALACION C/RESERVORIO  PEDIATRICA,0,0,0,0,0,0,0,1,0,1,0,0,1,10,"0,11",1,1,1,1,"0,3727",1,SUAV,"0,0%","100,0%",C,
702642,CANULA YANKAWER DESECHABLE ,0,0,0,0,0,0,0,2,2,0,0,0,1,10,"0,07",1,1,1,1,"0,7454",1,SUAV,"0,0%","100,0%",C,
702706,TUBO ENDOTRAQUEAL 2.5 S/BL ,0,1,3,1,0,0,1,3,0,1,0,0,1,6,"0,04",1,1,1,1,"1,0672",1,SUAV,"0,0%","100,0%",C,
702707,TUBO ENDOTRAQUEAL 2.0 S/BL,0,0,1,0,1,0,0,0,0,0,0,0,1,10,"0,11",-1,1,1,1,"0,3727",1,SUAV,"0,0%","100,0%",C,
703366,URGOTUL AG 10X12CM,0,0,0,0,0,0,0,1,0,1,0,0,1,10,"0,11",1,1,1,1,"0,3727",1,SUAV,"0,0%","100,0%",C,
703609,BRAZALETE NEO/5,0,0,0,0,0,1,1,0,0,1,0,0,1,9,"0,04",1,1,1,1,"0,4330",1,SUAV,"0,0%","100,0%",C,
703686,CARBONATO DE LITIO 300MG TABLETA ,0,0,0,0,0,0,0,0,6,0,0,0,1,11,"0,05",1,1,1,1,"1,6583",1,SUAV,"0,0%","100,0%",C,
703694,DOMPERIDONA 10MG TABLETA ,0,0,0,0,1,0,0,0,0,0,0,0,1,11,"0,02",1,1,1,1,"0,2764",1,SUAV,"0,0%","100,0%",C,
703708,REMIFENTANIL POLVO LIOFILIZADO 2MG ,0,0,0,0,0,0,0,2,0,1,0,0,1,10,"0,07",1,1,1,1,"0,5951",1,SUAV,"0,0%","100,0%",C,
703755,MORFINA SOLUCION ORAL 30MG/ML x 30ML,0,0,0,0,1,0,0,2,1,0,0,0,1,9,"0,02",1,1,1,1,"0,6236",1,SUAV,"0,0%","100,0%",C,
704308,ALGODON LAMINADO 3X5 ,0,0,2,3,0,0,0,0,0,2,0,0,1,9,"0,03",1,1,1,1,"1,0375",1,SUAV,"0,0%","100,0%",C,
704336,CIPROFLOXACINO SOLUCIÓN OFTÁLMICA 0.3% x 10 ML ,0,1,2,0,0,0,0,0,0,1,0,0,1,9,"0,10",-1,1,1,1,"0,6236",1,SUAV,"0,0%","100,0%",C,
704346,ACICLOVIR UNGÜENTO TOPICO 5% x 15 GRAMOS,0,0,3,0,0,0,2,5,0,0,1,0,1,8,"0,00",1,1,1,1,"1,5523",1,SUAV,"0,0%","100,0%",C,
704381,BOLSA OSTOMIA OP/38MM ,3,0,1,0,0,0,0,0,0,1,0,0,1,9,"0,21",-1,1,1,1,"0,8620",1,SUAV,"0,0%","100,0%",C,
705431,CATETER SWAN GANZ 5L 831HF75P,1,1,0,1,2,1,0,0,1,3,1,0,1,4,"0,00",1,1,1,1,"0,8620",1,SUAV,"0,0%","100,0%",C,
705579,COLAGENASA UNGUENTO 40 G ,6,2,0,0,0,0,0,0,0,0,0,0,1,10,"0,36",-1,1,1,1,"1,6997",1,SUAV,"0,0%","100,0%",C,
705740,MOXIFLOXACINO SOLUCION INFUSION FCO. 400 MG/250 ML  (AVELOX ),8,0,0,0,0,0,0,0,0,0,0,0,1,11,"0,23",-1,1,1,1,"2,2111",1,SUAV,"0,0%","100,0%",C,
705888,IOBAN REF/6650    ,0,1,0,0,0,1,0,0,0,0,2,0,1,9,"0,02",1,1,1,1,"0,6236",1,SUAV,"0,0%","100,0%",C,
705891,PARCHE OCULAR AD,0,0,0,0,0,0,0,0,0,0,1,0,1,11,"0,16",1,1,1,1,"0,2764",1,SUAV,"0,0%","100,0%",C,
705958,MEMANTINA TABLETA 10MG,0,0,0,2,0,0,9,0,0,0,0,0,1,10,"0,00",1,1,1,1,"2,4986",1,SUAV,"0,0%","100,0%",C,
706053,ALTEPLASA 50 MG POLVO LIOFILIZADO 50MG,2,0,0,2,0,0,0,0,2,0,2,0,1,8,"0,00",1,1,1,1,"0,9428",1,SUAV,"0,0%","100,0%",C,
706196,"BUDESONIDA/FORMOTEROL POLVO PARA INHALACIÓN 160MCG/4,5MCG/1PUFF x 120PUFF",3,0,0,0,0,1,0,1,1,1,0,0,1,7,"0,07",1,1,1,1,"0,8620",1,SUAV,"0,0%","100,0%",C,
706261,GELATINA FLUIDA MODIFICADA EN SOLUCIÓN IÓNICA SOLUCIÓN INYECTABLE 20G/500ML,0,0,0,2,0,0,0,0,0,0,0,0,1,11,"0,05",-1,1,1,1,"0,5528",1,SUAV,"0,0%","100,0%",C,
706577,APLICADOR NITRATO DE PLATA,0,0,0,0,0,0,2,0,0,0,0,0,1,11,"0,00",1,1,1,1,"0,5528",1,SUAV,"0,0%","100,0%",C,
707547,AGUJA COAXIAL MCXS 14X10,0,0,1,0,0,0,0,0,0,0,0,0,1,11,"0,09",-1,1,1,1,"0,2764",1,SUAV,"0,0%","100,0%",C,
707610,COLECALCIFEROL 25.000 UI,0,0,0,0,0,4,0,0,0,0,0,0,1,11,"0,00",1,1,1,1,"1,1055",1,SUAV,"0,0%","100,0%",C,
707781,DREN BALKE 19FR REDONDO S/U REF 2232,0,0,0,0,0,0,0,2,0,0,0,0,1,11,"0,02",1,1,1,1,"0,5528",1,SUAV,"0,0%","100,0%",C,
708771,HARTMAN SOLUCION INYECTABLE 3000 ML,0,0,0,0,0,0,0,0,0,7,0,0,1,11,"0,09",1,1,1,1,"1,9347",1,SUAV,"0,0%","100,0%",C,
708836,TOPIRAMATO TABLETA 100MG,0,0,0,0,3,0,0,0,0,0,0,0,1,11,"0,02",1,1,1,1,"0,8292",1,SUAV,"0,0%","100,0%",C,
708919,ZIDOVUDINA SOLUCIÓN INYECTABLE 10MG/1ML,0,0,0,0,0,0,0,3,0,0,0,0,1,11,"0,02",1,1,1,1,"0,8292",1,SUAV,"0,0%","100,0%",C,
710108,SURGIPRO 4-0 SP5682 (P-12) TYCO,0,0,0,1,0,0,0,0,0,0,0,0,1,11,"0,05",-1,1,1,1,"0,2764",1,SUAV,"0,0%","100,0%",C,
711321,ADAPTADOR P/CO-SET REF-93505,1,1,0,1,1,1,0,0,1,3,1,0,1,4,"0,01",1,1,1,1,"0,7993",1,SUAV,"0,0%","100,0%",C,
712920,SONDA FOLEY 2 VIAS 8X3 SILICONADA PEDIATRICA ,0,0,0,0,0,0,0,0,1,0,0,0,1,11,"0,05",1,1,1,1,"0,2764",1,SUAV,"0,0%","100,0%",C,
712991,CANULA NASAL OXIGENO PEDIATRICA NO ESTERIL ,0,1,0,0,0,0,0,0,0,0,0,0,1,11,"0,16",-1,1,1,1,"0,2764",1,SUAV,"0,0%","100,0%",C,
714048,LAGRIMAS ARTIFICIALES SOLUCIÓN OFTÁLMICA 5MG/1ML (75MG/15ML),2,0,1,1,0,0,0,0,0,0,0,0,1,9,"0,43",-1,1,1,1,"0,6236",1,SUAV,"0,0%","100,0%",C,
714463,RIVAROXABAN TABLETA 20MG,3,0,3,0,5,0,1,0,0,0,0,0,1,8,"0,25",-1,1,1,1,"1,6330",1,SUAV,"0,0%","100,0%",C,
714819,MOSAPRIDA TABLETA 5MG,6,2,0,0,0,0,0,0,0,0,0,0,1,10,"0,36",-1,1,1,1,"1,6997",1,SUAV,"0,0%","100,0%",C,
716732,IBUPROFENO 10MG/2ML SOL. INYECTABLE,0,0,0,0,0,0,0,4,0,0,0,0,1,11,"0,02",1,1,1,1,"1,1055",1,SUAV,"0,0%","100,0%",C,
716754,CONECTOR EN Y -SUPLESALUD,0,0,0,0,0,0,1,0,0,0,0,0,1,11,"0,00",1,1,1,1,"0,2764",1,SUAV,"0,0%","100,0%",C,
717140,NUTRICION ENTERAL CETOGENICA 300 G LATA,0,0,0,0,3,0,0,0,0,0,0,0,1,11,"0,02",1,1,1,1,"0,8292",1,SUAV,"0,0%","100,0%",C,
717160,PROGESTERONA CÁPSULA 200MG,0,0,0,0,0,0,0,0,7,0,0,0,1,11,"0,05",1,1,1,1,"1,9347",1,SUAV,"0,0%","100,0%",C,
717280,SACUBITRIL/ VALSARTAN 100 MG TABLETA,0,0,0,0,0,0,4,0,0,0,0,0,1,11,"0,00",1,1,1,1,"1,1055",1,SUAV,"0,0%","100,0%",C,
717421,NUTRAMIGEN PREMIUM CON LGG 357G LATA,0,0,0,0,0,1,0,0,0,0,0,0,1,11,"0,00",1,1,1,1,"0,2764",1,SUAV,"0,0%","100,0%",C,
717455,IVABRADINE TABLETA 5MG,0,6,0,0,0,0,3,0,0,0,0,0,1,10,"0,12",-1,1,1,1,"1,7854",1,SUAV,"0,0%","100,0%",C,
717705,DABIGATRAN CÁPSULA 150MG,0,0,0,0,0,0,0,0,0,2,0,0,1,11,"0,09",1,1,1,1,"0,5528",1,SUAV,"0,0%","100,0%",C,
718800,MIRTAZAPINA TABLETA 30MG,0,0,0,0,0,0,0,0,0,6,0,0,1,11,"0,09",1,1,1,1,"1,6583",1,SUAV,"0,0%","100,0%",C,
719455,S/FOLEY 3V  20FR SILICONA,0,0,0,0,0,0,1,0,0,0,0,0,1,11,"0,00",1,1,1,1,"0,2764",1,SUAV,"0,0%","100,0%",C,
719533,CAOLIN/PECTINA SUSPENSIÓN ORAL 20G/1G/120ML,5,0,0,0,0,0,1,0,0,0,0,0,1,10,"0,22",-1,1,1,1,"1,3844",1,SUAV,"0,0%","100,0%",C,
719612,CATETER 2L 4FRX5CM 22G PEDIAT. REF- CS12402,1,0,0,0,0,0,0,0,0,1,2,0,1,9,"0,07",1,1,1,1,"0,6236",1,SUAV,"0,0%","100,0%",C,
719618,BOLSA RECOLECTORA 200CC -SUPLESALUD,4,0,0,0,1,0,0,0,0,0,0,0,1,10,"0,26",-1,1,1,1,"1,1149",1,SUAV,"0,0%","100,0%",C,
719669,CANULA FENESTRADA  8 C/BALON ,0,0,1,0,0,0,0,0,0,0,0,0,1,11,"0,09",-1,1,1,1,"0,2764",1,SUAV,"0,0%","100,0%",C,
719930,SONDA DE RECAMBIO PARA GASTROSTOMIA  REF-PEG-18-BRT-S,0,0,0,0,0,1,0,0,0,0,0,0,1,11,"0,00",1,1,1,1,"0,2764",1,SUAV,"0,0%","100,0%",C,
719944,ROMIPLOSTIN POLVO LIOFILIZADO 250MCG (NPLATE),0,1,0,0,0,0,0,0,0,0,0,0,1,11,"0,16",-1,1,1,1,"0,2764",1,SUAV,"0,0%","100,0%",C,
719945,TELMISARTAN/AMLODIPINO TABLETA 80MG/10MG,0,0,0,0,0,0,0,0,0,7,0,0,1,11,"0,09",1,1,1,1,"1,9347",1,SUAV,"0,0%","100,0%",C,
720104,PARCHES DE ELECTRODO PARA DESFIBRILADOR,0,0,0,2,0,0,1,1,0,0,0,0,1,9,"0,01",1,1,1,1,"0,6236",1,SUAV,"0,0%","100,0%",C,
720151,CATETER VENOSO CENTRAL BILUMEN 22G (3FR)X6CM-157064-VYGON,0,0,0,0,0,0,0,0,1,0,0,0,1,11,"0,05",1,1,1,1,"0,2764",1,SUAV,"0,0%","100,0%",C,
720208,APOSITO ESTERIL DE ALGINATO DE CALCIO CON PLATA ALGISITE,5,2,0,0,0,0,3,0,2,0,0,0,1,8,"0,21",-1,1,1,1,"1,5811",1,SUAV,"0,0%","100,0%",C,
720211,ESOMEPRAZOL 10 MG GRANULOS SOBRE (NEDOX),0,0,0,0,0,0,0,0,10,0,0,0,1,11,"0,05",1,1,1,1,"2,7639",1,SUAV,"0,0%","100,0%",C,
720281,FENTANILO 25 MCG/HORA PARCHE,0,0,0,0,0,0,0,0,2,0,0,0,1,11,"0,05",1,1,1,1,"0,5528",1,SUAV,"0,0%","100,0%",C,
730096,HIALURONATO DE SODIO GOTAS OFTALMICAS,0,0,0,0,0,0,1,1,0,3,0,0,1,9,"0,12",1,1,1,1,"0,8620",1,SUAV,"0,0%","100,0%",C,
730113,APOSITO URGOSORB SILVER ALGINATO Y PLATA10X20CM-REF 503136-SUPLESA,0,0,0,0,0,0,0,0,4,0,0,0,1,11,"0,05",1,1,1,1,"1,1055",1,SUAV,"0,0%","100,0%",C,
730122,CATETER PICC ALTA PRESION 4.5FR X 50CM REF 01PR45041-HP,0,0,0,0,0,0,0,0,0,7,0,0,1,11,"0,09",1,1,1,1,"1,9347",1,SUAV,"0,0%","100,0%",C,
730124,CATETER PICC ALTA PRESION 5.5FR X 50 CM REF PR45052-HP,1,0,0,0,0,0,0,0,0,4,0,0,1,10,"0,03",1,1,1,1,"1,1149",1,SUAV,"0,0%","100,0%",C,
730167,CANISTER 250 ML,0,0,0,0,0,0,0,0,0,0,4,0,1,11,"0,16",1,1,1,1,"1,1055",1,SUAV,"0,0%","100,0%",C,
730200,FIXO ROLL 10 X 10 CINTA ADHESIVA HIPOALERGENICA ,3,1,2,1,0,0,0,0,1,1,0,0,1,6,"0,41",-1,1,1,1,"0,9242",1,SUAV,"0,0%","100,0%",C,
730205,ACETATO DE LEUPROLIDE 45MG SOL. INYECTABLE,0,0,0,0,0,0,0,1,0,0,0,0,1,11,"0,02",1,1,1,1,"0,2764",1,SUAV,"0,0%","100,0%",C,
770054,"ERITROPOYETINA 30.000UI/0,6ML SOL. INYECTABLE ",0,0,0,0,0,0,2,0,0,0,0,0,1,11,"0,00",1,1,1,1,"0,5528",1,SUAV,"0,0%","100,0%",C,
770074,IMATINIB 400MG TABLETA ,0,0,0,0,0,0,0,0,0,1,0,0,1,11,"0,09",1,1,1,1,"0,2764",1,SUAV,"0,0%","100,0%",C,
0006422,"OXIMETAZOLINA SOLUCIÓN NASAL 0,05% ",0,0,0,0,1,2,1,2,0,1,3,0,1,6,"0,20",1,1,1,1,"0,9860",1,SUAV,"0,0%","100,0%",C,
A001201,ACETAMINOFEN SOL. ORAL 100MG/28 GOTAS ,1,0,1,1,0,0,0,1,0,0,0,0,1,8,"0,26",-1,1,1,1,"0,4714",1,SUAV,"0,0%","100,0%",C,
A008231,ALBENDAZOL 100MG/20ML SOLUCION ORAL x 20 ML,8,0,0,0,0,0,0,0,0,0,0,0,1,11,"0,23",-1,1,1,1,"2,2111",1,SUAV,"0,0%","100,0%",C,
A022701,AMINOFILINA 240MG/10ML SOL. INYECTABLE ,0,0,4,0,0,0,0,0,0,0,0,0,1,11,"0,09",-1,1,1,1,"1,1055",1,SUAV,"0,0%","100,0%",C,
C008232,CEFALEXINA 250MG/5ML POLVO PARA SOLUCION ORAL,2,1,0,1,1,0,1,4,0,1,0,0,1,5,"0,04",1,1,1,1,"1,1149",1,SUAV,"0,0%","100,0%",C,
D0000002,DEFLAZACORT 6 MG TABLETA,0,0,2,0,0,0,0,0,0,0,0,0,1,11,"0,09",-1,1,1,1,"0,5528",1,SUAV,"0,0%","100,0%",C,
D0000005,"DESMOPRESINA SOLUCIÓN NASAL 10MCG/0,1ML (500MCG/5ML)",0,0,0,0,0,0,0,0,0,1,0,0,1,11,"0,09",1,1,1,1,"0,2764",1,SUAV,"0,0%","100,0%",C,
E010721,ESTREPTOQUINASA 750.000UI POLVO LIOFILIZADO,0,2,0,0,0,0,0,0,0,0,3,0,1,10,"0,01",1,1,1,1,"0,9538",1,SUAV,"0,0%","100,0%",C,
F0000005,"FLUMAZENIL 0,5MG/5ML  SOL. INYECTABLE",0,0,0,0,1,0,0,1,1,1,1,0,1,7,"0,27",1,1,1,1,"0,4930",1,SUAV,"0,0%","100,0%",C,
F013201,FLUOXETINA 20MG/5ML JARABE,1,1,1,0,1,1,0,0,0,0,0,0,1,7,"0,58",-1,1,1,1,"0,4930",1,SUAV,"0,0%","100,0%",C,
G002011,GEMFIBROZIL 600MG TABLETA ,0,0,0,4,0,0,0,0,0,0,4,0,1,10,"0,02",1,1,1,1,"1,4907",1,SUAV,"0,0%","100,0%",C,
I0000012,CLOSTRIDIOPEPTIDASA UNGÜENTO TÓPICO 120UI/40G,6,2,0,0,0,0,0,0,0,0,0,0,1,10,"0,36",-1,1,1,1,"1,6997",1,SUAV,"0,0%","100,0%",C,
I021701,IBANDRONICO ÁCIDO SOLUCIÓN INYECTABLE 6MG,0,0,0,0,0,0,0,0,0,0,1,0,1,11,"0,16",1,1,1,1,"0,2764",1,SUAV,"0,0%","100,0%",C,
L00006,NEVIRAPINA SUSPENSIÓN ORAL 10MG/1ML (2400MG/240ML),0,0,0,0,1,0,1,0,0,0,0,0,1,10,"0,01",1,1,1,1,"0,3727",1,SUAV,"0,0%","100,0%",C,
M0000015,MEMANTINA TBL. 10 MG,0,0,0,2,0,0,9,0,0,0,0,0,1,10,"0,00",1,1,1,1,"2,4986",1,SUAV,"0,0%","100,0%",C,
M026541,MESALAZINA ENEMA RECTAL 4G/60ML,2,0,0,0,0,0,0,4,0,0,0,0,1,10,"0,01",1,1,1,1,"1,1902",1,SUAV,"0,0%","100,0%",C,
MAT527,INTRODUCTOR 8.5FR/S109880,0,1,0,1,1,0,0,0,0,1,1,0,1,7,"0,00",1,1,1,1,"0,4930",1,SUAV,"0,0%","100,0%",C,
N0000002,"NITROFURAZONA POMADA 0,2%/40G",0,0,0,0,0,0,0,1,0,0,0,0,1,11,"0,02",1,1,1,1,"0,2764",1,SUAV,"0,0%","100,0%",C,
N001701,"NALOXONA 0,4MG/1ML SOL. INYECTABLE",0,0,3,3,1,0,0,0,0,0,2,0,1,8,"0,05",1,1,1,1,"1,1637",1,SUAV,"0,0%","100,0%",C,
P001701,PANCURONIO SOL. INYECTABLE 4MG/2ML,1,0,1,0,3,0,0,0,0,1,1,0,1,7,"0,02",1,1,1,1,"0,8620",1,SUAV,"0,0%","100,0%",C,
P005721,PENICILINA G BENZATINICA POLVO LIOFILIZADO 1200000UI,0,0,0,0,0,0,0,0,1,1,0,0,1,10,"0,15",1,1,1,1,"0,3727",1,SUAV,"0,0%","100,0%",C,
P012141,PIRANTEL PAMOATO TABLETA 250MG,0,0,0,0,0,0,7,0,0,0,0,0,1,11,"0,00",1,1,1,1,"1,9347",1,SUAV,"0,0%","100,0%",C,
P012231,PIRANTEL PAMOATO SUSPENSIÓN ORAL 250MG/5ML (750MG/15ML),0,0,0,0,0,1,0,0,0,1,0,0,1,10,"0,04",1,1,1,1,"0,3727",1,SUAV,"0,0%","100,0%",C,
S0000002,SECNIDAZOL TABLETA 500MG,0,0,0,0,4,0,0,0,0,0,0,0,1,11,"0,02",1,1,1,1,"1,1055",1,SUAV,"0,0%","100,0%",C,
T0000006,TRIMEBUTINA SOL. INYECTABLE 50MG/5ML,11,0,0,0,0,0,0,0,0,0,0,0,1,11,"0,23",-1,1,1,1,"3,0402",1,SUAV,"0,0%","100,0%",C,
T0000007,TRIMEBUTINA MALEATO TABLETA 200MG,6,0,0,0,0,0,0,0,0,0,0,0,1,11,"0,23",-1,1,1,1,"1,6583",1,SUAV,"0,0%","100,0%",C,
T008101,TETRACICLINA TABLETA 500MG,0,1,0,0,0,0,0,0,0,0,0,0,1,11,"0,16",-1,1,1,1,"0,2764",1,SUAV,"0,0%","100,0%",C,
T011602,TIMOLOL SOLUCIÓN OFTÁLMICA 5MG/1ML,0,1,0,0,0,0,0,0,0,0,0,0,1,11,"0,16",-1,1,1,1,"0,2764",1,SUAV,"0,0%","100,0%",C,
T019701,"TOXOIDE TETANICO SOL. INYECTABLE 40UI/0,5ML",1,0,0,0,0,0,0,1,0,1,0,0,1,9,"0,00",1,1,1,1,"0,4330",1,SUAV,"0,0%","100,0%",C,
V0000002,VALGANCICLOVIR TBL. 450 MG,0,0,0,2,0,0,0,0,0,0,0,0,1,11,"0,05",-1,1,1,1,"0,5528",1,SUAV,"0,0%","100,0%",C,
Z001201,ZIDOVUDINA SOLUCIÓN ORAL 10MG/1ML X 240ML,0,0,0,0,1,0,0,1,1,0,0,0,1,9,"0,02",1,1,1,1,"0,4330",1,SUAV,"0,0%","100,0%",C,
Z001201,ZIDOVUDINA SOLUCIÓN ORAL 10MG/1ML X 240ML,0,0,0,0,1,0,0,1,1,0,0,0,1,9,"0,02",1,1,1,1,"0,4330",1,SUAV,"0,0%","100,0%",C,
700320,LEVETIRACETAM 100 MG/ML SOLUCION ORAL x 300 ML,3,0,1,1,0,0,0,0,1,0,4,0,1,7,"0,00",1,1,1,1,"1,2802",1,SUAV,"0,0%","100,0%",C,
100304,ESTROGENOS CONJUGADOS 0.625 MG,0,0,0,0,0,0,0,0,0,0,0,0,0,12,"0,00",0,0,#DIV/0!,0,"0,0000",0,PROM,"0,0%","100,0%",C,
104015,DOXOFILINA TABLETA 400MG,0,0,0,0,0,0,0,0,0,0,0,0,0,12,"0,00",0,0,#DIV/0!,0,"0,0000",0,PROM,"0,0%","100,0%",C,
110924,CLOMIPRAMINA CLORHIDRATO TABLETA DE LIBERACIÓN CONTROLADA 75MG,0,0,0,0,0,0,0,0,0,0,0,0,0,12,"0,00",0,0,#DIV/0!,0,"0,0000",0,PROM,"0,0%","100,0%",C,
113078,MICOFENOLATO TABLETA 360MG,0,0,0,0,0,0,0,0,0,0,0,0,0,12,"0,00",0,0,#DIV/0!,0,"0,0000",0,PROM,"0,0%","100,0%",C,
115454,TACROLIMUS CLORHIDRATO TABLETA 1MG,0,0,0,0,0,0,0,0,0,0,0,0,0,12,"0,00",0,0,#DIV/0!,0,"0,0000",0,PROM,"0,0%","100,0%",C,
119651,GLICEROFOSFATO DE SODIO 1MMOL/ML SOL. INYECTABLE ,0,0,0,0,0,0,0,0,0,0,0,0,0,12,"0,00",0,0,#DIV/0!,0,"0,0000",0,PROM,"0,0%","100,0%",C,
122862,HIALURONIDASA POLVO PARA SOLUCIÓN OFTÁLMICA 150UI/1ML,0,0,0,0,0,0,0,0,0,0,0,0,0,12,"0,00",0,0,#DIV/0!,0,"0,0000",0,PROM,"0,0%","100,0%",C,
127720,MEZALASINA GRANULOS PARA SUSPENCIÓN ORAL 1000MG,0,0,0,0,0,0,0,0,0,0,0,0,0,12,"0,00",0,0,#DIV/0!,0,"0,0000",0,PROM,"0,0%","100,0%",C,
128592,"ZOPICLONA TABLETA 7,5MG",0,0,0,0,0,0,0,0,0,0,0,0,0,12,"0,00",0,0,#DIV/0!,0,"0,0000",0,PROM,"0,0%","100,0%",C,
129438,CARBETOCINA 100MCG SOL. INYECTABLE ,0,0,0,0,0,0,0,0,0,0,0,0,0,12,"0,00",0,0,#DIV/0!,0,"0,0000",0,PROM,"0,0%","100,0%",C,
136042,AMLODIPINO/VALSARTAN TABLETA 10MG/320MG,0,0,0,0,0,0,0,0,0,0,0,0,0,12,"0,00",0,0,#DIV/0!,0,"0,0000",0,PROM,"0,0%","100,0%",C,
139253,VACUNA CONJUGADA NEUMOCOCICA 13 VALENTE (DIFTERIA CRM 197 PROTEINA)-PREVENAR  ,0,0,0,0,0,0,0,0,0,0,0,0,0,12,"0,00",0,0,#DIV/0!,0,"0,0000",0,PROM,"0,0%","100,0%",C,
140623,ARIPIPRAZOL TABLETA 15MG,0,0,0,0,0,0,0,0,0,0,0,0,0,12,"0,00",0,0,#DIV/0!,0,"0,0000",0,PROM,"0,0%","100,0%",C,
141156,AMLODIPINO/VALSARTÁN/HIDROCLOROTIAZIDA TABLETAN 10MG/160/MG/12.5MG,0,0,0,0,0,0,0,0,0,0,0,0,0,12,"0,00",0,0,#DIV/0!,0,"0,0000",0,PROM,"0,0%","100,0%",C,
151249,ROSUVASTATINA/EZETIMIBA TABLETA 40MG/10MG,0,0,0,0,0,0,0,0,0,0,0,0,0,12,"0,00",0,0,#DIV/0!,0,"0,0000",0,PROM,"0,0%","100,0%",C,
152483,EPLERENONA TABLETA 25MG,0,0,0,0,0,0,0,0,0,0,0,0,0,12,"0,00",0,0,#DIV/0!,0,"0,0000",0,PROM,"0,0%","100,0%",C,
152796,KANAMICINA SULFATO SOLUCIÓN INYECTABLE 1G/7ML,0,0,0,0,0,0,0,0,0,0,0,0,0,12,"0,00",0,0,#DIV/0!,0,"0,0000",0,PROM,"0,0%","100,0%",C,
153936,TAPENTADOL 25 MG RETARD TABLETA (PALEXIS),0,0,0,0,0,0,0,0,0,0,0,0,0,12,"0,00",0,0,#DIV/0!,0,"0,0000",0,PROM,"0,0%","100,0%",C,
156681,ACIDO RETINOICO LOCION 0.05%,0,0,0,0,0,0,0,0,0,0,0,0,0,12,"0,00",0,0,#DIV/0!,0,"0,0000",0,PROM,"0,0%","100,0%",C,
157373,HIERRO POLIMALTOSADO 50 MG/ML GOTAS,0,0,0,0,0,0,0,0,0,0,0,0,0,12,"0,00",0,0,#DIV/0!,0,"0,0000",0,PROM,"0,0%","100,0%",C,
162677,BOSENTAN 125MG TABLETA,0,0,0,0,0,0,0,0,0,0,0,0,0,12,"0,00",0,0,#DIV/0!,0,"0,0000",0,PROM,"0,0%","100,0%",C,
700036,ESPORAS DE BACILLUS CLAUSII 2.000 MILLONES/5ML,0,0,0,0,0,0,0,0,0,0,0,0,0,12,"0,00",0,0,#DIV/0!,0,"0,0000",0,PROM,"0,0%","100,0%",C,
700056,CARBOXIMALTOSA DE HIERRO 500 MG/10 ML SOL. INYECTABLE,0,0,0,0,0,0,0,0,0,0,0,0,0,12,"0,00",0,0,#DIV/0!,0,"0,0000",0,PROM,"0,0%","100,0%",C,
700137,COMPLEJO B 90MG TABLETA ,0,0,0,0,0,0,0,0,0,0,0,0,0,12,"0,00",0,0,#DIV/0!,0,"0,0000",0,PROM,"0,0%","100,0%",C,
700147,DORNASA ALFA 2500 UI/2.5 ML SOL. INHALACION POR NEBULIZADOR,0,0,0,0,0,0,0,0,0,0,0,0,0,12,"0,00",0,0,#DIV/0!,0,"0,0000",0,PROM,"0,0%","100,0%",C,
700233,"NEOMICINA + POLIMIXINA B + DEXAMETASONA(3,5MG+6000UI+1MG)/28 GOTAS",0,0,0,0,0,0,0,0,0,0,0,0,0,12,"0,00",0,0,#DIV/0!,0,"0,0000",0,PROM,"0,0%","100,0%",C,
700294,TOBRAMICINA 0.3% GOTAS OFTALMICAS 5 ML,0,0,0,0,0,0,0,0,0,0,0,0,0,12,"0,00",0,0,#DIV/0!,0,"0,0000",0,PROM,"0,0%","100,0%",C,
700303,"Vacuna Boostrix (Vacuna antidifterica, antitetanica y antitos ferina)",0,0,0,0,0,0,0,0,0,0,0,0,0,12,"0,00",0,0,#DIV/0!,0,"0,0000",0,PROM,"0,0%","100,0%",C,
700322,MEMANTINA 20 MG TAB RECUBIERTA CON PELICULA,0,0,0,0,0,0,0,0,0,0,0,0,0,12,"0,00",0,0,#DIV/0!,0,"0,0000",0,PROM,"0,0%","100,0%",C,
700361,AZITROMICINA SUSPENSIÓN ORAL 200MG/5ML X 15ML,0,0,0,0,0,0,0,0,0,0,0,0,0,12,"0,00",0,0,#DIV/0!,0,"0,0000",0,PROM,"0,0%","100,0%",C,
700385,UREA + HIDROCORTISONA PREP. MAGISTRAL x 240 ML,0,0,0,0,0,0,0,0,0,0,0,0,0,12,"0,00",0,0,#DIV/0!,0,"0,0000",0,PROM,"0,0%","100,0%",C,
700600,CEFUROXIMA SODICA SOLUCIÓN INYECTABLE 750MG,0,0,0,0,0,0,0,0,0,0,0,0,0,12,"0,00",0,0,#DIV/0!,0,"0,0000",0,PROM,"0,0%","100,0%",C,
700659,"BUPIVACAINA/DESTROXA 0,5% x 4ML SOL. INYECTABLE",0,0,0,0,0,0,0,0,0,0,0,0,0,12,"0,00",0,0,#DIV/0!,0,"0,0000",0,PROM,"0,0%","100,0%",C,
700669,RANITIDINA JARABE 150MG/10ML (2250MG/150ML),0,0,0,0,0,0,0,0,0,0,0,0,0,12,"0,00",0,0,#DIV/0!,0,"0,0000",0,PROM,"0,0%","100,0%",C,
700671,CEFUROXIMA JARABE 250MG/5ML X 70ML,0,0,0,0,0,0,0,0,0,0,0,0,0,12,"0,00",0,0,#DIV/0!,0,"0,0000",0,PROM,"0,0%","100,0%",C,
700686,DICLOFENACO GEL TÓPICO 1G,0,0,0,0,0,0,0,0,0,0,0,0,0,12,"0,00",0,0,#DIV/0!,0,"0,0000",0,PROM,"0,0%","100,0%",C,
700691,PIROXICAM GEL TÓPICO 500MG,0,0,0,0,0,0,0,0,0,0,0,0,0,12,"0,00",0,0,#DIV/0!,0,"0,0000",0,PROM,"0,0%","100,0%",C,
700701,PERÓXIDO DE HIDRÓGENO SOLUCIÓN TÓPICA 8G/120ML (AGUA OXIGENADA 50%),0,0,0,0,0,0,0,0,0,0,0,0,0,12,"0,00",0,0,#DIV/0!,0,"0,0000",0,PROM,"0,0%","100,0%",C,
700703,PERMETRINA (GAMABENCENO) 5G TOPICO,0,0,0,0,0,0,0,0,0,0,0,0,0,12,"0,00",0,0,#DIV/0!,0,"0,0000",0,PROM,"0,0%","100,0%",C,
700736,NITRATO DE PLATA SOLUCIÓN TÓPICA 10%/30ML,0,0,0,0,0,0,0,0,0,0,0,0,0,12,"0,00",0,0,#DIV/0!,0,"0,0000",0,PROM,"0,0%","100,0%",C,
700761,RIFAMICINA SOLUCIÓN TÓPICA 1%/20ML,0,0,0,0,0,0,0,0,0,0,0,0,0,12,"0,00",0,0,#DIV/0!,0,"0,0000",0,PROM,"0,0%","100,0%",C,
700855,ETAMSILATO SOLUCIÓN INYECTABLE 250MG/2ML,0,0,0,0,0,0,0,0,0,0,0,0,0,12,"0,00",0,0,#DIV/0!,0,"0,0000",0,PROM,"0,0%","100,0%",C,
700877,CALAMINA + OXIDO DE ZINC PREP. MAGISTRAL x 240ML,0,0,0,0,0,0,0,0,0,0,0,0,0,12,"0,00",0,0,#DIV/0!,0,"0,0000",0,PROM,"0,0%","100,0%",C,
700878,"NADROPARINA SOLUCIÓN INYECTABLE 30MG/0,3ML",0,0,0,0,0,0,0,0,0,0,0,0,0,12,"0,00",0,0,#DIV/0!,0,"0,0000",0,PROM,"0,0%","100,0%",C,
700879,"NADROPARINA SOLUCIÓN INYECTABLE 60MG/0,6ML",0,0,0,0,0,0,0,0,0,0,0,0,0,12,"0,00",0,0,#DIV/0!,0,"0,0000",0,PROM,"0,0%","100,0%",C,
700929,TRIAMCINOLONA SUSPENSIÓN INYECTABLE 10MG/5ML,0,0,0,0,0,0,0,0,0,0,0,0,0,12,"0,00",0,0,#DIV/0!,0,"0,0000",0,PROM,"0,0%","100,0%",C,
700972,ALIMENTO PARA PACIENTES CON ESTRES METABOLICO Y FUNCION GASTROINSTESTINAL DETERI,0,0,0,0,0,0,0,0,0,0,0,0,0,12,"0,00",0,0,#DIV/0!,0,"0,0000",0,PROM,"0,0%","100,0%",C,
700983,"(PEDIASURE SOLUCIÓN ORAL 1,005KCAL/1ML (201KCAL/200ML)) ALIMENTO LIQUIDO A BASE",0,0,0,0,0,0,0,0,0,0,0,0,0,12,"0,00",0,0,#DIV/0!,0,"0,0000",0,PROM,"0,0%","100,0%",C,
700998,"ALUMINIO ACETATO 2,2G POLVO PARA USO TÓPICO ",0,0,0,0,0,0,0,0,0,0,0,0,0,12,"0,00",0,0,#DIV/0!,0,"0,0000",0,PROM,"0,0%","100,0%",C,
701068,METILPREDNISOLONA TABLETA 16MG,0,0,0,0,0,0,0,0,0,0,0,0,0,12,"0,00",0,0,#DIV/0!,0,"0,0000",0,PROM,"0,0%","100,0%",C,
701069,METILPREDNISOLONA TABLETA 4MG,0,0,0,0,0,0,0,0,0,0,0,0,0,12,"0,00",0,0,#DIV/0!,0,"0,0000",0,PROM,"0,0%","100,0%",C,
701090,ISOSORBIDE MONONITRATO TABLETA 20MG,0,0,0,0,0,0,0,0,0,0,0,0,0,12,"0,00",0,0,#DIV/0!,0,"0,0000",0,PROM,"0,0%","100,0%",C,
701102,DIPIRONA/CAFEÍNA/ISOMEPTENO TABLETA 300/30/30 MG,0,0,0,0,0,0,0,0,0,0,0,0,0,12,"0,00",0,0,#DIV/0!,0,"0,0000",0,PROM,"0,0%","100,0%",C,
701141,PREDNISOLONA SUSPENSIÓN ORAL 1MG/1ML (100MG/100ML),0,0,0,0,0,0,0,0,0,0,0,0,0,12,"0,00",0,0,#DIV/0!,0,"0,0000",0,PROM,"0,0%","100,0%",C,
701248,OXCARBAZEPINA TABLETA 300MG,0,0,0,0,0,0,0,0,0,0,0,0,0,12,"0,00",0,0,#DIV/0!,0,"0,0000",0,PROM,"0,0%","100,0%",C,
701285,TRAMADOL TABLETA DE LIBERACIÓN CONTROLADA 100MG,0,0,0,0,0,0,0,0,0,0,0,0,0,12,"0,00",0,0,#DIV/0!,0,"0,0000",0,PROM,"0,0%","100,0%",C,
701956,TAPABOCA TIRA BLX50  ,0,0,0,0,0,0,0,0,0,0,0,0,0,12,"0,00",0,0,#DIV/0!,0,"0,0000",0,PROM,"0,0%","100,0%",C,
701963,CATETER TROCAR RECTO 24FR ,0,0,0,0,0,0,0,0,0,0,0,0,0,12,"0,00",0,0,#DIV/0!,0,"0,0000",0,PROM,"0,0%","100,0%",C,
701976,VENDA YESO 3X5    ,0,0,0,0,0,0,0,0,0,0,0,0,0,12,"0,00",0,0,#DIV/0!,0,"0,0000",0,PROM,"0,0%","100,0%",C,
701995,APOSITO HIDRATANTE CON ALGINATO,0,0,0,0,0,0,0,0,0,0,0,0,0,12,"0,00",0,0,#DIV/0!,0,"0,0000",0,PROM,"0,0%","100,0%",C,
702018,SONDA ENTERAL 8FR (ALIMENTACION)  ,0,0,0,0,0,0,0,0,0,0,0,0,0,12,"0,00",0,0,#DIV/0!,0,"0,0000",0,PROM,"0,0%","100,0%",C,
702026,SONDA FOLEY 2 VÍAS 10FRX3CM,0,0,0,0,0,0,0,0,0,0,0,0,0,12,"0,00",0,0,#DIV/0!,0,"0,0000",0,PROM,"0,0%","100,0%",C,
702027,SONDA FOLEY 2 VÍAS 14FRX30CM    ,0,0,0,0,0,0,0,0,0,0,0,0,0,12,"0,00",0,0,#DIV/0!,0,"0,0000",0,PROM,"0,0%","100,0%",C,
702030,SONDA FOLEY 2 VÍAS 22FRX5CM       ,0,0,0,0,0,0,0,0,0,0,0,0,0,12,"0,00",0,0,#DIV/0!,0,"0,0000",0,PROM,"0,0%","100,0%",C,
702034,SONDA FOLEY 2 VÍAS 8FRX5CM    ,0,0,0,0,0,0,0,0,0,0,0,0,0,12,"0,00",0,0,#DIV/0!,0,"0,0000",0,PROM,"0,0%","100,0%",C,
702042,SONDA NASOGASTRICA # 10,0,0,0,0,0,0,0,0,0,0,0,0,0,12,"0,00",0,0,#DIV/0!,0,"0,0000",0,PROM,"0,0%","100,0%",C,
702049,BARIO SULFATO 96% POLVO PARA SUSPENSION RECTAL x 397GR,0,0,0,0,0,0,0,0,0,0,0,0,0,12,"0,00",0,0,#DIV/0!,0,"0,0000",0,PROM,"0,0%","100,0%",C,
702066,SONDA SUCCION # 18    ,0,0,0,0,0,0,0,0,0,0,0,0,0,12,"0,00",0,0,#DIV/0!,0,"0,0000",0,PROM,"0,0%","100,0%",C,
702091,CATETER V/CTRL MONOLUMEN PED AK-04650-ES 24GAX9CM ,0,0,0,0,0,0,0,0,0,0,0,0,0,12,"0,00",0,0,#DIV/0!,0,"0,0000",0,PROM,"0,0%","100,0%",C,
702092,CATETER VENOSO/CENTRAL 22X10,0,0,0,0,0,0,0,0,0,0,0,0,0,12,"0,00",0,0,#DIV/0!,0,"0,0000",0,PROM,"0,0%","100,0%",C,
702114,MASCARA TRAQ/PED/1076   ,0,0,0,0,0,0,0,0,0,0,0,0,0,12,"0,00",0,0,#DIV/0!,0,"0,0000",0,PROM,"0,0%","100,0%",C,
702155,AGUJA 26X1,0,0,0,0,0,0,0,0,0,0,0,0,0,12,"0,00",0,0,#DIV/0!,0,"0,0000",0,PROM,"0,0%","100,0%",C,
702168,CATETER 2L PED/4FR-22X13.CS 14402 ARROW,0,0,0,0,0,0,0,0,0,0,0,0,0,12,"0,00",0,0,#DIV/0!,0,"0,0000",0,PROM,"0,0%","100,0%",C,
702196,CATETER V/CT 16 GA X 16 - 20 CM  CON EXTENSION,0,0,0,0,0,0,0,0,0,0,0,0,0,12,"0,00",0,0,#DIV/0!,0,"0,0000",0,PROM,"0,0%","100,0%",C,
702198,CATETER VENO/CENTRAL 4 FR X 8 CM,0,0,0,0,0,0,0,0,0,0,0,0,0,12,"0,00",0,0,#DIV/0!,0,"0,0000",0,PROM,"0,0%","100,0%",C,
702232,SPINOCAN 26G,0,0,0,0,0,0,0,0,0,0,0,0,0,12,"0,00",0,0,#DIV/0!,0,"0,0000",0,PROM,"0,0%","100,0%",C,
702244,GUANTE ESTERIL 8.5 (PAR),0,0,0,0,0,0,0,0,0,0,0,0,0,12,"0,00",0,0,#DIV/0!,0,"0,0000",0,PROM,"0,0%","100,0%",C,
702248,BISTURI # 10,0,0,0,0,0,0,0,0,0,0,0,0,0,12,"0,00",0,0,#DIV/0!,0,"0,0000",0,PROM,"0,0%","100,0%",C,
702320,BOLSA OSTOMIA NINOS 45MM,0,0,0,0,0,0,0,0,0,0,0,0,0,12,"0,00",0,0,#DIV/0!,0,"0,0000",0,PROM,"0,0%","100,0%",C,
702431,EQUIPO MICROGOTEO C/A    ,0,0,0,0,0,0,0,0,0,0,0,0,0,12,"0,00",0,0,#DIV/0!,0,"0,0000",0,PROM,"0,0%","100,0%",C,
702480,RING HUMIFICADOR BX10,0,0,0,0,0,0,0,0,0,0,0,0,0,12,"0,00",0,0,#DIV/0!,0,"0,0000",0,PROM,"0,0%","100,0%",C,
702611,CANULA GUEDEL 4 (ISO10.0 ) ,0,0,0,0,0,0,0,0,0,0,0,0,0,12,"0,00",0,0,#DIV/0!,0,"0,0000",0,PROM,"0,0%","100,0%",C,
702628,CANULA GUEDEL 1.5 (ISO 7.0)            ,0,0,0,0,0,0,0,0,0,0,0,0,0,12,"0,00",0,0,#DIV/0!,0,"0,0000",0,PROM,"0,0%","100,0%",C,
702699,TUBO ENDOTRAQUEAL 6.0 C/BL ,0,0,0,0,0,0,0,0,0,0,0,0,0,12,"0,00",0,0,#DIV/0!,0,"0,0000",0,PROM,"0,0%","100,0%",C,
702700,TUBO ENDOTRAQUEAL 5.5 S/BL     ,0,0,0,0,0,0,0,0,0,0,0,0,0,12,"0,00",0,0,#DIV/0!,0,"0,0000",0,PROM,"0,0%","100,0%",C,
702701,TUBO ENDOTRAQUEAL 5.0 S/BL     ,0,0,0,0,0,0,0,0,0,0,0,0,0,12,"0,00",0,0,#DIV/0!,0,"0,0000",0,PROM,"0,0%","100,0%",C,
702702,T/ENDOTRAQUEAL 4.5 S/BL  ,0,0,0,0,0,0,0,0,0,0,0,0,0,12,"0,00",0,0,#DIV/0!,0,"0,0000",0,PROM,"0,0%","100,0%",C,
702708,TUBO ENDOTRAQUEAL 3.0 C/BL,0,0,0,0,0,0,0,0,0,0,0,0,0,12,"0,00",0,0,#DIV/0!,0,"0,0000",0,PROM,"0,0%","100,0%",C,
702710,TUBO ENDOTRAQUEAL 4.0 C/BL,0,0,0,0,0,0,0,0,0,0,0,0,0,12,"0,00",0,0,#DIV/0!,0,"0,0000",0,PROM,"0,0%","100,0%",C,
702712,TUBO ENDOTRAQUEAL 5.0 C/BL,0,0,0,0,0,0,0,0,0,0,0,0,0,12,"0,00",0,0,#DIV/0!,0,"0,0000",0,PROM,"0,0%","100,0%",C,
702847,PROPARACAINA SOLUCIÓN OFTÁLMICA 5MG/10ML,0,0,0,0,0,0,0,0,0,0,0,0,0,12,"0,00",0,0,#DIV/0!,0,"0,0000",0,PROM,"0,0%","100,0%",C,
702915,TOCOFEROL (VITAMINA E) CÁPSULA BLANDA 400UI,0,0,0,0,0,0,0,0,0,0,0,0,0,12,"0,00",0,0,#DIV/0!,0,"0,0000",0,PROM,"0,0%","100,0%",C,
703362,URGOTUL  10X10CM-SUPLESALUD,0,0,0,0,0,0,0,0,0,0,0,0,0,12,"0,00",0,0,#DIV/0!,0,"0,0000",0,PROM,"0,0%","100,0%",C,
703363,URGOTUL 15X20CM -SUPLESALUD,0,0,0,0,0,0,0,0,0,0,0,0,0,12,"0,00",0,0,#DIV/0!,0,"0,0000",0,PROM,"0,0%","100,0%",C,
703364,URGOTUL 10X40-SUPLESALUD,0,0,0,0,0,0,0,0,0,0,0,0,0,12,"0,00",0,0,#DIV/0!,0,"0,0000",0,PROM,"0,0%","100,0%",C,
703371,URGOCLEAN  10X10-SUPLESALUD,0,0,0,0,0,0,0,0,0,0,0,0,0,12,"0,00",0,0,#DIV/0!,0,"0,0000",0,PROM,"0,0%","100,0%",C,
703732,FENAZOPIRIDINA TABLETA 200MG,0,0,0,0,0,0,0,0,0,0,0,0,0,12,"0,00",0,0,#DIV/0!,0,"0,0000",0,PROM,"0,0%","100,0%",C,
703733,DIOSMECTITA POLVO PARA SOLUCIÓN ORAL 3G,0,0,0,0,0,0,0,0,0,0,0,0,0,12,"0,00",0,0,#DIV/0!,0,"0,0000",0,PROM,"0,0%","100,0%",C,
703784,GLUCAGON 1MG SOL. INYECTABLE,0,0,0,0,0,0,0,0,0,0,0,0,0,12,"0,00",0,0,#DIV/0!,0,"0,0000",0,PROM,"0,0%","100,0%",C,
704288,JELCO 16G X 1-1/4 CORTO,0,0,0,0,0,0,0,0,0,0,0,0,0,12,"0,00",0,0,#DIV/0!,0,"0,0000",0,PROM,"0,0%","100,0%",C,
704369,CANULA GUEDEL 0 (ISO 5.0),0,0,0,0,0,0,0,0,0,0,0,0,0,12,"0,00",0,0,#DIV/0!,0,"0,0000",0,PROM,"0,0%","100,0%",C,
705004,BRAZALETE 2 VIAS TYCOS 5082-26,0,0,0,0,0,0,0,0,0,0,0,0,0,12,"0,00",0,0,#DIV/0!,0,"0,0000",0,PROM,"0,0%","100,0%",C,
705184,AGUJA P/BIOPSIA BMHN 1304 -R.P,0,0,0,0,0,0,0,0,0,0,0,0,0,12,"0,00",0,0,#DIV/0!,0,"0,0000",0,PROM,"0,0%","100,0%",C,
705337,ACEMETACINA TABLETA 60MG,0,0,0,0,0,0,0,0,0,0,0,0,0,12,"0,00",0,0,#DIV/0!,0,"0,0000",0,PROM,"0,0%","100,0%",C,
705576,AGUJA 22X1,0,0,0,0,0,0,0,0,0,0,0,0,0,12,"0,00",0,0,#DIV/0!,0,"0,0000",0,PROM,"0,0%","100,0%",C,
705749,AGUJA BIOPSIA BMHN 1304X -RP M,0,0,0,0,0,0,0,0,0,0,0,0,0,12,"0,00",0,0,#DIV/0!,0,"0,0000",0,PROM,"0,0%","100,0%",C,
705753,"VALSARTAN/HIDROCLOROTIAZIDA TABLETA 80MG/12,5MG",0,0,0,0,0,0,0,0,0,0,0,0,0,12,"0,00",0,0,#DIV/0!,0,"0,0000",0,PROM,"0,0%","100,0%",C,
705793,LAMIVUDINA/ZIDOVUDINA TABLETA 150MG/300MG,0,0,0,0,0,0,0,0,0,0,0,0,0,12,"0,00",0,0,#DIV/0!,0,"0,0000",0,PROM,"0,0%","100,0%",C,
705886,JERINGA P/INYECTOR 150ML FT-Q,0,0,0,0,0,0,0,0,0,0,0,0,0,12,"0,00",0,0,#DIV/0!,0,"0,0000",0,PROM,"0,0%","100,0%",C,
705905,PAROXETINA TABLETA 20MG,0,0,0,0,0,0,0,0,0,0,0,0,0,12,"0,00",0,0,#DIV/0!,0,"0,0000",0,PROM,"0,0%","100,0%",C,
706126,LACTOBACILOS FERMENTO GRANULOS PARA SUSPENCIÓN ORAL 3G (PEDIATRICO),0,0,0,0,0,0,0,0,0,0,0,0,0,12,"0,00",0,0,#DIV/0!,0,"0,0000",0,PROM,"0,0%","100,0%",C,
706512,"ACETAMINOFEN/TRAMADOL TABLETA 325MG/37,5MG",0,0,0,0,0,0,0,0,0,0,0,0,0,12,"0,00",0,0,#DIV/0!,0,"0,0000",0,PROM,"0,0%","100,0%",C,
706988,IBUPROFENO/METOCARBAMOL TABLETA 200MG/500MG,0,0,0,0,0,0,0,0,0,0,0,0,0,12,"0,00",0,0,#DIV/0!,0,"0,0000",0,PROM,"0,0%","100,0%",C,
706998,CARBOPLATINO SOL. INYECTABLE 150MG ,0,0,0,0,0,0,0,0,0,0,0,0,0,12,"0,00",0,0,#DIV/0!,0,"0,0000",0,PROM,"0,0%","100,0%",C,
707175,ACICLOVIR UNGÜENTO OFTÁLMICO 3% x 10G,0,0,0,0,0,0,0,0,0,0,0,0,0,12,"0,00",0,0,#DIV/0!,0,"0,0000",0,PROM,"0,0%","100,0%",C,
707924,CITICOLINA SOLUCIÓN INYECTABLE 500MG/5ML,0,0,0,0,0,0,0,0,0,0,0,0,0,12,"0,00",0,0,#DIV/0!,0,"0,0000",0,PROM,"0,0%","100,0%",C,
707954,METOTREXATO 50 MG SOL. INYECTABLE,0,0,0,0,0,0,0,0,0,0,0,0,0,12,"0,00",0,0,#DIV/0!,0,"0,0000",0,PROM,"0,0%","100,0%",C,
707955,METOTREXATO 50 MG SOL. INYECTABLE,0,0,0,0,0,0,0,0,0,0,0,0,0,12,"0,00",0,0,#DIV/0!,0,"0,0000",0,PROM,"0,0%","100,0%",C,
707956,METOTREXATO 50 MG SOL. INYECTABLE,0,0,0,0,0,0,0,0,0,0,0,0,0,12,"0,00",0,0,#DIV/0!,0,"0,0000",0,PROM,"0,0%","100,0%",C,
707976,NIMESULIDA TABLETA 100MG,0,0,0,0,0,0,0,0,0,0,0,0,0,12,"0,00",0,0,#DIV/0!,0,"0,0000",0,PROM,"0,0%","100,0%",C,
708243,MISOPROSTOL TABLETA 200MCG,0,0,0,0,0,0,0,0,0,0,0,0,0,12,"0,00",0,0,#DIV/0!,0,"0,0000",0,PROM,"0,0%","100,0%",C,
708409,AESCINA/HEPARINOIDE/SALICILATO DE DIETILA-MINA GEL TÓPICO 40G (VASOTON),0,0,0,0,0,0,0,0,0,0,0,0,0,12,"0,00",0,0,#DIV/0!,0,"0,0000",0,PROM,"0,0%","100,0%",C,
708790,LACTOBACILOS FERMENTO GRANULOS PARA SUSPENCIÓN ORAL 3G (ADULTO),0,0,0,0,0,0,0,0,0,0,0,0,0,12,"0,00",0,0,#DIV/0!,0,"0,0000",0,PROM,"0,0%","100,0%",C,
708930,"MELOXICAM TABLETA 7,5MG",0,0,0,0,0,0,0,0,0,0,0,0,0,12,"0,00",0,0,#DIV/0!,0,"0,0000",0,PROM,"0,0%","100,0%",C,
709206,ACETAMINOFEN/TIZANIDINA TABLETA 350MG/2MG,0,0,0,0,0,0,0,0,0,0,0,0,0,12,"0,00",0,0,#DIV/0!,0,"0,0000",0,PROM,"0,0%","100,0%",C,
710013,TUBO ENDOTRAQUEAL 3.5 C/BL,0,0,0,0,0,0,0,0,0,0,0,0,0,12,"0,00",0,0,#DIV/0!,0,"0,0000",0,PROM,"0,0%","100,0%",C,
710014,TUBO ENDOTRAQUEAL 4.5 C/BL,0,0,0,0,0,0,0,0,0,0,0,0,0,12,"0,00",0,0,#DIV/0!,0,"0,0000",0,PROM,"0,0%","100,0%",C,
710829,ISOCONAZOL 1%,0,0,0,0,0,0,0,0,0,0,0,0,0,12,"0,00",0,0,#DIV/0!,0,"0,0000",0,PROM,"0,0%","100,0%",C,
711513,"BUPIVACAINA/DEXTROSA 7,5% x 4ML SOL. INYECTABLE",0,0,0,0,0,0,0,0,0,0,0,0,0,12,"0,00",0,0,#DIV/0!,0,"0,0000",0,PROM,"0,0%","100,0%",C,
711560,ATENOLOL TABLETA 50MG,0,0,0,0,0,0,0,0,0,0,0,0,0,12,"0,00",0,0,#DIV/0!,0,"0,0000",0,PROM,"0,0%","100,0%",C,
711799,"(NUTREN ULTRAPAK SOLUCIÓN ORAL 1,5KCAL/1ML (1500KCAL/1000ML)) ALIMENTO LÍQUIDO ",0,0,0,0,0,0,0,0,0,0,0,0,0,12,"0,00",0,0,#DIV/0!,0,"0,0000",0,PROM,"0,0%","100,0%",C,
712460,SULTAMICILINA TABLETA 750MG,0,0,0,0,0,0,0,0,0,0,0,0,0,12,"0,00",0,0,#DIV/0!,0,"0,0000",0,PROM,"0,0%","100,0%",C,
712587,CILOSTAZOL TABLETA 50MG,0,0,0,0,0,0,0,0,0,0,0,0,0,12,"0,00",0,0,#DIV/0!,0,"0,0000",0,PROM,"0,0%","100,0%",C,
712779,MICOFENOLICO ÁCIDO TABLETA 500MG,0,0,0,0,0,0,0,0,0,0,0,0,0,12,"0,00",0,0,#DIV/0!,0,"0,0000",0,PROM,"0,0%","100,0%",C,
713028,CLONIXINATO DE LISINA/CICLOBENZAPRINA CLORHIDRATO TABLETA 125MG/5MG,0,0,0,0,0,0,0,0,0,0,0,0,0,12,"0,00",0,0,#DIV/0!,0,"0,0000",0,PROM,"0,0%","100,0%",C,
713029,MESALAZINA SUPOSITORIO 500MG,0,0,0,0,0,0,0,0,0,0,0,0,0,12,"0,00",0,0,#DIV/0!,0,"0,0000",0,PROM,"0,0%","100,0%",C,
713781,CATETER MAHURKAR  RECTO 13.5FRX19CM-8888135191-COVIDIEN,0,0,0,0,0,0,0,0,0,0,0,0,0,12,"0,00",0,0,#DIV/0!,0,"0,0000",0,PROM,"0,0%","100,0%",C,
714064,ETORICOXIB 120 MG (ARCOXIA) ,0,0,0,0,0,0,0,0,0,0,0,0,0,12,"0,00",0,0,#DIV/0!,0,"0,0000",0,PROM,"0,0%","100,0%",C,
714495,IBUPROFENO/HIDROCODONA TABLETA 200MG/5MG,0,0,0,0,0,0,0,0,0,0,0,0,0,12,"0,00",0,0,#DIV/0!,0,"0,0000",0,PROM,"0,0%","100,0%",C,
714606,CATETER ART. N. 5.0 ARGYL,0,0,0,0,0,0,0,0,0,0,0,0,0,12,"0,00",0,0,#DIV/0!,0,"0,0000",0,PROM,"0,0%","100,0%",C,
714607,CATETER ART. N. 3.5 ARGYL,0,0,0,0,0,0,0,0,0,0,0,0,0,12,"0,00",0,0,#DIV/0!,0,"0,0000",0,PROM,"0,0%","100,0%",C,
715102,ATRAUMAN AG 10X10CM,0,0,0,0,0,0,0,0,0,0,0,0,0,12,"0,00",0,0,#DIV/0!,0,"0,0000",0,PROM,"0,0%","100,0%",C,
715391,DICLOFENACO COLESTIRAMINA TABLETA 140MG,0,0,0,0,0,0,0,0,0,0,0,0,0,12,"0,00",0,0,#DIV/0!,0,"0,0000",0,PROM,"0,0%","100,0%",C,
715495,ATRAUMAN AG 10X20  ,0,0,0,0,0,0,0,0,0,0,0,0,0,12,"0,00",0,0,#DIV/0!,0,"0,0000",0,PROM,"0,0%","100,0%",C,
716074,CONDROITINA SULFATO SODICO 0.18MG + HIALURONATO SODICO 0.1MG (HUMYLUB),0,0,0,0,0,0,0,0,0,0,0,0,0,12,"0,00",0,0,#DIV/0!,0,"0,0000",0,PROM,"0,0%","100,0%",C,
716076,CEFADROXILO TABLETA 1G,0,0,0,0,0,0,0,0,0,0,0,0,0,12,"0,00",0,0,#DIV/0!,0,"0,0000",0,PROM,"0,0%","100,0%",C,
716255,"MOMETASONA FUROATO CREMA TÓPICA 0,1%/40G",0,0,0,0,0,0,0,0,0,0,0,0,0,12,"0,00",0,0,#DIV/0!,0,"0,0000",0,PROM,"0,0%","100,0%",C,
716364,CANULA GUEDEL 1 (ISO 6 5),0,0,0,0,0,0,0,0,0,0,0,0,0,12,"0,00",0,0,#DIV/0!,0,"0,0000",0,PROM,"0,0%","100,0%",C,
716431,TOXINA BOTULINICA POLVO LIOFILIZADO 200UI,0,0,0,0,0,0,0,0,0,0,0,0,0,12,"0,00",0,0,#DIV/0!,0,"0,0000",0,PROM,"0,0%","100,0%",C,
716687,"SODIO HIALURONATO SOLUCIÓN INYECTABLE 25MG/2,5ML",0,0,0,0,0,0,0,0,0,0,0,0,0,12,"0,00",0,0,#DIV/0!,0,"0,0000",0,PROM,"0,0%","100,0%",C,
717192,AMOXICILINA/CLAVUNATO SUSPENSIÓN ORAL 250MG/5ML (5000MG/100ML),0,0,0,0,0,0,0,0,0,0,0,0,0,12,"0,00",0,0,#DIV/0!,0,"0,0000",0,PROM,"0,0%","100,0%",C,
717245,"MIDAZOLAM TABLETA 7,5MG",0,0,0,0,0,0,0,0,0,0,0,0,0,12,"0,00",0,0,#DIV/0!,0,"0,0000",0,PROM,"0,0%","100,0%",C,
717256,"HIDROXICINA JARABE 2,5MG/1ML (300MG/120ML)",0,0,0,0,0,0,0,0,0,0,0,0,0,12,"0,00",0,0,#DIV/0!,0,"0,0000",0,PROM,"0,0%","100,0%",C,
717362,HEMINA ARGINATO SOLUCIÓN INYECTABLE 25MG/1ML (250MG/10ML),0,0,0,0,0,0,0,0,0,0,0,0,0,12,"0,00",0,0,#DIV/0!,0,"0,0000",0,PROM,"0,0%","100,0%",C,
717399,COLISTIMETATO SODICO 80 MG (1000000 UI) POLVO LIOFILIZADO,0,0,0,0,0,0,0,0,0,0,0,0,0,12,"0,00",0,0,#DIV/0!,0,"0,0000",0,PROM,"0,0%","100,0%",C,
717417,TRAMADOL/DICLOFENACO TABLETA 25MG/25MG,0,0,0,0,0,0,0,0,0,0,0,0,0,12,"0,00",0,0,#DIV/0!,0,"0,0000",0,PROM,"0,0%","100,0%",C,
717441,DICLOFENACO/CODEINA TABLETA 50MG/50MG,0,0,0,0,0,0,0,0,0,0,0,0,0,12,"0,00",0,0,#DIV/0!,0,"0,0000",0,PROM,"0,0%","100,0%",C,
717451,"(PERATIVE SOLUCIÓN ORAL 1,3KCAL/1ML (1300KCAL/1000ML)) ALIMENTO LÍQUIDO PARA PR",0,0,0,0,0,0,0,0,0,0,0,0,0,12,"0,00",0,0,#DIV/0!,0,"0,0000",0,PROM,"0,0%","100,0%",C,
717592,MIDAZOLAM 50MG/10ML SOL. INYECTABLE,0,0,0,0,0,0,0,0,0,0,0,0,0,12,"0,00",0,0,#DIV/0!,0,"0,0000",0,PROM,"0,0%","100,0%",C,
717610,DOLUTEGRAVIR 50 MG TABLETA,0,0,0,0,0,0,0,0,0,0,0,0,0,12,"0,00",0,0,#DIV/0!,0,"0,0000",0,PROM,"0,0%","100,0%",C,
717694,AQUACEL-AG APOSITO 15 X 15 CM,0,0,0,0,0,0,0,0,0,0,0,0,0,12,"0,00",0,0,#DIV/0!,0,"0,0000",0,PROM,"0,0%","100,0%",C,
717765,JERINGA INSUFLADORA ,0,0,0,0,0,0,0,0,0,0,0,0,0,12,"0,00",0,0,#DIV/0!,0,"0,0000",0,PROM,"0,0%","100,0%",C,
717812,SULFADIAZINA TABLETA 500MG,0,0,0,0,0,0,0,0,0,0,0,0,0,12,"0,00",0,0,#DIV/0!,0,"0,0000",0,PROM,"0,0%","100,0%",C,
717967,OXIDO DE ZINC 15% CREMA TOPICA,0,0,0,0,0,0,0,0,0,0,0,0,0,12,"0,00",0,0,#DIV/0!,0,"0,0000",0,PROM,"0,0%","100,0%",C,
718134,"FACTORES DE COAGULACIÓN II, IX,VII, X, PROTEÍNA C, PROTEÍNA S POLVO LIOFILIZADO",0,0,0,0,0,0,0,0,0,0,0,0,0,12,"0,00",0,0,#DIV/0!,0,"0,0000",0,PROM,"0,0%","100,0%",C,
718139,LEVONORGESTREL/ETINILESTRADIOL TABLETA 150MCG/30MCG (180MG),0,0,0,0,0,0,0,0,0,0,0,0,0,12,"0,00",0,0,#DIV/0!,0,"0,0000",0,PROM,"0,0%","100,0%",C,
718380,RIVAROXABAN TABLETA 10MG,0,0,0,0,0,0,0,0,0,0,0,0,0,12,"0,00",0,0,#DIV/0!,0,"0,0000",0,PROM,"0,0%","100,0%",C,
718881,TIOCOLCHICOSIDO CÁPSULA 8MG,0,0,0,0,0,0,0,0,0,0,0,0,0,12,"0,00",0,0,#DIV/0!,0,"0,0000",0,PROM,"0,0%","100,0%",C,
719115,"ACETATO DE LEUPROLIDE 22,5MG SOL. INYECTABLE ",0,0,0,0,0,0,0,0,0,0,0,0,0,12,"0,00",0,0,#DIV/0!,0,"0,0000",0,PROM,"0,0%","100,0%",C,
719172,SACCHAROMYCES BOULARDII CÁPSULA 250MG,0,0,0,0,0,0,0,0,0,0,0,0,0,12,"0,00",0,0,#DIV/0!,0,"0,0000",0,PROM,"0,0%","100,0%",C,
719323,AGUJA ESPINOCAN  27G X 3 1/2 PUNTA  LAPIZ,0,0,0,0,0,0,0,0,0,0,0,0,0,12,"0,00",0,0,#DIV/0!,0,"0,0000",0,PROM,"0,0%","100,0%",C,
719388,CABERGOLINA TABLETA 0.5MG ,0,0,0,0,0,0,0,0,0,0,0,0,0,12,"0,00",0,0,#DIV/0!,0,"0,0000",0,PROM,"0,0%","100,0%",C,
719453,CANULA TRAQUEOSTOMIA 3.0 PEDIATRICA TRACOE,0,0,0,0,0,0,0,0,0,0,0,0,0,12,"0,00",0,0,#DIV/0!,0,"0,0000",0,PROM,"0,0%","100,0%",C,
719470,MIRTAZAPINA TABLETA 15MG,0,0,0,0,0,0,0,0,0,0,0,0,0,12,"0,00",0,0,#DIV/0!,0,"0,0000",0,PROM,"0,0%","100,0%",C,
719531,VILDAGLIPTINA TABLETA 50MG,0,0,0,0,0,0,0,0,0,0,0,0,0,12,"0,00",0,0,#DIV/0!,0,"0,0000",0,PROM,"0,0%","100,0%",C,
719544,ACEITE DE PESCADO ENRIQUECIDO CON EPA Y DHA EMULSIÓN INYECTABLE 10%/100ML,0,0,0,0,0,0,0,0,0,0,0,0,0,12,"0,00",0,0,#DIV/0!,0,"0,0000",0,PROM,"0,0%","100,0%",C,
719625,LETROZOL 2.5 GR TABLETA,0,0,0,0,0,0,0,0,0,0,0,0,0,12,"0,00",0,0,#DIV/0!,0,"0,0000",0,PROM,"0,0%","100,0%",C,
719640,"(NUTREN PULMONARY SOLUCIÓN ORAL 1,5KCAL/1ML (375KCAL/250ML)) ALIMENTO LÍQUIDO P",0,0,0,0,0,0,0,0,0,0,0,0,0,12,"0,00",0,0,#DIV/0!,0,"0,0000",0,PROM,"0,0%","100,0%",C,
719646,DALTEPARINA SODICA 10.000 UI (ANTIFACTOR XA) SOL. INYECTABLE,0,0,0,0,0,0,0,0,0,0,0,0,0,12,"0,00",0,0,#DIV/0!,0,"0,0000",0,PROM,"0,0%","100,0%",C,
719710,OPSITE POST OP 25X10 CM,0,0,0,0,0,0,0,0,0,0,0,0,0,12,"0,00",0,0,#DIV/0!,0,"0,0000",0,PROM,"0,0%","100,0%",C,
719718,CICLOBENZAPRINA CÁPSULA 15MG,0,0,0,0,0,0,0,0,0,0,0,0,0,12,"0,00",0,0,#DIV/0!,0,"0,0000",0,PROM,"0,0%","100,0%",C,
719763,BUPIVACAINA/DEXTROSA 20% x 4ML SOL. INYECTABLE,0,0,0,0,0,0,0,0,0,0,0,0,0,12,"0,00",0,0,#DIV/0!,0,"0,0000",0,PROM,"0,0%","100,0%",C,
719767,"BUPIVACAINA 7,5% x 10ML  SOL. INYECTABLE",0,0,0,0,0,0,0,0,0,0,0,0,0,12,"0,00",0,0,#DIV/0!,0,"0,0000",0,PROM,"0,0%","100,0%",C,
719795,S/TRACH CARE 8 FR SISTEMA CERRADO - TRAQUEOSTOMIA NEONATOS,0,0,0,0,0,0,0,0,0,0,0,0,0,12,"0,00",0,0,#DIV/0!,0,"0,0000",0,PROM,"0,0%","100,0%",C,
719796,S/TRACH CARE 10 FR SISTEMA CERRADO - TRAQUEOSTOMIA PEDIATRICO,0,0,0,0,0,0,0,0,0,0,0,0,0,12,"0,00",0,0,#DIV/0!,0,"0,0000",0,PROM,"0,0%","100,0%",C,
719811,"DEXAMETASONA 0,75MG TABLETA ",0,0,0,0,0,0,0,0,0,0,0,0,0,12,"0,00",0,0,#DIV/0!,0,"0,0000",0,PROM,"0,0%","100,0%",C,
719828,CALCIO CARBONATO POLVO PARA SOLUCIÓN ORAL 500MG,0,0,0,0,0,0,0,0,0,0,0,0,0,12,"0,00",0,0,#DIV/0!,0,"0,0000",0,PROM,"0,0%","100,0%",C,
719921,BOLSA UROSTOMIA  57 CONVATEC,0,0,0,0,0,0,0,0,0,0,0,0,0,12,"0,00",0,0,#DIV/0!,0,"0,0000",0,PROM,"0,0%","100,0%",C,
719955,JUEGO DE CABLES DE ESTIMULACION URGENT PC REF: UPC-250,0,0,0,0,0,0,0,0,0,0,0,0,0,12,"0,00",0,0,#DIV/0!,0,"0,0000",0,PROM,"0,0%","100,0%",C,
719979,JERINGA INSUFLADORA  DOBLE BASIX COMPAK REF-IN 4330,0,0,0,0,0,0,0,0,0,0,0,0,0,12,"0,00",0,0,#DIV/0!,0,"0,0000",0,PROM,"0,0%","100,0%",C,
719984,CATETER MAHURKA CURVO 13.5FRX16.3 CM-8888135163,0,0,0,0,0,0,0,0,0,0,0,0,0,12,"0,00",0,0,#DIV/0!,0,"0,0000",0,PROM,"0,0%","100,0%",C,
720049,S/FOLEY 3V 22X30 SILICONADA,0,0,0,0,0,0,0,0,0,0,0,0,0,12,"0,00",0,0,#DIV/0!,0,"0,0000",0,PROM,"0,0%","100,0%",C,
720110,FLEXI-SEAL BOLSA PARA RECAMBIO  REF 411101,0,0,0,0,0,0,0,0,0,0,0,0,0,12,"0,00",0,0,#DIV/0!,0,"0,0000",0,PROM,"0,0%","100,0%",C,
720150,CATETER CENTRAL MONOLUMEN 22 (2FR) X4CM VENOSO/ARTERIAL- REF 1212-04 -VYGON,0,0,0,0,0,0,0,0,0,0,0,0,0,12,"0,00",0,0,#DIV/0!,0,"0,0000",0,PROM,"0,0%","100,0%",C,
720175,CANISTER 800ML UCIPHARMA,0,0,0,0,0,0,0,0,0,0,0,0,0,12,"0,00",0,0,#DIV/0!,0,"0,0000",0,PROM,"0,0%","100,0%",C,
720210,GLICINA 1.5% SOL. PARA IRRIGACION 3000 ML,0,0,0,0,0,0,0,0,0,0,0,0,0,12,"0,00",0,0,#DIV/0!,0,"0,0000",0,PROM,"0,0%","100,0%",C,
720224,ANASTROZOL 1 MG TABLETAS RECUBIERTAS,0,0,0,0,0,0,0,0,0,0,0,0,0,12,"0,00",0,0,#DIV/0!,0,"0,0000",0,PROM,"0,0%","100,0%",C,
720242,EZETIMIBA 10 MG TABLETA,0,0,0,0,0,0,0,0,0,0,0,0,0,12,"0,00",0,0,#DIV/0!,0,"0,0000",0,PROM,"0,0%","100,0%",C,
720249,PRAMIPEXOL DICLORHIDRATO MONOHIDRATO 0.75 MG TABLETA,0,0,0,0,0,0,0,0,0,0,0,0,0,12,"0,00",0,0,#DIV/0!,0,"0,0000",0,PROM,"0,0%","100,0%",C,
730005,BETAMETASONA DIPROPIONATO/FOSFATO (5+2) 7MG/2ML SUSPENSIÓN INYECTABLE,0,0,0,0,0,0,0,0,0,0,0,0,0,12,"0,00",0,0,#DIV/0!,0,"0,0000",0,PROM,"0,0%","100,0%",C,
730017,ACETAMINOFEN/TIOCOLCHICOSIDO TABLETA 325MG/4MG,0,0,0,0,0,0,0,0,0,0,0,0,0,12,"0,00",0,0,#DIV/0!,0,"0,0000",0,PROM,"0,0%","100,0%",C,
730019,PIRACETAM TABLETA 1200MG,0,0,0,0,0,0,0,0,0,0,0,0,0,12,"0,00",0,0,#DIV/0!,0,"0,0000",0,PROM,"0,0%","100,0%",C,
730024,LACOSAMIDA TABLETA 50MG,0,0,0,0,0,0,0,0,0,0,0,0,0,12,"0,00",0,0,#DIV/0!,0,"0,0000",0,PROM,"0,0%","100,0%",C,
730025,DEFERASIROX TABLETA 500MG,0,0,0,0,0,0,0,0,0,0,0,0,0,12,"0,00",0,0,#DIV/0!,0,"0,0000",0,PROM,"0,0%","100,0%",C,
730128,CATETER UMBILICAL 4.0 FR- VYGON,0,0,0,0,0,0,0,0,0,0,0,0,0,12,"0,00",0,0,#DIV/0!,0,"0,0000",0,PROM,"0,0%","100,0%",C,
730135,ETIONAMIDA 250MG TABLETA ,0,0,0,0,0,0,0,0,0,0,0,0,0,12,"0,00",0,0,#DIV/0!,0,"0,0000",0,PROM,"0,0%","100,0%",C,
730137,LEVOFLOZACINO TABLETA 250MG,0,0,0,0,0,0,0,0,0,0,0,0,0,12,"0,00",0,0,#DIV/0!,0,"0,0000",0,PROM,"0,0%","100,0%",C,
730140,PIRIMETAMINA TABLETA 25MG,0,0,0,0,0,0,0,0,0,0,0,0,0,12,"0,00",0,0,#DIV/0!,0,"0,0000",0,PROM,"0,0%","100,0%",C,
730142,PRIMAQUINA TABLETA 5MG,0,0,0,0,0,0,0,0,0,0,0,0,0,12,"0,00",0,0,#DIV/0!,0,"0,0000",0,PROM,"0,0%","100,0%",C,
730155,CAPREOMICINA 1G POLVO LIOFILIZADO ,0,0,0,0,0,0,0,0,0,0,0,0,0,12,"0,00",0,0,#DIV/0!,0,"0,0000",0,PROM,"0,0%","100,0%",C,
730190,APOSITO PERIFERICO IV3000 6X7CM,0,0,0,0,0,0,0,0,0,0,0,0,0,12,"0,00",0,0,#DIV/0!,0,"0,0000",0,PROM,"0,0%","100,0%",C,
730191,APOSITO PERIFERICO IV3000 10X12CM,0,0,0,0,0,0,0,0,0,0,0,0,0,12,"0,00",0,0,#DIV/0!,0,"0,0000",0,PROM,"0,0%","100,0%",C,
730198,CIPROFIBRATO TABLETA 100MG,0,0,0,0,0,0,0,0,0,0,0,0,0,12,"0,00",0,0,#DIV/0!,0,"0,0000",0,PROM,"0,0%","100,0%",C,
730236,CEFTRIAXONA/ SULBACTAM CON EDTA 1.5 G,0,0,0,0,0,0,0,0,0,0,0,0,0,12,"0,00",0,0,#DIV/0!,0,"0,0000",0,PROM,"0,0%","100,0%",C,
730238,MITOXANTRONA 20 MG/10 ML,0,0,0,0,0,0,0,0,0,0,0,0,0,12,"0,00",0,0,#DIV/0!,0,"0,0000",0,PROM,"0,0%","100,0%",C,
730252,JERINGA INSUFLADORA REF: 833103-COLMEDIKS,0,0,0,0,0,0,0,0,0,0,0,0,0,12,"0,00",0,0,#DIV/0!,0,"0,0000",0,PROM,"0,0%","100,0%",C,
770004,TRASTUZUMAB POLVO LIOFILIZADO 440MG (ONCOLOGICO),0,0,0,0,0,0,0,0,0,0,0,0,0,12,"0,00",0,0,#DIV/0!,0,"0,0000",0,PROM,"0,0%","100,0%",C,
770006,CAPECITABINA 500MG TABLETA ,0,0,0,0,0,0,0,0,0,0,0,0,0,12,"0,00",0,0,#DIV/0!,0,"0,0000",0,PROM,"0,0%","100,0%",C,
770011,BICALUTAMIDA TABLETA 50MG,0,0,0,0,0,0,0,0,0,0,0,0,0,12,"0,00",0,0,#DIV/0!,0,"0,0000",0,PROM,"0,0%","100,0%",C,
770023,EPIRRUBICINA 50MG/25ML SOL. INYECTABLE  ,0,0,0,0,0,0,0,0,0,0,0,0,0,12,"0,00",0,0,#DIV/0!,0,"0,0000",0,PROM,"0,0%","100,0%",C,
770025,VINCRISTINA 1MG/ML SOL. INYECTABLE,0,0,0,0,0,0,0,0,0,0,0,0,0,12,"0,00",0,0,#DIV/0!,0,"0,0000",0,PROM,"0,0%","100,0%",C,
770058,BEVACIZUMAB SOLUCIÓN INYECTABLE 100MG/4ML (ONCOLOGICO),0,0,0,0,0,0,0,0,0,0,0,0,0,12,"0,00",0,0,#DIV/0!,0,"0,0000",0,PROM,"0,0%","100,0%",C,
770069,DAUNORUBICINA POLVO LIOFILIZADO 20MG ,0,0,0,0,0,0,0,0,0,0,0,0,0,12,"0,00",0,0,#DIV/0!,0,"0,0000",0,PROM,"0,0%","100,0%",C,
770070,ASPARAGINASA 10.000 UI AMPOLLA,0,0,0,0,0,0,0,0,0,0,0,0,0,12,"0,00",0,0,#DIV/0!,0,"0,0000",0,PROM,"0,0%","100,0%",C,
770078,CITARABINA SOL. INYECTABLE 500MG,0,0,0,0,0,0,0,0,0,0,0,0,0,12,"0,00",0,0,#DIV/0!,0,"0,0000",0,PROM,"0,0%","100,0%",C,
770079,CETUXIMAB SOLUCIÓN INYECTABLE 100MG/100ML (ONCOLOGICO),0,0,0,0,0,0,0,0,0,0,0,0,0,12,"0,00",0,0,#DIV/0!,0,"0,0000",0,PROM,"0,0%","100,0%",C,
770085,LENALIDOMIDA 25 MG TABLETA,0,0,0,0,0,0,0,0,0,0,0,0,0,12,"0,00",0,0,#DIV/0!,0,"0,0000",0,PROM,"0,0%","100,0%",C,
770113,FLUDARABINA POLVO LIOFILIZADO 50MG,0,0,0,0,0,0,0,0,0,0,0,0,0,12,"0,00",0,0,#DIV/0!,0,"0,0000",0,PROM,"0,0%","100,0%",C,
770118,VINORELBINA SOLUCIÓN INYECTABLE 50MG/5ML (ONCOLOGICO),0,0,0,0,0,0,0,0,0,0,0,0,0,12,"0,00",0,0,#DIV/0!,0,"0,0000",0,PROM,"0,0%","100,0%",C,
770144,DARATUMUMAB 400 MG/ 20ML SOL. INYECTABLE,0,0,0,0,0,0,0,0,0,0,0,0,0,12,"0,00",0,0,#DIV/0!,0,"0,0000",0,PROM,"0,0%","100,0%",C,
770145,DARATUMUMAB 100 MG/ 5ML SOL. INYECTABLE,0,0,0,0,0,0,0,0,0,0,0,0,0,12,"0,00",0,0,#DIV/0!,0,"0,0000",0,PROM,"0,0%","100,0%",C,
770156,DASATINIB 100 MG / TABLETAS RECUBIERTAS ,0,0,0,0,0,0,0,0,0,0,0,0,0,12,"0,00",0,0,#DIV/0!,0,"0,0000",0,PROM,"0,0%","100,0%",C,
770159,FULVESTRANT SOLUCIÓN INYECTABLE 250MG/5ML,0,0,0,0,0,0,0,0,0,0,0,0,0,12,"0,00",0,0,#DIV/0!,0,"0,0000",0,PROM,"0,0%","100,0%",C,
770220,"PEGFILGRASTIM SOLUCIÓN INYECTABLE 6MG/0,6ML (KIT DE LIBERACIÓN CONTROLADA)",0,0,0,0,0,0,0,0,0,0,0,0,0,12,"0,00",0,0,#DIV/0!,0,"0,0000",0,PROM,"0,0%","100,0%",C,
770256,MELFALAN 2 MG TABLETAS,0,0,0,0,0,0,0,0,0,0,0,0,0,12,"0,00",0,0,#DIV/0!,0,"0,0000",0,PROM,"0,0%","100,0%",C,
770262,IMATINIB 100 MG TABLETA ,0,0,0,0,0,0,0,0,0,0,0,0,0,12,"0,00",0,0,#DIV/0!,0,"0,0000",0,PROM,"0,0%","100,0%",C,
770265,DASATINIB 70 MG TABLETAS RECUBIERTAS,0,0,0,0,0,0,0,0,0,0,0,0,0,12,"0,00",0,0,#DIV/0!,0,"0,0000",0,PROM,"0,0%","100,0%",C,
770268,AZACITIDINA 100MG  SOL. INYECTABLE ,0,0,0,0,0,0,0,0,0,0,0,0,0,12,"0,00",0,0,#DIV/0!,0,"0,0000",0,PROM,"0,0%","100,0%",C,
770269,PRALATREXATO SOLUCIÓN INYECTABLE 20MG/1ML (ONCOLOGICO),0,0,0,0,0,0,0,0,0,0,0,0,0,12,"0,00",0,0,#DIV/0!,0,"0,0000",0,PROM,"0,0%","100,0%",C,
770270,DASATINIB TABLETA 20MG (ONCOLOGICO),0,0,0,0,0,0,0,0,0,0,0,0,0,12,"0,00",0,0,#DIV/0!,0,"0,0000",0,PROM,"0,0%","100,0%",C,
770300,DACTINOMICINA 0.5 MG INYECTABLE,0,0,0,0,0,0,0,0,0,0,0,0,0,12,"0,00",0,0,#DIV/0!,0,"0,0000",0,PROM,"0,0%","100,0%",C,
1998145901,ANIDULAFUNGINA 100MG POLVO LIOFILIZADO 100MG,0,0,0,0,0,0,0,0,0,0,0,0,0,12,"0,00",0,0,#DIV/0!,0,"0,0000",0,PROM,"0,0%","100,0%",C,
00000007,OLANZAPINA TABLETA 5MG,0,0,0,0,0,0,0,0,0,0,0,0,0,12,"0,00",0,0,#DIV/0!,0,"0,0000",0,PROM,"0,0%","100,0%",C,
A0000013,FUSIDICO ÁCIDO CREMA TÓPICA 2%/15G,0,0,0,0,0,0,0,0,0,0,0,0,0,12,"0,00",0,0,#DIV/0!,0,"0,0000",0,PROM,"0,0%","100,0%",C,
A0000014,NALIDIXICO ÁCIDO SUSPENSIÓN ORAL 250MG/5ML (6000MG/120ML),0,0,0,0,0,0,0,0,0,0,0,0,0,12,"0,00",0,0,#DIV/0!,0,"0,0000",0,PROM,"0,0%","100,0%",C,
A0000029,ALENDRONATO SODICO TABLETA 70MG,0,0,0,0,0,0,0,0,0,0,0,0,0,12,"0,00",0,0,#DIV/0!,0,"0,0000",0,PROM,"0,0%","100,0%",C,
A0000031,ALFUZOSINA TABLETA DE LIBERACIÓN CONTROLADA 10MG,0,0,0,0,0,0,0,0,0,0,0,0,0,12,"0,00",0,0,#DIV/0!,0,"0,0000",0,PROM,"0,0%","100,0%",C,
A0000035,"ALUMINIO ACETATO LOCIÓN TOPICA 0,59G/100ML",0,0,0,0,0,0,0,0,0,0,0,0,0,12,"0,00",0,0,#DIV/0!,0,"0,0000",0,PROM,"0,0%","100,0%",C,
A0000046,AMPICILINA/SULBACTAM TABLETA 375MG,0,0,0,0,0,0,0,0,0,0,0,0,0,12,"0,00",0,0,#DIV/0!,0,"0,0000",0,PROM,"0,0%","100,0%",C,
A0000047,AMPICILINA/SULBACTAM TABLETA 750MG,0,0,0,0,0,0,0,0,0,0,0,0,0,12,"0,00",0,0,#DIV/0!,0,"0,0000",0,PROM,"0,0%","100,0%",C,
A003142,ACETILSALICILICO ÁCIDO TABLETA 500MG,0,0,0,0,0,0,0,0,0,0,0,0,0,12,"0,00",0,0,#DIV/0!,0,"0,0000",0,PROM,"0,0%","100,0%",C,
A025232,AMOXICILINA  250MG/5ML SUSPENSION ORAL,0,0,0,0,0,0,0,0,0,0,0,0,0,12,"0,00",0,0,#DIV/0!,0,"0,0000",0,PROM,"0,0%","100,0%",C,
A032721,L-ASPARAGINASA SOL. INYECTABLE 10.000 UI,0,0,0,0,0,0,0,0,0,0,0,0,0,12,"0,00",0,0,#DIV/0!,0,"0,0000",0,PROM,"0,0%","100,0%",C,
B0000001,BETAHISTINA TABLETA 8MG,0,0,0,0,0,0,0,0,0,0,0,0,0,12,"0,00",0,0,#DIV/0!,0,"0,0000",0,PROM,"0,0%","100,0%",C,
B0000012,IPRATROPIO/FENOTEROL SOL. PARA INHALACIÓN 20MCG/50MCG/1PUFF x 120PUFF,0,0,0,0,0,0,0,0,0,0,0,0,0,12,"0,00",0,0,#DIV/0!,0,"0,0000",0,PROM,"0,0%","100,0%",C,
B009701,BIPERIDENO 5MG/1ML SOL. INYECTABLE,0,0,0,0,0,0,0,0,0,0,0,0,0,12,"0,00",0,0,#DIV/0!,0,"0,0000",0,PROM,"0,0%","100,0%",C,
C0000011,"CEFOPERAZONA/SULBACTAM POLVO LIOFILIZADO 1,5G",0,0,0,0,0,0,0,0,0,0,0,0,0,12,"0,00",0,0,#DIV/0!,0,"0,0000",0,PROM,"0,0%","100,0%",C,
C0000017,CEFUROXIMA TABLETA 500MG,0,0,0,0,0,0,0,0,0,0,0,0,0,12,"0,00",0,0,#DIV/0!,0,"0,0000",0,PROM,"0,0%","100,0%",C,
C0000021,CIPROFLOXACINA/DEXAMETASONA SOLUCIÓN OFTÁLMICA 3MG/1MG/1ML (15MG/5MG/5ML),0,0,0,0,0,0,0,0,0,0,0,0,0,12,"0,00",0,0,#DIV/0!,0,"0,0000",0,PROM,"0,0%","100,0%",C,
C0000023,CIPROFLOXACINO 200 MG/10 ML SOL. INYECTABLE,0,0,0,0,0,0,0,0,0,0,0,0,0,12,"0,00",0,0,#DIV/0!,0,"0,0000",0,PROM,"0,0%","100,0%",C,
C0000037,CELECOXIB CÁPSULA 200MG,0,0,0,0,0,0,0,0,0,0,0,0,0,12,"0,00",0,0,#DIV/0!,0,"0,0000",0,PROM,"0,0%","100,0%",C,
C006251,CARBON ACTIVADO 500G GRANULOS PARA SUSPENCIÓN ORAL ,0,0,0,0,0,0,0,0,0,0,0,0,0,12,"0,00",0,0,#DIV/0!,0,"0,0000",0,PROM,"0,0%","100,0%",C,
C007721,CARBOPLATINO SOL. INYECTABLE 450MG ,0,0,0,0,0,0,0,0,0,0,0,0,0,12,"0,00",0,0,#DIV/0!,0,"0,0000",0,PROM,"0,0%","100,0%",C,
C009722,CEFRADINA 1G POLVO LIOFILIZADO ,0,0,0,0,0,0,0,0,0,0,0,0,0,12,"0,00",0,0,#DIV/0!,0,"0,0000",0,PROM,"0,0%","100,0%",C,
C013011,CICLOFOSFAMIDA 50 MG TABLETA,0,0,0,0,0,0,0,0,0,0,0,0,0,12,"0,00",0,0,#DIV/0!,0,"0,0000",0,PROM,"0,0%","100,0%",C,
C013721,CICLOFOSFAMIDA POLVO LIOFILIZADO 500MG,0,0,0,0,0,0,0,0,0,0,0,0,0,12,"0,00",0,0,#DIV/0!,0,"0,0000",0,PROM,"0,0%","100,0%",C,
C026221,CLORFENIRAMINA 2MG/5ML JARABE ,0,0,0,0,0,0,0,0,0,0,0,0,0,12,"0,00",0,0,#DIV/0!,0,"0,0000",0,PROM,"0,0%","100,0%",C,
C027011,CLORFENIRAMINA 4MG TABLETA ,0,0,0,0,0,0,0,0,0,0,0,0,0,12,"0,00",0,0,#DIV/0!,0,"0,0000",0,PROM,"0,0%","100,0%",C,
C03TNPOA,LEVONORGESTREL 0.75 MG TABLETA,0,0,0,0,0,0,0,0,0,0,0,0,0,12,"0,00",0,0,#DIV/0!,0,"0,0000",0,PROM,"0,0%","100,0%",C,
C042371,CROTAMITON LOCIÓN TOPICA 10%,0,0,0,0,0,0,0,0,0,0,0,0,0,12,"0,00",0,0,#DIV/0!,0,"0,0000",0,PROM,"0,0%","100,0%",C,
D0000001,DEFLAZACORT TABLETA 30MG,0,0,0,0,0,0,0,0,0,0,0,0,0,12,"0,00",0,0,#DIV/0!,0,"0,0000",0,PROM,"0,0%","100,0%",C,
D0000009,DILTIAZEM 180MG CAPSULA ,0,0,0,0,0,0,0,0,0,0,0,0,0,12,"0,00",0,0,#DIV/0!,0,"0,0000",0,PROM,"0,0%","100,0%",C,
D0000012,DILTIAZEM TABLETA DE LIBERACIÓN CONTROLADA 90MG,0,0,0,0,0,0,0,0,0,0,0,0,0,12,"0,00",0,0,#DIV/0!,0,"0,0000",0,PROM,"0,0%","100,0%",C,
D0000014,DIPIRONA TABLETA 500MG,0,0,0,0,0,0,0,0,0,0,0,0,0,12,"0,00",0,0,#DIV/0!,0,"0,0000",0,PROM,"0,0%","100,0%",C,
D0000028,DABIGATRAN CÁPSULA 110MG,0,0,0,0,0,0,0,0,0,0,0,0,0,12,"0,00",0,0,#DIV/0!,0,"0,0000",0,PROM,"0,0%","100,0%",C,
D0000029,DABIGATRAN CÁPSULA 75MG,0,0,0,0,0,0,0,0,0,0,0,0,0,12,"0,00",0,0,#DIV/0!,0,"0,0000",0,PROM,"0,0%","100,0%",C,
D001721,DACARBAZINA 200MG POLVO LIOFILIZADO ,0,0,0,0,0,0,0,0,0,0,0,0,0,12,"0,00",0,0,#DIV/0!,0,"0,0000",0,PROM,"0,0%","100,0%",C,
D016102,DICLOXACILINA 500MG CAPSULA ,0,0,0,0,0,0,0,0,0,0,0,0,0,12,"0,00",0,0,#DIV/0!,0,"0,0000",0,PROM,"0,0%","100,0%",C,
E0000031,RIVASTIGMINA TABLETA 3MG,0,0,0,0,0,0,0,0,0,0,0,0,0,12,"0,00",0,0,#DIV/0!,0,"0,0000",0,PROM,"0,0%","100,0%",C,
E0000036,ESZOPICLONA TABLETA 3MG,0,0,0,0,0,0,0,0,0,0,0,0,0,12,"0,00",0,0,#DIV/0!,0,"0,0000",0,PROM,"0,0%","100,0%",C,
E006141,ERGOTAMINA/CAFEINA 1MG/100MG (101MG) TABLETA,0,0,0,0,0,0,0,0,0,0,0,0,0,12,"0,00",0,0,#DIV/0!,0,"0,0000",0,PROM,"0,0%","100,0%",C,
E010722,ESTREPTOQUINASA 1.500.000UI POLVO LIOFILIZADO ,0,0,0,0,0,0,0,0,0,0,0,0,0,12,"0,00",0,0,#DIV/0!,0,"0,0000",0,PROM,"0,0%","100,0%",C,
F00000012,EXTRACTO ACUOSO DE TRITICUM VULGARE/2 FENOXIETANOL CREMA TOPICA 15%,0,0,0,0,0,0,0,0,0,0,0,0,0,12,"0,00",0,0,#DIV/0!,0,"0,0000",0,PROM,"0,0%","100,0%",C,
F0000020,FLUNARIZINA 10 MG TABLETA,0,0,0,0,0,0,0,0,0,0,0,0,0,12,"0,00",0,0,#DIV/0!,0,"0,0000",0,PROM,"0,0%","100,0%",C,
F000006,"HIDROCORTISONA/COLISTINA/NEOMICINA SUSPENSIÓN ÓTICA 0,5MG/1,58MG/5MG/15ML",0,0,0,0,0,0,0,0,0,0,0,0,0,12,"0,00",0,0,#DIV/0!,0,"0,0000",0,PROM,"0,0%","100,0%",C,
G0000003,GANCICLOVIR POLVO LIOFILIZADO 500MG,0,0,0,0,0,0,0,0,0,0,0,0,0,12,"0,00",0,0,#DIV/0!,0,"0,0000",0,PROM,"0,0%","100,0%",C,
G004011,GLIBENCLAMIDA 5MG TABLETA ,0,0,0,0,0,0,0,0,0,0,0,0,0,12,"0,00",0,0,#DIV/0!,0,"0,0000",0,PROM,"0,0%","100,0%",C,
I010721,INTERFERON ALFA-2B SOLUCIÓN INYECTABLE 3000000UI,0,0,0,0,0,0,0,0,0,0,0,0,0,12,"0,00",0,0,#DIV/0!,0,"0,0000",0,PROM,"0,0%","100,0%",C,
J000004,METFORMINA/SITAGLIPTINA TABLETA 500MG/50MG,0,0,0,0,0,0,0,0,0,0,0,0,0,12,"0,00",0,0,#DIV/0!,0,"0,0000",0,PROM,"0,0%","100,0%",C,
J000005,METFORMINA/SITAGLIPTINA TABLETA 850MG/50MG,0,0,0,0,0,0,0,0,0,0,0,0,0,12,"0,00",0,0,#DIV/0!,0,"0,0000",0,PROM,"0,0%","100,0%",C,
K003011,KETOTIFENO TABLETA 1MG,0,0,0,0,0,0,0,0,0,0,0,0,0,12,"0,00",0,0,#DIV/0!,0,"0,0000",0,PROM,"0,0%","100,0%",C,
K003220,KETOTIFENO JARABE 1MG/5ML (20MG/100ML),0,0,0,0,0,0,0,0,0,0,0,0,0,12,"0,00",0,0,#DIV/0!,0,"0,0000",0,PROM,"0,0%","100,0%",C,
L0000011,PREGABALINA TABLETA 300MG,0,0,0,0,0,0,0,0,0,0,0,0,0,12,"0,00",0,0,#DIV/0!,0,"0,0000",0,PROM,"0,0%","100,0%",C,
L001201,LAMIVUDINA SOLUCIÓN ORAL 10MG/1ML X 240ML,0,0,0,0,0,0,0,0,0,0,0,0,0,12,"0,00",0,0,#DIV/0!,0,"0,0000",0,PROM,"0,0%","100,0%",C,
M0000002,MELOXICAM TABLETA 15MG,0,0,0,0,0,0,0,0,0,0,0,0,0,12,"0,00",0,0,#DIV/0!,0,"0,0000",0,PROM,"0,0%","100,0%",C,
M0000008,MONTELUKAST TABLETA 10MG,0,0,0,0,0,0,0,0,0,0,0,0,0,12,"0,00",0,0,#DIV/0!,0,"0,0000",0,PROM,"0,0%","100,0%",C,
M0000010,MOXIFLOXACINO CLORHIDRATO SOLUCIÓN OFTÁLMICA 5MG/5ML,0,0,0,0,0,0,0,0,0,0,0,0,0,12,"0,00",0,0,#DIV/0!,0,"0,0000",0,PROM,"0,0%","100,0%",C,
M0000016,CARBON ACTIVADO/SIMETICONA CÁPSULA 250MG/80MG,0,0,0,0,0,0,0,0,0,0,0,0,0,12,"0,00",0,0,#DIV/0!,0,"0,0000",0,PROM,"0,0%","100,0%",C,
M0000019,MOMETASYN SPRAY NASAL   (MOMETASONA),0,0,0,0,0,0,0,0,0,0,0,0,0,12,"0,00",0,0,#DIV/0!,0,"0,0000",0,PROM,"0,0%","100,0%",C,
M0000021,"MELOXICAM SOLUCIÓN INYECTABLE 15MG/1,5ML",0,0,0,0,0,0,0,0,0,0,0,0,0,12,"0,00",0,0,#DIV/0!,0,"0,0000",0,PROM,"0,0%","100,0%",C,
M018722,METOTREXATE 500 MG POLVO LIOFILIZADO,0,0,0,0,0,0,0,0,0,0,0,0,0,12,"0,00",0,0,#DIV/0!,0,"0,0000",0,PROM,"0,0%","100,0%",C,
MAT052,CATETER SKATER 7FRX20CM/R.P,0,0,0,0,0,0,0,0,0,0,0,0,0,12,"0,00",0,0,#DIV/0!,0,"0,0000",0,PROM,"0,0%","100,0%",C,
N0000008,POLIETILENGLICOL POLVO PARA SOLUCIÓN ORAL 105G,0,0,0,0,0,0,0,0,0,0,0,0,0,12,"0,00",0,0,#DIV/0!,0,"0,0000",0,PROM,"0,0%","100,0%",C,
N0000011,"NADROPARINA SOLUCIÓN INYECTABLE 40MG/0,4ML",0,0,0,0,0,0,0,0,0,0,0,0,0,12,"0,00",0,0,#DIV/0!,0,"0,0000",0,PROM,"0,0%","100,0%",C,
N004701,"NEOSTIGMINA SOLUCIÓN INYECTABLE 0,5MG/1ML",0,0,0,0,0,0,0,0,0,0,0,0,0,12,"0,00",0,0,#DIV/0!,0,"0,0000",0,PROM,"0,0%","100,0%",C,
N008701,NIMODIPINO SOLUCIÓN INYECTABLE 10MG/50ML,0,0,0,0,0,0,0,0,0,0,0,0,0,12,"0,00",0,0,#DIV/0!,0,"0,0000",0,PROM,"0,0%","100,0%",C,
N009021,NISTATINA TABLETA 500.000UI,0,0,0,0,0,0,0,0,0,0,0,0,0,12,"0,00",0,0,#DIV/0!,0,"0,0000",0,PROM,"0,0%","100,0%",C,
N009501,NISTATINA OVULO VAGINAL 100000UI,0,0,0,0,0,0,0,0,0,0,0,0,0,12,"0,00",0,0,#DIV/0!,0,"0,0000",0,PROM,"0,0%","100,0%",C,
N010141,NITROFURANTOINA TABLETA 50MG,0,0,0,0,0,0,0,0,0,0,0,0,0,12,"0,00",0,0,#DIV/0!,0,"0,0000",0,PROM,"0,0%","100,0%",C,
N014011,NEVIRAPINA TABLETA 200MG,0,0,0,0,0,0,0,0,0,0,0,0,0,12,"0,00",0,0,#DIV/0!,0,"0,0000",0,PROM,"0,0%","100,0%",C,
P010221,PIPERAZINA JARABE 1G/5ML (12G/60ML),0,0,0,0,0,0,0,0,0,0,0,0,0,12,"0,00",0,0,#DIV/0!,0,"0,0000",0,PROM,"0,0%","100,0%",C,
P017141,SULFADOXINA/PIRIMETAMINA TABLETA 500NG/25MG,0,0,0,0,0,0,0,0,0,0,0,0,0,12,"0,00",0,0,#DIV/0!,0,"0,0000",0,PROM,"0,0%","100,0%",C,
P037011,PROPILTIOURACILO 50MG TABLETA,0,0,0,0,0,0,0,0,0,0,0,0,0,12,"0,00",0,0,#DIV/0!,0,"0,0000",0,PROM,"0,0%","100,0%",C,
PALIVIZ,PALIVIZUMAB POLVO LIOFILIZADO 100MG,0,0,0,0,0,0,0,0,0,0,0,0,0,12,"0,00",0,0,#DIV/0!,0,"0,0000",0,PROM,"0,0%","100,0%",C,
R0000008,ROCIVERINA TABLETA 10MG,0,0,0,0,0,0,0,0,0,0,0,0,0,12,"0,00",0,0,#DIV/0!,0,"0,0000",0,PROM,"0,0%","100,0%",C,
R0000013,ROSUVASTATINA TABLETA 10MG,0,0,0,0,0,0,0,0,0,0,0,0,0,12,"0,00",0,0,#DIV/0!,0,"0,0000",0,PROM,"0,0%","100,0%",C,
S0000004,SIMVASTATINA TABLETA 20MG,0,0,0,0,0,0,0,0,0,0,0,0,0,12,"0,00",0,0,#DIV/0!,0,"0,0000",0,PROM,"0,0%","100,0%",C,
S0000009,SUERO FISIOLOGICO NASAL  FCO. 30 ML,0,0,0,0,0,0,0,0,0,0,0,0,0,12,"0,00",0,0,#DIV/0!,0,"0,0000",0,PROM,"0,0%","100,0%",C,
S019601,SULFACETAMIDA SOLUCIÓN OFTÁLMICA 10%/15ML,0,0,0,0,0,0,0,0,0,0,0,0,0,12,"0,00",0,0,#DIV/0!,0,"0,0000",0,PROM,"0,0%","100,0%",C,
T0000004,TRAMADOL CÁPSULA 50MG,0,0,0,0,0,0,0,0,0,0,0,0,0,12,"0,00",0,0,#DIV/0!,0,"0,0000",0,PROM,"0,0%","100,0%",C,
T0000010,TOBRAMICINA/DEXAMETASONA SOLUCIÓN OFTÁLMICA 3MG/1MG/10ML,0,0,0,0,0,0,0,0,0,0,0,0,0,12,"0,00",0,0,#DIV/0!,0,"0,0000",0,PROM,"0,0%","100,0%",C,
T0000015,TIMOGLOBULINA POLVO LIOFILIZADO 25MG,0,0,0,0,0,0,0,0,0,0,0,0,0,12,"0,00",0,0,#DIV/0!,0,"0,0000",0,PROM,"0,0%","100,0%",C,
T0000018,THIOCTACID HR TBL. 600 MG   (ACIDO TIÓCTICO),0,0,0,0,0,0,0,0,0,0,0,0,0,12,"0,00",0,0,#DIV/0!,0,"0,0000",0,PROM,"0,0%","100,0%",C,
T004141,TEOFILINA CÁPSULA 300MG,0,0,0,0,0,0,0,0,0,0,0,0,0,12,"0,00",0,0,#DIV/0!,0,"0,0000",0,PROM,"0,0%","100,0%",C,
T006701,ENANTATO DE TESTOSTERONA 250 MG/ML INYECTABLE,0,0,0,0,0,0,0,0,0,0,0,0,0,12,"0,00",0,0,#DIV/0!,0,"0,0000",0,PROM,"0,0%","100,0%",C,
T025231,TRIMETOPRIM/SULFAMETOXASOL SUSPENSIÓN ORAL 40MG/200MG/5ML (960MG/4800MG/120ML),0,0,0,0,0,0,0,0,0,0,0,0,0,12,"0,00",0,0,#DIV/0!,0,"0,0000",0,PROM,"0,0%","100,0%",C,
V0000001,VALACICLOVIR TABLETA 500MG,0,0,0,0,0,0,0,0,0,0,0,0,0,12,"0,00",0,0,#DIV/0!,0,"0,0000",0,PROM,"0,0%","100,0%",C,
V002701,VACUNA RECOMBINANTE CONTRA HEPATITIS B 20MCG/1ML,0,0,0,0,0,0,0,0,0,0,0,0,0,12,"0,00",0,0,#DIV/0!,0,"0,0000",0,PROM,"0,0%","100,0%",C,
Z0000001,ZOLPIDEM 10MG TABLETA,0,0,0,0,0,0,0,0,0,0,0,0,0,12,"0,00",0,0,#DIV/0!,0,"0,0000",0,PROM,"0,0%","100,0%",C,
Z011142,ZIDOVUDINA TABLETA 300MG,0,0,0,0,0,0,0,0,0,0,0,0,0,12,"0,00",0,0,#DIV/0!,0,"0,0000",0,PROM,"0,0%","100,0%",C,
Z011142,ZIDOVUDINA TABLETA 300MG,0,0,0,0,0,0,0,0,0,0,0,0,0,12,"0,00",0,0,#DIV/0!,0,"0,0000",0,PROM,"0,0%","100,0%",C,
715571,ACIDO POLIACRILICO 0.2% GEL OFTALMICO ESTERIL,0,1,0,0,0,0,0,0,0,0,0,0,1,11,"0,16",-1,1,1,1,"0,2764",1,SUAV,"0,0%","100,0%",C,
MAT053,CATETER SKATER 8FR5X2CM REF 756508025/R.P,0,0,0,0,0,0,0,0,0,0,0,0,0,12,"0,00",0,0,#DIV/0!,0,"0,0000",0,PROM,"0,0%","100,0%",C,
700921,IOPRAMIDA 623.4MG/ML x 50ML,0,0,0,0,0,0,0,0,0,0,0,0,0,12,"0,00",0,0,#DIV/0!,0,"0,0000",0,PROM,"0,0%","100,0%",C,